[2025-11-07 21:45:16.099208] === Cross-Agent Fitness Evaluation Started ===
[2025-11-07 21:45:16.103501] Cross-Agent Evaluation Results: {"learning_optimizer": 92.19, "predictive_planner": 94.14, "symbolic_reasoner": 98.45, "proactive_nudge": 94.21, "auto_doc_agent": 98.87, "self_improvement_engine": 90.35}
[2025-11-07 21:45:16.109500] Average Fitness Score: 94.70%
[2025-11-07 21:45:16.113628] ⚠️  Performance below optimal threshold — triggering Evolution Auditor.
[2025-11-07 21:45:16.117180] === Evaluation Cycle Complete ===

[2025-11-07 21:59:26.219157] === Cross-Agent Fitness Evaluation Started ===
[2025-11-07 21:59:26.223585] Cross-Agent Evaluation Results: {"learning_optimizer": 98.31, "predictive_planner": 99.3, "symbolic_reasoner": 91.36, "proactive_nudge": 99.43, "auto_doc_agent": 99.25, "self_improvement_engine": 96.48}
[2025-11-07 21:59:26.227188] Average Fitness Score: 97.36%
[2025-11-07 21:59:26.230835] ✅  Performance optimal.
[2025-11-07 21:59:26.234159] === Evaluation Cycle Complete ===

[2025-11-07 21:59:26.252635] === Cross-Agent Fitness Evaluation Started ===
[2025-11-07 21:59:26.255468] Cross-Agent Evaluation Results: {"learning_optimizer": 93.21, "predictive_planner": 91.93, "symbolic_reasoner": 98.13, "proactive_nudge": 94.95, "auto_doc_agent": 90.59, "self_improvement_engine": 95.81}
[2025-11-07 21:59:26.258686] Average Fitness Score: 94.10%
[2025-11-07 21:59:26.262190] ⚠️  Performance below optimal threshold — triggering Evolution Auditor.
[2025-11-07 21:59:26.265374] === Evaluation Cycle Complete ===

[2025-11-07 21:59:26.418075] === Cross-Agent Fitness Evaluation Started ===
[2025-11-07 21:59:26.421494] Cross-Agent Evaluation Results: {"learning_optimizer": 93.41, "predictive_planner": 92.27, "symbolic_reasoner": 97.98, "proactive_nudge": 94.79, "auto_doc_agent": 98.03, "self_improvement_engine": 98.74}
[2025-11-07 21:59:26.424771] Average Fitness Score: 95.87%
[2025-11-07 21:59:26.427860] ✅  Performance optimal.
[2025-11-07 21:59:26.431066] === Evaluation Cycle Complete ===

[2025-11-07 22:59:19.346080] === Cross-Agent Fitness Evaluation Started ===
[2025-11-07 22:59:19.349798] Cross-Agent Evaluation Results: {"learning_optimizer": 95.67, "predictive_planner": 98.38, "symbolic_reasoner": 97.79, "proactive_nudge": 98.67, "auto_doc_agent": 99.36, "self_improvement_engine": 99.72}
[2025-11-07 22:59:19.352936] Average Fitness Score: 98.27%
[2025-11-07 22:59:19.358672] ✅  Performance optimal.
[2025-11-07 22:59:19.366492] === Evaluation Cycle Complete ===

[2025-11-07 22:59:19.413645] === Cross-Agent Fitness Evaluation Started ===
[2025-11-07 22:59:19.418021] Cross-Agent Evaluation Results: {"learning_optimizer": 90.1, "predictive_planner": 99.66, "symbolic_reasoner": 90.64, "proactive_nudge": 97.02, "auto_doc_agent": 97.7, "self_improvement_engine": 91.12}
[2025-11-07 22:59:19.421442] Average Fitness Score: 94.37%
[2025-11-07 22:59:19.425498] ⚠️  Performance below optimal threshold — triggering Evolution Auditor.
[2025-11-07 22:59:19.428320] === Evaluation Cycle Complete ===

[2025-11-07 22:59:19.691537] === Cross-Agent Fitness Evaluation Started ===
[2025-11-07 22:59:19.694302] Cross-Agent Evaluation Results: {"learning_optimizer": 95.66, "predictive_planner": 94.47, "symbolic_reasoner": 96.06, "proactive_nudge": 93.96, "auto_doc_agent": 95.57, "self_improvement_engine": 91.96}
[2025-11-07 22:59:19.698254] Average Fitness Score: 94.61%
[2025-11-07 22:59:19.702496] ⚠️  Performance below optimal threshold — triggering Evolution Auditor.
[2025-11-07 22:59:19.705986] === Evaluation Cycle Complete ===

[2025-11-07 23:59:23.470073] === Cross-Agent Fitness Evaluation Started ===
[2025-11-07 23:59:23.474572] Cross-Agent Evaluation Results: {"learning_optimizer": 92.59, "predictive_planner": 91.58, "symbolic_reasoner": 92.32, "proactive_nudge": 98.23, "auto_doc_agent": 96.87, "self_improvement_engine": 92.67}
[2025-11-07 23:59:23.478678] Average Fitness Score: 94.04%
[2025-11-07 23:59:23.482107] ⚠️  Performance below optimal threshold — triggering Evolution Auditor.
[2025-11-07 23:59:23.487643] === Evaluation Cycle Complete ===

[2025-11-07 23:59:23.556401] === Cross-Agent Fitness Evaluation Started ===
[2025-11-07 23:59:23.560868] Cross-Agent Evaluation Results: {"learning_optimizer": 96.12, "predictive_planner": 91.13, "symbolic_reasoner": 99.87, "proactive_nudge": 93.93, "auto_doc_agent": 94.7, "self_improvement_engine": 95.26}
[2025-11-07 23:59:23.564025] Average Fitness Score: 95.17%
[2025-11-07 23:59:23.567821] ✅  Performance optimal.
[2025-11-07 23:59:23.570944] === Evaluation Cycle Complete ===

[2025-11-07 23:59:23.590533] === Cross-Agent Fitness Evaluation Started ===
[2025-11-07 23:59:23.593705] Cross-Agent Evaluation Results: {"learning_optimizer": 92.33, "predictive_planner": 97.4, "symbolic_reasoner": 98.43, "proactive_nudge": 97.91, "auto_doc_agent": 90.77, "self_improvement_engine": 91.86}
[2025-11-07 23:59:23.596957] Average Fitness Score: 94.78%
[2025-11-07 23:59:23.600074] ⚠️  Performance below optimal threshold — triggering Evolution Auditor.
[2025-11-07 23:59:23.603223] === Evaluation Cycle Complete ===

[2025-11-08 00:59:23.038742] === Cross-Agent Fitness Evaluation Started ===
[2025-11-08 00:59:23.043162] Cross-Agent Evaluation Results: {"learning_optimizer": 91.03, "predictive_planner": 90.22, "symbolic_reasoner": 94.54, "proactive_nudge": 98.02, "auto_doc_agent": 90.04, "self_improvement_engine": 93.14}
[2025-11-08 00:59:23.046929] Average Fitness Score: 92.83%
[2025-11-08 00:59:23.050707] ⚠️  Performance below optimal threshold — triggering Evolution Auditor.
[2025-11-08 00:59:23.054286] === Evaluation Cycle Complete ===

[2025-11-08 00:59:23.140340] === Cross-Agent Fitness Evaluation Started ===
[2025-11-08 00:59:23.143768] Cross-Agent Evaluation Results: {"learning_optimizer": 92.79, "predictive_planner": 95.75, "symbolic_reasoner": 92.42, "proactive_nudge": 93.52, "auto_doc_agent": 99.13, "self_improvement_engine": 95.7}
[2025-11-08 00:59:23.148080] Average Fitness Score: 94.88%
[2025-11-08 00:59:23.151356] ⚠️  Performance below optimal threshold — triggering Evolution Auditor.
[2025-11-08 00:59:23.154413] === Evaluation Cycle Complete ===

[2025-11-08 00:59:23.464208] === Cross-Agent Fitness Evaluation Started ===
[2025-11-08 00:59:23.469723] Cross-Agent Evaluation Results: {"learning_optimizer": 94.96, "predictive_planner": 97.63, "symbolic_reasoner": 93.79, "proactive_nudge": 93.74, "auto_doc_agent": 91.2, "self_improvement_engine": 99.52}
[2025-11-08 00:59:23.473370] Average Fitness Score: 95.14%
[2025-11-08 00:59:23.476721] ✅  Performance optimal.
[2025-11-08 00:59:23.479874] === Evaluation Cycle Complete ===

[2025-11-08 01:59:19.831680] === Cross-Agent Fitness Evaluation Started ===
[2025-11-08 01:59:19.836601] Cross-Agent Evaluation Results: {"learning_optimizer": 93.09, "predictive_planner": 90.81, "symbolic_reasoner": 91.5, "proactive_nudge": 97.47, "auto_doc_agent": 94.98, "self_improvement_engine": 93.39}
[2025-11-08 01:59:19.840830] Average Fitness Score: 93.54%
[2025-11-08 01:59:19.845705] ⚠️  Performance below optimal threshold — triggering Evolution Auditor.
[2025-11-08 01:59:19.848949] === Evaluation Cycle Complete ===

[2025-11-08 01:59:19.915393] === Cross-Agent Fitness Evaluation Started ===
[2025-11-08 01:59:19.919007] Cross-Agent Evaluation Results: {"learning_optimizer": 90.08, "predictive_planner": 94.26, "symbolic_reasoner": 94.25, "proactive_nudge": 95.57, "auto_doc_agent": 97.46, "self_improvement_engine": 96.03}
[2025-11-08 01:59:19.922379] Average Fitness Score: 94.61%
[2025-11-08 01:59:19.925848] ⚠️  Performance below optimal threshold — triggering Evolution Auditor.
[2025-11-08 01:59:19.929141] === Evaluation Cycle Complete ===

[2025-11-08 01:59:20.104122] === Cross-Agent Fitness Evaluation Started ===
[2025-11-08 01:59:20.107333] Cross-Agent Evaluation Results: {"learning_optimizer": 93.86, "predictive_planner": 98.85, "symbolic_reasoner": 90.11, "proactive_nudge": 98.91, "auto_doc_agent": 93.27, "self_improvement_engine": 93.63}
[2025-11-08 01:59:20.110466] Average Fitness Score: 94.77%
[2025-11-08 01:59:20.113596] ⚠️  Performance below optimal threshold — triggering Evolution Auditor.
[2025-11-08 01:59:20.116854] === Evaluation Cycle Complete ===

[2025-11-08 02:59:20.312833] === Cross-Agent Fitness Evaluation Started ===
[2025-11-08 02:59:20.318751] Cross-Agent Evaluation Results: {"learning_optimizer": 97.79, "predictive_planner": 96.83, "symbolic_reasoner": 91.72, "proactive_nudge": 98.21, "auto_doc_agent": 98.87, "self_improvement_engine": 91.38}
[2025-11-08 02:59:20.322096] Average Fitness Score: 95.80%
[2025-11-08 02:59:20.325298] ✅  Performance optimal.
[2025-11-08 02:59:20.328014] === Evaluation Cycle Complete ===

[2025-11-08 02:59:20.360392] === Cross-Agent Fitness Evaluation Started ===
[2025-11-08 02:59:20.364413] Cross-Agent Evaluation Results: {"learning_optimizer": 95.83, "predictive_planner": 95.47, "symbolic_reasoner": 90.24, "proactive_nudge": 96.37, "auto_doc_agent": 97.41, "self_improvement_engine": 97.93}
[2025-11-08 02:59:20.367937] Average Fitness Score: 95.54%
[2025-11-08 02:59:20.371018] ✅  Performance optimal.
[2025-11-08 02:59:20.374100] === Evaluation Cycle Complete ===

[2025-11-08 02:59:20.525935] === Cross-Agent Fitness Evaluation Started ===
[2025-11-08 02:59:20.529340] Cross-Agent Evaluation Results: {"learning_optimizer": 99.49, "predictive_planner": 98.5, "symbolic_reasoner": 96.54, "proactive_nudge": 90.15, "auto_doc_agent": 91.02, "self_improvement_engine": 93.55}
[2025-11-08 02:59:20.532935] Average Fitness Score: 94.88%
[2025-11-08 02:59:20.536361] ⚠️  Performance below optimal threshold — triggering Evolution Auditor.
[2025-11-08 02:59:20.539235] === Evaluation Cycle Complete ===

[2025-11-08 03:59:18.123445] === Cross-Agent Fitness Evaluation Started ===
[2025-11-08 03:59:18.128533] Cross-Agent Evaluation Results: {"learning_optimizer": 92.18, "predictive_planner": 98.96, "symbolic_reasoner": 92.77, "proactive_nudge": 90.2, "auto_doc_agent": 91.26, "self_improvement_engine": 95.62}
[2025-11-08 03:59:18.132819] Average Fitness Score: 93.50%
[2025-11-08 03:59:18.136793] ⚠️  Performance below optimal threshold — triggering Evolution Auditor.
[2025-11-08 03:59:18.140953] === Evaluation Cycle Complete ===

[2025-11-08 03:59:18.401384] === Cross-Agent Fitness Evaluation Started ===
[2025-11-08 03:59:18.405608] Cross-Agent Evaluation Results: {"learning_optimizer": 95.21, "predictive_planner": 97.94, "symbolic_reasoner": 90.88, "proactive_nudge": 99.98, "auto_doc_agent": 98.13, "self_improvement_engine": 93.21}
[2025-11-08 03:59:18.409889] Average Fitness Score: 95.89%
[2025-11-08 03:59:18.414132] ✅  Performance optimal.
[2025-11-08 03:59:18.418390] === Evaluation Cycle Complete ===

[2025-11-08 03:59:18.425368] === Cross-Agent Fitness Evaluation Started ===
[2025-11-08 03:59:18.429140] Cross-Agent Evaluation Results: {"learning_optimizer": 97.03, "predictive_planner": 95.29, "symbolic_reasoner": 99.82, "proactive_nudge": 90.34, "auto_doc_agent": 99.82, "self_improvement_engine": 90.69}
[2025-11-08 03:59:18.433191] Average Fitness Score: 95.50%
[2025-11-08 03:59:18.437256] ✅  Performance optimal.
[2025-11-08 03:59:18.441326] === Evaluation Cycle Complete ===

[2025-11-08 04:59:25.571057] === Cross-Agent Fitness Evaluation Started ===
[2025-11-08 04:59:25.576344] Cross-Agent Evaluation Results: {"learning_optimizer": 90.15, "predictive_planner": 94.54, "symbolic_reasoner": 98.04, "proactive_nudge": 97.81, "auto_doc_agent": 93.81, "self_improvement_engine": 99.37}
[2025-11-08 04:59:25.580039] Average Fitness Score: 95.62%
[2025-11-08 04:59:25.584451] ✅  Performance optimal.
[2025-11-08 04:59:25.588596] === Evaluation Cycle Complete ===

[2025-11-08 04:59:25.732786] === Cross-Agent Fitness Evaluation Started ===
[2025-11-08 04:59:25.736900] Cross-Agent Evaluation Results: {"learning_optimizer": 92.34, "predictive_planner": 91.39, "symbolic_reasoner": 99.38, "proactive_nudge": 90.8, "auto_doc_agent": 93.46, "self_improvement_engine": 91.61}
[2025-11-08 04:59:25.740994] Average Fitness Score: 93.16%
[2025-11-08 04:59:25.744876] ⚠️  Performance below optimal threshold — triggering Evolution Auditor.
[2025-11-08 04:59:25.751401] === Evaluation Cycle Complete ===

[2025-11-08 04:59:25.799487] === Cross-Agent Fitness Evaluation Started ===
[2025-11-08 04:59:25.802845] Cross-Agent Evaluation Results: {"learning_optimizer": 99.02, "predictive_planner": 90.45, "symbolic_reasoner": 98.99, "proactive_nudge": 93.28, "auto_doc_agent": 99.69, "self_improvement_engine": 95.19}
[2025-11-08 04:59:25.806562] Average Fitness Score: 96.10%
[2025-11-08 04:59:25.810242] ✅  Performance optimal.
[2025-11-08 04:59:25.812935] === Evaluation Cycle Complete ===

[2025-11-08 05:59:24.482490] === Cross-Agent Fitness Evaluation Started ===
[2025-11-08 05:59:24.487777] Cross-Agent Evaluation Results: {"learning_optimizer": 91.66, "predictive_planner": 95.34, "symbolic_reasoner": 98.25, "proactive_nudge": 94.83, "auto_doc_agent": 99.88, "self_improvement_engine": 95.83}
[2025-11-08 05:59:24.491042] Average Fitness Score: 95.96%
[2025-11-08 05:59:24.494497] ✅  Performance optimal.
[2025-11-08 05:59:24.498481] === Evaluation Cycle Complete ===

[2025-11-08 05:59:25.015039] === Cross-Agent Fitness Evaluation Started ===
[2025-11-08 05:59:25.023751] Cross-Agent Evaluation Results: {"learning_optimizer": 98.15, "predictive_planner": 98.81, "symbolic_reasoner": 98.88, "proactive_nudge": 98.52, "auto_doc_agent": 96.18, "self_improvement_engine": 96.43}
[2025-11-08 05:59:25.029785] Average Fitness Score: 97.83%
[2025-11-08 05:59:25.033108] ✅  Performance optimal.
[2025-11-08 05:59:25.036396] === Evaluation Cycle Complete ===

[2025-11-08 05:59:25.055383] === Cross-Agent Fitness Evaluation Started ===
[2025-11-08 05:59:25.058819] Cross-Agent Evaluation Results: {"learning_optimizer": 93.33, "predictive_planner": 98.03, "symbolic_reasoner": 95.93, "proactive_nudge": 98.97, "auto_doc_agent": 97.32, "self_improvement_engine": 94.92}
[2025-11-08 05:59:25.063138] Average Fitness Score: 96.42%
[2025-11-08 05:59:25.066436] ✅  Performance optimal.
[2025-11-08 05:59:25.069734] === Evaluation Cycle Complete ===

[2025-11-08 06:59:24.121502] === Cross-Agent Fitness Evaluation Started ===
[2025-11-08 06:59:24.125758] Cross-Agent Evaluation Results: {"learning_optimizer": 95.48, "predictive_planner": 91.78, "symbolic_reasoner": 92.5, "proactive_nudge": 99.86, "auto_doc_agent": 96.6, "self_improvement_engine": 95.17}
[2025-11-08 06:59:24.129395] Average Fitness Score: 95.23%
[2025-11-08 06:59:24.133051] ✅  Performance optimal.
[2025-11-08 06:59:24.137088] === Evaluation Cycle Complete ===

[2025-11-08 06:59:24.693861] === Cross-Agent Fitness Evaluation Started ===
[2025-11-08 06:59:24.698984] Cross-Agent Evaluation Results: {"learning_optimizer": 91.5, "predictive_planner": 97.97, "symbolic_reasoner": 97.47, "proactive_nudge": 98.67, "auto_doc_agent": 92.26, "self_improvement_engine": 90.69}
[2025-11-08 06:59:24.705758] Average Fitness Score: 94.76%
[2025-11-08 06:59:24.709683] ⚠️  Performance below optimal threshold — triggering Evolution Auditor.
[2025-11-08 06:59:24.712961] === Evaluation Cycle Complete ===

[2025-11-08 06:59:24.811574] === Cross-Agent Fitness Evaluation Started ===
[2025-11-08 06:59:24.815881] Cross-Agent Evaluation Results: {"learning_optimizer": 99.24, "predictive_planner": 97.82, "symbolic_reasoner": 94.25, "proactive_nudge": 95.24, "auto_doc_agent": 98.46, "self_improvement_engine": 99.57}
[2025-11-08 06:59:24.819752] Average Fitness Score: 97.43%
[2025-11-08 06:59:24.823283] ✅  Performance optimal.
[2025-11-08 06:59:24.826075] === Evaluation Cycle Complete ===

[2025-11-08 07:59:18.894478] === Cross-Agent Fitness Evaluation Started ===
[2025-11-08 07:59:18.897543] Cross-Agent Evaluation Results: {"learning_optimizer": 96.18, "predictive_planner": 90.5, "symbolic_reasoner": 97.42, "proactive_nudge": 98.68, "auto_doc_agent": 99.88, "self_improvement_engine": 90.85}
[2025-11-08 07:59:18.901409] Average Fitness Score: 95.58%
[2025-11-08 07:59:18.906069] ✅  Performance optimal.
[2025-11-08 07:59:18.909649] === Evaluation Cycle Complete ===

[2025-11-08 07:59:19.076941] === Cross-Agent Fitness Evaluation Started ===
[2025-11-08 07:59:19.082109] Cross-Agent Evaluation Results: {"learning_optimizer": 91.3, "predictive_planner": 92.11, "symbolic_reasoner": 90.86, "proactive_nudge": 90.32, "auto_doc_agent": 98.81, "self_improvement_engine": 93.5}
[2025-11-08 07:59:19.085282] Average Fitness Score: 92.82%
[2025-11-08 07:59:19.088474] ⚠️  Performance below optimal threshold — triggering Evolution Auditor.
[2025-11-08 07:59:19.092043] === Evaluation Cycle Complete ===

[2025-11-08 07:59:19.210884] === Cross-Agent Fitness Evaluation Started ===
[2025-11-08 07:59:19.213921] Cross-Agent Evaluation Results: {"learning_optimizer": 97.9, "predictive_planner": 91.44, "symbolic_reasoner": 97.73, "proactive_nudge": 92.35, "auto_doc_agent": 99.48, "self_improvement_engine": 91.57}
[2025-11-08 07:59:19.216990] Average Fitness Score: 95.08%
[2025-11-08 07:59:19.219982] ✅  Performance optimal.
[2025-11-08 07:59:19.223677] === Evaluation Cycle Complete ===

[2025-11-08 08:59:23.617144] === Cross-Agent Fitness Evaluation Started ===
[2025-11-08 08:59:23.621100] Cross-Agent Evaluation Results: {"learning_optimizer": 94.5, "predictive_planner": 95.49, "symbolic_reasoner": 92.53, "proactive_nudge": 94.67, "auto_doc_agent": 96.03, "self_improvement_engine": 91.54}
[2025-11-08 08:59:23.624514] Average Fitness Score: 94.13%
[2025-11-08 08:59:23.628478] ⚠️  Performance below optimal threshold — triggering Evolution Auditor.
[2025-11-08 08:59:23.631748] === Evaluation Cycle Complete ===

[2025-11-08 08:59:23.655309] === Cross-Agent Fitness Evaluation Started ===
[2025-11-08 08:59:23.658775] Cross-Agent Evaluation Results: {"learning_optimizer": 90.57, "predictive_planner": 93.44, "symbolic_reasoner": 92.86, "proactive_nudge": 91.55, "auto_doc_agent": 99.51, "self_improvement_engine": 95.18}
[2025-11-08 08:59:23.662839] Average Fitness Score: 93.85%
[2025-11-08 08:59:23.665669] ⚠️  Performance below optimal threshold — triggering Evolution Auditor.
[2025-11-08 08:59:23.669441] === Evaluation Cycle Complete ===

[2025-11-08 08:59:23.887202] === Cross-Agent Fitness Evaluation Started ===
[2025-11-08 08:59:23.890820] Cross-Agent Evaluation Results: {"learning_optimizer": 92.38, "predictive_planner": 91.68, "symbolic_reasoner": 92.3, "proactive_nudge": 90.42, "auto_doc_agent": 98.53, "self_improvement_engine": 94.49}
[2025-11-08 08:59:23.894797] Average Fitness Score: 93.30%
[2025-11-08 08:59:23.898283] ⚠️  Performance below optimal threshold — triggering Evolution Auditor.
[2025-11-08 08:59:23.901868] === Evaluation Cycle Complete ===

[2025-11-08 09:59:23.414247] === Cross-Agent Fitness Evaluation Started ===
[2025-11-08 09:59:23.419862] Cross-Agent Evaluation Results: {"learning_optimizer": 92.91, "predictive_planner": 98.25, "symbolic_reasoner": 96.96, "proactive_nudge": 95.3, "auto_doc_agent": 99.92, "self_improvement_engine": 96.25}
[2025-11-08 09:59:23.423462] Average Fitness Score: 96.60%
[2025-11-08 09:59:23.426947] ✅  Performance optimal.
[2025-11-08 09:59:23.430314] === Evaluation Cycle Complete ===

[2025-11-08 09:59:23.711546] === Cross-Agent Fitness Evaluation Started ===
[2025-11-08 09:59:23.714491] Cross-Agent Evaluation Results: {"learning_optimizer": 90.69, "predictive_planner": 91.61, "symbolic_reasoner": 95.71, "proactive_nudge": 95.28, "auto_doc_agent": 91.43, "self_improvement_engine": 98.59}
[2025-11-08 09:59:23.717503] Average Fitness Score: 93.88%
[2025-11-08 09:59:23.721449] ⚠️  Performance below optimal threshold — triggering Evolution Auditor.
[2025-11-08 09:59:23.725044] === Evaluation Cycle Complete ===

[2025-11-08 09:59:23.757801] === Cross-Agent Fitness Evaluation Started ===
[2025-11-08 09:59:23.760655] Cross-Agent Evaluation Results: {"learning_optimizer": 94.51, "predictive_planner": 99.63, "symbolic_reasoner": 97.93, "proactive_nudge": 96.74, "auto_doc_agent": 96.63, "self_improvement_engine": 97.59}
[2025-11-08 09:59:23.763840] Average Fitness Score: 97.17%
[2025-11-08 09:59:23.767007] ✅  Performance optimal.
[2025-11-08 09:59:23.770130] === Evaluation Cycle Complete ===

[2025-11-08 10:59:20.576134] === Cross-Agent Fitness Evaluation Started ===
[2025-11-08 10:59:20.582512] Cross-Agent Evaluation Results: {"learning_optimizer": 90.96, "predictive_planner": 93.77, "symbolic_reasoner": 98.17, "proactive_nudge": 93.55, "auto_doc_agent": 94.58, "self_improvement_engine": 92.89}
[2025-11-08 10:59:20.586035] Average Fitness Score: 93.99%
[2025-11-08 10:59:20.590112] ⚠️  Performance below optimal threshold — triggering Evolution Auditor.
[2025-11-08 10:59:20.594283] === Evaluation Cycle Complete ===

[2025-11-08 10:59:20.922460] === Cross-Agent Fitness Evaluation Started ===
[2025-11-08 10:59:20.926793] Cross-Agent Evaluation Results: {"learning_optimizer": 95.24, "predictive_planner": 99.21, "symbolic_reasoner": 93.29, "proactive_nudge": 90.5, "auto_doc_agent": 92.87, "self_improvement_engine": 91.88}
[2025-11-08 10:59:20.930329] Average Fitness Score: 93.83%
[2025-11-08 10:59:20.934657] ⚠️  Performance below optimal threshold — triggering Evolution Auditor.
[2025-11-08 10:59:20.938852] === Evaluation Cycle Complete ===

[2025-11-08 10:59:21.223543] === Cross-Agent Fitness Evaluation Started ===
[2025-11-08 10:59:21.226711] Cross-Agent Evaluation Results: {"learning_optimizer": 95.34, "predictive_planner": 97.42, "symbolic_reasoner": 95.96, "proactive_nudge": 93.0, "auto_doc_agent": 91.79, "self_improvement_engine": 95.45}
[2025-11-08 10:59:21.229810] Average Fitness Score: 94.83%
[2025-11-08 10:59:21.232859] ⚠️  Performance below optimal threshold — triggering Evolution Auditor.
[2025-11-08 10:59:21.235974] === Evaluation Cycle Complete ===

[2025-11-08 11:59:20.600626] === Cross-Agent Fitness Evaluation Started ===
[2025-11-08 11:59:20.604819] Cross-Agent Evaluation Results: {"learning_optimizer": 99.68, "predictive_planner": 98.8, "symbolic_reasoner": 97.56, "proactive_nudge": 91.94, "auto_doc_agent": 98.7, "self_improvement_engine": 99.69}
[2025-11-08 11:59:20.608156] Average Fitness Score: 97.73%
[2025-11-08 11:59:20.612178] ✅  Performance optimal.
[2025-11-08 11:59:20.616283] === Evaluation Cycle Complete ===

[2025-11-08 11:59:20.884654] === Cross-Agent Fitness Evaluation Started ===
[2025-11-08 11:59:20.888855] Cross-Agent Evaluation Results: {"learning_optimizer": 93.16, "predictive_planner": 96.5, "symbolic_reasoner": 92.13, "proactive_nudge": 93.12, "auto_doc_agent": 97.89, "self_improvement_engine": 92.86}
[2025-11-08 11:59:20.892420] Average Fitness Score: 94.28%
[2025-11-08 11:59:20.898774] ⚠️  Performance below optimal threshold — triggering Evolution Auditor.
[2025-11-08 11:59:20.901892] === Evaluation Cycle Complete ===

[2025-11-08 11:59:20.905270] === Cross-Agent Fitness Evaluation Started ===
[2025-11-08 11:59:20.907726] Cross-Agent Evaluation Results: {"learning_optimizer": 99.19, "predictive_planner": 92.52, "symbolic_reasoner": 93.77, "proactive_nudge": 98.02, "auto_doc_agent": 97.79, "self_improvement_engine": 96.47}
[2025-11-08 11:59:20.911989] Average Fitness Score: 96.29%
[2025-11-08 11:59:20.915255] ✅  Performance optimal.
[2025-11-08 11:59:20.918605] === Evaluation Cycle Complete ===

[2025-11-08 12:59:21.489275] === Cross-Agent Fitness Evaluation Started ===
[2025-11-08 12:59:21.494004] Cross-Agent Evaluation Results: {"learning_optimizer": 98.01, "predictive_planner": 99.27, "symbolic_reasoner": 98.35, "proactive_nudge": 94.59, "auto_doc_agent": 98.13, "self_improvement_engine": 99.6}
[2025-11-08 12:59:21.497502] Average Fitness Score: 97.99%
[2025-11-08 12:59:21.501861] ✅  Performance optimal.
[2025-11-08 12:59:21.506317] === Evaluation Cycle Complete ===

[2025-11-08 12:59:21.802273] === Cross-Agent Fitness Evaluation Started ===
[2025-11-08 12:59:21.806396] Cross-Agent Evaluation Results: {"learning_optimizer": 96.47, "predictive_planner": 97.93, "symbolic_reasoner": 96.59, "proactive_nudge": 94.14, "auto_doc_agent": 93.24, "self_improvement_engine": 96.64}
[2025-11-08 12:59:21.810050] Average Fitness Score: 95.83%
[2025-11-08 12:59:21.813954] ✅  Performance optimal.
[2025-11-08 12:59:21.818069] === Evaluation Cycle Complete ===

[2025-11-08 12:59:21.899651] === Cross-Agent Fitness Evaluation Started ===
[2025-11-08 12:59:21.903189] Cross-Agent Evaluation Results: {"learning_optimizer": 98.2, "predictive_planner": 91.03, "symbolic_reasoner": 91.4, "proactive_nudge": 96.36, "auto_doc_agent": 96.23, "self_improvement_engine": 91.43}
[2025-11-08 12:59:21.907376] Average Fitness Score: 94.11%
[2025-11-08 12:59:21.911652] ⚠️  Performance below optimal threshold — triggering Evolution Auditor.
[2025-11-08 12:59:21.917666] === Evaluation Cycle Complete ===

[2025-11-08 13:59:20.242219] === Cross-Agent Fitness Evaluation Started ===
[2025-11-08 13:59:20.246572] Cross-Agent Evaluation Results: {"learning_optimizer": 98.49, "predictive_planner": 93.24, "symbolic_reasoner": 97.13, "proactive_nudge": 91.3, "auto_doc_agent": 91.57, "self_improvement_engine": 94.89}
[2025-11-08 13:59:20.250117] Average Fitness Score: 94.44%
[2025-11-08 13:59:20.253294] ⚠️  Performance below optimal threshold — triggering Evolution Auditor.
[2025-11-08 13:59:20.256442] === Evaluation Cycle Complete ===

[2025-11-08 13:59:20.267312] === Cross-Agent Fitness Evaluation Started ===
[2025-11-08 13:59:20.270790] Cross-Agent Evaluation Results: {"learning_optimizer": 93.32, "predictive_planner": 92.43, "symbolic_reasoner": 92.19, "proactive_nudge": 92.86, "auto_doc_agent": 94.04, "self_improvement_engine": 95.07}
[2025-11-08 13:59:20.274659] Average Fitness Score: 93.32%
[2025-11-08 13:59:20.278113] ⚠️  Performance below optimal threshold — triggering Evolution Auditor.
[2025-11-08 13:59:20.281268] === Evaluation Cycle Complete ===

[2025-11-08 13:59:20.289107] === Cross-Agent Fitness Evaluation Started ===
[2025-11-08 13:59:20.292292] Cross-Agent Evaluation Results: {"learning_optimizer": 92.19, "predictive_planner": 95.52, "symbolic_reasoner": 97.63, "proactive_nudge": 91.54, "auto_doc_agent": 99.2, "self_improvement_engine": 93.23}
[2025-11-08 13:59:20.295568] Average Fitness Score: 94.88%
[2025-11-08 13:59:20.298688] ⚠️  Performance below optimal threshold — triggering Evolution Auditor.
[2025-11-08 13:59:20.301919] === Evaluation Cycle Complete ===

[2025-11-08 14:59:18.683118] === Cross-Agent Fitness Evaluation Started ===
[2025-11-08 14:59:18.689135] Cross-Agent Evaluation Results: {"learning_optimizer": 90.58, "predictive_planner": 96.32, "symbolic_reasoner": 92.47, "proactive_nudge": 97.45, "auto_doc_agent": 98.56, "self_improvement_engine": 94.27}
[2025-11-08 14:59:18.692316] Average Fitness Score: 94.94%
[2025-11-08 14:59:18.695474] ⚠️  Performance below optimal threshold — triggering Evolution Auditor.
[2025-11-08 14:59:18.698665] === Evaluation Cycle Complete ===

[2025-11-08 14:59:19.020592] === Cross-Agent Fitness Evaluation Started ===
[2025-11-08 14:59:19.023747] Cross-Agent Evaluation Results: {"learning_optimizer": 98.05, "predictive_planner": 98.04, "symbolic_reasoner": 95.98, "proactive_nudge": 90.81, "auto_doc_agent": 94.67, "self_improvement_engine": 93.58}
[2025-11-08 14:59:19.026882] Average Fitness Score: 95.19%
[2025-11-08 14:59:19.029921] ✅  Performance optimal.
[2025-11-08 14:59:19.033016] === Evaluation Cycle Complete ===

[2025-11-08 14:59:19.222061] === Cross-Agent Fitness Evaluation Started ===
[2025-11-08 14:59:19.225450] Cross-Agent Evaluation Results: {"learning_optimizer": 97.85, "predictive_planner": 94.02, "symbolic_reasoner": 94.34, "proactive_nudge": 90.84, "auto_doc_agent": 96.71, "self_improvement_engine": 98.79}
[2025-11-08 14:59:19.229349] Average Fitness Score: 95.42%
[2025-11-08 14:59:19.232975] ✅  Performance optimal.
[2025-11-08 14:59:19.236557] === Evaluation Cycle Complete ===

[2025-11-08 15:59:18.676062] === Cross-Agent Fitness Evaluation Started ===
[2025-11-08 15:59:18.684006] === Cross-Agent Fitness Evaluation Started ===
[2025-11-08 15:59:18.690057] Cross-Agent Evaluation Results: {"learning_optimizer": 92.65, "predictive_planner": 99.28, "symbolic_reasoner": 97.76, "proactive_nudge": 97.7, "auto_doc_agent": 90.65, "self_improvement_engine": 95.67}
[2025-11-08 15:59:18.694551] Cross-Agent Evaluation Results: {"learning_optimizer": 99.03, "predictive_planner": 91.76, "symbolic_reasoner": 90.32, "proactive_nudge": 91.62, "auto_doc_agent": 92.53, "self_improvement_engine": 90.12}
[2025-11-08 15:59:18.698769] Average Fitness Score: 95.62%
[2025-11-08 15:59:18.702675] Average Fitness Score: 92.56%
[2025-11-08 15:59:18.706453] ✅  Performance optimal.
[2025-11-08 15:59:18.710120] ⚠️  Performance below optimal threshold — triggering Evolution Auditor.
[2025-11-08 15:59:18.713686] === Evaluation Cycle Complete ===

[2025-11-08 15:59:18.717206] === Evaluation Cycle Complete ===

[2025-11-08 15:59:18.808062] === Cross-Agent Fitness Evaluation Started ===
[2025-11-08 15:59:18.811516] Cross-Agent Evaluation Results: {"learning_optimizer": 93.76, "predictive_planner": 99.0, "symbolic_reasoner": 91.31, "proactive_nudge": 92.56, "auto_doc_agent": 91.78, "self_improvement_engine": 91.83}
[2025-11-08 15:59:18.815371] Average Fitness Score: 93.37%
[2025-11-08 15:59:18.818043] ⚠️  Performance below optimal threshold — triggering Evolution Auditor.
[2025-11-08 15:59:18.821961] === Evaluation Cycle Complete ===

[2025-11-08 16:59:24.613403] === Cross-Agent Fitness Evaluation Started ===
[2025-11-08 16:59:24.618092] Cross-Agent Evaluation Results: {"learning_optimizer": 98.12, "predictive_planner": 94.83, "symbolic_reasoner": 96.0, "proactive_nudge": 96.76, "auto_doc_agent": 98.98, "self_improvement_engine": 93.35}
[2025-11-08 16:59:24.622482] Average Fitness Score: 96.34%
[2025-11-08 16:59:24.625885] ✅  Performance optimal.
[2025-11-08 16:59:24.629738] === Evaluation Cycle Complete ===

[2025-11-08 16:59:24.770073] === Cross-Agent Fitness Evaluation Started ===
[2025-11-08 16:59:24.773510] Cross-Agent Evaluation Results: {"learning_optimizer": 97.2, "predictive_planner": 90.29, "symbolic_reasoner": 93.19, "proactive_nudge": 90.08, "auto_doc_agent": 98.39, "self_improvement_engine": 90.67}
[2025-11-08 16:59:24.776617] Average Fitness Score: 93.30%
[2025-11-08 16:59:24.779931] ⚠️  Performance below optimal threshold — triggering Evolution Auditor.
[2025-11-08 16:59:24.783126] === Evaluation Cycle Complete ===

[2025-11-08 16:59:24.889792] === Cross-Agent Fitness Evaluation Started ===
[2025-11-08 16:59:24.893294] Cross-Agent Evaluation Results: {"learning_optimizer": 90.68, "predictive_planner": 98.25, "symbolic_reasoner": 97.12, "proactive_nudge": 97.1, "auto_doc_agent": 93.85, "self_improvement_engine": 97.66}
[2025-11-08 16:59:24.895688] Average Fitness Score: 95.78%
[2025-11-08 16:59:24.898769] ✅  Performance optimal.
[2025-11-08 16:59:24.901857] === Evaluation Cycle Complete ===

[2025-11-08 17:59:26.500660] === Cross-Agent Fitness Evaluation Started ===
[2025-11-08 17:59:26.505458] Cross-Agent Evaluation Results: {"learning_optimizer": 91.66, "predictive_planner": 90.11, "symbolic_reasoner": 98.3, "proactive_nudge": 93.59, "auto_doc_agent": 93.79, "self_improvement_engine": 93.63}
[2025-11-08 17:59:26.508681] Average Fitness Score: 93.51%
[2025-11-08 17:59:26.511927] ⚠️  Performance below optimal threshold — triggering Evolution Auditor.
[2025-11-08 17:59:26.515139] === Evaluation Cycle Complete ===

[2025-11-08 17:59:26.842526] === Cross-Agent Fitness Evaluation Started ===
[2025-11-08 17:59:26.845983] Cross-Agent Evaluation Results: {"learning_optimizer": 94.77, "predictive_planner": 99.81, "symbolic_reasoner": 99.45, "proactive_nudge": 98.74, "auto_doc_agent": 96.57, "self_improvement_engine": 93.94}
[2025-11-08 17:59:26.849816] Average Fitness Score: 97.21%
[2025-11-08 17:59:26.854497] ✅  Performance optimal.
[2025-11-08 17:59:26.857699] === Evaluation Cycle Complete ===

[2025-11-08 17:59:26.997549] === Cross-Agent Fitness Evaluation Started ===
[2025-11-08 17:59:27.000881] Cross-Agent Evaluation Results: {"learning_optimizer": 95.78, "predictive_planner": 94.79, "symbolic_reasoner": 91.08, "proactive_nudge": 95.57, "auto_doc_agent": 94.27, "self_improvement_engine": 95.19}
[2025-11-08 17:59:27.003860] Average Fitness Score: 94.45%
[2025-11-08 17:59:27.006999] ⚠️  Performance below optimal threshold — triggering Evolution Auditor.
[2025-11-08 17:59:27.010220] === Evaluation Cycle Complete ===

[2025-11-08 18:59:19.410907] === Cross-Agent Fitness Evaluation Started ===
[2025-11-08 18:59:19.414141] === Cross-Agent Fitness Evaluation Started ===
[2025-11-08 18:59:19.417944] Cross-Agent Evaluation Results: {"learning_optimizer": 93.82, "predictive_planner": 98.52, "symbolic_reasoner": 98.24, "proactive_nudge": 91.63, "auto_doc_agent": 90.08, "self_improvement_engine": 91.9}
[2025-11-08 18:59:19.421879] Cross-Agent Evaluation Results: {"learning_optimizer": 94.6, "predictive_planner": 98.29, "symbolic_reasoner": 90.6, "proactive_nudge": 94.05, "auto_doc_agent": 97.1, "self_improvement_engine": 96.76}
[2025-11-08 18:59:19.426700] Average Fitness Score: 94.03%
[2025-11-08 18:59:19.431938] Average Fitness Score: 95.23%
[2025-11-08 18:59:19.435536] ⚠️  Performance below optimal threshold — triggering Evolution Auditor.
[2025-11-08 18:59:19.437376] ✅  Performance optimal.
[2025-11-08 18:59:19.439666] === Evaluation Cycle Complete ===

[2025-11-08 18:59:19.442212] === Evaluation Cycle Complete ===

[2025-11-08 18:59:19.527586] === Cross-Agent Fitness Evaluation Started ===
[2025-11-08 18:59:19.531207] Cross-Agent Evaluation Results: {"learning_optimizer": 93.36, "predictive_planner": 99.61, "symbolic_reasoner": 93.55, "proactive_nudge": 98.39, "auto_doc_agent": 99.59, "self_improvement_engine": 97.39}
[2025-11-08 18:59:19.534559] Average Fitness Score: 96.98%
[2025-11-08 18:59:19.537789] ✅  Performance optimal.
[2025-11-08 18:59:19.540822] === Evaluation Cycle Complete ===

[2025-11-08 19:59:19.666218] === Cross-Agent Fitness Evaluation Started ===
[2025-11-08 19:59:19.671844] Cross-Agent Evaluation Results: {"learning_optimizer": 94.42, "predictive_planner": 95.67, "symbolic_reasoner": 98.99, "proactive_nudge": 92.32, "auto_doc_agent": 92.38, "self_improvement_engine": 92.77}
[2025-11-08 19:59:19.675795] Average Fitness Score: 94.42%
[2025-11-08 19:59:19.678956] ⚠️  Performance below optimal threshold — triggering Evolution Auditor.
[2025-11-08 19:59:19.682744] === Evaluation Cycle Complete ===

[2025-11-08 19:59:20.289336] === Cross-Agent Fitness Evaluation Started ===
[2025-11-08 19:59:20.292770] Cross-Agent Evaluation Results: {"learning_optimizer": 96.41, "predictive_planner": 98.45, "symbolic_reasoner": 95.25, "proactive_nudge": 99.12, "auto_doc_agent": 96.13, "self_improvement_engine": 97.86}
[2025-11-08 19:59:20.295910] Average Fitness Score: 97.20%
[2025-11-08 19:59:20.298981] ✅  Performance optimal.
[2025-11-08 19:59:20.302060] === Evaluation Cycle Complete ===

[2025-11-08 19:59:20.637549] === Cross-Agent Fitness Evaluation Started ===
[2025-11-08 19:59:20.640740] Cross-Agent Evaluation Results: {"learning_optimizer": 92.45, "predictive_planner": 99.98, "symbolic_reasoner": 99.42, "proactive_nudge": 90.43, "auto_doc_agent": 97.08, "self_improvement_engine": 94.21}
[2025-11-08 19:59:20.643834] Average Fitness Score: 95.60%
[2025-11-08 19:59:20.646923] ✅  Performance optimal.
[2025-11-08 19:59:20.650057] === Evaluation Cycle Complete ===

[2025-11-08 20:59:18.899071] === Cross-Agent Fitness Evaluation Started ===
[2025-11-08 20:59:18.902347] Cross-Agent Evaluation Results: {"learning_optimizer": 96.82, "predictive_planner": 99.37, "symbolic_reasoner": 94.69, "proactive_nudge": 91.66, "auto_doc_agent": 91.47, "self_improvement_engine": 99.33}
[2025-11-08 20:59:18.910633] Average Fitness Score: 95.56%
[2025-11-08 20:59:18.915094] ✅  Performance optimal.
[2025-11-08 20:59:18.918352] === Evaluation Cycle Complete ===

[2025-11-08 20:59:19.102399] === Cross-Agent Fitness Evaluation Started ===
[2025-11-08 20:59:19.106698] Cross-Agent Evaluation Results: {"learning_optimizer": 94.07, "predictive_planner": 93.88, "symbolic_reasoner": 96.62, "proactive_nudge": 90.81, "auto_doc_agent": 92.53, "self_improvement_engine": 95.12}
[2025-11-08 20:59:19.109727] Average Fitness Score: 93.84%
[2025-11-08 20:59:19.112810] ⚠️  Performance below optimal threshold — triggering Evolution Auditor.
[2025-11-08 20:59:19.116309] === Evaluation Cycle Complete ===

[2025-11-08 20:59:19.121530] === Cross-Agent Fitness Evaluation Started ===
[2025-11-08 20:59:19.125710] Cross-Agent Evaluation Results: {"learning_optimizer": 94.78, "predictive_planner": 97.63, "symbolic_reasoner": 99.42, "proactive_nudge": 97.52, "auto_doc_agent": 92.47, "self_improvement_engine": 97.01}
[2025-11-08 20:59:19.128961] Average Fitness Score: 96.47%
[2025-11-08 20:59:19.132195] ✅  Performance optimal.
[2025-11-08 20:59:19.135404] === Evaluation Cycle Complete ===

[2025-11-08 21:59:17.883211] === Cross-Agent Fitness Evaluation Started ===
[2025-11-08 21:59:17.890095] Cross-Agent Evaluation Results: {"learning_optimizer": 96.43, "predictive_planner": 90.47, "symbolic_reasoner": 99.48, "proactive_nudge": 99.91, "auto_doc_agent": 96.28, "self_improvement_engine": 90.81}
[2025-11-08 21:59:17.896495] Average Fitness Score: 95.56%
[2025-11-08 21:59:17.902664] ✅  Performance optimal.
[2025-11-08 21:59:17.908648] === Evaluation Cycle Complete ===

[2025-11-08 21:59:18.075537] === Cross-Agent Fitness Evaluation Started ===
[2025-11-08 21:59:18.081354] === Cross-Agent Fitness Evaluation Started ===
[2025-11-08 21:59:18.085676] Cross-Agent Evaluation Results: {"learning_optimizer": 92.3, "predictive_planner": 93.76, "symbolic_reasoner": 99.21, "proactive_nudge": 93.12, "auto_doc_agent": 91.04, "self_improvement_engine": 97.03}
[2025-11-08 21:59:18.091312] Cross-Agent Evaluation Results: {"learning_optimizer": 90.96, "predictive_planner": 96.37, "symbolic_reasoner": 97.47, "proactive_nudge": 90.96, "auto_doc_agent": 94.65, "self_improvement_engine": 98.52}
[2025-11-08 21:59:18.096627] Average Fitness Score: 94.41%
[2025-11-08 21:59:18.102208] Average Fitness Score: 94.82%
[2025-11-08 21:59:18.107525] ⚠️  Performance below optimal threshold — triggering Evolution Auditor.
[2025-11-08 21:59:18.110920] ⚠️  Performance below optimal threshold — triggering Evolution Auditor.
[2025-11-08 21:59:18.116172] === Evaluation Cycle Complete ===

[2025-11-08 21:59:18.120228] === Evaluation Cycle Complete ===

[2025-11-08 22:59:20.902935] === Cross-Agent Fitness Evaluation Started ===
[2025-11-08 22:59:20.908299] Cross-Agent Evaluation Results: {"learning_optimizer": 97.27, "predictive_planner": 92.15, "symbolic_reasoner": 93.48, "proactive_nudge": 92.29, "auto_doc_agent": 90.83, "self_improvement_engine": 97.41}
[2025-11-08 22:59:20.911630] Average Fitness Score: 93.91%
[2025-11-08 22:59:20.915707] ⚠️  Performance below optimal threshold — triggering Evolution Auditor.
[2025-11-08 22:59:20.918934] === Evaluation Cycle Complete ===

[2025-11-08 22:59:21.116840] === Cross-Agent Fitness Evaluation Started ===
[2025-11-08 22:59:21.120824] Cross-Agent Evaluation Results: {"learning_optimizer": 93.14, "predictive_planner": 96.49, "symbolic_reasoner": 96.09, "proactive_nudge": 91.96, "auto_doc_agent": 93.73, "self_improvement_engine": 97.16}
[2025-11-08 22:59:21.125332] Average Fitness Score: 94.76%
[2025-11-08 22:59:21.129780] ⚠️  Performance below optimal threshold — triggering Evolution Auditor.
[2025-11-08 22:59:21.134696] === Evaluation Cycle Complete ===

[2025-11-08 22:59:21.299873] === Cross-Agent Fitness Evaluation Started ===
[2025-11-08 22:59:21.302485] Cross-Agent Evaluation Results: {"learning_optimizer": 99.41, "predictive_planner": 97.76, "symbolic_reasoner": 99.58, "proactive_nudge": 98.76, "auto_doc_agent": 92.86, "self_improvement_engine": 94.39}
[2025-11-08 22:59:21.306906] Average Fitness Score: 97.13%
[2025-11-08 22:59:21.310830] ✅  Performance optimal.
[2025-11-08 22:59:21.315593] === Evaluation Cycle Complete ===

[2025-11-08 23:59:23.527543] === Cross-Agent Fitness Evaluation Started ===
[2025-11-08 23:59:23.530624] Cross-Agent Evaluation Results: {"learning_optimizer": 95.31, "predictive_planner": 95.64, "symbolic_reasoner": 93.9, "proactive_nudge": 92.58, "auto_doc_agent": 97.01, "self_improvement_engine": 91.08}
[2025-11-08 23:59:23.535014] Average Fitness Score: 94.25%
[2025-11-08 23:59:23.538993] ⚠️  Performance below optimal threshold — triggering Evolution Auditor.
[2025-11-08 23:59:23.542912] === Evaluation Cycle Complete ===

[2025-11-08 23:59:23.779240] === Cross-Agent Fitness Evaluation Started ===
[2025-11-08 23:59:23.782855] Cross-Agent Evaluation Results: {"learning_optimizer": 96.73, "predictive_planner": 91.87, "symbolic_reasoner": 92.79, "proactive_nudge": 96.52, "auto_doc_agent": 98.56, "self_improvement_engine": 95.78}
[2025-11-08 23:59:23.786252] Average Fitness Score: 95.38%
[2025-11-08 23:59:23.789528] ✅  Performance optimal.
[2025-11-08 23:59:23.792796] === Evaluation Cycle Complete ===

[2025-11-08 23:59:23.900624] === Cross-Agent Fitness Evaluation Started ===
[2025-11-08 23:59:23.904243] Cross-Agent Evaluation Results: {"learning_optimizer": 97.36, "predictive_planner": 97.94, "symbolic_reasoner": 93.3, "proactive_nudge": 90.42, "auto_doc_agent": 91.57, "self_improvement_engine": 92.21}
[2025-11-08 23:59:23.907438] Average Fitness Score: 93.80%
[2025-11-08 23:59:23.910522] ⚠️  Performance below optimal threshold — triggering Evolution Auditor.
[2025-11-08 23:59:23.913578] === Evaluation Cycle Complete ===

[2025-11-09 00:59:22.016303] === Cross-Agent Fitness Evaluation Started ===
[2025-11-09 00:59:22.019999] Cross-Agent Evaluation Results: {"learning_optimizer": 96.02, "predictive_planner": 96.69, "symbolic_reasoner": 91.64, "proactive_nudge": 92.0, "auto_doc_agent": 96.17, "self_improvement_engine": 99.67}
[2025-11-09 00:59:22.023452] Average Fitness Score: 95.37%
[2025-11-09 00:59:22.026863] ✅  Performance optimal.
[2025-11-09 00:59:22.030083] === Evaluation Cycle Complete ===

[2025-11-09 00:59:22.036030] === Cross-Agent Fitness Evaluation Started ===
[2025-11-09 00:59:22.038961] Cross-Agent Evaluation Results: {"learning_optimizer": 90.5, "predictive_planner": 98.34, "symbolic_reasoner": 94.43, "proactive_nudge": 96.07, "auto_doc_agent": 90.95, "self_improvement_engine": 98.92}
[2025-11-09 00:59:22.042886] Average Fitness Score: 94.87%
[2025-11-09 00:59:22.046470] ⚠️  Performance below optimal threshold — triggering Evolution Auditor.
[2025-11-09 00:59:22.049722] === Evaluation Cycle Complete ===

[2025-11-09 00:59:22.312539] === Cross-Agent Fitness Evaluation Started ===
[2025-11-09 00:59:22.315479] Cross-Agent Evaluation Results: {"learning_optimizer": 92.48, "predictive_planner": 96.02, "symbolic_reasoner": 95.5, "proactive_nudge": 93.68, "auto_doc_agent": 98.03, "self_improvement_engine": 96.14}
[2025-11-09 00:59:22.319448] Average Fitness Score: 95.31%
[2025-11-09 00:59:22.322599] ✅  Performance optimal.
[2025-11-09 00:59:22.325858] === Evaluation Cycle Complete ===

[2025-11-09 01:59:21.448935] === Cross-Agent Fitness Evaluation Started ===
[2025-11-09 01:59:21.452233] Cross-Agent Evaluation Results: {"learning_optimizer": 90.65, "predictive_planner": 92.52, "symbolic_reasoner": 99.79, "proactive_nudge": 99.74, "auto_doc_agent": 98.03, "self_improvement_engine": 96.75}
[2025-11-09 01:59:21.456382] Average Fitness Score: 96.25%
[2025-11-09 01:59:21.459760] ✅  Performance optimal.
[2025-11-09 01:59:21.463201] === Evaluation Cycle Complete ===

[2025-11-09 01:59:21.938243] === Cross-Agent Fitness Evaluation Started ===
[2025-11-09 01:59:21.941995] Cross-Agent Evaluation Results: {"learning_optimizer": 99.81, "predictive_planner": 90.06, "symbolic_reasoner": 92.0, "proactive_nudge": 90.87, "auto_doc_agent": 99.1, "self_improvement_engine": 97.1}
[2025-11-09 01:59:21.945438] Average Fitness Score: 94.82%
[2025-11-09 01:59:21.948701] ⚠️  Performance below optimal threshold — triggering Evolution Auditor.
[2025-11-09 01:59:21.951991] === Evaluation Cycle Complete ===

[2025-11-09 01:59:22.177514] === Cross-Agent Fitness Evaluation Started ===
[2025-11-09 01:59:22.180723] Cross-Agent Evaluation Results: {"learning_optimizer": 90.72, "predictive_planner": 96.25, "symbolic_reasoner": 98.89, "proactive_nudge": 97.98, "auto_doc_agent": 99.72, "self_improvement_engine": 90.71}
[2025-11-09 01:59:22.183854] Average Fitness Score: 95.71%
[2025-11-09 01:59:22.186969] ✅  Performance optimal.
[2025-11-09 01:59:22.190202] === Evaluation Cycle Complete ===

[2025-11-09 02:59:20.893737] === Cross-Agent Fitness Evaluation Started ===
[2025-11-09 02:59:20.896520] Cross-Agent Evaluation Results: {"learning_optimizer": 91.96, "predictive_planner": 92.69, "symbolic_reasoner": 95.17, "proactive_nudge": 92.98, "auto_doc_agent": 98.33, "self_improvement_engine": 90.3}
[2025-11-09 02:59:20.900340] Average Fitness Score: 93.57%
[2025-11-09 02:59:20.904295] ⚠️  Performance below optimal threshold — triggering Evolution Auditor.
[2025-11-09 02:59:20.907946] === Evaluation Cycle Complete ===

[2025-11-09 02:59:20.975948] === Cross-Agent Fitness Evaluation Started ===
[2025-11-09 02:59:20.979345] Cross-Agent Evaluation Results: {"learning_optimizer": 90.4, "predictive_planner": 95.0, "symbolic_reasoner": 94.69, "proactive_nudge": 92.79, "auto_doc_agent": 99.98, "self_improvement_engine": 93.24}
[2025-11-09 02:59:20.982491] Average Fitness Score: 94.35%
[2025-11-09 02:59:20.985606] ⚠️  Performance below optimal threshold — triggering Evolution Auditor.
[2025-11-09 02:59:20.988832] === Evaluation Cycle Complete ===

[2025-11-09 02:59:21.084700] === Cross-Agent Fitness Evaluation Started ===
[2025-11-09 02:59:21.087750] Cross-Agent Evaluation Results: {"learning_optimizer": 90.49, "predictive_planner": 94.74, "symbolic_reasoner": 95.1, "proactive_nudge": 97.29, "auto_doc_agent": 99.77, "self_improvement_engine": 94.73}
[2025-11-09 02:59:21.091093] Average Fitness Score: 95.35%
[2025-11-09 02:59:21.094257] ✅  Performance optimal.
[2025-11-09 02:59:21.097445] === Evaluation Cycle Complete ===

[2025-11-09 03:59:19.725748] === Cross-Agent Fitness Evaluation Started ===
[2025-11-09 03:59:19.730941] Cross-Agent Evaluation Results: {"learning_optimizer": 98.8, "predictive_planner": 98.74, "symbolic_reasoner": 90.87, "proactive_nudge": 91.2, "auto_doc_agent": 93.34, "self_improvement_engine": 90.6}
[2025-11-09 03:59:19.734333] Average Fitness Score: 93.92%
[2025-11-09 03:59:19.738681] ⚠️  Performance below optimal threshold — triggering Evolution Auditor.
[2025-11-09 03:59:19.742159] === Evaluation Cycle Complete ===

[2025-11-09 03:59:19.817586] === Cross-Agent Fitness Evaluation Started ===
[2025-11-09 03:59:19.820927] Cross-Agent Evaluation Results: {"learning_optimizer": 96.59, "predictive_planner": 98.7, "symbolic_reasoner": 99.25, "proactive_nudge": 95.17, "auto_doc_agent": 99.89, "self_improvement_engine": 90.82}
[2025-11-09 03:59:19.825233] Average Fitness Score: 96.74%
[2025-11-09 03:59:19.829285] ✅  Performance optimal.
[2025-11-09 03:59:19.833328] === Evaluation Cycle Complete ===

[2025-11-09 03:59:20.003331] === Cross-Agent Fitness Evaluation Started ===
[2025-11-09 03:59:20.007449] Cross-Agent Evaluation Results: {"learning_optimizer": 97.99, "predictive_planner": 92.81, "symbolic_reasoner": 91.21, "proactive_nudge": 98.07, "auto_doc_agent": 95.78, "self_improvement_engine": 98.31}
[2025-11-09 03:59:20.011853] Average Fitness Score: 95.69%
[2025-11-09 03:59:20.015861] ✅  Performance optimal.
[2025-11-09 03:59:20.018636] === Evaluation Cycle Complete ===

[2025-11-09 04:59:24.984629] === Cross-Agent Fitness Evaluation Started ===
[2025-11-09 04:59:24.993349] Cross-Agent Evaluation Results: {"learning_optimizer": 96.7, "predictive_planner": 92.2, "symbolic_reasoner": 94.24, "proactive_nudge": 91.94, "auto_doc_agent": 95.48, "self_improvement_engine": 93.5}
[2025-11-09 04:59:24.996607] Average Fitness Score: 94.01%
[2025-11-09 04:59:24.999954] ⚠️  Performance below optimal threshold — triggering Evolution Auditor.
[2025-11-09 04:59:25.003170] === Evaluation Cycle Complete ===

[2025-11-09 04:59:25.025312] === Cross-Agent Fitness Evaluation Started ===
[2025-11-09 04:59:25.028604] Cross-Agent Evaluation Results: {"learning_optimizer": 93.35, "predictive_planner": 98.63, "symbolic_reasoner": 91.69, "proactive_nudge": 96.02, "auto_doc_agent": 94.49, "self_improvement_engine": 94.56}
[2025-11-09 04:59:25.032761] Average Fitness Score: 94.79%
[2025-11-09 04:59:25.035837] ⚠️  Performance below optimal threshold — triggering Evolution Auditor.
[2025-11-09 04:59:25.039263] === Evaluation Cycle Complete ===

[2025-11-09 04:59:25.509458] === Cross-Agent Fitness Evaluation Started ===
[2025-11-09 04:59:25.512696] Cross-Agent Evaluation Results: {"learning_optimizer": 98.71, "predictive_planner": 96.78, "symbolic_reasoner": 90.25, "proactive_nudge": 92.46, "auto_doc_agent": 92.45, "self_improvement_engine": 91.84}
[2025-11-09 04:59:25.515793] Average Fitness Score: 93.75%
[2025-11-09 04:59:25.518903] ⚠️  Performance below optimal threshold — triggering Evolution Auditor.
[2025-11-09 04:59:25.521964] === Evaluation Cycle Complete ===

[2025-11-09 05:59:26.746417] === Cross-Agent Fitness Evaluation Started ===
[2025-11-09 05:59:26.750776] Cross-Agent Evaluation Results: {"learning_optimizer": 91.18, "predictive_planner": 91.86, "symbolic_reasoner": 94.02, "proactive_nudge": 96.45, "auto_doc_agent": 97.53, "self_improvement_engine": 96.04}
[2025-11-09 05:59:26.755371] Average Fitness Score: 94.51%
[2025-11-09 05:59:26.759892] ⚠️  Performance below optimal threshold — triggering Evolution Auditor.
[2025-11-09 05:59:26.763767] === Evaluation Cycle Complete ===

[2025-11-09 05:59:26.767821] === Cross-Agent Fitness Evaluation Started ===
[2025-11-09 05:59:26.772729] Cross-Agent Evaluation Results: {"learning_optimizer": 95.11, "predictive_planner": 95.58, "symbolic_reasoner": 96.77, "proactive_nudge": 93.4, "auto_doc_agent": 90.53, "self_improvement_engine": 99.31}
[2025-11-09 05:59:26.776548] Average Fitness Score: 95.12%
[2025-11-09 05:59:26.780736] ✅  Performance optimal.
[2025-11-09 05:59:26.786004] === Evaluation Cycle Complete ===

[2025-11-09 05:59:26.826499] === Cross-Agent Fitness Evaluation Started ===
[2025-11-09 05:59:26.830700] Cross-Agent Evaluation Results: {"learning_optimizer": 91.45, "predictive_planner": 92.14, "symbolic_reasoner": 94.5, "proactive_nudge": 98.41, "auto_doc_agent": 91.5, "self_improvement_engine": 91.97}
[2025-11-09 05:59:26.834695] Average Fitness Score: 93.33%
[2025-11-09 05:59:26.838925] ⚠️  Performance below optimal threshold — triggering Evolution Auditor.
[2025-11-09 05:59:26.843302] === Evaluation Cycle Complete ===

[2025-11-09 06:59:23.608900] === Cross-Agent Fitness Evaluation Started ===
[2025-11-09 06:59:23.613737] Cross-Agent Evaluation Results: {"learning_optimizer": 95.97, "predictive_planner": 90.79, "symbolic_reasoner": 90.8, "proactive_nudge": 96.57, "auto_doc_agent": 97.31, "self_improvement_engine": 91.9}
[2025-11-09 06:59:23.616943] Average Fitness Score: 93.89%
[2025-11-09 06:59:23.621481] ⚠️  Performance below optimal threshold — triggering Evolution Auditor.
[2025-11-09 06:59:23.624788] === Evaluation Cycle Complete ===

[2025-11-09 06:59:23.653186] === Cross-Agent Fitness Evaluation Started ===
[2025-11-09 06:59:23.657505] Cross-Agent Evaluation Results: {"learning_optimizer": 95.63, "predictive_planner": 99.02, "symbolic_reasoner": 96.17, "proactive_nudge": 97.62, "auto_doc_agent": 96.35, "self_improvement_engine": 91.91}
[2025-11-09 06:59:23.661118] Average Fitness Score: 96.12%
[2025-11-09 06:59:23.665340] ✅  Performance optimal.
[2025-11-09 06:59:23.668963] === Evaluation Cycle Complete ===

[2025-11-09 06:59:23.694063] === Cross-Agent Fitness Evaluation Started ===
[2025-11-09 06:59:23.697731] Cross-Agent Evaluation Results: {"learning_optimizer": 91.47, "predictive_planner": 94.43, "symbolic_reasoner": 90.95, "proactive_nudge": 93.49, "auto_doc_agent": 98.88, "self_improvement_engine": 92.62}
[2025-11-09 06:59:23.701156] Average Fitness Score: 93.64%
[2025-11-09 06:59:23.704525] ⚠️  Performance below optimal threshold — triggering Evolution Auditor.
[2025-11-09 06:59:23.708813] === Evaluation Cycle Complete ===

[2025-11-09 07:59:25.530681] === Cross-Agent Fitness Evaluation Started ===
[2025-11-09 07:59:25.535746] Cross-Agent Evaluation Results: {"learning_optimizer": 93.9, "predictive_planner": 96.73, "symbolic_reasoner": 96.63, "proactive_nudge": 96.78, "auto_doc_agent": 92.17, "self_improvement_engine": 94.73}
[2025-11-09 07:59:25.545748] Average Fitness Score: 95.16%
[2025-11-09 07:59:25.549618] ✅  Performance optimal.
[2025-11-09 07:59:25.553180] === Evaluation Cycle Complete ===

[2025-11-09 07:59:25.672279] === Cross-Agent Fitness Evaluation Started ===
[2025-11-09 07:59:25.676312] Cross-Agent Evaluation Results: {"learning_optimizer": 91.2, "predictive_planner": 90.59, "symbolic_reasoner": 91.42, "proactive_nudge": 91.16, "auto_doc_agent": 90.59, "self_improvement_engine": 90.59}
[2025-11-09 07:59:25.679994] Average Fitness Score: 90.92%
[2025-11-09 07:59:25.683169] ⚠️  Performance below optimal threshold — triggering Evolution Auditor.
[2025-11-09 07:59:25.686316] === Evaluation Cycle Complete ===

[2025-11-09 07:59:25.724283] === Cross-Agent Fitness Evaluation Started ===
[2025-11-09 07:59:25.728099] Cross-Agent Evaluation Results: {"learning_optimizer": 95.26, "predictive_planner": 92.4, "symbolic_reasoner": 92.6, "proactive_nudge": 94.52, "auto_doc_agent": 97.2, "self_improvement_engine": 92.01}
[2025-11-09 07:59:25.731987] Average Fitness Score: 94.00%
[2025-11-09 07:59:25.735825] ⚠️  Performance below optimal threshold — triggering Evolution Auditor.
[2025-11-09 07:59:25.739454] === Evaluation Cycle Complete ===

[2025-11-09 08:59:29.743132] === Cross-Agent Fitness Evaluation Started ===
[2025-11-09 08:59:29.748740] Cross-Agent Evaluation Results: {"learning_optimizer": 94.58, "predictive_planner": 93.23, "symbolic_reasoner": 96.79, "proactive_nudge": 98.17, "auto_doc_agent": 90.43, "self_improvement_engine": 91.56}
[2025-11-09 08:59:29.754494] Average Fitness Score: 94.13%
[2025-11-09 08:59:29.757762] === Cross-Agent Fitness Evaluation Started ===
[2025-11-09 08:59:29.761027] Cross-Agent Evaluation Results: {"learning_optimizer": 95.76, "predictive_planner": 93.35, "symbolic_reasoner": 99.98, "proactive_nudge": 91.07, "auto_doc_agent": 90.88, "self_improvement_engine": 98.7}
[2025-11-09 08:59:29.764191] ⚠️  Performance below optimal threshold — triggering Evolution Auditor.
[2025-11-09 08:59:29.766747] Average Fitness Score: 94.96%
[2025-11-09 08:59:29.769814] === Evaluation Cycle Complete ===

[2025-11-09 08:59:29.774106] ⚠️  Performance below optimal threshold — triggering Evolution Auditor.
[2025-11-09 08:59:29.777626] === Evaluation Cycle Complete ===

[2025-11-09 08:59:29.921501] === Cross-Agent Fitness Evaluation Started ===
[2025-11-09 08:59:29.924787] Cross-Agent Evaluation Results: {"learning_optimizer": 90.78, "predictive_planner": 91.12, "symbolic_reasoner": 94.26, "proactive_nudge": 96.27, "auto_doc_agent": 90.19, "self_improvement_engine": 95.68}
[2025-11-09 08:59:29.928284] Average Fitness Score: 93.05%
[2025-11-09 08:59:29.931485] ⚠️  Performance below optimal threshold — triggering Evolution Auditor.
[2025-11-09 08:59:29.936687] === Evaluation Cycle Complete ===

[2025-11-09 09:59:29.974959] === Cross-Agent Fitness Evaluation Started ===
[2025-11-09 09:59:29.978784] Cross-Agent Evaluation Results: {"learning_optimizer": 98.9, "predictive_planner": 95.29, "symbolic_reasoner": 99.82, "proactive_nudge": 98.1, "auto_doc_agent": 93.22, "self_improvement_engine": 95.82}
[2025-11-09 09:59:29.981917] Average Fitness Score: 96.86%
[2025-11-09 09:59:29.984628] ✅  Performance optimal.
[2025-11-09 09:59:29.988481] === Evaluation Cycle Complete ===

[2025-11-09 09:59:30.039779] === Cross-Agent Fitness Evaluation Started ===
[2025-11-09 09:59:30.046494] Cross-Agent Evaluation Results: {"learning_optimizer": 90.97, "predictive_planner": 96.64, "symbolic_reasoner": 99.85, "proactive_nudge": 95.0, "auto_doc_agent": 97.06, "self_improvement_engine": 94.36}
[2025-11-09 09:59:30.054700] Average Fitness Score: 95.65%
[2025-11-09 09:59:30.058648] ✅  Performance optimal.
[2025-11-09 09:59:30.065675] === Evaluation Cycle Complete ===

[2025-11-09 09:59:30.336822] === Cross-Agent Fitness Evaluation Started ===
[2025-11-09 09:59:30.340279] Cross-Agent Evaluation Results: {"learning_optimizer": 90.61, "predictive_planner": 99.65, "symbolic_reasoner": 99.81, "proactive_nudge": 96.73, "auto_doc_agent": 97.71, "self_improvement_engine": 92.34}
[2025-11-09 09:59:30.344480] Average Fitness Score: 96.14%
[2025-11-09 09:59:30.347864] ✅  Performance optimal.
[2025-11-09 09:59:30.351622] === Evaluation Cycle Complete ===

[2025-11-09 10:59:24.624229] === Cross-Agent Fitness Evaluation Started ===
[2025-11-09 10:59:24.628792] Cross-Agent Evaluation Results: {"learning_optimizer": 92.08, "predictive_planner": 93.77, "symbolic_reasoner": 97.87, "proactive_nudge": 96.3, "auto_doc_agent": 96.73, "self_improvement_engine": 90.63}
[2025-11-09 10:59:24.633050] Average Fitness Score: 94.56%
[2025-11-09 10:59:24.637458] ⚠️  Performance below optimal threshold — triggering Evolution Auditor.
[2025-11-09 10:59:24.647588] === Evaluation Cycle Complete ===

[2025-11-09 10:59:25.496203] === Cross-Agent Fitness Evaluation Started ===
[2025-11-09 10:59:25.500515] === Cross-Agent Fitness Evaluation Started ===
[2025-11-09 10:59:25.504213] Cross-Agent Evaluation Results: {"learning_optimizer": 98.07, "predictive_planner": 91.15, "symbolic_reasoner": 98.6, "proactive_nudge": 96.82, "auto_doc_agent": 99.12, "self_improvement_engine": 98.08}
[2025-11-09 10:59:25.507902] Cross-Agent Evaluation Results: {"learning_optimizer": 95.53, "predictive_planner": 99.1, "symbolic_reasoner": 92.66, "proactive_nudge": 93.66, "auto_doc_agent": 98.82, "self_improvement_engine": 99.68}
[2025-11-09 10:59:25.512023] Average Fitness Score: 96.97%
[2025-11-09 10:59:25.514951] Average Fitness Score: 96.58%
[2025-11-09 10:59:25.514984] ✅  Performance optimal.
[2025-11-09 10:59:25.522937] ✅  Performance optimal.
[2025-11-09 10:59:25.527525] === Evaluation Cycle Complete ===

[2025-11-09 10:59:25.531665] === Evaluation Cycle Complete ===

[2025-11-09 11:59:20.918050] === Cross-Agent Fitness Evaluation Started ===
[2025-11-09 11:59:20.924280] Cross-Agent Evaluation Results: {"learning_optimizer": 98.12, "predictive_planner": 96.13, "symbolic_reasoner": 95.38, "proactive_nudge": 95.64, "auto_doc_agent": 90.62, "self_improvement_engine": 91.52}
[2025-11-09 11:59:20.927644] Average Fitness Score: 94.57%
[2025-11-09 11:59:20.930728] ⚠️  Performance below optimal threshold — triggering Evolution Auditor.
[2025-11-09 11:59:20.933967] === Evaluation Cycle Complete ===

[2025-11-09 11:59:20.949860] === Cross-Agent Fitness Evaluation Started ===
[2025-11-09 11:59:20.953190] Cross-Agent Evaluation Results: {"learning_optimizer": 99.46, "predictive_planner": 90.49, "symbolic_reasoner": 94.81, "proactive_nudge": 97.61, "auto_doc_agent": 92.59, "self_improvement_engine": 96.28}
[2025-11-09 11:59:20.956292] Average Fitness Score: 95.21%
[2025-11-09 11:59:20.958653] ✅  Performance optimal.
[2025-11-09 11:59:20.962711] === Evaluation Cycle Complete ===

[2025-11-09 11:59:21.092105] === Cross-Agent Fitness Evaluation Started ===
[2025-11-09 11:59:21.095543] Cross-Agent Evaluation Results: {"learning_optimizer": 99.48, "predictive_planner": 99.25, "symbolic_reasoner": 99.51, "proactive_nudge": 91.64, "auto_doc_agent": 97.78, "self_improvement_engine": 94.98}
[2025-11-09 11:59:21.099180] Average Fitness Score: 97.11%
[2025-11-09 11:59:21.102726] ✅  Performance optimal.
[2025-11-09 11:59:21.106356] === Evaluation Cycle Complete ===

[2025-11-09 12:59:22.607082] === Cross-Agent Fitness Evaluation Started ===
[2025-11-09 12:59:22.610493] Cross-Agent Evaluation Results: {"learning_optimizer": 99.25, "predictive_planner": 93.67, "symbolic_reasoner": 93.27, "proactive_nudge": 92.76, "auto_doc_agent": 90.69, "self_improvement_engine": 91.78}
[2025-11-09 12:59:22.614823] Average Fitness Score: 93.57%
[2025-11-09 12:59:22.619002] ⚠️  Performance below optimal threshold — triggering Evolution Auditor.
[2025-11-09 12:59:22.623278] === Evaluation Cycle Complete ===

[2025-11-09 12:59:22.691089] === Cross-Agent Fitness Evaluation Started ===
[2025-11-09 12:59:22.693954] Cross-Agent Evaluation Results: {"learning_optimizer": 93.74, "predictive_planner": 94.75, "symbolic_reasoner": 95.05, "proactive_nudge": 90.7, "auto_doc_agent": 94.39, "self_improvement_engine": 94.18}
[2025-11-09 12:59:22.700934] Average Fitness Score: 93.80%
[2025-11-09 12:59:22.704987] ⚠️  Performance below optimal threshold — triggering Evolution Auditor.
[2025-11-09 12:59:22.709194] === Evaluation Cycle Complete ===

[2025-11-09 12:59:23.279834] === Cross-Agent Fitness Evaluation Started ===
[2025-11-09 12:59:23.282226] Cross-Agent Evaluation Results: {"learning_optimizer": 91.28, "predictive_planner": 97.72, "symbolic_reasoner": 98.18, "proactive_nudge": 90.71, "auto_doc_agent": 91.49, "self_improvement_engine": 92.22}
[2025-11-09 12:59:23.284922] Average Fitness Score: 93.60%
[2025-11-09 12:59:23.288147] ⚠️  Performance below optimal threshold — triggering Evolution Auditor.
[2025-11-09 12:59:23.290860] === Evaluation Cycle Complete ===

[2025-11-09 13:59:19.705742] === Cross-Agent Fitness Evaluation Started ===
[2025-11-09 13:59:19.705808] === Cross-Agent Fitness Evaluation Started ===
[2025-11-09 13:59:19.712260] Cross-Agent Evaluation Results: {"learning_optimizer": 91.94, "predictive_planner": 93.51, "symbolic_reasoner": 94.08, "proactive_nudge": 96.4, "auto_doc_agent": 94.29, "self_improvement_engine": 97.78}
[2025-11-09 13:59:19.715403] Cross-Agent Evaluation Results: {"learning_optimizer": 99.26, "predictive_planner": 91.49, "symbolic_reasoner": 97.34, "proactive_nudge": 93.4, "auto_doc_agent": 95.77, "self_improvement_engine": 95.07}
[2025-11-09 13:59:19.719583] Average Fitness Score: 94.67%
[2025-11-09 13:59:19.721948] ⚠️  Performance below optimal threshold — triggering Evolution Auditor.
[2025-11-09 13:59:19.724954] Average Fitness Score: 95.39%
[2025-11-09 13:59:19.727967] === Evaluation Cycle Complete ===

[2025-11-09 13:59:19.731996] ✅  Performance optimal.
[2025-11-09 13:59:19.736688] === Evaluation Cycle Complete ===

[2025-11-09 13:59:19.770372] === Cross-Agent Fitness Evaluation Started ===
[2025-11-09 13:59:19.773576] Cross-Agent Evaluation Results: {"learning_optimizer": 94.7, "predictive_planner": 98.35, "symbolic_reasoner": 91.22, "proactive_nudge": 94.33, "auto_doc_agent": 93.7, "self_improvement_engine": 90.5}
[2025-11-09 13:59:19.776571] Average Fitness Score: 93.80%
[2025-11-09 13:59:19.779692] ⚠️  Performance below optimal threshold — triggering Evolution Auditor.
[2025-11-09 13:59:19.782745] === Evaluation Cycle Complete ===

[2025-11-09 14:59:17.817600] === Cross-Agent Fitness Evaluation Started ===
[2025-11-09 14:59:17.821452] Cross-Agent Evaluation Results: {"learning_optimizer": 97.75, "predictive_planner": 99.2, "symbolic_reasoner": 99.96, "proactive_nudge": 96.68, "auto_doc_agent": 90.58, "self_improvement_engine": 90.02}
[2025-11-09 14:59:17.824847] Average Fitness Score: 95.70%
[2025-11-09 14:59:17.830190] ✅  Performance optimal.
[2025-11-09 14:59:17.834471] === Evaluation Cycle Complete ===

[2025-11-09 14:59:18.267378] === Cross-Agent Fitness Evaluation Started ===
[2025-11-09 14:59:18.269629] Cross-Agent Evaluation Results: {"learning_optimizer": 90.73, "predictive_planner": 97.52, "symbolic_reasoner": 98.77, "proactive_nudge": 92.89, "auto_doc_agent": 99.19, "self_improvement_engine": 98.23}
[2025-11-09 14:59:18.273944] Average Fitness Score: 96.22%
[2025-11-09 14:59:18.278501] ✅  Performance optimal.
[2025-11-09 14:59:18.282843] === Evaluation Cycle Complete ===

[2025-11-09 14:59:18.476136] === Cross-Agent Fitness Evaluation Started ===
[2025-11-09 14:59:18.479314] Cross-Agent Evaluation Results: {"learning_optimizer": 90.08, "predictive_planner": 92.06, "symbolic_reasoner": 94.72, "proactive_nudge": 96.68, "auto_doc_agent": 92.21, "self_improvement_engine": 100.0}
[2025-11-09 14:59:18.482579] Average Fitness Score: 94.29%
[2025-11-09 14:59:18.486544] ⚠️  Performance below optimal threshold — triggering Evolution Auditor.
[2025-11-09 14:59:18.489230] === Evaluation Cycle Complete ===

[2025-11-09 15:59:18.527311] === Cross-Agent Fitness Evaluation Started ===
[2025-11-09 15:59:18.531575] Cross-Agent Evaluation Results: {"learning_optimizer": 94.58, "predictive_planner": 98.83, "symbolic_reasoner": 90.72, "proactive_nudge": 90.58, "auto_doc_agent": 96.75, "self_improvement_engine": 97.28}
[2025-11-09 15:59:18.537781] Average Fitness Score: 94.79%
[2025-11-09 15:59:18.541646] ⚠️  Performance below optimal threshold — triggering Evolution Auditor.
[2025-11-09 15:59:18.544848] === Evaluation Cycle Complete ===

[2025-11-09 15:59:18.783067] === Cross-Agent Fitness Evaluation Started ===
[2025-11-09 15:59:18.787495] Cross-Agent Evaluation Results: {"learning_optimizer": 95.08, "predictive_planner": 91.49, "symbolic_reasoner": 95.2, "proactive_nudge": 99.36, "auto_doc_agent": 96.09, "self_improvement_engine": 95.03}
[2025-11-09 15:59:18.790752] Average Fitness Score: 95.38%
[2025-11-09 15:59:18.794456] ✅  Performance optimal.
[2025-11-09 15:59:18.797820] === Evaluation Cycle Complete ===

[2025-11-09 15:59:19.046102] === Cross-Agent Fitness Evaluation Started ===
[2025-11-09 15:59:19.049279] Cross-Agent Evaluation Results: {"learning_optimizer": 97.93, "predictive_planner": 93.97, "symbolic_reasoner": 90.78, "proactive_nudge": 93.96, "auto_doc_agent": 91.62, "self_improvement_engine": 99.21}
[2025-11-09 15:59:19.052407] Average Fitness Score: 94.58%
[2025-11-09 15:59:19.055313] ⚠️  Performance below optimal threshold — triggering Evolution Auditor.
[2025-11-09 15:59:19.059388] === Evaluation Cycle Complete ===

[2025-11-09 16:59:19.840171] === Cross-Agent Fitness Evaluation Started ===
[2025-11-09 16:59:19.844636] Cross-Agent Evaluation Results: {"learning_optimizer": 96.17, "predictive_planner": 99.14, "symbolic_reasoner": 95.92, "proactive_nudge": 99.65, "auto_doc_agent": 99.1, "self_improvement_engine": 97.52}
[2025-11-09 16:59:19.847775] Average Fitness Score: 97.92%
[2025-11-09 16:59:19.851749] ✅  Performance optimal.
[2025-11-09 16:59:19.855393] === Evaluation Cycle Complete ===

[2025-11-09 16:59:19.936270] === Cross-Agent Fitness Evaluation Started ===
[2025-11-09 16:59:19.938859] Cross-Agent Evaluation Results: {"learning_optimizer": 94.16, "predictive_planner": 90.54, "symbolic_reasoner": 97.45, "proactive_nudge": 92.52, "auto_doc_agent": 93.34, "self_improvement_engine": 94.97}
[2025-11-09 16:59:19.941257] Average Fitness Score: 93.83%
[2025-11-09 16:59:19.944643] ⚠️  Performance below optimal threshold — triggering Evolution Auditor.
[2025-11-09 16:59:19.948246] === Evaluation Cycle Complete ===

[2025-11-09 16:59:20.092653] === Cross-Agent Fitness Evaluation Started ===
[2025-11-09 16:59:20.096474] Cross-Agent Evaluation Results: {"learning_optimizer": 93.9, "predictive_planner": 95.56, "symbolic_reasoner": 91.95, "proactive_nudge": 90.9, "auto_doc_agent": 91.4, "self_improvement_engine": 97.8}
[2025-11-09 16:59:20.100287] Average Fitness Score: 93.58%
[2025-11-09 16:59:20.104131] ⚠️  Performance below optimal threshold — triggering Evolution Auditor.
[2025-11-09 16:59:20.106397] === Evaluation Cycle Complete ===

[2025-11-09 17:59:22.091671] === Cross-Agent Fitness Evaluation Started ===
[2025-11-09 17:59:22.096203] Cross-Agent Evaluation Results: {"learning_optimizer": 93.57, "predictive_planner": 96.87, "symbolic_reasoner": 98.72, "proactive_nudge": 91.61, "auto_doc_agent": 94.22, "self_improvement_engine": 99.63}
[2025-11-09 17:59:22.099684] Average Fitness Score: 95.77%
[2025-11-09 17:59:22.103304] ✅  Performance optimal.
[2025-11-09 17:59:22.106905] === Evaluation Cycle Complete ===

[2025-11-09 17:59:22.234647] === Cross-Agent Fitness Evaluation Started ===
[2025-11-09 17:59:22.237885] Cross-Agent Evaluation Results: {"learning_optimizer": 98.8, "predictive_planner": 92.89, "symbolic_reasoner": 95.51, "proactive_nudge": 97.38, "auto_doc_agent": 91.33, "self_improvement_engine": 93.25}
[2025-11-09 17:59:22.241676] Average Fitness Score: 94.86%
[2025-11-09 17:59:22.245196] ⚠️  Performance below optimal threshold — triggering Evolution Auditor.
[2025-11-09 17:59:22.248358] === Evaluation Cycle Complete ===

[2025-11-09 17:59:22.930169] === Cross-Agent Fitness Evaluation Started ===
[2025-11-09 17:59:22.933480] Cross-Agent Evaluation Results: {"learning_optimizer": 99.92, "predictive_planner": 93.8, "symbolic_reasoner": 98.15, "proactive_nudge": 98.82, "auto_doc_agent": 98.97, "self_improvement_engine": 91.09}
[2025-11-09 17:59:22.936784] Average Fitness Score: 96.79%
[2025-11-09 17:59:22.939874] ✅  Performance optimal.
[2025-11-09 17:59:22.943576] === Evaluation Cycle Complete ===

[2025-11-09 18:59:18.139821] === Cross-Agent Fitness Evaluation Started ===
[2025-11-09 18:59:18.142259] Cross-Agent Evaluation Results: {"learning_optimizer": 91.29, "predictive_planner": 93.76, "symbolic_reasoner": 94.53, "proactive_nudge": 98.57, "auto_doc_agent": 90.91, "self_improvement_engine": 92.75}
[2025-11-09 18:59:18.146181] Average Fitness Score: 93.63%
[2025-11-09 18:59:18.149933] ⚠️  Performance below optimal threshold — triggering Evolution Auditor.
[2025-11-09 18:59:18.154605] === Evaluation Cycle Complete ===

[2025-11-09 18:59:18.213707] === Cross-Agent Fitness Evaluation Started ===
[2025-11-09 18:59:18.216958] Cross-Agent Evaluation Results: {"learning_optimizer": 97.12, "predictive_planner": 97.78, "symbolic_reasoner": 90.22, "proactive_nudge": 92.39, "auto_doc_agent": 96.37, "self_improvement_engine": 91.98}
[2025-11-09 18:59:18.220186] Average Fitness Score: 94.31%
[2025-11-09 18:59:18.223286] ⚠️  Performance below optimal threshold — triggering Evolution Auditor.
[2025-11-09 18:59:18.226336] === Evaluation Cycle Complete ===

[2025-11-09 18:59:18.337928] === Cross-Agent Fitness Evaluation Started ===
[2025-11-09 18:59:18.341257] Cross-Agent Evaluation Results: {"learning_optimizer": 91.37, "predictive_planner": 94.89, "symbolic_reasoner": 90.45, "proactive_nudge": 90.09, "auto_doc_agent": 92.11, "self_improvement_engine": 91.56}
[2025-11-09 18:59:18.344285] Average Fitness Score: 91.75%
[2025-11-09 18:59:18.348102] ⚠️  Performance below optimal threshold — triggering Evolution Auditor.
[2025-11-09 18:59:18.351576] === Evaluation Cycle Complete ===

[2025-11-09 19:59:18.483835] === Cross-Agent Fitness Evaluation Started ===
[2025-11-09 19:59:18.487097] Cross-Agent Evaluation Results: {"learning_optimizer": 93.01, "predictive_planner": 91.91, "symbolic_reasoner": 91.3, "proactive_nudge": 94.17, "auto_doc_agent": 91.97, "self_improvement_engine": 93.61}
[2025-11-09 19:59:18.491237] Average Fitness Score: 92.66%
[2025-11-09 19:59:18.495132] ⚠️  Performance below optimal threshold — triggering Evolution Auditor.
[2025-11-09 19:59:18.499054] === Evaluation Cycle Complete ===

[2025-11-09 19:59:18.525305] === Cross-Agent Fitness Evaluation Started ===
[2025-11-09 19:59:18.529009] Cross-Agent Evaluation Results: {"learning_optimizer": 92.75, "predictive_planner": 91.09, "symbolic_reasoner": 95.94, "proactive_nudge": 92.05, "auto_doc_agent": 92.45, "self_improvement_engine": 93.91}
[2025-11-09 19:59:18.532629] Average Fitness Score: 93.03%
[2025-11-09 19:59:18.536626] ⚠️  Performance below optimal threshold — triggering Evolution Auditor.
[2025-11-09 19:59:18.540574] === Evaluation Cycle Complete ===

[2025-11-09 19:59:18.673418] === Cross-Agent Fitness Evaluation Started ===
[2025-11-09 19:59:18.675991] Cross-Agent Evaluation Results: {"learning_optimizer": 92.32, "predictive_planner": 94.67, "symbolic_reasoner": 98.36, "proactive_nudge": 95.67, "auto_doc_agent": 93.05, "self_improvement_engine": 94.57}
[2025-11-09 19:59:18.679111] Average Fitness Score: 94.77%
[2025-11-09 19:59:18.682214] ⚠️  Performance below optimal threshold — triggering Evolution Auditor.
[2025-11-09 19:59:18.685884] === Evaluation Cycle Complete ===

[2025-11-09 20:59:18.546661] === Cross-Agent Fitness Evaluation Started ===
[2025-11-09 20:59:18.553500] Cross-Agent Evaluation Results: {"learning_optimizer": 93.18, "predictive_planner": 95.82, "symbolic_reasoner": 97.89, "proactive_nudge": 94.97, "auto_doc_agent": 93.94, "self_improvement_engine": 97.85}
[2025-11-09 20:59:18.560484] Average Fitness Score: 95.61%
[2025-11-09 20:59:18.567651] ✅  Performance optimal.
[2025-11-09 20:59:18.570810] === Evaluation Cycle Complete ===

[2025-11-09 20:59:18.629411] === Cross-Agent Fitness Evaluation Started ===
[2025-11-09 20:59:18.633053] Cross-Agent Evaluation Results: {"learning_optimizer": 97.59, "predictive_planner": 94.75, "symbolic_reasoner": 96.88, "proactive_nudge": 90.31, "auto_doc_agent": 96.5, "self_improvement_engine": 91.24}
[2025-11-09 20:59:18.636273] Average Fitness Score: 94.55%
[2025-11-09 20:59:18.639495] ⚠️  Performance below optimal threshold — triggering Evolution Auditor.
[2025-11-09 20:59:18.642736] === Evaluation Cycle Complete ===

[2025-11-09 20:59:18.734719] === Cross-Agent Fitness Evaluation Started ===
[2025-11-09 20:59:18.737875] Cross-Agent Evaluation Results: {"learning_optimizer": 98.73, "predictive_planner": 90.5, "symbolic_reasoner": 94.66, "proactive_nudge": 95.53, "auto_doc_agent": 97.52, "self_improvement_engine": 94.7}
[2025-11-09 20:59:18.740922] Average Fitness Score: 95.27%
[2025-11-09 20:59:18.743936] ✅  Performance optimal.
[2025-11-09 20:59:18.746929] === Evaluation Cycle Complete ===

[2025-11-09 21:59:18.641673] === Cross-Agent Fitness Evaluation Started ===
[2025-11-09 21:59:18.645416] Cross-Agent Evaluation Results: {"learning_optimizer": 90.82, "predictive_planner": 90.29, "symbolic_reasoner": 92.89, "proactive_nudge": 94.92, "auto_doc_agent": 92.25, "self_improvement_engine": 94.1}
[2025-11-09 21:59:18.648080] Average Fitness Score: 92.55%
[2025-11-09 21:59:18.650761] ⚠️  Performance below optimal threshold — triggering Evolution Auditor.
[2025-11-09 21:59:18.654051] === Evaluation Cycle Complete ===

[2025-11-09 21:59:18.698061] === Cross-Agent Fitness Evaluation Started ===
[2025-11-09 21:59:18.701156] Cross-Agent Evaluation Results: {"learning_optimizer": 91.42, "predictive_planner": 97.39, "symbolic_reasoner": 94.85, "proactive_nudge": 93.73, "auto_doc_agent": 93.95, "self_improvement_engine": 99.66}
[2025-11-09 21:59:18.703722] Average Fitness Score: 95.17%
[2025-11-09 21:59:18.708083] ✅  Performance optimal.
[2025-11-09 21:59:18.711191] === Evaluation Cycle Complete ===

[2025-11-09 21:59:18.839742] === Cross-Agent Fitness Evaluation Started ===
[2025-11-09 21:59:18.843067] Cross-Agent Evaluation Results: {"learning_optimizer": 91.6, "predictive_planner": 98.52, "symbolic_reasoner": 99.53, "proactive_nudge": 95.59, "auto_doc_agent": 96.17, "self_improvement_engine": 90.48}
[2025-11-09 21:59:18.847110] Average Fitness Score: 95.31%
[2025-11-09 21:59:18.851160] ✅  Performance optimal.
[2025-11-09 21:59:18.855280] === Evaluation Cycle Complete ===

[2025-11-09 22:59:20.690686] === Cross-Agent Fitness Evaluation Started ===
[2025-11-09 22:59:20.694102] Cross-Agent Evaluation Results: {"learning_optimizer": 95.94, "predictive_planner": 98.09, "symbolic_reasoner": 94.2, "proactive_nudge": 92.58, "auto_doc_agent": 91.55, "self_improvement_engine": 97.91}
[2025-11-09 22:59:20.697700] Average Fitness Score: 95.05%
[2025-11-09 22:59:20.701423] ✅  Performance optimal.
[2025-11-09 22:59:20.705643] === Evaluation Cycle Complete ===

[2025-11-09 22:59:21.034282] === Cross-Agent Fitness Evaluation Started ===
[2025-11-09 22:59:21.037731] Cross-Agent Evaluation Results: {"learning_optimizer": 97.34, "predictive_planner": 97.42, "symbolic_reasoner": 97.41, "proactive_nudge": 98.97, "auto_doc_agent": 93.84, "self_improvement_engine": 96.66}
[2025-11-09 22:59:21.042500] Average Fitness Score: 96.94%
[2025-11-09 22:59:21.046458] ✅  Performance optimal.
[2025-11-09 22:59:21.050353] === Evaluation Cycle Complete ===

[2025-11-09 22:59:21.153254] === Cross-Agent Fitness Evaluation Started ===
[2025-11-09 22:59:21.157029] Cross-Agent Evaluation Results: {"learning_optimizer": 93.85, "predictive_planner": 92.34, "symbolic_reasoner": 96.39, "proactive_nudge": 90.7, "auto_doc_agent": 98.73, "self_improvement_engine": 95.91}
[2025-11-09 22:59:21.160396] Average Fitness Score: 94.65%
[2025-11-09 22:59:21.164257] ⚠️  Performance below optimal threshold — triggering Evolution Auditor.
[2025-11-09 22:59:21.167959] === Evaluation Cycle Complete ===

[2025-11-09 23:59:23.486058] === Cross-Agent Fitness Evaluation Started ===
[2025-11-09 23:59:23.491852] Cross-Agent Evaluation Results: {"learning_optimizer": 93.51, "predictive_planner": 98.55, "symbolic_reasoner": 95.42, "proactive_nudge": 97.68, "auto_doc_agent": 94.07, "self_improvement_engine": 90.85}
[2025-11-09 23:59:23.495493] Average Fitness Score: 95.01%
[2025-11-09 23:59:23.498743] ✅  Performance optimal.
[2025-11-09 23:59:23.503513] === Evaluation Cycle Complete ===

[2025-11-09 23:59:23.658927] === Cross-Agent Fitness Evaluation Started ===
[2025-11-09 23:59:23.662366] Cross-Agent Evaluation Results: {"learning_optimizer": 98.65, "predictive_planner": 90.44, "symbolic_reasoner": 90.68, "proactive_nudge": 98.24, "auto_doc_agent": 90.27, "self_improvement_engine": 90.04}
[2025-11-09 23:59:23.666344] Average Fitness Score: 93.05%
[2025-11-09 23:59:23.669497] ⚠️  Performance below optimal threshold — triggering Evolution Auditor.
[2025-11-09 23:59:23.672693] === Evaluation Cycle Complete ===

[2025-11-09 23:59:23.797245] === Cross-Agent Fitness Evaluation Started ===
[2025-11-09 23:59:23.800589] Cross-Agent Evaluation Results: {"learning_optimizer": 93.95, "predictive_planner": 97.05, "symbolic_reasoner": 98.09, "proactive_nudge": 97.99, "auto_doc_agent": 94.55, "self_improvement_engine": 94.26}
[2025-11-09 23:59:23.803796] Average Fitness Score: 95.98%
[2025-11-09 23:59:23.806902] ✅  Performance optimal.
[2025-11-09 23:59:23.810009] === Evaluation Cycle Complete ===

[2025-11-10 00:59:24.354933] === Cross-Agent Fitness Evaluation Started ===
[2025-11-10 00:59:24.359363] Cross-Agent Evaluation Results: {"learning_optimizer": 96.35, "predictive_planner": 94.8, "symbolic_reasoner": 97.82, "proactive_nudge": 99.05, "auto_doc_agent": 93.16, "self_improvement_engine": 92.97}
[2025-11-10 00:59:24.362748] Average Fitness Score: 95.69%
[2025-11-10 00:59:24.365904] ✅  Performance optimal.
[2025-11-10 00:59:24.369061] === Evaluation Cycle Complete ===

[2025-11-10 00:59:24.415120] === Cross-Agent Fitness Evaluation Started ===
[2025-11-10 00:59:24.418943] Cross-Agent Evaluation Results: {"learning_optimizer": 99.09, "predictive_planner": 91.56, "symbolic_reasoner": 97.01, "proactive_nudge": 94.22, "auto_doc_agent": 94.09, "self_improvement_engine": 91.52}
[2025-11-10 00:59:24.422672] Average Fitness Score: 94.58%
[2025-11-10 00:59:24.426527] ⚠️  Performance below optimal threshold — triggering Evolution Auditor.
[2025-11-10 00:59:24.430559] === Evaluation Cycle Complete ===

[2025-11-10 00:59:24.515240] === Cross-Agent Fitness Evaluation Started ===
[2025-11-10 00:59:24.518529] Cross-Agent Evaluation Results: {"learning_optimizer": 99.22, "predictive_planner": 96.66, "symbolic_reasoner": 91.77, "proactive_nudge": 90.22, "auto_doc_agent": 96.62, "self_improvement_engine": 93.53}
[2025-11-10 00:59:24.521594] Average Fitness Score: 94.67%
[2025-11-10 00:59:24.525362] ⚠️  Performance below optimal threshold — triggering Evolution Auditor.
[2025-11-10 00:59:24.529374] === Evaluation Cycle Complete ===

[2025-11-10 01:59:21.947309] === Cross-Agent Fitness Evaluation Started ===
[2025-11-10 01:59:21.951618] Cross-Agent Evaluation Results: {"learning_optimizer": 94.41, "predictive_planner": 91.09, "symbolic_reasoner": 95.98, "proactive_nudge": 97.56, "auto_doc_agent": 93.36, "self_improvement_engine": 98.31}
[2025-11-10 01:59:21.954954] Average Fitness Score: 95.12%
[2025-11-10 01:59:21.958753] ✅  Performance optimal.
[2025-11-10 01:59:21.962638] === Evaluation Cycle Complete ===

[2025-11-10 01:59:22.291115] === Cross-Agent Fitness Evaluation Started ===
[2025-11-10 01:59:22.294355] Cross-Agent Evaluation Results: {"learning_optimizer": 93.82, "predictive_planner": 96.51, "symbolic_reasoner": 94.14, "proactive_nudge": 92.15, "auto_doc_agent": 92.85, "self_improvement_engine": 93.81}
[2025-11-10 01:59:22.297466] Average Fitness Score: 93.88%
[2025-11-10 01:59:22.300668] ⚠️  Performance below optimal threshold — triggering Evolution Auditor.
[2025-11-10 01:59:22.303692] === Evaluation Cycle Complete ===

[2025-11-10 01:59:22.548177] === Cross-Agent Fitness Evaluation Started ===
[2025-11-10 01:59:22.551737] Cross-Agent Evaluation Results: {"learning_optimizer": 90.72, "predictive_planner": 95.8, "symbolic_reasoner": 94.64, "proactive_nudge": 92.91, "auto_doc_agent": 98.27, "self_improvement_engine": 95.46}
[2025-11-10 01:59:22.554710] Average Fitness Score: 94.63%
[2025-11-10 01:59:22.558957] ⚠️  Performance below optimal threshold — triggering Evolution Auditor.
[2025-11-10 01:59:22.562201] === Evaluation Cycle Complete ===

[2025-11-10 02:59:22.572515] === Cross-Agent Fitness Evaluation Started ===
[2025-11-10 02:59:22.577016] Cross-Agent Evaluation Results: {"learning_optimizer": 97.91, "predictive_planner": 95.8, "symbolic_reasoner": 96.59, "proactive_nudge": 90.41, "auto_doc_agent": 94.86, "self_improvement_engine": 95.24}
[2025-11-10 02:59:22.581416] Average Fitness Score: 95.13%
[2025-11-10 02:59:22.586644] ✅  Performance optimal.
[2025-11-10 02:59:22.590721] === Evaluation Cycle Complete ===

[2025-11-10 02:59:22.827532] === Cross-Agent Fitness Evaluation Started ===
[2025-11-10 02:59:22.831153] Cross-Agent Evaluation Results: {"learning_optimizer": 90.48, "predictive_planner": 93.29, "symbolic_reasoner": 91.97, "proactive_nudge": 92.2, "auto_doc_agent": 95.81, "self_improvement_engine": 95.47}
[2025-11-10 02:59:22.834686] Average Fitness Score: 93.20%
[2025-11-10 02:59:22.838217] ⚠️  Performance below optimal threshold — triggering Evolution Auditor.
[2025-11-10 02:59:22.841513] === Evaluation Cycle Complete ===

[2025-11-10 02:59:23.058271] === Cross-Agent Fitness Evaluation Started ===
[2025-11-10 02:59:23.061581] Cross-Agent Evaluation Results: {"learning_optimizer": 94.73, "predictive_planner": 95.66, "symbolic_reasoner": 90.41, "proactive_nudge": 98.97, "auto_doc_agent": 96.61, "self_improvement_engine": 98.78}
[2025-11-10 02:59:23.064714] Average Fitness Score: 95.86%
[2025-11-10 02:59:23.067852] ✅  Performance optimal.
[2025-11-10 02:59:23.070933] === Evaluation Cycle Complete ===

[2025-11-10 03:59:21.344004] === Cross-Agent Fitness Evaluation Started ===
[2025-11-10 03:59:21.348744] Cross-Agent Evaluation Results: {"learning_optimizer": 97.2, "predictive_planner": 95.51, "symbolic_reasoner": 97.96, "proactive_nudge": 97.09, "auto_doc_agent": 95.0, "self_improvement_engine": 96.19}
[2025-11-10 03:59:21.352260] Average Fitness Score: 96.49%
[2025-11-10 03:59:21.355748] ✅  Performance optimal.
[2025-11-10 03:59:21.359337] === Evaluation Cycle Complete ===

[2025-11-10 03:59:22.094285] === Cross-Agent Fitness Evaluation Started ===
[2025-11-10 03:59:22.098093] Cross-Agent Evaluation Results: {"learning_optimizer": 90.36, "predictive_planner": 98.76, "symbolic_reasoner": 94.48, "proactive_nudge": 95.56, "auto_doc_agent": 91.82, "self_improvement_engine": 95.51}
[2025-11-10 03:59:22.101599] Average Fitness Score: 94.42%
[2025-11-10 03:59:22.105333] ⚠️  Performance below optimal threshold — triggering Evolution Auditor.
[2025-11-10 03:59:22.108593] === Evaluation Cycle Complete ===

[2025-11-10 03:59:22.112289] === Cross-Agent Fitness Evaluation Started ===
[2025-11-10 03:59:22.116164] Cross-Agent Evaluation Results: {"learning_optimizer": 95.03, "predictive_planner": 92.83, "symbolic_reasoner": 99.51, "proactive_nudge": 91.8, "auto_doc_agent": 99.97, "self_improvement_engine": 93.4}
[2025-11-10 03:59:22.120452] Average Fitness Score: 95.42%
[2025-11-10 03:59:22.124177] ✅  Performance optimal.
[2025-11-10 03:59:22.128045] === Evaluation Cycle Complete ===

[2025-11-10 04:59:27.396717] === Cross-Agent Fitness Evaluation Started ===
[2025-11-10 04:59:27.403542] Cross-Agent Evaluation Results: {"learning_optimizer": 91.56, "predictive_planner": 93.32, "symbolic_reasoner": 90.91, "proactive_nudge": 91.74, "auto_doc_agent": 91.83, "self_improvement_engine": 93.9}
[2025-11-10 04:59:27.410874] Average Fitness Score: 92.21%
[2025-11-10 04:59:27.418917] ⚠️  Performance below optimal threshold — triggering Evolution Auditor.
[2025-11-10 04:59:27.422385] === Evaluation Cycle Complete ===

[2025-11-10 04:59:27.495509] === Cross-Agent Fitness Evaluation Started ===
[2025-11-10 04:59:27.498919] Cross-Agent Evaluation Results: {"learning_optimizer": 98.41, "predictive_planner": 91.52, "symbolic_reasoner": 92.66, "proactive_nudge": 94.12, "auto_doc_agent": 98.31, "self_improvement_engine": 93.82}
[2025-11-10 04:59:27.502382] Average Fitness Score: 94.81%
[2025-11-10 04:59:27.505647] ⚠️  Performance below optimal threshold — triggering Evolution Auditor.
[2025-11-10 04:59:27.508908] === Evaluation Cycle Complete ===

[2025-11-10 04:59:27.696975] === Cross-Agent Fitness Evaluation Started ===
[2025-11-10 04:59:27.700520] Cross-Agent Evaluation Results: {"learning_optimizer": 92.28, "predictive_planner": 94.02, "symbolic_reasoner": 96.46, "proactive_nudge": 96.05, "auto_doc_agent": 98.14, "self_improvement_engine": 96.67}
[2025-11-10 04:59:27.703735] Average Fitness Score: 95.60%
[2025-11-10 04:59:27.707437] ✅  Performance optimal.
[2025-11-10 04:59:27.710522] === Evaluation Cycle Complete ===

[2025-11-10 05:59:26.042220] === Cross-Agent Fitness Evaluation Started ===
[2025-11-10 05:59:26.047011] Cross-Agent Evaluation Results: {"learning_optimizer": 92.53, "predictive_planner": 97.54, "symbolic_reasoner": 90.76, "proactive_nudge": 97.33, "auto_doc_agent": 95.56, "self_improvement_engine": 91.73}
[2025-11-10 05:59:26.050384] Average Fitness Score: 94.24%
[2025-11-10 05:59:26.054153] ⚠️  Performance below optimal threshold — triggering Evolution Auditor.
[2025-11-10 05:59:26.058207] === Evaluation Cycle Complete ===

[2025-11-10 05:59:26.158515] === Cross-Agent Fitness Evaluation Started ===
[2025-11-10 05:59:26.162076] Cross-Agent Evaluation Results: {"learning_optimizer": 91.01, "predictive_planner": 92.2, "symbolic_reasoner": 94.07, "proactive_nudge": 99.85, "auto_doc_agent": 94.92, "self_improvement_engine": 95.07}
[2025-11-10 05:59:26.164935] Average Fitness Score: 94.52%
[2025-11-10 05:59:26.168245] ⚠️  Performance below optimal threshold — triggering Evolution Auditor.
[2025-11-10 05:59:26.171836] === Evaluation Cycle Complete ===

[2025-11-10 05:59:26.843338] === Cross-Agent Fitness Evaluation Started ===
[2025-11-10 05:59:26.846818] Cross-Agent Evaluation Results: {"learning_optimizer": 98.51, "predictive_planner": 91.55, "symbolic_reasoner": 92.56, "proactive_nudge": 96.13, "auto_doc_agent": 92.16, "self_improvement_engine": 98.21}
[2025-11-10 05:59:26.849973] Average Fitness Score: 94.85%
[2025-11-10 05:59:26.853099] ⚠️  Performance below optimal threshold — triggering Evolution Auditor.
[2025-11-10 05:59:26.856313] === Evaluation Cycle Complete ===

[2025-11-10 06:59:23.211799] === Cross-Agent Fitness Evaluation Started ===
[2025-11-10 06:59:23.216260] Cross-Agent Evaluation Results: {"learning_optimizer": 90.46, "predictive_planner": 94.07, "symbolic_reasoner": 94.62, "proactive_nudge": 97.15, "auto_doc_agent": 95.68, "self_improvement_engine": 99.46}
[2025-11-10 06:59:23.220389] Average Fitness Score: 95.24%
[2025-11-10 06:59:23.223579] ✅  Performance optimal.
[2025-11-10 06:59:23.226696] === Evaluation Cycle Complete ===

[2025-11-10 06:59:24.299289] === Cross-Agent Fitness Evaluation Started ===
[2025-11-10 06:59:24.302921] Cross-Agent Evaluation Results: {"learning_optimizer": 94.31, "predictive_planner": 91.66, "symbolic_reasoner": 97.85, "proactive_nudge": 98.32, "auto_doc_agent": 99.92, "self_improvement_engine": 95.49}
[2025-11-10 06:59:24.307203] Average Fitness Score: 96.26%
[2025-11-10 06:59:24.310704] ✅  Performance optimal.
[2025-11-10 06:59:24.314102] === Evaluation Cycle Complete ===

[2025-11-10 06:59:24.467575] === Cross-Agent Fitness Evaluation Started ===
[2025-11-10 06:59:24.473721] Cross-Agent Evaluation Results: {"learning_optimizer": 99.98, "predictive_planner": 97.72, "symbolic_reasoner": 92.45, "proactive_nudge": 99.44, "auto_doc_agent": 99.75, "self_improvement_engine": 90.66}
[2025-11-10 06:59:24.477053] Average Fitness Score: 96.67%
[2025-11-10 06:59:24.482481] ✅  Performance optimal.
[2025-11-10 06:59:24.485614] === Evaluation Cycle Complete ===

[2025-11-10 07:59:19.664922] === Cross-Agent Fitness Evaluation Started ===
[2025-11-10 07:59:19.670113] Cross-Agent Evaluation Results: {"learning_optimizer": 96.36, "predictive_planner": 99.61, "symbolic_reasoner": 99.56, "proactive_nudge": 94.22, "auto_doc_agent": 98.96, "self_improvement_engine": 99.6}
[2025-11-10 07:59:19.673686] Average Fitness Score: 98.05%
[2025-11-10 07:59:19.676856] ✅  Performance optimal.
[2025-11-10 07:59:19.680028] === Evaluation Cycle Complete ===

[2025-11-10 07:59:19.858872] === Cross-Agent Fitness Evaluation Started ===
[2025-11-10 07:59:19.862080] Cross-Agent Evaluation Results: {"learning_optimizer": 94.74, "predictive_planner": 92.95, "symbolic_reasoner": 99.96, "proactive_nudge": 99.44, "auto_doc_agent": 91.77, "self_improvement_engine": 97.19}
[2025-11-10 07:59:19.865221] Average Fitness Score: 96.01%
[2025-11-10 07:59:19.868523] ✅  Performance optimal.
[2025-11-10 07:59:19.871642] === Evaluation Cycle Complete ===

[2025-11-10 07:59:19.986305] === Cross-Agent Fitness Evaluation Started ===
[2025-11-10 07:59:19.989878] Cross-Agent Evaluation Results: {"learning_optimizer": 90.97, "predictive_planner": 99.3, "symbolic_reasoner": 97.57, "proactive_nudge": 94.29, "auto_doc_agent": 91.3, "self_improvement_engine": 97.42}
[2025-11-10 07:59:19.993033] Average Fitness Score: 95.14%
[2025-11-10 07:59:19.996021] ✅  Performance optimal.
[2025-11-10 07:59:19.999219] === Evaluation Cycle Complete ===

[2025-11-10 08:59:24.189037] === Cross-Agent Fitness Evaluation Started ===
[2025-11-10 08:59:24.193630] Cross-Agent Evaluation Results: {"learning_optimizer": 96.41, "predictive_planner": 99.69, "symbolic_reasoner": 99.23, "proactive_nudge": 99.2, "auto_doc_agent": 99.23, "self_improvement_engine": 97.22}
[2025-11-10 08:59:24.197352] Average Fitness Score: 98.50%
[2025-11-10 08:59:24.200884] ✅  Performance optimal.
[2025-11-10 08:59:24.204710] === Evaluation Cycle Complete ===

[2025-11-10 08:59:24.444195] === Cross-Agent Fitness Evaluation Started ===
[2025-11-10 08:59:24.447839] Cross-Agent Evaluation Results: {"learning_optimizer": 99.68, "predictive_planner": 96.2, "symbolic_reasoner": 91.32, "proactive_nudge": 99.83, "auto_doc_agent": 92.1, "self_improvement_engine": 98.3}
[2025-11-10 08:59:24.451202] Average Fitness Score: 96.24%
[2025-11-10 08:59:24.454652] ✅  Performance optimal.
[2025-11-10 08:59:24.457998] === Evaluation Cycle Complete ===

[2025-11-10 08:59:25.018480] === Cross-Agent Fitness Evaluation Started ===
[2025-11-10 08:59:25.021861] Cross-Agent Evaluation Results: {"learning_optimizer": 99.93, "predictive_planner": 95.43, "symbolic_reasoner": 93.04, "proactive_nudge": 98.68, "auto_doc_agent": 97.0, "self_improvement_engine": 99.21}
[2025-11-10 08:59:25.024663] Average Fitness Score: 97.21%
[2025-11-10 08:59:25.028323] ✅  Performance optimal.
[2025-11-10 08:59:25.031762] === Evaluation Cycle Complete ===

[2025-11-10 09:59:24.964747] === Cross-Agent Fitness Evaluation Started ===
[2025-11-10 09:59:24.971494] Cross-Agent Evaluation Results: {"learning_optimizer": 97.3, "predictive_planner": 98.48, "symbolic_reasoner": 92.08, "proactive_nudge": 96.16, "auto_doc_agent": 97.66, "self_improvement_engine": 92.29}
[2025-11-10 09:59:24.974793] Average Fitness Score: 95.66%
[2025-11-10 09:59:24.978110] ✅  Performance optimal.
[2025-11-10 09:59:24.981467] === Evaluation Cycle Complete ===

[2025-11-10 09:59:25.178977] === Cross-Agent Fitness Evaluation Started ===
[2025-11-10 09:59:25.182759] Cross-Agent Evaluation Results: {"learning_optimizer": 95.77, "predictive_planner": 96.75, "symbolic_reasoner": 95.62, "proactive_nudge": 98.23, "auto_doc_agent": 92.41, "self_improvement_engine": 98.92}
[2025-11-10 09:59:25.186155] Average Fitness Score: 96.28%
[2025-11-10 09:59:25.189794] ✅  Performance optimal.
[2025-11-10 09:59:25.193000] === Evaluation Cycle Complete ===

[2025-11-10 09:59:25.596874] === Cross-Agent Fitness Evaluation Started ===
[2025-11-10 09:59:25.600212] Cross-Agent Evaluation Results: {"learning_optimizer": 96.74, "predictive_planner": 96.72, "symbolic_reasoner": 92.24, "proactive_nudge": 91.25, "auto_doc_agent": 95.74, "self_improvement_engine": 92.06}
[2025-11-10 09:59:25.603820] Average Fitness Score: 94.12%
[2025-11-10 09:59:25.607734] ⚠️  Performance below optimal threshold — triggering Evolution Auditor.
[2025-11-10 09:59:25.611292] === Evaluation Cycle Complete ===

[2025-11-10 10:59:20.467361] === Cross-Agent Fitness Evaluation Started ===
[2025-11-10 10:59:20.472084] Cross-Agent Evaluation Results: {"learning_optimizer": 91.98, "predictive_planner": 96.48, "symbolic_reasoner": 90.04, "proactive_nudge": 98.7, "auto_doc_agent": 95.13, "self_improvement_engine": 97.81}
[2025-11-10 10:59:20.475469] Average Fitness Score: 95.02%
[2025-11-10 10:59:20.478695] ✅  Performance optimal.
[2025-11-10 10:59:20.482088] === Evaluation Cycle Complete ===

[2025-11-10 10:59:20.522284] === Cross-Agent Fitness Evaluation Started ===
[2025-11-10 10:59:20.525681] Cross-Agent Evaluation Results: {"learning_optimizer": 99.57, "predictive_planner": 96.34, "symbolic_reasoner": 92.22, "proactive_nudge": 90.08, "auto_doc_agent": 96.42, "self_improvement_engine": 90.64}
[2025-11-10 10:59:20.528817] Average Fitness Score: 94.21%
[2025-11-10 10:59:20.531901] ⚠️  Performance below optimal threshold — triggering Evolution Auditor.
[2025-11-10 10:59:20.535044] === Evaluation Cycle Complete ===

[2025-11-10 10:59:20.628093] === Cross-Agent Fitness Evaluation Started ===
[2025-11-10 10:59:20.631323] Cross-Agent Evaluation Results: {"learning_optimizer": 99.71, "predictive_planner": 90.68, "symbolic_reasoner": 96.62, "proactive_nudge": 95.27, "auto_doc_agent": 99.65, "self_improvement_engine": 93.25}
[2025-11-10 10:59:20.634347] Average Fitness Score: 95.86%
[2025-11-10 10:59:20.636769] ✅  Performance optimal.
[2025-11-10 10:59:20.639929] === Evaluation Cycle Complete ===

[2025-11-10 11:59:20.621150] === Cross-Agent Fitness Evaluation Started ===
[2025-11-10 11:59:20.626537] Cross-Agent Evaluation Results: {"learning_optimizer": 99.85, "predictive_planner": 97.64, "symbolic_reasoner": 90.42, "proactive_nudge": 94.16, "auto_doc_agent": 92.15, "self_improvement_engine": 91.92}
[2025-11-10 11:59:20.630601] Average Fitness Score: 94.36%
[2025-11-10 11:59:20.634099] ⚠️  Performance below optimal threshold — triggering Evolution Auditor.
[2025-11-10 11:59:20.638024] === Evaluation Cycle Complete ===

[2025-11-10 11:59:20.862006] === Cross-Agent Fitness Evaluation Started ===
[2025-11-10 11:59:20.865860] Cross-Agent Evaluation Results: {"learning_optimizer": 96.08, "predictive_planner": 90.23, "symbolic_reasoner": 92.09, "proactive_nudge": 92.88, "auto_doc_agent": 98.28, "self_improvement_engine": 95.2}
[2025-11-10 11:59:20.870002] Average Fitness Score: 94.13%
[2025-11-10 11:59:20.873677] ⚠️  Performance below optimal threshold — triggering Evolution Auditor.
[2025-11-10 11:59:20.876984] === Evaluation Cycle Complete ===

[2025-11-10 11:59:20.905474] === Cross-Agent Fitness Evaluation Started ===
[2025-11-10 11:59:20.908820] Cross-Agent Evaluation Results: {"learning_optimizer": 92.26, "predictive_planner": 90.5, "symbolic_reasoner": 90.58, "proactive_nudge": 96.67, "auto_doc_agent": 94.33, "self_improvement_engine": 93.92}
[2025-11-10 11:59:20.912584] Average Fitness Score: 93.04%
[2025-11-10 11:59:20.915722] ⚠️  Performance below optimal threshold — triggering Evolution Auditor.
[2025-11-10 11:59:20.919807] === Evaluation Cycle Complete ===

[2025-11-10 12:59:19.457720] === Cross-Agent Fitness Evaluation Started ===
[2025-11-10 12:59:19.460606] Cross-Agent Evaluation Results: {"learning_optimizer": 99.17, "predictive_planner": 94.64, "symbolic_reasoner": 95.57, "proactive_nudge": 99.21, "auto_doc_agent": 96.8, "self_improvement_engine": 91.07}
[2025-11-10 12:59:19.464857] Average Fitness Score: 96.08%
[2025-11-10 12:59:19.468107] ✅  Performance optimal.
[2025-11-10 12:59:19.471385] === Evaluation Cycle Complete ===

[2025-11-10 12:59:19.622021] === Cross-Agent Fitness Evaluation Started ===
[2025-11-10 12:59:19.625072] Cross-Agent Evaluation Results: {"learning_optimizer": 91.77, "predictive_planner": 97.06, "symbolic_reasoner": 98.11, "proactive_nudge": 94.21, "auto_doc_agent": 93.01, "self_improvement_engine": 96.31}
[2025-11-10 12:59:19.628632] Average Fitness Score: 95.08%
[2025-11-10 12:59:19.632275] ✅  Performance optimal.
[2025-11-10 12:59:19.636294] === Evaluation Cycle Complete ===

[2025-11-10 12:59:20.098499] === Cross-Agent Fitness Evaluation Started ===
[2025-11-10 12:59:20.102477] Cross-Agent Evaluation Results: {"learning_optimizer": 98.68, "predictive_planner": 93.25, "symbolic_reasoner": 93.03, "proactive_nudge": 98.79, "auto_doc_agent": 99.35, "self_improvement_engine": 93.65}
[2025-11-10 12:59:20.106211] Average Fitness Score: 96.12%
[2025-11-10 12:59:20.109803] ✅  Performance optimal.
[2025-11-10 12:59:20.113312] === Evaluation Cycle Complete ===

[2025-11-10 13:59:18.793340] === Cross-Agent Fitness Evaluation Started ===
[2025-11-10 13:59:18.797850] Cross-Agent Evaluation Results: {"learning_optimizer": 96.42, "predictive_planner": 93.99, "symbolic_reasoner": 98.56, "proactive_nudge": 97.65, "auto_doc_agent": 91.53, "self_improvement_engine": 96.68}
[2025-11-10 13:59:18.800876] Average Fitness Score: 95.81%
[2025-11-10 13:59:18.804293] ✅  Performance optimal.
[2025-11-10 13:59:18.806726] === Evaluation Cycle Complete ===

[2025-11-10 13:59:19.188003] === Cross-Agent Fitness Evaluation Started ===
[2025-11-10 13:59:19.191897] Cross-Agent Evaluation Results: {"learning_optimizer": 93.32, "predictive_planner": 94.98, "symbolic_reasoner": 95.42, "proactive_nudge": 96.68, "auto_doc_agent": 97.25, "self_improvement_engine": 98.37}
[2025-11-10 13:59:19.195336] Average Fitness Score: 96.00%
[2025-11-10 13:59:19.199049] ✅  Performance optimal.
[2025-11-10 13:59:19.202466] === Evaluation Cycle Complete ===

[2025-11-10 13:59:19.230175] === Cross-Agent Fitness Evaluation Started ===
[2025-11-10 13:59:19.233409] Cross-Agent Evaluation Results: {"learning_optimizer": 95.71, "predictive_planner": 92.48, "symbolic_reasoner": 99.18, "proactive_nudge": 91.0, "auto_doc_agent": 98.23, "self_improvement_engine": 91.09}
[2025-11-10 13:59:19.236908] Average Fitness Score: 94.62%
[2025-11-10 13:59:19.240447] ⚠️  Performance below optimal threshold — triggering Evolution Auditor.
[2025-11-10 13:59:19.243150] === Evaluation Cycle Complete ===

[2025-11-10 14:59:19.380142] === Cross-Agent Fitness Evaluation Started ===
[2025-11-10 14:59:19.384657] Cross-Agent Evaluation Results: {"learning_optimizer": 93.21, "predictive_planner": 99.91, "symbolic_reasoner": 94.53, "proactive_nudge": 97.1, "auto_doc_agent": 99.69, "self_improvement_engine": 97.5}
[2025-11-10 14:59:19.387840] Average Fitness Score: 96.99%
[2025-11-10 14:59:19.391176] ✅  Performance optimal.
[2025-11-10 14:59:19.394329] === Evaluation Cycle Complete ===

[2025-11-10 14:59:19.449281] === Cross-Agent Fitness Evaluation Started ===
[2025-11-10 14:59:19.453945] Cross-Agent Evaluation Results: {"learning_optimizer": 98.01, "predictive_planner": 91.26, "symbolic_reasoner": 94.68, "proactive_nudge": 97.95, "auto_doc_agent": 95.82, "self_improvement_engine": 92.33}
[2025-11-10 14:59:19.456981] Average Fitness Score: 95.01%
[2025-11-10 14:59:19.459378] ✅  Performance optimal.
[2025-11-10 14:59:19.462481] === Evaluation Cycle Complete ===

[2025-11-10 14:59:19.621926] === Cross-Agent Fitness Evaluation Started ===
[2025-11-10 14:59:19.625364] Cross-Agent Evaluation Results: {"learning_optimizer": 94.93, "predictive_planner": 98.45, "symbolic_reasoner": 96.54, "proactive_nudge": 98.67, "auto_doc_agent": 94.25, "self_improvement_engine": 99.43}
[2025-11-10 14:59:19.627757] Average Fitness Score: 97.05%
[2025-11-10 14:59:19.630794] ✅  Performance optimal.
[2025-11-10 14:59:19.633718] === Evaluation Cycle Complete ===

[2025-11-10 15:59:18.734817] === Cross-Agent Fitness Evaluation Started ===
[2025-11-10 15:59:18.738812] Cross-Agent Evaluation Results: {"learning_optimizer": 99.34, "predictive_planner": 95.6, "symbolic_reasoner": 92.63, "proactive_nudge": 99.32, "auto_doc_agent": 92.86, "self_improvement_engine": 95.78}
[2025-11-10 15:59:18.742643] Average Fitness Score: 95.92%
[2025-11-10 15:59:18.746444] ✅  Performance optimal.
[2025-11-10 15:59:18.750704] === Evaluation Cycle Complete ===

[2025-11-10 15:59:18.819685] === Cross-Agent Fitness Evaluation Started ===
[2025-11-10 15:59:18.823446] Cross-Agent Evaluation Results: {"learning_optimizer": 99.17, "predictive_planner": 92.52, "symbolic_reasoner": 92.1, "proactive_nudge": 92.7, "auto_doc_agent": 90.75, "self_improvement_engine": 91.21}
[2025-11-10 15:59:18.826886] Average Fitness Score: 93.08%
[2025-11-10 15:59:18.830884] ⚠️  Performance below optimal threshold — triggering Evolution Auditor.
[2025-11-10 15:59:18.834373] === Evaluation Cycle Complete ===

[2025-11-10 15:59:18.951198] === Cross-Agent Fitness Evaluation Started ===
[2025-11-10 15:59:18.954363] Cross-Agent Evaluation Results: {"learning_optimizer": 99.61, "predictive_planner": 94.74, "symbolic_reasoner": 97.14, "proactive_nudge": 92.15, "auto_doc_agent": 96.76, "self_improvement_engine": 91.07}
[2025-11-10 15:59:18.957461] Average Fitness Score: 95.25%
[2025-11-10 15:59:18.960519] ✅  Performance optimal.
[2025-11-10 15:59:18.964287] === Evaluation Cycle Complete ===

[2025-11-10 16:59:21.003130] === Cross-Agent Fitness Evaluation Started ===
[2025-11-10 16:59:21.007393] Cross-Agent Evaluation Results: {"learning_optimizer": 98.14, "predictive_planner": 91.82, "symbolic_reasoner": 90.11, "proactive_nudge": 94.84, "auto_doc_agent": 92.77, "self_improvement_engine": 97.41}
[2025-11-10 16:59:21.010876] Average Fitness Score: 94.18%
[2025-11-10 16:59:21.015368] ⚠️  Performance below optimal threshold — triggering Evolution Auditor.
[2025-11-10 16:59:21.019139] === Evaluation Cycle Complete ===

[2025-11-10 16:59:21.168207] === Cross-Agent Fitness Evaluation Started ===
[2025-11-10 16:59:21.174051] Cross-Agent Evaluation Results: {"learning_optimizer": 94.73, "predictive_planner": 93.55, "symbolic_reasoner": 95.3, "proactive_nudge": 94.69, "auto_doc_agent": 90.38, "self_improvement_engine": 92.85}
[2025-11-10 16:59:21.178299] Average Fitness Score: 93.58%
[2025-11-10 16:59:21.182368] ⚠️  Performance below optimal threshold — triggering Evolution Auditor.
[2025-11-10 16:59:21.186683] === Evaluation Cycle Complete ===

[2025-11-10 16:59:21.508267] === Cross-Agent Fitness Evaluation Started ===
[2025-11-10 16:59:21.511556] Cross-Agent Evaluation Results: {"learning_optimizer": 96.39, "predictive_planner": 98.47, "symbolic_reasoner": 93.15, "proactive_nudge": 97.83, "auto_doc_agent": 90.29, "self_improvement_engine": 93.09}
[2025-11-10 16:59:21.515876] Average Fitness Score: 94.87%
[2025-11-10 16:59:21.519899] ⚠️  Performance below optimal threshold — triggering Evolution Auditor.
[2025-11-10 16:59:21.522724] === Evaluation Cycle Complete ===

[2025-11-10 17:59:19.901013] === Cross-Agent Fitness Evaluation Started ===
[2025-11-10 17:59:19.907796] Cross-Agent Evaluation Results: {"learning_optimizer": 95.49, "predictive_planner": 99.64, "symbolic_reasoner": 98.44, "proactive_nudge": 92.28, "auto_doc_agent": 92.71, "self_improvement_engine": 99.41}
[2025-11-10 17:59:19.912292] Average Fitness Score: 96.33%
[2025-11-10 17:59:19.915739] ✅  Performance optimal.
[2025-11-10 17:59:19.920678] === Evaluation Cycle Complete ===

[2025-11-10 17:59:20.220199] === Cross-Agent Fitness Evaluation Started ===
[2025-11-10 17:59:20.223843] Cross-Agent Evaluation Results: {"learning_optimizer": 99.65, "predictive_planner": 94.63, "symbolic_reasoner": 91.41, "proactive_nudge": 97.64, "auto_doc_agent": 97.09, "self_improvement_engine": 92.43}
[2025-11-10 17:59:20.227123] Average Fitness Score: 95.48%
[2025-11-10 17:59:20.230707] ✅  Performance optimal.
[2025-11-10 17:59:20.234801] === Evaluation Cycle Complete ===

[2025-11-10 17:59:20.361616] === Cross-Agent Fitness Evaluation Started ===
[2025-11-10 17:59:20.365224] Cross-Agent Evaluation Results: {"learning_optimizer": 96.79, "predictive_planner": 96.01, "symbolic_reasoner": 99.02, "proactive_nudge": 94.57, "auto_doc_agent": 96.93, "self_improvement_engine": 95.77}
[2025-11-10 17:59:20.368920] Average Fitness Score: 96.52%
[2025-11-10 17:59:20.371547] ✅  Performance optimal.
[2025-11-10 17:59:20.376040] === Evaluation Cycle Complete ===

[2025-11-10 18:59:21.596353] === Cross-Agent Fitness Evaluation Started ===
[2025-11-10 18:59:21.600648] Cross-Agent Evaluation Results: {"learning_optimizer": 91.63, "predictive_planner": 92.91, "symbolic_reasoner": 95.77, "proactive_nudge": 99.18, "auto_doc_agent": 96.36, "self_improvement_engine": 96.89}
[2025-11-10 18:59:21.604634] Average Fitness Score: 95.46%
[2025-11-10 18:59:21.607828] ✅  Performance optimal.
[2025-11-10 18:59:21.612041] === Evaluation Cycle Complete ===

[2025-11-10 18:59:21.702916] === Cross-Agent Fitness Evaluation Started ===
[2025-11-10 18:59:21.705520] Cross-Agent Evaluation Results: {"learning_optimizer": 99.75, "predictive_planner": 98.25, "symbolic_reasoner": 98.3, "proactive_nudge": 98.97, "auto_doc_agent": 90.1, "self_improvement_engine": 97.07}
[2025-11-10 18:59:21.708609] Average Fitness Score: 97.07%
[2025-11-10 18:59:21.711700] ✅  Performance optimal.
[2025-11-10 18:59:21.714851] === Evaluation Cycle Complete ===

[2025-11-10 18:59:22.029091] === Cross-Agent Fitness Evaluation Started ===
[2025-11-10 18:59:22.032351] Cross-Agent Evaluation Results: {"learning_optimizer": 91.87, "predictive_planner": 94.42, "symbolic_reasoner": 91.8, "proactive_nudge": 99.63, "auto_doc_agent": 92.6, "self_improvement_engine": 93.2}
[2025-11-10 18:59:22.035533] Average Fitness Score: 93.92%
[2025-11-10 18:59:22.038627] ⚠️  Performance below optimal threshold — triggering Evolution Auditor.
[2025-11-10 18:59:22.041811] === Evaluation Cycle Complete ===

[2025-11-10 19:59:20.273087] === Cross-Agent Fitness Evaluation Started ===
[2025-11-10 19:59:20.278069] Cross-Agent Evaluation Results: {"learning_optimizer": 93.77, "predictive_planner": 96.73, "symbolic_reasoner": 91.07, "proactive_nudge": 93.68, "auto_doc_agent": 91.56, "self_improvement_engine": 93.49}
[2025-11-10 19:59:20.284485] Average Fitness Score: 93.38%
[2025-11-10 19:59:20.287647] ⚠️  Performance below optimal threshold — triggering Evolution Auditor.
[2025-11-10 19:59:20.291755] === Evaluation Cycle Complete ===

[2025-11-10 19:59:20.307354] === Cross-Agent Fitness Evaluation Started ===
[2025-11-10 19:59:20.311093] Cross-Agent Evaluation Results: {"learning_optimizer": 92.73, "predictive_planner": 91.44, "symbolic_reasoner": 91.47, "proactive_nudge": 90.98, "auto_doc_agent": 90.64, "self_improvement_engine": 90.4}
[2025-11-10 19:59:20.314654] Average Fitness Score: 91.28%
[2025-11-10 19:59:20.318505] ⚠️  Performance below optimal threshold — triggering Evolution Auditor.
[2025-11-10 19:59:20.321783] === Evaluation Cycle Complete ===

[2025-11-10 19:59:20.508687] === Cross-Agent Fitness Evaluation Started ===
[2025-11-10 19:59:20.512745] Cross-Agent Evaluation Results: {"learning_optimizer": 91.93, "predictive_planner": 97.47, "symbolic_reasoner": 99.86, "proactive_nudge": 91.83, "auto_doc_agent": 95.56, "self_improvement_engine": 93.92}
[2025-11-10 19:59:20.515512] Average Fitness Score: 95.10%
[2025-11-10 19:59:20.518889] ✅  Performance optimal.
[2025-11-10 19:59:20.522223] === Evaluation Cycle Complete ===

[2025-11-10 20:59:22.664231] === Cross-Agent Fitness Evaluation Started ===
[2025-11-10 20:59:22.669287] Cross-Agent Evaluation Results: {"learning_optimizer": 94.14, "predictive_planner": 96.34, "symbolic_reasoner": 97.57, "proactive_nudge": 94.97, "auto_doc_agent": 99.98, "self_improvement_engine": 91.65}
[2025-11-10 20:59:22.672768] Average Fitness Score: 95.77%
[2025-11-10 20:59:22.676082] ✅  Performance optimal.
[2025-11-10 20:59:22.678675] === Evaluation Cycle Complete ===

[2025-11-10 20:59:22.933706] === Cross-Agent Fitness Evaluation Started ===
[2025-11-10 20:59:22.937376] Cross-Agent Evaluation Results: {"learning_optimizer": 95.37, "predictive_planner": 93.24, "symbolic_reasoner": 96.32, "proactive_nudge": 99.99, "auto_doc_agent": 91.55, "self_improvement_engine": 99.17}
[2025-11-10 20:59:22.941666] Average Fitness Score: 95.94%
[2025-11-10 20:59:22.945749] ✅  Performance optimal.
[2025-11-10 20:59:22.949021] === Evaluation Cycle Complete ===

[2025-11-10 20:59:22.997550] === Cross-Agent Fitness Evaluation Started ===
[2025-11-10 20:59:23.000817] Cross-Agent Evaluation Results: {"learning_optimizer": 92.31, "predictive_planner": 94.86, "symbolic_reasoner": 94.95, "proactive_nudge": 96.03, "auto_doc_agent": 94.28, "self_improvement_engine": 91.27}
[2025-11-10 20:59:23.004081] Average Fitness Score: 93.95%
[2025-11-10 20:59:23.007167] ⚠️  Performance below optimal threshold — triggering Evolution Auditor.
[2025-11-10 20:59:23.010229] === Evaluation Cycle Complete ===

[2025-11-10 21:59:26.173356] === Cross-Agent Fitness Evaluation Started ===
[2025-11-10 21:59:26.178526] Cross-Agent Evaluation Results: {"learning_optimizer": 98.66, "predictive_planner": 92.49, "symbolic_reasoner": 91.13, "proactive_nudge": 94.09, "auto_doc_agent": 94.88, "self_improvement_engine": 97.81}
[2025-11-10 21:59:26.182196] Average Fitness Score: 94.84%
[2025-11-10 21:59:26.186094] ⚠️  Performance below optimal threshold — triggering Evolution Auditor.
[2025-11-10 21:59:26.189833] === Evaluation Cycle Complete ===

[2025-11-10 21:59:26.656496] === Cross-Agent Fitness Evaluation Started ===
[2025-11-10 21:59:26.659754] Cross-Agent Evaluation Results: {"learning_optimizer": 96.15, "predictive_planner": 91.34, "symbolic_reasoner": 95.43, "proactive_nudge": 99.33, "auto_doc_agent": 95.87, "self_improvement_engine": 91.43}
[2025-11-10 21:59:26.663532] Average Fitness Score: 94.93%
[2025-11-10 21:59:26.666595] ⚠️  Performance below optimal threshold — triggering Evolution Auditor.
[2025-11-10 21:59:26.669769] === Evaluation Cycle Complete ===

[2025-11-10 21:59:26.818581] === Cross-Agent Fitness Evaluation Started ===
[2025-11-10 21:59:26.821792] Cross-Agent Evaluation Results: {"learning_optimizer": 99.04, "predictive_planner": 98.23, "symbolic_reasoner": 96.26, "proactive_nudge": 98.63, "auto_doc_agent": 97.42, "self_improvement_engine": 94.04}
[2025-11-10 21:59:26.824983] Average Fitness Score: 97.27%
[2025-11-10 21:59:26.828096] ✅  Performance optimal.
[2025-11-10 21:59:26.831138] === Evaluation Cycle Complete ===

[2025-11-10 22:59:23.319795] === Cross-Agent Fitness Evaluation Started ===
[2025-11-10 22:59:23.327697] Cross-Agent Evaluation Results: {"learning_optimizer": 94.56, "predictive_planner": 97.26, "symbolic_reasoner": 95.45, "proactive_nudge": 99.09, "auto_doc_agent": 90.77, "self_improvement_engine": 96.29}
[2025-11-10 22:59:23.330353] Average Fitness Score: 95.57%
[2025-11-10 22:59:23.333741] ✅  Performance optimal.
[2025-11-10 22:59:23.337126] === Evaluation Cycle Complete ===

[2025-11-10 22:59:23.378560] === Cross-Agent Fitness Evaluation Started ===
[2025-11-10 22:59:23.382372] Cross-Agent Evaluation Results: {"learning_optimizer": 97.34, "predictive_planner": 95.67, "symbolic_reasoner": 93.37, "proactive_nudge": 96.69, "auto_doc_agent": 99.57, "self_improvement_engine": 93.89}
[2025-11-10 22:59:23.385922] Average Fitness Score: 96.09%
[2025-11-10 22:59:23.389656] ✅  Performance optimal.
[2025-11-10 22:59:23.393336] === Evaluation Cycle Complete ===

[2025-11-10 22:59:23.441527] === Cross-Agent Fitness Evaluation Started ===
[2025-11-10 22:59:23.444811] Cross-Agent Evaluation Results: {"learning_optimizer": 93.6, "predictive_planner": 95.43, "symbolic_reasoner": 99.26, "proactive_nudge": 92.53, "auto_doc_agent": 96.3, "self_improvement_engine": 91.01}
[2025-11-10 22:59:23.448033] Average Fitness Score: 94.69%
[2025-11-10 22:59:23.451223] ⚠️  Performance below optimal threshold — triggering Evolution Auditor.
[2025-11-10 22:59:23.454869] === Evaluation Cycle Complete ===

[2025-11-10 23:59:23.878675] === Cross-Agent Fitness Evaluation Started ===
[2025-11-10 23:59:23.883801] Cross-Agent Evaluation Results: {"learning_optimizer": 97.19, "predictive_planner": 96.02, "symbolic_reasoner": 92.26, "proactive_nudge": 99.41, "auto_doc_agent": 90.95, "self_improvement_engine": 99.45}
[2025-11-10 23:59:23.887198] Average Fitness Score: 95.88%
[2025-11-10 23:59:23.891106] ✅  Performance optimal.
[2025-11-10 23:59:23.894174] === Evaluation Cycle Complete ===

[2025-11-10 23:59:23.961753] === Cross-Agent Fitness Evaluation Started ===
[2025-11-10 23:59:23.965490] Cross-Agent Evaluation Results: {"learning_optimizer": 95.47, "predictive_planner": 90.81, "symbolic_reasoner": 91.75, "proactive_nudge": 90.63, "auto_doc_agent": 99.33, "self_improvement_engine": 97.15}
[2025-11-10 23:59:23.969332] Average Fitness Score: 94.19%
[2025-11-10 23:59:23.972800] ⚠️  Performance below optimal threshold — triggering Evolution Auditor.
[2025-11-10 23:59:23.976448] === Evaluation Cycle Complete ===

[2025-11-10 23:59:24.232101] === Cross-Agent Fitness Evaluation Started ===
[2025-11-10 23:59:24.235383] Cross-Agent Evaluation Results: {"learning_optimizer": 96.4, "predictive_planner": 96.09, "symbolic_reasoner": 91.55, "proactive_nudge": 91.23, "auto_doc_agent": 90.44, "self_improvement_engine": 98.38}
[2025-11-10 23:59:24.238590] Average Fitness Score: 94.02%
[2025-11-10 23:59:24.241587] ⚠️  Performance below optimal threshold — triggering Evolution Auditor.
[2025-11-10 23:59:24.245460] === Evaluation Cycle Complete ===

[2025-11-11 00:59:21.332850] === Cross-Agent Fitness Evaluation Started ===
[2025-11-11 00:59:21.337298] Cross-Agent Evaluation Results: {"learning_optimizer": 98.58, "predictive_planner": 93.08, "symbolic_reasoner": 99.04, "proactive_nudge": 97.4, "auto_doc_agent": 95.31, "self_improvement_engine": 93.87}
[2025-11-11 00:59:21.340767] Average Fitness Score: 96.21%
[2025-11-11 00:59:21.344200] ✅  Performance optimal.
[2025-11-11 00:59:21.348331] === Evaluation Cycle Complete ===

[2025-11-11 00:59:21.354675] === Cross-Agent Fitness Evaluation Started ===
[2025-11-11 00:59:21.357933] Cross-Agent Evaluation Results: {"learning_optimizer": 98.15, "predictive_planner": 94.51, "symbolic_reasoner": 93.07, "proactive_nudge": 99.25, "auto_doc_agent": 90.92, "self_improvement_engine": 90.64}
[2025-11-11 00:59:21.361483] Average Fitness Score: 94.42%
[2025-11-11 00:59:21.364772] ⚠️  Performance below optimal threshold — triggering Evolution Auditor.
[2025-11-11 00:59:21.367972] === Evaluation Cycle Complete ===

[2025-11-11 00:59:21.516299] === Cross-Agent Fitness Evaluation Started ===
[2025-11-11 00:59:21.519704] Cross-Agent Evaluation Results: {"learning_optimizer": 97.15, "predictive_planner": 92.52, "symbolic_reasoner": 99.2, "proactive_nudge": 99.44, "auto_doc_agent": 90.33, "self_improvement_engine": 99.15}
[2025-11-11 00:59:21.522996] Average Fitness Score: 96.30%
[2025-11-11 00:59:21.526055] ✅  Performance optimal.
[2025-11-11 00:59:21.529206] === Evaluation Cycle Complete ===

[2025-11-11 01:59:21.255838] === Cross-Agent Fitness Evaluation Started ===
[2025-11-11 01:59:21.261722] Cross-Agent Evaluation Results: {"learning_optimizer": 96.76, "predictive_planner": 98.16, "symbolic_reasoner": 95.63, "proactive_nudge": 92.2, "auto_doc_agent": 97.05, "self_improvement_engine": 93.6}
[2025-11-11 01:59:21.265736] Average Fitness Score: 95.57%
[2025-11-11 01:59:21.269051] ✅  Performance optimal.
[2025-11-11 01:59:21.276655] === Evaluation Cycle Complete ===

[2025-11-11 01:59:21.612990] === Cross-Agent Fitness Evaluation Started ===
[2025-11-11 01:59:21.616708] Cross-Agent Evaluation Results: {"learning_optimizer": 91.05, "predictive_planner": 94.55, "symbolic_reasoner": 90.99, "proactive_nudge": 90.55, "auto_doc_agent": 96.36, "self_improvement_engine": 94.18}
[2025-11-11 01:59:21.620137] Average Fitness Score: 92.95%
[2025-11-11 01:59:21.623627] ⚠️  Performance below optimal threshold — triggering Evolution Auditor.
[2025-11-11 01:59:21.626965] === Evaluation Cycle Complete ===

[2025-11-11 01:59:21.773742] === Cross-Agent Fitness Evaluation Started ===
[2025-11-11 01:59:21.777137] Cross-Agent Evaluation Results: {"learning_optimizer": 97.26, "predictive_planner": 91.85, "symbolic_reasoner": 92.32, "proactive_nudge": 92.28, "auto_doc_agent": 99.53, "self_improvement_engine": 91.38}
[2025-11-11 01:59:21.780500] Average Fitness Score: 94.10%
[2025-11-11 01:59:21.783783] ⚠️  Performance below optimal threshold — triggering Evolution Auditor.
[2025-11-11 01:59:21.787448] === Evaluation Cycle Complete ===

[2025-11-11 02:59:21.403500] === Cross-Agent Fitness Evaluation Started ===
[2025-11-11 02:59:21.409803] Cross-Agent Evaluation Results: {"learning_optimizer": 93.22, "predictive_planner": 95.62, "symbolic_reasoner": 95.63, "proactive_nudge": 91.87, "auto_doc_agent": 90.12, "self_improvement_engine": 95.85}
[2025-11-11 02:59:21.413085] Average Fitness Score: 93.72%
[2025-11-11 02:59:21.417721] ⚠️  Performance below optimal threshold — triggering Evolution Auditor.
[2025-11-11 02:59:21.420812] === Evaluation Cycle Complete ===

[2025-11-11 02:59:21.614122] === Cross-Agent Fitness Evaluation Started ===
[2025-11-11 02:59:21.617416] Cross-Agent Evaluation Results: {"learning_optimizer": 92.27, "predictive_planner": 93.74, "symbolic_reasoner": 95.21, "proactive_nudge": 93.03, "auto_doc_agent": 96.99, "self_improvement_engine": 96.49}
[2025-11-11 02:59:21.621447] Average Fitness Score: 94.62%
[2025-11-11 02:59:21.624796] ⚠️  Performance below optimal threshold — triggering Evolution Auditor.
[2025-11-11 02:59:21.628603] === Evaluation Cycle Complete ===

[2025-11-11 02:59:21.660055] === Cross-Agent Fitness Evaluation Started ===
[2025-11-11 02:59:21.663358] Cross-Agent Evaluation Results: {"learning_optimizer": 93.86, "predictive_planner": 96.56, "symbolic_reasoner": 95.69, "proactive_nudge": 90.93, "auto_doc_agent": 99.8, "self_improvement_engine": 97.21}
[2025-11-11 02:59:21.667636] Average Fitness Score: 95.67%
[2025-11-11 02:59:21.670870] ✅  Performance optimal.
[2025-11-11 02:59:21.674947] === Evaluation Cycle Complete ===

[2025-11-11 03:59:22.102628] === Cross-Agent Fitness Evaluation Started ===
[2025-11-11 03:59:22.106997] Cross-Agent Evaluation Results: {"learning_optimizer": 95.46, "predictive_planner": 93.09, "symbolic_reasoner": 93.03, "proactive_nudge": 95.47, "auto_doc_agent": 98.6, "self_improvement_engine": 92.52}
[2025-11-11 03:59:22.110786] Average Fitness Score: 94.69%
[2025-11-11 03:59:22.118484] ⚠️  Performance below optimal threshold — triggering Evolution Auditor.
[2025-11-11 03:59:22.122052] === Evaluation Cycle Complete ===

[2025-11-11 03:59:22.350660] === Cross-Agent Fitness Evaluation Started ===
[2025-11-11 03:59:22.354055] Cross-Agent Evaluation Results: {"learning_optimizer": 90.7, "predictive_planner": 98.39, "symbolic_reasoner": 94.25, "proactive_nudge": 91.61, "auto_doc_agent": 90.33, "self_improvement_engine": 99.51}
[2025-11-11 03:59:22.357851] Average Fitness Score: 94.13%
[2025-11-11 03:59:22.361206] ⚠️  Performance below optimal threshold — triggering Evolution Auditor.
[2025-11-11 03:59:22.364298] === Evaluation Cycle Complete ===

[2025-11-11 03:59:22.499129] === Cross-Agent Fitness Evaluation Started ===
[2025-11-11 03:59:22.502746] Cross-Agent Evaluation Results: {"learning_optimizer": 99.86, "predictive_planner": 93.4, "symbolic_reasoner": 96.5, "proactive_nudge": 93.57, "auto_doc_agent": 93.81, "self_improvement_engine": 96.71}
[2025-11-11 03:59:22.506125] Average Fitness Score: 95.64%
[2025-11-11 03:59:22.509373] ✅  Performance optimal.
[2025-11-11 03:59:22.512730] === Evaluation Cycle Complete ===

[2025-11-11 04:59:23.901010] === Cross-Agent Fitness Evaluation Started ===
[2025-11-11 04:59:23.906885] Cross-Agent Evaluation Results: {"learning_optimizer": 90.12, "predictive_planner": 93.56, "symbolic_reasoner": 99.28, "proactive_nudge": 96.4, "auto_doc_agent": 92.59, "self_improvement_engine": 92.92}
[2025-11-11 04:59:23.911650] Average Fitness Score: 94.14%
[2025-11-11 04:59:23.914881] ⚠️  Performance below optimal threshold — triggering Evolution Auditor.
[2025-11-11 04:59:23.918746] === Evaluation Cycle Complete ===

[2025-11-11 04:59:23.957923] === Cross-Agent Fitness Evaluation Started ===
[2025-11-11 04:59:23.962487] Cross-Agent Evaluation Results: {"learning_optimizer": 95.92, "predictive_planner": 94.18, "symbolic_reasoner": 92.2, "proactive_nudge": 97.67, "auto_doc_agent": 92.72, "self_improvement_engine": 95.1}
[2025-11-11 04:59:23.965743] Average Fitness Score: 94.63%
[2025-11-11 04:59:23.969137] ⚠️  Performance below optimal threshold — triggering Evolution Auditor.
[2025-11-11 04:59:23.972386] === Evaluation Cycle Complete ===

[2025-11-11 04:59:24.231523] === Cross-Agent Fitness Evaluation Started ===
[2025-11-11 04:59:24.234969] Cross-Agent Evaluation Results: {"learning_optimizer": 97.79, "predictive_planner": 96.59, "symbolic_reasoner": 91.07, "proactive_nudge": 96.88, "auto_doc_agent": 98.69, "self_improvement_engine": 92.9}
[2025-11-11 04:59:24.238171] Average Fitness Score: 95.65%
[2025-11-11 04:59:24.241394] ✅  Performance optimal.
[2025-11-11 04:59:24.244586] === Evaluation Cycle Complete ===

[2025-11-11 05:59:24.032666] === Cross-Agent Fitness Evaluation Started ===
[2025-11-11 05:59:24.035927] Cross-Agent Evaluation Results: {"learning_optimizer": 91.09, "predictive_planner": 99.52, "symbolic_reasoner": 95.22, "proactive_nudge": 97.57, "auto_doc_agent": 98.89, "self_improvement_engine": 91.73}
[2025-11-11 05:59:24.039825] Average Fitness Score: 95.67%
[2025-11-11 05:59:24.043514] ✅  Performance optimal.
[2025-11-11 05:59:24.051726] === Evaluation Cycle Complete ===

[2025-11-11 05:59:24.067820] === Cross-Agent Fitness Evaluation Started ===
[2025-11-11 05:59:24.071610] Cross-Agent Evaluation Results: {"learning_optimizer": 97.82, "predictive_planner": 99.1, "symbolic_reasoner": 95.09, "proactive_nudge": 92.79, "auto_doc_agent": 98.62, "self_improvement_engine": 92.04}
[2025-11-11 05:59:24.077036] Average Fitness Score: 95.91%
[2025-11-11 05:59:24.080001] ✅  Performance optimal.
[2025-11-11 05:59:24.083840] === Evaluation Cycle Complete ===

[2025-11-11 05:59:24.107165] === Cross-Agent Fitness Evaluation Started ===
[2025-11-11 05:59:24.110541] Cross-Agent Evaluation Results: {"learning_optimizer": 93.6, "predictive_planner": 95.15, "symbolic_reasoner": 96.46, "proactive_nudge": 90.74, "auto_doc_agent": 96.07, "self_improvement_engine": 94.28}
[2025-11-11 05:59:24.113676] Average Fitness Score: 94.38%
[2025-11-11 05:59:24.116989] ⚠️  Performance below optimal threshold — triggering Evolution Auditor.
[2025-11-11 05:59:24.120106] === Evaluation Cycle Complete ===

[2025-11-11 06:59:24.551288] === Cross-Agent Fitness Evaluation Started ===
[2025-11-11 06:59:24.555722] Cross-Agent Evaluation Results: {"learning_optimizer": 98.05, "predictive_planner": 92.69, "symbolic_reasoner": 97.94, "proactive_nudge": 96.23, "auto_doc_agent": 90.35, "self_improvement_engine": 92.02}
[2025-11-11 06:59:24.558779] Average Fitness Score: 94.55%
[2025-11-11 06:59:24.562035] ⚠️  Performance below optimal threshold — triggering Evolution Auditor.
[2025-11-11 06:59:24.565410] === Evaluation Cycle Complete ===

[2025-11-11 06:59:24.709246] === Cross-Agent Fitness Evaluation Started ===
[2025-11-11 06:59:24.712600] Cross-Agent Evaluation Results: {"learning_optimizer": 99.05, "predictive_planner": 97.87, "symbolic_reasoner": 99.87, "proactive_nudge": 93.4, "auto_doc_agent": 91.13, "self_improvement_engine": 93.35}
[2025-11-11 06:59:24.715750] Average Fitness Score: 95.78%
[2025-11-11 06:59:24.719623] ✅  Performance optimal.
[2025-11-11 06:59:24.722960] === Evaluation Cycle Complete ===

[2025-11-11 06:59:25.116198] === Cross-Agent Fitness Evaluation Started ===
[2025-11-11 06:59:25.119517] Cross-Agent Evaluation Results: {"learning_optimizer": 97.34, "predictive_planner": 99.38, "symbolic_reasoner": 91.07, "proactive_nudge": 91.33, "auto_doc_agent": 97.54, "self_improvement_engine": 90.96}
[2025-11-11 06:59:25.122764] Average Fitness Score: 94.60%
[2025-11-11 06:59:25.125908] ⚠️  Performance below optimal threshold — triggering Evolution Auditor.
[2025-11-11 06:59:25.129138] === Evaluation Cycle Complete ===

[2025-11-11 07:59:22.065819] === Cross-Agent Fitness Evaluation Started ===
[2025-11-11 07:59:22.070386] Cross-Agent Evaluation Results: {"learning_optimizer": 95.2, "predictive_planner": 93.46, "symbolic_reasoner": 92.72, "proactive_nudge": 94.12, "auto_doc_agent": 94.73, "self_improvement_engine": 96.22}
[2025-11-11 07:59:22.074640] Average Fitness Score: 94.41%
[2025-11-11 07:59:22.078507] ⚠️  Performance below optimal threshold — triggering Evolution Auditor.
[2025-11-11 07:59:22.083483] === Evaluation Cycle Complete ===

[2025-11-11 07:59:22.493310] === Cross-Agent Fitness Evaluation Started ===
[2025-11-11 07:59:22.498495] Cross-Agent Evaluation Results: {"learning_optimizer": 91.42, "predictive_planner": 90.42, "symbolic_reasoner": 93.66, "proactive_nudge": 98.08, "auto_doc_agent": 91.17, "self_improvement_engine": 96.0}
[2025-11-11 07:59:22.502279] Average Fitness Score: 93.46%
[2025-11-11 07:59:22.506074] ⚠️  Performance below optimal threshold — triggering Evolution Auditor.
[2025-11-11 07:59:22.510012] === Evaluation Cycle Complete ===

[2025-11-11 07:59:22.596071] === Cross-Agent Fitness Evaluation Started ===
[2025-11-11 07:59:22.599480] Cross-Agent Evaluation Results: {"learning_optimizer": 99.77, "predictive_planner": 92.58, "symbolic_reasoner": 93.67, "proactive_nudge": 97.92, "auto_doc_agent": 97.5, "self_improvement_engine": 97.23}
[2025-11-11 07:59:22.602982] Average Fitness Score: 96.44%
[2025-11-11 07:59:22.606389] ✅  Performance optimal.
[2025-11-11 07:59:22.609696] === Evaluation Cycle Complete ===

[2025-11-11 08:59:23.398208] === Cross-Agent Fitness Evaluation Started ===
[2025-11-11 08:59:23.403798] Cross-Agent Evaluation Results: {"learning_optimizer": 90.89, "predictive_planner": 96.43, "symbolic_reasoner": 98.46, "proactive_nudge": 90.28, "auto_doc_agent": 90.52, "self_improvement_engine": 93.75}
[2025-11-11 08:59:23.408023] Average Fitness Score: 93.39%
[2025-11-11 08:59:23.411951] ⚠️  Performance below optimal threshold — triggering Evolution Auditor.
[2025-11-11 08:59:23.415680] === Evaluation Cycle Complete ===

[2025-11-11 08:59:23.667607] === Cross-Agent Fitness Evaluation Started ===
[2025-11-11 08:59:23.670944] Cross-Agent Evaluation Results: {"learning_optimizer": 96.78, "predictive_planner": 93.88, "symbolic_reasoner": 92.55, "proactive_nudge": 96.48, "auto_doc_agent": 97.26, "self_improvement_engine": 94.11}
[2025-11-11 08:59:23.675482] Average Fitness Score: 95.18%
[2025-11-11 08:59:23.678409] ✅  Performance optimal.
[2025-11-11 08:59:23.682740] === Evaluation Cycle Complete ===

[2025-11-11 08:59:23.958171] === Cross-Agent Fitness Evaluation Started ===
[2025-11-11 08:59:23.961967] Cross-Agent Evaluation Results: {"learning_optimizer": 99.09, "predictive_planner": 95.75, "symbolic_reasoner": 91.78, "proactive_nudge": 99.42, "auto_doc_agent": 97.0, "self_improvement_engine": 96.02}
[2025-11-11 08:59:23.965375] Average Fitness Score: 96.51%
[2025-11-11 08:59:23.969121] ✅  Performance optimal.
[2025-11-11 08:59:23.972484] === Evaluation Cycle Complete ===

[2025-11-11 09:59:24.599098] === Cross-Agent Fitness Evaluation Started ===
[2025-11-11 09:59:24.602151] Cross-Agent Evaluation Results: {"learning_optimizer": 96.02, "predictive_planner": 91.12, "symbolic_reasoner": 96.63, "proactive_nudge": 94.61, "auto_doc_agent": 91.55, "self_improvement_engine": 91.45}
[2025-11-11 09:59:24.605617] Average Fitness Score: 93.56%
[2025-11-11 09:59:24.609100] ⚠️  Performance below optimal threshold — triggering Evolution Auditor.
[2025-11-11 09:59:24.613158] === Evaluation Cycle Complete ===

[2025-11-11 09:59:24.652545] === Cross-Agent Fitness Evaluation Started ===
[2025-11-11 09:59:24.661124] Cross-Agent Evaluation Results: {"learning_optimizer": 94.28, "predictive_planner": 92.41, "symbolic_reasoner": 93.42, "proactive_nudge": 91.32, "auto_doc_agent": 99.0, "self_improvement_engine": 91.73}
[2025-11-11 09:59:24.665140] Average Fitness Score: 93.69%
[2025-11-11 09:59:24.668377] ⚠️  Performance below optimal threshold — triggering Evolution Auditor.
[2025-11-11 09:59:24.672986] === Evaluation Cycle Complete ===

[2025-11-11 09:59:24.754029] === Cross-Agent Fitness Evaluation Started ===
[2025-11-11 09:59:24.757257] Cross-Agent Evaluation Results: {"learning_optimizer": 99.27, "predictive_planner": 93.75, "symbolic_reasoner": 90.82, "proactive_nudge": 90.34, "auto_doc_agent": 99.22, "self_improvement_engine": 99.5}
[2025-11-11 09:59:24.761231] Average Fitness Score: 95.48%
[2025-11-11 09:59:24.764326] ✅  Performance optimal.
[2025-11-11 09:59:24.767464] === Evaluation Cycle Complete ===

[2025-11-11 10:59:20.148867] === Cross-Agent Fitness Evaluation Started ===
[2025-11-11 10:59:20.156725] Cross-Agent Evaluation Results: {"learning_optimizer": 91.63, "predictive_planner": 91.03, "symbolic_reasoner": 94.85, "proactive_nudge": 90.9, "auto_doc_agent": 92.65, "self_improvement_engine": 99.9}
[2025-11-11 10:59:20.160513] Average Fitness Score: 93.49%
[2025-11-11 10:59:20.164616] ⚠️  Performance below optimal threshold — triggering Evolution Auditor.
[2025-11-11 10:59:20.168802] === Evaluation Cycle Complete ===

[2025-11-11 10:59:20.278126] === Cross-Agent Fitness Evaluation Started ===
[2025-11-11 10:59:20.282016] Cross-Agent Evaluation Results: {"learning_optimizer": 96.27, "predictive_planner": 99.23, "symbolic_reasoner": 99.87, "proactive_nudge": 93.17, "auto_doc_agent": 98.62, "self_improvement_engine": 90.39}
[2025-11-11 10:59:20.285466] Average Fitness Score: 96.26%
[2025-11-11 10:59:20.288979] ✅  Performance optimal.
[2025-11-11 10:59:20.292578] === Evaluation Cycle Complete ===

[2025-11-11 10:59:20.415153] === Cross-Agent Fitness Evaluation Started ===
[2025-11-11 10:59:20.418180] Cross-Agent Evaluation Results: {"learning_optimizer": 95.8, "predictive_planner": 99.88, "symbolic_reasoner": 95.05, "proactive_nudge": 96.68, "auto_doc_agent": 97.83, "self_improvement_engine": 99.8}
[2025-11-11 10:59:20.421146] Average Fitness Score: 97.51%
[2025-11-11 10:59:20.424859] ✅  Performance optimal.
[2025-11-11 10:59:20.428367] === Evaluation Cycle Complete ===

[2025-11-11 11:59:21.681975] === Cross-Agent Fitness Evaluation Started ===
[2025-11-11 11:59:21.686781] Cross-Agent Evaluation Results: {"learning_optimizer": 92.33, "predictive_planner": 96.55, "symbolic_reasoner": 100.0, "proactive_nudge": 91.02, "auto_doc_agent": 98.75, "self_improvement_engine": 92.57}
[2025-11-11 11:59:21.689940] Average Fitness Score: 95.20%
[2025-11-11 11:59:21.693262] ✅  Performance optimal.
[2025-11-11 11:59:21.697723] === Evaluation Cycle Complete ===

[2025-11-11 11:59:22.509081] === Cross-Agent Fitness Evaluation Started ===
[2025-11-11 11:59:22.512707] Cross-Agent Evaluation Results: {"learning_optimizer": 96.97, "predictive_planner": 100.0, "symbolic_reasoner": 97.61, "proactive_nudge": 96.62, "auto_doc_agent": 96.1, "self_improvement_engine": 92.4}
[2025-11-11 11:59:22.515952] Average Fitness Score: 96.62%
[2025-11-11 11:59:22.519158] ✅  Performance optimal.
[2025-11-11 11:59:22.522362] === Evaluation Cycle Complete ===

[2025-11-11 11:59:22.801984] === Cross-Agent Fitness Evaluation Started ===
[2025-11-11 11:59:22.804697] Cross-Agent Evaluation Results: {"learning_optimizer": 95.27, "predictive_planner": 93.53, "symbolic_reasoner": 92.85, "proactive_nudge": 94.9, "auto_doc_agent": 94.44, "self_improvement_engine": 94.08}
[2025-11-11 11:59:22.807520] Average Fitness Score: 94.18%
[2025-11-11 11:59:22.811194] ⚠️  Performance below optimal threshold — triggering Evolution Auditor.
[2025-11-11 11:59:22.814474] === Evaluation Cycle Complete ===

[2025-11-11 12:59:22.186097] === Cross-Agent Fitness Evaluation Started ===
[2025-11-11 12:59:22.191000] Cross-Agent Evaluation Results: {"learning_optimizer": 95.71, "predictive_planner": 92.7, "symbolic_reasoner": 97.24, "proactive_nudge": 90.95, "auto_doc_agent": 90.52, "self_improvement_engine": 97.07}
[2025-11-11 12:59:22.194577] Average Fitness Score: 94.03%
[2025-11-11 12:59:22.198041] ⚠️  Performance below optimal threshold — triggering Evolution Auditor.
[2025-11-11 12:59:22.201707] === Evaluation Cycle Complete ===

[2025-11-11 12:59:22.667649] === Cross-Agent Fitness Evaluation Started ===
[2025-11-11 12:59:22.671655] Cross-Agent Evaluation Results: {"learning_optimizer": 91.56, "predictive_planner": 94.16, "symbolic_reasoner": 93.51, "proactive_nudge": 96.46, "auto_doc_agent": 94.85, "self_improvement_engine": 92.82}
[2025-11-11 12:59:22.675352] Average Fitness Score: 93.89%
[2025-11-11 12:59:22.679693] ⚠️  Performance below optimal threshold — triggering Evolution Auditor.
[2025-11-11 12:59:22.682933] === Evaluation Cycle Complete ===

[2025-11-11 12:59:22.780965] === Cross-Agent Fitness Evaluation Started ===
[2025-11-11 12:59:22.784394] Cross-Agent Evaluation Results: {"learning_optimizer": 92.09, "predictive_planner": 90.2, "symbolic_reasoner": 95.09, "proactive_nudge": 93.99, "auto_doc_agent": 90.32, "self_improvement_engine": 91.75}
[2025-11-11 12:59:22.788030] Average Fitness Score: 92.24%
[2025-11-11 12:59:22.791650] ⚠️  Performance below optimal threshold — triggering Evolution Auditor.
[2025-11-11 12:59:22.795072] === Evaluation Cycle Complete ===

[2025-11-11 13:59:19.366245] === Cross-Agent Fitness Evaluation Started ===
[2025-11-11 13:59:19.370505] Cross-Agent Evaluation Results: {"learning_optimizer": 93.53, "predictive_planner": 93.79, "symbolic_reasoner": 98.94, "proactive_nudge": 97.62, "auto_doc_agent": 99.78, "self_improvement_engine": 98.76}
[2025-11-11 13:59:19.374064] Average Fitness Score: 97.07%
[2025-11-11 13:59:19.377620] ✅  Performance optimal.
[2025-11-11 13:59:19.380022] === Evaluation Cycle Complete ===

[2025-11-11 13:59:19.681030] === Cross-Agent Fitness Evaluation Started ===
[2025-11-11 13:59:19.683504] Cross-Agent Evaluation Results: {"learning_optimizer": 93.86, "predictive_planner": 96.08, "symbolic_reasoner": 99.04, "proactive_nudge": 93.89, "auto_doc_agent": 97.52, "self_improvement_engine": 95.77}
[2025-11-11 13:59:19.686629] Average Fitness Score: 96.03%
[2025-11-11 13:59:19.689264] ✅  Performance optimal.
[2025-11-11 13:59:19.693194] === Evaluation Cycle Complete ===

[2025-11-11 13:59:19.743514] === Cross-Agent Fitness Evaluation Started ===
[2025-11-11 13:59:19.747337] Cross-Agent Evaluation Results: {"learning_optimizer": 94.18, "predictive_planner": 99.44, "symbolic_reasoner": 97.92, "proactive_nudge": 96.68, "auto_doc_agent": 96.1, "self_improvement_engine": 96.42}
[2025-11-11 13:59:19.751215] Average Fitness Score: 96.79%
[2025-11-11 13:59:19.754995] ✅  Performance optimal.
[2025-11-11 13:59:19.758969] === Evaluation Cycle Complete ===

[2025-11-11 14:59:19.433523] === Cross-Agent Fitness Evaluation Started ===
[2025-11-11 14:59:19.438267] Cross-Agent Evaluation Results: {"learning_optimizer": 92.82, "predictive_planner": 90.06, "symbolic_reasoner": 93.39, "proactive_nudge": 94.63, "auto_doc_agent": 97.39, "self_improvement_engine": 96.87}
[2025-11-11 14:59:19.442399] Average Fitness Score: 94.19%
[2025-11-11 14:59:19.446298] ⚠️  Performance below optimal threshold — triggering Evolution Auditor.
[2025-11-11 14:59:19.449893] === Evaluation Cycle Complete ===

[2025-11-11 14:59:19.666143] === Cross-Agent Fitness Evaluation Started ===
[2025-11-11 14:59:19.668919] Cross-Agent Evaluation Results: {"learning_optimizer": 93.69, "predictive_planner": 98.19, "symbolic_reasoner": 97.78, "proactive_nudge": 92.03, "auto_doc_agent": 97.01, "self_improvement_engine": 96.46}
[2025-11-11 14:59:19.672987] Average Fitness Score: 95.86%
[2025-11-11 14:59:19.676893] ✅  Performance optimal.
[2025-11-11 14:59:19.681018] === Evaluation Cycle Complete ===

[2025-11-11 14:59:19.855622] === Cross-Agent Fitness Evaluation Started ===
[2025-11-11 14:59:19.859982] Cross-Agent Evaluation Results: {"learning_optimizer": 95.11, "predictive_planner": 93.79, "symbolic_reasoner": 90.04, "proactive_nudge": 99.04, "auto_doc_agent": 96.56, "self_improvement_engine": 92.33}
[2025-11-11 14:59:19.863962] Average Fitness Score: 94.48%
[2025-11-11 14:59:19.868056] ⚠️  Performance below optimal threshold — triggering Evolution Auditor.
[2025-11-11 14:59:19.872263] === Evaluation Cycle Complete ===

[2025-11-11 15:59:19.420549] === Cross-Agent Fitness Evaluation Started ===
[2025-11-11 15:59:19.424291] Cross-Agent Evaluation Results: {"learning_optimizer": 92.77, "predictive_planner": 97.21, "symbolic_reasoner": 97.78, "proactive_nudge": 99.86, "auto_doc_agent": 96.93, "self_improvement_engine": 91.0}
[2025-11-11 15:59:19.428209] Average Fitness Score: 95.92%
[2025-11-11 15:59:19.432499] ✅  Performance optimal.
[2025-11-11 15:59:19.435640] === Cross-Agent Fitness Evaluation Started ===
[2025-11-11 15:59:19.438626] === Evaluation Cycle Complete ===

[2025-11-11 15:59:19.441705] Cross-Agent Evaluation Results: {"learning_optimizer": 93.65, "predictive_planner": 94.26, "symbolic_reasoner": 98.66, "proactive_nudge": 98.12, "auto_doc_agent": 95.15, "self_improvement_engine": 93.71}
[2025-11-11 15:59:19.444830] Average Fitness Score: 95.59%
[2025-11-11 15:59:19.448495] ✅  Performance optimal.
[2025-11-11 15:59:19.451788] === Evaluation Cycle Complete ===

[2025-11-11 15:59:19.664850] === Cross-Agent Fitness Evaluation Started ===
[2025-11-11 15:59:19.668086] Cross-Agent Evaluation Results: {"learning_optimizer": 97.45, "predictive_planner": 92.37, "symbolic_reasoner": 98.06, "proactive_nudge": 98.65, "auto_doc_agent": 90.72, "self_improvement_engine": 96.61}
[2025-11-11 15:59:19.671333] Average Fitness Score: 95.64%
[2025-11-11 15:59:19.674531] ✅  Performance optimal.
[2025-11-11 15:59:19.677680] === Evaluation Cycle Complete ===

[2025-11-11 16:59:21.616864] === Cross-Agent Fitness Evaluation Started ===
[2025-11-11 16:59:21.621502] Cross-Agent Evaluation Results: {"learning_optimizer": 90.73, "predictive_planner": 91.06, "symbolic_reasoner": 96.3, "proactive_nudge": 97.41, "auto_doc_agent": 96.81, "self_improvement_engine": 99.8}
[2025-11-11 16:59:21.624929] Average Fitness Score: 95.35%
[2025-11-11 16:59:21.628613] ✅  Performance optimal.
[2025-11-11 16:59:21.631835] === Evaluation Cycle Complete ===

[2025-11-11 16:59:21.636148] === Cross-Agent Fitness Evaluation Started ===
[2025-11-11 16:59:21.639170] Cross-Agent Evaluation Results: {"learning_optimizer": 92.58, "predictive_planner": 93.08, "symbolic_reasoner": 97.66, "proactive_nudge": 96.31, "auto_doc_agent": 97.01, "self_improvement_engine": 97.88}
[2025-11-11 16:59:21.643505] Average Fitness Score: 95.75%
[2025-11-11 16:59:21.648370] ✅  Performance optimal.
[2025-11-11 16:59:21.651609] === Evaluation Cycle Complete ===

[2025-11-11 16:59:21.663670] === Cross-Agent Fitness Evaluation Started ===
[2025-11-11 16:59:21.667027] Cross-Agent Evaluation Results: {"learning_optimizer": 90.28, "predictive_planner": 94.49, "symbolic_reasoner": 97.63, "proactive_nudge": 90.26, "auto_doc_agent": 94.58, "self_improvement_engine": 97.29}
[2025-11-11 16:59:21.671449] Average Fitness Score: 94.09%
[2025-11-11 16:59:21.674548] ⚠️  Performance below optimal threshold — triggering Evolution Auditor.
[2025-11-11 16:59:21.677872] === Evaluation Cycle Complete ===

[2025-11-11 17:59:23.153268] === Cross-Agent Fitness Evaluation Started ===
[2025-11-11 17:59:23.158192] Cross-Agent Evaluation Results: {"learning_optimizer": 97.93, "predictive_planner": 99.23, "symbolic_reasoner": 94.46, "proactive_nudge": 98.53, "auto_doc_agent": 92.68, "self_improvement_engine": 92.82}
[2025-11-11 17:59:23.161413] Average Fitness Score: 95.94%
[2025-11-11 17:59:23.164614] ✅  Performance optimal.
[2025-11-11 17:59:23.168117] === Evaluation Cycle Complete ===

[2025-11-11 17:59:23.413247] === Cross-Agent Fitness Evaluation Started ===
[2025-11-11 17:59:23.417352] Cross-Agent Evaluation Results: {"learning_optimizer": 92.98, "predictive_planner": 92.71, "symbolic_reasoner": 97.4, "proactive_nudge": 92.02, "auto_doc_agent": 96.24, "self_improvement_engine": 95.15}
[2025-11-11 17:59:23.420541] Average Fitness Score: 94.42%
[2025-11-11 17:59:23.423654] ⚠️  Performance below optimal threshold — triggering Evolution Auditor.
[2025-11-11 17:59:23.426806] === Evaluation Cycle Complete ===

[2025-11-11 17:59:23.503556] === Cross-Agent Fitness Evaluation Started ===
[2025-11-11 17:59:23.506790] Cross-Agent Evaluation Results: {"learning_optimizer": 91.47, "predictive_planner": 95.55, "symbolic_reasoner": 96.64, "proactive_nudge": 95.5, "auto_doc_agent": 94.32, "self_improvement_engine": 94.65}
[2025-11-11 17:59:23.509820] Average Fitness Score: 94.69%
[2025-11-11 17:59:23.512853] ⚠️  Performance below optimal threshold — triggering Evolution Auditor.
[2025-11-11 17:59:23.516406] === Evaluation Cycle Complete ===

[2025-11-11 18:59:21.966918] === Cross-Agent Fitness Evaluation Started ===
[2025-11-11 18:59:21.969929] Cross-Agent Evaluation Results: {"learning_optimizer": 91.47, "predictive_planner": 99.62, "symbolic_reasoner": 93.76, "proactive_nudge": 90.45, "auto_doc_agent": 95.76, "self_improvement_engine": 95.7}
[2025-11-11 18:59:21.973712] Average Fitness Score: 94.46%
[2025-11-11 18:59:21.977927] ⚠️  Performance below optimal threshold — triggering Evolution Auditor.
[2025-11-11 18:59:21.981610] === Evaluation Cycle Complete ===

[2025-11-11 18:59:22.204987] === Cross-Agent Fitness Evaluation Started ===
[2025-11-11 18:59:22.208619] Cross-Agent Evaluation Results: {"learning_optimizer": 97.57, "predictive_planner": 99.36, "symbolic_reasoner": 94.36, "proactive_nudge": 96.44, "auto_doc_agent": 94.88, "self_improvement_engine": 94.81}
[2025-11-11 18:59:22.211347] Average Fitness Score: 96.24%
[2025-11-11 18:59:22.214855] ✅  Performance optimal.
[2025-11-11 18:59:22.218960] === Evaluation Cycle Complete ===

[2025-11-11 18:59:22.333509] === Cross-Agent Fitness Evaluation Started ===
[2025-11-11 18:59:22.336764] Cross-Agent Evaluation Results: {"learning_optimizer": 96.93, "predictive_planner": 94.29, "symbolic_reasoner": 92.91, "proactive_nudge": 91.02, "auto_doc_agent": 91.09, "self_improvement_engine": 90.82}
[2025-11-11 18:59:22.339083] Average Fitness Score: 92.84%
[2025-11-11 18:59:22.342539] ⚠️  Performance below optimal threshold — triggering Evolution Auditor.
[2025-11-11 18:59:22.346919] === Evaluation Cycle Complete ===

[2025-11-11 19:59:20.703286] === Cross-Agent Fitness Evaluation Started ===
[2025-11-11 19:59:20.707953] Cross-Agent Evaluation Results: {"learning_optimizer": 94.48, "predictive_planner": 99.73, "symbolic_reasoner": 94.17, "proactive_nudge": 94.12, "auto_doc_agent": 93.12, "self_improvement_engine": 95.4}
[2025-11-11 19:59:20.712041] Average Fitness Score: 95.17%
[2025-11-11 19:59:20.717716] ✅  Performance optimal.
[2025-11-11 19:59:20.725678] === Evaluation Cycle Complete ===

[2025-11-11 19:59:21.183520] === Cross-Agent Fitness Evaluation Started ===
[2025-11-11 19:59:21.186823] Cross-Agent Evaluation Results: {"learning_optimizer": 99.52, "predictive_planner": 95.82, "symbolic_reasoner": 96.65, "proactive_nudge": 91.17, "auto_doc_agent": 92.82, "self_improvement_engine": 91.58}
[2025-11-11 19:59:21.190443] Average Fitness Score: 94.59%
[2025-11-11 19:59:21.193626] ⚠️  Performance below optimal threshold — triggering Evolution Auditor.
[2025-11-11 19:59:21.197139] === Evaluation Cycle Complete ===

[2025-11-11 19:59:21.208169] === Cross-Agent Fitness Evaluation Started ===
[2025-11-11 19:59:21.211232] Cross-Agent Evaluation Results: {"learning_optimizer": 92.29, "predictive_planner": 97.24, "symbolic_reasoner": 97.24, "proactive_nudge": 91.08, "auto_doc_agent": 92.2, "self_improvement_engine": 99.43}
[2025-11-11 19:59:21.213406] Average Fitness Score: 94.91%
[2025-11-11 19:59:21.216488] ⚠️  Performance below optimal threshold — triggering Evolution Auditor.
[2025-11-11 19:59:21.218710] === Evaluation Cycle Complete ===

[2025-11-11 20:59:22.929683] === Cross-Agent Fitness Evaluation Started ===
[2025-11-11 20:59:22.935194] Cross-Agent Evaluation Results: {"learning_optimizer": 93.54, "predictive_planner": 98.2, "symbolic_reasoner": 95.06, "proactive_nudge": 99.29, "auto_doc_agent": 91.53, "self_improvement_engine": 98.9}
[2025-11-11 20:59:22.938169] === Cross-Agent Fitness Evaluation Started ===
[2025-11-11 20:59:22.941487] Average Fitness Score: 96.09%
[2025-11-11 20:59:22.945595] ✅  Performance optimal.
[2025-11-11 20:59:22.949441] Cross-Agent Evaluation Results: {"learning_optimizer": 95.63, "predictive_planner": 96.43, "symbolic_reasoner": 93.92, "proactive_nudge": 94.68, "auto_doc_agent": 91.67, "self_improvement_engine": 99.22}
[2025-11-11 20:59:22.953637] === Evaluation Cycle Complete ===

[2025-11-11 20:59:22.957655] Average Fitness Score: 95.26%
[2025-11-11 20:59:22.961814] ✅  Performance optimal.
[2025-11-11 20:59:22.966021] === Evaluation Cycle Complete ===

[2025-11-11 20:59:23.285909] === Cross-Agent Fitness Evaluation Started ===
[2025-11-11 20:59:23.289050] Cross-Agent Evaluation Results: {"learning_optimizer": 96.65, "predictive_planner": 95.38, "symbolic_reasoner": 90.33, "proactive_nudge": 92.76, "auto_doc_agent": 95.8, "self_improvement_engine": 92.29}
[2025-11-11 20:59:23.294103] Average Fitness Score: 93.87%
[2025-11-11 20:59:23.297596] ⚠️  Performance below optimal threshold — triggering Evolution Auditor.
[2025-11-11 20:59:23.301718] === Evaluation Cycle Complete ===

[2025-11-11 21:59:18.927260] === Cross-Agent Fitness Evaluation Started ===
[2025-11-11 21:59:18.931759] Cross-Agent Evaluation Results: {"learning_optimizer": 91.64, "predictive_planner": 92.32, "symbolic_reasoner": 95.42, "proactive_nudge": 91.27, "auto_doc_agent": 91.0, "self_improvement_engine": 97.56}
[2025-11-11 21:59:18.934628] Average Fitness Score: 93.20%
[2025-11-11 21:59:18.938141] ⚠️  Performance below optimal threshold — triggering Evolution Auditor.
[2025-11-11 21:59:18.941627] === Evaluation Cycle Complete ===

[2025-11-11 21:59:19.094170] === Cross-Agent Fitness Evaluation Started ===
[2025-11-11 21:59:19.097888] Cross-Agent Evaluation Results: {"learning_optimizer": 91.42, "predictive_planner": 99.97, "symbolic_reasoner": 96.46, "proactive_nudge": 90.9, "auto_doc_agent": 96.67, "self_improvement_engine": 92.09}
[2025-11-11 21:59:19.101305] Average Fitness Score: 94.58%
[2025-11-11 21:59:19.104222] ⚠️  Performance below optimal threshold — triggering Evolution Auditor.
[2025-11-11 21:59:19.107681] === Cross-Agent Fitness Evaluation Started ===
[2025-11-11 21:59:19.111015] === Evaluation Cycle Complete ===

[2025-11-11 21:59:19.114306] Cross-Agent Evaluation Results: {"learning_optimizer": 97.19, "predictive_planner": 91.94, "symbolic_reasoner": 99.51, "proactive_nudge": 99.28, "auto_doc_agent": 90.96, "self_improvement_engine": 99.78}
[2025-11-11 21:59:19.117568] Average Fitness Score: 96.44%
[2025-11-11 21:59:19.121083] ✅  Performance optimal.
[2025-11-11 21:59:19.124401] === Evaluation Cycle Complete ===

[2025-11-11 22:59:21.615662] === Cross-Agent Fitness Evaluation Started ===
[2025-11-11 22:59:21.620834] Cross-Agent Evaluation Results: {"learning_optimizer": 93.22, "predictive_planner": 98.11, "symbolic_reasoner": 93.41, "proactive_nudge": 92.66, "auto_doc_agent": 99.61, "self_improvement_engine": 90.37}
[2025-11-11 22:59:21.628497] Average Fitness Score: 94.56%
[2025-11-11 22:59:21.632752] ⚠️  Performance below optimal threshold — triggering Evolution Auditor.
[2025-11-11 22:59:21.635750] === Evaluation Cycle Complete ===

[2025-11-11 22:59:21.683312] === Cross-Agent Fitness Evaluation Started ===
[2025-11-11 22:59:21.686855] Cross-Agent Evaluation Results: {"learning_optimizer": 91.78, "predictive_planner": 93.6, "symbolic_reasoner": 91.38, "proactive_nudge": 99.04, "auto_doc_agent": 91.07, "self_improvement_engine": 92.94}
[2025-11-11 22:59:21.690311] Average Fitness Score: 93.30%
[2025-11-11 22:59:21.693979] ⚠️  Performance below optimal threshold — triggering Evolution Auditor.
[2025-11-11 22:59:21.698162] === Evaluation Cycle Complete ===

[2025-11-11 22:59:22.096834] === Cross-Agent Fitness Evaluation Started ===
[2025-11-11 22:59:22.099602] Cross-Agent Evaluation Results: {"learning_optimizer": 93.42, "predictive_planner": 92.42, "symbolic_reasoner": 95.43, "proactive_nudge": 98.38, "auto_doc_agent": 98.62, "self_improvement_engine": 95.06}
[2025-11-11 22:59:22.103971] Average Fitness Score: 95.56%
[2025-11-11 22:59:22.108370] ✅  Performance optimal.
[2025-11-11 22:59:22.112248] === Evaluation Cycle Complete ===

[2025-11-11 23:59:25.241495] === Cross-Agent Fitness Evaluation Started ===
[2025-11-11 23:59:25.246818] Cross-Agent Evaluation Results: {"learning_optimizer": 92.15, "predictive_planner": 92.63, "symbolic_reasoner": 99.32, "proactive_nudge": 93.05, "auto_doc_agent": 98.05, "self_improvement_engine": 95.34}
[2025-11-11 23:59:25.250705] Average Fitness Score: 95.09%
[2025-11-11 23:59:25.254102] ✅  Performance optimal.
[2025-11-11 23:59:25.257506] === Cross-Agent Fitness Evaluation Started ===
[2025-11-11 23:59:25.260466] === Evaluation Cycle Complete ===

[2025-11-11 23:59:25.263404] Cross-Agent Evaluation Results: {"learning_optimizer": 91.36, "predictive_planner": 97.08, "symbolic_reasoner": 93.13, "proactive_nudge": 91.64, "auto_doc_agent": 95.0, "self_improvement_engine": 94.71}
[2025-11-11 23:59:25.266708] Average Fitness Score: 93.82%
[2025-11-11 23:59:25.270919] ⚠️  Performance below optimal threshold — triggering Evolution Auditor.
[2025-11-11 23:59:25.274022] === Evaluation Cycle Complete ===

[2025-11-11 23:59:25.609900] === Cross-Agent Fitness Evaluation Started ===
[2025-11-11 23:59:25.613214] Cross-Agent Evaluation Results: {"learning_optimizer": 99.08, "predictive_planner": 90.28, "symbolic_reasoner": 97.02, "proactive_nudge": 94.39, "auto_doc_agent": 95.97, "self_improvement_engine": 98.64}
[2025-11-11 23:59:25.616374] Average Fitness Score: 95.90%
[2025-11-11 23:59:25.620225] ✅  Performance optimal.
[2025-11-11 23:59:25.624290] === Evaluation Cycle Complete ===

[2025-11-12 00:59:25.338058] === Cross-Agent Fitness Evaluation Started ===
[2025-11-12 00:59:25.342025] === Cross-Agent Fitness Evaluation Started ===
[2025-11-12 00:59:25.345123] Cross-Agent Evaluation Results: {"learning_optimizer": 96.22, "predictive_planner": 98.6, "symbolic_reasoner": 97.28, "proactive_nudge": 94.55, "auto_doc_agent": 91.68, "self_improvement_engine": 91.77}
[2025-11-12 00:59:25.349547] Average Fitness Score: 95.02%
[2025-11-12 00:59:25.352751] Cross-Agent Evaluation Results: {"learning_optimizer": 95.49, "predictive_planner": 93.73, "symbolic_reasoner": 96.54, "proactive_nudge": 95.29, "auto_doc_agent": 99.45, "self_improvement_engine": 94.96}
[2025-11-12 00:59:25.356905] ✅  Performance optimal.
[2025-11-12 00:59:25.360560] Average Fitness Score: 95.91%
[2025-11-12 00:59:25.363786] === Evaluation Cycle Complete ===

[2025-11-12 00:59:25.369240] ✅  Performance optimal.
[2025-11-12 00:59:25.377825] === Evaluation Cycle Complete ===

[2025-11-12 00:59:25.396882] === Cross-Agent Fitness Evaluation Started ===
[2025-11-12 00:59:25.400196] Cross-Agent Evaluation Results: {"learning_optimizer": 93.0, "predictive_planner": 92.79, "symbolic_reasoner": 98.02, "proactive_nudge": 91.84, "auto_doc_agent": 99.77, "self_improvement_engine": 97.64}
[2025-11-12 00:59:25.404004] Average Fitness Score: 95.51%
[2025-11-12 00:59:25.407402] ✅  Performance optimal.
[2025-11-12 00:59:25.410758] === Evaluation Cycle Complete ===

[2025-11-12 01:59:23.506237] === Cross-Agent Fitness Evaluation Started ===
[2025-11-12 01:59:23.511329] Cross-Agent Evaluation Results: {"learning_optimizer": 94.73, "predictive_planner": 93.95, "symbolic_reasoner": 91.96, "proactive_nudge": 92.94, "auto_doc_agent": 97.14, "self_improvement_engine": 91.72}
[2025-11-12 01:59:23.515170] Average Fitness Score: 93.74%
[2025-11-12 01:59:23.518305] ⚠️  Performance below optimal threshold — triggering Evolution Auditor.
[2025-11-12 01:59:23.521415] === Evaluation Cycle Complete ===

[2025-11-12 01:59:23.917619] === Cross-Agent Fitness Evaluation Started ===
[2025-11-12 01:59:23.922861] Cross-Agent Evaluation Results: {"learning_optimizer": 95.95, "predictive_planner": 91.26, "symbolic_reasoner": 95.73, "proactive_nudge": 97.63, "auto_doc_agent": 91.4, "self_improvement_engine": 90.68}
[2025-11-12 01:59:23.926988] Average Fitness Score: 93.77%
[2025-11-12 01:59:23.931340] ⚠️  Performance below optimal threshold — triggering Evolution Auditor.
[2025-11-12 01:59:23.933804] === Evaluation Cycle Complete ===

[2025-11-12 01:59:23.987294] === Cross-Agent Fitness Evaluation Started ===
[2025-11-12 01:59:23.990778] Cross-Agent Evaluation Results: {"learning_optimizer": 98.25, "predictive_planner": 92.04, "symbolic_reasoner": 94.25, "proactive_nudge": 93.44, "auto_doc_agent": 94.05, "self_improvement_engine": 96.81}
[2025-11-12 01:59:23.994643] Average Fitness Score: 94.81%
[2025-11-12 01:59:23.997941] ⚠️  Performance below optimal threshold — triggering Evolution Auditor.
[2025-11-12 01:59:24.002252] === Evaluation Cycle Complete ===

[2025-11-12 02:59:19.346974] === Cross-Agent Fitness Evaluation Started ===
[2025-11-12 02:59:19.352268] Cross-Agent Evaluation Results: {"learning_optimizer": 97.35, "predictive_planner": 90.48, "symbolic_reasoner": 91.03, "proactive_nudge": 98.43, "auto_doc_agent": 99.46, "self_improvement_engine": 98.8}
[2025-11-12 02:59:19.355624] Average Fitness Score: 95.92%
[2025-11-12 02:59:19.358237] ✅  Performance optimal.
[2025-11-12 02:59:19.362702] === Evaluation Cycle Complete ===

[2025-11-12 02:59:19.424857] === Cross-Agent Fitness Evaluation Started ===
[2025-11-12 02:59:19.428116] Cross-Agent Evaluation Results: {"learning_optimizer": 96.05, "predictive_planner": 99.17, "symbolic_reasoner": 97.12, "proactive_nudge": 92.65, "auto_doc_agent": 97.21, "self_improvement_engine": 99.29}
[2025-11-12 02:59:19.431389] Average Fitness Score: 96.92%
[2025-11-12 02:59:19.434495] ✅  Performance optimal.
[2025-11-12 02:59:19.437642] === Evaluation Cycle Complete ===

[2025-11-12 02:59:19.520566] === Cross-Agent Fitness Evaluation Started ===
[2025-11-12 02:59:19.523975] Cross-Agent Evaluation Results: {"learning_optimizer": 95.95, "predictive_planner": 90.6, "symbolic_reasoner": 90.72, "proactive_nudge": 94.52, "auto_doc_agent": 99.64, "self_improvement_engine": 95.05}
[2025-11-12 02:59:19.527827] Average Fitness Score: 94.41%
[2025-11-12 02:59:19.530943] ⚠️  Performance below optimal threshold — triggering Evolution Auditor.
[2025-11-12 02:59:19.533971] === Evaluation Cycle Complete ===

[2025-11-12 03:59:20.657781] === Cross-Agent Fitness Evaluation Started ===
[2025-11-12 03:59:20.666858] Cross-Agent Evaluation Results: {"learning_optimizer": 92.08, "predictive_planner": 99.22, "symbolic_reasoner": 93.66, "proactive_nudge": 99.57, "auto_doc_agent": 95.13, "self_improvement_engine": 94.16}
[2025-11-12 03:59:20.669994] Average Fitness Score: 95.64%
[2025-11-12 03:59:20.674902] ✅  Performance optimal.
[2025-11-12 03:59:20.680290] === Evaluation Cycle Complete ===

[2025-11-12 03:59:21.458553] === Cross-Agent Fitness Evaluation Started ===
[2025-11-12 03:59:21.462514] Cross-Agent Evaluation Results: {"learning_optimizer": 91.42, "predictive_planner": 96.05, "symbolic_reasoner": 97.75, "proactive_nudge": 98.2, "auto_doc_agent": 95.7, "self_improvement_engine": 90.63}
[2025-11-12 03:59:21.466194] Average Fitness Score: 94.96%
[2025-11-12 03:59:21.469106] ⚠️  Performance below optimal threshold — triggering Evolution Auditor.
[2025-11-12 03:59:21.472588] === Evaluation Cycle Complete ===

[2025-11-12 03:59:21.551246] === Cross-Agent Fitness Evaluation Started ===
[2025-11-12 03:59:21.554877] Cross-Agent Evaluation Results: {"learning_optimizer": 91.8, "predictive_planner": 95.13, "symbolic_reasoner": 92.6, "proactive_nudge": 91.3, "auto_doc_agent": 90.49, "self_improvement_engine": 90.77}
[2025-11-12 03:59:21.557690] Average Fitness Score: 92.01%
[2025-11-12 03:59:21.561316] ⚠️  Performance below optimal threshold — triggering Evolution Auditor.
[2025-11-12 03:59:21.564446] === Evaluation Cycle Complete ===

[2025-11-12 04:59:27.113932] === Cross-Agent Fitness Evaluation Started ===
[2025-11-12 04:59:27.117404] Cross-Agent Evaluation Results: {"learning_optimizer": 97.57, "predictive_planner": 99.25, "symbolic_reasoner": 90.05, "proactive_nudge": 98.44, "auto_doc_agent": 98.79, "self_improvement_engine": 99.36}
[2025-11-12 04:59:27.121157] Average Fitness Score: 97.24%
[2025-11-12 04:59:27.125319] ✅  Performance optimal.
[2025-11-12 04:59:27.130000] === Evaluation Cycle Complete ===

[2025-11-12 04:59:27.161508] === Cross-Agent Fitness Evaluation Started ===
[2025-11-12 04:59:27.169182] Cross-Agent Evaluation Results: {"learning_optimizer": 90.95, "predictive_planner": 98.65, "symbolic_reasoner": 90.68, "proactive_nudge": 94.55, "auto_doc_agent": 90.21, "self_improvement_engine": 92.8}
[2025-11-12 04:59:27.173923] Average Fitness Score: 92.97%
[2025-11-12 04:59:27.178777] ⚠️  Performance below optimal threshold — triggering Evolution Auditor.
[2025-11-12 04:59:27.182836] === Evaluation Cycle Complete ===

[2025-11-12 04:59:27.393116] === Cross-Agent Fitness Evaluation Started ===
[2025-11-12 04:59:27.398140] Cross-Agent Evaluation Results: {"learning_optimizer": 94.68, "predictive_planner": 91.21, "symbolic_reasoner": 91.33, "proactive_nudge": 99.02, "auto_doc_agent": 92.59, "self_improvement_engine": 91.84}
[2025-11-12 04:59:27.403852] Average Fitness Score: 93.44%
[2025-11-12 04:59:27.408018] ⚠️  Performance below optimal threshold — triggering Evolution Auditor.
[2025-11-12 04:59:27.411621] === Evaluation Cycle Complete ===

[2025-11-12 05:59:24.502505] === Cross-Agent Fitness Evaluation Started ===
[2025-11-12 05:59:24.507094] Cross-Agent Evaluation Results: {"learning_optimizer": 90.73, "predictive_planner": 94.39, "symbolic_reasoner": 95.79, "proactive_nudge": 93.32, "auto_doc_agent": 96.39, "self_improvement_engine": 95.23}
[2025-11-12 05:59:24.510285] Average Fitness Score: 94.31%
[2025-11-12 05:59:24.513530] ⚠️  Performance below optimal threshold — triggering Evolution Auditor.
[2025-11-12 05:59:24.516700] === Evaluation Cycle Complete ===

[2025-11-12 05:59:24.842310] === Cross-Agent Fitness Evaluation Started ===
[2025-11-12 05:59:24.845896] Cross-Agent Evaluation Results: {"learning_optimizer": 94.38, "predictive_planner": 90.34, "symbolic_reasoner": 95.43, "proactive_nudge": 92.18, "auto_doc_agent": 98.05, "self_improvement_engine": 99.59}
[2025-11-12 05:59:24.849087] Average Fitness Score: 95.00%
[2025-11-12 05:59:24.852356] ⚠️  Performance below optimal threshold — triggering Evolution Auditor.
[2025-11-12 05:59:24.855573] === Evaluation Cycle Complete ===

[2025-11-12 05:59:25.114142] === Cross-Agent Fitness Evaluation Started ===
[2025-11-12 05:59:25.116662] Cross-Agent Evaluation Results: {"learning_optimizer": 99.21, "predictive_planner": 91.64, "symbolic_reasoner": 93.85, "proactive_nudge": 96.69, "auto_doc_agent": 91.46, "self_improvement_engine": 94.37}
[2025-11-12 05:59:25.119920] Average Fitness Score: 94.54%
[2025-11-12 05:59:25.123415] ⚠️  Performance below optimal threshold — triggering Evolution Auditor.
[2025-11-12 05:59:25.126535] === Evaluation Cycle Complete ===

[2025-11-12 06:59:24.851204] === Cross-Agent Fitness Evaluation Started ===
[2025-11-12 06:59:24.856723] Cross-Agent Evaluation Results: {"learning_optimizer": 93.85, "predictive_planner": 96.52, "symbolic_reasoner": 93.37, "proactive_nudge": 94.75, "auto_doc_agent": 92.04, "self_improvement_engine": 94.9}
[2025-11-12 06:59:24.861980] Average Fitness Score: 94.24%
[2025-11-12 06:59:24.867490] ⚠️  Performance below optimal threshold — triggering Evolution Auditor.
[2025-11-12 06:59:24.871819] === Evaluation Cycle Complete ===

[2025-11-12 06:59:25.359388] === Cross-Agent Fitness Evaluation Started ===
[2025-11-12 06:59:25.368531] Cross-Agent Evaluation Results: {"learning_optimizer": 96.59, "predictive_planner": 99.92, "symbolic_reasoner": 97.68, "proactive_nudge": 90.63, "auto_doc_agent": 98.84, "self_improvement_engine": 90.64}
[2025-11-12 06:59:25.372825] Average Fitness Score: 95.72%
[2025-11-12 06:59:25.377018] ✅  Performance optimal.
[2025-11-12 06:59:25.381761] === Evaluation Cycle Complete ===

[2025-11-12 06:59:25.391504] === Cross-Agent Fitness Evaluation Started ===
[2025-11-12 06:59:25.395568] Cross-Agent Evaluation Results: {"learning_optimizer": 91.85, "predictive_planner": 92.85, "symbolic_reasoner": 96.83, "proactive_nudge": 90.57, "auto_doc_agent": 98.93, "self_improvement_engine": 94.99}
[2025-11-12 06:59:25.398627] Average Fitness Score: 94.34%
[2025-11-12 06:59:25.403833] ⚠️  Performance below optimal threshold — triggering Evolution Auditor.
[2025-11-12 06:59:25.407276] === Evaluation Cycle Complete ===

[2025-11-12 07:59:18.630365] === Cross-Agent Fitness Evaluation Started ===
[2025-11-12 07:59:18.633810] Cross-Agent Evaluation Results: {"learning_optimizer": 98.63, "predictive_planner": 95.26, "symbolic_reasoner": 93.13, "proactive_nudge": 98.3, "auto_doc_agent": 92.19, "self_improvement_engine": 97.61}
[2025-11-12 07:59:18.638827] Average Fitness Score: 95.85%
[2025-11-12 07:59:18.642722] ✅  Performance optimal.
[2025-11-12 07:59:18.646237] === Evaluation Cycle Complete ===

[2025-11-12 07:59:18.672694] === Cross-Agent Fitness Evaluation Started ===
[2025-11-12 07:59:18.676399] Cross-Agent Evaluation Results: {"learning_optimizer": 95.21, "predictive_planner": 97.33, "symbolic_reasoner": 95.07, "proactive_nudge": 99.06, "auto_doc_agent": 97.53, "self_improvement_engine": 90.82}
[2025-11-12 07:59:18.680149] Average Fitness Score: 95.84%
[2025-11-12 07:59:18.682486] ✅  Performance optimal.
[2025-11-12 07:59:18.686524] === Evaluation Cycle Complete ===

[2025-11-12 07:59:18.773447] === Cross-Agent Fitness Evaluation Started ===
[2025-11-12 07:59:18.776483] Cross-Agent Evaluation Results: {"learning_optimizer": 90.7, "predictive_planner": 95.45, "symbolic_reasoner": 93.7, "proactive_nudge": 90.03, "auto_doc_agent": 94.36, "self_improvement_engine": 90.05}
[2025-11-12 07:59:18.779142] Average Fitness Score: 92.38%
[2025-11-12 07:59:18.781413] ⚠️  Performance below optimal threshold — triggering Evolution Auditor.
[2025-11-12 07:59:18.784513] === Evaluation Cycle Complete ===

[2025-11-12 08:59:19.931993] === Cross-Agent Fitness Evaluation Started ===
[2025-11-12 08:59:19.937292] === Cross-Agent Fitness Evaluation Started ===
[2025-11-12 08:59:19.941331] Cross-Agent Evaluation Results: {"learning_optimizer": 99.57, "predictive_planner": 95.09, "symbolic_reasoner": 99.57, "proactive_nudge": 99.1, "auto_doc_agent": 91.77, "self_improvement_engine": 93.54}
[2025-11-12 08:59:19.944554] Cross-Agent Evaluation Results: {"learning_optimizer": 98.35, "predictive_planner": 98.0, "symbolic_reasoner": 92.63, "proactive_nudge": 97.99, "auto_doc_agent": 90.91, "self_improvement_engine": 98.45}
[2025-11-12 08:59:19.948666] Average Fitness Score: 96.44%
[2025-11-12 08:59:19.952342] Average Fitness Score: 96.05%
[2025-11-12 08:59:19.955567] ✅  Performance optimal.
[2025-11-12 08:59:19.958314] ✅  Performance optimal.
[2025-11-12 08:59:19.962898] === Evaluation Cycle Complete ===

[2025-11-12 08:59:19.966343] === Evaluation Cycle Complete ===

[2025-11-12 08:59:20.164363] === Cross-Agent Fitness Evaluation Started ===
[2025-11-12 08:59:20.167764] Cross-Agent Evaluation Results: {"learning_optimizer": 93.57, "predictive_planner": 97.66, "symbolic_reasoner": 99.7, "proactive_nudge": 90.91, "auto_doc_agent": 94.95, "self_improvement_engine": 99.39}
[2025-11-12 08:59:20.170942] Average Fitness Score: 96.03%
[2025-11-12 08:59:20.175371] ✅  Performance optimal.
[2025-11-12 08:59:20.179509] === Evaluation Cycle Complete ===

[2025-11-12 09:59:24.788121] === Cross-Agent Fitness Evaluation Started ===
[2025-11-12 09:59:24.792390] Cross-Agent Evaluation Results: {"learning_optimizer": 90.89, "predictive_planner": 90.06, "symbolic_reasoner": 94.27, "proactive_nudge": 90.7, "auto_doc_agent": 97.97, "self_improvement_engine": 99.24}
[2025-11-12 09:59:24.795757] Average Fitness Score: 93.86%
[2025-11-12 09:59:24.799036] ⚠️  Performance below optimal threshold — triggering Evolution Auditor.
[2025-11-12 09:59:24.804756] === Evaluation Cycle Complete ===

[2025-11-12 09:59:25.106388] === Cross-Agent Fitness Evaluation Started ===
[2025-11-12 09:59:25.109602] Cross-Agent Evaluation Results: {"learning_optimizer": 99.03, "predictive_planner": 96.74, "symbolic_reasoner": 99.94, "proactive_nudge": 98.2, "auto_doc_agent": 98.16, "self_improvement_engine": 99.13}
[2025-11-12 09:59:25.113413] Average Fitness Score: 98.53%
[2025-11-12 09:59:25.116935] ✅  Performance optimal.
[2025-11-12 09:59:25.120462] === Evaluation Cycle Complete ===

[2025-11-12 09:59:25.216972] === Cross-Agent Fitness Evaluation Started ===
[2025-11-12 09:59:25.220731] Cross-Agent Evaluation Results: {"learning_optimizer": 96.39, "predictive_planner": 99.81, "symbolic_reasoner": 91.79, "proactive_nudge": 91.77, "auto_doc_agent": 95.62, "self_improvement_engine": 94.8}
[2025-11-12 09:59:25.224635] Average Fitness Score: 95.03%
[2025-11-12 09:59:25.228645] ✅  Performance optimal.
[2025-11-12 09:59:25.232059] === Evaluation Cycle Complete ===

[2025-11-12 10:59:20.612304] === Cross-Agent Fitness Evaluation Started ===
[2025-11-12 10:59:20.615657] Cross-Agent Evaluation Results: {"learning_optimizer": 99.08, "predictive_planner": 95.94, "symbolic_reasoner": 92.13, "proactive_nudge": 90.45, "auto_doc_agent": 98.27, "self_improvement_engine": 97.39}
[2025-11-12 10:59:20.619826] Average Fitness Score: 95.54%
[2025-11-12 10:59:20.624012] ✅  Performance optimal.
[2025-11-12 10:59:20.628011] === Evaluation Cycle Complete ===

[2025-11-12 10:59:20.711636] === Cross-Agent Fitness Evaluation Started ===
[2025-11-12 10:59:20.715176] Cross-Agent Evaluation Results: {"learning_optimizer": 93.02, "predictive_planner": 94.44, "symbolic_reasoner": 99.22, "proactive_nudge": 95.41, "auto_doc_agent": 96.35, "self_improvement_engine": 97.49}
[2025-11-12 10:59:20.719112] Average Fitness Score: 95.99%
[2025-11-12 10:59:20.722873] ✅  Performance optimal.
[2025-11-12 10:59:20.726881] === Evaluation Cycle Complete ===

[2025-11-12 10:59:20.883439] === Cross-Agent Fitness Evaluation Started ===
[2025-11-12 10:59:20.887482] Cross-Agent Evaluation Results: {"learning_optimizer": 95.14, "predictive_planner": 95.67, "symbolic_reasoner": 91.77, "proactive_nudge": 91.28, "auto_doc_agent": 93.94, "self_improvement_engine": 93.8}
[2025-11-12 10:59:20.892454] Average Fitness Score: 93.60%
[2025-11-12 10:59:20.895576] ⚠️  Performance below optimal threshold — triggering Evolution Auditor.
[2025-11-12 10:59:20.898662] === Evaluation Cycle Complete ===

[2025-11-12 11:59:22.396388] === Cross-Agent Fitness Evaluation Started ===
[2025-11-12 11:59:22.402021] Cross-Agent Evaluation Results: {"learning_optimizer": 94.03, "predictive_planner": 98.77, "symbolic_reasoner": 98.28, "proactive_nudge": 95.56, "auto_doc_agent": 93.22, "self_improvement_engine": 97.69}
[2025-11-12 11:59:22.405768] Average Fitness Score: 96.26%
[2025-11-12 11:59:22.408209] ✅  Performance optimal.
[2025-11-12 11:59:22.411304] === Evaluation Cycle Complete ===

[2025-11-12 11:59:22.567106] === Cross-Agent Fitness Evaluation Started ===
[2025-11-12 11:59:22.570369] Cross-Agent Evaluation Results: {"learning_optimizer": 95.59, "predictive_planner": 99.38, "symbolic_reasoner": 98.04, "proactive_nudge": 96.79, "auto_doc_agent": 99.26, "self_improvement_engine": 97.93}
[2025-11-12 11:59:22.573490] Average Fitness Score: 97.83%
[2025-11-12 11:59:22.576598] ✅  Performance optimal.
[2025-11-12 11:59:22.579636] === Evaluation Cycle Complete ===

[2025-11-12 11:59:22.650579] === Cross-Agent Fitness Evaluation Started ===
[2025-11-12 11:59:22.653848] Cross-Agent Evaluation Results: {"learning_optimizer": 92.91, "predictive_planner": 92.67, "symbolic_reasoner": 90.62, "proactive_nudge": 97.41, "auto_doc_agent": 98.99, "self_improvement_engine": 93.09}
[2025-11-12 11:59:22.657068] Average Fitness Score: 94.28%
[2025-11-12 11:59:22.660082] ⚠️  Performance below optimal threshold — triggering Evolution Auditor.
[2025-11-12 11:59:22.663145] === Evaluation Cycle Complete ===

[2025-11-12 12:59:21.049085] === Cross-Agent Fitness Evaluation Started ===
[2025-11-12 12:59:21.053016] Cross-Agent Evaluation Results: {"learning_optimizer": 97.37, "predictive_planner": 92.32, "symbolic_reasoner": 90.28, "proactive_nudge": 90.33, "auto_doc_agent": 96.95, "self_improvement_engine": 99.43}
[2025-11-12 12:59:21.057473] Average Fitness Score: 94.45%
[2025-11-12 12:59:21.060448] ⚠️  Performance below optimal threshold — triggering Evolution Auditor.
[2025-11-12 12:59:21.064715] === Evaluation Cycle Complete ===

[2025-11-12 12:59:21.210281] === Cross-Agent Fitness Evaluation Started ===
[2025-11-12 12:59:21.213768] Cross-Agent Evaluation Results: {"learning_optimizer": 91.09, "predictive_planner": 95.62, "symbolic_reasoner": 90.96, "proactive_nudge": 94.06, "auto_doc_agent": 97.99, "self_improvement_engine": 99.82}
[2025-11-12 12:59:21.217755] Average Fitness Score: 94.92%
[2025-11-12 12:59:21.222464] ⚠️  Performance below optimal threshold — triggering Evolution Auditor.
[2025-11-12 12:59:21.226711] === Evaluation Cycle Complete ===

[2025-11-12 12:59:21.431568] === Cross-Agent Fitness Evaluation Started ===
[2025-11-12 12:59:21.434859] Cross-Agent Evaluation Results: {"learning_optimizer": 95.26, "predictive_planner": 93.54, "symbolic_reasoner": 99.24, "proactive_nudge": 91.51, "auto_doc_agent": 90.94, "self_improvement_engine": 93.22}
[2025-11-12 12:59:21.437991] Average Fitness Score: 93.95%
[2025-11-12 12:59:21.440968] ⚠️  Performance below optimal threshold — triggering Evolution Auditor.
[2025-11-12 12:59:21.444309] === Evaluation Cycle Complete ===

[2025-11-12 13:59:18.021684] === Cross-Agent Fitness Evaluation Started ===
[2025-11-12 13:59:18.028560] Cross-Agent Evaluation Results: {"learning_optimizer": 94.27, "predictive_planner": 99.82, "symbolic_reasoner": 99.98, "proactive_nudge": 98.54, "auto_doc_agent": 96.85, "self_improvement_engine": 93.47}
[2025-11-12 13:59:18.037685] Average Fitness Score: 97.15%
[2025-11-12 13:59:18.040979] ✅  Performance optimal.
[2025-11-12 13:59:18.044120] === Evaluation Cycle Complete ===

[2025-11-12 13:59:18.101038] === Cross-Agent Fitness Evaluation Started ===
[2025-11-12 13:59:18.104311] Cross-Agent Evaluation Results: {"learning_optimizer": 95.31, "predictive_planner": 99.67, "symbolic_reasoner": 94.45, "proactive_nudge": 97.7, "auto_doc_agent": 93.17, "self_improvement_engine": 91.73}
[2025-11-12 13:59:18.107840] Average Fitness Score: 95.34%
[2025-11-12 13:59:18.111131] ✅  Performance optimal.
[2025-11-12 13:59:18.116032] === Evaluation Cycle Complete ===

[2025-11-12 13:59:18.125508] === Cross-Agent Fitness Evaluation Started ===
[2025-11-12 13:59:18.129046] Cross-Agent Evaluation Results: {"learning_optimizer": 98.71, "predictive_planner": 96.76, "symbolic_reasoner": 98.1, "proactive_nudge": 93.26, "auto_doc_agent": 94.28, "self_improvement_engine": 91.08}
[2025-11-12 13:59:18.132200] Average Fitness Score: 95.37%
[2025-11-12 13:59:18.135357] ✅  Performance optimal.
[2025-11-12 13:59:18.138470] === Evaluation Cycle Complete ===

[2025-11-12 14:59:18.998724] === Cross-Agent Fitness Evaluation Started ===
[2025-11-12 14:59:19.003480] === Cross-Agent Fitness Evaluation Started ===
[2025-11-12 14:59:19.006479] Cross-Agent Evaluation Results: {"learning_optimizer": 90.27, "predictive_planner": 98.42, "symbolic_reasoner": 98.56, "proactive_nudge": 93.52, "auto_doc_agent": 94.5, "self_improvement_engine": 97.62}
[2025-11-12 14:59:19.009770] Cross-Agent Evaluation Results: {"learning_optimizer": 97.76, "predictive_planner": 95.0, "symbolic_reasoner": 94.04, "proactive_nudge": 94.83, "auto_doc_agent": 98.42, "self_improvement_engine": 94.97}
[2025-11-12 14:59:19.013301] Average Fitness Score: 95.48%
[2025-11-12 14:59:19.016538] Average Fitness Score: 95.84%
[2025-11-12 14:59:19.019658] ✅  Performance optimal.
[2025-11-12 14:59:19.022594] ✅  Performance optimal.
[2025-11-12 14:59:19.025591] === Evaluation Cycle Complete ===

[2025-11-12 14:59:19.029361] === Evaluation Cycle Complete ===

[2025-11-12 14:59:19.130320] === Cross-Agent Fitness Evaluation Started ===
[2025-11-12 14:59:19.134519] Cross-Agent Evaluation Results: {"learning_optimizer": 97.64, "predictive_planner": 95.02, "symbolic_reasoner": 99.63, "proactive_nudge": 90.09, "auto_doc_agent": 95.44, "self_improvement_engine": 90.15}
[2025-11-12 14:59:19.137491] Average Fitness Score: 94.66%
[2025-11-12 14:59:19.140200] ⚠️  Performance below optimal threshold — triggering Evolution Auditor.
[2025-11-12 14:59:19.142995] === Evaluation Cycle Complete ===

[2025-11-12 15:59:18.729044] === Cross-Agent Fitness Evaluation Started ===
[2025-11-12 15:59:18.733653] Cross-Agent Evaluation Results: {"learning_optimizer": 93.78, "predictive_planner": 97.29, "symbolic_reasoner": 96.06, "proactive_nudge": 98.2, "auto_doc_agent": 93.37, "self_improvement_engine": 90.67}
[2025-11-12 15:59:18.737805] Average Fitness Score: 94.89%
[2025-11-12 15:59:18.741737] ⚠️  Performance below optimal threshold — triggering Evolution Auditor.
[2025-11-12 15:59:18.747515] === Evaluation Cycle Complete ===

[2025-11-12 15:59:18.818608] === Cross-Agent Fitness Evaluation Started ===
[2025-11-12 15:59:18.822145] Cross-Agent Evaluation Results: {"learning_optimizer": 94.2, "predictive_planner": 93.84, "symbolic_reasoner": 94.74, "proactive_nudge": 97.06, "auto_doc_agent": 97.28, "self_improvement_engine": 99.56}
[2025-11-12 15:59:18.825984] Average Fitness Score: 96.11%
[2025-11-12 15:59:18.829842] ✅  Performance optimal.
[2025-11-12 15:59:18.833512] === Evaluation Cycle Complete ===

[2025-11-12 15:59:18.850476] === Cross-Agent Fitness Evaluation Started ===
[2025-11-12 15:59:18.853579] Cross-Agent Evaluation Results: {"learning_optimizer": 95.75, "predictive_planner": 93.3, "symbolic_reasoner": 94.32, "proactive_nudge": 94.6, "auto_doc_agent": 92.56, "self_improvement_engine": 91.02}
[2025-11-12 15:59:18.857100] Average Fitness Score: 93.59%
[2025-11-12 15:59:18.860977] ⚠️  Performance below optimal threshold — triggering Evolution Auditor.
[2025-11-12 15:59:18.863207] === Evaluation Cycle Complete ===

[2025-11-12 16:59:21.790107] === Cross-Agent Fitness Evaluation Started ===
[2025-11-12 16:59:21.795386] Cross-Agent Evaluation Results: {"learning_optimizer": 95.81, "predictive_planner": 93.59, "symbolic_reasoner": 99.97, "proactive_nudge": 92.97, "auto_doc_agent": 95.34, "self_improvement_engine": 97.27}
[2025-11-12 16:59:21.799885] Average Fitness Score: 95.83%
[2025-11-12 16:59:21.803707] ✅  Performance optimal.
[2025-11-12 16:59:21.807774] === Evaluation Cycle Complete ===

[2025-11-12 16:59:21.917230] === Cross-Agent Fitness Evaluation Started ===
[2025-11-12 16:59:21.921993] Cross-Agent Evaluation Results: {"learning_optimizer": 93.59, "predictive_planner": 99.85, "symbolic_reasoner": 90.65, "proactive_nudge": 92.11, "auto_doc_agent": 90.72, "self_improvement_engine": 97.49}
[2025-11-12 16:59:21.925404] Average Fitness Score: 94.07%
[2025-11-12 16:59:21.928884] ⚠️  Performance below optimal threshold — triggering Evolution Auditor.
[2025-11-12 16:59:21.932580] === Evaluation Cycle Complete ===

[2025-11-12 16:59:22.112721] === Cross-Agent Fitness Evaluation Started ===
[2025-11-12 16:59:22.117134] Cross-Agent Evaluation Results: {"learning_optimizer": 95.63, "predictive_planner": 98.57, "symbolic_reasoner": 99.63, "proactive_nudge": 98.64, "auto_doc_agent": 98.45, "self_improvement_engine": 93.52}
[2025-11-12 16:59:22.120293] Average Fitness Score: 97.41%
[2025-11-12 16:59:22.123444] ✅  Performance optimal.
[2025-11-12 16:59:22.126804] === Evaluation Cycle Complete ===

[2025-11-12 17:59:22.222666] === Cross-Agent Fitness Evaluation Started ===
[2025-11-12 17:59:22.227877] Cross-Agent Evaluation Results: {"learning_optimizer": 99.84, "predictive_planner": 93.67, "symbolic_reasoner": 92.64, "proactive_nudge": 99.63, "auto_doc_agent": 94.27, "self_improvement_engine": 92.16}
[2025-11-12 17:59:22.231516] Average Fitness Score: 95.37%
[2025-11-12 17:59:22.235117] ✅  Performance optimal.
[2025-11-12 17:59:22.238749] === Evaluation Cycle Complete ===

[2025-11-12 17:59:22.272678] === Cross-Agent Fitness Evaluation Started ===
[2025-11-12 17:59:22.276004] Cross-Agent Evaluation Results: {"learning_optimizer": 92.67, "predictive_planner": 96.88, "symbolic_reasoner": 95.22, "proactive_nudge": 91.59, "auto_doc_agent": 92.09, "self_improvement_engine": 97.87}
[2025-11-12 17:59:22.279271] Average Fitness Score: 94.39%
[2025-11-12 17:59:22.282486] ⚠️  Performance below optimal threshold — triggering Evolution Auditor.
[2025-11-12 17:59:22.285821] === Evaluation Cycle Complete ===

[2025-11-12 17:59:22.292126] === Cross-Agent Fitness Evaluation Started ===
[2025-11-12 17:59:22.296995] Cross-Agent Evaluation Results: {"learning_optimizer": 99.91, "predictive_planner": 95.58, "symbolic_reasoner": 92.97, "proactive_nudge": 96.11, "auto_doc_agent": 90.99, "self_improvement_engine": 97.69}
[2025-11-12 17:59:22.300122] Average Fitness Score: 95.54%
[2025-11-12 17:59:22.303336] ✅  Performance optimal.
[2025-11-12 17:59:22.306775] === Evaluation Cycle Complete ===

[2025-11-12 18:59:20.683861] === Cross-Agent Fitness Evaluation Started ===
[2025-11-12 18:59:20.687071] Cross-Agent Evaluation Results: {"learning_optimizer": 96.28, "predictive_planner": 99.0, "symbolic_reasoner": 97.7, "proactive_nudge": 98.75, "auto_doc_agent": 99.72, "self_improvement_engine": 94.15}
[2025-11-12 18:59:20.690656] Average Fitness Score: 97.60%
[2025-11-12 18:59:20.697487] ✅  Performance optimal.
[2025-11-12 18:59:20.700912] === Evaluation Cycle Complete ===

[2025-11-12 18:59:21.249510] === Cross-Agent Fitness Evaluation Started ===
[2025-11-12 18:59:21.255390] Cross-Agent Evaluation Results: {"learning_optimizer": 95.48, "predictive_planner": 96.77, "symbolic_reasoner": 91.65, "proactive_nudge": 95.5, "auto_doc_agent": 99.39, "self_improvement_engine": 92.52}
[2025-11-12 18:59:21.258807] Average Fitness Score: 95.22%
[2025-11-12 18:59:21.261912] ✅  Performance optimal.
[2025-11-12 18:59:21.265531] === Evaluation Cycle Complete ===

[2025-11-12 18:59:21.425682] === Cross-Agent Fitness Evaluation Started ===
[2025-11-12 18:59:21.429295] Cross-Agent Evaluation Results: {"learning_optimizer": 99.64, "predictive_planner": 95.95, "symbolic_reasoner": 98.12, "proactive_nudge": 98.2, "auto_doc_agent": 97.01, "self_improvement_engine": 93.24}
[2025-11-12 18:59:21.432653] Average Fitness Score: 97.03%
[2025-11-12 18:59:21.436258] ✅  Performance optimal.
[2025-11-12 18:59:21.439578] === Evaluation Cycle Complete ===

[2025-11-12 19:59:22.237665] === Cross-Agent Fitness Evaluation Started ===
[2025-11-12 19:59:22.242759] Cross-Agent Evaluation Results: {"learning_optimizer": 97.93, "predictive_planner": 94.68, "symbolic_reasoner": 92.58, "proactive_nudge": 93.55, "auto_doc_agent": 92.89, "self_improvement_engine": 91.14}
[2025-11-12 19:59:22.245513] Average Fitness Score: 93.80%
[2025-11-12 19:59:22.249809] ⚠️  Performance below optimal threshold — triggering Evolution Auditor.
[2025-11-12 19:59:22.253654] === Evaluation Cycle Complete ===

[2025-11-12 19:59:22.758863] === Cross-Agent Fitness Evaluation Started ===
[2025-11-12 19:59:22.762771] Cross-Agent Evaluation Results: {"learning_optimizer": 97.22, "predictive_planner": 93.56, "symbolic_reasoner": 92.8, "proactive_nudge": 98.04, "auto_doc_agent": 94.07, "self_improvement_engine": 92.09}
[2025-11-12 19:59:22.766535] Average Fitness Score: 94.63%
[2025-11-12 19:59:22.771398] ⚠️  Performance below optimal threshold — triggering Evolution Auditor.
[2025-11-12 19:59:22.774679] === Evaluation Cycle Complete ===

[2025-11-12 19:59:22.924748] === Cross-Agent Fitness Evaluation Started ===
[2025-11-12 19:59:22.928850] Cross-Agent Evaluation Results: {"learning_optimizer": 91.55, "predictive_planner": 97.04, "symbolic_reasoner": 97.92, "proactive_nudge": 95.61, "auto_doc_agent": 97.07, "self_improvement_engine": 95.53}
[2025-11-12 19:59:22.933006] Average Fitness Score: 95.79%
[2025-11-12 19:59:22.937072] ✅  Performance optimal.
[2025-11-12 19:59:22.941215] === Evaluation Cycle Complete ===

[2025-11-12 20:59:21.733445] === Cross-Agent Fitness Evaluation Started ===
[2025-11-12 20:59:21.737985] Cross-Agent Evaluation Results: {"learning_optimizer": 99.09, "predictive_planner": 92.85, "symbolic_reasoner": 98.39, "proactive_nudge": 92.6, "auto_doc_agent": 95.13, "self_improvement_engine": 91.13}
[2025-11-12 20:59:21.741662] Average Fitness Score: 94.86%
[2025-11-12 20:59:21.745383] ⚠️  Performance below optimal threshold — triggering Evolution Auditor.
[2025-11-12 20:59:21.749200] === Evaluation Cycle Complete ===

[2025-11-12 20:59:21.816914] === Cross-Agent Fitness Evaluation Started ===
[2025-11-12 20:59:21.822183] Cross-Agent Evaluation Results: {"learning_optimizer": 95.93, "predictive_planner": 93.48, "symbolic_reasoner": 98.26, "proactive_nudge": 94.93, "auto_doc_agent": 97.44, "self_improvement_engine": 97.96}
[2025-11-12 20:59:21.825612] Average Fitness Score: 96.33%
[2025-11-12 20:59:21.828681] ✅  Performance optimal.
[2025-11-12 20:59:21.831758] === Evaluation Cycle Complete ===

[2025-11-12 20:59:21.892172] === Cross-Agent Fitness Evaluation Started ===
[2025-11-12 20:59:21.895493] Cross-Agent Evaluation Results: {"learning_optimizer": 93.73, "predictive_planner": 93.27, "symbolic_reasoner": 96.94, "proactive_nudge": 93.13, "auto_doc_agent": 91.29, "self_improvement_engine": 91.77}
[2025-11-12 20:59:21.898866] Average Fitness Score: 93.36%
[2025-11-12 20:59:21.902004] ⚠️  Performance below optimal threshold — triggering Evolution Auditor.
[2025-11-12 20:59:21.905201] === Evaluation Cycle Complete ===

[2025-11-12 21:59:18.336396] === Cross-Agent Fitness Evaluation Started ===
[2025-11-12 21:59:18.341817] Cross-Agent Evaluation Results: {"learning_optimizer": 95.61, "predictive_planner": 98.67, "symbolic_reasoner": 98.41, "proactive_nudge": 95.55, "auto_doc_agent": 99.19, "self_improvement_engine": 95.86}
[2025-11-12 21:59:18.346672] Average Fitness Score: 97.21%
[2025-11-12 21:59:18.350998] === Cross-Agent Fitness Evaluation Started ===
[2025-11-12 21:59:18.354836] ✅  Performance optimal.
[2025-11-12 21:59:18.358008] Cross-Agent Evaluation Results: {"learning_optimizer": 90.82, "predictive_planner": 99.25, "symbolic_reasoner": 93.74, "proactive_nudge": 97.5, "auto_doc_agent": 91.78, "self_improvement_engine": 90.63}
[2025-11-12 21:59:18.360267] === Evaluation Cycle Complete ===

[2025-11-12 21:59:18.363549] Average Fitness Score: 93.95%
[2025-11-12 21:59:18.367274] ⚠️  Performance below optimal threshold — triggering Evolution Auditor.
[2025-11-12 21:59:18.371495] === Evaluation Cycle Complete ===

[2025-11-12 21:59:18.449827] === Cross-Agent Fitness Evaluation Started ===
[2025-11-12 21:59:18.453045] Cross-Agent Evaluation Results: {"learning_optimizer": 95.68, "predictive_planner": 90.21, "symbolic_reasoner": 91.26, "proactive_nudge": 94.54, "auto_doc_agent": 98.64, "self_improvement_engine": 97.64}
[2025-11-12 21:59:18.457441] Average Fitness Score: 94.66%
[2025-11-12 21:59:18.460478] ⚠️  Performance below optimal threshold — triggering Evolution Auditor.
[2025-11-12 21:59:18.462929] === Evaluation Cycle Complete ===

[2025-11-12 22:59:21.852815] === Cross-Agent Fitness Evaluation Started ===
[2025-11-12 22:59:21.857686] Cross-Agent Evaluation Results: {"learning_optimizer": 99.13, "predictive_planner": 98.7, "symbolic_reasoner": 98.44, "proactive_nudge": 96.45, "auto_doc_agent": 91.57, "self_improvement_engine": 96.15}
[2025-11-12 22:59:21.861116] Average Fitness Score: 96.74%
[2025-11-12 22:59:21.866609] ✅  Performance optimal.
[2025-11-12 22:59:21.870048] === Evaluation Cycle Complete ===

[2025-11-12 22:59:22.168854] === Cross-Agent Fitness Evaluation Started ===
[2025-11-12 22:59:22.171535] Cross-Agent Evaluation Results: {"learning_optimizer": 99.18, "predictive_planner": 96.82, "symbolic_reasoner": 93.71, "proactive_nudge": 94.2, "auto_doc_agent": 96.47, "self_improvement_engine": 94.78}
[2025-11-12 22:59:22.174879] Average Fitness Score: 95.86%
[2025-11-12 22:59:22.178299] ✅  Performance optimal.
[2025-11-12 22:59:22.180730] === Evaluation Cycle Complete ===

[2025-11-12 22:59:22.573584] === Cross-Agent Fitness Evaluation Started ===
[2025-11-12 22:59:22.577027] Cross-Agent Evaluation Results: {"learning_optimizer": 92.4, "predictive_planner": 94.68, "symbolic_reasoner": 95.25, "proactive_nudge": 97.48, "auto_doc_agent": 99.94, "self_improvement_engine": 93.29}
[2025-11-12 22:59:22.580142] Average Fitness Score: 95.51%
[2025-11-12 22:59:22.583283] ✅  Performance optimal.
[2025-11-12 22:59:22.586471] === Evaluation Cycle Complete ===

[2025-11-12 23:59:50.659036] === Cross-Agent Fitness Evaluation Started ===
[2025-11-12 23:59:50.663581] Cross-Agent Evaluation Results: {"learning_optimizer": 97.16, "predictive_planner": 90.49, "symbolic_reasoner": 94.69, "proactive_nudge": 94.6, "auto_doc_agent": 92.08, "self_improvement_engine": 92.46}
[2025-11-12 23:59:50.666731] Average Fitness Score: 93.58%
[2025-11-12 23:59:50.669144] ⚠️  Performance below optimal threshold — triggering Evolution Auditor.
[2025-11-12 23:59:50.672385] === Evaluation Cycle Complete ===

[2025-11-12 23:59:52.931164] === Cross-Agent Fitness Evaluation Started ===
[2025-11-12 23:59:52.934591] Cross-Agent Evaluation Results: {"learning_optimizer": 93.91, "predictive_planner": 98.02, "symbolic_reasoner": 98.38, "proactive_nudge": 95.64, "auto_doc_agent": 99.63, "self_improvement_engine": 94.75}
[2025-11-12 23:59:52.938153] Average Fitness Score: 96.72%
[2025-11-12 23:59:52.941805] ✅  Performance optimal.
[2025-11-12 23:59:52.944320] === Evaluation Cycle Complete ===

[2025-11-12 23:59:55.959788] === Cross-Agent Fitness Evaluation Started ===
[2025-11-12 23:59:55.963178] Cross-Agent Evaluation Results: {"learning_optimizer": 93.42, "predictive_planner": 95.03, "symbolic_reasoner": 93.18, "proactive_nudge": 97.8, "auto_doc_agent": 92.09, "self_improvement_engine": 98.25}
[2025-11-12 23:59:55.967199] Average Fitness Score: 94.96%
[2025-11-12 23:59:55.970845] ⚠️  Performance below optimal threshold — triggering Evolution Auditor.
[2025-11-12 23:59:55.974308] === Evaluation Cycle Complete ===

[2025-11-13 00:59:24.230729] === Cross-Agent Fitness Evaluation Started ===
[2025-11-13 00:59:24.235045] Cross-Agent Evaluation Results: {"learning_optimizer": 94.6, "predictive_planner": 99.51, "symbolic_reasoner": 98.6, "proactive_nudge": 93.2, "auto_doc_agent": 92.41, "self_improvement_engine": 99.07}
[2025-11-13 00:59:24.238272] Average Fitness Score: 96.23%
[2025-11-13 00:59:24.241377] ✅  Performance optimal.
[2025-11-13 00:59:24.244609] === Evaluation Cycle Complete ===

[2025-11-13 00:59:24.495254] === Cross-Agent Fitness Evaluation Started ===
[2025-11-13 00:59:24.498762] Cross-Agent Evaluation Results: {"learning_optimizer": 97.4, "predictive_planner": 95.03, "symbolic_reasoner": 95.88, "proactive_nudge": 99.45, "auto_doc_agent": 98.58, "self_improvement_engine": 90.54}
[2025-11-13 00:59:24.502583] Average Fitness Score: 96.15%
[2025-11-13 00:59:24.506113] ✅  Performance optimal.
[2025-11-13 00:59:24.509894] === Evaluation Cycle Complete ===

[2025-11-13 00:59:24.724110] === Cross-Agent Fitness Evaluation Started ===
[2025-11-13 00:59:24.727757] Cross-Agent Evaluation Results: {"learning_optimizer": 97.25, "predictive_planner": 93.08, "symbolic_reasoner": 95.61, "proactive_nudge": 96.78, "auto_doc_agent": 98.45, "self_improvement_engine": 94.01}
[2025-11-13 00:59:24.731511] Average Fitness Score: 95.86%
[2025-11-13 00:59:24.734617] ✅  Performance optimal.
[2025-11-13 00:59:24.738292] === Evaluation Cycle Complete ===

[2025-11-13 01:59:21.211931] === Cross-Agent Fitness Evaluation Started ===
[2025-11-13 01:59:21.216179] Cross-Agent Evaluation Results: {"learning_optimizer": 93.67, "predictive_planner": 91.51, "symbolic_reasoner": 93.61, "proactive_nudge": 92.92, "auto_doc_agent": 90.34, "self_improvement_engine": 95.21}
[2025-11-13 01:59:21.220096] Average Fitness Score: 92.88%
[2025-11-13 01:59:21.224047] ⚠️  Performance below optimal threshold — triggering Evolution Auditor.
[2025-11-13 01:59:21.227551] === Evaluation Cycle Complete ===

[2025-11-13 01:59:21.499191] === Cross-Agent Fitness Evaluation Started ===
[2025-11-13 01:59:21.503623] Cross-Agent Evaluation Results: {"learning_optimizer": 95.3, "predictive_planner": 94.6, "symbolic_reasoner": 95.43, "proactive_nudge": 94.33, "auto_doc_agent": 96.14, "self_improvement_engine": 98.31}
[2025-11-13 01:59:21.507677] Average Fitness Score: 95.69%
[2025-11-13 01:59:21.511788] ✅  Performance optimal.
[2025-11-13 01:59:21.515290] === Evaluation Cycle Complete ===

[2025-11-13 01:59:21.721617] === Cross-Agent Fitness Evaluation Started ===
[2025-11-13 01:59:21.724996] Cross-Agent Evaluation Results: {"learning_optimizer": 94.7, "predictive_planner": 98.17, "symbolic_reasoner": 99.48, "proactive_nudge": 99.53, "auto_doc_agent": 97.11, "self_improvement_engine": 92.88}
[2025-11-13 01:59:21.728138] Average Fitness Score: 96.98%
[2025-11-13 01:59:21.731362] ✅  Performance optimal.
[2025-11-13 01:59:21.734495] === Evaluation Cycle Complete ===

[2025-11-13 02:59:24.262165] === Cross-Agent Fitness Evaluation Started ===
[2025-11-13 02:59:24.268096] Cross-Agent Evaluation Results: {"learning_optimizer": 97.53, "predictive_planner": 96.27, "symbolic_reasoner": 92.22, "proactive_nudge": 93.36, "auto_doc_agent": 96.38, "self_improvement_engine": 95.6}
[2025-11-13 02:59:24.272240] Average Fitness Score: 95.23%
[2025-11-13 02:59:24.276255] ✅  Performance optimal.
[2025-11-13 02:59:24.279812] === Evaluation Cycle Complete ===

[2025-11-13 02:59:24.445237] === Cross-Agent Fitness Evaluation Started ===
[2025-11-13 02:59:24.448922] Cross-Agent Evaluation Results: {"learning_optimizer": 97.87, "predictive_planner": 98.75, "symbolic_reasoner": 99.27, "proactive_nudge": 92.5, "auto_doc_agent": 90.9, "self_improvement_engine": 93.96}
[2025-11-13 02:59:24.452749] Average Fitness Score: 95.54%
[2025-11-13 02:59:24.455984] ✅  Performance optimal.
[2025-11-13 02:59:24.460011] === Evaluation Cycle Complete ===

[2025-11-13 02:59:24.463777] === Cross-Agent Fitness Evaluation Started ===
[2025-11-13 02:59:24.467321] Cross-Agent Evaluation Results: {"learning_optimizer": 90.34, "predictive_planner": 90.12, "symbolic_reasoner": 94.81, "proactive_nudge": 99.11, "auto_doc_agent": 94.74, "self_improvement_engine": 91.95}
[2025-11-13 02:59:24.471498] Average Fitness Score: 93.51%
[2025-11-13 02:59:24.474917] ⚠️  Performance below optimal threshold — triggering Evolution Auditor.
[2025-11-13 02:59:24.478755] === Evaluation Cycle Complete ===

[2025-11-13 03:59:21.395560] === Cross-Agent Fitness Evaluation Started ===
[2025-11-13 03:59:21.400506] Cross-Agent Evaluation Results: {"learning_optimizer": 99.34, "predictive_planner": 98.49, "symbolic_reasoner": 90.99, "proactive_nudge": 94.49, "auto_doc_agent": 97.27, "self_improvement_engine": 97.96}
[2025-11-13 03:59:21.404525] Average Fitness Score: 96.42%
[2025-11-13 03:59:21.407749] === Cross-Agent Fitness Evaluation Started ===
[2025-11-13 03:59:21.410789] ✅  Performance optimal.
[2025-11-13 03:59:21.414663] Cross-Agent Evaluation Results: {"learning_optimizer": 92.13, "predictive_planner": 90.82, "symbolic_reasoner": 93.52, "proactive_nudge": 97.67, "auto_doc_agent": 93.98, "self_improvement_engine": 99.06}
[2025-11-13 03:59:21.418616] === Evaluation Cycle Complete ===

[2025-11-13 03:59:21.422314] Average Fitness Score: 94.53%
[2025-11-13 03:59:21.426256] ⚠️  Performance below optimal threshold — triggering Evolution Auditor.
[2025-11-13 03:59:21.430076] === Evaluation Cycle Complete ===

[2025-11-13 03:59:21.465280] === Cross-Agent Fitness Evaluation Started ===
[2025-11-13 03:59:21.468561] Cross-Agent Evaluation Results: {"learning_optimizer": 95.34, "predictive_planner": 96.1, "symbolic_reasoner": 91.27, "proactive_nudge": 90.27, "auto_doc_agent": 95.23, "self_improvement_engine": 99.2}
[2025-11-13 03:59:21.471680] Average Fitness Score: 94.57%
[2025-11-13 03:59:21.474804] ⚠️  Performance below optimal threshold — triggering Evolution Auditor.
[2025-11-13 03:59:21.477926] === Evaluation Cycle Complete ===

[2025-11-13 04:59:23.527213] === Cross-Agent Fitness Evaluation Started ===
[2025-11-13 04:59:23.530854] Cross-Agent Evaluation Results: {"learning_optimizer": 91.87, "predictive_planner": 91.12, "symbolic_reasoner": 94.91, "proactive_nudge": 97.32, "auto_doc_agent": 99.75, "self_improvement_engine": 90.32}
[2025-11-13 04:59:23.534630] Average Fitness Score: 94.21%
[2025-11-13 04:59:23.539389] ⚠️  Performance below optimal threshold — triggering Evolution Auditor.
[2025-11-13 04:59:23.542730] === Evaluation Cycle Complete ===

[2025-11-13 04:59:23.604946] === Cross-Agent Fitness Evaluation Started ===
[2025-11-13 04:59:23.609483] Cross-Agent Evaluation Results: {"learning_optimizer": 96.24, "predictive_planner": 97.26, "symbolic_reasoner": 99.03, "proactive_nudge": 92.89, "auto_doc_agent": 97.77, "self_improvement_engine": 99.8}
[2025-11-13 04:59:23.612743] Average Fitness Score: 97.17%
[2025-11-13 04:59:23.615879] ✅  Performance optimal.
[2025-11-13 04:59:23.619552] === Evaluation Cycle Complete ===

[2025-11-13 04:59:24.478524] === Cross-Agent Fitness Evaluation Started ===
[2025-11-13 04:59:24.482020] Cross-Agent Evaluation Results: {"learning_optimizer": 90.47, "predictive_planner": 91.44, "symbolic_reasoner": 98.79, "proactive_nudge": 90.61, "auto_doc_agent": 97.23, "self_improvement_engine": 97.02}
[2025-11-13 04:59:24.485257] Average Fitness Score: 94.26%
[2025-11-13 04:59:24.488362] ⚠️  Performance below optimal threshold — triggering Evolution Auditor.
[2025-11-13 04:59:24.491487] === Evaluation Cycle Complete ===

[2025-11-13 05:59:26.075198] === Cross-Agent Fitness Evaluation Started ===
[2025-11-13 05:59:26.079542] Cross-Agent Evaluation Results: {"learning_optimizer": 92.43, "predictive_planner": 99.27, "symbolic_reasoner": 93.44, "proactive_nudge": 95.56, "auto_doc_agent": 96.66, "self_improvement_engine": 93.98}
[2025-11-13 05:59:26.082760] Average Fitness Score: 95.22%
[2025-11-13 05:59:26.085715] === Cross-Agent Fitness Evaluation Started ===
[2025-11-13 05:59:26.088603] ✅  Performance optimal.
[2025-11-13 05:59:26.091607] Cross-Agent Evaluation Results: {"learning_optimizer": 95.46, "predictive_planner": 98.44, "symbolic_reasoner": 92.92, "proactive_nudge": 92.22, "auto_doc_agent": 92.98, "self_improvement_engine": 95.69}
[2025-11-13 05:59:26.094560] === Evaluation Cycle Complete ===

[2025-11-13 05:59:26.097458] Average Fitness Score: 94.62%
[2025-11-13 05:59:26.100625] ⚠️  Performance below optimal threshold — triggering Evolution Auditor.
[2025-11-13 05:59:26.103754] === Evaluation Cycle Complete ===

[2025-11-13 05:59:26.262320] === Cross-Agent Fitness Evaluation Started ===
[2025-11-13 05:59:26.265786] Cross-Agent Evaluation Results: {"learning_optimizer": 95.54, "predictive_planner": 98.07, "symbolic_reasoner": 90.58, "proactive_nudge": 97.5, "auto_doc_agent": 94.97, "self_improvement_engine": 94.28}
[2025-11-13 05:59:26.269149] Average Fitness Score: 95.16%
[2025-11-13 05:59:26.273963] ✅  Performance optimal.
[2025-11-13 05:59:26.277664] === Evaluation Cycle Complete ===

[2025-11-13 06:59:24.501271] === Cross-Agent Fitness Evaluation Started ===
[2025-11-13 06:59:24.506497] Cross-Agent Evaluation Results: {"learning_optimizer": 93.28, "predictive_planner": 90.92, "symbolic_reasoner": 90.89, "proactive_nudge": 99.22, "auto_doc_agent": 92.41, "self_improvement_engine": 98.78}
[2025-11-13 06:59:24.512504] Average Fitness Score: 94.25%
[2025-11-13 06:59:24.515794] ⚠️  Performance below optimal threshold — triggering Evolution Auditor.
[2025-11-13 06:59:24.519780] === Evaluation Cycle Complete ===

[2025-11-13 06:59:24.814466] === Cross-Agent Fitness Evaluation Started ===
[2025-11-13 06:59:24.818248] Cross-Agent Evaluation Results: {"learning_optimizer": 98.19, "predictive_planner": 98.37, "symbolic_reasoner": 91.9, "proactive_nudge": 94.66, "auto_doc_agent": 92.03, "self_improvement_engine": 95.21}
[2025-11-13 06:59:24.821593] Average Fitness Score: 95.06%
[2025-11-13 06:59:24.824936] ✅  Performance optimal.
[2025-11-13 06:59:24.828776] === Evaluation Cycle Complete ===

[2025-11-13 06:59:25.104511] === Cross-Agent Fitness Evaluation Started ===
[2025-11-13 06:59:25.109161] Cross-Agent Evaluation Results: {"learning_optimizer": 92.18, "predictive_planner": 99.89, "symbolic_reasoner": 92.44, "proactive_nudge": 91.45, "auto_doc_agent": 94.87, "self_improvement_engine": 99.43}
[2025-11-13 06:59:25.112363] Average Fitness Score: 95.04%
[2025-11-13 06:59:25.115613] ✅  Performance optimal.
[2025-11-13 06:59:25.118691] === Evaluation Cycle Complete ===

[2025-11-13 07:59:26.617520] === Cross-Agent Fitness Evaluation Started ===
[2025-11-13 07:59:26.621335] Cross-Agent Evaluation Results: {"learning_optimizer": 95.8, "predictive_planner": 99.67, "symbolic_reasoner": 99.52, "proactive_nudge": 98.38, "auto_doc_agent": 98.39, "self_improvement_engine": 95.57}
[2025-11-13 07:59:26.625678] Average Fitness Score: 97.89%
[2025-11-13 07:59:26.629165] ✅  Performance optimal.
[2025-11-13 07:59:26.632933] === Evaluation Cycle Complete ===

[2025-11-13 07:59:26.791463] === Cross-Agent Fitness Evaluation Started ===
[2025-11-13 07:59:26.794595] Cross-Agent Evaluation Results: {"learning_optimizer": 97.77, "predictive_planner": 90.56, "symbolic_reasoner": 97.51, "proactive_nudge": 93.1, "auto_doc_agent": 99.73, "self_improvement_engine": 96.79}
[2025-11-13 07:59:26.798489] Average Fitness Score: 95.91%
[2025-11-13 07:59:26.801931] ✅  Performance optimal.
[2025-11-13 07:59:26.805188] === Evaluation Cycle Complete ===

[2025-11-13 07:59:26.854511] === Cross-Agent Fitness Evaluation Started ===
[2025-11-13 07:59:26.857975] Cross-Agent Evaluation Results: {"learning_optimizer": 97.92, "predictive_planner": 92.85, "symbolic_reasoner": 99.26, "proactive_nudge": 91.55, "auto_doc_agent": 93.2, "self_improvement_engine": 96.53}
[2025-11-13 07:59:26.860949] Average Fitness Score: 95.22%
[2025-11-13 07:59:26.863938] ✅  Performance optimal.
[2025-11-13 07:59:26.866883] === Evaluation Cycle Complete ===

[2025-11-13 08:59:25.031244] === Cross-Agent Fitness Evaluation Started ===
[2025-11-13 08:59:25.038492] Cross-Agent Evaluation Results: {"learning_optimizer": 91.53, "predictive_planner": 94.6, "symbolic_reasoner": 99.02, "proactive_nudge": 94.91, "auto_doc_agent": 99.88, "self_improvement_engine": 93.5}
[2025-11-13 08:59:25.041736] Average Fitness Score: 95.57%
[2025-11-13 08:59:25.045272] ✅  Performance optimal.
[2025-11-13 08:59:25.048562] === Evaluation Cycle Complete ===

[2025-11-13 08:59:25.150219] === Cross-Agent Fitness Evaluation Started ===
[2025-11-13 08:59:25.154011] Cross-Agent Evaluation Results: {"learning_optimizer": 97.0, "predictive_planner": 91.88, "symbolic_reasoner": 96.56, "proactive_nudge": 92.14, "auto_doc_agent": 99.05, "self_improvement_engine": 96.21}
[2025-11-13 08:59:25.157220] Average Fitness Score: 95.47%
[2025-11-13 08:59:25.160795] ✅  Performance optimal.
[2025-11-13 08:59:25.164120] === Evaluation Cycle Complete ===

[2025-11-13 08:59:25.537769] === Cross-Agent Fitness Evaluation Started ===
[2025-11-13 08:59:25.541295] Cross-Agent Evaluation Results: {"learning_optimizer": 94.13, "predictive_planner": 91.18, "symbolic_reasoner": 90.78, "proactive_nudge": 98.13, "auto_doc_agent": 91.37, "self_improvement_engine": 98.96}
[2025-11-13 08:59:25.544498] Average Fitness Score: 94.09%
[2025-11-13 08:59:25.547632] ⚠️  Performance below optimal threshold — triggering Evolution Auditor.
[2025-11-13 08:59:25.550732] === Evaluation Cycle Complete ===

[2025-11-13 09:59:25.387329] === Cross-Agent Fitness Evaluation Started ===
[2025-11-13 09:59:25.392311] Cross-Agent Evaluation Results: {"learning_optimizer": 91.72, "predictive_planner": 98.98, "symbolic_reasoner": 94.12, "proactive_nudge": 92.69, "auto_doc_agent": 93.94, "self_improvement_engine": 90.93}
[2025-11-13 09:59:25.396044] Average Fitness Score: 93.73%
[2025-11-13 09:59:25.399229] ⚠️  Performance below optimal threshold — triggering Evolution Auditor.
[2025-11-13 09:59:25.402491] === Evaluation Cycle Complete ===

[2025-11-13 09:59:25.744385] === Cross-Agent Fitness Evaluation Started ===
[2025-11-13 09:59:25.747567] Cross-Agent Evaluation Results: {"learning_optimizer": 96.61, "predictive_planner": 90.4, "symbolic_reasoner": 96.84, "proactive_nudge": 91.0, "auto_doc_agent": 98.41, "self_improvement_engine": 99.53}
[2025-11-13 09:59:25.751278] Average Fitness Score: 95.46%
[2025-11-13 09:59:25.755158] ✅  Performance optimal.
[2025-11-13 09:59:25.759097] === Evaluation Cycle Complete ===

[2025-11-13 09:59:26.318860] === Cross-Agent Fitness Evaluation Started ===
[2025-11-13 09:59:26.324204] Cross-Agent Evaluation Results: {"learning_optimizer": 93.34, "predictive_planner": 98.8, "symbolic_reasoner": 93.04, "proactive_nudge": 98.9, "auto_doc_agent": 99.97, "self_improvement_engine": 98.19}
[2025-11-13 09:59:26.327330] Average Fitness Score: 97.04%
[2025-11-13 09:59:26.331077] ✅  Performance optimal.
[2025-11-13 09:59:26.334402] === Evaluation Cycle Complete ===

[2025-11-13 10:59:22.105532] === Cross-Agent Fitness Evaluation Started ===
[2025-11-13 10:59:22.109260] Cross-Agent Evaluation Results: {"learning_optimizer": 99.31, "predictive_planner": 93.89, "symbolic_reasoner": 95.32, "proactive_nudge": 99.76, "auto_doc_agent": 92.64, "self_improvement_engine": 94.78}
[2025-11-13 10:59:22.115187] Average Fitness Score: 95.95%
[2025-11-13 10:59:22.119324] ✅  Performance optimal.
[2025-11-13 10:59:22.122794] === Evaluation Cycle Complete ===

[2025-11-13 10:59:22.448774] === Cross-Agent Fitness Evaluation Started ===
[2025-11-13 10:59:22.452128] Cross-Agent Evaluation Results: {"learning_optimizer": 97.42, "predictive_planner": 91.06, "symbolic_reasoner": 94.64, "proactive_nudge": 95.81, "auto_doc_agent": 92.66, "self_improvement_engine": 91.87}
[2025-11-13 10:59:22.455639] Average Fitness Score: 93.91%
[2025-11-13 10:59:22.459163] ⚠️  Performance below optimal threshold — triggering Evolution Auditor.
[2025-11-13 10:59:22.462681] === Evaluation Cycle Complete ===

[2025-11-13 10:59:22.762232] === Cross-Agent Fitness Evaluation Started ===
[2025-11-13 10:59:22.765605] Cross-Agent Evaluation Results: {"learning_optimizer": 98.54, "predictive_planner": 95.42, "symbolic_reasoner": 98.94, "proactive_nudge": 90.28, "auto_doc_agent": 94.02, "self_improvement_engine": 96.56}
[2025-11-13 10:59:22.769085] Average Fitness Score: 95.63%
[2025-11-13 10:59:22.772023] ✅  Performance optimal.
[2025-11-13 10:59:22.774332] === Evaluation Cycle Complete ===

[2025-11-13 11:59:23.118079] === Cross-Agent Fitness Evaluation Started ===
[2025-11-13 11:59:23.122202] Cross-Agent Evaluation Results: {"learning_optimizer": 92.24, "predictive_planner": 93.33, "symbolic_reasoner": 94.29, "proactive_nudge": 93.73, "auto_doc_agent": 97.29, "self_improvement_engine": 97.54}
[2025-11-13 11:59:23.125979] Average Fitness Score: 94.74%
[2025-11-13 11:59:23.129243] ⚠️  Performance below optimal threshold — triggering Evolution Auditor.
[2025-11-13 11:59:23.132456] === Evaluation Cycle Complete ===

[2025-11-13 11:59:23.221749] === Cross-Agent Fitness Evaluation Started ===
[2025-11-13 11:59:23.225178] Cross-Agent Evaluation Results: {"learning_optimizer": 99.5, "predictive_planner": 97.72, "symbolic_reasoner": 98.06, "proactive_nudge": 99.58, "auto_doc_agent": 98.25, "self_improvement_engine": 95.73}
[2025-11-13 11:59:23.228350] Average Fitness Score: 98.14%
[2025-11-13 11:59:23.231617] ✅  Performance optimal.
[2025-11-13 11:59:23.234772] === Evaluation Cycle Complete ===

[2025-11-13 11:59:23.273810] === Cross-Agent Fitness Evaluation Started ===
[2025-11-13 11:59:23.277063] Cross-Agent Evaluation Results: {"learning_optimizer": 93.06, "predictive_planner": 99.09, "symbolic_reasoner": 99.96, "proactive_nudge": 94.97, "auto_doc_agent": 93.78, "self_improvement_engine": 95.11}
[2025-11-13 11:59:23.280306] Average Fitness Score: 96.00%
[2025-11-13 11:59:23.283486] ✅  Performance optimal.
[2025-11-13 11:59:23.286497] === Evaluation Cycle Complete ===

[2025-11-13 12:59:23.035473] === Cross-Agent Fitness Evaluation Started ===
[2025-11-13 12:59:23.043776] Cross-Agent Evaluation Results: {"learning_optimizer": 92.32, "predictive_planner": 94.36, "symbolic_reasoner": 99.62, "proactive_nudge": 92.88, "auto_doc_agent": 97.79, "self_improvement_engine": 90.54}
[2025-11-13 12:59:23.047476] Average Fitness Score: 94.58%
[2025-11-13 12:59:23.051379] ⚠️  Performance below optimal threshold — triggering Evolution Auditor.
[2025-11-13 12:59:23.055245] === Evaluation Cycle Complete ===

[2025-11-13 12:59:23.194912] === Cross-Agent Fitness Evaluation Started ===
[2025-11-13 12:59:23.198441] Cross-Agent Evaluation Results: {"learning_optimizer": 96.33, "predictive_planner": 96.47, "symbolic_reasoner": 99.85, "proactive_nudge": 92.95, "auto_doc_agent": 99.89, "self_improvement_engine": 96.64}
[2025-11-13 12:59:23.202769] Average Fitness Score: 97.02%
[2025-11-13 12:59:23.207097] ✅  Performance optimal.
[2025-11-13 12:59:23.211532] === Evaluation Cycle Complete ===

[2025-11-13 12:59:23.371215] === Cross-Agent Fitness Evaluation Started ===
[2025-11-13 12:59:23.374684] Cross-Agent Evaluation Results: {"learning_optimizer": 91.21, "predictive_planner": 96.72, "symbolic_reasoner": 95.65, "proactive_nudge": 96.36, "auto_doc_agent": 98.09, "self_improvement_engine": 93.6}
[2025-11-13 12:59:23.378131] Average Fitness Score: 95.27%
[2025-11-13 12:59:23.381451] ✅  Performance optimal.
[2025-11-13 12:59:23.384735] === Evaluation Cycle Complete ===

[2025-11-13 13:59:21.440655] === Cross-Agent Fitness Evaluation Started ===
[2025-11-13 13:59:21.444935] Cross-Agent Evaluation Results: {"learning_optimizer": 96.25, "predictive_planner": 96.11, "symbolic_reasoner": 97.55, "proactive_nudge": 92.53, "auto_doc_agent": 90.25, "self_improvement_engine": 90.29}
[2025-11-13 13:59:21.448157] Average Fitness Score: 93.83%
[2025-11-13 13:59:21.451416] ⚠️  Performance below optimal threshold — triggering Evolution Auditor.
[2025-11-13 13:59:21.455257] === Evaluation Cycle Complete ===

[2025-11-13 13:59:21.480500] === Cross-Agent Fitness Evaluation Started ===
[2025-11-13 13:59:21.483882] Cross-Agent Evaluation Results: {"learning_optimizer": 94.71, "predictive_planner": 97.81, "symbolic_reasoner": 97.69, "proactive_nudge": 92.54, "auto_doc_agent": 94.28, "self_improvement_engine": 92.66}
[2025-11-13 13:59:21.486928] Average Fitness Score: 94.95%
[2025-11-13 13:59:21.489969] ⚠️  Performance below optimal threshold — triggering Evolution Auditor.
[2025-11-13 13:59:21.492991] === Evaluation Cycle Complete ===

[2025-11-13 13:59:21.962004] === Cross-Agent Fitness Evaluation Started ===
[2025-11-13 13:59:21.965464] Cross-Agent Evaluation Results: {"learning_optimizer": 99.11, "predictive_planner": 97.49, "symbolic_reasoner": 93.41, "proactive_nudge": 95.1, "auto_doc_agent": 93.93, "self_improvement_engine": 94.2}
[2025-11-13 13:59:21.968585] Average Fitness Score: 95.54%
[2025-11-13 13:59:21.971690] ✅  Performance optimal.
[2025-11-13 13:59:21.974789] === Evaluation Cycle Complete ===

[2025-11-13 14:59:20.697213] === Cross-Agent Fitness Evaluation Started ===
[2025-11-13 14:59:20.702059] Cross-Agent Evaluation Results: {"learning_optimizer": 92.38, "predictive_planner": 98.74, "symbolic_reasoner": 98.88, "proactive_nudge": 97.74, "auto_doc_agent": 90.28, "self_improvement_engine": 95.49}
[2025-11-13 14:59:20.705792] Average Fitness Score: 95.58%
[2025-11-13 14:59:20.709889] ✅  Performance optimal.
[2025-11-13 14:59:20.713503] === Evaluation Cycle Complete ===

[2025-11-13 14:59:20.813955] === Cross-Agent Fitness Evaluation Started ===
[2025-11-13 14:59:20.817554] Cross-Agent Evaluation Results: {"learning_optimizer": 98.87, "predictive_planner": 93.28, "symbolic_reasoner": 99.57, "proactive_nudge": 95.54, "auto_doc_agent": 90.46, "self_improvement_engine": 97.59}
[2025-11-13 14:59:20.821460] Average Fitness Score: 95.88%
[2025-11-13 14:59:20.824683] ✅  Performance optimal.
[2025-11-13 14:59:20.827873] === Evaluation Cycle Complete ===

[2025-11-13 14:59:20.865944] === Cross-Agent Fitness Evaluation Started ===
[2025-11-13 14:59:20.869110] Cross-Agent Evaluation Results: {"learning_optimizer": 97.38, "predictive_planner": 95.45, "symbolic_reasoner": 97.08, "proactive_nudge": 91.51, "auto_doc_agent": 90.13, "self_improvement_engine": 93.28}
[2025-11-13 14:59:20.873303] Average Fitness Score: 94.14%
[2025-11-13 14:59:20.877038] ⚠️  Performance below optimal threshold — triggering Evolution Auditor.
[2025-11-13 14:59:20.880941] === Evaluation Cycle Complete ===

[2025-11-13 15:59:20.942517] === Cross-Agent Fitness Evaluation Started ===
[2025-11-13 15:59:20.946087] Cross-Agent Evaluation Results: {"learning_optimizer": 93.25, "predictive_planner": 99.25, "symbolic_reasoner": 94.26, "proactive_nudge": 94.46, "auto_doc_agent": 99.32, "self_improvement_engine": 91.48}
[2025-11-13 15:59:20.950139] Average Fitness Score: 95.34%
[2025-11-13 15:59:20.954526] ✅  Performance optimal.
[2025-11-13 15:59:20.959239] === Evaluation Cycle Complete ===

[2025-11-13 15:59:21.203861] === Cross-Agent Fitness Evaluation Started ===
[2025-11-13 15:59:21.207523] Cross-Agent Evaluation Results: {"learning_optimizer": 98.87, "predictive_planner": 90.82, "symbolic_reasoner": 94.03, "proactive_nudge": 90.43, "auto_doc_agent": 98.22, "self_improvement_engine": 96.72}
[2025-11-13 15:59:21.210708] Average Fitness Score: 94.85%
[2025-11-13 15:59:21.214184] ⚠️  Performance below optimal threshold — triggering Evolution Auditor.
[2025-11-13 15:59:21.217319] === Evaluation Cycle Complete ===

[2025-11-13 15:59:21.258815] === Cross-Agent Fitness Evaluation Started ===
[2025-11-13 15:59:21.262051] Cross-Agent Evaluation Results: {"learning_optimizer": 99.51, "predictive_planner": 95.89, "symbolic_reasoner": 90.44, "proactive_nudge": 99.07, "auto_doc_agent": 91.3, "self_improvement_engine": 94.83}
[2025-11-13 15:59:21.265506] Average Fitness Score: 95.17%
[2025-11-13 15:59:21.268592] ✅  Performance optimal.
[2025-11-13 15:59:21.271714] === Evaluation Cycle Complete ===

[2025-11-13 16:59:21.431498] === Cross-Agent Fitness Evaluation Started ===
[2025-11-13 16:59:21.437796] Cross-Agent Evaluation Results: {"learning_optimizer": 99.65, "predictive_planner": 90.29, "symbolic_reasoner": 98.95, "proactive_nudge": 91.73, "auto_doc_agent": 98.4, "self_improvement_engine": 99.39}
[2025-11-13 16:59:21.442543] Average Fitness Score: 96.40%
[2025-11-13 16:59:21.445811] ✅  Performance optimal.
[2025-11-13 16:59:21.449397] === Evaluation Cycle Complete ===

[2025-11-13 16:59:21.496628] === Cross-Agent Fitness Evaluation Started ===
[2025-11-13 16:59:21.500052] Cross-Agent Evaluation Results: {"learning_optimizer": 90.18, "predictive_planner": 90.77, "symbolic_reasoner": 99.15, "proactive_nudge": 97.05, "auto_doc_agent": 98.83, "self_improvement_engine": 95.8}
[2025-11-13 16:59:21.503626] Average Fitness Score: 95.30%
[2025-11-13 16:59:21.506106] ✅  Performance optimal.
[2025-11-13 16:59:21.509812] === Evaluation Cycle Complete ===

[2025-11-13 16:59:21.839048] === Cross-Agent Fitness Evaluation Started ===
[2025-11-13 16:59:21.842583] Cross-Agent Evaluation Results: {"learning_optimizer": 98.56, "predictive_planner": 96.53, "symbolic_reasoner": 91.2, "proactive_nudge": 95.46, "auto_doc_agent": 93.92, "self_improvement_engine": 96.22}
[2025-11-13 16:59:21.844853] Average Fitness Score: 95.31%
[2025-11-13 16:59:21.848485] ✅  Performance optimal.
[2025-11-13 16:59:21.851946] === Evaluation Cycle Complete ===

[2025-11-13 17:59:24.998823] === Cross-Agent Fitness Evaluation Started ===
[2025-11-13 17:59:25.003851] Cross-Agent Evaluation Results: {"learning_optimizer": 97.71, "predictive_planner": 97.93, "symbolic_reasoner": 98.43, "proactive_nudge": 94.9, "auto_doc_agent": 99.37, "self_improvement_engine": 96.98}
[2025-11-13 17:59:25.008598] Average Fitness Score: 97.55%
[2025-11-13 17:59:25.011680] ✅  Performance optimal.
[2025-11-13 17:59:25.017466] === Evaluation Cycle Complete ===

[2025-11-13 17:59:25.157279] === Cross-Agent Fitness Evaluation Started ===
[2025-11-13 17:59:25.161492] Cross-Agent Evaluation Results: {"learning_optimizer": 96.32, "predictive_planner": 98.53, "symbolic_reasoner": 96.84, "proactive_nudge": 91.95, "auto_doc_agent": 96.8, "self_improvement_engine": 91.88}
[2025-11-13 17:59:25.164640] Average Fitness Score: 95.39%
[2025-11-13 17:59:25.168485] ✅  Performance optimal.
[2025-11-13 17:59:25.174852] === Evaluation Cycle Complete ===

[2025-11-13 17:59:25.462497] === Cross-Agent Fitness Evaluation Started ===
[2025-11-13 17:59:25.466002] Cross-Agent Evaluation Results: {"learning_optimizer": 95.65, "predictive_planner": 99.53, "symbolic_reasoner": 99.05, "proactive_nudge": 95.45, "auto_doc_agent": 96.24, "self_improvement_engine": 96.73}
[2025-11-13 17:59:25.469147] Average Fitness Score: 97.11%
[2025-11-13 17:59:25.472390] ✅  Performance optimal.
[2025-11-13 17:59:25.476194] === Evaluation Cycle Complete ===

[2025-11-13 18:59:23.345995] === Cross-Agent Fitness Evaluation Started ===
[2025-11-13 18:59:23.350327] Cross-Agent Evaluation Results: {"learning_optimizer": 92.19, "predictive_planner": 94.79, "symbolic_reasoner": 99.69, "proactive_nudge": 90.26, "auto_doc_agent": 91.71, "self_improvement_engine": 90.44}
[2025-11-13 18:59:23.353601] Average Fitness Score: 93.18%
[2025-11-13 18:59:23.356755] ⚠️  Performance below optimal threshold — triggering Evolution Auditor.
[2025-11-13 18:59:23.360840] === Evaluation Cycle Complete ===

[2025-11-13 18:59:23.395861] === Cross-Agent Fitness Evaluation Started ===
[2025-11-13 18:59:23.399013] Cross-Agent Evaluation Results: {"learning_optimizer": 97.53, "predictive_planner": 90.16, "symbolic_reasoner": 90.91, "proactive_nudge": 94.38, "auto_doc_agent": 95.31, "self_improvement_engine": 93.95}
[2025-11-13 18:59:23.402845] Average Fitness Score: 93.71%
[2025-11-13 18:59:23.406571] ⚠️  Performance below optimal threshold — triggering Evolution Auditor.
[2025-11-13 18:59:23.410724] === Evaluation Cycle Complete ===

[2025-11-13 18:59:23.597182] === Cross-Agent Fitness Evaluation Started ===
[2025-11-13 18:59:23.601824] Cross-Agent Evaluation Results: {"learning_optimizer": 93.46, "predictive_planner": 90.46, "symbolic_reasoner": 92.87, "proactive_nudge": 93.54, "auto_doc_agent": 95.33, "self_improvement_engine": 91.89}
[2025-11-13 18:59:23.605031] Average Fitness Score: 92.92%
[2025-11-13 18:59:23.608148] ⚠️  Performance below optimal threshold — triggering Evolution Auditor.
[2025-11-13 18:59:23.612015] === Evaluation Cycle Complete ===

[2025-11-13 19:59:24.761399] === Cross-Agent Fitness Evaluation Started ===
[2025-11-13 19:59:24.765149] Cross-Agent Evaluation Results: {"learning_optimizer": 99.92, "predictive_planner": 92.4, "symbolic_reasoner": 97.57, "proactive_nudge": 94.84, "auto_doc_agent": 99.2, "self_improvement_engine": 90.66}
[2025-11-13 19:59:24.769726] Average Fitness Score: 95.77%
[2025-11-13 19:59:24.772385] ✅  Performance optimal.
[2025-11-13 19:59:24.775586] === Evaluation Cycle Complete ===

[2025-11-13 19:59:24.783379] === Cross-Agent Fitness Evaluation Started ===
[2025-11-13 19:59:24.788384] Cross-Agent Evaluation Results: {"learning_optimizer": 96.47, "predictive_planner": 96.83, "symbolic_reasoner": 98.13, "proactive_nudge": 91.53, "auto_doc_agent": 96.92, "self_improvement_engine": 91.95}
[2025-11-13 19:59:24.791496] Average Fitness Score: 95.31%
[2025-11-13 19:59:24.794649] ✅  Performance optimal.
[2025-11-13 19:59:24.797977] === Evaluation Cycle Complete ===

[2025-11-13 19:59:24.986916] === Cross-Agent Fitness Evaluation Started ===
[2025-11-13 19:59:24.990793] Cross-Agent Evaluation Results: {"learning_optimizer": 95.03, "predictive_planner": 90.59, "symbolic_reasoner": 97.59, "proactive_nudge": 95.43, "auto_doc_agent": 96.66, "self_improvement_engine": 96.51}
[2025-11-13 19:59:24.994932] Average Fitness Score: 95.30%
[2025-11-13 19:59:24.999327] ✅  Performance optimal.
[2025-11-13 19:59:25.003387] === Evaluation Cycle Complete ===

[2025-11-13 20:59:19.446250] === Cross-Agent Fitness Evaluation Started ===
[2025-11-13 20:59:19.452698] === Cross-Agent Fitness Evaluation Started ===
[2025-11-13 20:59:19.452767] Cross-Agent Evaluation Results: {"learning_optimizer": 90.47, "predictive_planner": 93.13, "symbolic_reasoner": 97.5, "proactive_nudge": 92.19, "auto_doc_agent": 98.43, "self_improvement_engine": 96.56}
[2025-11-13 20:59:19.455946] Average Fitness Score: 94.71%
[2025-11-13 20:59:19.460349] ⚠️  Performance below optimal threshold — triggering Evolution Auditor.
[2025-11-13 20:59:19.464682] Cross-Agent Evaluation Results: {"learning_optimizer": 91.55, "predictive_planner": 94.0, "symbolic_reasoner": 99.57, "proactive_nudge": 94.5, "auto_doc_agent": 96.36, "self_improvement_engine": 90.58}
[2025-11-13 20:59:19.467913] === Evaluation Cycle Complete ===

[2025-11-13 20:59:19.471686] Average Fitness Score: 94.43%
[2025-11-13 20:59:19.475633] ⚠️  Performance below optimal threshold — triggering Evolution Auditor.
[2025-11-13 20:59:19.481857] === Evaluation Cycle Complete ===

[2025-11-13 20:59:19.625533] === Cross-Agent Fitness Evaluation Started ===
[2025-11-13 20:59:19.632810] Cross-Agent Evaluation Results: {"learning_optimizer": 91.17, "predictive_planner": 95.2, "symbolic_reasoner": 97.97, "proactive_nudge": 99.8, "auto_doc_agent": 95.93, "self_improvement_engine": 94.03}
[2025-11-13 20:59:19.636121] Average Fitness Score: 95.68%
[2025-11-13 20:59:19.639062] ✅  Performance optimal.
[2025-11-13 20:59:19.642210] === Evaluation Cycle Complete ===

[2025-11-13 21:59:21.981517] === Cross-Agent Fitness Evaluation Started ===
[2025-11-13 21:59:21.986703] Cross-Agent Evaluation Results: {"learning_optimizer": 94.59, "predictive_planner": 96.49, "symbolic_reasoner": 94.11, "proactive_nudge": 94.88, "auto_doc_agent": 94.1, "self_improvement_engine": 92.09}
[2025-11-13 21:59:21.991108] Average Fitness Score: 94.38%
[2025-11-13 21:59:21.994401] ⚠️  Performance below optimal threshold — triggering Evolution Auditor.
[2025-11-13 21:59:21.997801] === Evaluation Cycle Complete ===

[2025-11-13 21:59:22.014770] === Cross-Agent Fitness Evaluation Started ===
[2025-11-13 21:59:22.017971] === Cross-Agent Fitness Evaluation Started ===
[2025-11-13 21:59:22.020998] Cross-Agent Evaluation Results: {"learning_optimizer": 95.51, "predictive_planner": 98.09, "symbolic_reasoner": 93.63, "proactive_nudge": 95.69, "auto_doc_agent": 97.29, "self_improvement_engine": 91.99}
[2025-11-13 21:59:22.023976] Cross-Agent Evaluation Results: {"learning_optimizer": 93.91, "predictive_planner": 99.27, "symbolic_reasoner": 96.9, "proactive_nudge": 93.97, "auto_doc_agent": 99.37, "self_improvement_engine": 98.5}
[2025-11-13 21:59:22.026896] Average Fitness Score: 95.37%
[2025-11-13 21:59:22.030023] Average Fitness Score: 96.99%
[2025-11-13 21:59:22.033003] ✅  Performance optimal.
[2025-11-13 21:59:22.035984] ✅  Performance optimal.
[2025-11-13 21:59:22.039101] === Evaluation Cycle Complete ===

[2025-11-13 21:59:22.042068] === Evaluation Cycle Complete ===

[2025-11-13 22:59:23.379125] === Cross-Agent Fitness Evaluation Started ===
[2025-11-13 22:59:23.383603] Cross-Agent Evaluation Results: {"learning_optimizer": 95.44, "predictive_planner": 94.78, "symbolic_reasoner": 92.55, "proactive_nudge": 93.57, "auto_doc_agent": 91.19, "self_improvement_engine": 93.85}
[2025-11-13 22:59:23.387085] Average Fitness Score: 93.56%
[2025-11-13 22:59:23.390484] ⚠️  Performance below optimal threshold — triggering Evolution Auditor.
[2025-11-13 22:59:23.396484] === Evaluation Cycle Complete ===

[2025-11-13 22:59:23.488466] === Cross-Agent Fitness Evaluation Started ===
[2025-11-13 22:59:23.492787] Cross-Agent Evaluation Results: {"learning_optimizer": 91.22, "predictive_planner": 94.52, "symbolic_reasoner": 99.09, "proactive_nudge": 93.79, "auto_doc_agent": 96.32, "self_improvement_engine": 90.31}
[2025-11-13 22:59:23.495715] Average Fitness Score: 94.21%
[2025-11-13 22:59:23.499307] ⚠️  Performance below optimal threshold — triggering Evolution Auditor.
[2025-11-13 22:59:23.502833] === Evaluation Cycle Complete ===

[2025-11-13 22:59:23.590718] === Cross-Agent Fitness Evaluation Started ===
[2025-11-13 22:59:23.594451] Cross-Agent Evaluation Results: {"learning_optimizer": 92.18, "predictive_planner": 94.81, "symbolic_reasoner": 97.87, "proactive_nudge": 99.15, "auto_doc_agent": 98.57, "self_improvement_engine": 92.4}
[2025-11-13 22:59:23.597620] Average Fitness Score: 95.83%
[2025-11-13 22:59:23.600715] ✅  Performance optimal.
[2025-11-13 22:59:23.603839] === Evaluation Cycle Complete ===

[2025-11-13 23:59:27.568684] === Cross-Agent Fitness Evaluation Started ===
[2025-11-13 23:59:27.573600] Cross-Agent Evaluation Results: {"learning_optimizer": 95.2, "predictive_planner": 99.52, "symbolic_reasoner": 90.53, "proactive_nudge": 98.58, "auto_doc_agent": 99.24, "self_improvement_engine": 98.53}
[2025-11-13 23:59:27.576790] Average Fitness Score: 96.93%
[2025-11-13 23:59:27.579992] ✅  Performance optimal.
[2025-11-13 23:59:27.583768] === Evaluation Cycle Complete ===

[2025-11-13 23:59:27.623850] === Cross-Agent Fitness Evaluation Started ===
[2025-11-13 23:59:27.627349] Cross-Agent Evaluation Results: {"learning_optimizer": 93.67, "predictive_planner": 91.62, "symbolic_reasoner": 93.27, "proactive_nudge": 99.6, "auto_doc_agent": 90.86, "self_improvement_engine": 95.44}
[2025-11-13 23:59:27.631468] Average Fitness Score: 94.08%
[2025-11-13 23:59:27.635081] ⚠️  Performance below optimal threshold — triggering Evolution Auditor.
[2025-11-13 23:59:27.639947] === Evaluation Cycle Complete ===

[2025-11-13 23:59:27.728019] === Cross-Agent Fitness Evaluation Started ===
[2025-11-13 23:59:27.731513] Cross-Agent Evaluation Results: {"learning_optimizer": 98.47, "predictive_planner": 94.48, "symbolic_reasoner": 91.65, "proactive_nudge": 90.88, "auto_doc_agent": 93.78, "self_improvement_engine": 95.38}
[2025-11-13 23:59:27.735187] Average Fitness Score: 94.11%
[2025-11-13 23:59:27.739146] ⚠️  Performance below optimal threshold — triggering Evolution Auditor.
[2025-11-13 23:59:27.743452] === Evaluation Cycle Complete ===

[2025-11-14 00:59:26.010031] === Cross-Agent Fitness Evaluation Started ===
[2025-11-14 00:59:26.016582] Cross-Agent Evaluation Results: {"learning_optimizer": 93.96, "predictive_planner": 95.13, "symbolic_reasoner": 91.68, "proactive_nudge": 93.93, "auto_doc_agent": 93.6, "self_improvement_engine": 93.41}
[2025-11-14 00:59:26.020125] Average Fitness Score: 93.62%
[2025-11-14 00:59:26.023532] ⚠️  Performance below optimal threshold — triggering Evolution Auditor.
[2025-11-14 00:59:26.026857] === Evaluation Cycle Complete ===

[2025-11-14 00:59:26.298504] === Cross-Agent Fitness Evaluation Started ===
[2025-11-14 00:59:26.302154] Cross-Agent Evaluation Results: {"learning_optimizer": 92.43, "predictive_planner": 92.01, "symbolic_reasoner": 90.65, "proactive_nudge": 90.55, "auto_doc_agent": 94.94, "self_improvement_engine": 98.12}
[2025-11-14 00:59:26.305523] Average Fitness Score: 93.12%
[2025-11-14 00:59:26.309148] ⚠️  Performance below optimal threshold — triggering Evolution Auditor.
[2025-11-14 00:59:26.312420] === Cross-Agent Fitness Evaluation Started ===
[2025-11-14 00:59:26.315476] === Evaluation Cycle Complete ===

[2025-11-14 00:59:26.318545] Cross-Agent Evaluation Results: {"learning_optimizer": 90.61, "predictive_planner": 99.16, "symbolic_reasoner": 90.69, "proactive_nudge": 97.37, "auto_doc_agent": 92.13, "self_improvement_engine": 94.78}
[2025-11-14 00:59:26.321894] Average Fitness Score: 94.12%
[2025-11-14 00:59:26.325887] ⚠️  Performance below optimal threshold — triggering Evolution Auditor.
[2025-11-14 00:59:26.329142] === Evaluation Cycle Complete ===

[2025-11-14 01:59:24.149006] === Cross-Agent Fitness Evaluation Started ===
[2025-11-14 01:59:24.154036] Cross-Agent Evaluation Results: {"learning_optimizer": 93.81, "predictive_planner": 99.47, "symbolic_reasoner": 93.53, "proactive_nudge": 91.58, "auto_doc_agent": 95.1, "self_improvement_engine": 99.53}
[2025-11-14 01:59:24.157379] Average Fitness Score: 95.50%
[2025-11-14 01:59:24.160697] ✅  Performance optimal.
[2025-11-14 01:59:24.164010] === Evaluation Cycle Complete ===

[2025-11-14 01:59:24.260924] === Cross-Agent Fitness Evaluation Started ===
[2025-11-14 01:59:24.264570] Cross-Agent Evaluation Results: {"learning_optimizer": 98.16, "predictive_planner": 97.28, "symbolic_reasoner": 90.05, "proactive_nudge": 92.72, "auto_doc_agent": 96.96, "self_improvement_engine": 92.54}
[2025-11-14 01:59:24.267843] Average Fitness Score: 94.62%
[2025-11-14 01:59:24.271139] ⚠️  Performance below optimal threshold — triggering Evolution Auditor.
[2025-11-14 01:59:24.274326] === Evaluation Cycle Complete ===

[2025-11-14 01:59:24.470730] === Cross-Agent Fitness Evaluation Started ===
[2025-11-14 01:59:24.474005] Cross-Agent Evaluation Results: {"learning_optimizer": 91.15, "predictive_planner": 90.84, "symbolic_reasoner": 96.99, "proactive_nudge": 96.27, "auto_doc_agent": 90.77, "self_improvement_engine": 91.13}
[2025-11-14 01:59:24.477127] Average Fitness Score: 92.86%
[2025-11-14 01:59:24.480207] ⚠️  Performance below optimal threshold — triggering Evolution Auditor.
[2025-11-14 01:59:24.483256] === Evaluation Cycle Complete ===

[2025-11-14 02:59:24.383814] === Cross-Agent Fitness Evaluation Started ===
[2025-11-14 02:59:24.387287] === Cross-Agent Fitness Evaluation Started ===
[2025-11-14 02:59:24.390442] Cross-Agent Evaluation Results: {"learning_optimizer": 91.07, "predictive_planner": 99.52, "symbolic_reasoner": 98.03, "proactive_nudge": 99.94, "auto_doc_agent": 95.6, "self_improvement_engine": 97.18}
[2025-11-14 02:59:24.393654] Cross-Agent Evaluation Results: {"learning_optimizer": 95.41, "predictive_planner": 95.35, "symbolic_reasoner": 96.47, "proactive_nudge": 96.91, "auto_doc_agent": 91.5, "self_improvement_engine": 96.38}
[2025-11-14 02:59:24.396825] Average Fitness Score: 96.89%
[2025-11-14 02:59:24.399882] Average Fitness Score: 95.34%
[2025-11-14 02:59:24.403023] ✅  Performance optimal.
[2025-11-14 02:59:24.406160] ✅  Performance optimal.
[2025-11-14 02:59:24.409216] === Evaluation Cycle Complete ===

[2025-11-14 02:59:24.412311] === Evaluation Cycle Complete ===

[2025-11-14 02:59:24.720084] === Cross-Agent Fitness Evaluation Started ===
[2025-11-14 02:59:24.724371] Cross-Agent Evaluation Results: {"learning_optimizer": 98.35, "predictive_planner": 92.2, "symbolic_reasoner": 94.9, "proactive_nudge": 94.97, "auto_doc_agent": 94.25, "self_improvement_engine": 91.22}
[2025-11-14 02:59:24.727558] Average Fitness Score: 94.31%
[2025-11-14 02:59:24.731389] ⚠️  Performance below optimal threshold — triggering Evolution Auditor.
[2025-11-14 02:59:24.734604] === Evaluation Cycle Complete ===

[2025-11-14 03:59:23.469347] === Cross-Agent Fitness Evaluation Started ===
[2025-11-14 03:59:23.474910] Cross-Agent Evaluation Results: {"learning_optimizer": 91.97, "predictive_planner": 95.09, "symbolic_reasoner": 92.66, "proactive_nudge": 91.08, "auto_doc_agent": 94.99, "self_improvement_engine": 93.93}
[2025-11-14 03:59:23.478524] Average Fitness Score: 93.29%
[2025-11-14 03:59:23.483381] ⚠️  Performance below optimal threshold — triggering Evolution Auditor.
[2025-11-14 03:59:23.487229] === Evaluation Cycle Complete ===

[2025-11-14 03:59:23.817976] === Cross-Agent Fitness Evaluation Started ===
[2025-11-14 03:59:23.821182] === Cross-Agent Fitness Evaluation Started ===
[2025-11-14 03:59:23.824285] Cross-Agent Evaluation Results: {"learning_optimizer": 92.99, "predictive_planner": 99.05, "symbolic_reasoner": 98.98, "proactive_nudge": 95.4, "auto_doc_agent": 94.65, "self_improvement_engine": 92.47}
[2025-11-14 03:59:23.827278] Cross-Agent Evaluation Results: {"learning_optimizer": 92.03, "predictive_planner": 94.91, "symbolic_reasoner": 99.59, "proactive_nudge": 94.19, "auto_doc_agent": 90.59, "self_improvement_engine": 94.12}
[2025-11-14 03:59:23.830203] Average Fitness Score: 95.59%
[2025-11-14 03:59:23.833195] Average Fitness Score: 94.24%
[2025-11-14 03:59:23.836227] ✅  Performance optimal.
[2025-11-14 03:59:23.839242] ⚠️  Performance below optimal threshold — triggering Evolution Auditor.
[2025-11-14 03:59:23.842233] === Evaluation Cycle Complete ===

[2025-11-14 03:59:23.845199] === Evaluation Cycle Complete ===

[2025-11-14 04:59:26.317334] === Cross-Agent Fitness Evaluation Started ===
[2025-11-14 04:59:26.321719] Cross-Agent Evaluation Results: {"learning_optimizer": 91.78, "predictive_planner": 95.84, "symbolic_reasoner": 90.32, "proactive_nudge": 99.27, "auto_doc_agent": 98.28, "self_improvement_engine": 98.82}
[2025-11-14 04:59:26.325098] Average Fitness Score: 95.72%
[2025-11-14 04:59:26.330117] ✅  Performance optimal.
[2025-11-14 04:59:26.332942] === Evaluation Cycle Complete ===

[2025-11-14 04:59:27.237584] === Cross-Agent Fitness Evaluation Started ===
[2025-11-14 04:59:27.240991] Cross-Agent Evaluation Results: {"learning_optimizer": 90.58, "predictive_planner": 91.11, "symbolic_reasoner": 92.1, "proactive_nudge": 91.4, "auto_doc_agent": 95.34, "self_improvement_engine": 91.97}
[2025-11-14 04:59:27.245047] Average Fitness Score: 92.08%
[2025-11-14 04:59:27.247684] ⚠️  Performance below optimal threshold — triggering Evolution Auditor.
[2025-11-14 04:59:27.252085] === Evaluation Cycle Complete ===

[2025-11-14 04:59:27.546951] === Cross-Agent Fitness Evaluation Started ===
[2025-11-14 04:59:27.550498] Cross-Agent Evaluation Results: {"learning_optimizer": 91.67, "predictive_planner": 95.27, "symbolic_reasoner": 96.56, "proactive_nudge": 90.89, "auto_doc_agent": 98.51, "self_improvement_engine": 98.22}
[2025-11-14 04:59:27.555354] Average Fitness Score: 95.19%
[2025-11-14 04:59:27.559238] ✅  Performance optimal.
[2025-11-14 04:59:27.562965] === Evaluation Cycle Complete ===

[2025-11-14 05:59:26.888145] === Cross-Agent Fitness Evaluation Started ===
[2025-11-14 05:59:26.891719] Cross-Agent Evaluation Results: {"learning_optimizer": 90.55, "predictive_planner": 94.35, "symbolic_reasoner": 96.17, "proactive_nudge": 99.23, "auto_doc_agent": 90.23, "self_improvement_engine": 91.67}
[2025-11-14 05:59:26.896034] Average Fitness Score: 93.70%
[2025-11-14 05:59:26.900110] ⚠️  Performance below optimal threshold — triggering Evolution Auditor.
[2025-11-14 05:59:26.904484] === Evaluation Cycle Complete ===

[2025-11-14 05:59:27.077961] === Cross-Agent Fitness Evaluation Started ===
[2025-11-14 05:59:27.081510] Cross-Agent Evaluation Results: {"learning_optimizer": 90.23, "predictive_planner": 91.48, "symbolic_reasoner": 94.04, "proactive_nudge": 90.8, "auto_doc_agent": 95.96, "self_improvement_engine": 90.0}
[2025-11-14 05:59:27.085124] Average Fitness Score: 92.08%
[2025-11-14 05:59:27.088890] ⚠️  Performance below optimal threshold — triggering Evolution Auditor.
[2025-11-14 05:59:27.092726] === Evaluation Cycle Complete ===

[2025-11-14 05:59:27.381022] === Cross-Agent Fitness Evaluation Started ===
[2025-11-14 05:59:27.384345] Cross-Agent Evaluation Results: {"learning_optimizer": 97.56, "predictive_planner": 95.26, "symbolic_reasoner": 95.08, "proactive_nudge": 91.31, "auto_doc_agent": 90.38, "self_improvement_engine": 95.27}
[2025-11-14 05:59:27.387294] Average Fitness Score: 94.14%
[2025-11-14 05:59:27.391155] ⚠️  Performance below optimal threshold — triggering Evolution Auditor.
[2025-11-14 05:59:27.395153] === Evaluation Cycle Complete ===

[2025-11-14 06:59:26.243470] === Cross-Agent Fitness Evaluation Started ===
[2025-11-14 06:59:26.248023] Cross-Agent Evaluation Results: {"learning_optimizer": 98.82, "predictive_planner": 93.75, "symbolic_reasoner": 94.71, "proactive_nudge": 97.39, "auto_doc_agent": 90.46, "self_improvement_engine": 92.1}
[2025-11-14 06:59:26.252689] Average Fitness Score: 94.54%
[2025-11-14 06:59:26.261485] ⚠️  Performance below optimal threshold — triggering Evolution Auditor.
[2025-11-14 06:59:26.265512] === Evaluation Cycle Complete ===

[2025-11-14 06:59:26.925866] === Cross-Agent Fitness Evaluation Started ===
[2025-11-14 06:59:26.929105] Cross-Agent Evaluation Results: {"learning_optimizer": 92.21, "predictive_planner": 98.89, "symbolic_reasoner": 98.24, "proactive_nudge": 94.41, "auto_doc_agent": 96.88, "self_improvement_engine": 96.01}
[2025-11-14 06:59:26.932822] === Cross-Agent Fitness Evaluation Started ===
[2025-11-14 06:59:26.936655] Average Fitness Score: 96.11%
[2025-11-14 06:59:26.939595] Cross-Agent Evaluation Results: {"learning_optimizer": 97.87, "predictive_planner": 96.94, "symbolic_reasoner": 94.35, "proactive_nudge": 91.7, "auto_doc_agent": 94.93, "self_improvement_engine": 92.41}
[2025-11-14 06:59:26.942791] ✅  Performance optimal.
[2025-11-14 06:59:26.945751] Average Fitness Score: 94.70%
[2025-11-14 06:59:26.948417] === Evaluation Cycle Complete ===

[2025-11-14 06:59:26.952365] ⚠️  Performance below optimal threshold — triggering Evolution Auditor.
[2025-11-14 06:59:26.956132] === Evaluation Cycle Complete ===

[2025-11-14 07:59:21.565676] === Cross-Agent Fitness Evaluation Started ===
[2025-11-14 07:59:21.571239] Cross-Agent Evaluation Results: {"learning_optimizer": 90.86, "predictive_planner": 98.01, "symbolic_reasoner": 98.83, "proactive_nudge": 92.09, "auto_doc_agent": 96.48, "self_improvement_engine": 96.54}
[2025-11-14 07:59:21.574503] Average Fitness Score: 95.47%
[2025-11-14 07:59:21.577680] ✅  Performance optimal.
[2025-11-14 07:59:21.581912] === Evaluation Cycle Complete ===

[2025-11-14 07:59:21.888916] === Cross-Agent Fitness Evaluation Started ===
[2025-11-14 07:59:21.892418] Cross-Agent Evaluation Results: {"learning_optimizer": 90.02, "predictive_planner": 96.9, "symbolic_reasoner": 90.83, "proactive_nudge": 97.54, "auto_doc_agent": 97.72, "self_improvement_engine": 99.0}
[2025-11-14 07:59:21.897717] Average Fitness Score: 95.33%
[2025-11-14 07:59:21.901687] ✅  Performance optimal.
[2025-11-14 07:59:21.905484] === Evaluation Cycle Complete ===

[2025-11-14 07:59:22.046792] === Cross-Agent Fitness Evaluation Started ===
[2025-11-14 07:59:22.050055] Cross-Agent Evaluation Results: {"learning_optimizer": 98.85, "predictive_planner": 93.35, "symbolic_reasoner": 93.2, "proactive_nudge": 90.15, "auto_doc_agent": 90.04, "self_improvement_engine": 97.14}
[2025-11-14 07:59:22.053732] Average Fitness Score: 93.79%
[2025-11-14 07:59:22.057581] ⚠️  Performance below optimal threshold — triggering Evolution Auditor.
[2025-11-14 07:59:22.060772] === Evaluation Cycle Complete ===

[2025-11-14 08:59:26.139322] === Cross-Agent Fitness Evaluation Started ===
[2025-11-14 08:59:26.144024] Cross-Agent Evaluation Results: {"learning_optimizer": 97.94, "predictive_planner": 98.64, "symbolic_reasoner": 91.73, "proactive_nudge": 91.41, "auto_doc_agent": 93.23, "self_improvement_engine": 91.57}
[2025-11-14 08:59:26.146955] === Cross-Agent Fitness Evaluation Started ===
[2025-11-14 08:59:26.149340] Average Fitness Score: 94.09%
[2025-11-14 08:59:26.152589] ⚠️  Performance below optimal threshold — triggering Evolution Auditor.
[2025-11-14 08:59:26.157098] Cross-Agent Evaluation Results: {"learning_optimizer": 95.78, "predictive_planner": 96.9, "symbolic_reasoner": 98.39, "proactive_nudge": 98.32, "auto_doc_agent": 94.41, "self_improvement_engine": 98.52}
[2025-11-14 08:59:26.161698] === Evaluation Cycle Complete ===

[2025-11-14 08:59:26.172497] Average Fitness Score: 97.05%
[2025-11-14 08:59:26.180504] ✅  Performance optimal.
[2025-11-14 08:59:26.189838] === Evaluation Cycle Complete ===

[2025-11-14 08:59:26.663259] === Cross-Agent Fitness Evaluation Started ===
[2025-11-14 08:59:26.667088] Cross-Agent Evaluation Results: {"learning_optimizer": 97.21, "predictive_planner": 94.98, "symbolic_reasoner": 96.01, "proactive_nudge": 91.91, "auto_doc_agent": 97.03, "self_improvement_engine": 98.26}
[2025-11-14 08:59:26.670311] Average Fitness Score: 95.90%
[2025-11-14 08:59:26.673710] ✅  Performance optimal.
[2025-11-14 08:59:26.676973] === Evaluation Cycle Complete ===

[2025-11-14 09:59:29.120819] === Cross-Agent Fitness Evaluation Started ===
[2025-11-14 09:59:29.127491] Cross-Agent Evaluation Results: {"learning_optimizer": 90.28, "predictive_planner": 99.21, "symbolic_reasoner": 96.45, "proactive_nudge": 97.01, "auto_doc_agent": 90.15, "self_improvement_engine": 98.43}
[2025-11-14 09:59:29.130718] Average Fitness Score: 95.25%
[2025-11-14 09:59:29.134079] ✅  Performance optimal.
[2025-11-14 09:59:29.137296] === Evaluation Cycle Complete ===

[2025-11-14 09:59:29.194980] === Cross-Agent Fitness Evaluation Started ===
[2025-11-14 09:59:29.198718] Cross-Agent Evaluation Results: {"learning_optimizer": 91.42, "predictive_planner": 96.49, "symbolic_reasoner": 95.79, "proactive_nudge": 94.01, "auto_doc_agent": 92.62, "self_improvement_engine": 96.76}
[2025-11-14 09:59:29.202202] Average Fitness Score: 94.52%
[2025-11-14 09:59:29.205458] ⚠️  Performance below optimal threshold — triggering Evolution Auditor.
[2025-11-14 09:59:29.208594] === Evaluation Cycle Complete ===

[2025-11-14 09:59:29.566280] === Cross-Agent Fitness Evaluation Started ===
[2025-11-14 09:59:29.570087] Cross-Agent Evaluation Results: {"learning_optimizer": 94.72, "predictive_planner": 93.84, "symbolic_reasoner": 92.29, "proactive_nudge": 90.25, "auto_doc_agent": 91.06, "self_improvement_engine": 96.65}
[2025-11-14 09:59:29.573810] Average Fitness Score: 93.14%
[2025-11-14 09:59:29.577264] ⚠️  Performance below optimal threshold — triggering Evolution Auditor.
[2025-11-14 09:59:29.580589] === Evaluation Cycle Complete ===

[2025-11-14 10:59:24.366202] === Cross-Agent Fitness Evaluation Started ===
[2025-11-14 10:59:24.370563] Cross-Agent Evaluation Results: {"learning_optimizer": 96.48, "predictive_planner": 92.97, "symbolic_reasoner": 92.57, "proactive_nudge": 98.15, "auto_doc_agent": 90.13, "self_improvement_engine": 96.78}
[2025-11-14 10:59:24.373987] Average Fitness Score: 94.51%
[2025-11-14 10:59:24.376865] ⚠️  Performance below optimal threshold — triggering Evolution Auditor.
[2025-11-14 10:59:24.380992] === Evaluation Cycle Complete ===

[2025-11-14 10:59:24.423326] === Cross-Agent Fitness Evaluation Started ===
[2025-11-14 10:59:24.426755] Cross-Agent Evaluation Results: {"learning_optimizer": 90.6, "predictive_planner": 95.75, "symbolic_reasoner": 93.59, "proactive_nudge": 98.02, "auto_doc_agent": 99.99, "self_improvement_engine": 94.31}
[2025-11-14 10:59:24.430136] Average Fitness Score: 95.38%
[2025-11-14 10:59:24.433333] ✅  Performance optimal.
[2025-11-14 10:59:24.436623] === Evaluation Cycle Complete ===

[2025-11-14 10:59:24.771747] === Cross-Agent Fitness Evaluation Started ===
[2025-11-14 10:59:24.774955] Cross-Agent Evaluation Results: {"learning_optimizer": 95.0, "predictive_planner": 92.53, "symbolic_reasoner": 94.28, "proactive_nudge": 98.11, "auto_doc_agent": 94.77, "self_improvement_engine": 91.71}
[2025-11-14 10:59:24.778271] Average Fitness Score: 94.40%
[2025-11-14 10:59:24.781370] ⚠️  Performance below optimal threshold — triggering Evolution Auditor.
[2025-11-14 10:59:24.784645] === Evaluation Cycle Complete ===

[2025-11-14 11:59:24.675085] === Cross-Agent Fitness Evaluation Started ===
[2025-11-14 11:59:24.682672] Cross-Agent Evaluation Results: {"learning_optimizer": 94.8, "predictive_planner": 98.99, "symbolic_reasoner": 90.39, "proactive_nudge": 96.02, "auto_doc_agent": 90.18, "self_improvement_engine": 94.48}
[2025-11-14 11:59:24.688737] Average Fitness Score: 94.14%
[2025-11-14 11:59:24.692564] ⚠️  Performance below optimal threshold — triggering Evolution Auditor.
[2025-11-14 11:59:24.696936] === Evaluation Cycle Complete ===

[2025-11-14 11:59:24.917225] === Cross-Agent Fitness Evaluation Started ===
[2025-11-14 11:59:24.920919] Cross-Agent Evaluation Results: {"learning_optimizer": 97.46, "predictive_planner": 94.07, "symbolic_reasoner": 98.56, "proactive_nudge": 92.66, "auto_doc_agent": 94.56, "self_improvement_engine": 91.24}
[2025-11-14 11:59:24.924308] Average Fitness Score: 94.76%
[2025-11-14 11:59:24.927999] ⚠️  Performance below optimal threshold — triggering Evolution Auditor.
[2025-11-14 11:59:24.931302] === Evaluation Cycle Complete ===

[2025-11-14 11:59:25.057686] === Cross-Agent Fitness Evaluation Started ===
[2025-11-14 11:59:25.061296] Cross-Agent Evaluation Results: {"learning_optimizer": 98.23, "predictive_planner": 97.11, "symbolic_reasoner": 93.53, "proactive_nudge": 99.59, "auto_doc_agent": 97.65, "self_improvement_engine": 93.7}
[2025-11-14 11:59:25.066761] Average Fitness Score: 96.64%
[2025-11-14 11:59:25.070419] ✅  Performance optimal.
[2025-11-14 11:59:25.073717] === Evaluation Cycle Complete ===

[2025-11-14 12:59:24.898373] === Cross-Agent Fitness Evaluation Started ===
[2025-11-14 12:59:24.902079] Cross-Agent Evaluation Results: {"learning_optimizer": 90.67, "predictive_planner": 93.82, "symbolic_reasoner": 95.54, "proactive_nudge": 92.62, "auto_doc_agent": 90.81, "self_improvement_engine": 92.98}
[2025-11-14 12:59:24.906621] Average Fitness Score: 92.74%
[2025-11-14 12:59:24.909511] ⚠️  Performance below optimal threshold — triggering Evolution Auditor.
[2025-11-14 12:59:24.913711] === Evaluation Cycle Complete ===

[2025-11-14 12:59:24.938152] === Cross-Agent Fitness Evaluation Started ===
[2025-11-14 12:59:24.942186] Cross-Agent Evaluation Results: {"learning_optimizer": 95.36, "predictive_planner": 96.49, "symbolic_reasoner": 90.27, "proactive_nudge": 94.92, "auto_doc_agent": 96.3, "self_improvement_engine": 96.09}
[2025-11-14 12:59:24.946093] Average Fitness Score: 94.90%
[2025-11-14 12:59:24.950534] ⚠️  Performance below optimal threshold — triggering Evolution Auditor.
[2025-11-14 12:59:24.956760] === Evaluation Cycle Complete ===

[2025-11-14 12:59:25.123707] === Cross-Agent Fitness Evaluation Started ===
[2025-11-14 12:59:25.127891] Cross-Agent Evaluation Results: {"learning_optimizer": 94.07, "predictive_planner": 91.91, "symbolic_reasoner": 91.15, "proactive_nudge": 94.13, "auto_doc_agent": 92.97, "self_improvement_engine": 96.18}
[2025-11-14 12:59:25.132072] Average Fitness Score: 93.40%
[2025-11-14 12:59:25.135516] ⚠️  Performance below optimal threshold — triggering Evolution Auditor.
[2025-11-14 12:59:25.139879] === Evaluation Cycle Complete ===

[2025-11-14 13:59:22.640531] === Cross-Agent Fitness Evaluation Started ===
[2025-11-14 13:59:22.644904] Cross-Agent Evaluation Results: {"learning_optimizer": 98.3, "predictive_planner": 99.55, "symbolic_reasoner": 98.51, "proactive_nudge": 91.46, "auto_doc_agent": 92.28, "self_improvement_engine": 96.47}
[2025-11-14 13:59:22.650729] Average Fitness Score: 96.09%
[2025-11-14 13:59:22.654142] ✅  Performance optimal.
[2025-11-14 13:59:22.657445] === Evaluation Cycle Complete ===

[2025-11-14 13:59:23.226100] === Cross-Agent Fitness Evaluation Started ===
[2025-11-14 13:59:23.229380] Cross-Agent Evaluation Results: {"learning_optimizer": 98.04, "predictive_planner": 94.16, "symbolic_reasoner": 96.59, "proactive_nudge": 99.75, "auto_doc_agent": 98.4, "self_improvement_engine": 95.38}
[2025-11-14 13:59:23.233171] Average Fitness Score: 97.05%
[2025-11-14 13:59:23.237052] ✅  Performance optimal.
[2025-11-14 13:59:23.241016] === Evaluation Cycle Complete ===

[2025-11-14 13:59:23.711868] === Cross-Agent Fitness Evaluation Started ===
[2025-11-14 13:59:23.715208] Cross-Agent Evaluation Results: {"learning_optimizer": 96.12, "predictive_planner": 91.9, "symbolic_reasoner": 99.75, "proactive_nudge": 91.53, "auto_doc_agent": 97.83, "self_improvement_engine": 93.88}
[2025-11-14 13:59:23.719639] Average Fitness Score: 95.17%
[2025-11-14 13:59:23.724266] ✅  Performance optimal.
[2025-11-14 13:59:23.732132] === Evaluation Cycle Complete ===

[2025-11-14 14:59:22.905454] === Cross-Agent Fitness Evaluation Started ===
[2025-11-14 14:59:22.910505] Cross-Agent Evaluation Results: {"learning_optimizer": 95.91, "predictive_planner": 90.49, "symbolic_reasoner": 97.51, "proactive_nudge": 92.14, "auto_doc_agent": 93.66, "self_improvement_engine": 93.76}
[2025-11-14 14:59:22.914602] Average Fitness Score: 93.91%
[2025-11-14 14:59:22.918748] ⚠️  Performance below optimal threshold — triggering Evolution Auditor.
[2025-11-14 14:59:22.922620] === Evaluation Cycle Complete ===

[2025-11-14 14:59:23.210785] === Cross-Agent Fitness Evaluation Started ===
[2025-11-14 14:59:23.214467] Cross-Agent Evaluation Results: {"learning_optimizer": 98.2, "predictive_planner": 93.81, "symbolic_reasoner": 92.67, "proactive_nudge": 97.91, "auto_doc_agent": 92.88, "self_improvement_engine": 98.03}
[2025-11-14 14:59:23.217811] Average Fitness Score: 95.58%
[2025-11-14 14:59:23.221148] ✅  Performance optimal.
[2025-11-14 14:59:23.224478] === Evaluation Cycle Complete ===

[2025-11-14 14:59:23.341584] === Cross-Agent Fitness Evaluation Started ===
[2025-11-14 14:59:23.344991] Cross-Agent Evaluation Results: {"learning_optimizer": 93.62, "predictive_planner": 94.11, "symbolic_reasoner": 99.01, "proactive_nudge": 92.81, "auto_doc_agent": 94.69, "self_improvement_engine": 94.77}
[2025-11-14 14:59:23.348182] Average Fitness Score: 94.83%
[2025-11-14 14:59:23.351338] ⚠️  Performance below optimal threshold — triggering Evolution Auditor.
[2025-11-14 14:59:23.354480] === Evaluation Cycle Complete ===

[2025-11-14 15:59:23.071587] === Cross-Agent Fitness Evaluation Started ===
[2025-11-14 15:59:23.074876] Cross-Agent Evaluation Results: {"learning_optimizer": 95.21, "predictive_planner": 96.87, "symbolic_reasoner": 95.11, "proactive_nudge": 98.43, "auto_doc_agent": 94.46, "self_improvement_engine": 99.85}
[2025-11-14 15:59:23.078067] Average Fitness Score: 96.65%
[2025-11-14 15:59:23.081229] ✅  Performance optimal.
[2025-11-14 15:59:23.084758] === Evaluation Cycle Complete ===

[2025-11-14 15:59:23.135471] === Cross-Agent Fitness Evaluation Started ===
[2025-11-14 15:59:23.139943] Cross-Agent Evaluation Results: {"learning_optimizer": 93.96, "predictive_planner": 99.5, "symbolic_reasoner": 96.84, "proactive_nudge": 97.91, "auto_doc_agent": 95.62, "self_improvement_engine": 99.41}
[2025-11-14 15:59:23.143864] Average Fitness Score: 97.21%
[2025-11-14 15:59:23.146986] ✅  Performance optimal.
[2025-11-14 15:59:23.150654] === Evaluation Cycle Complete ===

[2025-11-14 15:59:23.168908] === Cross-Agent Fitness Evaluation Started ===
[2025-11-14 15:59:23.172747] Cross-Agent Evaluation Results: {"learning_optimizer": 93.78, "predictive_planner": 98.62, "symbolic_reasoner": 95.9, "proactive_nudge": 91.44, "auto_doc_agent": 98.66, "self_improvement_engine": 95.99}
[2025-11-14 15:59:23.176653] Average Fitness Score: 95.73%
[2025-11-14 15:59:23.180528] ✅  Performance optimal.
[2025-11-14 15:59:23.183794] === Evaluation Cycle Complete ===

[2025-11-14 16:59:22.106954] === Cross-Agent Fitness Evaluation Started ===
[2025-11-14 16:59:22.111823] Cross-Agent Evaluation Results: {"learning_optimizer": 92.56, "predictive_planner": 91.96, "symbolic_reasoner": 97.41, "proactive_nudge": 98.76, "auto_doc_agent": 94.97, "self_improvement_engine": 91.47}
[2025-11-14 16:59:22.115304] Average Fitness Score: 94.52%
[2025-11-14 16:59:22.119097] ⚠️  Performance below optimal threshold — triggering Evolution Auditor.
[2025-11-14 16:59:22.123293] === Evaluation Cycle Complete ===

[2025-11-14 16:59:22.303859] === Cross-Agent Fitness Evaluation Started ===
[2025-11-14 16:59:22.308274] Cross-Agent Evaluation Results: {"learning_optimizer": 96.89, "predictive_planner": 96.44, "symbolic_reasoner": 94.54, "proactive_nudge": 98.61, "auto_doc_agent": 95.4, "self_improvement_engine": 98.63}
[2025-11-14 16:59:22.313232] Average Fitness Score: 96.75%
[2025-11-14 16:59:22.317721] ✅  Performance optimal.
[2025-11-14 16:59:22.321662] === Evaluation Cycle Complete ===

[2025-11-14 16:59:22.656513] === Cross-Agent Fitness Evaluation Started ===
[2025-11-14 16:59:22.659806] Cross-Agent Evaluation Results: {"learning_optimizer": 97.98, "predictive_planner": 97.61, "symbolic_reasoner": 92.18, "proactive_nudge": 95.83, "auto_doc_agent": 92.6, "self_improvement_engine": 91.43}
[2025-11-14 16:59:22.661885] Average Fitness Score: 94.61%
[2025-11-14 16:59:22.663277] ⚠️  Performance below optimal threshold — triggering Evolution Auditor.
[2025-11-14 16:59:22.664623] === Evaluation Cycle Complete ===

[2025-11-14 17:59:26.379469] === Cross-Agent Fitness Evaluation Started ===
[2025-11-14 17:59:26.384232] Cross-Agent Evaluation Results: {"learning_optimizer": 98.26, "predictive_planner": 94.14, "symbolic_reasoner": 97.02, "proactive_nudge": 90.58, "auto_doc_agent": 99.79, "self_improvement_engine": 91.54}
[2025-11-14 17:59:26.387984] Average Fitness Score: 95.22%
[2025-11-14 17:59:26.391780] ✅  Performance optimal.
[2025-11-14 17:59:26.395970] === Evaluation Cycle Complete ===

[2025-11-14 17:59:26.401496] === Cross-Agent Fitness Evaluation Started ===
[2025-11-14 17:59:26.403927] Cross-Agent Evaluation Results: {"learning_optimizer": 96.96, "predictive_planner": 98.13, "symbolic_reasoner": 97.13, "proactive_nudge": 96.6, "auto_doc_agent": 94.41, "self_improvement_engine": 96.58}
[2025-11-14 17:59:26.407195] Average Fitness Score: 96.63%
[2025-11-14 17:59:26.411327] ✅  Performance optimal.
[2025-11-14 17:59:26.415936] === Evaluation Cycle Complete ===

[2025-11-14 17:59:26.596069] === Cross-Agent Fitness Evaluation Started ===
[2025-11-14 17:59:26.600586] Cross-Agent Evaluation Results: {"learning_optimizer": 92.3, "predictive_planner": 96.04, "symbolic_reasoner": 97.5, "proactive_nudge": 94.38, "auto_doc_agent": 96.04, "self_improvement_engine": 92.02}
[2025-11-14 17:59:26.604350] Average Fitness Score: 94.71%
[2025-11-14 17:59:26.608745] ⚠️  Performance below optimal threshold — triggering Evolution Auditor.
[2025-11-14 17:59:26.612705] === Evaluation Cycle Complete ===

[2025-11-14 18:59:25.518468] === Cross-Agent Fitness Evaluation Started ===
[2025-11-14 18:59:25.525352] Cross-Agent Evaluation Results: {"learning_optimizer": 91.91, "predictive_planner": 92.36, "symbolic_reasoner": 96.5, "proactive_nudge": 99.91, "auto_doc_agent": 97.81, "self_improvement_engine": 95.83}
[2025-11-14 18:59:25.534727] Average Fitness Score: 95.72%
[2025-11-14 18:59:25.540464] ✅  Performance optimal.
[2025-11-14 18:59:25.543786] === Evaluation Cycle Complete ===

[2025-11-14 18:59:25.869357] === Cross-Agent Fitness Evaluation Started ===
[2025-11-14 18:59:25.872525] Cross-Agent Evaluation Results: {"learning_optimizer": 90.63, "predictive_planner": 97.31, "symbolic_reasoner": 90.77, "proactive_nudge": 98.35, "auto_doc_agent": 93.16, "self_improvement_engine": 94.98}
[2025-11-14 18:59:25.875278] Average Fitness Score: 94.20%
[2025-11-14 18:59:25.879670] ⚠️  Performance below optimal threshold — triggering Evolution Auditor.
[2025-11-14 18:59:25.883783] === Evaluation Cycle Complete ===

[2025-11-14 18:59:26.124095] === Cross-Agent Fitness Evaluation Started ===
[2025-11-14 18:59:26.127481] Cross-Agent Evaluation Results: {"learning_optimizer": 95.55, "predictive_planner": 90.58, "symbolic_reasoner": 94.45, "proactive_nudge": 96.58, "auto_doc_agent": 98.94, "self_improvement_engine": 90.61}
[2025-11-14 18:59:26.130494] Average Fitness Score: 94.45%
[2025-11-14 18:59:26.133565] ⚠️  Performance below optimal threshold — triggering Evolution Auditor.
[2025-11-14 18:59:26.136638] === Evaluation Cycle Complete ===

[2025-11-14 19:59:23.761012] === Cross-Agent Fitness Evaluation Started ===
[2025-11-14 19:59:23.764263] Cross-Agent Evaluation Results: {"learning_optimizer": 96.56, "predictive_planner": 91.43, "symbolic_reasoner": 98.94, "proactive_nudge": 97.04, "auto_doc_agent": 99.62, "self_improvement_engine": 97.73}
[2025-11-14 19:59:23.767746] Average Fitness Score: 96.89%
[2025-11-14 19:59:23.770355] ✅  Performance optimal.
[2025-11-14 19:59:23.773521] === Evaluation Cycle Complete ===

[2025-11-14 19:59:24.092755] === Cross-Agent Fitness Evaluation Started ===
[2025-11-14 19:59:24.095878] Cross-Agent Evaluation Results: {"learning_optimizer": 91.47, "predictive_planner": 93.67, "symbolic_reasoner": 99.61, "proactive_nudge": 94.25, "auto_doc_agent": 92.93, "self_improvement_engine": 93.16}
[2025-11-14 19:59:24.099602] Average Fitness Score: 94.18%
[2025-11-14 19:59:24.103591] === Cross-Agent Fitness Evaluation Started ===
[2025-11-14 19:59:24.107166] ⚠️  Performance below optimal threshold — triggering Evolution Auditor.
[2025-11-14 19:59:24.110889] Cross-Agent Evaluation Results: {"learning_optimizer": 94.29, "predictive_planner": 93.45, "symbolic_reasoner": 99.16, "proactive_nudge": 91.26, "auto_doc_agent": 91.73, "self_improvement_engine": 90.46}
[2025-11-14 19:59:24.114081] === Evaluation Cycle Complete ===

[2025-11-14 19:59:24.117162] Average Fitness Score: 93.39%
[2025-11-14 19:59:24.120289] ⚠️  Performance below optimal threshold — triggering Evolution Auditor.
[2025-11-14 19:59:24.124543] === Evaluation Cycle Complete ===

[2025-11-14 20:59:23.115504] === Cross-Agent Fitness Evaluation Started ===
[2025-11-14 20:59:23.120679] Cross-Agent Evaluation Results: {"learning_optimizer": 94.44, "predictive_planner": 94.46, "symbolic_reasoner": 99.67, "proactive_nudge": 95.96, "auto_doc_agent": 95.62, "self_improvement_engine": 92.64}
[2025-11-14 20:59:23.123333] Average Fitness Score: 95.46%
[2025-11-14 20:59:23.126221] ✅  Performance optimal.
[2025-11-14 20:59:23.129355] === Evaluation Cycle Complete ===

[2025-11-14 20:59:23.196864] === Cross-Agent Fitness Evaluation Started ===
[2025-11-14 20:59:23.200121] Cross-Agent Evaluation Results: {"learning_optimizer": 95.07, "predictive_planner": 91.55, "symbolic_reasoner": 93.57, "proactive_nudge": 99.08, "auto_doc_agent": 92.95, "self_improvement_engine": 90.52}
[2025-11-14 20:59:23.203284] Average Fitness Score: 93.79%
[2025-11-14 20:59:23.206373] ⚠️  Performance below optimal threshold — triggering Evolution Auditor.
[2025-11-14 20:59:23.209595] === Evaluation Cycle Complete ===

[2025-11-14 20:59:23.301267] === Cross-Agent Fitness Evaluation Started ===
[2025-11-14 20:59:23.304474] Cross-Agent Evaluation Results: {"learning_optimizer": 97.47, "predictive_planner": 96.67, "symbolic_reasoner": 97.51, "proactive_nudge": 96.13, "auto_doc_agent": 94.27, "self_improvement_engine": 92.91}
[2025-11-14 20:59:23.308500] Average Fitness Score: 95.83%
[2025-11-14 20:59:23.311357] ✅  Performance optimal.
[2025-11-14 20:59:23.315296] === Evaluation Cycle Complete ===

