[2025-11-26T00:04:53.951900Z] ================================================================================
[2025-11-26T00:04:53.958934Z] Core monitors bundle run started at 2025-11-26T00:04:53.951758Z
[2025-11-26T00:04:53.963333Z] START: agents/absorption_runner_agent.py
[2025-11-26T00:04:58.315705Z] SUCCESS: agents/absorption_runner_agent.py (exit 0)
[2025-11-26T00:04:58.320406Z] START: agents/absorption_monitor_agent.py
[2025-11-26T00:05:00.048652Z] SUCCESS: agents/absorption_monitor_agent.py (exit 0)
[2025-11-26T00:05:00.053740Z] START: agents/geofence_sms_seed_agent.py
[2025-11-26T00:05:00.178702Z] SUCCESS: agents/geofence_sms_seed_agent.py (exit 0)
[2025-11-26T00:05:00.182678Z] START: agents/geofence_sms_monitor_agent.py
[2025-11-26T00:05:00.381277Z] SUCCESS: agents/geofence_sms_monitor_agent.py (exit 0)
[2025-11-26T00:05:00.385757Z] START: agents/gmail_activity_seed_agent.py
[2025-11-26T00:05:00.469065Z] SUCCESS: agents/gmail_activity_seed_agent.py (exit 0)
[2025-11-26T00:05:00.473361Z] START: agents/gmail_monitor_agent.py
[2025-11-26T00:05:00.616250Z] SUCCESS: agents/gmail_monitor_agent.py (exit 0)
[2025-11-26T00:05:00.620612Z] Core monitors bundle completed at 2025-11-26T00:05:00.620598Z (successes=6, failures=0)
[2025-11-26T00:10:21.247699+00:00] ================================================================================
[2025-11-26T00:10:21.252466+00:00] Core monitors bundle run started at 2025-11-26T00:10:21.247680+00:00
[2025-11-26T00:10:21.257998+00:00] START: agents/absorption_runner_agent.py
[2025-11-26T00:10:26.022833+00:00] SUCCESS: agents/absorption_runner_agent.py (exit 0)
[2025-11-26T00:10:26.026462+00:00] START: agents/absorption_monitor_agent.py
[2025-11-26T00:10:27.867430+00:00] SUCCESS: agents/absorption_monitor_agent.py (exit 0)
[2025-11-26T00:10:27.872490+00:00] START: agents/geofence_sms_seed_agent.py
[2025-11-26T00:10:27.949262+00:00] SUCCESS: agents/geofence_sms_seed_agent.py (exit 0)
[2025-11-26T00:10:27.953577+00:00] START: agents/geofence_sms_monitor_agent.py
[2025-11-26T00:10:28.089643+00:00] SUCCESS: agents/geofence_sms_monitor_agent.py (exit 0)
[2025-11-26T00:10:28.094361+00:00] START: agents/gmail_activity_seed_agent.py
[2025-11-26T00:10:28.157838+00:00] SUCCESS: agents/gmail_activity_seed_agent.py (exit 0)
[2025-11-26T00:10:28.163111+00:00] START: agents/gmail_monitor_agent.py
[2025-11-26T00:10:28.277420+00:00] SUCCESS: agents/gmail_monitor_agent.py (exit 0)
[2025-11-26T00:10:28.280747+00:00] Core monitors bundle completed at 2025-11-26T00:10:28.280732+00:00 (successes=6, failures=0)
[2025-11-26T00:30:45.772574+00:00] ================================================================================
[2025-11-26T00:30:45.777053+00:00] Core monitors bundle run started at 2025-11-26T00:30:45.772526+00:00
[2025-11-26T00:30:45.780408+00:00] START: agents/absorption_runner_agent.py
[2025-11-26T00:30:48.550369+00:00] SUCCESS: agents/absorption_runner_agent.py (exit 0)
[2025-11-26T00:30:48.553735+00:00] START: agents/absorption_monitor_agent.py
[2025-11-26T00:30:50.223251+00:00] SUCCESS: agents/absorption_monitor_agent.py (exit 0)
[2025-11-26T00:30:50.226811+00:00] START: agents/geofence_sms_seed_agent.py
[2025-11-26T00:30:50.289090+00:00] SUCCESS: agents/geofence_sms_seed_agent.py (exit 0)
[2025-11-26T00:30:50.292285+00:00] START: agents/geofence_sms_monitor_agent.py
[2025-11-26T00:30:50.391934+00:00] SUCCESS: agents/geofence_sms_monitor_agent.py (exit 0)
[2025-11-26T00:30:50.395099+00:00] START: agents/gmail_activity_seed_agent.py
[2025-11-26T00:30:50.451462+00:00] SUCCESS: agents/gmail_activity_seed_agent.py (exit 0)
[2025-11-26T00:30:50.454794+00:00] START: agents/gmail_monitor_agent.py
[2025-11-26T00:30:50.548006+00:00] SUCCESS: agents/gmail_monitor_agent.py (exit 0)
[2025-11-26T00:30:50.551643+00:00] Core monitors bundle completed at 2025-11-26T00:30:50.551634+00:00 (successes=6, failures=0)
[2025-11-26T01:30:43.651118+00:00] ================================================================================
[2025-11-26T01:30:43.655565+00:00] Core monitors bundle run started at 2025-11-26T01:30:43.651091+00:00
[2025-11-26T01:30:43.659126+00:00] START: agents/absorption_runner_agent.py
[2025-11-26T01:30:46.065769+00:00] SUCCESS: agents/absorption_runner_agent.py (exit 0)
[2025-11-26T01:30:46.069141+00:00] START: agents/absorption_monitor_agent.py
[2025-11-26T01:30:47.732176+00:00] SUCCESS: agents/absorption_monitor_agent.py (exit 0)
[2025-11-26T01:30:47.735748+00:00] START: agents/geofence_sms_seed_agent.py
[2025-11-26T01:30:47.800492+00:00] SUCCESS: agents/geofence_sms_seed_agent.py (exit 0)
[2025-11-26T01:30:47.804044+00:00] START: agents/geofence_sms_monitor_agent.py
[2025-11-26T01:30:47.954899+00:00] SUCCESS: agents/geofence_sms_monitor_agent.py (exit 0)
[2025-11-26T01:30:47.959513+00:00] START: agents/gmail_activity_seed_agent.py
[2025-11-26T01:30:48.061391+00:00] SUCCESS: agents/gmail_activity_seed_agent.py (exit 0)
[2025-11-26T01:30:48.064883+00:00] START: agents/gmail_monitor_agent.py
[2025-11-26T01:30:48.179677+00:00] SUCCESS: agents/gmail_monitor_agent.py (exit 0)
[2025-11-26T01:30:48.182903+00:00] Core monitors bundle completed at 2025-11-26T01:30:48.182890+00:00 (successes=6, failures=0)
[2025-11-26T02:30:43.404972+00:00] ================================================================================
[2025-11-26T02:30:43.409922+00:00] Core monitors bundle run started at 2025-11-26T02:30:43.404941+00:00
[2025-11-26T02:30:43.413598+00:00] START: agents/absorption_runner_agent.py
[2025-11-26T02:30:47.610538+00:00] SUCCESS: agents/absorption_runner_agent.py (exit 0)
[2025-11-26T02:30:47.613842+00:00] START: agents/absorption_monitor_agent.py
[2025-11-26T02:30:49.572019+00:00] SUCCESS: agents/absorption_monitor_agent.py (exit 0)
[2025-11-26T02:30:49.574918+00:00] START: agents/geofence_sms_seed_agent.py
[2025-11-26T02:30:49.638348+00:00] SUCCESS: agents/geofence_sms_seed_agent.py (exit 0)
[2025-11-26T02:30:49.641835+00:00] START: agents/geofence_sms_monitor_agent.py
[2025-11-26T02:30:49.734556+00:00] SUCCESS: agents/geofence_sms_monitor_agent.py (exit 0)
[2025-11-26T02:30:49.737783+00:00] START: agents/gmail_activity_seed_agent.py
[2025-11-26T02:30:49.793776+00:00] SUCCESS: agents/gmail_activity_seed_agent.py (exit 0)
[2025-11-26T02:30:49.797130+00:00] START: agents/gmail_monitor_agent.py
[2025-11-26T02:30:49.886580+00:00] SUCCESS: agents/gmail_monitor_agent.py (exit 0)
[2025-11-26T02:30:49.889845+00:00] Core monitors bundle completed at 2025-11-26T02:30:49.889836+00:00 (successes=6, failures=0)
[2025-11-26T03:30:47.768150+00:00] ================================================================================
[2025-11-26T03:30:47.772596+00:00] Core monitors bundle run started at 2025-11-26T03:30:47.768118+00:00
[2025-11-26T03:30:47.777226+00:00] START: agents/absorption_runner_agent.py
[2025-11-26T03:30:51.801045+00:00] SUCCESS: agents/absorption_runner_agent.py (exit 0)
[2025-11-26T03:30:51.805236+00:00] START: agents/absorption_monitor_agent.py
[2025-11-26T03:30:53.837608+00:00] SUCCESS: agents/absorption_monitor_agent.py (exit 0)
[2025-11-26T03:30:53.842416+00:00] START: agents/geofence_sms_seed_agent.py
[2025-11-26T03:30:53.948098+00:00] SUCCESS: agents/geofence_sms_seed_agent.py (exit 0)
[2025-11-26T03:30:53.951947+00:00] START: agents/geofence_sms_monitor_agent.py
[2025-11-26T03:30:54.107403+00:00] SUCCESS: agents/geofence_sms_monitor_agent.py (exit 0)
[2025-11-26T03:30:54.110269+00:00] START: agents/gmail_activity_seed_agent.py
[2025-11-26T03:30:54.188563+00:00] SUCCESS: agents/gmail_activity_seed_agent.py (exit 0)
[2025-11-26T03:30:54.192536+00:00] START: agents/gmail_monitor_agent.py
[2025-11-26T03:30:54.318339+00:00] SUCCESS: agents/gmail_monitor_agent.py (exit 0)
[2025-11-26T03:30:54.320741+00:00] Core monitors bundle completed at 2025-11-26T03:30:54.320725+00:00 (successes=6, failures=0)
[2025-11-26T04:30:46.417984+00:00] ================================================================================
[2025-11-26T04:30:46.422905+00:00] Core monitors bundle run started at 2025-11-26T04:30:46.417942+00:00
[2025-11-26T04:30:46.426704+00:00] START: agents/absorption_runner_agent.py
[2025-11-26T04:30:50.298075+00:00] SUCCESS: agents/absorption_runner_agent.py (exit 0)
[2025-11-26T04:30:50.302223+00:00] START: agents/absorption_monitor_agent.py
[2025-11-26T04:30:53.234521+00:00] SUCCESS: agents/absorption_monitor_agent.py (exit 0)
[2025-11-26T04:30:53.237972+00:00] START: agents/geofence_sms_seed_agent.py
[2025-11-26T04:30:53.369504+00:00] SUCCESS: agents/geofence_sms_seed_agent.py (exit 0)
[2025-11-26T04:30:53.374490+00:00] START: agents/geofence_sms_monitor_agent.py
[2025-11-26T04:30:53.579027+00:00] SUCCESS: agents/geofence_sms_monitor_agent.py (exit 0)
[2025-11-26T04:30:53.583787+00:00] START: agents/gmail_activity_seed_agent.py
[2025-11-26T04:30:53.673890+00:00] SUCCESS: agents/gmail_activity_seed_agent.py (exit 0)
[2025-11-26T04:30:53.677517+00:00] START: agents/gmail_monitor_agent.py
[2025-11-26T04:30:53.835628+00:00] SUCCESS: agents/gmail_monitor_agent.py (exit 0)
[2025-11-26T04:30:53.839018+00:00] Core monitors bundle completed at 2025-11-26T04:30:53.839001+00:00 (successes=6, failures=0)
[2025-11-26T05:30:43.249152+00:00] ================================================================================
[2025-11-26T05:30:43.254246+00:00] Core monitors bundle run started at 2025-11-26T05:30:43.249118+00:00
[2025-11-26T05:30:43.257957+00:00] START: agents/absorption_runner_agent.py
[2025-11-26T05:30:46.780072+00:00] SUCCESS: agents/absorption_runner_agent.py (exit 0)
[2025-11-26T05:30:46.787476+00:00] START: agents/absorption_monitor_agent.py
[2025-11-26T05:30:48.260490+00:00] SUCCESS: agents/absorption_monitor_agent.py (exit 0)
[2025-11-26T05:30:48.263107+00:00] START: agents/geofence_sms_seed_agent.py
[2025-11-26T05:30:48.327805+00:00] SUCCESS: agents/geofence_sms_seed_agent.py (exit 0)
[2025-11-26T05:30:48.330512+00:00] START: agents/geofence_sms_monitor_agent.py
[2025-11-26T05:30:48.469174+00:00] SUCCESS: agents/geofence_sms_monitor_agent.py (exit 0)
[2025-11-26T05:30:48.472753+00:00] START: agents/gmail_activity_seed_agent.py
[2025-11-26T05:30:48.547681+00:00] SUCCESS: agents/gmail_activity_seed_agent.py (exit 0)
[2025-11-26T05:30:48.551338+00:00] START: agents/gmail_monitor_agent.py
[2025-11-26T05:30:48.658841+00:00] SUCCESS: agents/gmail_monitor_agent.py (exit 0)
[2025-11-26T05:30:48.662495+00:00] Core monitors bundle completed at 2025-11-26T05:30:48.662480+00:00 (successes=6, failures=0)
[2025-11-26T06:30:43.564731+00:00] ================================================================================
[2025-11-26T06:30:43.568278+00:00] Core monitors bundle run started at 2025-11-26T06:30:43.564692+00:00
[2025-11-26T06:30:43.573622+00:00] START: agents/absorption_runner_agent.py
[2025-11-26T06:30:47.765588+00:00] SUCCESS: agents/absorption_runner_agent.py (exit 0)
[2025-11-26T06:30:47.771011+00:00] START: agents/absorption_monitor_agent.py
[2025-11-26T06:30:49.345234+00:00] SUCCESS: agents/absorption_monitor_agent.py (exit 0)
[2025-11-26T06:30:49.349164+00:00] START: agents/geofence_sms_seed_agent.py
[2025-11-26T06:30:49.420350+00:00] SUCCESS: agents/geofence_sms_seed_agent.py (exit 0)
[2025-11-26T06:30:49.423635+00:00] START: agents/geofence_sms_monitor_agent.py
[2025-11-26T06:30:49.526316+00:00] SUCCESS: agents/geofence_sms_monitor_agent.py (exit 0)
[2025-11-26T06:30:49.529726+00:00] START: agents/gmail_activity_seed_agent.py
[2025-11-26T06:30:49.599887+00:00] SUCCESS: agents/gmail_activity_seed_agent.py (exit 0)
[2025-11-26T06:30:49.603542+00:00] START: agents/gmail_monitor_agent.py
[2025-11-26T06:30:49.774734+00:00] SUCCESS: agents/gmail_monitor_agent.py (exit 0)
[2025-11-26T06:30:49.779400+00:00] Core monitors bundle completed at 2025-11-26T06:30:49.779386+00:00 (successes=6, failures=0)
[2025-11-26T07:30:42.642266+00:00] ================================================================================
[2025-11-26T07:30:42.647657+00:00] Core monitors bundle run started at 2025-11-26T07:30:42.642232+00:00
[2025-11-26T07:30:42.651697+00:00] START: agents/absorption_runner_agent.py
[2025-11-26T07:30:47.217608+00:00] SUCCESS: agents/absorption_runner_agent.py (exit 0)
[2025-11-26T07:30:47.221033+00:00] START: agents/absorption_monitor_agent.py
[2025-11-26T07:30:48.777888+00:00] SUCCESS: agents/absorption_monitor_agent.py (exit 0)
[2025-11-26T07:30:48.781351+00:00] START: agents/geofence_sms_seed_agent.py
[2025-11-26T07:30:48.851886+00:00] SUCCESS: agents/geofence_sms_seed_agent.py (exit 0)
[2025-11-26T07:30:48.855237+00:00] START: agents/geofence_sms_monitor_agent.py
[2025-11-26T07:30:48.967249+00:00] SUCCESS: agents/geofence_sms_monitor_agent.py (exit 0)
[2025-11-26T07:30:48.970824+00:00] START: agents/gmail_activity_seed_agent.py
[2025-11-26T07:30:49.067077+00:00] SUCCESS: agents/gmail_activity_seed_agent.py (exit 0)
[2025-11-26T07:30:49.070939+00:00] START: agents/gmail_monitor_agent.py
[2025-11-26T07:30:49.226623+00:00] SUCCESS: agents/gmail_monitor_agent.py (exit 0)
[2025-11-26T07:30:49.230021+00:00] Core monitors bundle completed at 2025-11-26T07:30:49.230004+00:00 (successes=6, failures=0)
[2025-11-26T08:30:40.152842+00:00] ================================================================================
[2025-11-26T08:30:40.157813+00:00] Core monitors bundle run started at 2025-11-26T08:30:40.152810+00:00
[2025-11-26T08:30:40.161346+00:00] START: agents/absorption_runner_agent.py
[2025-11-26T08:30:43.431380+00:00] SUCCESS: agents/absorption_runner_agent.py (exit 0)
[2025-11-26T08:30:43.433981+00:00] START: agents/absorption_monitor_agent.py
[2025-11-26T08:30:44.768214+00:00] SUCCESS: agents/absorption_monitor_agent.py (exit 0)
[2025-11-26T08:30:44.771566+00:00] START: agents/geofence_sms_seed_agent.py
[2025-11-26T08:30:44.842758+00:00] SUCCESS: agents/geofence_sms_seed_agent.py (exit 0)
[2025-11-26T08:30:44.845915+00:00] START: agents/geofence_sms_monitor_agent.py
[2025-11-26T08:30:44.950375+00:00] SUCCESS: agents/geofence_sms_monitor_agent.py (exit 0)
[2025-11-26T08:30:44.953707+00:00] START: agents/gmail_activity_seed_agent.py
[2025-11-26T08:30:45.013306+00:00] SUCCESS: agents/gmail_activity_seed_agent.py (exit 0)
[2025-11-26T08:30:45.016672+00:00] START: agents/gmail_monitor_agent.py
[2025-11-26T08:30:45.114986+00:00] SUCCESS: agents/gmail_monitor_agent.py (exit 0)
[2025-11-26T08:30:45.118386+00:00] Core monitors bundle completed at 2025-11-26T08:30:45.118370+00:00 (successes=6, failures=0)
[2025-11-26T09:30:41.026535+00:00] ================================================================================
[2025-11-26T09:30:41.031359+00:00] Core monitors bundle run started at 2025-11-26T09:30:41.026491+00:00
[2025-11-26T09:30:41.035306+00:00] START: agents/absorption_runner_agent.py
[2025-11-26T09:30:45.117854+00:00] SUCCESS: agents/absorption_runner_agent.py (exit 0)
[2025-11-26T09:30:45.122075+00:00] START: agents/absorption_monitor_agent.py
[2025-11-26T09:30:46.677128+00:00] SUCCESS: agents/absorption_monitor_agent.py (exit 0)
[2025-11-26T09:30:46.680890+00:00] START: agents/geofence_sms_seed_agent.py
[2025-11-26T09:30:46.772874+00:00] SUCCESS: agents/geofence_sms_seed_agent.py (exit 0)
[2025-11-26T09:30:46.775900+00:00] START: agents/geofence_sms_monitor_agent.py
[2025-11-26T09:30:46.894171+00:00] SUCCESS: agents/geofence_sms_monitor_agent.py (exit 0)
[2025-11-26T09:30:46.898724+00:00] START: agents/gmail_activity_seed_agent.py
[2025-11-26T09:30:46.961812+00:00] SUCCESS: agents/gmail_activity_seed_agent.py (exit 0)
[2025-11-26T09:30:46.964486+00:00] START: agents/gmail_monitor_agent.py
[2025-11-26T09:30:47.063241+00:00] SUCCESS: agents/gmail_monitor_agent.py (exit 0)
[2025-11-26T09:30:47.066124+00:00] Core monitors bundle completed at 2025-11-26T09:30:47.066115+00:00 (successes=6, failures=0)
[2025-11-26T10:30:40.367816+00:00] ================================================================================
[2025-11-26T10:30:40.372754+00:00] Core monitors bundle run started at 2025-11-26T10:30:40.367784+00:00
[2025-11-26T10:30:40.376508+00:00] START: agents/absorption_runner_agent.py
[2025-11-26T10:30:43.947484+00:00] SUCCESS: agents/absorption_runner_agent.py (exit 0)
[2025-11-26T10:30:43.950919+00:00] START: agents/absorption_monitor_agent.py
[2025-11-26T10:30:45.521701+00:00] SUCCESS: agents/absorption_monitor_agent.py (exit 0)
[2025-11-26T10:30:45.525562+00:00] START: agents/geofence_sms_seed_agent.py
[2025-11-26T10:30:45.590668+00:00] SUCCESS: agents/geofence_sms_seed_agent.py (exit 0)
[2025-11-26T10:30:45.594702+00:00] START: agents/geofence_sms_monitor_agent.py
[2025-11-26T10:30:45.713111+00:00] SUCCESS: agents/geofence_sms_monitor_agent.py (exit 0)
[2025-11-26T10:30:45.716750+00:00] START: agents/gmail_activity_seed_agent.py
[2025-11-26T10:30:45.776077+00:00] SUCCESS: agents/gmail_activity_seed_agent.py (exit 0)
[2025-11-26T10:30:45.778879+00:00] START: agents/gmail_monitor_agent.py
[2025-11-26T10:30:45.872385+00:00] SUCCESS: agents/gmail_monitor_agent.py (exit 0)
[2025-11-26T10:30:45.875646+00:00] Core monitors bundle completed at 2025-11-26T10:30:45.875634+00:00 (successes=6, failures=0)
[2025-11-26T11:30:43.568711+00:00] ================================================================================
[2025-11-26T11:30:43.573019+00:00] Core monitors bundle run started at 2025-11-26T11:30:43.568677+00:00
[2025-11-26T11:30:43.578022+00:00] START: agents/absorption_runner_agent.py
[2025-11-26T11:30:46.635931+00:00] SUCCESS: agents/absorption_runner_agent.py (exit 0)
[2025-11-26T11:30:46.640815+00:00] START: agents/absorption_monitor_agent.py
[2025-11-26T11:30:48.475600+00:00] SUCCESS: agents/absorption_monitor_agent.py (exit 0)
[2025-11-26T11:30:48.479177+00:00] START: agents/geofence_sms_seed_agent.py
[2025-11-26T11:30:48.557659+00:00] SUCCESS: agents/geofence_sms_seed_agent.py (exit 0)
[2025-11-26T11:30:48.561245+00:00] START: agents/geofence_sms_monitor_agent.py
[2025-11-26T11:30:48.657835+00:00] SUCCESS: agents/geofence_sms_monitor_agent.py (exit 0)
[2025-11-26T11:30:48.661541+00:00] START: agents/gmail_activity_seed_agent.py
[2025-11-26T11:30:48.717122+00:00] SUCCESS: agents/gmail_activity_seed_agent.py (exit 0)
[2025-11-26T11:30:48.720708+00:00] START: agents/gmail_monitor_agent.py
[2025-11-26T11:30:48.821667+00:00] SUCCESS: agents/gmail_monitor_agent.py (exit 0)
[2025-11-26T11:30:48.825048+00:00] Core monitors bundle completed at 2025-11-26T11:30:48.825036+00:00 (successes=6, failures=0)
[2025-11-26T12:30:39.561290+00:00] ================================================================================
[2025-11-26T12:30:39.566149+00:00] Core monitors bundle run started at 2025-11-26T12:30:39.561260+00:00
[2025-11-26T12:30:39.569714+00:00] START: agents/absorption_runner_agent.py
[2025-11-26T12:30:42.614663+00:00] SUCCESS: agents/absorption_runner_agent.py (exit 0)
[2025-11-26T12:30:42.618037+00:00] START: agents/absorption_monitor_agent.py
[2025-11-26T12:30:43.981582+00:00] SUCCESS: agents/absorption_monitor_agent.py (exit 0)
[2025-11-26T12:30:43.985063+00:00] START: agents/geofence_sms_seed_agent.py
[2025-11-26T12:30:44.077667+00:00] SUCCESS: agents/geofence_sms_seed_agent.py (exit 0)
[2025-11-26T12:30:44.081409+00:00] START: agents/geofence_sms_monitor_agent.py
[2025-11-26T12:30:44.206521+00:00] SUCCESS: agents/geofence_sms_monitor_agent.py (exit 0)
[2025-11-26T12:30:44.209223+00:00] START: agents/gmail_activity_seed_agent.py
[2025-11-26T12:30:44.293940+00:00] SUCCESS: agents/gmail_activity_seed_agent.py (exit 0)
[2025-11-26T12:30:44.297412+00:00] START: agents/gmail_monitor_agent.py
[2025-11-26T12:30:44.405350+00:00] SUCCESS: agents/gmail_monitor_agent.py (exit 0)
[2025-11-26T12:30:44.408533+00:00] Core monitors bundle completed at 2025-11-26T12:30:44.408521+00:00 (successes=6, failures=0)
[2025-11-26T13:30:46.522409+00:00] ================================================================================
[2025-11-26T13:30:46.530278+00:00] Core monitors bundle run started at 2025-11-26T13:30:46.522374+00:00
[2025-11-26T13:30:46.534294+00:00] START: agents/absorption_runner_agent.py
[2025-11-26T13:30:52.060388+00:00] SUCCESS: agents/absorption_runner_agent.py (exit 0)
[2025-11-26T13:30:52.064414+00:00] START: agents/absorption_monitor_agent.py
[2025-11-26T13:30:54.331588+00:00] SUCCESS: agents/absorption_monitor_agent.py (exit 0)
[2025-11-26T13:30:54.336815+00:00] START: agents/geofence_sms_seed_agent.py
[2025-11-26T13:30:54.434475+00:00] SUCCESS: agents/geofence_sms_seed_agent.py (exit 0)
[2025-11-26T13:30:54.438578+00:00] START: agents/geofence_sms_monitor_agent.py
[2025-11-26T13:30:54.606772+00:00] SUCCESS: agents/geofence_sms_monitor_agent.py (exit 0)
[2025-11-26T13:30:54.611299+00:00] START: agents/gmail_activity_seed_agent.py
[2025-11-26T13:30:54.683640+00:00] SUCCESS: agents/gmail_activity_seed_agent.py (exit 0)
[2025-11-26T13:30:54.686654+00:00] START: agents/gmail_monitor_agent.py
[2025-11-26T13:30:54.832332+00:00] SUCCESS: agents/gmail_monitor_agent.py (exit 0)
[2025-11-26T13:30:54.835174+00:00] Core monitors bundle completed at 2025-11-26T13:30:54.835158+00:00 (successes=6, failures=0)
[2025-11-26T14:30:45.687178+00:00] ================================================================================
[2025-11-26T14:30:45.694779+00:00] Core monitors bundle run started at 2025-11-26T14:30:45.687147+00:00
[2025-11-26T14:30:45.698515+00:00] START: agents/absorption_runner_agent.py
[2025-11-26T14:30:49.839707+00:00] SUCCESS: agents/absorption_runner_agent.py (exit 0)
[2025-11-26T14:30:49.843208+00:00] START: agents/absorption_monitor_agent.py
[2025-11-26T14:30:51.651188+00:00] SUCCESS: agents/absorption_monitor_agent.py (exit 0)
[2025-11-26T14:30:51.654037+00:00] START: agents/geofence_sms_seed_agent.py
[2025-11-26T14:30:51.721498+00:00] SUCCESS: agents/geofence_sms_seed_agent.py (exit 0)
[2025-11-26T14:30:51.724678+00:00] START: agents/geofence_sms_monitor_agent.py
[2025-11-26T14:30:51.842999+00:00] SUCCESS: agents/geofence_sms_monitor_agent.py (exit 0)
[2025-11-26T14:30:51.847188+00:00] START: agents/gmail_activity_seed_agent.py
[2025-11-26T14:30:51.902098+00:00] SUCCESS: agents/gmail_activity_seed_agent.py (exit 0)
[2025-11-26T14:30:51.905413+00:00] START: agents/gmail_monitor_agent.py
[2025-11-26T14:30:52.000367+00:00] SUCCESS: agents/gmail_monitor_agent.py (exit 0)
[2025-11-26T14:30:52.003784+00:00] Core monitors bundle completed at 2025-11-26T14:30:52.003770+00:00 (successes=6, failures=0)
[2025-11-26T15:30:45.108190+00:00] ================================================================================
[2025-11-26T15:30:45.113086+00:00] Core monitors bundle run started at 2025-11-26T15:30:45.108161+00:00
[2025-11-26T15:30:45.116722+00:00] START: agents/absorption_runner_agent.py
[2025-11-26T15:30:47.863315+00:00] SUCCESS: agents/absorption_runner_agent.py (exit 0)
[2025-11-26T15:30:47.866891+00:00] START: agents/absorption_monitor_agent.py
[2025-11-26T15:30:49.421401+00:00] SUCCESS: agents/absorption_monitor_agent.py (exit 0)
[2025-11-26T15:30:49.425075+00:00] START: agents/geofence_sms_seed_agent.py
[2025-11-26T15:30:49.523038+00:00] SUCCESS: agents/geofence_sms_seed_agent.py (exit 0)
[2025-11-26T15:30:49.526511+00:00] START: agents/geofence_sms_monitor_agent.py
[2025-11-26T15:30:49.672411+00:00] SUCCESS: agents/geofence_sms_monitor_agent.py (exit 0)
[2025-11-26T15:30:49.676977+00:00] START: agents/gmail_activity_seed_agent.py
[2025-11-26T15:30:49.762096+00:00] SUCCESS: agents/gmail_activity_seed_agent.py (exit 0)
[2025-11-26T15:30:49.765049+00:00] START: agents/gmail_monitor_agent.py
[2025-11-26T15:30:49.910913+00:00] SUCCESS: agents/gmail_monitor_agent.py (exit 0)
[2025-11-26T15:30:49.914127+00:00] Core monitors bundle completed at 2025-11-26T15:30:49.914113+00:00 (successes=6, failures=0)
[2025-11-26T16:30:44.930682+00:00] ================================================================================
[2025-11-26T16:30:44.935341+00:00] Core monitors bundle run started at 2025-11-26T16:30:44.930650+00:00
[2025-11-26T16:30:44.938773+00:00] START: agents/absorption_runner_agent.py
[2025-11-26T16:30:48.730024+00:00] SUCCESS: agents/absorption_runner_agent.py (exit 0)
[2025-11-26T16:30:48.734040+00:00] START: agents/absorption_monitor_agent.py
[2025-11-26T16:30:50.044132+00:00] SUCCESS: agents/absorption_monitor_agent.py (exit 0)
[2025-11-26T16:30:50.049033+00:00] START: agents/geofence_sms_seed_agent.py
[2025-11-26T16:30:50.115763+00:00] SUCCESS: agents/geofence_sms_seed_agent.py (exit 0)
[2025-11-26T16:30:50.119445+00:00] START: agents/geofence_sms_monitor_agent.py
[2025-11-26T16:30:50.224026+00:00] SUCCESS: agents/geofence_sms_monitor_agent.py (exit 0)
[2025-11-26T16:30:50.227136+00:00] START: agents/gmail_activity_seed_agent.py
[2025-11-26T16:30:50.280857+00:00] SUCCESS: agents/gmail_activity_seed_agent.py (exit 0)
[2025-11-26T16:30:50.283965+00:00] START: agents/gmail_monitor_agent.py
[2025-11-26T16:30:50.381826+00:00] SUCCESS: agents/gmail_monitor_agent.py (exit 0)
[2025-11-26T16:30:50.385542+00:00] Core monitors bundle completed at 2025-11-26T16:30:50.385532+00:00 (successes=6, failures=0)
[2025-11-26T17:30:47.396587+00:00] ================================================================================
[2025-11-26T17:30:47.401121+00:00] Core monitors bundle run started at 2025-11-26T17:30:47.396550+00:00
[2025-11-26T17:30:47.406241+00:00] START: agents/absorption_runner_agent.py
[2025-11-26T17:30:51.318400+00:00] SUCCESS: agents/absorption_runner_agent.py (exit 0)
[2025-11-26T17:30:51.322003+00:00] START: agents/absorption_monitor_agent.py
[2025-11-26T17:30:52.937362+00:00] SUCCESS: agents/absorption_monitor_agent.py (exit 0)
[2025-11-26T17:30:52.941058+00:00] START: agents/geofence_sms_seed_agent.py
[2025-11-26T17:30:53.027590+00:00] SUCCESS: agents/geofence_sms_seed_agent.py (exit 0)
[2025-11-26T17:30:53.030740+00:00] START: agents/geofence_sms_monitor_agent.py
[2025-11-26T17:30:53.179681+00:00] SUCCESS: agents/geofence_sms_monitor_agent.py (exit 0)
[2025-11-26T17:30:53.183489+00:00] START: agents/gmail_activity_seed_agent.py
[2025-11-26T17:30:53.260159+00:00] SUCCESS: agents/gmail_activity_seed_agent.py (exit 0)
[2025-11-26T17:30:53.263787+00:00] START: agents/gmail_monitor_agent.py
[2025-11-26T17:30:53.367901+00:00] SUCCESS: agents/gmail_monitor_agent.py (exit 0)
[2025-11-26T17:30:53.371105+00:00] Core monitors bundle completed at 2025-11-26T17:30:53.371095+00:00 (successes=6, failures=0)
[2025-11-26T18:30:41.277808+00:00] ================================================================================
[2025-11-26T18:30:41.281771+00:00] Core monitors bundle run started at 2025-11-26T18:30:41.277776+00:00
[2025-11-26T18:30:41.286493+00:00] START: agents/absorption_runner_agent.py
[2025-11-26T18:30:45.515375+00:00] SUCCESS: agents/absorption_runner_agent.py (exit 0)
[2025-11-26T18:30:45.518500+00:00] START: agents/absorption_monitor_agent.py
[2025-11-26T18:30:46.890838+00:00] SUCCESS: agents/absorption_monitor_agent.py (exit 0)
[2025-11-26T18:30:46.894452+00:00] START: agents/geofence_sms_seed_agent.py
[2025-11-26T18:30:46.973974+00:00] SUCCESS: agents/geofence_sms_seed_agent.py (exit 0)
[2025-11-26T18:30:46.977963+00:00] START: agents/geofence_sms_monitor_agent.py
[2025-11-26T18:30:47.075063+00:00] SUCCESS: agents/geofence_sms_monitor_agent.py (exit 0)
[2025-11-26T18:30:47.078729+00:00] START: agents/gmail_activity_seed_agent.py
[2025-11-26T18:30:47.134032+00:00] SUCCESS: agents/gmail_activity_seed_agent.py (exit 0)
[2025-11-26T18:30:47.137356+00:00] START: agents/gmail_monitor_agent.py
[2025-11-26T18:30:47.238459+00:00] SUCCESS: agents/gmail_monitor_agent.py (exit 0)
[2025-11-26T18:30:47.241132+00:00] Core monitors bundle completed at 2025-11-26T18:30:47.241113+00:00 (successes=6, failures=0)
[2025-11-26T19:30:43.582193+00:00] ================================================================================
[2025-11-26T19:30:43.585310+00:00] Core monitors bundle run started at 2025-11-26T19:30:43.582158+00:00
[2025-11-26T19:30:43.589369+00:00] START: agents/absorption_runner_agent.py
[2025-11-26T19:30:47.500241+00:00] SUCCESS: agents/absorption_runner_agent.py (exit 0)
[2025-11-26T19:30:47.503836+00:00] START: agents/absorption_monitor_agent.py
[2025-11-26T19:30:48.986479+00:00] SUCCESS: agents/absorption_monitor_agent.py (exit 0)
[2025-11-26T19:30:48.989875+00:00] START: agents/geofence_sms_seed_agent.py
[2025-11-26T19:30:49.053090+00:00] SUCCESS: agents/geofence_sms_seed_agent.py (exit 0)
[2025-11-26T19:30:49.056694+00:00] START: agents/geofence_sms_monitor_agent.py
[2025-11-26T19:30:49.150664+00:00] SUCCESS: agents/geofence_sms_monitor_agent.py (exit 0)
[2025-11-26T19:30:49.154219+00:00] START: agents/gmail_activity_seed_agent.py
[2025-11-26T19:30:49.222463+00:00] SUCCESS: agents/gmail_activity_seed_agent.py (exit 0)
[2025-11-26T19:30:49.226193+00:00] START: agents/gmail_monitor_agent.py
[2025-11-26T19:30:49.323164+00:00] SUCCESS: agents/gmail_monitor_agent.py (exit 0)
[2025-11-26T19:30:49.326445+00:00] Core monitors bundle completed at 2025-11-26T19:30:49.326410+00:00 (successes=6, failures=0)
[2025-11-26T20:30:43.646963+00:00] ================================================================================
[2025-11-26T20:30:43.649638+00:00] Core monitors bundle run started at 2025-11-26T20:30:43.646925+00:00
[2025-11-26T20:30:43.653274+00:00] START: agents/absorption_runner_agent.py
[2025-11-26T20:30:47.529542+00:00] SUCCESS: agents/absorption_runner_agent.py (exit 0)
[2025-11-26T20:30:47.533854+00:00] START: agents/absorption_monitor_agent.py
[2025-11-26T20:30:50.227821+00:00] SUCCESS: agents/absorption_monitor_agent.py (exit 0)
[2025-11-26T20:30:50.233743+00:00] START: agents/geofence_sms_seed_agent.py
[2025-11-26T20:30:50.329804+00:00] SUCCESS: agents/geofence_sms_seed_agent.py (exit 0)
[2025-11-26T20:30:50.333209+00:00] START: agents/geofence_sms_monitor_agent.py
[2025-11-26T20:30:50.440100+00:00] SUCCESS: agents/geofence_sms_monitor_agent.py (exit 0)
[2025-11-26T20:30:50.443511+00:00] START: agents/gmail_activity_seed_agent.py
[2025-11-26T20:30:50.498930+00:00] SUCCESS: agents/gmail_activity_seed_agent.py (exit 0)
[2025-11-26T20:30:50.503147+00:00] START: agents/gmail_monitor_agent.py
[2025-11-26T20:30:50.603460+00:00] SUCCESS: agents/gmail_monitor_agent.py (exit 0)
[2025-11-26T20:30:50.607133+00:00] Core monitors bundle completed at 2025-11-26T20:30:50.607121+00:00 (successes=6, failures=0)
[2025-11-26T21:30:43.327232+00:00] ================================================================================
[2025-11-26T21:30:43.331589+00:00] Core monitors bundle run started at 2025-11-26T21:30:43.327194+00:00
[2025-11-26T21:30:43.335330+00:00] START: agents/absorption_runner_agent.py
[2025-11-26T21:30:46.061015+00:00] SUCCESS: agents/absorption_runner_agent.py (exit 0)
[2025-11-26T21:30:46.064524+00:00] START: agents/absorption_monitor_agent.py
[2025-11-26T21:30:47.666884+00:00] SUCCESS: agents/absorption_monitor_agent.py (exit 0)
[2025-11-26T21:30:47.670758+00:00] START: agents/geofence_sms_seed_agent.py
[2025-11-26T21:30:47.735472+00:00] SUCCESS: agents/geofence_sms_seed_agent.py (exit 0)
[2025-11-26T21:30:47.738883+00:00] START: agents/geofence_sms_monitor_agent.py
[2025-11-26T21:30:47.842046+00:00] SUCCESS: agents/geofence_sms_monitor_agent.py (exit 0)
[2025-11-26T21:30:47.845570+00:00] START: agents/gmail_activity_seed_agent.py
[2025-11-26T21:30:47.901078+00:00] SUCCESS: agents/gmail_activity_seed_agent.py (exit 0)
[2025-11-26T21:30:47.905090+00:00] START: agents/gmail_monitor_agent.py
[2025-11-26T21:30:48.026562+00:00] SUCCESS: agents/gmail_monitor_agent.py (exit 0)
[2025-11-26T21:30:48.030500+00:00] Core monitors bundle completed at 2025-11-26T21:30:48.030481+00:00 (successes=6, failures=0)
[2025-11-26T22:30:46.741264+00:00] ================================================================================
[2025-11-26T22:30:46.748156+00:00] Core monitors bundle run started at 2025-11-26T22:30:46.741231+00:00
[2025-11-26T22:30:46.751824+00:00] START: agents/absorption_runner_agent.py
[2025-11-26T22:30:51.567853+00:00] SUCCESS: agents/absorption_runner_agent.py (exit 0)
[2025-11-26T22:30:51.571934+00:00] START: agents/absorption_monitor_agent.py
[2025-11-26T22:30:53.431654+00:00] SUCCESS: agents/absorption_monitor_agent.py (exit 0)
[2025-11-26T22:30:53.435477+00:00] START: agents/geofence_sms_seed_agent.py
[2025-11-26T22:30:53.557101+00:00] SUCCESS: agents/geofence_sms_seed_agent.py (exit 0)
[2025-11-26T22:30:53.563878+00:00] START: agents/geofence_sms_monitor_agent.py
[2025-11-26T22:30:53.768069+00:00] SUCCESS: agents/geofence_sms_monitor_agent.py (exit 0)
[2025-11-26T22:30:53.772770+00:00] START: agents/gmail_activity_seed_agent.py
[2025-11-26T22:30:53.877350+00:00] SUCCESS: agents/gmail_activity_seed_agent.py (exit 0)
[2025-11-26T22:30:53.881580+00:00] START: agents/gmail_monitor_agent.py
[2025-11-26T22:30:54.075869+00:00] SUCCESS: agents/gmail_monitor_agent.py (exit 0)
[2025-11-26T22:30:54.079557+00:00] Core monitors bundle completed at 2025-11-26T22:30:54.079538+00:00 (successes=6, failures=0)
[2025-11-26T23:30:47.194155+00:00] ================================================================================
[2025-11-26T23:30:47.198683+00:00] Core monitors bundle run started at 2025-11-26T23:30:47.194125+00:00
[2025-11-26T23:30:47.203005+00:00] START: agents/absorption_runner_agent.py
[2025-11-26T23:30:51.249645+00:00] SUCCESS: agents/absorption_runner_agent.py (exit 0)
[2025-11-26T23:30:51.253620+00:00] START: agents/absorption_monitor_agent.py
[2025-11-26T23:30:53.237586+00:00] SUCCESS: agents/absorption_monitor_agent.py (exit 0)
[2025-11-26T23:30:53.243474+00:00] START: agents/geofence_sms_seed_agent.py
[2025-11-26T23:30:53.349763+00:00] SUCCESS: agents/geofence_sms_seed_agent.py (exit 0)
[2025-11-26T23:30:53.353265+00:00] START: agents/geofence_sms_monitor_agent.py
[2025-11-26T23:30:53.514940+00:00] SUCCESS: agents/geofence_sms_monitor_agent.py (exit 0)
[2025-11-26T23:30:53.518770+00:00] START: agents/gmail_activity_seed_agent.py
[2025-11-26T23:30:53.623570+00:00] SUCCESS: agents/gmail_activity_seed_agent.py (exit 0)
[2025-11-26T23:30:53.626960+00:00] START: agents/gmail_monitor_agent.py
[2025-11-26T23:30:53.778026+00:00] SUCCESS: agents/gmail_monitor_agent.py (exit 0)
[2025-11-26T23:30:53.780629+00:00] Core monitors bundle completed at 2025-11-26T23:30:53.780611+00:00 (successes=6, failures=0)
[2025-11-27T00:30:46.649061+00:00] ================================================================================
[2025-11-27T00:30:46.654641+00:00] Core monitors bundle run started at 2025-11-27T00:30:46.649027+00:00
[2025-11-27T00:30:46.658357+00:00] START: agents/absorption_runner_agent.py
[2025-11-27T00:30:49.649611+00:00] SUCCESS: agents/absorption_runner_agent.py (exit 0)
[2025-11-27T00:30:49.653055+00:00] START: agents/absorption_monitor_agent.py
[2025-11-27T00:30:51.012122+00:00] SUCCESS: agents/absorption_monitor_agent.py (exit 0)
[2025-11-27T00:30:51.015557+00:00] START: agents/geofence_sms_seed_agent.py
[2025-11-27T00:30:51.080630+00:00] SUCCESS: agents/geofence_sms_seed_agent.py (exit 0)
[2025-11-27T00:30:51.083706+00:00] START: agents/geofence_sms_monitor_agent.py
[2025-11-27T00:30:51.191626+00:00] SUCCESS: agents/geofence_sms_monitor_agent.py (exit 0)
[2025-11-27T00:30:51.194370+00:00] START: agents/gmail_activity_seed_agent.py
[2025-11-27T00:30:51.257203+00:00] SUCCESS: agents/gmail_activity_seed_agent.py (exit 0)
[2025-11-27T00:30:51.260789+00:00] START: agents/gmail_monitor_agent.py
[2025-11-27T00:30:51.357897+00:00] SUCCESS: agents/gmail_monitor_agent.py (exit 0)
[2025-11-27T00:30:51.361018+00:00] Core monitors bundle completed at 2025-11-27T00:30:51.361004+00:00 (successes=6, failures=0)
[2025-11-27T01:30:42.113557+00:00] ================================================================================
[2025-11-27T01:30:42.121741+00:00] Core monitors bundle run started at 2025-11-27T01:30:42.113524+00:00
[2025-11-27T01:30:42.129628+00:00] START: agents/absorption_runner_agent.py
[2025-11-27T01:30:44.629940+00:00] SUCCESS: agents/absorption_runner_agent.py (exit 0)
[2025-11-27T01:30:44.633266+00:00] START: agents/absorption_monitor_agent.py
[2025-11-27T01:30:46.441705+00:00] SUCCESS: agents/absorption_monitor_agent.py (exit 0)
[2025-11-27T01:30:46.445705+00:00] START: agents/geofence_sms_seed_agent.py
[2025-11-27T01:30:46.550086+00:00] SUCCESS: agents/geofence_sms_seed_agent.py (exit 0)
[2025-11-27T01:30:46.553922+00:00] START: agents/geofence_sms_monitor_agent.py
[2025-11-27T01:30:46.698736+00:00] SUCCESS: agents/geofence_sms_monitor_agent.py (exit 0)
[2025-11-27T01:30:46.702562+00:00] START: agents/gmail_activity_seed_agent.py
[2025-11-27T01:30:46.809262+00:00] SUCCESS: agents/gmail_activity_seed_agent.py (exit 0)
[2025-11-27T01:30:46.812990+00:00] START: agents/gmail_monitor_agent.py
[2025-11-27T01:30:46.921632+00:00] SUCCESS: agents/gmail_monitor_agent.py (exit 0)
[2025-11-27T01:30:46.925926+00:00] Core monitors bundle completed at 2025-11-27T01:30:46.925913+00:00 (successes=6, failures=0)
[2025-11-27T02:30:44.019686+00:00] ================================================================================
[2025-11-27T02:30:44.024290+00:00] Core monitors bundle run started at 2025-11-27T02:30:44.019644+00:00
[2025-11-27T02:30:44.028943+00:00] START: agents/absorption_runner_agent.py
[2025-11-27T02:30:47.968984+00:00] SUCCESS: agents/absorption_runner_agent.py (exit 0)
[2025-11-27T02:30:47.972935+00:00] START: agents/absorption_monitor_agent.py
[2025-11-27T02:30:49.447763+00:00] SUCCESS: agents/absorption_monitor_agent.py (exit 0)
[2025-11-27T02:30:49.451159+00:00] START: agents/geofence_sms_seed_agent.py
[2025-11-27T02:30:49.512539+00:00] SUCCESS: agents/geofence_sms_seed_agent.py (exit 0)
[2025-11-27T02:30:49.515813+00:00] START: agents/geofence_sms_monitor_agent.py
[2025-11-27T02:30:49.637085+00:00] SUCCESS: agents/geofence_sms_monitor_agent.py (exit 0)
[2025-11-27T02:30:49.639815+00:00] START: agents/gmail_activity_seed_agent.py
[2025-11-27T02:30:49.702676+00:00] SUCCESS: agents/gmail_activity_seed_agent.py (exit 0)
[2025-11-27T02:30:49.707217+00:00] START: agents/gmail_monitor_agent.py
[2025-11-27T02:30:49.818492+00:00] SUCCESS: agents/gmail_monitor_agent.py (exit 0)
[2025-11-27T02:30:49.821700+00:00] Core monitors bundle completed at 2025-11-27T02:30:49.821687+00:00 (successes=6, failures=0)
[2025-11-27T03:30:46.942445+00:00] ================================================================================
[2025-11-27T03:30:46.946123+00:00] Core monitors bundle run started at 2025-11-27T03:30:46.942390+00:00
[2025-11-27T03:30:46.951189+00:00] START: agents/absorption_runner_agent.py
[2025-11-27T03:30:51.660040+00:00] SUCCESS: agents/absorption_runner_agent.py (exit 0)
[2025-11-27T03:30:51.668492+00:00] START: agents/absorption_monitor_agent.py
[2025-11-27T03:30:53.446042+00:00] SUCCESS: agents/absorption_monitor_agent.py (exit 0)
[2025-11-27T03:30:53.449054+00:00] START: agents/geofence_sms_seed_agent.py
[2025-11-27T03:30:53.534130+00:00] SUCCESS: agents/geofence_sms_seed_agent.py (exit 0)
[2025-11-27T03:30:53.537543+00:00] START: agents/geofence_sms_monitor_agent.py
[2025-11-27T03:30:53.665654+00:00] SUCCESS: agents/geofence_sms_monitor_agent.py (exit 0)
[2025-11-27T03:30:53.669066+00:00] START: agents/gmail_activity_seed_agent.py
[2025-11-27T03:30:53.726626+00:00] SUCCESS: agents/gmail_activity_seed_agent.py (exit 0)
[2025-11-27T03:30:53.729567+00:00] START: agents/gmail_monitor_agent.py
[2025-11-27T03:30:53.882321+00:00] SUCCESS: agents/gmail_monitor_agent.py (exit 0)
[2025-11-27T03:30:53.884959+00:00] Core monitors bundle completed at 2025-11-27T03:30:53.884941+00:00 (successes=6, failures=0)
[2025-11-27T04:30:47.545973+00:00] ================================================================================
[2025-11-27T04:30:47.549910+00:00] Core monitors bundle run started at 2025-11-27T04:30:47.545938+00:00
[2025-11-27T04:30:47.553197+00:00] START: agents/absorption_runner_agent.py
[2025-11-27T04:30:51.694567+00:00] SUCCESS: agents/absorption_runner_agent.py (exit 0)
[2025-11-27T04:30:51.700809+00:00] START: agents/absorption_monitor_agent.py
[2025-11-27T04:30:54.471201+00:00] SUCCESS: agents/absorption_monitor_agent.py (exit 0)
[2025-11-27T04:30:54.477758+00:00] START: agents/geofence_sms_seed_agent.py
[2025-11-27T04:30:54.577727+00:00] SUCCESS: agents/geofence_sms_seed_agent.py (exit 0)
[2025-11-27T04:30:54.585471+00:00] START: agents/geofence_sms_monitor_agent.py
[2025-11-27T04:30:54.746562+00:00] SUCCESS: agents/geofence_sms_monitor_agent.py (exit 0)
[2025-11-27T04:30:54.749705+00:00] START: agents/gmail_activity_seed_agent.py
[2025-11-27T04:30:54.835827+00:00] SUCCESS: agents/gmail_activity_seed_agent.py (exit 0)
[2025-11-27T04:30:54.840055+00:00] START: agents/gmail_monitor_agent.py
[2025-11-27T04:30:54.988168+00:00] SUCCESS: agents/gmail_monitor_agent.py (exit 0)
[2025-11-27T04:30:54.993270+00:00] Core monitors bundle completed at 2025-11-27T04:30:54.993250+00:00 (successes=6, failures=0)
[2025-11-27T05:30:42.478606+00:00] ================================================================================
[2025-11-27T05:30:42.482821+00:00] Core monitors bundle run started at 2025-11-27T05:30:42.478572+00:00
[2025-11-27T05:30:42.489210+00:00] START: agents/absorption_runner_agent.py
[2025-11-27T05:30:46.655481+00:00] SUCCESS: agents/absorption_runner_agent.py (exit 0)
[2025-11-27T05:30:46.658871+00:00] START: agents/absorption_monitor_agent.py
[2025-11-27T05:30:48.127889+00:00] SUCCESS: agents/absorption_monitor_agent.py (exit 0)
[2025-11-27T05:30:48.131259+00:00] START: agents/geofence_sms_seed_agent.py
[2025-11-27T05:30:48.200575+00:00] SUCCESS: agents/geofence_sms_seed_agent.py (exit 0)
[2025-11-27T05:30:48.203928+00:00] START: agents/geofence_sms_monitor_agent.py
[2025-11-27T05:30:48.313012+00:00] SUCCESS: agents/geofence_sms_monitor_agent.py (exit 0)
[2025-11-27T05:30:48.315734+00:00] START: agents/gmail_activity_seed_agent.py
[2025-11-27T05:30:48.388705+00:00] SUCCESS: agents/gmail_activity_seed_agent.py (exit 0)
[2025-11-27T05:30:48.392873+00:00] START: agents/gmail_monitor_agent.py
[2025-11-27T05:30:48.545639+00:00] SUCCESS: agents/gmail_monitor_agent.py (exit 0)
[2025-11-27T05:30:48.548764+00:00] Core monitors bundle completed at 2025-11-27T05:30:48.548750+00:00 (successes=6, failures=0)
[2025-11-27T06:30:44.139605+00:00] ================================================================================
[2025-11-27T06:30:44.144255+00:00] Core monitors bundle run started at 2025-11-27T06:30:44.139562+00:00
[2025-11-27T06:30:44.147749+00:00] START: agents/absorption_runner_agent.py
[2025-11-27T06:30:49.152106+00:00] SUCCESS: agents/absorption_runner_agent.py (exit 0)
[2025-11-27T06:30:49.156167+00:00] START: agents/absorption_monitor_agent.py
[2025-11-27T06:30:50.612790+00:00] SUCCESS: agents/absorption_monitor_agent.py (exit 0)
[2025-11-27T06:30:50.616483+00:00] START: agents/geofence_sms_seed_agent.py
[2025-11-27T06:30:50.688722+00:00] SUCCESS: agents/geofence_sms_seed_agent.py (exit 0)
[2025-11-27T06:30:50.691592+00:00] START: agents/geofence_sms_monitor_agent.py
[2025-11-27T06:30:50.803878+00:00] SUCCESS: agents/geofence_sms_monitor_agent.py (exit 0)
[2025-11-27T06:30:50.807217+00:00] START: agents/gmail_activity_seed_agent.py
[2025-11-27T06:30:50.863555+00:00] SUCCESS: agents/gmail_activity_seed_agent.py (exit 0)
[2025-11-27T06:30:50.867123+00:00] START: agents/gmail_monitor_agent.py
[2025-11-27T06:30:50.986557+00:00] SUCCESS: agents/gmail_monitor_agent.py (exit 0)
[2025-11-27T06:30:50.988883+00:00] Core monitors bundle completed at 2025-11-27T06:30:50.988866+00:00 (successes=6, failures=0)
[2025-11-27T07:30:41.943060+00:00] ================================================================================
[2025-11-27T07:30:41.946592+00:00] Core monitors bundle run started at 2025-11-27T07:30:41.943026+00:00
[2025-11-27T07:30:41.950197+00:00] START: agents/absorption_runner_agent.py
[2025-11-27T07:30:46.668990+00:00] SUCCESS: agents/absorption_runner_agent.py (exit 0)
[2025-11-27T07:30:46.673089+00:00] START: agents/absorption_monitor_agent.py
[2025-11-27T07:30:49.019474+00:00] SUCCESS: agents/absorption_monitor_agent.py (exit 0)
[2025-11-27T07:30:49.024199+00:00] START: agents/geofence_sms_seed_agent.py
[2025-11-27T07:30:49.150786+00:00] SUCCESS: agents/geofence_sms_seed_agent.py (exit 0)
[2025-11-27T07:30:49.154793+00:00] START: agents/geofence_sms_monitor_agent.py
[2025-11-27T07:30:49.299997+00:00] SUCCESS: agents/geofence_sms_monitor_agent.py (exit 0)
[2025-11-27T07:30:49.303880+00:00] START: agents/gmail_activity_seed_agent.py
[2025-11-27T07:30:49.379010+00:00] SUCCESS: agents/gmail_activity_seed_agent.py (exit 0)
[2025-11-27T07:30:49.382480+00:00] START: agents/gmail_monitor_agent.py
[2025-11-27T07:30:49.514791+00:00] SUCCESS: agents/gmail_monitor_agent.py (exit 0)
[2025-11-27T07:30:49.518700+00:00] Core monitors bundle completed at 2025-11-27T07:30:49.518682+00:00 (successes=6, failures=0)
[2025-11-27T08:30:43.685502+00:00] ================================================================================
[2025-11-27T08:30:43.690792+00:00] Core monitors bundle run started at 2025-11-27T08:30:43.685459+00:00
[2025-11-27T08:30:43.694463+00:00] START: agents/absorption_runner_agent.py
[2025-11-27T08:30:47.050719+00:00] SUCCESS: agents/absorption_runner_agent.py (exit 0)
[2025-11-27T08:30:47.055197+00:00] START: agents/absorption_monitor_agent.py
[2025-11-27T08:30:48.782498+00:00] SUCCESS: agents/absorption_monitor_agent.py (exit 0)
[2025-11-27T08:30:48.785939+00:00] START: agents/geofence_sms_seed_agent.py
[2025-11-27T08:30:48.853003+00:00] SUCCESS: agents/geofence_sms_seed_agent.py (exit 0)
[2025-11-27T08:30:48.856522+00:00] START: agents/geofence_sms_monitor_agent.py
[2025-11-27T08:30:48.960906+00:00] SUCCESS: agents/geofence_sms_monitor_agent.py (exit 0)
[2025-11-27T08:30:48.964030+00:00] START: agents/gmail_activity_seed_agent.py
[2025-11-27T08:30:49.023363+00:00] SUCCESS: agents/gmail_activity_seed_agent.py (exit 0)
[2025-11-27T08:30:49.026063+00:00] START: agents/gmail_monitor_agent.py
[2025-11-27T08:30:49.135609+00:00] SUCCESS: agents/gmail_monitor_agent.py (exit 0)
[2025-11-27T08:30:49.139074+00:00] Core monitors bundle completed at 2025-11-27T08:30:49.139059+00:00 (successes=6, failures=0)
[2025-11-27T09:30:41.708039+00:00] ================================================================================
[2025-11-27T09:30:41.712978+00:00] Core monitors bundle run started at 2025-11-27T09:30:41.708004+00:00
[2025-11-27T09:30:41.717386+00:00] START: agents/absorption_runner_agent.py
[2025-11-27T09:30:45.615687+00:00] SUCCESS: agents/absorption_runner_agent.py (exit 0)
[2025-11-27T09:30:45.619330+00:00] START: agents/absorption_monitor_agent.py
[2025-11-27T09:30:47.446648+00:00] SUCCESS: agents/absorption_monitor_agent.py (exit 0)
[2025-11-27T09:30:47.451091+00:00] START: agents/geofence_sms_seed_agent.py
[2025-11-27T09:30:47.530059+00:00] SUCCESS: agents/geofence_sms_seed_agent.py (exit 0)
[2025-11-27T09:30:47.533593+00:00] START: agents/geofence_sms_monitor_agent.py
[2025-11-27T09:30:47.648589+00:00] SUCCESS: agents/geofence_sms_monitor_agent.py (exit 0)
[2025-11-27T09:30:47.652564+00:00] START: agents/gmail_activity_seed_agent.py
[2025-11-27T09:30:47.731206+00:00] SUCCESS: agents/gmail_activity_seed_agent.py (exit 0)
[2025-11-27T09:30:47.734829+00:00] START: agents/gmail_monitor_agent.py
[2025-11-27T09:30:47.841637+00:00] SUCCESS: agents/gmail_monitor_agent.py (exit 0)
[2025-11-27T09:30:47.844331+00:00] Core monitors bundle completed at 2025-11-27T09:30:47.844316+00:00 (successes=6, failures=0)
[2025-11-27T10:30:41.190256+00:00] ================================================================================
[2025-11-27T10:30:41.197708+00:00] Core monitors bundle run started at 2025-11-27T10:30:41.190225+00:00
[2025-11-27T10:30:41.203073+00:00] START: agents/absorption_runner_agent.py
[2025-11-27T10:30:44.955153+00:00] SUCCESS: agents/absorption_runner_agent.py (exit 0)
[2025-11-27T10:30:44.958476+00:00] START: agents/absorption_monitor_agent.py
[2025-11-27T10:30:46.538070+00:00] SUCCESS: agents/absorption_monitor_agent.py (exit 0)
[2025-11-27T10:30:46.541648+00:00] START: agents/geofence_sms_seed_agent.py
[2025-11-27T10:30:46.635090+00:00] SUCCESS: agents/geofence_sms_seed_agent.py (exit 0)
[2025-11-27T10:30:46.638682+00:00] START: agents/geofence_sms_monitor_agent.py
[2025-11-27T10:30:46.787204+00:00] SUCCESS: agents/geofence_sms_monitor_agent.py (exit 0)
[2025-11-27T10:30:46.791478+00:00] START: agents/gmail_activity_seed_agent.py
[2025-11-27T10:30:46.875264+00:00] SUCCESS: agents/gmail_activity_seed_agent.py (exit 0)
[2025-11-27T10:30:46.878324+00:00] START: agents/gmail_monitor_agent.py
[2025-11-27T10:30:47.000043+00:00] SUCCESS: agents/gmail_monitor_agent.py (exit 0)
[2025-11-27T10:30:47.003320+00:00] Core monitors bundle completed at 2025-11-27T10:30:47.003309+00:00 (successes=6, failures=0)
[2025-11-27T11:30:43.170313+00:00] ================================================================================
[2025-11-27T11:30:43.175058+00:00] Core monitors bundle run started at 2025-11-27T11:30:43.170282+00:00
[2025-11-27T11:30:43.179473+00:00] START: agents/absorption_runner_agent.py
[2025-11-27T11:30:46.257977+00:00] SUCCESS: agents/absorption_runner_agent.py (exit 0)
[2025-11-27T11:30:46.261486+00:00] START: agents/absorption_monitor_agent.py
[2025-11-27T11:30:48.276480+00:00] SUCCESS: agents/absorption_monitor_agent.py (exit 0)
[2025-11-27T11:30:48.282570+00:00] START: agents/geofence_sms_seed_agent.py
[2025-11-27T11:30:48.397035+00:00] SUCCESS: agents/geofence_sms_seed_agent.py (exit 0)
[2025-11-27T11:30:48.403469+00:00] START: agents/geofence_sms_monitor_agent.py
[2025-11-27T11:30:48.658284+00:00] SUCCESS: agents/geofence_sms_monitor_agent.py (exit 0)
[2025-11-27T11:30:48.662144+00:00] START: agents/gmail_activity_seed_agent.py
[2025-11-27T11:30:48.765350+00:00] SUCCESS: agents/gmail_activity_seed_agent.py (exit 0)
[2025-11-27T11:30:48.769034+00:00] START: agents/gmail_monitor_agent.py
[2025-11-27T11:30:48.909150+00:00] SUCCESS: agents/gmail_monitor_agent.py (exit 0)
[2025-11-27T11:30:48.912486+00:00] Core monitors bundle completed at 2025-11-27T11:30:48.912466+00:00 (successes=6, failures=0)
[2025-11-27T12:30:40.016077+00:00] ================================================================================
[2025-11-27T12:30:40.020100+00:00] Core monitors bundle run started at 2025-11-27T12:30:40.016045+00:00
[2025-11-27T12:30:40.024174+00:00] START: agents/absorption_runner_agent.py
[2025-11-27T12:30:43.125686+00:00] SUCCESS: agents/absorption_runner_agent.py (exit 0)
[2025-11-27T12:30:43.129972+00:00] START: agents/absorption_monitor_agent.py
[2025-11-27T12:30:44.618350+00:00] SUCCESS: agents/absorption_monitor_agent.py (exit 0)
[2025-11-27T12:30:44.622872+00:00] START: agents/geofence_sms_seed_agent.py
[2025-11-27T12:30:44.702739+00:00] SUCCESS: agents/geofence_sms_seed_agent.py (exit 0)
[2025-11-27T12:30:44.706447+00:00] START: agents/geofence_sms_monitor_agent.py
[2025-11-27T12:30:44.837226+00:00] SUCCESS: agents/geofence_sms_monitor_agent.py (exit 0)
[2025-11-27T12:30:44.841133+00:00] START: agents/gmail_activity_seed_agent.py
[2025-11-27T12:30:44.930782+00:00] SUCCESS: agents/gmail_activity_seed_agent.py (exit 0)
[2025-11-27T12:30:44.935253+00:00] START: agents/gmail_monitor_agent.py
[2025-11-27T12:30:45.057892+00:00] SUCCESS: agents/gmail_monitor_agent.py (exit 0)
[2025-11-27T12:30:45.060813+00:00] Core monitors bundle completed at 2025-11-27T12:30:45.060796+00:00 (successes=6, failures=0)
[2025-11-27T13:30:49.410340+00:00] ================================================================================
[2025-11-27T13:30:49.416465+00:00] Core monitors bundle run started at 2025-11-27T13:30:49.410306+00:00
[2025-11-27T13:30:49.422413+00:00] START: agents/absorption_runner_agent.py
[2025-11-27T13:30:54.078988+00:00] SUCCESS: agents/absorption_runner_agent.py (exit 0)
[2025-11-27T13:30:54.083400+00:00] START: agents/absorption_monitor_agent.py
[2025-11-27T13:30:56.230417+00:00] SUCCESS: agents/absorption_monitor_agent.py (exit 0)
[2025-11-27T13:30:56.235223+00:00] START: agents/geofence_sms_seed_agent.py
[2025-11-27T13:30:56.314279+00:00] SUCCESS: agents/geofence_sms_seed_agent.py (exit 0)
[2025-11-27T13:30:56.318718+00:00] START: agents/geofence_sms_monitor_agent.py
[2025-11-27T13:30:56.428414+00:00] SUCCESS: agents/geofence_sms_monitor_agent.py (exit 0)
[2025-11-27T13:30:56.433149+00:00] START: agents/gmail_activity_seed_agent.py
[2025-11-27T13:30:56.491893+00:00] SUCCESS: agents/gmail_activity_seed_agent.py (exit 0)
[2025-11-27T13:30:56.494727+00:00] START: agents/gmail_monitor_agent.py
[2025-11-27T13:30:56.595511+00:00] SUCCESS: agents/gmail_monitor_agent.py (exit 0)
[2025-11-27T13:30:56.599288+00:00] Core monitors bundle completed at 2025-11-27T13:30:56.599276+00:00 (successes=6, failures=0)
[2025-11-27T14:30:46.403244+00:00] ================================================================================
[2025-11-27T14:30:46.409671+00:00] Core monitors bundle run started at 2025-11-27T14:30:46.403210+00:00
[2025-11-27T14:30:46.413909+00:00] START: agents/absorption_runner_agent.py
[2025-11-27T14:30:50.461290+00:00] SUCCESS: agents/absorption_runner_agent.py (exit 0)
[2025-11-27T14:30:50.464808+00:00] START: agents/absorption_monitor_agent.py
[2025-11-27T14:30:52.633025+00:00] SUCCESS: agents/absorption_monitor_agent.py (exit 0)
[2025-11-27T14:30:52.636624+00:00] START: agents/geofence_sms_seed_agent.py
[2025-11-27T14:30:52.738811+00:00] SUCCESS: agents/geofence_sms_seed_agent.py (exit 0)
[2025-11-27T14:30:52.742782+00:00] START: agents/geofence_sms_monitor_agent.py
[2025-11-27T14:30:52.864543+00:00] SUCCESS: agents/geofence_sms_monitor_agent.py (exit 0)
[2025-11-27T14:30:52.867361+00:00] START: agents/gmail_activity_seed_agent.py
[2025-11-27T14:30:52.921531+00:00] SUCCESS: agents/gmail_activity_seed_agent.py (exit 0)
[2025-11-27T14:30:52.924390+00:00] START: agents/gmail_monitor_agent.py
[2025-11-27T14:30:53.026104+00:00] SUCCESS: agents/gmail_monitor_agent.py (exit 0)
[2025-11-27T14:30:53.029267+00:00] Core monitors bundle completed at 2025-11-27T14:30:53.029257+00:00 (successes=6, failures=0)
[2025-11-27T15:30:44.228334+00:00] ================================================================================
[2025-11-27T15:30:44.233028+00:00] Core monitors bundle run started at 2025-11-27T15:30:44.228291+00:00
[2025-11-27T15:30:44.237246+00:00] START: agents/absorption_runner_agent.py
[2025-11-27T15:30:47.974049+00:00] SUCCESS: agents/absorption_runner_agent.py (exit 0)
[2025-11-27T15:30:47.977468+00:00] START: agents/absorption_monitor_agent.py
[2025-11-27T15:30:49.848410+00:00] SUCCESS: agents/absorption_monitor_agent.py (exit 0)
[2025-11-27T15:30:49.851182+00:00] START: agents/geofence_sms_seed_agent.py
[2025-11-27T15:30:49.914070+00:00] SUCCESS: agents/geofence_sms_seed_agent.py (exit 0)
[2025-11-27T15:30:49.917326+00:00] START: agents/geofence_sms_monitor_agent.py
[2025-11-27T15:30:50.014682+00:00] SUCCESS: agents/geofence_sms_monitor_agent.py (exit 0)
[2025-11-27T15:30:50.017820+00:00] START: agents/gmail_activity_seed_agent.py
[2025-11-27T15:30:50.073792+00:00] SUCCESS: agents/gmail_activity_seed_agent.py (exit 0)
[2025-11-27T15:30:50.077171+00:00] START: agents/gmail_monitor_agent.py
[2025-11-27T15:30:50.170316+00:00] SUCCESS: agents/gmail_monitor_agent.py (exit 0)
[2025-11-27T15:30:50.173490+00:00] Core monitors bundle completed at 2025-11-27T15:30:50.173481+00:00 (successes=6, failures=0)
[2025-11-27T16:30:43.661457+00:00] ================================================================================
[2025-11-27T16:30:43.664949+00:00] Core monitors bundle run started at 2025-11-27T16:30:43.661403+00:00
[2025-11-27T16:30:43.668658+00:00] START: agents/absorption_runner_agent.py
[2025-11-27T16:30:47.108027+00:00] SUCCESS: agents/absorption_runner_agent.py (exit 0)
[2025-11-27T16:30:47.111669+00:00] START: agents/absorption_monitor_agent.py
[2025-11-27T16:30:48.777319+00:00] SUCCESS: agents/absorption_monitor_agent.py (exit 0)
[2025-11-27T16:30:48.780888+00:00] START: agents/geofence_sms_seed_agent.py
[2025-11-27T16:30:48.843948+00:00] SUCCESS: agents/geofence_sms_seed_agent.py (exit 0)
[2025-11-27T16:30:48.846828+00:00] START: agents/geofence_sms_monitor_agent.py
[2025-11-27T16:30:48.946508+00:00] SUCCESS: agents/geofence_sms_monitor_agent.py (exit 0)
[2025-11-27T16:30:48.949468+00:00] START: agents/gmail_activity_seed_agent.py
[2025-11-27T16:30:49.002513+00:00] SUCCESS: agents/gmail_activity_seed_agent.py (exit 0)
[2025-11-27T16:30:49.005087+00:00] START: agents/gmail_monitor_agent.py
[2025-11-27T16:30:49.098397+00:00] SUCCESS: agents/gmail_monitor_agent.py (exit 0)
[2025-11-27T16:30:49.101894+00:00] Core monitors bundle completed at 2025-11-27T16:30:49.101882+00:00 (successes=6, failures=0)
[2025-11-27T17:30:49.134025+00:00] ================================================================================
[2025-11-27T17:30:49.144463+00:00] Core monitors bundle run started at 2025-11-27T17:30:49.133991+00:00
[2025-11-27T17:30:49.149198+00:00] START: agents/absorption_runner_agent.py
[2025-11-27T17:30:53.769273+00:00] SUCCESS: agents/absorption_runner_agent.py (exit 0)
[2025-11-27T17:30:53.774796+00:00] START: agents/absorption_monitor_agent.py
[2025-11-27T17:30:55.686831+00:00] SUCCESS: agents/absorption_monitor_agent.py (exit 0)
[2025-11-27T17:30:55.690377+00:00] START: agents/geofence_sms_seed_agent.py
[2025-11-27T17:30:55.767528+00:00] SUCCESS: agents/geofence_sms_seed_agent.py (exit 0)
[2025-11-27T17:30:55.770972+00:00] START: agents/geofence_sms_monitor_agent.py
[2025-11-27T17:30:55.933525+00:00] SUCCESS: agents/geofence_sms_monitor_agent.py (exit 0)
[2025-11-27T17:30:55.937880+00:00] START: agents/gmail_activity_seed_agent.py
[2025-11-27T17:30:56.045673+00:00] SUCCESS: agents/gmail_activity_seed_agent.py (exit 0)
[2025-11-27T17:30:56.051468+00:00] START: agents/gmail_monitor_agent.py
[2025-11-27T17:30:56.234597+00:00] SUCCESS: agents/gmail_monitor_agent.py (exit 0)
[2025-11-27T17:30:56.238050+00:00] Core monitors bundle completed at 2025-11-27T17:30:56.238030+00:00 (successes=6, failures=0)
[2025-11-27T18:30:44.323174+00:00] ================================================================================
[2025-11-27T18:30:44.327596+00:00] Core monitors bundle run started at 2025-11-27T18:30:44.323139+00:00
[2025-11-27T18:30:44.330333+00:00] START: agents/absorption_runner_agent.py
[2025-11-27T18:30:48.683620+00:00] SUCCESS: agents/absorption_runner_agent.py (exit 0)
[2025-11-27T18:30:48.688709+00:00] START: agents/absorption_monitor_agent.py
[2025-11-27T18:30:51.074579+00:00] SUCCESS: agents/absorption_monitor_agent.py (exit 0)
[2025-11-27T18:30:51.077772+00:00] START: agents/geofence_sms_seed_agent.py
[2025-11-27T18:30:51.151670+00:00] SUCCESS: agents/geofence_sms_seed_agent.py (exit 0)
[2025-11-27T18:30:51.155242+00:00] START: agents/geofence_sms_monitor_agent.py
[2025-11-27T18:30:51.285659+00:00] SUCCESS: agents/geofence_sms_monitor_agent.py (exit 0)
[2025-11-27T18:30:51.289311+00:00] START: agents/gmail_activity_seed_agent.py
[2025-11-27T18:30:51.400227+00:00] SUCCESS: agents/gmail_activity_seed_agent.py (exit 0)
[2025-11-27T18:30:51.404683+00:00] START: agents/gmail_monitor_agent.py
[2025-11-27T18:30:51.638076+00:00] SUCCESS: agents/gmail_monitor_agent.py (exit 0)
[2025-11-27T18:30:51.644496+00:00] Core monitors bundle completed at 2025-11-27T18:30:51.644477+00:00 (successes=6, failures=0)
[2025-11-27T19:30:44.419170+00:00] ================================================================================
[2025-11-27T19:30:44.422122+00:00] Core monitors bundle run started at 2025-11-27T19:30:44.419138+00:00
[2025-11-27T19:30:44.426044+00:00] START: agents/absorption_runner_agent.py
[2025-11-27T19:30:49.361672+00:00] SUCCESS: agents/absorption_runner_agent.py (exit 0)
[2025-11-27T19:30:49.365864+00:00] START: agents/absorption_monitor_agent.py
[2025-11-27T19:30:51.789654+00:00] SUCCESS: agents/absorption_monitor_agent.py (exit 0)
[2025-11-27T19:30:51.797467+00:00] START: agents/geofence_sms_seed_agent.py
[2025-11-27T19:30:51.901616+00:00] SUCCESS: agents/geofence_sms_seed_agent.py (exit 0)
[2025-11-27T19:30:51.905448+00:00] START: agents/geofence_sms_monitor_agent.py
[2025-11-27T19:30:52.040717+00:00] SUCCESS: agents/geofence_sms_monitor_agent.py (exit 0)
[2025-11-27T19:30:52.044261+00:00] START: agents/gmail_activity_seed_agent.py
[2025-11-27T19:30:52.128354+00:00] SUCCESS: agents/gmail_activity_seed_agent.py (exit 0)
[2025-11-27T19:30:52.131914+00:00] START: agents/gmail_monitor_agent.py
[2025-11-27T19:30:52.254089+00:00] SUCCESS: agents/gmail_monitor_agent.py (exit 0)
[2025-11-27T19:30:52.257335+00:00] Core monitors bundle completed at 2025-11-27T19:30:52.257321+00:00 (successes=6, failures=0)
[2025-11-27T20:30:41.381033+00:00] ================================================================================
[2025-11-27T20:30:41.387495+00:00] Core monitors bundle run started at 2025-11-27T20:30:41.380995+00:00
[2025-11-27T20:30:41.391587+00:00] START: agents/absorption_runner_agent.py
[2025-11-27T20:30:45.008766+00:00] SUCCESS: agents/absorption_runner_agent.py (exit 0)
[2025-11-27T20:30:45.013365+00:00] START: agents/absorption_monitor_agent.py
[2025-11-27T20:30:47.310801+00:00] SUCCESS: agents/absorption_monitor_agent.py (exit 0)
[2025-11-27T20:30:47.315861+00:00] START: agents/geofence_sms_seed_agent.py
[2025-11-27T20:30:47.427032+00:00] SUCCESS: agents/geofence_sms_seed_agent.py (exit 0)
[2025-11-27T20:30:47.432515+00:00] START: agents/geofence_sms_monitor_agent.py
[2025-11-27T20:30:47.591550+00:00] SUCCESS: agents/geofence_sms_monitor_agent.py (exit 0)
[2025-11-27T20:30:47.596468+00:00] START: agents/gmail_activity_seed_agent.py
[2025-11-27T20:30:47.689888+00:00] SUCCESS: agents/gmail_activity_seed_agent.py (exit 0)
[2025-11-27T20:30:47.693737+00:00] START: agents/gmail_monitor_agent.py
[2025-11-27T20:30:47.869104+00:00] SUCCESS: agents/gmail_monitor_agent.py (exit 0)
[2025-11-27T20:30:47.875194+00:00] Core monitors bundle completed at 2025-11-27T20:30:47.875178+00:00 (successes=6, failures=0)
[2025-11-27T21:30:43.089022+00:00] ================================================================================
[2025-11-27T21:30:43.093685+00:00] Core monitors bundle run started at 2025-11-27T21:30:43.088984+00:00
[2025-11-27T21:30:43.097629+00:00] START: agents/absorption_runner_agent.py
[2025-11-27T21:30:45.972036+00:00] SUCCESS: agents/absorption_runner_agent.py (exit 0)
[2025-11-27T21:30:45.978096+00:00] START: agents/absorption_monitor_agent.py
[2025-11-27T21:30:47.413622+00:00] SUCCESS: agents/absorption_monitor_agent.py (exit 0)
[2025-11-27T21:30:47.417006+00:00] START: agents/geofence_sms_seed_agent.py
[2025-11-27T21:30:47.491664+00:00] SUCCESS: agents/geofence_sms_seed_agent.py (exit 0)
[2025-11-27T21:30:47.494988+00:00] START: agents/geofence_sms_monitor_agent.py
[2025-11-27T21:30:47.588625+00:00] SUCCESS: agents/geofence_sms_monitor_agent.py (exit 0)
[2025-11-27T21:30:47.592035+00:00] START: agents/gmail_activity_seed_agent.py
[2025-11-27T21:30:47.645947+00:00] SUCCESS: agents/gmail_activity_seed_agent.py (exit 0)
[2025-11-27T21:30:47.649351+00:00] START: agents/gmail_monitor_agent.py
[2025-11-27T21:30:47.745313+00:00] SUCCESS: agents/gmail_monitor_agent.py (exit 0)
[2025-11-27T21:30:47.748669+00:00] Core monitors bundle completed at 2025-11-27T21:30:47.748658+00:00 (successes=6, failures=0)
[2025-11-27T22:30:47.395682+00:00] ================================================================================
[2025-11-27T22:30:47.404005+00:00] Core monitors bundle run started at 2025-11-27T22:30:47.395646+00:00
[2025-11-27T22:30:47.407873+00:00] START: agents/absorption_runner_agent.py
[2025-11-27T22:30:52.549417+00:00] SUCCESS: agents/absorption_runner_agent.py (exit 0)
[2025-11-27T22:30:52.553070+00:00] START: agents/absorption_monitor_agent.py
[2025-11-27T22:30:54.667654+00:00] SUCCESS: agents/absorption_monitor_agent.py (exit 0)
[2025-11-27T22:30:54.670566+00:00] START: agents/geofence_sms_seed_agent.py
[2025-11-27T22:30:54.736946+00:00] SUCCESS: agents/geofence_sms_seed_agent.py (exit 0)
[2025-11-27T22:30:54.740476+00:00] START: agents/geofence_sms_monitor_agent.py
[2025-11-27T22:30:54.836000+00:00] SUCCESS: agents/geofence_sms_monitor_agent.py (exit 0)
[2025-11-27T22:30:54.839515+00:00] START: agents/gmail_activity_seed_agent.py
[2025-11-27T22:30:54.922196+00:00] SUCCESS: agents/gmail_activity_seed_agent.py (exit 0)
[2025-11-27T22:30:54.925903+00:00] START: agents/gmail_monitor_agent.py
[2025-11-27T22:30:55.026695+00:00] SUCCESS: agents/gmail_monitor_agent.py (exit 0)
[2025-11-27T22:30:55.029998+00:00] Core monitors bundle completed at 2025-11-27T22:30:55.029986+00:00 (successes=6, failures=0)
[2025-11-27T23:30:47.987152+00:00] ================================================================================
[2025-11-27T23:30:47.992800+00:00] Core monitors bundle run started at 2025-11-27T23:30:47.987126+00:00
[2025-11-27T23:30:47.996383+00:00] START: agents/absorption_runner_agent.py
[2025-11-27T23:30:52.215089+00:00] SUCCESS: agents/absorption_runner_agent.py (exit 0)
[2025-11-27T23:30:52.218598+00:00] START: agents/absorption_monitor_agent.py
[2025-11-27T23:30:53.935685+00:00] SUCCESS: agents/absorption_monitor_agent.py (exit 0)
[2025-11-27T23:30:53.939688+00:00] START: agents/geofence_sms_seed_agent.py
[2025-11-27T23:30:54.041216+00:00] SUCCESS: agents/geofence_sms_seed_agent.py (exit 0)
[2025-11-27T23:30:54.044053+00:00] START: agents/geofence_sms_monitor_agent.py
[2025-11-27T23:30:54.220596+00:00] SUCCESS: agents/geofence_sms_monitor_agent.py (exit 0)
[2025-11-27T23:30:54.224172+00:00] START: agents/gmail_activity_seed_agent.py
[2025-11-27T23:30:54.327279+00:00] SUCCESS: agents/gmail_activity_seed_agent.py (exit 0)
[2025-11-27T23:30:54.331688+00:00] START: agents/gmail_monitor_agent.py
[2025-11-27T23:30:54.446970+00:00] SUCCESS: agents/gmail_monitor_agent.py (exit 0)
[2025-11-27T23:30:54.449916+00:00] Core monitors bundle completed at 2025-11-27T23:30:54.449900+00:00 (successes=6, failures=0)
[2025-11-28T00:30:46.831014+00:00] ================================================================================
[2025-11-28T00:30:46.837951+00:00] Core monitors bundle run started at 2025-11-28T00:30:46.830976+00:00
[2025-11-28T00:30:46.842089+00:00] START: agents/absorption_runner_agent.py
[2025-11-28T00:30:50.043830+00:00] SUCCESS: agents/absorption_runner_agent.py (exit 0)
[2025-11-28T00:30:50.048076+00:00] START: agents/absorption_monitor_agent.py
[2025-11-28T00:30:51.318103+00:00] SUCCESS: agents/absorption_monitor_agent.py (exit 0)
[2025-11-28T00:30:51.321644+00:00] START: agents/geofence_sms_seed_agent.py
[2025-11-28T00:30:51.385491+00:00] SUCCESS: agents/geofence_sms_seed_agent.py (exit 0)
[2025-11-28T00:30:51.389582+00:00] START: agents/geofence_sms_monitor_agent.py
[2025-11-28T00:30:51.517084+00:00] SUCCESS: agents/geofence_sms_monitor_agent.py (exit 0)
[2025-11-28T00:30:51.519991+00:00] START: agents/gmail_activity_seed_agent.py
[2025-11-28T00:30:51.612889+00:00] SUCCESS: agents/gmail_activity_seed_agent.py (exit 0)
[2025-11-28T00:30:51.617290+00:00] START: agents/gmail_monitor_agent.py
[2025-11-28T00:30:51.754020+00:00] SUCCESS: agents/gmail_monitor_agent.py (exit 0)
[2025-11-28T00:30:51.757518+00:00] Core monitors bundle completed at 2025-11-28T00:30:51.757501+00:00 (successes=6, failures=0)
[2025-11-28T01:30:44.266193+00:00] ================================================================================
[2025-11-28T01:30:44.272504+00:00] Core monitors bundle run started at 2025-11-28T01:30:44.266155+00:00
[2025-11-28T01:30:44.276164+00:00] START: agents/absorption_runner_agent.py
[2025-11-28T01:30:47.552120+00:00] SUCCESS: agents/absorption_runner_agent.py (exit 0)
[2025-11-28T01:30:47.554703+00:00] START: agents/absorption_monitor_agent.py
[2025-11-28T01:30:48.956609+00:00] SUCCESS: agents/absorption_monitor_agent.py (exit 0)
[2025-11-28T01:30:48.960021+00:00] START: agents/geofence_sms_seed_agent.py
[2025-11-28T01:30:49.037020+00:00] SUCCESS: agents/geofence_sms_seed_agent.py (exit 0)
[2025-11-28T01:30:49.040780+00:00] START: agents/geofence_sms_monitor_agent.py
[2025-11-28T01:30:49.162312+00:00] SUCCESS: agents/geofence_sms_monitor_agent.py (exit 0)
[2025-11-28T01:30:49.164780+00:00] START: agents/gmail_activity_seed_agent.py
[2025-11-28T01:30:49.228626+00:00] SUCCESS: agents/gmail_activity_seed_agent.py (exit 0)
[2025-11-28T01:30:49.232259+00:00] START: agents/gmail_monitor_agent.py
[2025-11-28T01:30:49.334721+00:00] SUCCESS: agents/gmail_monitor_agent.py (exit 0)
[2025-11-28T01:30:49.337902+00:00] Core monitors bundle completed at 2025-11-28T01:30:49.337885+00:00 (successes=6, failures=0)
[2025-11-28T02:30:45.843013+00:00] ================================================================================
[2025-11-28T02:30:45.848106+00:00] Core monitors bundle run started at 2025-11-28T02:30:45.842977+00:00
[2025-11-28T02:30:45.851593+00:00] START: agents/absorption_runner_agent.py
[2025-11-28T02:30:50.271441+00:00] SUCCESS: agents/absorption_runner_agent.py (exit 0)
[2025-11-28T02:30:50.274932+00:00] START: agents/absorption_monitor_agent.py
[2025-11-28T02:30:51.680098+00:00] SUCCESS: agents/absorption_monitor_agent.py (exit 0)
[2025-11-28T02:30:51.683527+00:00] START: agents/geofence_sms_seed_agent.py
[2025-11-28T02:30:51.765483+00:00] SUCCESS: agents/geofence_sms_seed_agent.py (exit 0)
[2025-11-28T02:30:51.768923+00:00] START: agents/geofence_sms_monitor_agent.py
[2025-11-28T02:30:51.884797+00:00] SUCCESS: agents/geofence_sms_monitor_agent.py (exit 0)
[2025-11-28T02:30:51.890195+00:00] START: agents/gmail_activity_seed_agent.py
[2025-11-28T02:30:51.967678+00:00] SUCCESS: agents/gmail_activity_seed_agent.py (exit 0)
[2025-11-28T02:30:51.971405+00:00] START: agents/gmail_monitor_agent.py
[2025-11-28T02:30:52.104940+00:00] SUCCESS: agents/gmail_monitor_agent.py (exit 0)
[2025-11-28T02:30:52.112521+00:00] Core monitors bundle completed at 2025-11-28T02:30:52.112504+00:00 (successes=6, failures=0)
[2025-11-28T03:30:49.309867+00:00] ================================================================================
[2025-11-28T03:30:49.314638+00:00] Core monitors bundle run started at 2025-11-28T03:30:49.309834+00:00
[2025-11-28T03:30:49.318223+00:00] START: agents/absorption_runner_agent.py
[2025-11-28T03:30:54.313809+00:00] SUCCESS: agents/absorption_runner_agent.py (exit 0)
[2025-11-28T03:30:54.323270+00:00] START: agents/absorption_monitor_agent.py
[2025-11-28T03:30:56.142133+00:00] SUCCESS: agents/absorption_monitor_agent.py (exit 0)
[2025-11-28T03:30:56.146261+00:00] START: agents/geofence_sms_seed_agent.py
[2025-11-28T03:30:56.214270+00:00] SUCCESS: agents/geofence_sms_seed_agent.py (exit 0)
[2025-11-28T03:30:56.217820+00:00] START: agents/geofence_sms_monitor_agent.py
[2025-11-28T03:30:56.317348+00:00] SUCCESS: agents/geofence_sms_monitor_agent.py (exit 0)
[2025-11-28T03:30:56.320962+00:00] START: agents/gmail_activity_seed_agent.py
[2025-11-28T03:30:56.408713+00:00] SUCCESS: agents/gmail_activity_seed_agent.py (exit 0)
[2025-11-28T03:30:56.413095+00:00] START: agents/gmail_monitor_agent.py
[2025-11-28T03:30:56.547668+00:00] SUCCESS: agents/gmail_monitor_agent.py (exit 0)
[2025-11-28T03:30:56.550997+00:00] Core monitors bundle completed at 2025-11-28T03:30:56.550977+00:00 (successes=6, failures=0)
[2025-11-28T04:30:49.348793+00:00] ================================================================================
[2025-11-28T04:30:49.351547+00:00] Core monitors bundle run started at 2025-11-28T04:30:49.348756+00:00
[2025-11-28T04:30:49.355348+00:00] START: agents/absorption_runner_agent.py
[2025-11-28T04:30:54.050559+00:00] SUCCESS: agents/absorption_runner_agent.py (exit 0)
[2025-11-28T04:30:54.054038+00:00] START: agents/absorption_monitor_agent.py
[2025-11-28T04:30:56.642644+00:00] SUCCESS: agents/absorption_monitor_agent.py (exit 0)
[2025-11-28T04:30:56.646251+00:00] START: agents/geofence_sms_seed_agent.py
[2025-11-28T04:30:56.784898+00:00] SUCCESS: agents/geofence_sms_seed_agent.py (exit 0)
[2025-11-28T04:30:56.788408+00:00] START: agents/geofence_sms_monitor_agent.py
[2025-11-28T04:30:56.935928+00:00] SUCCESS: agents/geofence_sms_monitor_agent.py (exit 0)
[2025-11-28T04:30:56.942612+00:00] START: agents/gmail_activity_seed_agent.py
[2025-11-28T04:30:57.043017+00:00] SUCCESS: agents/gmail_activity_seed_agent.py (exit 0)
[2025-11-28T04:30:57.046609+00:00] START: agents/gmail_monitor_agent.py
[2025-11-28T04:30:57.292513+00:00] SUCCESS: agents/gmail_monitor_agent.py (exit 0)
[2025-11-28T04:30:57.297979+00:00] Core monitors bundle completed at 2025-11-28T04:30:57.297961+00:00 (successes=6, failures=0)
[2025-11-28T05:30:44.439307+00:00] ================================================================================
[2025-11-28T05:30:44.444771+00:00] Core monitors bundle run started at 2025-11-28T05:30:44.439273+00:00
[2025-11-28T05:30:44.448956+00:00] START: agents/absorption_runner_agent.py
[2025-11-28T05:30:48.494807+00:00] SUCCESS: agents/absorption_runner_agent.py (exit 0)
[2025-11-28T05:30:48.498371+00:00] START: agents/absorption_monitor_agent.py
[2025-11-28T05:30:51.051713+00:00] SUCCESS: agents/absorption_monitor_agent.py (exit 0)
[2025-11-28T05:30:51.056288+00:00] START: agents/geofence_sms_seed_agent.py
[2025-11-28T05:30:51.152135+00:00] SUCCESS: agents/geofence_sms_seed_agent.py (exit 0)
[2025-11-28T05:30:51.155879+00:00] START: agents/geofence_sms_monitor_agent.py
[2025-11-28T05:30:51.309485+00:00] SUCCESS: agents/geofence_sms_monitor_agent.py (exit 0)
[2025-11-28T05:30:51.312500+00:00] START: agents/gmail_activity_seed_agent.py
[2025-11-28T05:30:51.391331+00:00] SUCCESS: agents/gmail_activity_seed_agent.py (exit 0)
[2025-11-28T05:30:51.394952+00:00] START: agents/gmail_monitor_agent.py
[2025-11-28T05:30:51.533737+00:00] SUCCESS: agents/gmail_monitor_agent.py (exit 0)
[2025-11-28T05:30:51.537255+00:00] Core monitors bundle completed at 2025-11-28T05:30:51.537237+00:00 (successes=6, failures=0)
[2025-11-28T06:30:43.351444+00:00] ================================================================================
[2025-11-28T06:30:43.356098+00:00] Core monitors bundle run started at 2025-11-28T06:30:43.351390+00:00
[2025-11-28T06:30:43.366622+00:00] START: agents/absorption_runner_agent.py
[2025-11-28T06:30:48.841641+00:00] SUCCESS: agents/absorption_runner_agent.py (exit 0)
[2025-11-28T06:30:48.845192+00:00] START: agents/absorption_monitor_agent.py
[2025-11-28T06:30:51.710725+00:00] SUCCESS: agents/absorption_monitor_agent.py (exit 0)
[2025-11-28T06:30:51.714455+00:00] START: agents/geofence_sms_seed_agent.py
[2025-11-28T06:30:51.815036+00:00] SUCCESS: agents/geofence_sms_seed_agent.py (exit 0)
[2025-11-28T06:30:51.818327+00:00] START: agents/geofence_sms_monitor_agent.py
[2025-11-28T06:30:51.956244+00:00] SUCCESS: agents/geofence_sms_monitor_agent.py (exit 0)
[2025-11-28T06:30:51.959782+00:00] START: agents/gmail_activity_seed_agent.py
[2025-11-28T06:30:52.031839+00:00] SUCCESS: agents/gmail_activity_seed_agent.py (exit 0)
[2025-11-28T06:30:52.035273+00:00] START: agents/gmail_monitor_agent.py
[2025-11-28T06:30:52.177496+00:00] SUCCESS: agents/gmail_monitor_agent.py (exit 0)
[2025-11-28T06:30:52.181159+00:00] Core monitors bundle completed at 2025-11-28T06:30:52.181143+00:00 (successes=6, failures=0)
[2025-11-28T07:30:42.503126+00:00] ================================================================================
[2025-11-28T07:30:42.508567+00:00] Core monitors bundle run started at 2025-11-28T07:30:42.503093+00:00
[2025-11-28T07:30:42.512762+00:00] START: agents/absorption_runner_agent.py
[2025-11-28T07:30:46.967264+00:00] SUCCESS: agents/absorption_runner_agent.py (exit 0)
[2025-11-28T07:30:46.971887+00:00] START: agents/absorption_monitor_agent.py
[2025-11-28T07:30:49.875889+00:00] SUCCESS: agents/absorption_monitor_agent.py (exit 0)
[2025-11-28T07:30:49.879294+00:00] START: agents/geofence_sms_seed_agent.py
[2025-11-28T07:30:49.979128+00:00] SUCCESS: agents/geofence_sms_seed_agent.py (exit 0)
[2025-11-28T07:30:49.983555+00:00] START: agents/geofence_sms_monitor_agent.py
[2025-11-28T07:30:50.154961+00:00] SUCCESS: agents/geofence_sms_monitor_agent.py (exit 0)
[2025-11-28T07:30:50.158196+00:00] START: agents/gmail_activity_seed_agent.py
[2025-11-28T07:30:50.246176+00:00] SUCCESS: agents/gmail_activity_seed_agent.py (exit 0)
[2025-11-28T07:30:50.251976+00:00] START: agents/gmail_monitor_agent.py
[2025-11-28T07:30:50.394503+00:00] SUCCESS: agents/gmail_monitor_agent.py (exit 0)
[2025-11-28T07:30:50.398396+00:00] Core monitors bundle completed at 2025-11-28T07:30:50.398379+00:00 (successes=6, failures=0)
[2025-11-28T08:30:41.271360+00:00] ================================================================================
[2025-11-28T08:30:41.277130+00:00] Core monitors bundle run started at 2025-11-28T08:30:41.271318+00:00
[2025-11-28T08:30:41.280735+00:00] START: agents/absorption_runner_agent.py
[2025-11-28T08:30:44.140214+00:00] SUCCESS: agents/absorption_runner_agent.py (exit 0)
[2025-11-28T08:30:44.145333+00:00] START: agents/absorption_monitor_agent.py
[2025-11-28T08:30:45.763820+00:00] SUCCESS: agents/absorption_monitor_agent.py (exit 0)
[2025-11-28T08:30:45.766915+00:00] START: agents/geofence_sms_seed_agent.py
[2025-11-28T08:30:45.833824+00:00] SUCCESS: agents/geofence_sms_seed_agent.py (exit 0)
[2025-11-28T08:30:45.837083+00:00] START: agents/geofence_sms_monitor_agent.py
[2025-11-28T08:30:45.941627+00:00] SUCCESS: agents/geofence_sms_monitor_agent.py (exit 0)
[2025-11-28T08:30:45.945608+00:00] START: agents/gmail_activity_seed_agent.py
[2025-11-28T08:30:46.015073+00:00] SUCCESS: agents/gmail_activity_seed_agent.py (exit 0)
[2025-11-28T08:30:46.018388+00:00] START: agents/gmail_monitor_agent.py
[2025-11-28T08:30:46.130896+00:00] SUCCESS: agents/gmail_monitor_agent.py (exit 0)
[2025-11-28T08:30:46.133983+00:00] Core monitors bundle completed at 2025-11-28T08:30:46.133970+00:00 (successes=6, failures=0)
[2025-11-28T09:30:40.218991+00:00] ================================================================================
[2025-11-28T09:30:40.222266+00:00] Core monitors bundle run started at 2025-11-28T09:30:40.218956+00:00
[2025-11-28T09:30:40.225494+00:00] START: agents/absorption_runner_agent.py
[2025-11-28T09:30:44.204163+00:00] SUCCESS: agents/absorption_runner_agent.py (exit 0)
[2025-11-28T09:30:44.207605+00:00] START: agents/absorption_monitor_agent.py
[2025-11-28T09:30:46.079295+00:00] SUCCESS: agents/absorption_monitor_agent.py (exit 0)
[2025-11-28T09:30:46.082740+00:00] START: agents/geofence_sms_seed_agent.py
[2025-11-28T09:30:46.156999+00:00] SUCCESS: agents/geofence_sms_seed_agent.py (exit 0)
[2025-11-28T09:30:46.161756+00:00] START: agents/geofence_sms_monitor_agent.py
[2025-11-28T09:30:46.306838+00:00] SUCCESS: agents/geofence_sms_monitor_agent.py (exit 0)
[2025-11-28T09:30:46.310564+00:00] START: agents/gmail_activity_seed_agent.py
[2025-11-28T09:30:46.400406+00:00] SUCCESS: agents/gmail_activity_seed_agent.py (exit 0)
[2025-11-28T09:30:46.406009+00:00] START: agents/gmail_monitor_agent.py
[2025-11-28T09:30:46.548194+00:00] SUCCESS: agents/gmail_monitor_agent.py (exit 0)
[2025-11-28T09:30:46.551459+00:00] Core monitors bundle completed at 2025-11-28T09:30:46.551441+00:00 (successes=6, failures=0)
[2025-11-28T10:30:40.052018+00:00] ================================================================================
[2025-11-28T10:30:40.056859+00:00] Core monitors bundle run started at 2025-11-28T10:30:40.051984+00:00
[2025-11-28T10:30:40.060826+00:00] START: agents/absorption_runner_agent.py
[2025-11-28T10:30:43.878256+00:00] SUCCESS: agents/absorption_runner_agent.py (exit 0)
[2025-11-28T10:30:43.881645+00:00] START: agents/absorption_monitor_agent.py
[2025-11-28T10:30:45.324222+00:00] SUCCESS: agents/absorption_monitor_agent.py (exit 0)
[2025-11-28T10:30:45.327784+00:00] START: agents/geofence_sms_seed_agent.py
[2025-11-28T10:30:45.389835+00:00] SUCCESS: agents/geofence_sms_seed_agent.py (exit 0)
[2025-11-28T10:30:45.393180+00:00] START: agents/geofence_sms_monitor_agent.py
[2025-11-28T10:30:45.490033+00:00] SUCCESS: agents/geofence_sms_monitor_agent.py (exit 0)
[2025-11-28T10:30:45.493460+00:00] START: agents/gmail_activity_seed_agent.py
[2025-11-28T10:30:45.548802+00:00] SUCCESS: agents/gmail_activity_seed_agent.py (exit 0)
[2025-11-28T10:30:45.552282+00:00] START: agents/gmail_monitor_agent.py
[2025-11-28T10:30:45.674148+00:00] SUCCESS: agents/gmail_monitor_agent.py (exit 0)
[2025-11-28T10:30:45.677401+00:00] Core monitors bundle completed at 2025-11-28T10:30:45.677391+00:00 (successes=6, failures=0)
[2025-11-28T11:30:42.245691+00:00] ================================================================================
[2025-11-28T11:30:42.251885+00:00] Core monitors bundle run started at 2025-11-28T11:30:42.245661+00:00
[2025-11-28T11:30:42.254796+00:00] START: agents/absorption_runner_agent.py
[2025-11-28T11:30:45.418764+00:00] SUCCESS: agents/absorption_runner_agent.py (exit 0)
[2025-11-28T11:30:45.425531+00:00] START: agents/absorption_monitor_agent.py
[2025-11-28T11:30:47.362063+00:00] SUCCESS: agents/absorption_monitor_agent.py (exit 0)
[2025-11-28T11:30:47.366849+00:00] START: agents/geofence_sms_seed_agent.py
[2025-11-28T11:30:47.434361+00:00] SUCCESS: agents/geofence_sms_seed_agent.py (exit 0)
[2025-11-28T11:30:47.438623+00:00] START: agents/geofence_sms_monitor_agent.py
[2025-11-28T11:30:47.549326+00:00] SUCCESS: agents/geofence_sms_monitor_agent.py (exit 0)
[2025-11-28T11:30:47.554294+00:00] START: agents/gmail_activity_seed_agent.py
[2025-11-28T11:30:47.621419+00:00] SUCCESS: agents/gmail_activity_seed_agent.py (exit 0)
[2025-11-28T11:30:47.625884+00:00] START: agents/gmail_monitor_agent.py
[2025-11-28T11:30:47.723361+00:00] SUCCESS: agents/gmail_monitor_agent.py (exit 0)
[2025-11-28T11:30:47.727296+00:00] Core monitors bundle completed at 2025-11-28T11:30:47.727286+00:00 (successes=6, failures=0)
[2025-11-28T12:30:38.801562+00:00] ================================================================================
[2025-11-28T12:30:38.806078+00:00] Core monitors bundle run started at 2025-11-28T12:30:38.801528+00:00
[2025-11-28T12:30:38.809624+00:00] START: agents/absorption_runner_agent.py
[2025-11-28T12:30:42.054624+00:00] SUCCESS: agents/absorption_runner_agent.py (exit 0)
[2025-11-28T12:30:42.057960+00:00] START: agents/absorption_monitor_agent.py
[2025-11-28T12:30:43.457051+00:00] SUCCESS: agents/absorption_monitor_agent.py (exit 0)
[2025-11-28T12:30:43.460872+00:00] START: agents/geofence_sms_seed_agent.py
[2025-11-28T12:30:43.601543+00:00] SUCCESS: agents/geofence_sms_seed_agent.py (exit 0)
[2025-11-28T12:30:43.605792+00:00] START: agents/geofence_sms_monitor_agent.py
[2025-11-28T12:30:43.724661+00:00] SUCCESS: agents/geofence_sms_monitor_agent.py (exit 0)
[2025-11-28T12:30:43.727637+00:00] START: agents/gmail_activity_seed_agent.py
[2025-11-28T12:30:43.791027+00:00] SUCCESS: agents/gmail_activity_seed_agent.py (exit 0)
[2025-11-28T12:30:43.796226+00:00] START: agents/gmail_monitor_agent.py
[2025-11-28T12:30:43.912078+00:00] SUCCESS: agents/gmail_monitor_agent.py (exit 0)
[2025-11-28T12:30:43.915685+00:00] Core monitors bundle completed at 2025-11-28T12:30:43.915667+00:00 (successes=6, failures=0)
[2025-11-28T13:30:48.167830+00:00] ================================================================================
[2025-11-28T13:30:48.172959+00:00] Core monitors bundle run started at 2025-11-28T13:30:48.167798+00:00
[2025-11-28T13:30:48.176702+00:00] START: agents/absorption_runner_agent.py
[2025-11-28T13:30:52.745889+00:00] SUCCESS: agents/absorption_runner_agent.py (exit 0)
[2025-11-28T13:30:52.749436+00:00] START: agents/absorption_monitor_agent.py
[2025-11-28T13:30:53.983598+00:00] SUCCESS: agents/absorption_monitor_agent.py (exit 0)
[2025-11-28T13:30:53.987233+00:00] START: agents/geofence_sms_seed_agent.py
[2025-11-28T13:30:54.061469+00:00] SUCCESS: agents/geofence_sms_seed_agent.py (exit 0)
[2025-11-28T13:30:54.065048+00:00] START: agents/geofence_sms_monitor_agent.py
[2025-11-28T13:30:54.169838+00:00] SUCCESS: agents/geofence_sms_monitor_agent.py (exit 0)
[2025-11-28T13:30:54.173313+00:00] START: agents/gmail_activity_seed_agent.py
[2025-11-28T13:30:54.234752+00:00] SUCCESS: agents/gmail_activity_seed_agent.py (exit 0)
[2025-11-28T13:30:54.238143+00:00] START: agents/gmail_monitor_agent.py
[2025-11-28T13:30:54.333850+00:00] SUCCESS: agents/gmail_monitor_agent.py (exit 0)
[2025-11-28T13:30:54.337087+00:00] Core monitors bundle completed at 2025-11-28T13:30:54.337068+00:00 (successes=6, failures=0)
[2025-11-28T14:30:45.516533+00:00] ================================================================================
[2025-11-28T14:30:45.519896+00:00] Core monitors bundle run started at 2025-11-28T14:30:45.516498+00:00
[2025-11-28T14:30:45.523495+00:00] START: agents/absorption_runner_agent.py
[2025-11-28T14:30:49.797039+00:00] SUCCESS: agents/absorption_runner_agent.py (exit 0)
[2025-11-28T14:30:49.800564+00:00] START: agents/absorption_monitor_agent.py
[2025-11-28T14:30:51.780500+00:00] SUCCESS: agents/absorption_monitor_agent.py (exit 0)
[2025-11-28T14:30:51.784119+00:00] START: agents/geofence_sms_seed_agent.py
[2025-11-28T14:30:51.847989+00:00] SUCCESS: agents/geofence_sms_seed_agent.py (exit 0)
[2025-11-28T14:30:51.851500+00:00] START: agents/geofence_sms_monitor_agent.py
[2025-11-28T14:30:51.973960+00:00] SUCCESS: agents/geofence_sms_monitor_agent.py (exit 0)
[2025-11-28T14:30:51.981335+00:00] START: agents/gmail_activity_seed_agent.py
[2025-11-28T14:30:52.069275+00:00] SUCCESS: agents/gmail_activity_seed_agent.py (exit 0)
[2025-11-28T14:30:52.074980+00:00] START: agents/gmail_monitor_agent.py
[2025-11-28T14:30:52.179277+00:00] SUCCESS: agents/gmail_monitor_agent.py (exit 0)
[2025-11-28T14:30:52.185749+00:00] Core monitors bundle completed at 2025-11-28T14:30:52.185732+00:00 (successes=6, failures=0)
[2025-11-28T15:30:43.062233+00:00] ================================================================================
[2025-11-28T15:30:43.066071+00:00] Core monitors bundle run started at 2025-11-28T15:30:43.062200+00:00
[2025-11-28T15:30:43.070238+00:00] START: agents/absorption_runner_agent.py
[2025-11-28T15:30:45.743699+00:00] SUCCESS: agents/absorption_runner_agent.py (exit 0)
[2025-11-28T15:30:45.749969+00:00] START: agents/absorption_monitor_agent.py
[2025-11-28T15:30:47.533714+00:00] SUCCESS: agents/absorption_monitor_agent.py (exit 0)
[2025-11-28T15:30:47.539294+00:00] START: agents/geofence_sms_seed_agent.py
[2025-11-28T15:30:47.606518+00:00] SUCCESS: agents/geofence_sms_seed_agent.py (exit 0)
[2025-11-28T15:30:47.609872+00:00] START: agents/geofence_sms_monitor_agent.py
[2025-11-28T15:30:47.746264+00:00] SUCCESS: agents/geofence_sms_monitor_agent.py (exit 0)
[2025-11-28T15:30:47.752008+00:00] START: agents/gmail_activity_seed_agent.py
[2025-11-28T15:30:47.826772+00:00] SUCCESS: agents/gmail_activity_seed_agent.py (exit 0)
[2025-11-28T15:30:47.830516+00:00] START: agents/gmail_monitor_agent.py
[2025-11-28T15:30:47.927522+00:00] SUCCESS: agents/gmail_monitor_agent.py (exit 0)
[2025-11-28T15:30:47.930960+00:00] Core monitors bundle completed at 2025-11-28T15:30:47.930944+00:00 (successes=6, failures=0)
[2025-11-28T16:30:44.999115+00:00] ================================================================================
[2025-11-28T16:30:45.009483+00:00] Core monitors bundle run started at 2025-11-28T16:30:44.999079+00:00
[2025-11-28T16:30:45.013155+00:00] START: agents/absorption_runner_agent.py
[2025-11-28T16:30:49.172211+00:00] SUCCESS: agents/absorption_runner_agent.py (exit 0)
[2025-11-28T16:30:49.175741+00:00] START: agents/absorption_monitor_agent.py
[2025-11-28T16:30:50.857667+00:00] SUCCESS: agents/absorption_monitor_agent.py (exit 0)
[2025-11-28T16:30:50.863771+00:00] START: agents/geofence_sms_seed_agent.py
[2025-11-28T16:30:50.965641+00:00] SUCCESS: agents/geofence_sms_seed_agent.py (exit 0)
[2025-11-28T16:30:50.971171+00:00] START: agents/geofence_sms_monitor_agent.py
[2025-11-28T16:30:51.068861+00:00] SUCCESS: agents/geofence_sms_monitor_agent.py (exit 0)
[2025-11-28T16:30:51.072369+00:00] START: agents/gmail_activity_seed_agent.py
[2025-11-28T16:30:51.126141+00:00] SUCCESS: agents/gmail_activity_seed_agent.py (exit 0)
[2025-11-28T16:30:51.129324+00:00] START: agents/gmail_monitor_agent.py
[2025-11-28T16:30:51.232984+00:00] SUCCESS: agents/gmail_monitor_agent.py (exit 0)
[2025-11-28T16:30:51.237355+00:00] Core monitors bundle completed at 2025-11-28T16:30:51.237342+00:00 (successes=6, failures=0)
[2025-11-28T17:30:49.233400+00:00] ================================================================================
[2025-11-28T17:30:49.241095+00:00] Core monitors bundle run started at 2025-11-28T17:30:49.233363+00:00
[2025-11-28T17:30:49.245822+00:00] START: agents/absorption_runner_agent.py
[2025-11-28T17:30:54.054670+00:00] SUCCESS: agents/absorption_runner_agent.py (exit 0)
[2025-11-28T17:30:54.058070+00:00] START: agents/absorption_monitor_agent.py
[2025-11-28T17:30:55.980973+00:00] SUCCESS: agents/absorption_monitor_agent.py (exit 0)
[2025-11-28T17:30:55.986085+00:00] START: agents/geofence_sms_seed_agent.py
[2025-11-28T17:30:56.089042+00:00] SUCCESS: agents/geofence_sms_seed_agent.py (exit 0)
[2025-11-28T17:30:56.093148+00:00] START: agents/geofence_sms_monitor_agent.py
[2025-11-28T17:30:56.230851+00:00] SUCCESS: agents/geofence_sms_monitor_agent.py (exit 0)
[2025-11-28T17:30:56.234331+00:00] START: agents/gmail_activity_seed_agent.py
[2025-11-28T17:30:56.323387+00:00] SUCCESS: agents/gmail_activity_seed_agent.py (exit 0)
[2025-11-28T17:30:56.326929+00:00] START: agents/gmail_monitor_agent.py
[2025-11-28T17:30:56.509608+00:00] SUCCESS: agents/gmail_monitor_agent.py (exit 0)
[2025-11-28T17:30:56.513128+00:00] Core monitors bundle completed at 2025-11-28T17:30:56.513114+00:00 (successes=6, failures=0)
[2025-11-28T18:30:45.277006+00:00] ================================================================================
[2025-11-28T18:30:45.281025+00:00] Core monitors bundle run started at 2025-11-28T18:30:45.276968+00:00
[2025-11-28T18:30:45.284630+00:00] START: agents/absorption_runner_agent.py
[2025-11-28T18:30:49.899651+00:00] SUCCESS: agents/absorption_runner_agent.py (exit 0)
[2025-11-28T18:30:49.905863+00:00] START: agents/absorption_monitor_agent.py
[2025-11-28T18:30:52.048652+00:00] SUCCESS: agents/absorption_monitor_agent.py (exit 0)
[2025-11-28T18:30:52.051756+00:00] START: agents/geofence_sms_seed_agent.py
[2025-11-28T18:30:52.172025+00:00] SUCCESS: agents/geofence_sms_seed_agent.py (exit 0)
[2025-11-28T18:30:52.175559+00:00] START: agents/geofence_sms_monitor_agent.py
[2025-11-28T18:30:52.347449+00:00] SUCCESS: agents/geofence_sms_monitor_agent.py (exit 0)
[2025-11-28T18:30:52.352389+00:00] START: agents/gmail_activity_seed_agent.py
[2025-11-28T18:30:52.445516+00:00] SUCCESS: agents/gmail_activity_seed_agent.py (exit 0)
[2025-11-28T18:30:52.450741+00:00] START: agents/gmail_monitor_agent.py
[2025-11-28T18:30:52.563337+00:00] SUCCESS: agents/gmail_monitor_agent.py (exit 0)
[2025-11-28T18:30:52.567523+00:00] Core monitors bundle completed at 2025-11-28T18:30:52.567507+00:00 (successes=6, failures=0)
[2025-11-28T19:30:44.581657+00:00] ================================================================================
[2025-11-28T19:30:44.587073+00:00] Core monitors bundle run started at 2025-11-28T19:30:44.581533+00:00
[2025-11-28T19:30:44.590818+00:00] START: agents/absorption_runner_agent.py
[2025-11-28T19:30:49.717673+00:00] SUCCESS: agents/absorption_runner_agent.py (exit 0)
[2025-11-28T19:30:49.723473+00:00] START: agents/absorption_monitor_agent.py
[2025-11-28T19:30:52.664629+00:00] SUCCESS: agents/absorption_monitor_agent.py (exit 0)
[2025-11-28T19:30:52.670820+00:00] START: agents/geofence_sms_seed_agent.py
[2025-11-28T19:30:52.775487+00:00] SUCCESS: agents/geofence_sms_seed_agent.py (exit 0)
[2025-11-28T19:30:52.778793+00:00] START: agents/geofence_sms_monitor_agent.py
[2025-11-28T19:30:52.949641+00:00] SUCCESS: agents/geofence_sms_monitor_agent.py (exit 0)
[2025-11-28T19:30:52.953307+00:00] START: agents/gmail_activity_seed_agent.py
[2025-11-28T19:30:53.048695+00:00] SUCCESS: agents/gmail_activity_seed_agent.py (exit 0)
[2025-11-28T19:30:53.054739+00:00] START: agents/gmail_monitor_agent.py
[2025-11-28T19:30:53.228889+00:00] SUCCESS: agents/gmail_monitor_agent.py (exit 0)
[2025-11-28T19:30:53.234604+00:00] Core monitors bundle completed at 2025-11-28T19:30:53.234583+00:00 (successes=6, failures=0)
[2025-11-28T20:30:43.523738+00:00] ================================================================================
[2025-11-28T20:30:43.531506+00:00] Core monitors bundle run started at 2025-11-28T20:30:43.523705+00:00
[2025-11-28T20:30:43.535120+00:00] START: agents/absorption_runner_agent.py
[2025-11-28T20:30:47.666887+00:00] SUCCESS: agents/absorption_runner_agent.py (exit 0)
[2025-11-28T20:30:47.670618+00:00] START: agents/absorption_monitor_agent.py
[2025-11-28T20:30:50.210330+00:00] SUCCESS: agents/absorption_monitor_agent.py (exit 0)
[2025-11-28T20:30:50.214493+00:00] START: agents/geofence_sms_seed_agent.py
[2025-11-28T20:30:50.318925+00:00] SUCCESS: agents/geofence_sms_seed_agent.py (exit 0)
[2025-11-28T20:30:50.322667+00:00] START: agents/geofence_sms_monitor_agent.py
[2025-11-28T20:30:50.433763+00:00] SUCCESS: agents/geofence_sms_monitor_agent.py (exit 0)
[2025-11-28T20:30:50.437232+00:00] START: agents/gmail_activity_seed_agent.py
[2025-11-28T20:30:50.496381+00:00] SUCCESS: agents/gmail_activity_seed_agent.py (exit 0)
[2025-11-28T20:30:50.499879+00:00] START: agents/gmail_monitor_agent.py
[2025-11-28T20:30:50.598451+00:00] SUCCESS: agents/gmail_monitor_agent.py (exit 0)
[2025-11-28T20:30:50.603759+00:00] Core monitors bundle completed at 2025-11-28T20:30:50.603746+00:00 (successes=6, failures=0)
[2025-11-28T21:30:43.278368+00:00] ================================================================================
[2025-11-28T21:30:43.288591+00:00] Core monitors bundle run started at 2025-11-28T21:30:43.278331+00:00
[2025-11-28T21:30:43.292414+00:00] START: agents/absorption_runner_agent.py
[2025-11-28T21:30:46.452899+00:00] SUCCESS: agents/absorption_runner_agent.py (exit 0)
[2025-11-28T21:30:46.456224+00:00] START: agents/absorption_monitor_agent.py
[2025-11-28T21:30:47.721731+00:00] SUCCESS: agents/absorption_monitor_agent.py (exit 0)
[2025-11-28T21:30:47.725257+00:00] START: agents/geofence_sms_seed_agent.py
[2025-11-28T21:30:47.818113+00:00] SUCCESS: agents/geofence_sms_seed_agent.py (exit 0)
[2025-11-28T21:30:47.823048+00:00] START: agents/geofence_sms_monitor_agent.py
[2025-11-28T21:30:47.929620+00:00] SUCCESS: agents/geofence_sms_monitor_agent.py (exit 0)
[2025-11-28T21:30:47.933750+00:00] START: agents/gmail_activity_seed_agent.py
[2025-11-28T21:30:47.989177+00:00] SUCCESS: agents/gmail_activity_seed_agent.py (exit 0)
[2025-11-28T21:30:47.992062+00:00] START: agents/gmail_monitor_agent.py
[2025-11-28T21:30:48.113026+00:00] SUCCESS: agents/gmail_monitor_agent.py (exit 0)
[2025-11-28T21:30:48.117360+00:00] Core monitors bundle completed at 2025-11-28T21:30:48.117349+00:00 (successes=6, failures=0)
[2025-11-28T22:30:46.847232+00:00] ================================================================================
[2025-11-28T22:30:46.851987+00:00] Core monitors bundle run started at 2025-11-28T22:30:46.847193+00:00
[2025-11-28T22:30:46.855057+00:00] START: agents/absorption_runner_agent.py
[2025-11-28T22:30:51.875811+00:00] SUCCESS: agents/absorption_runner_agent.py (exit 0)
[2025-11-28T22:30:51.879244+00:00] START: agents/absorption_monitor_agent.py
[2025-11-28T22:30:54.123597+00:00] SUCCESS: agents/absorption_monitor_agent.py (exit 0)
[2025-11-28T22:30:54.126839+00:00] START: agents/geofence_sms_seed_agent.py
[2025-11-28T22:30:54.192540+00:00] SUCCESS: agents/geofence_sms_seed_agent.py (exit 0)
[2025-11-28T22:30:54.196012+00:00] START: agents/geofence_sms_monitor_agent.py
[2025-11-28T22:30:54.303086+00:00] SUCCESS: agents/geofence_sms_monitor_agent.py (exit 0)
[2025-11-28T22:30:54.306251+00:00] START: agents/gmail_activity_seed_agent.py
[2025-11-28T22:30:54.367230+00:00] SUCCESS: agents/gmail_activity_seed_agent.py (exit 0)
[2025-11-28T22:30:54.370649+00:00] START: agents/gmail_monitor_agent.py
[2025-11-28T22:30:54.513533+00:00] SUCCESS: agents/gmail_monitor_agent.py (exit 0)
[2025-11-28T22:30:54.519706+00:00] Core monitors bundle completed at 2025-11-28T22:30:54.519686+00:00 (successes=6, failures=0)
[2025-11-28T23:30:46.290042+00:00] ================================================================================
[2025-11-28T23:30:46.293795+00:00] Core monitors bundle run started at 2025-11-28T23:30:46.290000+00:00
[2025-11-28T23:30:46.296638+00:00] START: agents/absorption_runner_agent.py
[2025-11-28T23:30:50.159065+00:00] SUCCESS: agents/absorption_runner_agent.py (exit 0)
[2025-11-28T23:30:50.162727+00:00] START: agents/absorption_monitor_agent.py
[2025-11-28T23:30:51.944846+00:00] SUCCESS: agents/absorption_monitor_agent.py (exit 0)
[2025-11-28T23:30:51.948340+00:00] START: agents/geofence_sms_seed_agent.py
[2025-11-28T23:30:52.013093+00:00] SUCCESS: agents/geofence_sms_seed_agent.py (exit 0)
[2025-11-28T23:30:52.016562+00:00] START: agents/geofence_sms_monitor_agent.py
[2025-11-28T23:30:52.149013+00:00] SUCCESS: agents/geofence_sms_monitor_agent.py (exit 0)
[2025-11-28T23:30:52.152869+00:00] START: agents/gmail_activity_seed_agent.py
[2025-11-28T23:30:52.213379+00:00] SUCCESS: agents/gmail_activity_seed_agent.py (exit 0)
[2025-11-28T23:30:52.216801+00:00] START: agents/gmail_monitor_agent.py
[2025-11-28T23:30:52.359790+00:00] SUCCESS: agents/gmail_monitor_agent.py (exit 0)
[2025-11-28T23:30:52.363130+00:00] Core monitors bundle completed at 2025-11-28T23:30:52.363112+00:00 (successes=6, failures=0)
[2025-11-29T00:30:44.625380+00:00] ================================================================================
[2025-11-29T00:30:44.630087+00:00] Core monitors bundle run started at 2025-11-29T00:30:44.625342+00:00
[2025-11-29T00:30:44.633482+00:00] START: agents/absorption_runner_agent.py
[2025-11-29T00:30:47.661066+00:00] SUCCESS: agents/absorption_runner_agent.py (exit 0)
[2025-11-29T00:30:47.665414+00:00] START: agents/absorption_monitor_agent.py
[2025-11-29T00:30:48.929008+00:00] SUCCESS: agents/absorption_monitor_agent.py (exit 0)
[2025-11-29T00:30:48.932485+00:00] START: agents/geofence_sms_seed_agent.py
[2025-11-29T00:30:48.996078+00:00] SUCCESS: agents/geofence_sms_seed_agent.py (exit 0)
[2025-11-29T00:30:48.999739+00:00] START: agents/geofence_sms_monitor_agent.py
[2025-11-29T00:30:49.094486+00:00] SUCCESS: agents/geofence_sms_monitor_agent.py (exit 0)
[2025-11-29T00:30:49.098099+00:00] START: agents/gmail_activity_seed_agent.py
[2025-11-29T00:30:49.153124+00:00] SUCCESS: agents/gmail_activity_seed_agent.py (exit 0)
[2025-11-29T00:30:49.157476+00:00] START: agents/gmail_monitor_agent.py
[2025-11-29T00:30:49.255979+00:00] SUCCESS: agents/gmail_monitor_agent.py (exit 0)
[2025-11-29T00:30:49.259353+00:00] Core monitors bundle completed at 2025-11-29T00:30:49.259340+00:00 (successes=6, failures=0)
[2025-11-29T01:30:42.272566+00:00] ================================================================================
[2025-11-29T01:30:42.278391+00:00] Core monitors bundle run started at 2025-11-29T01:30:42.272530+00:00
[2025-11-29T01:30:42.282270+00:00] START: agents/absorption_runner_agent.py
[2025-11-29T01:30:45.453301+00:00] SUCCESS: agents/absorption_runner_agent.py (exit 0)
[2025-11-29T01:30:45.456946+00:00] START: agents/absorption_monitor_agent.py
[2025-11-29T01:30:47.117008+00:00] SUCCESS: agents/absorption_monitor_agent.py (exit 0)
[2025-11-29T01:30:47.120362+00:00] START: agents/geofence_sms_seed_agent.py
[2025-11-29T01:30:47.185897+00:00] SUCCESS: agents/geofence_sms_seed_agent.py (exit 0)
[2025-11-29T01:30:47.189442+00:00] START: agents/geofence_sms_monitor_agent.py
[2025-11-29T01:30:47.292720+00:00] SUCCESS: agents/geofence_sms_monitor_agent.py (exit 0)
[2025-11-29T01:30:47.296073+00:00] START: agents/gmail_activity_seed_agent.py
[2025-11-29T01:30:47.353728+00:00] SUCCESS: agents/gmail_activity_seed_agent.py (exit 0)
[2025-11-29T01:30:47.357025+00:00] START: agents/gmail_monitor_agent.py
[2025-11-29T01:30:47.480122+00:00] SUCCESS: agents/gmail_monitor_agent.py (exit 0)
[2025-11-29T01:30:47.484077+00:00] Core monitors bundle completed at 2025-11-29T01:30:47.484060+00:00 (successes=6, failures=0)
[2025-11-29T02:30:44.294327+00:00] ================================================================================
[2025-11-29T02:30:44.299256+00:00] Core monitors bundle run started at 2025-11-29T02:30:44.294292+00:00
[2025-11-29T02:30:44.305929+00:00] START: agents/absorption_runner_agent.py
[2025-11-29T02:30:48.273125+00:00] SUCCESS: agents/absorption_runner_agent.py (exit 0)
[2025-11-29T02:30:48.277087+00:00] START: agents/absorption_monitor_agent.py
[2025-11-29T02:30:49.930668+00:00] SUCCESS: agents/absorption_monitor_agent.py (exit 0)
[2025-11-29T02:30:49.933221+00:00] START: agents/geofence_sms_seed_agent.py
[2025-11-29T02:30:49.994917+00:00] SUCCESS: agents/geofence_sms_seed_agent.py (exit 0)
[2025-11-29T02:30:49.997625+00:00] START: agents/geofence_sms_monitor_agent.py
[2025-11-29T02:30:50.095039+00:00] SUCCESS: agents/geofence_sms_monitor_agent.py (exit 0)
[2025-11-29T02:30:50.097867+00:00] START: agents/gmail_activity_seed_agent.py
[2025-11-29T02:30:50.151872+00:00] SUCCESS: agents/gmail_activity_seed_agent.py (exit 0)
[2025-11-29T02:30:50.154989+00:00] START: agents/gmail_monitor_agent.py
[2025-11-29T02:30:50.248238+00:00] SUCCESS: agents/gmail_monitor_agent.py (exit 0)
[2025-11-29T02:30:50.251819+00:00] Core monitors bundle completed at 2025-11-29T02:30:50.251808+00:00 (successes=6, failures=0)
[2025-11-29T03:30:46.561677+00:00] ================================================================================
[2025-11-29T03:30:46.567459+00:00] Core monitors bundle run started at 2025-11-29T03:30:46.561638+00:00
[2025-11-29T03:30:46.570808+00:00] START: agents/absorption_runner_agent.py
[2025-11-29T03:30:51.151701+00:00] SUCCESS: agents/absorption_runner_agent.py (exit 0)
[2025-11-29T03:30:51.156094+00:00] START: agents/absorption_monitor_agent.py
[2025-11-29T03:30:53.085803+00:00] SUCCESS: agents/absorption_monitor_agent.py (exit 0)
[2025-11-29T03:30:53.089174+00:00] START: agents/geofence_sms_seed_agent.py
[2025-11-29T03:30:53.152252+00:00] SUCCESS: agents/geofence_sms_seed_agent.py (exit 0)
[2025-11-29T03:30:53.156101+00:00] START: agents/geofence_sms_monitor_agent.py
[2025-11-29T03:30:53.269098+00:00] SUCCESS: agents/geofence_sms_monitor_agent.py (exit 0)
[2025-11-29T03:30:53.273027+00:00] START: agents/gmail_activity_seed_agent.py
[2025-11-29T03:30:53.331131+00:00] SUCCESS: agents/gmail_activity_seed_agent.py (exit 0)
[2025-11-29T03:30:53.334678+00:00] START: agents/gmail_monitor_agent.py
[2025-11-29T03:30:53.432730+00:00] SUCCESS: agents/gmail_monitor_agent.py (exit 0)
[2025-11-29T03:30:53.436111+00:00] Core monitors bundle completed at 2025-11-29T03:30:53.436097+00:00 (successes=6, failures=0)
[2025-11-29T04:30:45.507278+00:00] ================================================================================
[2025-11-29T04:30:45.511749+00:00] Core monitors bundle run started at 2025-11-29T04:30:45.507244+00:00
[2025-11-29T04:30:45.516792+00:00] START: agents/absorption_runner_agent.py
[2025-11-29T04:30:50.253651+00:00] SUCCESS: agents/absorption_runner_agent.py (exit 0)
[2025-11-29T04:30:50.257159+00:00] START: agents/absorption_monitor_agent.py
[2025-11-29T04:30:52.750638+00:00] SUCCESS: agents/absorption_monitor_agent.py (exit 0)
[2025-11-29T04:30:52.755740+00:00] START: agents/geofence_sms_seed_agent.py
[2025-11-29T04:30:52.877146+00:00] SUCCESS: agents/geofence_sms_seed_agent.py (exit 0)
[2025-11-29T04:30:52.880945+00:00] START: agents/geofence_sms_monitor_agent.py
[2025-11-29T04:30:53.040693+00:00] SUCCESS: agents/geofence_sms_monitor_agent.py (exit 0)
[2025-11-29T04:30:53.044345+00:00] START: agents/gmail_activity_seed_agent.py
[2025-11-29T04:30:53.137151+00:00] SUCCESS: agents/gmail_activity_seed_agent.py (exit 0)
[2025-11-29T04:30:53.140807+00:00] START: agents/gmail_monitor_agent.py
[2025-11-29T04:30:53.293740+00:00] SUCCESS: agents/gmail_monitor_agent.py (exit 0)
[2025-11-29T04:30:53.297104+00:00] Core monitors bundle completed at 2025-11-29T04:30:53.297086+00:00 (successes=6, failures=0)
[2025-11-29T05:30:46.580041+00:00] ================================================================================
[2025-11-29T05:30:46.585901+00:00] Core monitors bundle run started at 2025-11-29T05:30:46.579994+00:00
[2025-11-29T05:30:46.590833+00:00] START: agents/absorption_runner_agent.py
[2025-11-29T05:30:51.675556+00:00] SUCCESS: agents/absorption_runner_agent.py (exit 0)
[2025-11-29T05:30:51.678449+00:00] START: agents/absorption_monitor_agent.py
[2025-11-29T05:30:54.262287+00:00] SUCCESS: agents/absorption_monitor_agent.py (exit 0)
[2025-11-29T05:30:54.266057+00:00] START: agents/geofence_sms_seed_agent.py
[2025-11-29T05:30:54.335844+00:00] SUCCESS: agents/geofence_sms_seed_agent.py (exit 0)
[2025-11-29T05:30:54.339004+00:00] START: agents/geofence_sms_monitor_agent.py
[2025-11-29T05:30:54.462699+00:00] SUCCESS: agents/geofence_sms_monitor_agent.py (exit 0)
[2025-11-29T05:30:54.467207+00:00] START: agents/gmail_activity_seed_agent.py
[2025-11-29T05:30:54.569509+00:00] SUCCESS: agents/gmail_activity_seed_agent.py (exit 0)
[2025-11-29T05:30:54.574369+00:00] START: agents/gmail_monitor_agent.py
[2025-11-29T05:30:54.742105+00:00] SUCCESS: agents/gmail_monitor_agent.py (exit 0)
[2025-11-29T05:30:54.746055+00:00] Core monitors bundle completed at 2025-11-29T05:30:54.746038+00:00 (successes=6, failures=0)
[2025-11-29T06:30:46.404221+00:00] ================================================================================
[2025-11-29T06:30:46.409245+00:00] Core monitors bundle run started at 2025-11-29T06:30:46.404181+00:00
[2025-11-29T06:30:46.413208+00:00] START: agents/absorption_runner_agent.py
[2025-11-29T06:30:51.624558+00:00] SUCCESS: agents/absorption_runner_agent.py (exit 0)
[2025-11-29T06:30:51.630474+00:00] START: agents/absorption_monitor_agent.py
[2025-11-29T06:30:53.939105+00:00] SUCCESS: agents/absorption_monitor_agent.py (exit 0)
[2025-11-29T06:30:53.945736+00:00] START: agents/geofence_sms_seed_agent.py
[2025-11-29T06:30:54.029810+00:00] SUCCESS: agents/geofence_sms_seed_agent.py (exit 0)
[2025-11-29T06:30:54.033737+00:00] START: agents/geofence_sms_monitor_agent.py
[2025-11-29T06:30:54.181301+00:00] SUCCESS: agents/geofence_sms_monitor_agent.py (exit 0)
[2025-11-29T06:30:54.185247+00:00] START: agents/gmail_activity_seed_agent.py
[2025-11-29T06:30:54.302914+00:00] SUCCESS: agents/gmail_activity_seed_agent.py (exit 0)
[2025-11-29T06:30:54.306794+00:00] START: agents/gmail_monitor_agent.py
[2025-11-29T06:30:54.490641+00:00] SUCCESS: agents/gmail_monitor_agent.py (exit 0)
[2025-11-29T06:30:54.493717+00:00] Core monitors bundle completed at 2025-11-29T06:30:54.493697+00:00 (successes=6, failures=0)
[2025-11-29T07:30:39.976845+00:00] ================================================================================
[2025-11-29T07:30:39.980622+00:00] Core monitors bundle run started at 2025-11-29T07:30:39.976812+00:00
[2025-11-29T07:30:39.984336+00:00] START: agents/absorption_runner_agent.py
[2025-11-29T07:30:44.642388+00:00] SUCCESS: agents/absorption_runner_agent.py (exit 0)
[2025-11-29T07:30:44.646073+00:00] START: agents/absorption_monitor_agent.py
[2025-11-29T07:30:46.750847+00:00] SUCCESS: agents/absorption_monitor_agent.py (exit 0)
[2025-11-29T07:30:46.754567+00:00] START: agents/geofence_sms_seed_agent.py
[2025-11-29T07:30:46.826259+00:00] SUCCESS: agents/geofence_sms_seed_agent.py (exit 0)
[2025-11-29T07:30:46.829924+00:00] START: agents/geofence_sms_monitor_agent.py
[2025-11-29T07:30:46.950188+00:00] SUCCESS: agents/geofence_sms_monitor_agent.py (exit 0)
[2025-11-29T07:30:46.953510+00:00] START: agents/gmail_activity_seed_agent.py
[2025-11-29T07:30:47.010953+00:00] SUCCESS: agents/gmail_activity_seed_agent.py (exit 0)
[2025-11-29T07:30:47.014716+00:00] START: agents/gmail_monitor_agent.py
[2025-11-29T07:30:47.125287+00:00] SUCCESS: agents/gmail_monitor_agent.py (exit 0)
[2025-11-29T07:30:47.128563+00:00] Core monitors bundle completed at 2025-11-29T07:30:47.128547+00:00 (successes=6, failures=0)
[2025-11-29T08:30:41.506111+00:00] ================================================================================
[2025-11-29T08:30:41.513676+00:00] Core monitors bundle run started at 2025-11-29T08:30:41.506076+00:00
[2025-11-29T08:30:41.517454+00:00] START: agents/absorption_runner_agent.py
[2025-11-29T08:30:45.100470+00:00] SUCCESS: agents/absorption_runner_agent.py (exit 0)
[2025-11-29T08:30:45.103787+00:00] START: agents/absorption_monitor_agent.py
[2025-11-29T08:30:46.779754+00:00] SUCCESS: agents/absorption_monitor_agent.py (exit 0)
[2025-11-29T08:30:46.783142+00:00] START: agents/geofence_sms_seed_agent.py
[2025-11-29T08:30:46.863479+00:00] SUCCESS: agents/geofence_sms_seed_agent.py (exit 0)
[2025-11-29T08:30:46.867124+00:00] START: agents/geofence_sms_monitor_agent.py
[2025-11-29T08:30:46.969091+00:00] SUCCESS: agents/geofence_sms_monitor_agent.py (exit 0)
[2025-11-29T08:30:46.972573+00:00] START: agents/gmail_activity_seed_agent.py
[2025-11-29T08:30:47.040592+00:00] SUCCESS: agents/gmail_activity_seed_agent.py (exit 0)
[2025-11-29T08:30:47.044121+00:00] START: agents/gmail_monitor_agent.py
[2025-11-29T08:30:47.162224+00:00] SUCCESS: agents/gmail_monitor_agent.py (exit 0)
[2025-11-29T08:30:47.165492+00:00] Core monitors bundle completed at 2025-11-29T08:30:47.165480+00:00 (successes=6, failures=0)
[2025-11-29T09:30:42.427700+00:00] ================================================================================
[2025-11-29T09:30:42.432064+00:00] Core monitors bundle run started at 2025-11-29T09:30:42.427666+00:00
[2025-11-29T09:30:42.435835+00:00] START: agents/absorption_runner_agent.py
[2025-11-29T09:30:46.897580+00:00] SUCCESS: agents/absorption_runner_agent.py (exit 0)
[2025-11-29T09:30:46.900360+00:00] START: agents/absorption_monitor_agent.py
[2025-11-29T09:30:48.642742+00:00] SUCCESS: agents/absorption_monitor_agent.py (exit 0)
[2025-11-29T09:30:48.646825+00:00] START: agents/geofence_sms_seed_agent.py
[2025-11-29T09:30:48.823539+00:00] SUCCESS: agents/geofence_sms_seed_agent.py (exit 0)
[2025-11-29T09:30:48.827699+00:00] START: agents/geofence_sms_monitor_agent.py
[2025-11-29T09:30:48.978987+00:00] SUCCESS: agents/geofence_sms_monitor_agent.py (exit 0)
[2025-11-29T09:30:48.982809+00:00] START: agents/gmail_activity_seed_agent.py
[2025-11-29T09:30:49.074195+00:00] SUCCESS: agents/gmail_activity_seed_agent.py (exit 0)
[2025-11-29T09:30:49.077828+00:00] START: agents/gmail_monitor_agent.py
[2025-11-29T09:30:49.219480+00:00] SUCCESS: agents/gmail_monitor_agent.py (exit 0)
[2025-11-29T09:30:49.223118+00:00] Core monitors bundle completed at 2025-11-29T09:30:49.223094+00:00 (successes=6, failures=0)
[2025-11-29T10:30:43.189165+00:00] ================================================================================
[2025-11-29T10:30:43.194880+00:00] Core monitors bundle run started at 2025-11-29T10:30:43.189132+00:00
[2025-11-29T10:30:43.198679+00:00] START: agents/absorption_runner_agent.py
[2025-11-29T10:30:47.033993+00:00] SUCCESS: agents/absorption_runner_agent.py (exit 0)
[2025-11-29T10:30:47.037523+00:00] START: agents/absorption_monitor_agent.py
[2025-11-29T10:30:48.716232+00:00] SUCCESS: agents/absorption_monitor_agent.py (exit 0)
[2025-11-29T10:30:48.719712+00:00] START: agents/geofence_sms_seed_agent.py
[2025-11-29T10:30:48.788653+00:00] SUCCESS: agents/geofence_sms_seed_agent.py (exit 0)
[2025-11-29T10:30:48.792137+00:00] START: agents/geofence_sms_monitor_agent.py
[2025-11-29T10:30:48.894385+00:00] SUCCESS: agents/geofence_sms_monitor_agent.py (exit 0)
[2025-11-29T10:30:48.897949+00:00] START: agents/gmail_activity_seed_agent.py
[2025-11-29T10:30:48.971601+00:00] SUCCESS: agents/gmail_activity_seed_agent.py (exit 0)
[2025-11-29T10:30:48.975185+00:00] START: agents/gmail_monitor_agent.py
[2025-11-29T10:30:49.073208+00:00] SUCCESS: agents/gmail_monitor_agent.py (exit 0)
[2025-11-29T10:30:49.076631+00:00] Core monitors bundle completed at 2025-11-29T10:30:49.076617+00:00 (successes=6, failures=0)
[2025-11-29T11:30:42.742105+00:00] ================================================================================
[2025-11-29T11:30:42.747440+00:00] Core monitors bundle run started at 2025-11-29T11:30:42.742071+00:00
[2025-11-29T11:30:42.751918+00:00] START: agents/absorption_runner_agent.py
[2025-11-29T11:30:46.219851+00:00] SUCCESS: agents/absorption_runner_agent.py (exit 0)
[2025-11-29T11:30:46.223410+00:00] START: agents/absorption_monitor_agent.py
[2025-11-29T11:30:47.986480+00:00] SUCCESS: agents/absorption_monitor_agent.py (exit 0)
[2025-11-29T11:30:47.990473+00:00] START: agents/geofence_sms_seed_agent.py
[2025-11-29T11:30:48.139723+00:00] SUCCESS: agents/geofence_sms_seed_agent.py (exit 0)
[2025-11-29T11:30:48.143260+00:00] START: agents/geofence_sms_monitor_agent.py
[2025-11-29T11:30:48.291471+00:00] SUCCESS: agents/geofence_sms_monitor_agent.py (exit 0)
[2025-11-29T11:30:48.296486+00:00] START: agents/gmail_activity_seed_agent.py
[2025-11-29T11:30:48.385838+00:00] SUCCESS: agents/gmail_activity_seed_agent.py (exit 0)
[2025-11-29T11:30:48.389470+00:00] START: agents/gmail_monitor_agent.py
[2025-11-29T11:30:48.504871+00:00] SUCCESS: agents/gmail_monitor_agent.py (exit 0)
[2025-11-29T11:30:48.508203+00:00] Core monitors bundle completed at 2025-11-29T11:30:48.508187+00:00 (successes=6, failures=0)
[2025-11-29T12:30:41.901727+00:00] ================================================================================
[2025-11-29T12:30:41.906946+00:00] Core monitors bundle run started at 2025-11-29T12:30:41.901690+00:00
[2025-11-29T12:30:41.910628+00:00] START: agents/absorption_runner_agent.py
[2025-11-29T12:30:45.904536+00:00] SUCCESS: agents/absorption_runner_agent.py (exit 0)
[2025-11-29T12:30:45.909004+00:00] START: agents/absorption_monitor_agent.py
[2025-11-29T12:30:47.399136+00:00] SUCCESS: agents/absorption_monitor_agent.py (exit 0)
[2025-11-29T12:30:47.402727+00:00] START: agents/geofence_sms_seed_agent.py
[2025-11-29T12:30:47.468321+00:00] SUCCESS: agents/geofence_sms_seed_agent.py (exit 0)
[2025-11-29T12:30:47.472647+00:00] START: agents/geofence_sms_monitor_agent.py
[2025-11-29T12:30:47.574207+00:00] SUCCESS: agents/geofence_sms_monitor_agent.py (exit 0)
[2025-11-29T12:30:47.577698+00:00] START: agents/gmail_activity_seed_agent.py
[2025-11-29T12:30:47.634589+00:00] SUCCESS: agents/gmail_activity_seed_agent.py (exit 0)
[2025-11-29T12:30:47.637934+00:00] START: agents/gmail_monitor_agent.py
[2025-11-29T12:30:47.735459+00:00] SUCCESS: agents/gmail_monitor_agent.py (exit 0)
[2025-11-29T12:30:47.738684+00:00] Core monitors bundle completed at 2025-11-29T12:30:47.738669+00:00 (successes=6, failures=0)
[2025-11-29T13:30:49.759950+00:00] ================================================================================
[2025-11-29T13:30:49.764577+00:00] Core monitors bundle run started at 2025-11-29T13:30:49.759913+00:00
[2025-11-29T13:30:49.768335+00:00] START: agents/absorption_runner_agent.py
[2025-11-29T13:30:54.380958+00:00] SUCCESS: agents/absorption_runner_agent.py (exit 0)
[2025-11-29T13:30:54.384699+00:00] START: agents/absorption_monitor_agent.py
[2025-11-29T13:30:56.386332+00:00] SUCCESS: agents/absorption_monitor_agent.py (exit 0)
[2025-11-29T13:30:56.389879+00:00] START: agents/geofence_sms_seed_agent.py
[2025-11-29T13:30:56.459578+00:00] SUCCESS: agents/geofence_sms_seed_agent.py (exit 0)
[2025-11-29T13:30:56.463117+00:00] START: agents/geofence_sms_monitor_agent.py
[2025-11-29T13:30:56.565224+00:00] SUCCESS: agents/geofence_sms_monitor_agent.py (exit 0)
[2025-11-29T13:30:56.568764+00:00] START: agents/gmail_activity_seed_agent.py
[2025-11-29T13:30:56.625529+00:00] SUCCESS: agents/gmail_activity_seed_agent.py (exit 0)
[2025-11-29T13:30:56.628580+00:00] START: agents/gmail_monitor_agent.py
[2025-11-29T13:30:56.743740+00:00] SUCCESS: agents/gmail_monitor_agent.py (exit 0)
[2025-11-29T13:30:56.747011+00:00] Core monitors bundle completed at 2025-11-29T13:30:56.746996+00:00 (successes=6, failures=0)
[2025-11-29T14:30:46.683618+00:00] ================================================================================
[2025-11-29T14:30:46.689195+00:00] Core monitors bundle run started at 2025-11-29T14:30:46.683579+00:00
[2025-11-29T14:30:46.693012+00:00] START: agents/absorption_runner_agent.py
[2025-11-29T14:30:50.211314+00:00] SUCCESS: agents/absorption_runner_agent.py (exit 0)
[2025-11-29T14:30:50.214825+00:00] START: agents/absorption_monitor_agent.py
[2025-11-29T14:30:52.192170+00:00] SUCCESS: agents/absorption_monitor_agent.py (exit 0)
[2025-11-29T14:30:52.196928+00:00] START: agents/geofence_sms_seed_agent.py
[2025-11-29T14:30:52.296746+00:00] SUCCESS: agents/geofence_sms_seed_agent.py (exit 0)
[2025-11-29T14:30:52.299550+00:00] START: agents/geofence_sms_monitor_agent.py
[2025-11-29T14:30:52.441025+00:00] SUCCESS: agents/geofence_sms_monitor_agent.py (exit 0)
[2025-11-29T14:30:52.444738+00:00] START: agents/gmail_activity_seed_agent.py
[2025-11-29T14:30:52.512815+00:00] SUCCESS: agents/gmail_activity_seed_agent.py (exit 0)
[2025-11-29T14:30:52.517162+00:00] START: agents/gmail_monitor_agent.py
[2025-11-29T14:30:52.645812+00:00] SUCCESS: agents/gmail_monitor_agent.py (exit 0)
[2025-11-29T14:30:52.649090+00:00] Core monitors bundle completed at 2025-11-29T14:30:52.649070+00:00 (successes=6, failures=0)
[2025-11-29T15:30:45.214181+00:00] ================================================================================
[2025-11-29T15:30:45.218375+00:00] Core monitors bundle run started at 2025-11-29T15:30:45.214147+00:00
[2025-11-29T15:30:45.223718+00:00] START: agents/absorption_runner_agent.py
[2025-11-29T15:30:48.259350+00:00] SUCCESS: agents/absorption_runner_agent.py (exit 0)
[2025-11-29T15:30:48.263645+00:00] START: agents/absorption_monitor_agent.py
[2025-11-29T15:30:50.307641+00:00] SUCCESS: agents/absorption_monitor_agent.py (exit 0)
[2025-11-29T15:30:50.311572+00:00] START: agents/geofence_sms_seed_agent.py
[2025-11-29T15:30:50.376312+00:00] SUCCESS: agents/geofence_sms_seed_agent.py (exit 0)
[2025-11-29T15:30:50.380177+00:00] START: agents/geofence_sms_monitor_agent.py
[2025-11-29T15:30:50.478096+00:00] SUCCESS: agents/geofence_sms_monitor_agent.py (exit 0)
[2025-11-29T15:30:50.481168+00:00] START: agents/gmail_activity_seed_agent.py
[2025-11-29T15:30:50.538365+00:00] SUCCESS: agents/gmail_activity_seed_agent.py (exit 0)
[2025-11-29T15:30:50.541825+00:00] START: agents/gmail_monitor_agent.py
[2025-11-29T15:30:50.638450+00:00] SUCCESS: agents/gmail_monitor_agent.py (exit 0)
[2025-11-29T15:30:50.642412+00:00] Core monitors bundle completed at 2025-11-29T15:30:50.642396+00:00 (successes=6, failures=0)
[2025-11-29T16:30:46.727612+00:00] ================================================================================
[2025-11-29T16:30:46.730873+00:00] Core monitors bundle run started at 2025-11-29T16:30:46.727574+00:00
[2025-11-29T16:30:46.735184+00:00] START: agents/absorption_runner_agent.py
[2025-11-29T16:30:51.265689+00:00] SUCCESS: agents/absorption_runner_agent.py (exit 0)
[2025-11-29T16:30:51.273979+00:00] START: agents/absorption_monitor_agent.py
[2025-11-29T16:30:53.799722+00:00] SUCCESS: agents/absorption_monitor_agent.py (exit 0)
[2025-11-29T16:30:53.806742+00:00] START: agents/geofence_sms_seed_agent.py
[2025-11-29T16:30:53.944306+00:00] SUCCESS: agents/geofence_sms_seed_agent.py (exit 0)
[2025-11-29T16:30:53.947405+00:00] START: agents/geofence_sms_monitor_agent.py
[2025-11-29T16:30:54.123955+00:00] SUCCESS: agents/geofence_sms_monitor_agent.py (exit 0)
[2025-11-29T16:30:54.127965+00:00] START: agents/gmail_activity_seed_agent.py
[2025-11-29T16:30:54.225066+00:00] SUCCESS: agents/gmail_activity_seed_agent.py (exit 0)
[2025-11-29T16:30:54.229097+00:00] START: agents/gmail_monitor_agent.py
[2025-11-29T16:30:54.360352+00:00] SUCCESS: agents/gmail_monitor_agent.py (exit 0)
[2025-11-29T16:30:54.363622+00:00] Core monitors bundle completed at 2025-11-29T16:30:54.363607+00:00 (successes=6, failures=0)
[2025-11-29T17:30:51.686907+00:00] ================================================================================
[2025-11-29T17:30:51.694486+00:00] Core monitors bundle run started at 2025-11-29T17:30:51.686863+00:00
[2025-11-29T17:30:51.698631+00:00] START: agents/absorption_runner_agent.py
[2025-11-29T17:30:56.604681+00:00] SUCCESS: agents/absorption_runner_agent.py (exit 0)
[2025-11-29T17:30:56.610798+00:00] START: agents/absorption_monitor_agent.py
[2025-11-29T17:30:58.567815+00:00] SUCCESS: agents/absorption_monitor_agent.py (exit 0)
[2025-11-29T17:30:58.574590+00:00] START: agents/geofence_sms_seed_agent.py
[2025-11-29T17:30:58.685557+00:00] SUCCESS: agents/geofence_sms_seed_agent.py (exit 0)
[2025-11-29T17:30:58.690471+00:00] START: agents/geofence_sms_monitor_agent.py
[2025-11-29T17:30:58.864182+00:00] SUCCESS: agents/geofence_sms_monitor_agent.py (exit 0)
[2025-11-29T17:30:58.868037+00:00] START: agents/gmail_activity_seed_agent.py
[2025-11-29T17:30:58.965559+00:00] SUCCESS: agents/gmail_activity_seed_agent.py (exit 0)
[2025-11-29T17:30:58.969270+00:00] START: agents/gmail_monitor_agent.py
[2025-11-29T17:30:59.140500+00:00] SUCCESS: agents/gmail_monitor_agent.py (exit 0)
[2025-11-29T17:30:59.144769+00:00] Core monitors bundle completed at 2025-11-29T17:30:59.144745+00:00 (successes=6, failures=0)
[2025-11-29T18:30:46.364604+00:00] ================================================================================
[2025-11-29T18:30:46.369008+00:00] Core monitors bundle run started at 2025-11-29T18:30:46.364566+00:00
[2025-11-29T18:30:46.371984+00:00] START: agents/absorption_runner_agent.py
[2025-11-29T18:30:50.505854+00:00] SUCCESS: agents/absorption_runner_agent.py (exit 0)
[2025-11-29T18:30:50.509604+00:00] START: agents/absorption_monitor_agent.py
[2025-11-29T18:30:53.166269+00:00] SUCCESS: agents/absorption_monitor_agent.py (exit 0)
[2025-11-29T18:30:53.172156+00:00] START: agents/geofence_sms_seed_agent.py
[2025-11-29T18:30:53.288083+00:00] SUCCESS: agents/geofence_sms_seed_agent.py (exit 0)
[2025-11-29T18:30:53.291776+00:00] START: agents/geofence_sms_monitor_agent.py
[2025-11-29T18:30:53.458605+00:00] SUCCESS: agents/geofence_sms_monitor_agent.py (exit 0)
[2025-11-29T18:30:53.461968+00:00] START: agents/gmail_activity_seed_agent.py
[2025-11-29T18:30:53.533182+00:00] SUCCESS: agents/gmail_activity_seed_agent.py (exit 0)
[2025-11-29T18:30:53.536582+00:00] START: agents/gmail_monitor_agent.py
[2025-11-29T18:30:53.678123+00:00] SUCCESS: agents/gmail_monitor_agent.py (exit 0)
[2025-11-29T18:30:53.681708+00:00] Core monitors bundle completed at 2025-11-29T18:30:53.681687+00:00 (successes=6, failures=0)
[2025-11-29T19:30:42.437102+00:00] ================================================================================
[2025-11-29T19:30:42.441884+00:00] Core monitors bundle run started at 2025-11-29T19:30:42.437067+00:00
[2025-11-29T19:30:42.445710+00:00] START: agents/absorption_runner_agent.py
[2025-11-29T19:30:46.776193+00:00] SUCCESS: agents/absorption_runner_agent.py (exit 0)
[2025-11-29T19:30:46.779631+00:00] START: agents/absorption_monitor_agent.py
[2025-11-29T19:30:48.098342+00:00] SUCCESS: agents/absorption_monitor_agent.py (exit 0)
[2025-11-29T19:30:48.102007+00:00] START: agents/geofence_sms_seed_agent.py
[2025-11-29T19:30:48.204260+00:00] SUCCESS: agents/geofence_sms_seed_agent.py (exit 0)
[2025-11-29T19:30:48.209823+00:00] START: agents/geofence_sms_monitor_agent.py
[2025-11-29T19:30:48.374253+00:00] SUCCESS: agents/geofence_sms_monitor_agent.py (exit 0)
[2025-11-29T19:30:48.378348+00:00] START: agents/gmail_activity_seed_agent.py
[2025-11-29T19:30:48.441219+00:00] SUCCESS: agents/gmail_activity_seed_agent.py (exit 0)
[2025-11-29T19:30:48.445369+00:00] START: agents/gmail_monitor_agent.py
[2025-11-29T19:30:48.542845+00:00] SUCCESS: agents/gmail_monitor_agent.py (exit 0)
[2025-11-29T19:30:48.546183+00:00] Core monitors bundle completed at 2025-11-29T19:30:48.546169+00:00 (successes=6, failures=0)
[2025-11-29T20:30:43.604876+00:00] ================================================================================
[2025-11-29T20:30:43.610364+00:00] Core monitors bundle run started at 2025-11-29T20:30:43.604838+00:00
[2025-11-29T20:30:43.614145+00:00] START: agents/absorption_runner_agent.py
[2025-11-29T20:30:46.950649+00:00] SUCCESS: agents/absorption_runner_agent.py (exit 0)
[2025-11-29T20:30:46.954264+00:00] START: agents/absorption_monitor_agent.py
[2025-11-29T20:30:49.418968+00:00] SUCCESS: agents/absorption_monitor_agent.py (exit 0)
[2025-11-29T20:30:49.422779+00:00] START: agents/geofence_sms_seed_agent.py
[2025-11-29T20:30:49.532164+00:00] SUCCESS: agents/geofence_sms_seed_agent.py (exit 0)
[2025-11-29T20:30:49.535896+00:00] START: agents/geofence_sms_monitor_agent.py
[2025-11-29T20:30:49.711339+00:00] SUCCESS: agents/geofence_sms_monitor_agent.py (exit 0)
[2025-11-29T20:30:49.715275+00:00] START: agents/gmail_activity_seed_agent.py
[2025-11-29T20:30:49.823409+00:00] SUCCESS: agents/gmail_activity_seed_agent.py (exit 0)
[2025-11-29T20:30:49.827821+00:00] START: agents/gmail_monitor_agent.py
[2025-11-29T20:30:50.025493+00:00] SUCCESS: agents/gmail_monitor_agent.py (exit 0)
[2025-11-29T20:30:50.029739+00:00] Core monitors bundle completed at 2025-11-29T20:30:50.029720+00:00 (successes=6, failures=0)
[2025-11-29T21:30:43.651788+00:00] ================================================================================
[2025-11-29T21:30:43.656457+00:00] Core monitors bundle run started at 2025-11-29T21:30:43.651759+00:00
[2025-11-29T21:30:43.660095+00:00] START: agents/absorption_runner_agent.py
[2025-11-29T21:30:46.591919+00:00] SUCCESS: agents/absorption_runner_agent.py (exit 0)
[2025-11-29T21:30:46.595309+00:00] START: agents/absorption_monitor_agent.py
[2025-11-29T21:30:48.052807+00:00] SUCCESS: agents/absorption_monitor_agent.py (exit 0)
[2025-11-29T21:30:48.056513+00:00] START: agents/geofence_sms_seed_agent.py
[2025-11-29T21:30:48.121815+00:00] SUCCESS: agents/geofence_sms_seed_agent.py (exit 0)
[2025-11-29T21:30:48.125303+00:00] START: agents/geofence_sms_monitor_agent.py
[2025-11-29T21:30:48.226661+00:00] SUCCESS: agents/geofence_sms_monitor_agent.py (exit 0)
[2025-11-29T21:30:48.230401+00:00] START: agents/gmail_activity_seed_agent.py
[2025-11-29T21:30:48.289685+00:00] SUCCESS: agents/gmail_activity_seed_agent.py (exit 0)
[2025-11-29T21:30:48.293163+00:00] START: agents/gmail_monitor_agent.py
[2025-11-29T21:30:48.392812+00:00] SUCCESS: agents/gmail_monitor_agent.py (exit 0)
[2025-11-29T21:30:48.396179+00:00] Core monitors bundle completed at 2025-11-29T21:30:48.396160+00:00 (successes=6, failures=0)
[2025-11-29T22:30:48.175901+00:00] ================================================================================
[2025-11-29T22:30:48.180699+00:00] Core monitors bundle run started at 2025-11-29T22:30:48.175864+00:00
[2025-11-29T22:30:48.186480+00:00] START: agents/absorption_runner_agent.py
[2025-11-29T22:30:52.957142+00:00] SUCCESS: agents/absorption_runner_agent.py (exit 0)
[2025-11-29T22:30:52.960310+00:00] START: agents/absorption_monitor_agent.py
[2025-11-29T22:30:54.882219+00:00] SUCCESS: agents/absorption_monitor_agent.py (exit 0)
[2025-11-29T22:30:54.886261+00:00] START: agents/geofence_sms_seed_agent.py
[2025-11-29T22:30:54.996366+00:00] SUCCESS: agents/geofence_sms_seed_agent.py (exit 0)
[2025-11-29T22:30:55.000779+00:00] START: agents/geofence_sms_monitor_agent.py
[2025-11-29T22:30:55.241716+00:00] SUCCESS: agents/geofence_sms_monitor_agent.py (exit 0)
[2025-11-29T22:30:55.247478+00:00] START: agents/gmail_activity_seed_agent.py
[2025-11-29T22:30:55.339443+00:00] SUCCESS: agents/gmail_activity_seed_agent.py (exit 0)
[2025-11-29T22:30:55.342605+00:00] START: agents/gmail_monitor_agent.py
[2025-11-29T22:30:55.472250+00:00] SUCCESS: agents/gmail_monitor_agent.py (exit 0)
[2025-11-29T22:30:55.477552+00:00] Core monitors bundle completed at 2025-11-29T22:30:55.477530+00:00 (successes=6, failures=0)
[2025-11-29T23:30:49.958722+00:00] ================================================================================
[2025-11-29T23:30:49.963532+00:00] Core monitors bundle run started at 2025-11-29T23:30:49.958686+00:00
[2025-11-29T23:30:49.967199+00:00] START: agents/absorption_runner_agent.py
[2025-11-29T23:30:54.330451+00:00] SUCCESS: agents/absorption_runner_agent.py (exit 0)
[2025-11-29T23:30:54.336478+00:00] START: agents/absorption_monitor_agent.py
[2025-11-29T23:30:56.125500+00:00] SUCCESS: agents/absorption_monitor_agent.py (exit 0)
[2025-11-29T23:30:56.129861+00:00] START: agents/geofence_sms_seed_agent.py
[2025-11-29T23:30:56.199324+00:00] SUCCESS: agents/geofence_sms_seed_agent.py (exit 0)
[2025-11-29T23:30:56.203696+00:00] START: agents/geofence_sms_monitor_agent.py
[2025-11-29T23:30:56.311133+00:00] SUCCESS: agents/geofence_sms_monitor_agent.py (exit 0)
[2025-11-29T23:30:56.314528+00:00] START: agents/gmail_activity_seed_agent.py
[2025-11-29T23:30:56.373492+00:00] SUCCESS: agents/gmail_activity_seed_agent.py (exit 0)
[2025-11-29T23:30:56.377538+00:00] START: agents/gmail_monitor_agent.py
[2025-11-29T23:30:56.493646+00:00] SUCCESS: agents/gmail_monitor_agent.py (exit 0)
[2025-11-29T23:30:56.497115+00:00] Core monitors bundle completed at 2025-11-29T23:30:56.497097+00:00 (successes=6, failures=0)
[2025-11-30T00:30:48.848492+00:00] ================================================================================
[2025-11-30T00:30:48.853508+00:00] Core monitors bundle run started at 2025-11-30T00:30:48.848447+00:00
[2025-11-30T00:30:48.857885+00:00] START: agents/absorption_runner_agent.py
[2025-11-30T00:30:52.133518+00:00] SUCCESS: agents/absorption_runner_agent.py (exit 0)
[2025-11-30T00:30:52.137105+00:00] START: agents/absorption_monitor_agent.py
[2025-11-30T00:30:53.430753+00:00] SUCCESS: agents/absorption_monitor_agent.py (exit 0)
[2025-11-30T00:30:53.434859+00:00] START: agents/geofence_sms_seed_agent.py
[2025-11-30T00:30:53.510592+00:00] SUCCESS: agents/geofence_sms_seed_agent.py (exit 0)
[2025-11-30T00:30:53.514009+00:00] START: agents/geofence_sms_monitor_agent.py
[2025-11-30T00:30:53.647629+00:00] SUCCESS: agents/geofence_sms_monitor_agent.py (exit 0)
[2025-11-30T00:30:53.652419+00:00] START: agents/gmail_activity_seed_agent.py
[2025-11-30T00:30:53.712891+00:00] SUCCESS: agents/gmail_activity_seed_agent.py (exit 0)
[2025-11-30T00:30:53.716974+00:00] START: agents/gmail_monitor_agent.py
[2025-11-30T00:30:53.823551+00:00] SUCCESS: agents/gmail_monitor_agent.py (exit 0)
[2025-11-30T00:30:53.828089+00:00] Core monitors bundle completed at 2025-11-30T00:30:53.828071+00:00 (successes=6, failures=0)
[2025-11-30T01:30:47.011958+00:00] ================================================================================
[2025-11-30T01:30:47.015390+00:00] Core monitors bundle run started at 2025-11-30T01:30:47.011919+00:00
[2025-11-30T01:30:47.020007+00:00] START: agents/absorption_runner_agent.py
[2025-11-30T01:30:50.100313+00:00] SUCCESS: agents/absorption_runner_agent.py (exit 0)
[2025-11-30T01:30:50.104117+00:00] START: agents/absorption_monitor_agent.py
[2025-11-30T01:30:51.759783+00:00] SUCCESS: agents/absorption_monitor_agent.py (exit 0)
[2025-11-30T01:30:51.764027+00:00] START: agents/geofence_sms_seed_agent.py
[2025-11-30T01:30:51.878141+00:00] SUCCESS: agents/geofence_sms_seed_agent.py (exit 0)
[2025-11-30T01:30:51.883159+00:00] START: agents/geofence_sms_monitor_agent.py
[2025-11-30T01:30:52.003197+00:00] SUCCESS: agents/geofence_sms_monitor_agent.py (exit 0)
[2025-11-30T01:30:52.006697+00:00] START: agents/gmail_activity_seed_agent.py
[2025-11-30T01:30:52.065448+00:00] SUCCESS: agents/gmail_activity_seed_agent.py (exit 0)
[2025-11-30T01:30:52.069240+00:00] START: agents/gmail_monitor_agent.py
[2025-11-30T01:30:52.177817+00:00] SUCCESS: agents/gmail_monitor_agent.py (exit 0)
[2025-11-30T01:30:52.181199+00:00] Core monitors bundle completed at 2025-11-30T01:30:52.181187+00:00 (successes=6, failures=0)
[2025-11-30T02:30:48.863528+00:00] ================================================================================
[2025-11-30T02:30:48.867298+00:00] Core monitors bundle run started at 2025-11-30T02:30:48.863485+00:00
[2025-11-30T02:30:48.871860+00:00] START: agents/absorption_runner_agent.py
[2025-11-30T02:30:53.504883+00:00] SUCCESS: agents/absorption_runner_agent.py (exit 0)
[2025-11-30T02:30:53.509271+00:00] START: agents/absorption_monitor_agent.py
[2025-11-30T02:30:55.184976+00:00] SUCCESS: agents/absorption_monitor_agent.py (exit 0)
[2025-11-30T02:30:55.188674+00:00] START: agents/geofence_sms_seed_agent.py
[2025-11-30T02:30:55.284071+00:00] SUCCESS: agents/geofence_sms_seed_agent.py (exit 0)
[2025-11-30T02:30:55.287580+00:00] START: agents/geofence_sms_monitor_agent.py
[2025-11-30T02:30:55.414394+00:00] SUCCESS: agents/geofence_sms_monitor_agent.py (exit 0)
[2025-11-30T02:30:55.418127+00:00] START: agents/gmail_activity_seed_agent.py
[2025-11-30T02:30:55.492220+00:00] SUCCESS: agents/gmail_activity_seed_agent.py (exit 0)
[2025-11-30T02:30:55.495762+00:00] START: agents/gmail_monitor_agent.py
[2025-11-30T02:30:55.617275+00:00] SUCCESS: agents/gmail_monitor_agent.py (exit 0)
[2025-11-30T02:30:55.620727+00:00] Core monitors bundle completed at 2025-11-30T02:30:55.620707+00:00 (successes=6, failures=0)
[2025-11-30T03:30:53.078257+00:00] ================================================================================
[2025-11-30T03:30:53.084067+00:00] Core monitors bundle run started at 2025-11-30T03:30:53.078217+00:00
[2025-11-30T03:30:53.087608+00:00] START: agents/absorption_runner_agent.py
[2025-11-30T03:30:57.928181+00:00] SUCCESS: agents/absorption_runner_agent.py (exit 0)
[2025-11-30T03:30:57.933772+00:00] START: agents/absorption_monitor_agent.py
[2025-11-30T03:30:59.835957+00:00] SUCCESS: agents/absorption_monitor_agent.py (exit 0)
[2025-11-30T03:30:59.840494+00:00] START: agents/geofence_sms_seed_agent.py
[2025-11-30T03:30:59.948075+00:00] SUCCESS: agents/geofence_sms_seed_agent.py (exit 0)
[2025-11-30T03:30:59.951697+00:00] START: agents/geofence_sms_monitor_agent.py
[2025-11-30T03:31:00.067130+00:00] SUCCESS: agents/geofence_sms_monitor_agent.py (exit 0)
[2025-11-30T03:31:00.070809+00:00] START: agents/gmail_activity_seed_agent.py
[2025-11-30T03:31:00.155291+00:00] SUCCESS: agents/gmail_activity_seed_agent.py (exit 0)
[2025-11-30T03:31:00.158857+00:00] START: agents/gmail_monitor_agent.py
[2025-11-30T03:31:00.317505+00:00] SUCCESS: agents/gmail_monitor_agent.py (exit 0)
[2025-11-30T03:31:00.321156+00:00] Core monitors bundle completed at 2025-11-30T03:31:00.321132+00:00 (successes=6, failures=0)
[2025-11-30T04:30:53.010367+00:00] ================================================================================
[2025-11-30T04:30:53.013632+00:00] Core monitors bundle run started at 2025-11-30T04:30:53.010324+00:00
[2025-11-30T04:30:53.018502+00:00] START: agents/absorption_runner_agent.py
[2025-11-30T04:30:58.148808+00:00] SUCCESS: agents/absorption_runner_agent.py (exit 0)
[2025-11-30T04:30:58.153908+00:00] START: agents/absorption_monitor_agent.py
[2025-11-30T04:31:01.364121+00:00] SUCCESS: agents/absorption_monitor_agent.py (exit 0)
[2025-11-30T04:31:01.369068+00:00] START: agents/geofence_sms_seed_agent.py
[2025-11-30T04:31:01.509806+00:00] SUCCESS: agents/geofence_sms_seed_agent.py (exit 0)
[2025-11-30T04:31:01.513465+00:00] START: agents/geofence_sms_monitor_agent.py
[2025-11-30T04:31:01.740091+00:00] SUCCESS: agents/geofence_sms_monitor_agent.py (exit 0)
[2025-11-30T04:31:01.752699+00:00] START: agents/gmail_activity_seed_agent.py
[2025-11-30T04:31:01.997414+00:00] SUCCESS: agents/gmail_activity_seed_agent.py (exit 0)
[2025-11-30T04:31:02.006473+00:00] START: agents/gmail_monitor_agent.py
[2025-11-30T04:31:02.410829+00:00] SUCCESS: agents/gmail_monitor_agent.py (exit 0)
[2025-11-30T04:31:02.414801+00:00] Core monitors bundle completed at 2025-11-30T04:31:02.414780+00:00 (successes=6, failures=0)
[2025-11-30T05:30:49.080986+00:00] ================================================================================
[2025-11-30T05:30:49.084522+00:00] Core monitors bundle run started at 2025-11-30T05:30:49.080949+00:00
[2025-11-30T05:30:49.092465+00:00] START: agents/absorption_runner_agent.py
[2025-11-30T05:30:53.379717+00:00] SUCCESS: agents/absorption_runner_agent.py (exit 0)
[2025-11-30T05:30:53.386291+00:00] START: agents/absorption_monitor_agent.py
[2025-11-30T05:30:55.751102+00:00] SUCCESS: agents/absorption_monitor_agent.py (exit 0)
[2025-11-30T05:30:55.756157+00:00] START: agents/geofence_sms_seed_agent.py
[2025-11-30T05:30:55.872132+00:00] SUCCESS: agents/geofence_sms_seed_agent.py (exit 0)
[2025-11-30T05:30:55.876344+00:00] START: agents/geofence_sms_monitor_agent.py
[2025-11-30T05:30:56.048126+00:00] SUCCESS: agents/geofence_sms_monitor_agent.py (exit 0)
[2025-11-30T05:30:56.050254+00:00] START: agents/gmail_activity_seed_agent.py
[2025-11-30T05:30:56.179703+00:00] SUCCESS: agents/gmail_activity_seed_agent.py (exit 0)
[2025-11-30T05:30:56.184349+00:00] START: agents/gmail_monitor_agent.py
[2025-11-30T05:30:56.339840+00:00] SUCCESS: agents/gmail_monitor_agent.py (exit 0)
[2025-11-30T05:30:56.343082+00:00] Core monitors bundle completed at 2025-11-30T05:30:56.343061+00:00 (successes=6, failures=0)
[2025-11-30T06:30:48.493942+00:00] ================================================================================
[2025-11-30T06:30:48.498246+00:00] Core monitors bundle run started at 2025-11-30T06:30:48.493894+00:00
[2025-11-30T06:30:48.502865+00:00] START: agents/absorption_runner_agent.py
[2025-11-30T06:30:53.423838+00:00] SUCCESS: agents/absorption_runner_agent.py (exit 0)
[2025-11-30T06:30:53.428287+00:00] START: agents/absorption_monitor_agent.py
[2025-11-30T06:30:56.141146+00:00] SUCCESS: agents/absorption_monitor_agent.py (exit 0)
[2025-11-30T06:30:56.147267+00:00] START: agents/geofence_sms_seed_agent.py
[2025-11-30T06:30:56.239634+00:00] SUCCESS: agents/geofence_sms_seed_agent.py (exit 0)
[2025-11-30T06:30:56.245792+00:00] START: agents/geofence_sms_monitor_agent.py
[2025-11-30T06:30:56.409660+00:00] SUCCESS: agents/geofence_sms_monitor_agent.py (exit 0)
[2025-11-30T06:30:56.414804+00:00] START: agents/gmail_activity_seed_agent.py
[2025-11-30T06:30:56.495695+00:00] SUCCESS: agents/gmail_activity_seed_agent.py (exit 0)
[2025-11-30T06:30:56.499919+00:00] START: agents/gmail_monitor_agent.py
[2025-11-30T06:30:56.637952+00:00] SUCCESS: agents/gmail_monitor_agent.py (exit 0)
[2025-11-30T06:30:56.643565+00:00] Core monitors bundle completed at 2025-11-30T06:30:56.643543+00:00 (successes=6, failures=0)
[2025-11-30T07:30:44.831012+00:00] ================================================================================
[2025-11-30T07:30:44.834788+00:00] Core monitors bundle run started at 2025-11-30T07:30:44.830974+00:00
[2025-11-30T07:30:44.841803+00:00] START: agents/absorption_runner_agent.py
[2025-11-30T07:30:49.605575+00:00] SUCCESS: agents/absorption_runner_agent.py (exit 0)
[2025-11-30T07:30:49.609969+00:00] START: agents/absorption_monitor_agent.py
[2025-11-30T07:30:51.841294+00:00] SUCCESS: agents/absorption_monitor_agent.py (exit 0)
[2025-11-30T07:30:51.845040+00:00] START: agents/geofence_sms_seed_agent.py
[2025-11-30T07:30:51.972803+00:00] SUCCESS: agents/geofence_sms_seed_agent.py (exit 0)
[2025-11-30T07:30:51.976834+00:00] START: agents/geofence_sms_monitor_agent.py
[2025-11-30T07:30:52.153037+00:00] SUCCESS: agents/geofence_sms_monitor_agent.py (exit 0)
[2025-11-30T07:30:52.158891+00:00] START: agents/gmail_activity_seed_agent.py
[2025-11-30T07:30:52.270667+00:00] SUCCESS: agents/gmail_activity_seed_agent.py (exit 0)
[2025-11-30T07:30:52.274602+00:00] START: agents/gmail_monitor_agent.py
[2025-11-30T07:30:52.476232+00:00] SUCCESS: agents/gmail_monitor_agent.py (exit 0)
[2025-11-30T07:30:52.480407+00:00] Core monitors bundle completed at 2025-11-30T07:30:52.480383+00:00 (successes=6, failures=0)
[2025-11-30T08:30:47.722888+00:00] ================================================================================
[2025-11-30T08:30:47.726579+00:00] Core monitors bundle run started at 2025-11-30T08:30:47.722848+00:00
[2025-11-30T08:30:47.730129+00:00] START: agents/absorption_runner_agent.py
[2025-11-30T08:30:52.154852+00:00] SUCCESS: agents/absorption_runner_agent.py (exit 0)
[2025-11-30T08:30:52.158331+00:00] START: agents/absorption_monitor_agent.py
[2025-11-30T08:30:54.940681+00:00] SUCCESS: agents/absorption_monitor_agent.py (exit 0)
[2025-11-30T08:30:54.944444+00:00] START: agents/geofence_sms_seed_agent.py
[2025-11-30T08:30:55.059111+00:00] SUCCESS: agents/geofence_sms_seed_agent.py (exit 0)
[2025-11-30T08:30:55.063836+00:00] START: agents/geofence_sms_monitor_agent.py
[2025-11-30T08:30:55.240786+00:00] SUCCESS: agents/geofence_sms_monitor_agent.py (exit 0)
[2025-11-30T08:30:55.244526+00:00] START: agents/gmail_activity_seed_agent.py
[2025-11-30T08:30:55.340849+00:00] SUCCESS: agents/gmail_activity_seed_agent.py (exit 0)
[2025-11-30T08:30:55.345081+00:00] START: agents/gmail_monitor_agent.py
[2025-11-30T08:30:55.532600+00:00] SUCCESS: agents/gmail_monitor_agent.py (exit 0)
[2025-11-30T08:30:55.536203+00:00] Core monitors bundle completed at 2025-11-30T08:30:55.536182+00:00 (successes=6, failures=0)
[2025-11-30T09:30:47.561161+00:00] ================================================================================
[2025-11-30T09:30:47.566401+00:00] Core monitors bundle run started at 2025-11-30T09:30:47.561122+00:00
[2025-11-30T09:30:47.570091+00:00] START: agents/absorption_runner_agent.py
[2025-11-30T09:30:52.969710+00:00] SUCCESS: agents/absorption_runner_agent.py (exit 0)
[2025-11-30T09:30:52.973633+00:00] START: agents/absorption_monitor_agent.py
[2025-11-30T09:30:56.772662+00:00] SUCCESS: agents/absorption_monitor_agent.py (exit 0)
[2025-11-30T09:30:56.778941+00:00] START: agents/geofence_sms_seed_agent.py
[2025-11-30T09:30:56.891410+00:00] SUCCESS: agents/geofence_sms_seed_agent.py (exit 0)
[2025-11-30T09:30:56.895024+00:00] START: agents/geofence_sms_monitor_agent.py
[2025-11-30T09:30:57.057864+00:00] SUCCESS: agents/geofence_sms_monitor_agent.py (exit 0)
[2025-11-30T09:30:57.062007+00:00] START: agents/gmail_activity_seed_agent.py
[2025-11-30T09:30:57.167577+00:00] SUCCESS: agents/gmail_activity_seed_agent.py (exit 0)
[2025-11-30T09:30:57.171268+00:00] START: agents/gmail_monitor_agent.py
[2025-11-30T09:30:57.386873+00:00] SUCCESS: agents/gmail_monitor_agent.py (exit 0)
[2025-11-30T09:30:57.392501+00:00] Core monitors bundle completed at 2025-11-30T09:30:57.392478+00:00 (successes=6, failures=0)
[2025-11-30T10:30:49.670739+00:00] ================================================================================
[2025-11-30T10:30:49.675236+00:00] Core monitors bundle run started at 2025-11-30T10:30:49.670705+00:00
[2025-11-30T10:30:49.680610+00:00] START: agents/absorption_runner_agent.py
[2025-11-30T10:30:54.125303+00:00] SUCCESS: agents/absorption_runner_agent.py (exit 0)
[2025-11-30T10:30:54.128729+00:00] START: agents/absorption_monitor_agent.py
[2025-11-30T10:30:56.578788+00:00] SUCCESS: agents/absorption_monitor_agent.py (exit 0)
[2025-11-30T10:30:56.582465+00:00] START: agents/geofence_sms_seed_agent.py
[2025-11-30T10:30:56.680105+00:00] SUCCESS: agents/geofence_sms_seed_agent.py (exit 0)
[2025-11-30T10:30:56.683115+00:00] START: agents/geofence_sms_monitor_agent.py
[2025-11-30T10:30:56.841104+00:00] SUCCESS: agents/geofence_sms_monitor_agent.py (exit 0)
[2025-11-30T10:30:56.845690+00:00] START: agents/gmail_activity_seed_agent.py
[2025-11-30T10:30:57.005669+00:00] SUCCESS: agents/gmail_activity_seed_agent.py (exit 0)
[2025-11-30T10:30:57.009465+00:00] START: agents/gmail_monitor_agent.py
[2025-11-30T10:30:57.254687+00:00] SUCCESS: agents/gmail_monitor_agent.py (exit 0)
[2025-11-30T10:30:57.257574+00:00] Core monitors bundle completed at 2025-11-30T10:30:57.257554+00:00 (successes=6, failures=0)
[2025-11-30T11:30:43.025372+00:00] ================================================================================
[2025-11-30T11:30:43.028768+00:00] Core monitors bundle run started at 2025-11-30T11:30:43.025342+00:00
[2025-11-30T11:30:43.033349+00:00] START: agents/absorption_runner_agent.py
[2025-11-30T11:30:46.725172+00:00] SUCCESS: agents/absorption_runner_agent.py (exit 0)
[2025-11-30T11:30:46.729978+00:00] START: agents/absorption_monitor_agent.py
[2025-11-30T11:30:48.914342+00:00] SUCCESS: agents/absorption_monitor_agent.py (exit 0)
[2025-11-30T11:30:48.920130+00:00] START: agents/geofence_sms_seed_agent.py
[2025-11-30T11:30:49.015666+00:00] SUCCESS: agents/geofence_sms_seed_agent.py (exit 0)
[2025-11-30T11:30:49.019200+00:00] START: agents/geofence_sms_monitor_agent.py
[2025-11-30T11:30:49.179090+00:00] SUCCESS: agents/geofence_sms_monitor_agent.py (exit 0)
[2025-11-30T11:30:49.183816+00:00] START: agents/gmail_activity_seed_agent.py
[2025-11-30T11:30:49.273819+00:00] SUCCESS: agents/gmail_activity_seed_agent.py (exit 0)
[2025-11-30T11:30:49.277713+00:00] START: agents/gmail_monitor_agent.py
[2025-11-30T11:30:49.428957+00:00] SUCCESS: agents/gmail_monitor_agent.py (exit 0)
[2025-11-30T11:30:49.434541+00:00] Core monitors bundle completed at 2025-11-30T11:30:49.434523+00:00 (successes=6, failures=0)
[2025-11-30T12:30:38.184086+00:00] ================================================================================
[2025-11-30T12:30:38.190495+00:00] Core monitors bundle run started at 2025-11-30T12:30:38.184053+00:00
[2025-11-30T12:30:38.194001+00:00] START: agents/absorption_runner_agent.py
[2025-11-30T12:30:42.042123+00:00] SUCCESS: agents/absorption_runner_agent.py (exit 0)
[2025-11-30T12:30:42.044822+00:00] START: agents/absorption_monitor_agent.py
[2025-11-30T12:30:43.335117+00:00] SUCCESS: agents/absorption_monitor_agent.py (exit 0)
[2025-11-30T12:30:43.339698+00:00] START: agents/geofence_sms_seed_agent.py
[2025-11-30T12:30:43.428025+00:00] SUCCESS: agents/geofence_sms_seed_agent.py (exit 0)
[2025-11-30T12:30:43.433096+00:00] START: agents/geofence_sms_monitor_agent.py
[2025-11-30T12:30:43.572254+00:00] SUCCESS: agents/geofence_sms_monitor_agent.py (exit 0)
[2025-11-30T12:30:43.575900+00:00] START: agents/gmail_activity_seed_agent.py
[2025-11-30T12:30:43.654951+00:00] SUCCESS: agents/gmail_activity_seed_agent.py (exit 0)
[2025-11-30T12:30:43.658114+00:00] START: agents/gmail_monitor_agent.py
[2025-11-30T12:30:43.781638+00:00] SUCCESS: agents/gmail_monitor_agent.py (exit 0)
[2025-11-30T12:30:43.784561+00:00] Core monitors bundle completed at 2025-11-30T12:30:43.784452+00:00 (successes=6, failures=0)
[2025-11-30T13:30:48.068828+00:00] ================================================================================
[2025-11-30T13:30:48.074647+00:00] Core monitors bundle run started at 2025-11-30T13:30:48.068654+00:00
[2025-11-30T13:30:48.089666+00:00] START: agents/absorption_runner_agent.py
[2025-11-30T13:30:52.922336+00:00] SUCCESS: agents/absorption_runner_agent.py (exit 0)
[2025-11-30T13:30:52.925875+00:00] START: agents/absorption_monitor_agent.py
[2025-11-30T13:30:54.741261+00:00] SUCCESS: agents/absorption_monitor_agent.py (exit 0)
[2025-11-30T13:30:54.745119+00:00] START: agents/geofence_sms_seed_agent.py
[2025-11-30T13:30:54.836092+00:00] SUCCESS: agents/geofence_sms_seed_agent.py (exit 0)
[2025-11-30T13:30:54.840741+00:00] START: agents/geofence_sms_monitor_agent.py
[2025-11-30T13:30:55.002686+00:00] SUCCESS: agents/geofence_sms_monitor_agent.py (exit 0)
[2025-11-30T13:30:55.006508+00:00] START: agents/gmail_activity_seed_agent.py
[2025-11-30T13:30:55.095506+00:00] SUCCESS: agents/gmail_activity_seed_agent.py (exit 0)
[2025-11-30T13:30:55.099476+00:00] START: agents/gmail_monitor_agent.py
[2025-11-30T13:30:55.274548+00:00] SUCCESS: agents/gmail_monitor_agent.py (exit 0)
[2025-11-30T13:30:55.277817+00:00] Core monitors bundle completed at 2025-11-30T13:30:55.277800+00:00 (successes=6, failures=0)
[2025-11-30T14:30:45.275141+00:00] ================================================================================
[2025-11-30T14:30:45.279215+00:00] Core monitors bundle run started at 2025-11-30T14:30:45.275106+00:00
[2025-11-30T14:30:45.282627+00:00] START: agents/absorption_runner_agent.py
[2025-11-30T14:30:49.799481+00:00] SUCCESS: agents/absorption_runner_agent.py (exit 0)
[2025-11-30T14:30:49.804514+00:00] START: agents/absorption_monitor_agent.py
[2025-11-30T14:30:51.430585+00:00] SUCCESS: agents/absorption_monitor_agent.py (exit 0)
[2025-11-30T14:30:51.434076+00:00] START: agents/geofence_sms_seed_agent.py
[2025-11-30T14:30:51.506410+00:00] SUCCESS: agents/geofence_sms_seed_agent.py (exit 0)
[2025-11-30T14:30:51.509994+00:00] START: agents/geofence_sms_monitor_agent.py
[2025-11-30T14:30:51.615587+00:00] SUCCESS: agents/geofence_sms_monitor_agent.py (exit 0)
[2025-11-30T14:30:51.619496+00:00] START: agents/gmail_activity_seed_agent.py
[2025-11-30T14:30:51.705333+00:00] SUCCESS: agents/gmail_activity_seed_agent.py (exit 0)
[2025-11-30T14:30:51.710029+00:00] START: agents/gmail_monitor_agent.py
[2025-11-30T14:30:51.832639+00:00] SUCCESS: agents/gmail_monitor_agent.py (exit 0)
[2025-11-30T14:30:51.836517+00:00] Core monitors bundle completed at 2025-11-30T14:30:51.836507+00:00 (successes=6, failures=0)
[2025-11-30T15:30:42.857250+00:00] ================================================================================
[2025-11-30T15:30:42.861974+00:00] Core monitors bundle run started at 2025-11-30T15:30:42.857225+00:00
[2025-11-30T15:30:42.864958+00:00] START: agents/absorption_runner_agent.py
[2025-11-30T15:30:45.604120+00:00] SUCCESS: agents/absorption_runner_agent.py (exit 0)
[2025-11-30T15:30:45.608048+00:00] START: agents/absorption_monitor_agent.py
[2025-11-30T15:30:47.212473+00:00] SUCCESS: agents/absorption_monitor_agent.py (exit 0)
[2025-11-30T15:30:47.216410+00:00] START: agents/geofence_sms_seed_agent.py
[2025-11-30T15:30:47.284264+00:00] SUCCESS: agents/geofence_sms_seed_agent.py (exit 0)
[2025-11-30T15:30:47.287727+00:00] START: agents/geofence_sms_monitor_agent.py
[2025-11-30T15:30:47.397938+00:00] SUCCESS: agents/geofence_sms_monitor_agent.py (exit 0)
[2025-11-30T15:30:47.401575+00:00] START: agents/gmail_activity_seed_agent.py
[2025-11-30T15:30:47.456656+00:00] SUCCESS: agents/gmail_activity_seed_agent.py (exit 0)
[2025-11-30T15:30:47.460072+00:00] START: agents/gmail_monitor_agent.py
[2025-11-30T15:30:47.555510+00:00] SUCCESS: agents/gmail_monitor_agent.py (exit 0)
[2025-11-30T15:30:47.558922+00:00] Core monitors bundle completed at 2025-11-30T15:30:47.558906+00:00 (successes=6, failures=0)
[2025-11-30T16:30:45.207822+00:00] ================================================================================
[2025-11-30T16:30:45.212913+00:00] Core monitors bundle run started at 2025-11-30T16:30:45.207788+00:00
[2025-11-30T16:30:45.216718+00:00] START: agents/absorption_runner_agent.py
[2025-11-30T16:30:48.993992+00:00] SUCCESS: agents/absorption_runner_agent.py (exit 0)
[2025-11-30T16:30:48.997448+00:00] START: agents/absorption_monitor_agent.py
[2025-11-30T16:30:50.585596+00:00] SUCCESS: agents/absorption_monitor_agent.py (exit 0)
[2025-11-30T16:30:50.588862+00:00] START: agents/geofence_sms_seed_agent.py
[2025-11-30T16:30:50.677783+00:00] SUCCESS: agents/geofence_sms_seed_agent.py (exit 0)
[2025-11-30T16:30:50.680761+00:00] START: agents/geofence_sms_monitor_agent.py
[2025-11-30T16:30:50.802608+00:00] SUCCESS: agents/geofence_sms_monitor_agent.py (exit 0)
[2025-11-30T16:30:50.805747+00:00] START: agents/gmail_activity_seed_agent.py
[2025-11-30T16:30:50.866771+00:00] SUCCESS: agents/gmail_activity_seed_agent.py (exit 0)
[2025-11-30T16:30:50.870228+00:00] START: agents/gmail_monitor_agent.py
[2025-11-30T16:30:50.967362+00:00] SUCCESS: agents/gmail_monitor_agent.py (exit 0)
[2025-11-30T16:30:50.970725+00:00] Core monitors bundle completed at 2025-11-30T16:30:50.970708+00:00 (successes=6, failures=0)
[2025-11-30T17:30:46.493564+00:00] ================================================================================
[2025-11-30T17:30:46.502475+00:00] Core monitors bundle run started at 2025-11-30T17:30:46.493518+00:00
[2025-11-30T17:30:46.506252+00:00] START: agents/absorption_runner_agent.py
[2025-11-30T17:30:50.423593+00:00] SUCCESS: agents/absorption_runner_agent.py (exit 0)
[2025-11-30T17:30:50.427026+00:00] START: agents/absorption_monitor_agent.py
[2025-11-30T17:30:51.808525+00:00] SUCCESS: agents/absorption_monitor_agent.py (exit 0)
[2025-11-30T17:30:51.811967+00:00] START: agents/geofence_sms_seed_agent.py
[2025-11-30T17:30:51.881263+00:00] SUCCESS: agents/geofence_sms_seed_agent.py (exit 0)
[2025-11-30T17:30:51.885274+00:00] START: agents/geofence_sms_monitor_agent.py
[2025-11-30T17:30:51.984015+00:00] SUCCESS: agents/geofence_sms_monitor_agent.py (exit 0)
[2025-11-30T17:30:51.987491+00:00] START: agents/gmail_activity_seed_agent.py
[2025-11-30T17:30:52.045730+00:00] SUCCESS: agents/gmail_activity_seed_agent.py (exit 0)
[2025-11-30T17:30:52.048086+00:00] START: agents/gmail_monitor_agent.py
[2025-11-30T17:30:52.158195+00:00] SUCCESS: agents/gmail_monitor_agent.py (exit 0)
[2025-11-30T17:30:52.162070+00:00] Core monitors bundle completed at 2025-11-30T17:30:52.162056+00:00 (successes=6, failures=0)
[2025-11-30T18:30:39.005741+00:00] ================================================================================
[2025-11-30T18:30:39.010470+00:00] Core monitors bundle run started at 2025-11-30T18:30:39.005699+00:00
[2025-11-30T18:30:39.014031+00:00] START: agents/absorption_runner_agent.py
[2025-11-30T18:30:42.834152+00:00] SUCCESS: agents/absorption_runner_agent.py (exit 0)
[2025-11-30T18:30:42.837584+00:00] START: agents/absorption_monitor_agent.py
[2025-11-30T18:30:44.601299+00:00] SUCCESS: agents/absorption_monitor_agent.py (exit 0)
[2025-11-30T18:30:44.604773+00:00] START: agents/geofence_sms_seed_agent.py
[2025-11-30T18:30:44.678486+00:00] SUCCESS: agents/geofence_sms_seed_agent.py (exit 0)
[2025-11-30T18:30:44.682085+00:00] START: agents/geofence_sms_monitor_agent.py
[2025-11-30T18:30:44.833527+00:00] SUCCESS: agents/geofence_sms_monitor_agent.py (exit 0)
[2025-11-30T18:30:44.837184+00:00] START: agents/gmail_activity_seed_agent.py
[2025-11-30T18:30:44.915575+00:00] SUCCESS: agents/gmail_activity_seed_agent.py (exit 0)
[2025-11-30T18:30:44.919030+00:00] START: agents/gmail_monitor_agent.py
[2025-11-30T18:30:45.020458+00:00] SUCCESS: agents/gmail_monitor_agent.py (exit 0)
[2025-11-30T18:30:45.023796+00:00] Core monitors bundle completed at 2025-11-30T18:30:45.023781+00:00 (successes=6, failures=0)
[2025-11-30T19:30:42.196336+00:00] ================================================================================
[2025-11-30T19:30:42.204465+00:00] Core monitors bundle run started at 2025-11-30T19:30:42.196278+00:00
[2025-11-30T19:30:42.209494+00:00] START: agents/absorption_runner_agent.py
[2025-11-30T19:30:46.099845+00:00] SUCCESS: agents/absorption_runner_agent.py (exit 0)
[2025-11-30T19:30:46.103275+00:00] START: agents/absorption_monitor_agent.py
[2025-11-30T19:30:47.384841+00:00] SUCCESS: agents/absorption_monitor_agent.py (exit 0)
[2025-11-30T19:30:47.388153+00:00] START: agents/geofence_sms_seed_agent.py
[2025-11-30T19:30:47.484478+00:00] SUCCESS: agents/geofence_sms_seed_agent.py (exit 0)
[2025-11-30T19:30:47.488092+00:00] START: agents/geofence_sms_monitor_agent.py
[2025-11-30T19:30:47.619846+00:00] SUCCESS: agents/geofence_sms_monitor_agent.py (exit 0)
[2025-11-30T19:30:47.623843+00:00] START: agents/gmail_activity_seed_agent.py
[2025-11-30T19:30:47.684245+00:00] SUCCESS: agents/gmail_activity_seed_agent.py (exit 0)
[2025-11-30T19:30:47.688345+00:00] START: agents/gmail_monitor_agent.py
[2025-11-30T19:30:47.789387+00:00] SUCCESS: agents/gmail_monitor_agent.py (exit 0)
[2025-11-30T19:30:47.792210+00:00] Core monitors bundle completed at 2025-11-30T19:30:47.792199+00:00 (successes=6, failures=0)
[2025-11-30T20:30:42.929542+00:00] ================================================================================
[2025-11-30T20:30:42.934492+00:00] Core monitors bundle run started at 2025-11-30T20:30:42.929507+00:00
[2025-11-30T20:30:42.939062+00:00] START: agents/absorption_runner_agent.py
[2025-11-30T20:30:46.625862+00:00] SUCCESS: agents/absorption_runner_agent.py (exit 0)
[2025-11-30T20:30:46.628896+00:00] START: agents/absorption_monitor_agent.py
[2025-11-30T20:30:48.582041+00:00] SUCCESS: agents/absorption_monitor_agent.py (exit 0)
[2025-11-30T20:30:48.585828+00:00] START: agents/geofence_sms_seed_agent.py
[2025-11-30T20:30:48.698507+00:00] SUCCESS: agents/geofence_sms_seed_agent.py (exit 0)
[2025-11-30T20:30:48.702492+00:00] START: agents/geofence_sms_monitor_agent.py
[2025-11-30T20:30:48.860082+00:00] SUCCESS: agents/geofence_sms_monitor_agent.py (exit 0)
[2025-11-30T20:30:48.863697+00:00] START: agents/gmail_activity_seed_agent.py
[2025-11-30T20:30:48.948502+00:00] SUCCESS: agents/gmail_activity_seed_agent.py (exit 0)
[2025-11-30T20:30:48.951987+00:00] START: agents/gmail_monitor_agent.py
[2025-11-30T20:30:49.107477+00:00] SUCCESS: agents/gmail_monitor_agent.py (exit 0)
[2025-11-30T20:30:49.110758+00:00] Core monitors bundle completed at 2025-11-30T20:30:49.110740+00:00 (successes=6, failures=0)
[2025-11-30T21:30:41.624916+00:00] ================================================================================
[2025-11-30T21:30:41.630010+00:00] Core monitors bundle run started at 2025-11-30T21:30:41.624873+00:00
[2025-11-30T21:30:41.633696+00:00] START: agents/absorption_runner_agent.py
[2025-11-30T21:30:45.041596+00:00] SUCCESS: agents/absorption_runner_agent.py (exit 0)
[2025-11-30T21:30:45.045068+00:00] START: agents/absorption_monitor_agent.py
[2025-11-30T21:30:46.385675+00:00] SUCCESS: agents/absorption_monitor_agent.py (exit 0)
[2025-11-30T21:30:46.389321+00:00] START: agents/geofence_sms_seed_agent.py
[2025-11-30T21:30:46.458494+00:00] SUCCESS: agents/geofence_sms_seed_agent.py (exit 0)
[2025-11-30T21:30:46.461793+00:00] START: agents/geofence_sms_monitor_agent.py
[2025-11-30T21:30:46.576499+00:00] SUCCESS: agents/geofence_sms_monitor_agent.py (exit 0)
[2025-11-30T21:30:46.580276+00:00] START: agents/gmail_activity_seed_agent.py
[2025-11-30T21:30:46.666129+00:00] SUCCESS: agents/gmail_activity_seed_agent.py (exit 0)
[2025-11-30T21:30:46.669762+00:00] START: agents/gmail_monitor_agent.py
[2025-11-30T21:30:46.804909+00:00] SUCCESS: agents/gmail_monitor_agent.py (exit 0)
[2025-11-30T21:30:46.808230+00:00] Core monitors bundle completed at 2025-11-30T21:30:46.808214+00:00 (successes=6, failures=0)
[2025-11-30T22:30:45.087543+00:00] ================================================================================
[2025-11-30T22:30:45.095489+00:00] Core monitors bundle run started at 2025-11-30T22:30:45.087503+00:00
[2025-11-30T22:30:45.099106+00:00] START: agents/absorption_runner_agent.py
[2025-11-30T22:30:49.660200+00:00] SUCCESS: agents/absorption_runner_agent.py (exit 0)
[2025-11-30T22:30:49.664802+00:00] START: agents/absorption_monitor_agent.py
[2025-11-30T22:30:52.002199+00:00] SUCCESS: agents/absorption_monitor_agent.py (exit 0)
[2025-11-30T22:30:52.006705+00:00] START: agents/geofence_sms_seed_agent.py
[2025-11-30T22:30:52.110362+00:00] SUCCESS: agents/geofence_sms_seed_agent.py (exit 0)
[2025-11-30T22:30:52.113672+00:00] START: agents/geofence_sms_monitor_agent.py
[2025-11-30T22:30:52.271670+00:00] SUCCESS: agents/geofence_sms_monitor_agent.py (exit 0)
[2025-11-30T22:30:52.277721+00:00] START: agents/gmail_activity_seed_agent.py
[2025-11-30T22:30:52.411732+00:00] SUCCESS: agents/gmail_activity_seed_agent.py (exit 0)
[2025-11-30T22:30:52.415163+00:00] START: agents/gmail_monitor_agent.py
[2025-11-30T22:30:52.546932+00:00] SUCCESS: agents/gmail_monitor_agent.py (exit 0)
[2025-11-30T22:30:52.550754+00:00] Core monitors bundle completed at 2025-11-30T22:30:52.550735+00:00 (successes=6, failures=0)
[2025-11-30T23:30:45.063688+00:00] ================================================================================
[2025-11-30T23:30:45.068451+00:00] Core monitors bundle run started at 2025-11-30T23:30:45.063650+00:00
[2025-11-30T23:30:45.076097+00:00] START: agents/absorption_runner_agent.py
[2025-11-30T23:30:49.013662+00:00] SUCCESS: agents/absorption_runner_agent.py (exit 0)
[2025-11-30T23:30:49.017348+00:00] START: agents/absorption_monitor_agent.py
[2025-11-30T23:30:51.094050+00:00] SUCCESS: agents/absorption_monitor_agent.py (exit 0)
[2025-11-30T23:30:51.097680+00:00] START: agents/geofence_sms_seed_agent.py
[2025-11-30T23:30:51.180691+00:00] SUCCESS: agents/geofence_sms_seed_agent.py (exit 0)
[2025-11-30T23:30:51.184081+00:00] START: agents/geofence_sms_monitor_agent.py
[2025-11-30T23:30:51.281719+00:00] SUCCESS: agents/geofence_sms_monitor_agent.py (exit 0)
[2025-11-30T23:30:51.285259+00:00] START: agents/gmail_activity_seed_agent.py
[2025-11-30T23:30:51.399798+00:00] SUCCESS: agents/gmail_activity_seed_agent.py (exit 0)
[2025-11-30T23:30:51.403749+00:00] START: agents/gmail_monitor_agent.py
[2025-11-30T23:30:51.561746+00:00] SUCCESS: agents/gmail_monitor_agent.py (exit 0)
[2025-11-30T23:30:51.565793+00:00] Core monitors bundle completed at 2025-11-30T23:30:51.565781+00:00 (successes=6, failures=0)
[2025-12-01T00:30:44.960027+00:00] ================================================================================
[2025-12-01T00:30:44.963690+00:00] Core monitors bundle run started at 2025-12-01T00:30:44.959991+00:00
[2025-12-01T00:30:44.969616+00:00] START: agents/absorption_runner_agent.py
[2025-12-01T00:30:48.372357+00:00] SUCCESS: agents/absorption_runner_agent.py (exit 0)
[2025-12-01T00:30:48.375420+00:00] START: agents/absorption_monitor_agent.py
[2025-12-01T00:30:49.710726+00:00] SUCCESS: agents/absorption_monitor_agent.py (exit 0)
[2025-12-01T00:30:49.714257+00:00] START: agents/geofence_sms_seed_agent.py
[2025-12-01T00:30:49.780086+00:00] SUCCESS: agents/geofence_sms_seed_agent.py (exit 0)
[2025-12-01T00:30:49.784072+00:00] START: agents/geofence_sms_monitor_agent.py
[2025-12-01T00:30:49.889611+00:00] SUCCESS: agents/geofence_sms_monitor_agent.py (exit 0)
[2025-12-01T00:30:49.893194+00:00] START: agents/gmail_activity_seed_agent.py
[2025-12-01T00:30:49.954232+00:00] SUCCESS: agents/gmail_activity_seed_agent.py (exit 0)
[2025-12-01T00:30:49.957335+00:00] START: agents/gmail_monitor_agent.py
[2025-12-01T00:30:50.059397+00:00] SUCCESS: agents/gmail_monitor_agent.py (exit 0)
[2025-12-01T00:30:50.063518+00:00] Core monitors bundle completed at 2025-12-01T00:30:50.063506+00:00 (successes=6, failures=0)
[2025-12-01T01:30:42.013338+00:00] ================================================================================
[2025-12-01T01:30:42.018622+00:00] Core monitors bundle run started at 2025-12-01T01:30:42.013305+00:00
[2025-12-01T01:30:42.022113+00:00] START: agents/absorption_runner_agent.py
[2025-12-01T01:30:44.748671+00:00] SUCCESS: agents/absorption_runner_agent.py (exit 0)
[2025-12-01T01:30:44.752350+00:00] START: agents/absorption_monitor_agent.py
[2025-12-01T01:30:46.432362+00:00] SUCCESS: agents/absorption_monitor_agent.py (exit 0)
[2025-12-01T01:30:46.436017+00:00] START: agents/geofence_sms_seed_agent.py
[2025-12-01T01:30:46.502407+00:00] SUCCESS: agents/geofence_sms_seed_agent.py (exit 0)
[2025-12-01T01:30:46.505875+00:00] START: agents/geofence_sms_monitor_agent.py
[2025-12-01T01:30:46.620318+00:00] SUCCESS: agents/geofence_sms_monitor_agent.py (exit 0)
[2025-12-01T01:30:46.623803+00:00] START: agents/gmail_activity_seed_agent.py
[2025-12-01T01:30:46.688006+00:00] SUCCESS: agents/gmail_activity_seed_agent.py (exit 0)
[2025-12-01T01:30:46.691521+00:00] START: agents/gmail_monitor_agent.py
[2025-12-01T01:30:46.799316+00:00] SUCCESS: agents/gmail_monitor_agent.py (exit 0)
[2025-12-01T01:30:46.802637+00:00] Core monitors bundle completed at 2025-12-01T01:30:46.802625+00:00 (successes=6, failures=0)
[2025-12-01T02:30:47.537074+00:00] ================================================================================
[2025-12-01T02:30:47.541142+00:00] Core monitors bundle run started at 2025-12-01T02:30:47.537036+00:00
[2025-12-01T02:30:47.545612+00:00] START: agents/absorption_runner_agent.py
[2025-12-01T02:30:52.234213+00:00] SUCCESS: agents/absorption_runner_agent.py (exit 0)
[2025-12-01T02:30:52.237649+00:00] START: agents/absorption_monitor_agent.py
[2025-12-01T02:30:53.866627+00:00] SUCCESS: agents/absorption_monitor_agent.py (exit 0)
[2025-12-01T02:30:53.870132+00:00] START: agents/geofence_sms_seed_agent.py
[2025-12-01T02:30:53.933049+00:00] SUCCESS: agents/geofence_sms_seed_agent.py (exit 0)
[2025-12-01T02:30:53.936601+00:00] START: agents/geofence_sms_monitor_agent.py
[2025-12-01T02:30:54.046209+00:00] SUCCESS: agents/geofence_sms_monitor_agent.py (exit 0)
[2025-12-01T02:30:54.049693+00:00] START: agents/gmail_activity_seed_agent.py
[2025-12-01T02:30:54.127206+00:00] SUCCESS: agents/gmail_activity_seed_agent.py (exit 0)
[2025-12-01T02:30:54.131785+00:00] START: agents/gmail_monitor_agent.py
[2025-12-01T02:30:54.268551+00:00] SUCCESS: agents/gmail_monitor_agent.py (exit 0)
[2025-12-01T02:30:54.272268+00:00] Core monitors bundle completed at 2025-12-01T02:30:54.272254+00:00 (successes=6, failures=0)
[2025-12-01T03:30:48.567416+00:00] ================================================================================
[2025-12-01T03:30:48.572968+00:00] Core monitors bundle run started at 2025-12-01T03:30:48.567382+00:00
[2025-12-01T03:30:48.576974+00:00] START: agents/absorption_runner_agent.py
[2025-12-01T03:30:53.877322+00:00] SUCCESS: agents/absorption_runner_agent.py (exit 0)
[2025-12-01T03:30:53.882130+00:00] START: agents/absorption_monitor_agent.py
[2025-12-01T03:30:55.797754+00:00] SUCCESS: agents/absorption_monitor_agent.py (exit 0)
[2025-12-01T03:30:55.801338+00:00] START: agents/geofence_sms_seed_agent.py
[2025-12-01T03:30:55.872670+00:00] SUCCESS: agents/geofence_sms_seed_agent.py (exit 0)
[2025-12-01T03:30:55.876391+00:00] START: agents/geofence_sms_monitor_agent.py
[2025-12-01T03:30:56.019254+00:00] SUCCESS: agents/geofence_sms_monitor_agent.py (exit 0)
[2025-12-01T03:30:56.023071+00:00] START: agents/gmail_activity_seed_agent.py
[2025-12-01T03:30:56.090654+00:00] SUCCESS: agents/gmail_activity_seed_agent.py (exit 0)
[2025-12-01T03:30:56.095104+00:00] START: agents/gmail_monitor_agent.py
[2025-12-01T03:30:56.220238+00:00] SUCCESS: agents/gmail_monitor_agent.py (exit 0)
[2025-12-01T03:30:56.222737+00:00] Core monitors bundle completed at 2025-12-01T03:30:56.222723+00:00 (successes=6, failures=0)
[2025-12-01T04:30:47.968045+00:00] ================================================================================
[2025-12-01T04:30:47.975469+00:00] Core monitors bundle run started at 2025-12-01T04:30:47.968009+00:00
[2025-12-01T04:30:47.979397+00:00] START: agents/absorption_runner_agent.py
[2025-12-01T04:30:53.001668+00:00] SUCCESS: agents/absorption_runner_agent.py (exit 0)
[2025-12-01T04:30:53.005036+00:00] START: agents/absorption_monitor_agent.py
[2025-12-01T04:30:55.749758+00:00] SUCCESS: agents/absorption_monitor_agent.py (exit 0)
[2025-12-01T04:30:55.754475+00:00] START: agents/geofence_sms_seed_agent.py
[2025-12-01T04:30:55.867974+00:00] SUCCESS: agents/geofence_sms_seed_agent.py (exit 0)
[2025-12-01T04:30:55.871664+00:00] START: agents/geofence_sms_monitor_agent.py
[2025-12-01T04:30:56.071678+00:00] SUCCESS: agents/geofence_sms_monitor_agent.py (exit 0)
[2025-12-01T04:30:56.075538+00:00] START: agents/gmail_activity_seed_agent.py
[2025-12-01T04:30:56.183905+00:00] SUCCESS: agents/gmail_activity_seed_agent.py (exit 0)
[2025-12-01T04:30:56.189467+00:00] START: agents/gmail_monitor_agent.py
[2025-12-01T04:30:56.362882+00:00] SUCCESS: agents/gmail_monitor_agent.py (exit 0)
[2025-12-01T04:30:56.367610+00:00] Core monitors bundle completed at 2025-12-01T04:30:56.367404+00:00 (successes=6, failures=0)
[2025-12-01T05:30:46.875368+00:00] ================================================================================
[2025-12-01T05:30:46.880059+00:00] Core monitors bundle run started at 2025-12-01T05:30:46.875328+00:00
[2025-12-01T05:30:46.883792+00:00] START: agents/absorption_runner_agent.py
[2025-12-01T05:30:51.630962+00:00] SUCCESS: agents/absorption_runner_agent.py (exit 0)
[2025-12-01T05:30:51.634068+00:00] START: agents/absorption_monitor_agent.py
[2025-12-01T05:30:53.814802+00:00] SUCCESS: agents/absorption_monitor_agent.py (exit 0)
[2025-12-01T05:30:53.818935+00:00] START: agents/geofence_sms_seed_agent.py
[2025-12-01T05:30:53.909227+00:00] SUCCESS: agents/geofence_sms_seed_agent.py (exit 0)
[2025-12-01T05:30:53.913614+00:00] START: agents/geofence_sms_monitor_agent.py
[2025-12-01T05:30:54.064136+00:00] SUCCESS: agents/geofence_sms_monitor_agent.py (exit 0)
[2025-12-01T05:30:54.067822+00:00] START: agents/gmail_activity_seed_agent.py
[2025-12-01T05:30:54.151572+00:00] SUCCESS: agents/gmail_activity_seed_agent.py (exit 0)
[2025-12-01T05:30:54.155981+00:00] START: agents/gmail_monitor_agent.py
[2025-12-01T05:30:54.347600+00:00] SUCCESS: agents/gmail_monitor_agent.py (exit 0)
[2025-12-01T05:30:54.351689+00:00] Core monitors bundle completed at 2025-12-01T05:30:54.351671+00:00 (successes=6, failures=0)
[2025-12-01T06:30:47.661902+00:00] ================================================================================
[2025-12-01T06:30:47.666720+00:00] Core monitors bundle run started at 2025-12-01T06:30:47.661867+00:00
[2025-12-01T06:30:47.671257+00:00] START: agents/absorption_runner_agent.py
[2025-12-01T06:30:52.914683+00:00] SUCCESS: agents/absorption_runner_agent.py (exit 0)
[2025-12-01T06:30:52.919113+00:00] START: agents/absorption_monitor_agent.py
[2025-12-01T06:30:55.536668+00:00] SUCCESS: agents/absorption_monitor_agent.py (exit 0)
[2025-12-01T06:30:55.539807+00:00] START: agents/geofence_sms_seed_agent.py
[2025-12-01T06:30:55.622588+00:00] SUCCESS: agents/geofence_sms_seed_agent.py (exit 0)
[2025-12-01T06:30:55.626871+00:00] START: agents/geofence_sms_monitor_agent.py
[2025-12-01T06:30:55.726471+00:00] SUCCESS: agents/geofence_sms_monitor_agent.py (exit 0)
[2025-12-01T06:30:55.729725+00:00] START: agents/gmail_activity_seed_agent.py
[2025-12-01T06:30:55.812825+00:00] SUCCESS: agents/gmail_activity_seed_agent.py (exit 0)
[2025-12-01T06:30:55.816072+00:00] START: agents/gmail_monitor_agent.py
[2025-12-01T06:30:55.952654+00:00] SUCCESS: agents/gmail_monitor_agent.py (exit 0)
[2025-12-01T06:30:55.956952+00:00] Core monitors bundle completed at 2025-12-01T06:30:55.956933+00:00 (successes=6, failures=0)
[2025-12-01T07:30:46.139025+00:00] ================================================================================
[2025-12-01T07:30:46.143527+00:00] Core monitors bundle run started at 2025-12-01T07:30:46.138971+00:00
[2025-12-01T07:30:46.148085+00:00] START: agents/absorption_runner_agent.py
[2025-12-01T07:30:51.458673+00:00] SUCCESS: agents/absorption_runner_agent.py (exit 0)
[2025-12-01T07:30:51.467475+00:00] START: agents/absorption_monitor_agent.py
[2025-12-01T07:30:53.880646+00:00] SUCCESS: agents/absorption_monitor_agent.py (exit 0)
[2025-12-01T07:30:53.885555+00:00] START: agents/geofence_sms_seed_agent.py
[2025-12-01T07:30:54.017773+00:00] SUCCESS: agents/geofence_sms_seed_agent.py (exit 0)
[2025-12-01T07:30:54.022826+00:00] START: agents/geofence_sms_monitor_agent.py
[2025-12-01T07:30:54.227494+00:00] SUCCESS: agents/geofence_sms_monitor_agent.py (exit 0)
[2025-12-01T07:30:54.231601+00:00] START: agents/gmail_activity_seed_agent.py
[2025-12-01T07:30:54.319893+00:00] SUCCESS: agents/gmail_activity_seed_agent.py (exit 0)
[2025-12-01T07:30:54.323487+00:00] START: agents/gmail_monitor_agent.py
[2025-12-01T07:30:54.465165+00:00] SUCCESS: agents/gmail_monitor_agent.py (exit 0)
[2025-12-01T07:30:54.470344+00:00] Core monitors bundle completed at 2025-12-01T07:30:54.470325+00:00 (successes=6, failures=0)
[2025-12-01T08:30:41.248469+00:00] ================================================================================
[2025-12-01T08:30:41.254184+00:00] Core monitors bundle run started at 2025-12-01T08:30:41.248416+00:00
[2025-12-01T08:30:41.257526+00:00] START: agents/absorption_runner_agent.py
[2025-12-01T08:30:44.551709+00:00] SUCCESS: agents/absorption_runner_agent.py (exit 0)
[2025-12-01T08:30:44.557649+00:00] START: agents/absorption_monitor_agent.py
[2025-12-01T08:30:46.008691+00:00] SUCCESS: agents/absorption_monitor_agent.py (exit 0)
[2025-12-01T08:30:46.012376+00:00] START: agents/geofence_sms_seed_agent.py
[2025-12-01T08:30:46.107604+00:00] SUCCESS: agents/geofence_sms_seed_agent.py (exit 0)
[2025-12-01T08:30:46.110779+00:00] START: agents/geofence_sms_monitor_agent.py
[2025-12-01T08:30:46.258783+00:00] SUCCESS: agents/geofence_sms_monitor_agent.py (exit 0)
[2025-12-01T08:30:46.262465+00:00] START: agents/gmail_activity_seed_agent.py
[2025-12-01T08:30:46.345554+00:00] SUCCESS: agents/gmail_activity_seed_agent.py (exit 0)
[2025-12-01T08:30:46.349448+00:00] START: agents/gmail_monitor_agent.py
[2025-12-01T08:30:46.473994+00:00] SUCCESS: agents/gmail_monitor_agent.py (exit 0)
[2025-12-01T08:30:46.477295+00:00] Core monitors bundle completed at 2025-12-01T08:30:46.477281+00:00 (successes=6, failures=0)
[2025-12-01T09:30:40.721997+00:00] ================================================================================
[2025-12-01T09:30:40.726462+00:00] Core monitors bundle run started at 2025-12-01T09:30:40.721966+00:00
[2025-12-01T09:30:40.729997+00:00] START: agents/absorption_runner_agent.py
[2025-12-01T09:30:45.351038+00:00] SUCCESS: agents/absorption_runner_agent.py (exit 0)
[2025-12-01T09:30:45.354852+00:00] START: agents/absorption_monitor_agent.py
[2025-12-01T09:30:47.018741+00:00] SUCCESS: agents/absorption_monitor_agent.py (exit 0)
[2025-12-01T09:30:47.022319+00:00] START: agents/geofence_sms_seed_agent.py
[2025-12-01T09:30:47.116604+00:00] SUCCESS: agents/geofence_sms_seed_agent.py (exit 0)
[2025-12-01T09:30:47.121084+00:00] START: agents/geofence_sms_monitor_agent.py
[2025-12-01T09:30:47.269141+00:00] SUCCESS: agents/geofence_sms_monitor_agent.py (exit 0)
[2025-12-01T09:30:47.272843+00:00] START: agents/gmail_activity_seed_agent.py
[2025-12-01T09:30:47.358306+00:00] SUCCESS: agents/gmail_activity_seed_agent.py (exit 0)
[2025-12-01T09:30:47.361990+00:00] START: agents/gmail_monitor_agent.py
[2025-12-01T09:30:47.492243+00:00] SUCCESS: agents/gmail_monitor_agent.py (exit 0)
[2025-12-01T09:30:47.495527+00:00] Core monitors bundle completed at 2025-12-01T09:30:47.495510+00:00 (successes=6, failures=0)
[2025-12-01T10:30:43.761933+00:00] ================================================================================
[2025-12-01T10:30:43.766951+00:00] Core monitors bundle run started at 2025-12-01T10:30:43.761894+00:00
[2025-12-01T10:30:43.772658+00:00] START: agents/absorption_runner_agent.py
[2025-12-01T10:30:48.313967+00:00] SUCCESS: agents/absorption_runner_agent.py (exit 0)
[2025-12-01T10:30:48.317690+00:00] START: agents/absorption_monitor_agent.py
[2025-12-01T10:30:49.717852+00:00] SUCCESS: agents/absorption_monitor_agent.py (exit 0)
[2025-12-01T10:30:49.721405+00:00] START: agents/geofence_sms_seed_agent.py
[2025-12-01T10:30:49.812391+00:00] SUCCESS: agents/geofence_sms_seed_agent.py (exit 0)
[2025-12-01T10:30:49.816086+00:00] START: agents/geofence_sms_monitor_agent.py
[2025-12-01T10:30:49.912593+00:00] SUCCESS: agents/geofence_sms_monitor_agent.py (exit 0)
[2025-12-01T10:30:49.916069+00:00] START: agents/gmail_activity_seed_agent.py
[2025-12-01T10:30:49.990787+00:00] SUCCESS: agents/gmail_activity_seed_agent.py (exit 0)
[2025-12-01T10:30:49.994208+00:00] START: agents/gmail_monitor_agent.py
[2025-12-01T10:30:50.125776+00:00] SUCCESS: agents/gmail_monitor_agent.py (exit 0)
[2025-12-01T10:30:50.128124+00:00] Core monitors bundle completed at 2025-12-01T10:30:50.128105+00:00 (successes=6, failures=0)
[2025-12-01T11:30:42.764326+00:00] ================================================================================
[2025-12-01T11:30:42.768851+00:00] Core monitors bundle run started at 2025-12-01T11:30:42.764291+00:00
[2025-12-01T11:30:42.772687+00:00] START: agents/absorption_runner_agent.py
[2025-12-01T11:30:45.742923+00:00] SUCCESS: agents/absorption_runner_agent.py (exit 0)
[2025-12-01T11:30:45.746387+00:00] START: agents/absorption_monitor_agent.py
[2025-12-01T11:30:47.541313+00:00] SUCCESS: agents/absorption_monitor_agent.py (exit 0)
[2025-12-01T11:30:47.544844+00:00] START: agents/geofence_sms_seed_agent.py
[2025-12-01T11:30:47.611645+00:00] SUCCESS: agents/geofence_sms_seed_agent.py (exit 0)
[2025-12-01T11:30:47.614965+00:00] START: agents/geofence_sms_monitor_agent.py
[2025-12-01T11:30:47.719141+00:00] SUCCESS: agents/geofence_sms_monitor_agent.py (exit 0)
[2025-12-01T11:30:47.722381+00:00] START: agents/gmail_activity_seed_agent.py
[2025-12-01T11:30:47.781355+00:00] SUCCESS: agents/gmail_activity_seed_agent.py (exit 0)
[2025-12-01T11:30:47.785223+00:00] START: agents/gmail_monitor_agent.py
[2025-12-01T11:30:47.890069+00:00] SUCCESS: agents/gmail_monitor_agent.py (exit 0)
[2025-12-01T11:30:47.893490+00:00] Core monitors bundle completed at 2025-12-01T11:30:47.893471+00:00 (successes=6, failures=0)
[2025-12-01T12:30:41.584285+00:00] ================================================================================
[2025-12-01T12:30:41.587977+00:00] Core monitors bundle run started at 2025-12-01T12:30:41.584253+00:00
[2025-12-01T12:30:41.592113+00:00] START: agents/absorption_runner_agent.py
[2025-12-01T12:30:46.150322+00:00] SUCCESS: agents/absorption_runner_agent.py (exit 0)
[2025-12-01T12:30:46.154391+00:00] START: agents/absorption_monitor_agent.py
[2025-12-01T12:30:47.595345+00:00] SUCCESS: agents/absorption_monitor_agent.py (exit 0)
[2025-12-01T12:30:47.598716+00:00] START: agents/geofence_sms_seed_agent.py
[2025-12-01T12:30:47.666254+00:00] SUCCESS: agents/geofence_sms_seed_agent.py (exit 0)
[2025-12-01T12:30:47.671248+00:00] START: agents/geofence_sms_monitor_agent.py
[2025-12-01T12:30:47.780336+00:00] SUCCESS: agents/geofence_sms_monitor_agent.py (exit 0)
[2025-12-01T12:30:47.784318+00:00] START: agents/gmail_activity_seed_agent.py
[2025-12-01T12:30:47.841222+00:00] SUCCESS: agents/gmail_activity_seed_agent.py (exit 0)
[2025-12-01T12:30:47.843748+00:00] START: agents/gmail_monitor_agent.py
[2025-12-01T12:30:47.966672+00:00] SUCCESS: agents/gmail_monitor_agent.py (exit 0)
[2025-12-01T12:30:47.972343+00:00] Core monitors bundle completed at 2025-12-01T12:30:47.972327+00:00 (successes=6, failures=0)
[2025-12-01T13:30:49.800069+00:00] ================================================================================
[2025-12-01T13:30:49.805319+00:00] Core monitors bundle run started at 2025-12-01T13:30:49.800028+00:00
[2025-12-01T13:30:49.809005+00:00] START: agents/absorption_runner_agent.py
[2025-12-01T13:30:54.509141+00:00] SUCCESS: agents/absorption_runner_agent.py (exit 0)
[2025-12-01T13:30:54.512722+00:00] START: agents/absorption_monitor_agent.py
[2025-12-01T13:30:56.387525+00:00] SUCCESS: agents/absorption_monitor_agent.py (exit 0)
[2025-12-01T13:30:56.391644+00:00] START: agents/geofence_sms_seed_agent.py
[2025-12-01T13:30:56.507690+00:00] SUCCESS: agents/geofence_sms_seed_agent.py (exit 0)
[2025-12-01T13:30:56.511655+00:00] START: agents/geofence_sms_monitor_agent.py
[2025-12-01T13:30:56.681331+00:00] SUCCESS: agents/geofence_sms_monitor_agent.py (exit 0)
[2025-12-01T13:30:56.685200+00:00] START: agents/gmail_activity_seed_agent.py
[2025-12-01T13:30:56.782776+00:00] SUCCESS: agents/gmail_activity_seed_agent.py (exit 0)
[2025-12-01T13:30:56.786645+00:00] START: agents/gmail_monitor_agent.py
[2025-12-01T13:30:56.985680+00:00] SUCCESS: agents/gmail_monitor_agent.py (exit 0)
[2025-12-01T13:30:56.989004+00:00] Core monitors bundle completed at 2025-12-01T13:30:56.988987+00:00 (successes=6, failures=0)
[2025-12-01T14:30:50.160969+00:00] ================================================================================
[2025-12-01T14:30:50.165691+00:00] Core monitors bundle run started at 2025-12-01T14:30:50.160936+00:00
[2025-12-01T14:30:50.169845+00:00] START: agents/absorption_runner_agent.py
[2025-12-01T14:30:56.105702+00:00] SUCCESS: agents/absorption_runner_agent.py (exit 0)
[2025-12-01T14:30:56.109588+00:00] START: agents/absorption_monitor_agent.py
[2025-12-01T14:30:58.601870+00:00] SUCCESS: agents/absorption_monitor_agent.py (exit 0)
[2025-12-01T14:30:58.605645+00:00] START: agents/geofence_sms_seed_agent.py
[2025-12-01T14:30:58.683756+00:00] SUCCESS: agents/geofence_sms_seed_agent.py (exit 0)
[2025-12-01T14:30:58.688808+00:00] START: agents/geofence_sms_monitor_agent.py
[2025-12-01T14:30:58.803731+00:00] SUCCESS: agents/geofence_sms_monitor_agent.py (exit 0)
[2025-12-01T14:30:58.808157+00:00] START: agents/gmail_activity_seed_agent.py
[2025-12-01T14:30:58.916471+00:00] SUCCESS: agents/gmail_activity_seed_agent.py (exit 0)
[2025-12-01T14:30:58.920759+00:00] START: agents/gmail_monitor_agent.py
[2025-12-01T14:30:59.076721+00:00] SUCCESS: agents/gmail_monitor_agent.py (exit 0)
[2025-12-01T14:30:59.079782+00:00] Core monitors bundle completed at 2025-12-01T14:30:59.079766+00:00 (successes=6, failures=0)
[2025-12-01T15:30:48.575564+00:00] ================================================================================
[2025-12-01T15:30:48.581810+00:00] Core monitors bundle run started at 2025-12-01T15:30:48.575529+00:00
[2025-12-01T15:30:48.585262+00:00] START: agents/absorption_runner_agent.py
[2025-12-01T15:30:51.663114+00:00] SUCCESS: agents/absorption_runner_agent.py (exit 0)
[2025-12-01T15:30:51.667489+00:00] START: agents/absorption_monitor_agent.py
[2025-12-01T15:30:53.438680+00:00] SUCCESS: agents/absorption_monitor_agent.py (exit 0)
[2025-12-01T15:30:53.442103+00:00] START: agents/geofence_sms_seed_agent.py
[2025-12-01T15:30:53.514586+00:00] SUCCESS: agents/geofence_sms_seed_agent.py (exit 0)
[2025-12-01T15:30:53.519063+00:00] START: agents/geofence_sms_monitor_agent.py
[2025-12-01T15:30:53.622404+00:00] SUCCESS: agents/geofence_sms_monitor_agent.py (exit 0)
[2025-12-01T15:30:53.625081+00:00] START: agents/gmail_activity_seed_agent.py
[2025-12-01T15:30:53.678549+00:00] SUCCESS: agents/gmail_activity_seed_agent.py (exit 0)
[2025-12-01T15:30:53.682770+00:00] START: agents/gmail_monitor_agent.py
[2025-12-01T15:30:53.804029+00:00] SUCCESS: agents/gmail_monitor_agent.py (exit 0)
[2025-12-01T15:30:53.807281+00:00] Core monitors bundle completed at 2025-12-01T15:30:53.807264+00:00 (successes=6, failures=0)
[2025-12-01T16:30:52.067068+00:00] ================================================================================
[2025-12-01T16:30:52.072870+00:00] Core monitors bundle run started at 2025-12-01T16:30:52.067028+00:00
[2025-12-01T16:30:52.079009+00:00] START: agents/absorption_runner_agent.py
[2025-12-01T16:30:57.578881+00:00] SUCCESS: agents/absorption_runner_agent.py (exit 0)
[2025-12-01T16:30:57.582170+00:00] START: agents/absorption_monitor_agent.py
[2025-12-01T16:30:59.024500+00:00] SUCCESS: agents/absorption_monitor_agent.py (exit 0)
[2025-12-01T16:30:59.028013+00:00] START: agents/geofence_sms_seed_agent.py
[2025-12-01T16:30:59.129558+00:00] SUCCESS: agents/geofence_sms_seed_agent.py (exit 0)
[2025-12-01T16:30:59.133190+00:00] START: agents/geofence_sms_monitor_agent.py
[2025-12-01T16:30:59.308632+00:00] SUCCESS: agents/geofence_sms_monitor_agent.py (exit 0)
[2025-12-01T16:30:59.312445+00:00] START: agents/gmail_activity_seed_agent.py
[2025-12-01T16:30:59.431713+00:00] SUCCESS: agents/gmail_activity_seed_agent.py (exit 0)
[2025-12-01T16:30:59.434912+00:00] START: agents/gmail_monitor_agent.py
[2025-12-01T16:30:59.655783+00:00] SUCCESS: agents/gmail_monitor_agent.py (exit 0)
[2025-12-01T16:30:59.659105+00:00] Core monitors bundle completed at 2025-12-01T16:30:59.659086+00:00 (successes=6, failures=0)
[2025-12-01T17:30:55.626092+00:00] ================================================================================
[2025-12-01T17:30:55.632482+00:00] Core monitors bundle run started at 2025-12-01T17:30:55.626059+00:00
[2025-12-01T17:30:55.639045+00:00] START: agents/absorption_runner_agent.py
[2025-12-01T17:31:01.226641+00:00] SUCCESS: agents/absorption_runner_agent.py (exit 0)
[2025-12-01T17:31:01.229995+00:00] START: agents/absorption_monitor_agent.py
[2025-12-01T17:31:04.588365+00:00] SUCCESS: agents/absorption_monitor_agent.py (exit 0)
[2025-12-01T17:31:04.592045+00:00] START: agents/geofence_sms_seed_agent.py
[2025-12-01T17:31:04.684198+00:00] SUCCESS: agents/geofence_sms_seed_agent.py (exit 0)
[2025-12-01T17:31:04.688568+00:00] START: agents/geofence_sms_monitor_agent.py
[2025-12-01T17:31:04.926385+00:00] SUCCESS: agents/geofence_sms_monitor_agent.py (exit 0)
[2025-12-01T17:31:04.931056+00:00] START: agents/gmail_activity_seed_agent.py
[2025-12-01T17:31:05.076720+00:00] SUCCESS: agents/gmail_activity_seed_agent.py (exit 0)
[2025-12-01T17:31:05.081513+00:00] START: agents/gmail_monitor_agent.py
[2025-12-01T17:31:05.333870+00:00] SUCCESS: agents/gmail_monitor_agent.py (exit 0)
[2025-12-01T17:31:05.337620+00:00] Core monitors bundle completed at 2025-12-01T17:31:05.337603+00:00 (successes=6, failures=0)
[2025-12-01T18:30:51.047107+00:00] ================================================================================
[2025-12-01T18:30:51.052055+00:00] Core monitors bundle run started at 2025-12-01T18:30:51.047071+00:00
[2025-12-01T18:30:51.055877+00:00] START: agents/absorption_runner_agent.py
[2025-12-01T18:30:56.382599+00:00] SUCCESS: agents/absorption_runner_agent.py (exit 0)
[2025-12-01T18:30:56.386594+00:00] START: agents/absorption_monitor_agent.py
[2025-12-01T18:30:58.925023+00:00] SUCCESS: agents/absorption_monitor_agent.py (exit 0)
[2025-12-01T18:30:58.929327+00:00] START: agents/geofence_sms_seed_agent.py
[2025-12-01T18:30:59.050674+00:00] SUCCESS: agents/geofence_sms_seed_agent.py (exit 0)
[2025-12-01T18:30:59.054504+00:00] START: agents/geofence_sms_monitor_agent.py
[2025-12-01T18:30:59.234364+00:00] SUCCESS: agents/geofence_sms_monitor_agent.py (exit 0)
[2025-12-01T18:30:59.242223+00:00] START: agents/gmail_activity_seed_agent.py
[2025-12-01T18:30:59.371132+00:00] SUCCESS: agents/gmail_activity_seed_agent.py (exit 0)
[2025-12-01T18:30:59.374496+00:00] START: agents/gmail_monitor_agent.py
[2025-12-01T18:30:59.570477+00:00] SUCCESS: agents/gmail_monitor_agent.py (exit 0)
[2025-12-01T18:30:59.574279+00:00] Core monitors bundle completed at 2025-12-01T18:30:59.574262+00:00 (successes=6, failures=0)
[2025-12-01T19:30:48.148989+00:00] ================================================================================
[2025-12-01T19:30:48.152444+00:00] Core monitors bundle run started at 2025-12-01T19:30:48.148951+00:00
[2025-12-01T19:30:48.156160+00:00] START: agents/absorption_runner_agent.py
[2025-12-01T19:30:53.851446+00:00] SUCCESS: agents/absorption_runner_agent.py (exit 0)
[2025-12-01T19:30:53.855984+00:00] START: agents/absorption_monitor_agent.py
[2025-12-01T19:30:56.974527+00:00] SUCCESS: agents/absorption_monitor_agent.py (exit 0)
[2025-12-01T19:30:56.981516+00:00] START: agents/geofence_sms_seed_agent.py
[2025-12-01T19:30:57.074668+00:00] SUCCESS: agents/geofence_sms_seed_agent.py (exit 0)
[2025-12-01T19:30:57.078339+00:00] START: agents/geofence_sms_monitor_agent.py
[2025-12-01T19:30:57.268583+00:00] SUCCESS: agents/geofence_sms_monitor_agent.py (exit 0)
[2025-12-01T19:30:57.272807+00:00] START: agents/gmail_activity_seed_agent.py
[2025-12-01T19:30:57.421175+00:00] SUCCESS: agents/gmail_activity_seed_agent.py (exit 0)
[2025-12-01T19:30:57.427501+00:00] START: agents/gmail_monitor_agent.py
[2025-12-01T19:30:57.580078+00:00] SUCCESS: agents/gmail_monitor_agent.py (exit 0)
[2025-12-01T19:30:57.582859+00:00] Core monitors bundle completed at 2025-12-01T19:30:57.582842+00:00 (successes=6, failures=0)
[2025-12-01T20:30:46.960831+00:00] ================================================================================
[2025-12-01T20:30:46.965439+00:00] Core monitors bundle run started at 2025-12-01T20:30:46.960791+00:00
[2025-12-01T20:30:46.972879+00:00] START: agents/absorption_runner_agent.py
[2025-12-01T20:30:51.576340+00:00] SUCCESS: agents/absorption_runner_agent.py (exit 0)
[2025-12-01T20:30:51.580031+00:00] START: agents/absorption_monitor_agent.py
[2025-12-01T20:30:53.396207+00:00] SUCCESS: agents/absorption_monitor_agent.py (exit 0)
[2025-12-01T20:30:53.401291+00:00] START: agents/geofence_sms_seed_agent.py
[2025-12-01T20:30:53.489456+00:00] SUCCESS: agents/geofence_sms_seed_agent.py (exit 0)
[2025-12-01T20:30:53.493846+00:00] START: agents/geofence_sms_monitor_agent.py
[2025-12-01T20:30:53.620975+00:00] SUCCESS: agents/geofence_sms_monitor_agent.py (exit 0)
[2025-12-01T20:30:53.624632+00:00] START: agents/gmail_activity_seed_agent.py
[2025-12-01T20:30:53.691639+00:00] SUCCESS: agents/gmail_activity_seed_agent.py (exit 0)
[2025-12-01T20:30:53.695121+00:00] START: agents/gmail_monitor_agent.py
[2025-12-01T20:30:53.800506+00:00] SUCCESS: agents/gmail_monitor_agent.py (exit 0)
[2025-12-01T20:30:53.803843+00:00] Core monitors bundle completed at 2025-12-01T20:30:53.803824+00:00 (successes=6, failures=0)
[2025-12-01T21:30:45.306501+00:00] ================================================================================
[2025-12-01T21:30:45.311551+00:00] Core monitors bundle run started at 2025-12-01T21:30:45.306461+00:00
[2025-12-01T21:30:45.315636+00:00] START: agents/absorption_runner_agent.py
[2025-12-01T21:30:50.153037+00:00] SUCCESS: agents/absorption_runner_agent.py (exit 0)
[2025-12-01T21:30:50.161711+00:00] START: agents/absorption_monitor_agent.py
[2025-12-01T21:30:51.739372+00:00] SUCCESS: agents/absorption_monitor_agent.py (exit 0)
[2025-12-01T21:30:51.742902+00:00] START: agents/geofence_sms_seed_agent.py
[2025-12-01T21:30:51.818209+00:00] SUCCESS: agents/geofence_sms_seed_agent.py (exit 0)
[2025-12-01T21:30:51.821286+00:00] START: agents/geofence_sms_monitor_agent.py
[2025-12-01T21:30:51.922926+00:00] SUCCESS: agents/geofence_sms_monitor_agent.py (exit 0)
[2025-12-01T21:30:51.926348+00:00] START: agents/gmail_activity_seed_agent.py
[2025-12-01T21:30:51.986492+00:00] SUCCESS: agents/gmail_activity_seed_agent.py (exit 0)
[2025-12-01T21:30:51.989740+00:00] START: agents/gmail_monitor_agent.py
[2025-12-01T21:30:52.113290+00:00] SUCCESS: agents/gmail_monitor_agent.py (exit 0)
[2025-12-01T21:30:52.116498+00:00] Core monitors bundle completed at 2025-12-01T21:30:52.116482+00:00 (successes=6, failures=0)
[2025-12-01T22:30:49.529564+00:00] ================================================================================
[2025-12-01T22:30:49.539467+00:00] Core monitors bundle run started at 2025-12-01T22:30:49.529525+00:00
[2025-12-01T22:30:49.543159+00:00] START: agents/absorption_runner_agent.py
[2025-12-01T22:30:54.777808+00:00] SUCCESS: agents/absorption_runner_agent.py (exit 0)
[2025-12-01T22:30:54.781713+00:00] START: agents/absorption_monitor_agent.py
[2025-12-01T22:30:56.833666+00:00] SUCCESS: agents/absorption_monitor_agent.py (exit 0)
[2025-12-01T22:30:56.838284+00:00] START: agents/geofence_sms_seed_agent.py
[2025-12-01T22:30:56.933523+00:00] SUCCESS: agents/geofence_sms_seed_agent.py (exit 0)
[2025-12-01T22:30:56.936417+00:00] START: agents/geofence_sms_monitor_agent.py
[2025-12-01T22:30:57.083635+00:00] SUCCESS: agents/geofence_sms_monitor_agent.py (exit 0)
[2025-12-01T22:30:57.086523+00:00] START: agents/gmail_activity_seed_agent.py
[2025-12-01T22:30:57.150218+00:00] SUCCESS: agents/gmail_activity_seed_agent.py (exit 0)
[2025-12-01T22:30:57.153798+00:00] START: agents/gmail_monitor_agent.py
[2025-12-01T22:30:57.263998+00:00] SUCCESS: agents/gmail_monitor_agent.py (exit 0)
[2025-12-01T22:30:57.267867+00:00] Core monitors bundle completed at 2025-12-01T22:30:57.267853+00:00 (successes=6, failures=0)
[2025-12-01T23:30:48.763599+00:00] ================================================================================
[2025-12-01T23:30:48.769057+00:00] Core monitors bundle run started at 2025-12-01T23:30:48.763566+00:00
[2025-12-01T23:30:48.773171+00:00] START: agents/absorption_runner_agent.py
[2025-12-01T23:30:53.647444+00:00] SUCCESS: agents/absorption_runner_agent.py (exit 0)
[2025-12-01T23:30:53.650871+00:00] START: agents/absorption_monitor_agent.py
[2025-12-01T23:30:55.368936+00:00] SUCCESS: agents/absorption_monitor_agent.py (exit 0)
[2025-12-01T23:30:55.372468+00:00] START: agents/geofence_sms_seed_agent.py
[2025-12-01T23:30:55.495863+00:00] SUCCESS: agents/geofence_sms_seed_agent.py (exit 0)
[2025-12-01T23:30:55.500265+00:00] START: agents/geofence_sms_monitor_agent.py
[2025-12-01T23:30:55.636238+00:00] SUCCESS: agents/geofence_sms_monitor_agent.py (exit 0)
[2025-12-01T23:30:55.640708+00:00] START: agents/gmail_activity_seed_agent.py
[2025-12-01T23:30:55.696285+00:00] SUCCESS: agents/gmail_activity_seed_agent.py (exit 0)
[2025-12-01T23:30:55.699782+00:00] START: agents/gmail_monitor_agent.py
[2025-12-01T23:30:55.848132+00:00] SUCCESS: agents/gmail_monitor_agent.py (exit 0)
[2025-12-01T23:30:55.851556+00:00] Core monitors bundle completed at 2025-12-01T23:30:55.851537+00:00 (successes=6, failures=0)
[2025-12-02T00:30:47.989157+00:00] ================================================================================
[2025-12-02T00:30:47.994152+00:00] Core monitors bundle run started at 2025-12-02T00:30:47.989123+00:00
[2025-12-02T00:30:47.999462+00:00] START: agents/absorption_runner_agent.py
[2025-12-02T00:30:52.381090+00:00] SUCCESS: agents/absorption_runner_agent.py (exit 0)
[2025-12-02T00:30:52.384758+00:00] START: agents/absorption_monitor_agent.py
[2025-12-02T00:30:53.675054+00:00] SUCCESS: agents/absorption_monitor_agent.py (exit 0)
[2025-12-02T00:30:53.678738+00:00] START: agents/geofence_sms_seed_agent.py
[2025-12-02T00:30:53.743648+00:00] SUCCESS: agents/geofence_sms_seed_agent.py (exit 0)
[2025-12-02T00:30:53.747165+00:00] START: agents/geofence_sms_monitor_agent.py
[2025-12-02T00:30:53.845532+00:00] SUCCESS: agents/geofence_sms_monitor_agent.py (exit 0)
[2025-12-02T00:30:53.848374+00:00] START: agents/gmail_activity_seed_agent.py
[2025-12-02T00:30:53.902685+00:00] SUCCESS: agents/gmail_activity_seed_agent.py (exit 0)
[2025-12-02T00:30:53.906751+00:00] START: agents/gmail_monitor_agent.py
[2025-12-02T00:30:54.005248+00:00] SUCCESS: agents/gmail_monitor_agent.py (exit 0)
[2025-12-02T00:30:54.008791+00:00] Core monitors bundle completed at 2025-12-02T00:30:54.008770+00:00 (successes=6, failures=0)
[2025-12-02T01:30:45.003123+00:00] ================================================================================
[2025-12-02T01:30:45.006589+00:00] Core monitors bundle run started at 2025-12-02T01:30:45.003091+00:00
[2025-12-02T01:30:45.010512+00:00] START: agents/absorption_runner_agent.py
[2025-12-02T01:30:49.129370+00:00] SUCCESS: agents/absorption_runner_agent.py (exit 0)
[2025-12-02T01:30:49.132890+00:00] START: agents/absorption_monitor_agent.py
[2025-12-02T01:30:50.941209+00:00] SUCCESS: agents/absorption_monitor_agent.py (exit 0)
[2025-12-02T01:30:50.945715+00:00] START: agents/geofence_sms_seed_agent.py
[2025-12-02T01:30:51.009665+00:00] SUCCESS: agents/geofence_sms_seed_agent.py (exit 0)
[2025-12-02T01:30:51.012964+00:00] START: agents/geofence_sms_monitor_agent.py
[2025-12-02T01:30:51.110499+00:00] SUCCESS: agents/geofence_sms_monitor_agent.py (exit 0)
[2025-12-02T01:30:51.113221+00:00] START: agents/gmail_activity_seed_agent.py
[2025-12-02T01:30:51.168707+00:00] SUCCESS: agents/gmail_activity_seed_agent.py (exit 0)
[2025-12-02T01:30:51.172120+00:00] START: agents/gmail_monitor_agent.py
[2025-12-02T01:30:51.265725+00:00] SUCCESS: agents/gmail_monitor_agent.py (exit 0)
[2025-12-02T01:30:51.269192+00:00] Core monitors bundle completed at 2025-12-02T01:30:51.269182+00:00 (successes=6, failures=0)
[2025-12-02T02:30:47.874556+00:00] ================================================================================
[2025-12-02T02:30:47.878065+00:00] Core monitors bundle run started at 2025-12-02T02:30:47.874516+00:00
[2025-12-02T02:30:47.882800+00:00] START: agents/absorption_runner_agent.py
[2025-12-02T02:30:52.891110+00:00] SUCCESS: agents/absorption_runner_agent.py (exit 0)
[2025-12-02T02:30:52.893939+00:00] START: agents/absorption_monitor_agent.py
[2025-12-02T02:30:54.677155+00:00] SUCCESS: agents/absorption_monitor_agent.py (exit 0)
[2025-12-02T02:30:54.680829+00:00] START: agents/geofence_sms_seed_agent.py
[2025-12-02T02:30:54.751605+00:00] SUCCESS: agents/geofence_sms_seed_agent.py (exit 0)
[2025-12-02T02:30:54.755148+00:00] START: agents/geofence_sms_monitor_agent.py
[2025-12-02T02:30:54.877458+00:00] SUCCESS: agents/geofence_sms_monitor_agent.py (exit 0)
[2025-12-02T02:30:54.882048+00:00] START: agents/gmail_activity_seed_agent.py
[2025-12-02T02:30:54.946960+00:00] SUCCESS: agents/gmail_activity_seed_agent.py (exit 0)
[2025-12-02T02:30:54.951929+00:00] START: agents/gmail_monitor_agent.py
[2025-12-02T02:30:55.098458+00:00] SUCCESS: agents/gmail_monitor_agent.py (exit 0)
[2025-12-02T02:30:55.104739+00:00] Core monitors bundle completed at 2025-12-02T02:30:55.104720+00:00 (successes=6, failures=0)
[2025-12-02T03:30:49.309014+00:00] ================================================================================
[2025-12-02T03:30:49.313465+00:00] Core monitors bundle run started at 2025-12-02T03:30:49.308977+00:00
[2025-12-02T03:30:49.317785+00:00] START: agents/absorption_runner_agent.py
[2025-12-02T03:30:54.994571+00:00] SUCCESS: agents/absorption_runner_agent.py (exit 0)
[2025-12-02T03:30:55.000019+00:00] START: agents/absorption_monitor_agent.py
[2025-12-02T03:30:57.605401+00:00] SUCCESS: agents/absorption_monitor_agent.py (exit 0)
[2025-12-02T03:30:57.610362+00:00] START: agents/geofence_sms_seed_agent.py
[2025-12-02T03:30:57.683387+00:00] SUCCESS: agents/geofence_sms_seed_agent.py (exit 0)
[2025-12-02T03:30:57.688711+00:00] START: agents/geofence_sms_monitor_agent.py
[2025-12-02T03:30:57.862553+00:00] SUCCESS: agents/geofence_sms_monitor_agent.py (exit 0)
[2025-12-02T03:30:57.866448+00:00] START: agents/gmail_activity_seed_agent.py
[2025-12-02T03:30:57.938852+00:00] SUCCESS: agents/gmail_activity_seed_agent.py (exit 0)
[2025-12-02T03:30:57.942312+00:00] START: agents/gmail_monitor_agent.py
[2025-12-02T03:30:58.083304+00:00] SUCCESS: agents/gmail_monitor_agent.py (exit 0)
[2025-12-02T03:30:58.086948+00:00] Core monitors bundle completed at 2025-12-02T03:30:58.086931+00:00 (successes=6, failures=0)
[2025-12-02T04:30:49.816135+00:00] ================================================================================
[2025-12-02T04:30:49.821107+00:00] Core monitors bundle run started at 2025-12-02T04:30:49.816078+00:00
[2025-12-02T04:30:49.827844+00:00] START: agents/absorption_runner_agent.py
[2025-12-02T04:30:55.348406+00:00] SUCCESS: agents/absorption_runner_agent.py (exit 0)
[2025-12-02T04:30:55.352047+00:00] START: agents/absorption_monitor_agent.py
[2025-12-02T04:30:57.951667+00:00] SUCCESS: agents/absorption_monitor_agent.py (exit 0)
[2025-12-02T04:30:57.959993+00:00] START: agents/geofence_sms_seed_agent.py
[2025-12-02T04:30:58.155251+00:00] SUCCESS: agents/geofence_sms_seed_agent.py (exit 0)
[2025-12-02T04:30:58.163731+00:00] START: agents/geofence_sms_monitor_agent.py
[2025-12-02T04:30:58.358542+00:00] SUCCESS: agents/geofence_sms_monitor_agent.py (exit 0)
[2025-12-02T04:30:58.364761+00:00] START: agents/gmail_activity_seed_agent.py
[2025-12-02T04:30:58.460234+00:00] SUCCESS: agents/gmail_activity_seed_agent.py (exit 0)
[2025-12-02T04:30:58.464004+00:00] START: agents/gmail_monitor_agent.py
[2025-12-02T04:30:58.681741+00:00] SUCCESS: agents/gmail_monitor_agent.py (exit 0)
[2025-12-02T04:30:58.685234+00:00] Core monitors bundle completed at 2025-12-02T04:30:58.685217+00:00 (successes=6, failures=0)
[2025-12-02T05:30:47.282801+00:00] ================================================================================
[2025-12-02T05:30:47.288464+00:00] Core monitors bundle run started at 2025-12-02T05:30:47.282767+00:00
[2025-12-02T05:30:47.292165+00:00] START: agents/absorption_runner_agent.py
[2025-12-02T05:30:52.587975+00:00] SUCCESS: agents/absorption_runner_agent.py (exit 0)
[2025-12-02T05:30:52.592267+00:00] START: agents/absorption_monitor_agent.py
[2025-12-02T05:30:54.837851+00:00] SUCCESS: agents/absorption_monitor_agent.py (exit 0)
[2025-12-02T05:30:54.841991+00:00] START: agents/geofence_sms_seed_agent.py
[2025-12-02T05:30:54.939674+00:00] SUCCESS: agents/geofence_sms_seed_agent.py (exit 0)
[2025-12-02T05:30:54.943247+00:00] START: agents/geofence_sms_monitor_agent.py
[2025-12-02T05:30:55.132512+00:00] SUCCESS: agents/geofence_sms_monitor_agent.py (exit 0)
[2025-12-02T05:30:55.137854+00:00] START: agents/gmail_activity_seed_agent.py
[2025-12-02T05:30:55.238051+00:00] SUCCESS: agents/gmail_activity_seed_agent.py (exit 0)
[2025-12-02T05:30:55.242327+00:00] START: agents/gmail_monitor_agent.py
[2025-12-02T05:30:55.446753+00:00] SUCCESS: agents/gmail_monitor_agent.py (exit 0)
[2025-12-02T05:30:55.450154+00:00] Core monitors bundle completed at 2025-12-02T05:30:55.450133+00:00 (successes=6, failures=0)
[2025-12-02T06:30:50.024712+00:00] ================================================================================
[2025-12-02T06:30:50.031746+00:00] Core monitors bundle run started at 2025-12-02T06:30:50.024666+00:00
[2025-12-02T06:30:50.035558+00:00] START: agents/absorption_runner_agent.py
[2025-12-02T06:30:56.228464+00:00] SUCCESS: agents/absorption_runner_agent.py (exit 0)
[2025-12-02T06:30:56.232072+00:00] START: agents/absorption_monitor_agent.py
[2025-12-02T06:30:59.014646+00:00] SUCCESS: agents/absorption_monitor_agent.py (exit 0)
[2025-12-02T06:30:59.019075+00:00] START: agents/geofence_sms_seed_agent.py
[2025-12-02T06:30:59.158528+00:00] SUCCESS: agents/geofence_sms_seed_agent.py (exit 0)
[2025-12-02T06:30:59.162801+00:00] START: agents/geofence_sms_monitor_agent.py
[2025-12-02T06:30:59.415966+00:00] SUCCESS: agents/geofence_sms_monitor_agent.py (exit 0)
[2025-12-02T06:30:59.422481+00:00] START: agents/gmail_activity_seed_agent.py
[2025-12-02T06:30:59.541883+00:00] SUCCESS: agents/gmail_activity_seed_agent.py (exit 0)
[2025-12-02T06:30:59.546089+00:00] START: agents/gmail_monitor_agent.py
[2025-12-02T06:30:59.740696+00:00] SUCCESS: agents/gmail_monitor_agent.py (exit 0)
[2025-12-02T06:30:59.745688+00:00] Core monitors bundle completed at 2025-12-02T06:30:59.745668+00:00 (successes=6, failures=0)
[2025-12-02T07:30:44.817338+00:00] ================================================================================
[2025-12-02T07:30:44.820907+00:00] Core monitors bundle run started at 2025-12-02T07:30:44.817301+00:00
[2025-12-02T07:30:44.824953+00:00] START: agents/absorption_runner_agent.py
[2025-12-02T07:30:49.878303+00:00] SUCCESS: agents/absorption_runner_agent.py (exit 0)
[2025-12-02T07:30:49.882053+00:00] START: agents/absorption_monitor_agent.py
[2025-12-02T07:30:52.060854+00:00] SUCCESS: agents/absorption_monitor_agent.py (exit 0)
[2025-12-02T07:30:52.064329+00:00] START: agents/geofence_sms_seed_agent.py
[2025-12-02T07:30:52.135092+00:00] SUCCESS: agents/geofence_sms_seed_agent.py (exit 0)
[2025-12-02T07:30:52.138895+00:00] START: agents/geofence_sms_monitor_agent.py
[2025-12-02T07:30:52.265762+00:00] SUCCESS: agents/geofence_sms_monitor_agent.py (exit 0)
[2025-12-02T07:30:52.269345+00:00] START: agents/gmail_activity_seed_agent.py
[2025-12-02T07:30:52.360891+00:00] SUCCESS: agents/gmail_activity_seed_agent.py (exit 0)
[2025-12-02T07:30:52.364471+00:00] START: agents/gmail_monitor_agent.py
[2025-12-02T07:30:52.496751+00:00] SUCCESS: agents/gmail_monitor_agent.py (exit 0)
[2025-12-02T07:30:52.501023+00:00] Core monitors bundle completed at 2025-12-02T07:30:52.501010+00:00 (successes=6, failures=0)
[2025-12-02T08:30:44.064648+00:00] ================================================================================
[2025-12-02T08:30:44.071470+00:00] Core monitors bundle run started at 2025-12-02T08:30:44.064616+00:00
[2025-12-02T08:30:44.076577+00:00] START: agents/absorption_runner_agent.py
[2025-12-02T08:30:49.000781+00:00] SUCCESS: agents/absorption_runner_agent.py (exit 0)
[2025-12-02T08:30:49.004281+00:00] START: agents/absorption_monitor_agent.py
[2025-12-02T08:30:50.549262+00:00] SUCCESS: agents/absorption_monitor_agent.py (exit 0)
[2025-12-02T08:30:50.551732+00:00] START: agents/geofence_sms_seed_agent.py
[2025-12-02T08:30:50.623058+00:00] SUCCESS: agents/geofence_sms_seed_agent.py (exit 0)
[2025-12-02T08:30:50.626694+00:00] START: agents/geofence_sms_monitor_agent.py
[2025-12-02T08:30:50.745218+00:00] SUCCESS: agents/geofence_sms_monitor_agent.py (exit 0)
[2025-12-02T08:30:50.747174+00:00] START: agents/gmail_activity_seed_agent.py
[2025-12-02T08:30:50.809959+00:00] SUCCESS: agents/gmail_activity_seed_agent.py (exit 0)
[2025-12-02T08:30:50.811670+00:00] START: agents/gmail_monitor_agent.py
[2025-12-02T08:30:50.902543+00:00] SUCCESS: agents/gmail_monitor_agent.py (exit 0)
[2025-12-02T08:30:50.905411+00:00] Core monitors bundle completed at 2025-12-02T08:30:50.905399+00:00 (successes=6, failures=0)
[2025-12-02T09:30:44.309515+00:00] ================================================================================
[2025-12-02T09:30:44.314994+00:00] Core monitors bundle run started at 2025-12-02T09:30:44.309449+00:00
[2025-12-02T09:30:44.320575+00:00] START: agents/absorption_runner_agent.py
[2025-12-02T09:30:49.221631+00:00] SUCCESS: agents/absorption_runner_agent.py (exit 0)
[2025-12-02T09:30:49.225464+00:00] START: agents/absorption_monitor_agent.py
[2025-12-02T09:30:51.493642+00:00] SUCCESS: agents/absorption_monitor_agent.py (exit 0)
[2025-12-02T09:30:51.497376+00:00] START: agents/geofence_sms_seed_agent.py
[2025-12-02T09:30:51.601566+00:00] SUCCESS: agents/geofence_sms_seed_agent.py (exit 0)
[2025-12-02T09:30:51.605777+00:00] START: agents/geofence_sms_monitor_agent.py
[2025-12-02T09:30:51.858678+00:00] SUCCESS: agents/geofence_sms_monitor_agent.py (exit 0)
[2025-12-02T09:30:51.862304+00:00] START: agents/gmail_activity_seed_agent.py
[2025-12-02T09:30:51.966301+00:00] SUCCESS: agents/gmail_activity_seed_agent.py (exit 0)
[2025-12-02T09:30:51.970221+00:00] START: agents/gmail_monitor_agent.py
[2025-12-02T09:30:52.125071+00:00] SUCCESS: agents/gmail_monitor_agent.py (exit 0)
[2025-12-02T09:30:52.127875+00:00] Core monitors bundle completed at 2025-12-02T09:30:52.127858+00:00 (successes=6, failures=0)
[2025-12-02T10:30:42.613046+00:00] ================================================================================
[2025-12-02T10:30:42.618740+00:00] Core monitors bundle run started at 2025-12-02T10:30:42.613008+00:00
[2025-12-02T10:30:42.621710+00:00] START: agents/absorption_runner_agent.py
[2025-12-02T10:30:47.528450+00:00] SUCCESS: agents/absorption_runner_agent.py (exit 0)
[2025-12-02T10:30:47.531996+00:00] START: agents/absorption_monitor_agent.py
[2025-12-02T10:30:49.012686+00:00] SUCCESS: agents/absorption_monitor_agent.py (exit 0)
[2025-12-02T10:30:49.016377+00:00] START: agents/geofence_sms_seed_agent.py
[2025-12-02T10:30:49.095605+00:00] SUCCESS: agents/geofence_sms_seed_agent.py (exit 0)
[2025-12-02T10:30:49.099180+00:00] START: agents/geofence_sms_monitor_agent.py
[2025-12-02T10:30:49.205818+00:00] SUCCESS: agents/geofence_sms_monitor_agent.py (exit 0)
[2025-12-02T10:30:49.208964+00:00] START: agents/gmail_activity_seed_agent.py
[2025-12-02T10:30:49.270613+00:00] SUCCESS: agents/gmail_activity_seed_agent.py (exit 0)
[2025-12-02T10:30:49.274495+00:00] START: agents/gmail_monitor_agent.py
[2025-12-02T10:30:49.384176+00:00] SUCCESS: agents/gmail_monitor_agent.py (exit 0)
[2025-12-02T10:30:49.387387+00:00] Core monitors bundle completed at 2025-12-02T10:30:49.387369+00:00 (successes=6, failures=0)
[2025-12-02T11:30:44.139534+00:00] ================================================================================
[2025-12-02T11:30:44.144507+00:00] Core monitors bundle run started at 2025-12-02T11:30:44.139498+00:00
[2025-12-02T11:30:44.148737+00:00] START: agents/absorption_runner_agent.py
[2025-12-02T11:30:48.471187+00:00] SUCCESS: agents/absorption_runner_agent.py (exit 0)
[2025-12-02T11:30:48.474845+00:00] START: agents/absorption_monitor_agent.py
[2025-12-02T11:30:50.267737+00:00] SUCCESS: agents/absorption_monitor_agent.py (exit 0)
[2025-12-02T11:30:50.271326+00:00] START: agents/geofence_sms_seed_agent.py
[2025-12-02T11:30:50.367975+00:00] SUCCESS: agents/geofence_sms_seed_agent.py (exit 0)
[2025-12-02T11:30:50.371882+00:00] START: agents/geofence_sms_monitor_agent.py
[2025-12-02T11:30:50.527393+00:00] SUCCESS: agents/geofence_sms_monitor_agent.py (exit 0)
[2025-12-02T11:30:50.530912+00:00] START: agents/gmail_activity_seed_agent.py
[2025-12-02T11:30:50.627300+00:00] SUCCESS: agents/gmail_activity_seed_agent.py (exit 0)
[2025-12-02T11:30:50.631035+00:00] START: agents/gmail_monitor_agent.py
[2025-12-02T11:30:50.802027+00:00] SUCCESS: agents/gmail_monitor_agent.py (exit 0)
[2025-12-02T11:30:50.805370+00:00] Core monitors bundle completed at 2025-12-02T11:30:50.805353+00:00 (successes=6, failures=0)
[2025-12-02T12:30:42.161453+00:00] ================================================================================
[2025-12-02T12:30:42.166462+00:00] Core monitors bundle run started at 2025-12-02T12:30:42.161401+00:00
[2025-12-02T12:30:42.170290+00:00] START: agents/absorption_runner_agent.py
[2025-12-02T12:30:47.252792+00:00] SUCCESS: agents/absorption_runner_agent.py (exit 0)
[2025-12-02T12:30:47.255561+00:00] START: agents/absorption_monitor_agent.py
[2025-12-02T12:30:49.740740+00:00] SUCCESS: agents/absorption_monitor_agent.py (exit 0)
[2025-12-02T12:30:49.743682+00:00] START: agents/geofence_sms_seed_agent.py
[2025-12-02T12:30:49.833629+00:00] SUCCESS: agents/geofence_sms_seed_agent.py (exit 0)
[2025-12-02T12:30:49.837173+00:00] START: agents/geofence_sms_monitor_agent.py
[2025-12-02T12:30:49.962690+00:00] SUCCESS: agents/geofence_sms_monitor_agent.py (exit 0)
[2025-12-02T12:30:49.966074+00:00] START: agents/gmail_activity_seed_agent.py
[2025-12-02T12:30:50.028717+00:00] SUCCESS: agents/gmail_activity_seed_agent.py (exit 0)
[2025-12-02T12:30:50.032042+00:00] START: agents/gmail_monitor_agent.py
[2025-12-02T12:30:50.152674+00:00] SUCCESS: agents/gmail_monitor_agent.py (exit 0)
[2025-12-02T12:30:50.155896+00:00] Core monitors bundle completed at 2025-12-02T12:30:50.155883+00:00 (successes=6, failures=0)
[2025-12-02T13:30:51.543284+00:00] ================================================================================
[2025-12-02T13:30:51.548373+00:00] Core monitors bundle run started at 2025-12-02T13:30:51.543247+00:00
[2025-12-02T13:30:51.552049+00:00] START: agents/absorption_runner_agent.py
[2025-12-02T13:30:57.012456+00:00] SUCCESS: agents/absorption_runner_agent.py (exit 0)
[2025-12-02T13:30:57.015466+00:00] START: agents/absorption_monitor_agent.py
[2025-12-02T13:30:59.589291+00:00] SUCCESS: agents/absorption_monitor_agent.py (exit 0)
[2025-12-02T13:30:59.593065+00:00] START: agents/geofence_sms_seed_agent.py
[2025-12-02T13:30:59.661317+00:00] SUCCESS: agents/geofence_sms_seed_agent.py (exit 0)
[2025-12-02T13:30:59.664853+00:00] START: agents/geofence_sms_monitor_agent.py
[2025-12-02T13:30:59.797790+00:00] SUCCESS: agents/geofence_sms_monitor_agent.py (exit 0)
[2025-12-02T13:30:59.801208+00:00] START: agents/gmail_activity_seed_agent.py
[2025-12-02T13:30:59.855619+00:00] SUCCESS: agents/gmail_activity_seed_agent.py (exit 0)
[2025-12-02T13:30:59.858625+00:00] START: agents/gmail_monitor_agent.py
[2025-12-02T13:30:59.953000+00:00] SUCCESS: agents/gmail_monitor_agent.py (exit 0)
[2025-12-02T13:30:59.956726+00:00] Core monitors bundle completed at 2025-12-02T13:30:59.956709+00:00 (successes=6, failures=0)
[2025-12-02T14:30:45.073107+00:00] ================================================================================
[2025-12-02T14:30:45.078977+00:00] Core monitors bundle run started at 2025-12-02T14:30:45.073071+00:00
[2025-12-02T14:30:45.084901+00:00] START: agents/absorption_runner_agent.py
[2025-12-02T14:30:49.316417+00:00] SUCCESS: agents/absorption_runner_agent.py (exit 0)
[2025-12-02T14:30:49.320924+00:00] START: agents/absorption_monitor_agent.py
[2025-12-02T14:30:52.105014+00:00] SUCCESS: agents/absorption_monitor_agent.py (exit 0)
[2025-12-02T14:30:52.108794+00:00] START: agents/geofence_sms_seed_agent.py
[2025-12-02T14:30:52.292777+00:00] SUCCESS: agents/geofence_sms_seed_agent.py (exit 0)
[2025-12-02T14:30:52.297684+00:00] START: agents/geofence_sms_monitor_agent.py
[2025-12-02T14:30:52.570645+00:00] SUCCESS: agents/geofence_sms_monitor_agent.py (exit 0)
[2025-12-02T14:30:52.577665+00:00] START: agents/gmail_activity_seed_agent.py
[2025-12-02T14:30:52.694222+00:00] SUCCESS: agents/gmail_activity_seed_agent.py (exit 0)
[2025-12-02T14:30:52.697891+00:00] START: agents/gmail_monitor_agent.py
[2025-12-02T14:30:52.901889+00:00] SUCCESS: agents/gmail_monitor_agent.py (exit 0)
[2025-12-02T14:30:52.904940+00:00] Core monitors bundle completed at 2025-12-02T14:30:52.904921+00:00 (successes=6, failures=0)
[2025-12-02T15:30:48.534132+00:00] ================================================================================
[2025-12-02T15:30:48.542274+00:00] Core monitors bundle run started at 2025-12-02T15:30:48.534094+00:00
[2025-12-02T15:30:48.547786+00:00] START: agents/absorption_runner_agent.py
[2025-12-02T15:30:51.620240+00:00] SUCCESS: agents/absorption_runner_agent.py (exit 0)
[2025-12-02T15:30:51.623786+00:00] START: agents/absorption_monitor_agent.py
[2025-12-02T15:30:53.106476+00:00] SUCCESS: agents/absorption_monitor_agent.py (exit 0)
[2025-12-02T15:30:53.110208+00:00] START: agents/geofence_sms_seed_agent.py
[2025-12-02T15:30:53.173171+00:00] SUCCESS: agents/geofence_sms_seed_agent.py (exit 0)
[2025-12-02T15:30:53.176213+00:00] START: agents/geofence_sms_monitor_agent.py
[2025-12-02T15:30:53.284161+00:00] SUCCESS: agents/geofence_sms_monitor_agent.py (exit 0)
[2025-12-02T15:30:53.287085+00:00] START: agents/gmail_activity_seed_agent.py
[2025-12-02T15:30:53.363913+00:00] SUCCESS: agents/gmail_activity_seed_agent.py (exit 0)
[2025-12-02T15:30:53.367399+00:00] START: agents/gmail_monitor_agent.py
[2025-12-02T15:30:53.466837+00:00] SUCCESS: agents/gmail_monitor_agent.py (exit 0)
[2025-12-02T15:30:53.471054+00:00] Core monitors bundle completed at 2025-12-02T15:30:53.471041+00:00 (successes=6, failures=0)
[2025-12-02T16:30:53.595017+00:00] ================================================================================
[2025-12-02T16:30:53.598078+00:00] Core monitors bundle run started at 2025-12-02T16:30:53.594982+00:00
[2025-12-02T16:30:53.604397+00:00] START: agents/absorption_runner_agent.py
[2025-12-02T16:30:59.258687+00:00] SUCCESS: agents/absorption_runner_agent.py (exit 0)
[2025-12-02T16:30:59.263719+00:00] START: agents/absorption_monitor_agent.py
[2025-12-02T16:31:01.522255+00:00] SUCCESS: agents/absorption_monitor_agent.py (exit 0)
[2025-12-02T16:31:01.525893+00:00] START: agents/geofence_sms_seed_agent.py
[2025-12-02T16:31:01.624247+00:00] SUCCESS: agents/geofence_sms_seed_agent.py (exit 0)
[2025-12-02T16:31:01.627885+00:00] START: agents/geofence_sms_monitor_agent.py
[2025-12-02T16:31:01.810303+00:00] SUCCESS: agents/geofence_sms_monitor_agent.py (exit 0)
[2025-12-02T16:31:01.813598+00:00] START: agents/gmail_activity_seed_agent.py
[2025-12-02T16:31:01.930770+00:00] SUCCESS: agents/gmail_activity_seed_agent.py (exit 0)
[2025-12-02T16:31:01.934452+00:00] START: agents/gmail_monitor_agent.py
[2025-12-02T16:31:02.201410+00:00] SUCCESS: agents/gmail_monitor_agent.py (exit 0)
[2025-12-02T16:31:02.206556+00:00] Core monitors bundle completed at 2025-12-02T16:31:02.206532+00:00 (successes=6, failures=0)
[2025-12-02T17:30:57.507384+00:00] ================================================================================
[2025-12-02T17:30:57.511496+00:00] Core monitors bundle run started at 2025-12-02T17:30:57.507346+00:00
[2025-12-02T17:30:57.526217+00:00] START: agents/absorption_runner_agent.py
[2025-12-02T17:31:03.157546+00:00] SUCCESS: agents/absorption_runner_agent.py (exit 0)
[2025-12-02T17:31:03.161268+00:00] START: agents/absorption_monitor_agent.py
[2025-12-02T17:31:07.328847+00:00] SUCCESS: agents/absorption_monitor_agent.py (exit 0)
[2025-12-02T17:31:07.332956+00:00] START: agents/geofence_sms_seed_agent.py
[2025-12-02T17:31:07.469778+00:00] SUCCESS: agents/geofence_sms_seed_agent.py (exit 0)
[2025-12-02T17:31:07.474128+00:00] START: agents/geofence_sms_monitor_agent.py
[2025-12-02T17:31:07.636230+00:00] SUCCESS: agents/geofence_sms_monitor_agent.py (exit 0)
[2025-12-02T17:31:07.641014+00:00] START: agents/gmail_activity_seed_agent.py
[2025-12-02T17:31:07.745025+00:00] SUCCESS: agents/gmail_activity_seed_agent.py (exit 0)
[2025-12-02T17:31:07.748804+00:00] START: agents/gmail_monitor_agent.py
[2025-12-02T17:31:07.922372+00:00] SUCCESS: agents/gmail_monitor_agent.py (exit 0)
[2025-12-02T17:31:07.927873+00:00] Core monitors bundle completed at 2025-12-02T17:31:07.927852+00:00 (successes=6, failures=0)
[2025-12-02T18:30:50.759391+00:00] ================================================================================
[2025-12-02T18:30:50.763313+00:00] Core monitors bundle run started at 2025-12-02T18:30:50.759358+00:00
[2025-12-02T18:30:50.767636+00:00] START: agents/absorption_runner_agent.py
[2025-12-02T18:30:55.628852+00:00] SUCCESS: agents/absorption_runner_agent.py (exit 0)
[2025-12-02T18:30:55.633208+00:00] START: agents/absorption_monitor_agent.py
[2025-12-02T18:30:58.554950+00:00] SUCCESS: agents/absorption_monitor_agent.py (exit 0)
[2025-12-02T18:30:58.558523+00:00] START: agents/geofence_sms_seed_agent.py
[2025-12-02T18:30:58.691312+00:00] SUCCESS: agents/geofence_sms_seed_agent.py (exit 0)
[2025-12-02T18:30:58.694724+00:00] START: agents/geofence_sms_monitor_agent.py
[2025-12-02T18:30:58.861656+00:00] SUCCESS: agents/geofence_sms_monitor_agent.py (exit 0)
[2025-12-02T18:30:58.865159+00:00] START: agents/gmail_activity_seed_agent.py
[2025-12-02T18:30:59.038904+00:00] SUCCESS: agents/gmail_activity_seed_agent.py (exit 0)
[2025-12-02T18:30:59.042681+00:00] START: agents/gmail_monitor_agent.py
[2025-12-02T18:30:59.217505+00:00] SUCCESS: agents/gmail_monitor_agent.py (exit 0)
[2025-12-02T18:30:59.221007+00:00] Core monitors bundle completed at 2025-12-02T18:30:59.220989+00:00 (successes=6, failures=0)
[2025-12-02T19:30:50.189907+00:00] ================================================================================
[2025-12-02T19:30:50.195474+00:00] Core monitors bundle run started at 2025-12-02T19:30:50.189871+00:00
[2025-12-02T19:30:50.201474+00:00] START: agents/absorption_runner_agent.py
[2025-12-02T19:30:55.866681+00:00] SUCCESS: agents/absorption_runner_agent.py (exit 0)
[2025-12-02T19:30:55.870718+00:00] START: agents/absorption_monitor_agent.py
[2025-12-02T19:30:59.024497+00:00] SUCCESS: agents/absorption_monitor_agent.py (exit 0)
[2025-12-02T19:30:59.031762+00:00] START: agents/geofence_sms_seed_agent.py
[2025-12-02T19:30:59.123400+00:00] SUCCESS: agents/geofence_sms_seed_agent.py (exit 0)
[2025-12-02T19:30:59.126383+00:00] START: agents/geofence_sms_monitor_agent.py
[2025-12-02T19:30:59.257647+00:00] SUCCESS: agents/geofence_sms_monitor_agent.py (exit 0)
[2025-12-02T19:30:59.260506+00:00] START: agents/gmail_activity_seed_agent.py
[2025-12-02T19:30:59.358048+00:00] SUCCESS: agents/gmail_activity_seed_agent.py (exit 0)
[2025-12-02T19:30:59.362769+00:00] START: agents/gmail_monitor_agent.py
[2025-12-02T19:30:59.507049+00:00] SUCCESS: agents/gmail_monitor_agent.py (exit 0)
[2025-12-02T19:30:59.510374+00:00] Core monitors bundle completed at 2025-12-02T19:30:59.510357+00:00 (successes=6, failures=0)
[2025-12-02T20:30:47.433873+00:00] ================================================================================
[2025-12-02T20:30:47.438579+00:00] Core monitors bundle run started at 2025-12-02T20:30:47.433833+00:00
[2025-12-02T20:30:47.442514+00:00] START: agents/absorption_runner_agent.py
[2025-12-02T20:30:52.495266+00:00] SUCCESS: agents/absorption_runner_agent.py (exit 0)
[2025-12-02T20:30:52.499137+00:00] START: agents/absorption_monitor_agent.py
[2025-12-02T20:30:53.960700+00:00] SUCCESS: agents/absorption_monitor_agent.py (exit 0)
[2025-12-02T20:30:53.966223+00:00] START: agents/geofence_sms_seed_agent.py
[2025-12-02T20:30:54.066838+00:00] SUCCESS: agents/geofence_sms_seed_agent.py (exit 0)
[2025-12-02T20:30:54.069890+00:00] START: agents/geofence_sms_monitor_agent.py
[2025-12-02T20:30:54.230279+00:00] SUCCESS: agents/geofence_sms_monitor_agent.py (exit 0)
[2025-12-02T20:30:54.235156+00:00] START: agents/gmail_activity_seed_agent.py
[2025-12-02T20:30:54.328413+00:00] SUCCESS: agents/gmail_activity_seed_agent.py (exit 0)
[2025-12-02T20:30:54.332322+00:00] START: agents/gmail_monitor_agent.py
[2025-12-02T20:30:54.501676+00:00] SUCCESS: agents/gmail_monitor_agent.py (exit 0)
[2025-12-02T20:30:54.505456+00:00] Core monitors bundle completed at 2025-12-02T20:30:54.505420+00:00 (successes=6, failures=0)
[2025-12-02T21:30:46.186552+00:00] ================================================================================
[2025-12-02T21:30:46.193680+00:00] Core monitors bundle run started at 2025-12-02T21:30:46.186518+00:00
[2025-12-02T21:30:46.200676+00:00] START: agents/absorption_runner_agent.py
[2025-12-02T21:30:51.952122+00:00] SUCCESS: agents/absorption_runner_agent.py (exit 0)
[2025-12-02T21:30:51.956471+00:00] START: agents/absorption_monitor_agent.py
[2025-12-02T21:30:53.566857+00:00] SUCCESS: agents/absorption_monitor_agent.py (exit 0)
[2025-12-02T21:30:53.570826+00:00] START: agents/geofence_sms_seed_agent.py
[2025-12-02T21:30:53.635065+00:00] SUCCESS: agents/geofence_sms_seed_agent.py (exit 0)
[2025-12-02T21:30:53.639275+00:00] START: agents/geofence_sms_monitor_agent.py
[2025-12-02T21:30:53.746627+00:00] SUCCESS: agents/geofence_sms_monitor_agent.py (exit 0)
[2025-12-02T21:30:53.750769+00:00] START: agents/gmail_activity_seed_agent.py
[2025-12-02T21:30:53.813161+00:00] SUCCESS: agents/gmail_activity_seed_agent.py (exit 0)
[2025-12-02T21:30:53.816871+00:00] START: agents/gmail_monitor_agent.py
[2025-12-02T21:30:53.922314+00:00] SUCCESS: agents/gmail_monitor_agent.py (exit 0)
[2025-12-02T21:30:53.925300+00:00] Core monitors bundle completed at 2025-12-02T21:30:53.925284+00:00 (successes=6, failures=0)
[2025-12-02T22:00:12.263405+00:00] ================================================================================
[2025-12-02T22:00:12.267513+00:00] Core monitors bundle run started at 2025-12-02T22:00:12.263381+00:00
[2025-12-02T22:00:12.271159+00:00] START: agents/absorption_runner_agent.py
[2025-12-02T22:00:14.998769+00:00] SUCCESS: agents/absorption_runner_agent.py (exit 0)
[2025-12-02T22:00:15.002751+00:00] START: agents/absorption_monitor_agent.py
[2025-12-02T22:00:16.301624+00:00] SUCCESS: agents/absorption_monitor_agent.py (exit 0)
[2025-12-02T22:00:16.305536+00:00] START: agents/geofence_sms_seed_agent.py
[2025-12-02T22:00:16.375121+00:00] SUCCESS: agents/geofence_sms_seed_agent.py (exit 0)
[2025-12-02T22:00:16.378898+00:00] START: agents/geofence_sms_monitor_agent.py
[2025-12-02T22:00:16.488486+00:00] SUCCESS: agents/geofence_sms_monitor_agent.py (exit 0)
[2025-12-02T22:00:16.492232+00:00] START: agents/gmail_activity_seed_agent.py
[2025-12-02T22:00:16.553222+00:00] SUCCESS: agents/gmail_activity_seed_agent.py (exit 0)
[2025-12-02T22:00:16.557673+00:00] START: agents/gmail_monitor_agent.py
[2025-12-02T22:00:16.661610+00:00] SUCCESS: agents/gmail_monitor_agent.py (exit 0)
[2025-12-02T22:00:16.665648+00:00] Core monitors bundle completed at 2025-12-02T22:00:16.665630+00:00 (successes=6, failures=0)
[2025-12-02T22:00:16.742159+00:00] ================================================================================
[2025-12-02T22:00:16.746023+00:00] Core monitors bundle run started at 2025-12-02T22:00:16.742139+00:00
[2025-12-02T22:00:16.750343+00:00] START: agents/absorption_runner_agent.py
[2025-12-02T22:00:19.329893+00:00] SUCCESS: agents/absorption_runner_agent.py (exit 0)
[2025-12-02T22:00:19.333342+00:00] START: agents/absorption_monitor_agent.py
[2025-12-02T22:00:20.714572+00:00] SUCCESS: agents/absorption_monitor_agent.py (exit 0)
[2025-12-02T22:00:20.719572+00:00] START: agents/geofence_sms_seed_agent.py
[2025-12-02T22:00:20.799067+00:00] SUCCESS: agents/geofence_sms_seed_agent.py (exit 0)
[2025-12-02T22:00:20.802610+00:00] START: agents/geofence_sms_monitor_agent.py
[2025-12-02T22:00:20.921563+00:00] SUCCESS: agents/geofence_sms_monitor_agent.py (exit 0)
[2025-12-02T22:00:20.924489+00:00] START: agents/gmail_activity_seed_agent.py
[2025-12-02T22:00:20.993617+00:00] SUCCESS: agents/gmail_activity_seed_agent.py (exit 0)
[2025-12-02T22:00:20.996990+00:00] START: agents/gmail_monitor_agent.py
[2025-12-02T22:00:21.115277+00:00] SUCCESS: agents/gmail_monitor_agent.py (exit 0)
[2025-12-02T22:00:21.118954+00:00] Core monitors bundle completed at 2025-12-02T22:00:21.118896+00:00 (successes=6, failures=0)
[2025-12-02T22:05:57.995847+00:00] ================================================================================
[2025-12-02T22:05:58.000275+00:00] Core monitors bundle run started at 2025-12-02T22:05:57.995829+00:00
[2025-12-02T22:05:58.004163+00:00] START: agents/absorption_runner_agent.py
[2025-12-02T22:06:01.084632+00:00] SUCCESS: agents/absorption_runner_agent.py (exit 0)
[2025-12-02T22:06:01.088591+00:00] START: agents/absorption_monitor_agent.py
[2025-12-02T22:06:03.163088+00:00] ================================================================================
[2025-12-02T22:06:03.169412+00:00] Core monitors bundle run started at 2025-12-02T22:06:03.163060+00:00
[2025-12-02T22:06:03.172983+00:00] START: agents/absorption_runner_agent.py
[2025-12-02T22:06:04.942202+00:00] SUCCESS: agents/absorption_runner_agent.py (exit 0)
[2025-12-02T22:06:04.946190+00:00] START: agents/absorption_monitor_agent.py
[2025-12-02T22:06:07.530065+00:00] SUCCESS: agents/absorption_monitor_agent.py (exit 0)
[2025-12-02T22:06:07.536987+00:00] START: agents/geofence_sms_seed_agent.py
[2025-12-02T22:06:07.655332+00:00] SUCCESS: agents/geofence_sms_seed_agent.py (exit 0)
[2025-12-02T22:06:07.659360+00:00] START: agents/geofence_sms_monitor_agent.py
[2025-12-02T22:06:07.837242+00:00] SUCCESS: agents/geofence_sms_monitor_agent.py (exit 0)
[2025-12-02T22:06:07.841475+00:00] START: agents/gmail_activity_seed_agent.py
[2025-12-02T22:06:07.938432+00:00] SUCCESS: agents/gmail_activity_seed_agent.py (exit 0)
[2025-12-02T22:06:07.944521+00:00] START: agents/gmail_monitor_agent.py
[2025-12-02T22:13:13.524443+00:00] ================================================================================
[2025-12-02T22:13:13.529013+00:00] Core monitors bundle run started at 2025-12-02T22:13:13.524423+00:00
[2025-12-02T22:13:13.533020+00:00] START: agents/absorption_runner_agent.py
[2025-12-02T22:13:16.919378+00:00] SUCCESS: agents/absorption_runner_agent.py (exit 0)
[2025-12-02T22:13:16.923374+00:00] START: agents/absorption_monitor_agent.py
[2025-12-02T22:13:18.329902+00:00] SUCCESS: agents/absorption_monitor_agent.py (exit 0)
[2025-12-02T22:13:18.333310+00:00] START: agents/geofence_sms_seed_agent.py
[2025-12-02T22:13:18.411040+00:00] SUCCESS: agents/geofence_sms_seed_agent.py (exit 0)
[2025-12-02T22:13:18.414958+00:00] START: agents/geofence_sms_monitor_agent.py
[2025-12-02T22:13:18.548747+00:00] ================================================================================
[2025-12-02T22:13:18.552201+00:00] Core monitors bundle run started at 2025-12-02T22:13:18.548720+00:00
[2025-12-02T22:13:18.556150+00:00] START: agents/absorption_runner_agent.py
[2025-12-02T22:13:19.522631+00:00] SUCCESS: agents/absorption_runner_agent.py (exit 0)
[2025-12-02T22:13:19.526210+00:00] START: agents/absorption_monitor_agent.py
[2025-12-02T22:13:20.956720+00:00] SUCCESS: agents/absorption_monitor_agent.py (exit 0)
[2025-12-02T22:13:20.960672+00:00] START: agents/geofence_sms_seed_agent.py
[2025-12-02T22:13:21.037880+00:00] SUCCESS: agents/geofence_sms_seed_agent.py (exit 0)
[2025-12-02T22:13:21.041362+00:00] START: agents/geofence_sms_monitor_agent.py
[2025-12-02T22:13:21.153811+00:00] SUCCESS: agents/geofence_sms_monitor_agent.py (exit 0)
[2025-12-02T22:13:21.157819+00:00] START: agents/gmail_activity_seed_agent.py
[2025-12-02T22:13:21.229529+00:00] SUCCESS: agents/gmail_activity_seed_agent.py (exit 0)
[2025-12-02T22:13:21.234245+00:00] START: agents/gmail_monitor_agent.py
[2025-12-02T22:13:21.397514+00:00] SUCCESS: agents/gmail_monitor_agent.py (exit 0)
[2025-12-02T22:13:21.401149+00:00] Core monitors bundle completed at 2025-12-02T22:13:21.401120+00:00 (successes=6, failures=0)
[2025-12-02T22:30:51.212996+00:00] ================================================================================
[2025-12-02T22:30:51.217579+00:00] Core monitors bundle run started at 2025-12-02T22:30:51.212963+00:00
[2025-12-02T22:30:51.221063+00:00] START: agents/absorption_runner_agent.py
[2025-12-02T22:30:55.925654+00:00] SUCCESS: agents/absorption_runner_agent.py (exit 0)
[2025-12-02T22:30:55.930097+00:00] START: agents/absorption_monitor_agent.py
[2025-12-02T22:30:58.305722+00:00] SUCCESS: agents/absorption_monitor_agent.py (exit 0)
[2025-12-02T22:30:58.309064+00:00] START: agents/geofence_sms_seed_agent.py
[2025-12-02T22:30:58.390391+00:00] SUCCESS: agents/geofence_sms_seed_agent.py (exit 0)
[2025-12-02T22:30:58.393620+00:00] START: agents/geofence_sms_monitor_agent.py
[2025-12-02T22:30:58.493846+00:00] SUCCESS: agents/geofence_sms_monitor_agent.py (exit 0)
[2025-12-02T22:30:58.497301+00:00] START: agents/gmail_activity_seed_agent.py
[2025-12-02T22:30:58.554575+00:00] SUCCESS: agents/gmail_activity_seed_agent.py (exit 0)
[2025-12-02T22:30:58.557955+00:00] START: agents/gmail_monitor_agent.py
[2025-12-02T22:30:58.692344+00:00] SUCCESS: agents/gmail_monitor_agent.py (exit 0)
[2025-12-02T22:30:58.696609+00:00] Core monitors bundle completed at 2025-12-02T22:30:58.696592+00:00 (successes=6, failures=0)
[2025-12-02T23:30:52.285016+00:00] ================================================================================
[2025-12-02T23:30:52.289808+00:00] Core monitors bundle run started at 2025-12-02T23:30:52.284980+00:00
[2025-12-02T23:30:52.294493+00:00] START: agents/absorption_runner_agent.py
[2025-12-02T23:30:56.877538+00:00] SUCCESS: agents/absorption_runner_agent.py (exit 0)
[2025-12-02T23:30:56.881075+00:00] START: agents/absorption_monitor_agent.py
[2025-12-02T23:30:58.800148+00:00] SUCCESS: agents/absorption_monitor_agent.py (exit 0)
[2025-12-02T23:30:58.804600+00:00] START: agents/geofence_sms_seed_agent.py
[2025-12-02T23:30:58.921639+00:00] SUCCESS: agents/geofence_sms_seed_agent.py (exit 0)
[2025-12-02T23:30:58.925240+00:00] START: agents/geofence_sms_monitor_agent.py
[2025-12-02T23:30:59.085032+00:00] SUCCESS: agents/geofence_sms_monitor_agent.py (exit 0)
[2025-12-02T23:30:59.088740+00:00] START: agents/gmail_activity_seed_agent.py
[2025-12-02T23:30:59.179608+00:00] SUCCESS: agents/gmail_activity_seed_agent.py (exit 0)
[2025-12-02T23:30:59.183608+00:00] START: agents/gmail_monitor_agent.py
[2025-12-02T23:30:59.349735+00:00] SUCCESS: agents/gmail_monitor_agent.py (exit 0)
[2025-12-02T23:30:59.353938+00:00] Core monitors bundle completed at 2025-12-02T23:30:59.353919+00:00 (successes=6, failures=0)
[2025-12-03T00:30:53.363050+00:00] ================================================================================
[2025-12-03T00:30:53.368173+00:00] Core monitors bundle run started at 2025-12-03T00:30:53.363014+00:00
[2025-12-03T00:30:53.373907+00:00] START: agents/absorption_runner_agent.py
[2025-12-03T00:30:57.584712+00:00] SUCCESS: agents/absorption_runner_agent.py (exit 0)
[2025-12-03T00:30:57.588286+00:00] START: agents/absorption_monitor_agent.py
[2025-12-03T00:30:58.888652+00:00] SUCCESS: agents/absorption_monitor_agent.py (exit 0)
[2025-12-03T00:30:58.892153+00:00] START: agents/geofence_sms_seed_agent.py
[2025-12-03T00:30:58.959062+00:00] SUCCESS: agents/geofence_sms_seed_agent.py (exit 0)
[2025-12-03T00:30:58.962297+00:00] START: agents/geofence_sms_monitor_agent.py
[2025-12-03T00:30:59.055621+00:00] SUCCESS: agents/geofence_sms_monitor_agent.py (exit 0)
[2025-12-03T00:30:59.058893+00:00] START: agents/gmail_activity_seed_agent.py
[2025-12-03T00:30:59.120332+00:00] SUCCESS: agents/gmail_activity_seed_agent.py (exit 0)
[2025-12-03T00:30:59.123774+00:00] START: agents/gmail_monitor_agent.py
[2025-12-03T00:30:59.221470+00:00] SUCCESS: agents/gmail_monitor_agent.py (exit 0)
[2025-12-03T00:30:59.224519+00:00] Core monitors bundle completed at 2025-12-03T00:30:59.224507+00:00 (successes=6, failures=0)
[2025-12-03T01:30:49.088625+00:00] ================================================================================
[2025-12-03T01:30:49.093066+00:00] Core monitors bundle run started at 2025-12-03T01:30:49.088594+00:00
[2025-12-03T01:30:49.099883+00:00] START: agents/absorption_runner_agent.py
[2025-12-03T01:30:53.034126+00:00] SUCCESS: agents/absorption_runner_agent.py (exit 0)
[2025-12-03T01:30:53.037586+00:00] START: agents/absorption_monitor_agent.py
[2025-12-03T01:30:54.845035+00:00] SUCCESS: agents/absorption_monitor_agent.py (exit 0)
[2025-12-03T01:30:54.848032+00:00] START: agents/geofence_sms_seed_agent.py
[2025-12-03T01:30:54.917629+00:00] SUCCESS: agents/geofence_sms_seed_agent.py (exit 0)
[2025-12-03T01:30:54.922895+00:00] START: agents/geofence_sms_monitor_agent.py
[2025-12-03T01:30:55.032789+00:00] SUCCESS: agents/geofence_sms_monitor_agent.py (exit 0)
[2025-12-03T01:30:55.036783+00:00] START: agents/gmail_activity_seed_agent.py
[2025-12-03T01:30:55.097550+00:00] SUCCESS: agents/gmail_activity_seed_agent.py (exit 0)
[2025-12-03T01:30:55.101086+00:00] START: agents/gmail_monitor_agent.py
[2025-12-03T01:30:55.208983+00:00] SUCCESS: agents/gmail_monitor_agent.py (exit 0)
[2025-12-03T01:30:55.213524+00:00] Core monitors bundle completed at 2025-12-03T01:30:55.213510+00:00 (successes=6, failures=0)
[2025-12-03T02:30:48.620051+00:00] ================================================================================
[2025-12-03T02:30:48.625054+00:00] Core monitors bundle run started at 2025-12-03T02:30:48.620014+00:00
[2025-12-03T02:30:48.629169+00:00] START: agents/absorption_runner_agent.py
[2025-12-03T02:30:53.353016+00:00] SUCCESS: agents/absorption_runner_agent.py (exit 0)
[2025-12-03T02:30:53.356774+00:00] START: agents/absorption_monitor_agent.py
[2025-12-03T02:30:55.244720+00:00] SUCCESS: agents/absorption_monitor_agent.py (exit 0)
[2025-12-03T02:30:55.248268+00:00] START: agents/geofence_sms_seed_agent.py
[2025-12-03T02:30:55.329998+00:00] SUCCESS: agents/geofence_sms_seed_agent.py (exit 0)
[2025-12-03T02:30:55.333420+00:00] START: agents/geofence_sms_monitor_agent.py
[2025-12-03T02:30:55.475320+00:00] SUCCESS: agents/geofence_sms_monitor_agent.py (exit 0)
[2025-12-03T02:30:55.478931+00:00] START: agents/gmail_activity_seed_agent.py
[2025-12-03T02:30:55.568903+00:00] SUCCESS: agents/gmail_activity_seed_agent.py (exit 0)
[2025-12-03T02:30:55.572933+00:00] START: agents/gmail_monitor_agent.py
[2025-12-03T02:30:55.712540+00:00] SUCCESS: agents/gmail_monitor_agent.py (exit 0)
[2025-12-03T02:30:55.717618+00:00] Core monitors bundle completed at 2025-12-03T02:30:55.717600+00:00 (successes=6, failures=0)
[2025-12-03T03:30:53.828888+00:00] ================================================================================
[2025-12-03T03:30:53.833558+00:00] Core monitors bundle run started at 2025-12-03T03:30:53.828847+00:00
[2025-12-03T03:30:53.838202+00:00] START: agents/absorption_runner_agent.py
[2025-12-03T03:30:59.408817+00:00] SUCCESS: agents/absorption_runner_agent.py (exit 0)
[2025-12-03T03:30:59.413866+00:00] START: agents/absorption_monitor_agent.py
[2025-12-03T03:31:02.762513+00:00] SUCCESS: agents/absorption_monitor_agent.py (exit 0)
[2025-12-03T03:31:02.766074+00:00] START: agents/geofence_sms_seed_agent.py
[2025-12-03T03:31:02.902320+00:00] SUCCESS: agents/geofence_sms_seed_agent.py (exit 0)
[2025-12-03T03:31:02.908545+00:00] START: agents/geofence_sms_monitor_agent.py
[2025-12-03T03:31:03.107543+00:00] SUCCESS: agents/geofence_sms_monitor_agent.py (exit 0)
[2025-12-03T03:31:03.111347+00:00] START: agents/gmail_activity_seed_agent.py
[2025-12-03T03:31:03.221325+00:00] SUCCESS: agents/gmail_activity_seed_agent.py (exit 0)
[2025-12-03T03:31:03.224837+00:00] START: agents/gmail_monitor_agent.py
[2025-12-03T03:31:03.421412+00:00] SUCCESS: agents/gmail_monitor_agent.py (exit 0)
[2025-12-03T03:31:03.424777+00:00] Core monitors bundle completed at 2025-12-03T03:31:03.424760+00:00 (successes=6, failures=0)
[2025-12-03T04:30:53.800772+00:00] ================================================================================
[2025-12-03T04:30:53.806333+00:00] Core monitors bundle run started at 2025-12-03T04:30:53.800725+00:00
[2025-12-03T04:30:53.814105+00:00] START: agents/absorption_runner_agent.py
[2025-12-03T04:30:59.356670+00:00] SUCCESS: agents/absorption_runner_agent.py (exit 0)
[2025-12-03T04:30:59.366749+00:00] START: agents/absorption_monitor_agent.py
[2025-12-03T04:31:03.826570+00:00] SUCCESS: agents/absorption_monitor_agent.py (exit 0)
[2025-12-03T04:31:03.830183+00:00] START: agents/geofence_sms_seed_agent.py
[2025-12-03T04:31:04.109742+00:00] SUCCESS: agents/geofence_sms_seed_agent.py (exit 0)
[2025-12-03T04:31:04.117732+00:00] START: agents/geofence_sms_monitor_agent.py
[2025-12-03T04:31:04.409651+00:00] SUCCESS: agents/geofence_sms_monitor_agent.py (exit 0)
[2025-12-03T04:31:04.416545+00:00] START: agents/gmail_activity_seed_agent.py
[2025-12-03T04:31:04.614715+00:00] SUCCESS: agents/gmail_activity_seed_agent.py (exit 0)
[2025-12-03T04:31:04.618892+00:00] START: agents/gmail_monitor_agent.py
[2025-12-03T04:31:04.901646+00:00] SUCCESS: agents/gmail_monitor_agent.py (exit 0)
[2025-12-03T04:31:04.904966+00:00] Core monitors bundle completed at 2025-12-03T04:31:04.904948+00:00 (successes=6, failures=0)
[2025-12-03T05:30:47.322981+00:00] ================================================================================
[2025-12-03T05:30:47.328113+00:00] Core monitors bundle run started at 2025-12-03T05:30:47.322947+00:00
[2025-12-03T05:30:47.332153+00:00] START: agents/absorption_runner_agent.py
[2025-12-03T05:30:52.691137+00:00] SUCCESS: agents/absorption_runner_agent.py (exit 0)
[2025-12-03T05:30:52.699787+00:00] START: agents/absorption_monitor_agent.py
[2025-12-03T05:30:55.087938+00:00] SUCCESS: agents/absorption_monitor_agent.py (exit 0)
[2025-12-03T05:30:55.091406+00:00] START: agents/geofence_sms_seed_agent.py
[2025-12-03T05:30:55.175841+00:00] SUCCESS: agents/geofence_sms_seed_agent.py (exit 0)
[2025-12-03T05:30:55.178924+00:00] START: agents/geofence_sms_monitor_agent.py
[2025-12-03T05:30:55.311322+00:00] SUCCESS: agents/geofence_sms_monitor_agent.py (exit 0)
[2025-12-03T05:30:55.315282+00:00] START: agents/gmail_activity_seed_agent.py
[2025-12-03T05:30:55.381808+00:00] SUCCESS: agents/gmail_activity_seed_agent.py (exit 0)
[2025-12-03T05:30:55.386200+00:00] START: agents/gmail_monitor_agent.py
[2025-12-03T05:30:55.515340+00:00] SUCCESS: agents/gmail_monitor_agent.py (exit 0)
[2025-12-03T05:30:55.519353+00:00] Core monitors bundle completed at 2025-12-03T05:30:55.519335+00:00 (successes=6, failures=0)
[2025-12-03T06:30:51.053732+00:00] ================================================================================
[2025-12-03T06:30:51.061783+00:00] Core monitors bundle run started at 2025-12-03T06:30:51.053697+00:00
[2025-12-03T06:30:51.065954+00:00] START: agents/absorption_runner_agent.py
[2025-12-03T06:30:56.643663+00:00] SUCCESS: agents/absorption_runner_agent.py (exit 0)
[2025-12-03T06:30:56.647503+00:00] START: agents/absorption_monitor_agent.py
[2025-12-03T06:30:59.966794+00:00] SUCCESS: agents/absorption_monitor_agent.py (exit 0)
[2025-12-03T06:30:59.971720+00:00] START: agents/geofence_sms_seed_agent.py
[2025-12-03T06:31:00.068374+00:00] SUCCESS: agents/geofence_sms_seed_agent.py (exit 0)
[2025-12-03T06:31:00.074601+00:00] START: agents/geofence_sms_monitor_agent.py
[2025-12-03T06:31:00.238907+00:00] SUCCESS: agents/geofence_sms_monitor_agent.py (exit 0)
[2025-12-03T06:31:00.242482+00:00] START: agents/gmail_activity_seed_agent.py
[2025-12-03T06:31:00.349628+00:00] SUCCESS: agents/gmail_activity_seed_agent.py (exit 0)
[2025-12-03T06:31:00.354110+00:00] START: agents/gmail_monitor_agent.py
[2025-12-03T06:31:00.600383+00:00] SUCCESS: agents/gmail_monitor_agent.py (exit 0)
[2025-12-03T06:31:00.607899+00:00] Core monitors bundle completed at 2025-12-03T06:31:00.607867+00:00 (successes=6, failures=0)
[2025-12-03T07:04:23.227079+00:00] ================================================================================
[2025-12-03T07:04:23.231401+00:00] Core monitors bundle run started at 2025-12-03T07:04:23.227060+00:00
[2025-12-03T07:04:23.234780+00:00] START: agents/absorption_runner_agent.py
[2025-12-03T07:04:27.362692+00:00] SUCCESS: agents/absorption_runner_agent.py (exit 0)
[2025-12-03T07:04:27.366044+00:00] START: agents/absorption_monitor_agent.py
[2025-12-03T07:04:28.289919+00:00] ================================================================================
[2025-12-03T07:04:28.294455+00:00] Core monitors bundle run started at 2025-12-03T07:04:28.289900+00:00
[2025-12-03T07:04:28.300334+00:00] START: agents/absorption_runner_agent.py
[2025-12-03T07:04:29.853372+00:00] SUCCESS: agents/absorption_runner_agent.py (exit 0)
[2025-12-03T07:04:29.858580+00:00] START: agents/absorption_monitor_agent.py
[2025-12-03T07:04:33.035512+00:00] SUCCESS: agents/absorption_monitor_agent.py (exit 0)
[2025-12-03T07:04:33.039826+00:00] START: agents/geofence_sms_seed_agent.py
[2025-12-03T07:30:49.253880+00:00] ================================================================================
[2025-12-03T07:30:49.258642+00:00] Core monitors bundle run started at 2025-12-03T07:30:49.253846+00:00
[2025-12-03T07:30:49.262768+00:00] START: agents/absorption_runner_agent.py
[2025-12-03T07:30:53.944770+00:00] SUCCESS: agents/absorption_runner_agent.py (exit 0)
[2025-12-03T07:30:53.947899+00:00] START: agents/absorption_monitor_agent.py
[2025-12-03T07:30:57.098481+00:00] SUCCESS: agents/absorption_monitor_agent.py (exit 0)
[2025-12-03T07:30:57.102201+00:00] START: agents/geofence_sms_seed_agent.py
[2025-12-03T07:30:57.203593+00:00] SUCCESS: agents/geofence_sms_seed_agent.py (exit 0)
[2025-12-03T07:30:57.208796+00:00] START: agents/geofence_sms_monitor_agent.py
[2025-12-03T07:30:57.371194+00:00] SUCCESS: agents/geofence_sms_monitor_agent.py (exit 0)
[2025-12-03T07:30:57.375086+00:00] START: agents/gmail_activity_seed_agent.py
[2025-12-03T07:30:57.467601+00:00] SUCCESS: agents/gmail_activity_seed_agent.py (exit 0)
[2025-12-03T07:30:57.471452+00:00] START: agents/gmail_monitor_agent.py
[2025-12-03T07:30:57.659533+00:00] SUCCESS: agents/gmail_monitor_agent.py (exit 0)
[2025-12-03T07:30:57.663017+00:00] Core monitors bundle completed at 2025-12-03T07:30:57.662999+00:00 (successes=6, failures=0)
[2025-12-03T08:30:44.259879+00:00] ================================================================================
[2025-12-03T08:30:44.265494+00:00] Core monitors bundle run started at 2025-12-03T08:30:44.259847+00:00
[2025-12-03T08:30:44.269652+00:00] START: agents/absorption_runner_agent.py
[2025-12-03T08:30:48.909473+00:00] SUCCESS: agents/absorption_runner_agent.py (exit 0)
[2025-12-03T08:30:48.912969+00:00] START: agents/absorption_monitor_agent.py
[2025-12-03T08:30:50.476337+00:00] SUCCESS: agents/absorption_monitor_agent.py (exit 0)
[2025-12-03T08:30:50.479661+00:00] START: agents/geofence_sms_seed_agent.py
[2025-12-03T08:30:50.546268+00:00] SUCCESS: agents/geofence_sms_seed_agent.py (exit 0)
[2025-12-03T08:30:50.550442+00:00] START: agents/geofence_sms_monitor_agent.py
[2025-12-03T08:30:50.676236+00:00] SUCCESS: agents/geofence_sms_monitor_agent.py (exit 0)
[2025-12-03T08:30:50.679901+00:00] START: agents/gmail_activity_seed_agent.py
[2025-12-03T08:30:50.777205+00:00] SUCCESS: agents/gmail_activity_seed_agent.py (exit 0)
[2025-12-03T08:30:50.781338+00:00] START: agents/gmail_monitor_agent.py
[2025-12-03T08:30:50.925918+00:00] SUCCESS: agents/gmail_monitor_agent.py (exit 0)
[2025-12-03T08:30:50.929558+00:00] Core monitors bundle completed at 2025-12-03T08:30:50.929539+00:00 (successes=6, failures=0)
[2025-12-03T09:30:47.267691+00:00] ================================================================================
[2025-12-03T09:30:47.272202+00:00] Core monitors bundle run started at 2025-12-03T09:30:47.267658+00:00
[2025-12-03T09:30:47.275840+00:00] START: agents/absorption_runner_agent.py
[2025-12-03T09:30:52.115336+00:00] SUCCESS: agents/absorption_runner_agent.py (exit 0)
[2025-12-03T09:30:52.119075+00:00] START: agents/absorption_monitor_agent.py
[2025-12-03T09:30:55.187819+00:00] SUCCESS: agents/absorption_monitor_agent.py (exit 0)
[2025-12-03T09:30:55.191789+00:00] START: agents/geofence_sms_seed_agent.py
[2025-12-03T09:30:55.288849+00:00] SUCCESS: agents/geofence_sms_seed_agent.py (exit 0)
[2025-12-03T09:30:55.292481+00:00] START: agents/geofence_sms_monitor_agent.py
[2025-12-03T09:30:55.436700+00:00] SUCCESS: agents/geofence_sms_monitor_agent.py (exit 0)
[2025-12-03T09:30:55.440467+00:00] START: agents/gmail_activity_seed_agent.py
[2025-12-03T09:30:55.523159+00:00] SUCCESS: agents/gmail_activity_seed_agent.py (exit 0)
[2025-12-03T09:30:55.527065+00:00] START: agents/gmail_monitor_agent.py
[2025-12-03T09:30:55.684700+00:00] SUCCESS: agents/gmail_monitor_agent.py (exit 0)
[2025-12-03T09:30:55.688060+00:00] Core monitors bundle completed at 2025-12-03T09:30:55.688040+00:00 (successes=6, failures=0)
[2025-12-03T10:30:44.943893+00:00] ================================================================================
[2025-12-03T10:30:44.949045+00:00] Core monitors bundle run started at 2025-12-03T10:30:44.943855+00:00
[2025-12-03T10:30:44.953498+00:00] START: agents/absorption_runner_agent.py
[2025-12-03T10:30:49.638635+00:00] SUCCESS: agents/absorption_runner_agent.py (exit 0)
[2025-12-03T10:30:49.642355+00:00] START: agents/absorption_monitor_agent.py
[2025-12-03T10:30:51.113811+00:00] SUCCESS: agents/absorption_monitor_agent.py (exit 0)
[2025-12-03T10:30:51.117278+00:00] START: agents/geofence_sms_seed_agent.py
[2025-12-03T10:30:51.185549+00:00] SUCCESS: agents/geofence_sms_seed_agent.py (exit 0)
[2025-12-03T10:30:51.188991+00:00] START: agents/geofence_sms_monitor_agent.py
[2025-12-03T10:30:51.296066+00:00] SUCCESS: agents/geofence_sms_monitor_agent.py (exit 0)
[2025-12-03T10:30:51.299631+00:00] START: agents/gmail_activity_seed_agent.py
[2025-12-03T10:30:51.377109+00:00] SUCCESS: agents/gmail_activity_seed_agent.py (exit 0)
[2025-12-03T10:30:51.380769+00:00] START: agents/gmail_monitor_agent.py
[2025-12-03T10:30:51.478016+00:00] SUCCESS: agents/gmail_monitor_agent.py (exit 0)
[2025-12-03T10:30:51.481250+00:00] Core monitors bundle completed at 2025-12-03T10:30:51.481236+00:00 (successes=6, failures=0)
[2025-12-03T11:30:46.572981+00:00] ================================================================================
[2025-12-03T11:30:46.579495+00:00] Core monitors bundle run started at 2025-12-03T11:30:46.572948+00:00
[2025-12-03T11:30:46.583657+00:00] START: agents/absorption_runner_agent.py
[2025-12-03T11:30:50.971686+00:00] SUCCESS: agents/absorption_runner_agent.py (exit 0)
[2025-12-03T11:30:50.975324+00:00] START: agents/absorption_monitor_agent.py
[2025-12-03T11:30:53.187524+00:00] SUCCESS: agents/absorption_monitor_agent.py (exit 0)
[2025-12-03T11:30:53.190082+00:00] START: agents/geofence_sms_seed_agent.py
[2025-12-03T11:30:53.270658+00:00] SUCCESS: agents/geofence_sms_seed_agent.py (exit 0)
[2025-12-03T11:30:53.273974+00:00] START: agents/geofence_sms_monitor_agent.py
[2025-12-03T11:30:53.420835+00:00] SUCCESS: agents/geofence_sms_monitor_agent.py (exit 0)
[2025-12-03T11:30:53.424275+00:00] START: agents/gmail_activity_seed_agent.py
[2025-12-03T11:30:53.489213+00:00] SUCCESS: agents/gmail_activity_seed_agent.py (exit 0)
[2025-12-03T11:30:53.494401+00:00] START: agents/gmail_monitor_agent.py
[2025-12-03T11:30:53.605669+00:00] SUCCESS: agents/gmail_monitor_agent.py (exit 0)
[2025-12-03T11:30:53.608611+00:00] Core monitors bundle completed at 2025-12-03T11:30:53.608593+00:00 (successes=6, failures=0)
[2025-12-03T12:30:46.070572+00:00] ================================================================================
[2025-12-03T12:30:46.075289+00:00] Core monitors bundle run started at 2025-12-03T12:30:46.070535+00:00
[2025-12-03T12:30:46.079078+00:00] START: agents/absorption_runner_agent.py
[2025-12-03T12:30:50.566786+00:00] SUCCESS: agents/absorption_runner_agent.py (exit 0)
[2025-12-03T12:30:50.570362+00:00] START: agents/absorption_monitor_agent.py
[2025-12-03T12:30:53.527165+00:00] SUCCESS: agents/absorption_monitor_agent.py (exit 0)
[2025-12-03T12:30:53.532602+00:00] START: agents/geofence_sms_seed_agent.py
[2025-12-03T12:30:53.622198+00:00] SUCCESS: agents/geofence_sms_seed_agent.py (exit 0)
[2025-12-03T12:30:53.626180+00:00] START: agents/geofence_sms_monitor_agent.py
[2025-12-03T12:30:53.751972+00:00] SUCCESS: agents/geofence_sms_monitor_agent.py (exit 0)
[2025-12-03T12:30:53.755571+00:00] START: agents/gmail_activity_seed_agent.py
[2025-12-03T12:30:53.830532+00:00] SUCCESS: agents/gmail_activity_seed_agent.py (exit 0)
[2025-12-03T12:30:53.834691+00:00] START: agents/gmail_monitor_agent.py
[2025-12-03T12:30:53.941994+00:00] SUCCESS: agents/gmail_monitor_agent.py (exit 0)
[2025-12-03T12:30:53.945075+00:00] Core monitors bundle completed at 2025-12-03T12:30:53.945067+00:00 (successes=6, failures=0)
[2025-12-03T13:30:50.672798+00:00] ================================================================================
[2025-12-03T13:30:50.679809+00:00] Core monitors bundle run started at 2025-12-03T13:30:50.672761+00:00
[2025-12-03T13:30:50.684203+00:00] START: agents/absorption_runner_agent.py
[2025-12-03T13:30:55.258348+00:00] SUCCESS: agents/absorption_runner_agent.py (exit 0)
[2025-12-03T13:30:55.261778+00:00] START: agents/absorption_monitor_agent.py
[2025-12-03T13:30:56.932714+00:00] SUCCESS: agents/absorption_monitor_agent.py (exit 0)
[2025-12-03T13:30:56.936235+00:00] START: agents/geofence_sms_seed_agent.py
[2025-12-03T13:30:57.029596+00:00] SUCCESS: agents/geofence_sms_seed_agent.py (exit 0)
[2025-12-03T13:30:57.032940+00:00] START: agents/geofence_sms_monitor_agent.py
[2025-12-03T13:30:57.171514+00:00] SUCCESS: agents/geofence_sms_monitor_agent.py (exit 0)
[2025-12-03T13:30:57.174894+00:00] START: agents/gmail_activity_seed_agent.py
[2025-12-03T13:30:57.242068+00:00] SUCCESS: agents/gmail_activity_seed_agent.py (exit 0)
[2025-12-03T13:30:57.245480+00:00] START: agents/gmail_monitor_agent.py
[2025-12-03T13:30:57.336768+00:00] SUCCESS: agents/gmail_monitor_agent.py (exit 0)
[2025-12-03T13:30:57.340041+00:00] Core monitors bundle completed at 2025-12-03T13:30:57.340025+00:00 (successes=6, failures=0)
[2025-12-03T14:30:50.489211+00:00] ================================================================================
[2025-12-03T14:30:50.494466+00:00] Core monitors bundle run started at 2025-12-03T14:30:50.489179+00:00
[2025-12-03T14:30:50.500455+00:00] START: agents/absorption_runner_agent.py
[2025-12-03T14:30:54.584655+00:00] SUCCESS: agents/absorption_runner_agent.py (exit 0)
[2025-12-03T14:30:54.591029+00:00] START: agents/absorption_monitor_agent.py
[2025-12-03T14:30:57.699638+00:00] SUCCESS: agents/absorption_monitor_agent.py (exit 0)
[2025-12-03T14:30:57.703773+00:00] START: agents/geofence_sms_seed_agent.py
[2025-12-03T14:30:57.790926+00:00] SUCCESS: agents/geofence_sms_seed_agent.py (exit 0)
[2025-12-03T14:30:57.794438+00:00] START: agents/geofence_sms_monitor_agent.py
[2025-12-03T14:30:57.966813+00:00] SUCCESS: agents/geofence_sms_monitor_agent.py (exit 0)
[2025-12-03T14:30:57.970903+00:00] START: agents/gmail_activity_seed_agent.py
[2025-12-03T14:30:58.072067+00:00] SUCCESS: agents/gmail_activity_seed_agent.py (exit 0)
[2025-12-03T14:30:58.075226+00:00] START: agents/gmail_monitor_agent.py
[2025-12-03T14:30:58.224771+00:00] SUCCESS: agents/gmail_monitor_agent.py (exit 0)
[2025-12-03T14:30:58.229473+00:00] Core monitors bundle completed at 2025-12-03T14:30:58.229455+00:00 (successes=6, failures=0)
[2025-12-03T15:30:52.892137+00:00] ================================================================================
[2025-12-03T15:30:52.897082+00:00] Core monitors bundle run started at 2025-12-03T15:30:52.892098+00:00
[2025-12-03T15:30:52.900953+00:00] START: agents/absorption_runner_agent.py
[2025-12-03T15:30:56.187937+00:00] SUCCESS: agents/absorption_runner_agent.py (exit 0)
[2025-12-03T15:30:56.192708+00:00] START: agents/absorption_monitor_agent.py
[2025-12-03T15:30:58.252733+00:00] SUCCESS: agents/absorption_monitor_agent.py (exit 0)
[2025-12-03T15:30:58.261082+00:00] START: agents/geofence_sms_seed_agent.py
[2025-12-03T15:30:58.391229+00:00] SUCCESS: agents/geofence_sms_seed_agent.py (exit 0)
[2025-12-03T15:30:58.396507+00:00] START: agents/geofence_sms_monitor_agent.py
[2025-12-03T15:30:58.601578+00:00] SUCCESS: agents/geofence_sms_monitor_agent.py (exit 0)
[2025-12-03T15:30:58.614553+00:00] START: agents/gmail_activity_seed_agent.py
[2025-12-03T15:30:58.777734+00:00] SUCCESS: agents/gmail_activity_seed_agent.py (exit 0)
[2025-12-03T15:30:58.781524+00:00] START: agents/gmail_monitor_agent.py
[2025-12-03T15:30:59.022159+00:00] SUCCESS: agents/gmail_monitor_agent.py (exit 0)
[2025-12-03T15:30:59.026453+00:00] Core monitors bundle completed at 2025-12-03T15:30:59.026399+00:00 (successes=6, failures=0)
[2025-12-03T16:30:53.208011+00:00] ================================================================================
[2025-12-03T16:30:53.211657+00:00] Core monitors bundle run started at 2025-12-03T16:30:53.207972+00:00
[2025-12-03T16:30:53.217061+00:00] START: agents/absorption_runner_agent.py
[2025-12-03T16:30:58.545093+00:00] SUCCESS: agents/absorption_runner_agent.py (exit 0)
[2025-12-03T16:30:58.548999+00:00] START: agents/absorption_monitor_agent.py
[2025-12-03T16:31:01.474815+00:00] SUCCESS: agents/absorption_monitor_agent.py (exit 0)
[2025-12-03T16:31:01.478497+00:00] START: agents/geofence_sms_seed_agent.py
[2025-12-03T16:31:01.728555+00:00] SUCCESS: agents/geofence_sms_seed_agent.py (exit 0)
[2025-12-03T16:31:01.734800+00:00] START: agents/geofence_sms_monitor_agent.py
[2025-12-03T16:31:01.987394+00:00] SUCCESS: agents/geofence_sms_monitor_agent.py (exit 0)
[2025-12-03T16:31:01.990484+00:00] START: agents/gmail_activity_seed_agent.py
[2025-12-03T16:31:02.101898+00:00] SUCCESS: agents/gmail_activity_seed_agent.py (exit 0)
[2025-12-03T16:31:02.105496+00:00] START: agents/gmail_monitor_agent.py
[2025-12-03T16:31:02.308238+00:00] SUCCESS: agents/gmail_monitor_agent.py (exit 0)
[2025-12-03T16:31:02.312300+00:00] Core monitors bundle completed at 2025-12-03T16:31:02.312281+00:00 (successes=6, failures=0)
[2025-12-03T17:30:56.664462+00:00] ================================================================================
[2025-12-03T17:30:56.669216+00:00] Core monitors bundle run started at 2025-12-03T17:30:56.664412+00:00
[2025-12-03T17:30:56.672353+00:00] START: agents/absorption_runner_agent.py
[2025-12-03T17:31:03.032582+00:00] SUCCESS: agents/absorption_runner_agent.py (exit 0)
[2025-12-03T17:31:03.037718+00:00] START: agents/absorption_monitor_agent.py
[2025-12-03T17:31:08.073748+00:00] SUCCESS: agents/absorption_monitor_agent.py (exit 0)
[2025-12-03T17:31:08.084828+00:00] START: agents/geofence_sms_seed_agent.py
[2025-12-03T17:31:08.527274+00:00] SUCCESS: agents/geofence_sms_seed_agent.py (exit 0)
[2025-12-03T17:31:08.531278+00:00] START: agents/geofence_sms_monitor_agent.py
[2025-12-03T17:31:08.888638+00:00] SUCCESS: agents/geofence_sms_monitor_agent.py (exit 0)
[2025-12-03T17:31:08.895167+00:00] START: agents/gmail_activity_seed_agent.py
[2025-12-03T17:31:09.057723+00:00] SUCCESS: agents/gmail_activity_seed_agent.py (exit 0)
[2025-12-03T17:31:09.061244+00:00] START: agents/gmail_monitor_agent.py
[2025-12-03T17:31:09.269212+00:00] SUCCESS: agents/gmail_monitor_agent.py (exit 0)
[2025-12-03T17:31:09.271902+00:00] Core monitors bundle completed at 2025-12-03T17:31:09.271885+00:00 (successes=6, failures=0)
[2025-12-03T18:30:49.856667+00:00] ================================================================================
[2025-12-03T18:30:49.861562+00:00] Core monitors bundle run started at 2025-12-03T18:30:49.856630+00:00
[2025-12-03T18:30:49.865822+00:00] START: agents/absorption_runner_agent.py
[2025-12-03T18:30:55.110669+00:00] SUCCESS: agents/absorption_runner_agent.py (exit 0)
[2025-12-03T18:30:55.116480+00:00] START: agents/absorption_monitor_agent.py
[2025-12-03T18:30:58.152961+00:00] SUCCESS: agents/absorption_monitor_agent.py (exit 0)
[2025-12-03T18:30:58.156791+00:00] START: agents/geofence_sms_seed_agent.py
[2025-12-03T18:30:58.269693+00:00] SUCCESS: agents/geofence_sms_seed_agent.py (exit 0)
[2025-12-03T18:30:58.276634+00:00] START: agents/geofence_sms_monitor_agent.py
[2025-12-03T18:30:58.441677+00:00] SUCCESS: agents/geofence_sms_monitor_agent.py (exit 0)
[2025-12-03T18:30:58.445395+00:00] START: agents/gmail_activity_seed_agent.py
[2025-12-03T18:30:58.542755+00:00] SUCCESS: agents/gmail_activity_seed_agent.py (exit 0)
[2025-12-03T18:30:58.546357+00:00] START: agents/gmail_monitor_agent.py
[2025-12-03T18:30:58.730137+00:00] SUCCESS: agents/gmail_monitor_agent.py (exit 0)
[2025-12-03T18:30:58.733622+00:00] Core monitors bundle completed at 2025-12-03T18:30:58.733603+00:00 (successes=6, failures=0)
[2025-12-03T19:30:50.217110+00:00] ================================================================================
[2025-12-03T19:30:50.223759+00:00] Core monitors bundle run started at 2025-12-03T19:30:50.217074+00:00
[2025-12-03T19:30:50.229847+00:00] START: agents/absorption_runner_agent.py
[2025-12-03T19:30:54.899300+00:00] SUCCESS: agents/absorption_runner_agent.py (exit 0)
[2025-12-03T19:30:54.903245+00:00] START: agents/absorption_monitor_agent.py
[2025-12-03T19:30:57.642001+00:00] SUCCESS: agents/absorption_monitor_agent.py (exit 0)
[2025-12-03T19:30:57.649472+00:00] START: agents/geofence_sms_seed_agent.py
[2025-12-03T19:30:57.787009+00:00] SUCCESS: agents/geofence_sms_seed_agent.py (exit 0)
[2025-12-03T19:30:57.790636+00:00] START: agents/geofence_sms_monitor_agent.py
[2025-12-03T19:30:57.983752+00:00] SUCCESS: agents/geofence_sms_monitor_agent.py (exit 0)
[2025-12-03T19:30:57.987365+00:00] START: agents/gmail_activity_seed_agent.py
[2025-12-03T19:30:58.142083+00:00] SUCCESS: agents/gmail_activity_seed_agent.py (exit 0)
[2025-12-03T19:30:58.147358+00:00] START: agents/gmail_monitor_agent.py
[2025-12-03T19:30:58.353234+00:00] SUCCESS: agents/gmail_monitor_agent.py (exit 0)
[2025-12-03T19:30:58.356532+00:00] Core monitors bundle completed at 2025-12-03T19:30:58.356516+00:00 (successes=6, failures=0)
[2025-12-03T20:30:48.360017+00:00] ================================================================================
[2025-12-03T20:30:48.364618+00:00] Core monitors bundle run started at 2025-12-03T20:30:48.359983+00:00
[2025-12-03T20:30:48.368286+00:00] START: agents/absorption_runner_agent.py
[2025-12-03T20:30:52.843836+00:00] SUCCESS: agents/absorption_runner_agent.py (exit 0)
[2025-12-03T20:30:52.848164+00:00] START: agents/absorption_monitor_agent.py
[2025-12-03T20:30:55.820527+00:00] SUCCESS: agents/absorption_monitor_agent.py (exit 0)
[2025-12-03T20:30:55.824609+00:00] START: agents/geofence_sms_seed_agent.py
[2025-12-03T20:30:55.927943+00:00] SUCCESS: agents/geofence_sms_seed_agent.py (exit 0)
[2025-12-03T20:30:55.934487+00:00] START: agents/geofence_sms_monitor_agent.py
[2025-12-03T20:30:56.107377+00:00] SUCCESS: agents/geofence_sms_monitor_agent.py (exit 0)
[2025-12-03T20:30:56.111629+00:00] START: agents/gmail_activity_seed_agent.py
[2025-12-03T20:30:56.215622+00:00] SUCCESS: agents/gmail_activity_seed_agent.py (exit 0)
[2025-12-03T20:30:56.220060+00:00] START: agents/gmail_monitor_agent.py
[2025-12-03T20:30:56.383568+00:00] SUCCESS: agents/gmail_monitor_agent.py (exit 0)
[2025-12-03T20:30:56.387242+00:00] Core monitors bundle completed at 2025-12-03T20:30:56.387221+00:00 (successes=6, failures=0)
[2025-12-03T21:30:46.246198+00:00] ================================================================================
[2025-12-03T21:30:46.251805+00:00] Core monitors bundle run started at 2025-12-03T21:30:46.246161+00:00
[2025-12-03T21:30:46.255386+00:00] START: agents/absorption_runner_agent.py
[2025-12-03T21:30:50.376942+00:00] SUCCESS: agents/absorption_runner_agent.py (exit 0)
[2025-12-03T21:30:50.380523+00:00] START: agents/absorption_monitor_agent.py
[2025-12-03T21:30:52.178609+00:00] SUCCESS: agents/absorption_monitor_agent.py (exit 0)
[2025-12-03T21:30:52.182045+00:00] START: agents/geofence_sms_seed_agent.py
[2025-12-03T21:30:52.245909+00:00] SUCCESS: agents/geofence_sms_seed_agent.py (exit 0)
[2025-12-03T21:30:52.249444+00:00] START: agents/geofence_sms_monitor_agent.py
[2025-12-03T21:30:52.347202+00:00] SUCCESS: agents/geofence_sms_monitor_agent.py (exit 0)
[2025-12-03T21:30:52.350607+00:00] START: agents/gmail_activity_seed_agent.py
[2025-12-03T21:30:52.403370+00:00] SUCCESS: agents/gmail_activity_seed_agent.py (exit 0)
[2025-12-03T21:30:52.407602+00:00] START: agents/gmail_monitor_agent.py
[2025-12-03T21:30:52.504146+00:00] SUCCESS: agents/gmail_monitor_agent.py (exit 0)
[2025-12-03T21:30:52.507554+00:00] Core monitors bundle completed at 2025-12-03T21:30:52.507541+00:00 (successes=6, failures=0)
[2025-12-03T22:30:50.062877+00:00] ================================================================================
[2025-12-03T22:30:50.068334+00:00] Core monitors bundle run started at 2025-12-03T22:30:50.062835+00:00
[2025-12-03T22:30:50.072850+00:00] START: agents/absorption_runner_agent.py
[2025-12-03T22:30:55.229089+00:00] SUCCESS: agents/absorption_runner_agent.py (exit 0)
[2025-12-03T22:30:55.233318+00:00] START: agents/absorption_monitor_agent.py
[2025-12-03T22:30:57.877005+00:00] SUCCESS: agents/absorption_monitor_agent.py (exit 0)
[2025-12-03T22:30:57.881232+00:00] START: agents/geofence_sms_seed_agent.py
[2025-12-03T22:30:57.981190+00:00] SUCCESS: agents/geofence_sms_seed_agent.py (exit 0)
[2025-12-03T22:30:57.985740+00:00] START: agents/geofence_sms_monitor_agent.py
[2025-12-03T22:30:58.117655+00:00] SUCCESS: agents/geofence_sms_monitor_agent.py (exit 0)
[2025-12-03T22:30:58.122024+00:00] START: agents/gmail_activity_seed_agent.py
[2025-12-03T22:30:58.197736+00:00] SUCCESS: agents/gmail_activity_seed_agent.py (exit 0)
[2025-12-03T22:30:58.201413+00:00] START: agents/gmail_monitor_agent.py
[2025-12-03T22:30:58.321845+00:00] SUCCESS: agents/gmail_monitor_agent.py (exit 0)
[2025-12-03T22:30:58.327689+00:00] Core monitors bundle completed at 2025-12-03T22:30:58.327674+00:00 (successes=6, failures=0)
[2025-12-03T23:30:51.207107+00:00] ================================================================================
[2025-12-03T23:30:51.212105+00:00] Core monitors bundle run started at 2025-12-03T23:30:51.207073+00:00
[2025-12-03T23:30:51.216635+00:00] START: agents/absorption_runner_agent.py
[2025-12-03T23:30:56.067186+00:00] SUCCESS: agents/absorption_runner_agent.py (exit 0)
[2025-12-03T23:30:56.071254+00:00] START: agents/absorption_monitor_agent.py
[2025-12-03T23:30:57.923264+00:00] SUCCESS: agents/absorption_monitor_agent.py (exit 0)
[2025-12-03T23:30:57.926401+00:00] START: agents/geofence_sms_seed_agent.py
[2025-12-03T23:30:57.996820+00:00] SUCCESS: agents/geofence_sms_seed_agent.py (exit 0)
[2025-12-03T23:30:58.000250+00:00] START: agents/geofence_sms_monitor_agent.py
[2025-12-03T23:30:58.136330+00:00] SUCCESS: agents/geofence_sms_monitor_agent.py (exit 0)
[2025-12-03T23:30:58.139967+00:00] START: agents/gmail_activity_seed_agent.py
[2025-12-03T23:30:58.210343+00:00] SUCCESS: agents/gmail_activity_seed_agent.py (exit 0)
[2025-12-03T23:30:58.213764+00:00] START: agents/gmail_monitor_agent.py
[2025-12-03T23:30:58.353989+00:00] SUCCESS: agents/gmail_monitor_agent.py (exit 0)
[2025-12-03T23:30:58.357059+00:00] Core monitors bundle completed at 2025-12-03T23:30:58.357041+00:00 (successes=6, failures=0)
[2025-12-04T00:30:47.528965+00:00] ================================================================================
[2025-12-04T00:30:47.534545+00:00] Core monitors bundle run started at 2025-12-04T00:30:47.528929+00:00
[2025-12-04T00:30:47.538575+00:00] START: agents/absorption_runner_agent.py
[2025-12-04T00:30:51.168395+00:00] SUCCESS: agents/absorption_runner_agent.py (exit 0)
[2025-12-04T00:30:51.171214+00:00] START: agents/absorption_monitor_agent.py
[2025-12-04T00:30:52.579618+00:00] SUCCESS: agents/absorption_monitor_agent.py (exit 0)
[2025-12-04T00:30:52.583010+00:00] START: agents/geofence_sms_seed_agent.py
[2025-12-04T00:30:52.643517+00:00] SUCCESS: agents/geofence_sms_seed_agent.py (exit 0)
[2025-12-04T00:30:52.646375+00:00] START: agents/geofence_sms_monitor_agent.py
[2025-12-04T00:30:52.746052+00:00] SUCCESS: agents/geofence_sms_monitor_agent.py (exit 0)
[2025-12-04T00:30:52.749961+00:00] START: agents/gmail_activity_seed_agent.py
[2025-12-04T00:30:52.803594+00:00] SUCCESS: agents/gmail_activity_seed_agent.py (exit 0)
[2025-12-04T00:30:52.807042+00:00] START: agents/gmail_monitor_agent.py
[2025-12-04T00:30:52.909874+00:00] SUCCESS: agents/gmail_monitor_agent.py (exit 0)
[2025-12-04T00:30:52.913261+00:00] Core monitors bundle completed at 2025-12-04T00:30:52.913245+00:00 (successes=6, failures=0)
[2025-12-04T01:30:46.252293+00:00] ================================================================================
[2025-12-04T01:30:46.258467+00:00] Core monitors bundle run started at 2025-12-04T01:30:46.252259+00:00
[2025-12-04T01:30:46.262110+00:00] START: agents/absorption_runner_agent.py
[2025-12-04T01:30:49.632635+00:00] SUCCESS: agents/absorption_runner_agent.py (exit 0)
[2025-12-04T01:30:49.636288+00:00] START: agents/absorption_monitor_agent.py
[2025-12-04T01:30:51.296189+00:00] SUCCESS: agents/absorption_monitor_agent.py (exit 0)
[2025-12-04T01:30:51.299595+00:00] START: agents/geofence_sms_seed_agent.py
[2025-12-04T01:30:51.428617+00:00] SUCCESS: agents/geofence_sms_seed_agent.py (exit 0)
[2025-12-04T01:30:51.432604+00:00] START: agents/geofence_sms_monitor_agent.py
[2025-12-04T01:30:51.554063+00:00] SUCCESS: agents/geofence_sms_monitor_agent.py (exit 0)
[2025-12-04T01:30:51.558486+00:00] START: agents/gmail_activity_seed_agent.py
[2025-12-04T01:30:51.625966+00:00] SUCCESS: agents/gmail_activity_seed_agent.py (exit 0)
[2025-12-04T01:30:51.629150+00:00] START: agents/gmail_monitor_agent.py
[2025-12-04T01:30:51.735093+00:00] SUCCESS: agents/gmail_monitor_agent.py (exit 0)
[2025-12-04T01:30:51.737822+00:00] Core monitors bundle completed at 2025-12-04T01:30:51.737805+00:00 (successes=6, failures=0)
[2025-12-04T02:30:48.323644+00:00] ================================================================================
[2025-12-04T02:30:48.330517+00:00] Core monitors bundle run started at 2025-12-04T02:30:48.323608+00:00
[2025-12-04T02:30:48.334759+00:00] START: agents/absorption_runner_agent.py
[2025-12-04T02:30:53.157234+00:00] SUCCESS: agents/absorption_runner_agent.py (exit 0)
[2025-12-04T02:30:53.163120+00:00] START: agents/absorption_monitor_agent.py
[2025-12-04T02:30:55.162801+00:00] SUCCESS: agents/absorption_monitor_agent.py (exit 0)
[2025-12-04T02:30:55.165964+00:00] START: agents/geofence_sms_seed_agent.py
[2025-12-04T02:30:55.310501+00:00] SUCCESS: agents/geofence_sms_seed_agent.py (exit 0)
[2025-12-04T02:30:55.317384+00:00] START: agents/geofence_sms_monitor_agent.py
[2025-12-04T02:30:55.453240+00:00] SUCCESS: agents/geofence_sms_monitor_agent.py (exit 0)
[2025-12-04T02:30:55.457748+00:00] START: agents/gmail_activity_seed_agent.py
[2025-12-04T02:30:55.518608+00:00] SUCCESS: agents/gmail_activity_seed_agent.py (exit 0)
[2025-12-04T02:30:55.522928+00:00] START: agents/gmail_monitor_agent.py
[2025-12-04T02:30:55.671810+00:00] SUCCESS: agents/gmail_monitor_agent.py (exit 0)
[2025-12-04T02:30:55.675196+00:00] Core monitors bundle completed at 2025-12-04T02:30:55.675179+00:00 (successes=6, failures=0)
[2025-12-04T03:30:51.150087+00:00] ================================================================================
[2025-12-04T03:30:51.154954+00:00] Core monitors bundle run started at 2025-12-04T03:30:51.150056+00:00
[2025-12-04T03:30:51.158737+00:00] START: agents/absorption_runner_agent.py
[2025-12-04T03:30:55.962903+00:00] SUCCESS: agents/absorption_runner_agent.py (exit 0)
[2025-12-04T03:30:55.967088+00:00] START: agents/absorption_monitor_agent.py
[2025-12-04T03:30:58.818403+00:00] SUCCESS: agents/absorption_monitor_agent.py (exit 0)
[2025-12-04T03:30:58.823754+00:00] START: agents/geofence_sms_seed_agent.py
[2025-12-04T03:30:58.937180+00:00] SUCCESS: agents/geofence_sms_seed_agent.py (exit 0)
[2025-12-04T03:30:58.941615+00:00] START: agents/geofence_sms_monitor_agent.py
[2025-12-04T03:30:59.124118+00:00] SUCCESS: agents/geofence_sms_monitor_agent.py (exit 0)
[2025-12-04T03:30:59.127669+00:00] START: agents/gmail_activity_seed_agent.py
[2025-12-04T03:30:59.209946+00:00] SUCCESS: agents/gmail_activity_seed_agent.py (exit 0)
[2025-12-04T03:30:59.214776+00:00] START: agents/gmail_monitor_agent.py
[2025-12-04T03:30:59.346129+00:00] SUCCESS: agents/gmail_monitor_agent.py (exit 0)
[2025-12-04T03:30:59.350404+00:00] Core monitors bundle completed at 2025-12-04T03:30:59.350391+00:00 (successes=6, failures=0)
[2025-12-04T04:30:50.961095+00:00] ================================================================================
[2025-12-04T04:30:50.965516+00:00] Core monitors bundle run started at 2025-12-04T04:30:50.961024+00:00
[2025-12-04T04:30:50.969035+00:00] START: agents/absorption_runner_agent.py
[2025-12-04T04:30:55.785667+00:00] SUCCESS: agents/absorption_runner_agent.py (exit 0)
[2025-12-04T04:30:55.789385+00:00] START: agents/absorption_monitor_agent.py
[2025-12-04T04:30:59.095180+00:00] SUCCESS: agents/absorption_monitor_agent.py (exit 0)
[2025-12-04T04:30:59.099668+00:00] START: agents/geofence_sms_seed_agent.py
[2025-12-04T04:30:59.201279+00:00] SUCCESS: agents/geofence_sms_seed_agent.py (exit 0)
[2025-12-04T04:30:59.204853+00:00] START: agents/geofence_sms_monitor_agent.py
[2025-12-04T04:30:59.410941+00:00] SUCCESS: agents/geofence_sms_monitor_agent.py (exit 0)
[2025-12-04T04:30:59.414491+00:00] START: agents/gmail_activity_seed_agent.py
[2025-12-04T04:30:59.511571+00:00] SUCCESS: agents/gmail_activity_seed_agent.py (exit 0)
[2025-12-04T04:30:59.515033+00:00] START: agents/gmail_monitor_agent.py
[2025-12-04T04:30:59.692908+00:00] SUCCESS: agents/gmail_monitor_agent.py (exit 0)
[2025-12-04T04:30:59.696634+00:00] Core monitors bundle completed at 2025-12-04T04:30:59.696615+00:00 (successes=6, failures=0)
[2025-12-04T05:30:47.479888+00:00] ================================================================================
[2025-12-04T05:30:47.484739+00:00] Core monitors bundle run started at 2025-12-04T05:30:47.479848+00:00
[2025-12-04T05:30:47.488286+00:00] START: agents/absorption_runner_agent.py
[2025-12-04T05:30:52.307757+00:00] SUCCESS: agents/absorption_runner_agent.py (exit 0)
[2025-12-04T05:30:52.311378+00:00] START: agents/absorption_monitor_agent.py
[2025-12-04T05:30:54.729835+00:00] SUCCESS: agents/absorption_monitor_agent.py (exit 0)
[2025-12-04T05:30:54.733184+00:00] START: agents/geofence_sms_seed_agent.py
[2025-12-04T05:30:54.835478+00:00] SUCCESS: agents/geofence_sms_seed_agent.py (exit 0)
[2025-12-04T05:30:54.838917+00:00] START: agents/geofence_sms_monitor_agent.py
[2025-12-04T05:30:54.949157+00:00] SUCCESS: agents/geofence_sms_monitor_agent.py (exit 0)
[2025-12-04T05:30:54.952842+00:00] START: agents/gmail_activity_seed_agent.py
[2025-12-04T05:30:55.030324+00:00] SUCCESS: agents/gmail_activity_seed_agent.py (exit 0)
[2025-12-04T05:30:55.033916+00:00] START: agents/gmail_monitor_agent.py
[2025-12-04T05:30:55.178370+00:00] SUCCESS: agents/gmail_monitor_agent.py (exit 0)
[2025-12-04T05:30:55.181708+00:00] Core monitors bundle completed at 2025-12-04T05:30:55.181692+00:00 (successes=6, failures=0)
[2025-12-04T06:30:50.873113+00:00] ================================================================================
[2025-12-04T06:30:50.877334+00:00] Core monitors bundle run started at 2025-12-04T06:30:50.873074+00:00
[2025-12-04T06:30:50.883312+00:00] START: agents/absorption_runner_agent.py
[2025-12-04T06:30:56.286710+00:00] SUCCESS: agents/absorption_runner_agent.py (exit 0)
[2025-12-04T06:30:56.292272+00:00] START: agents/absorption_monitor_agent.py
[2025-12-04T06:30:59.241362+00:00] SUCCESS: agents/absorption_monitor_agent.py (exit 0)
[2025-12-04T06:30:59.248734+00:00] START: agents/geofence_sms_seed_agent.py
[2025-12-04T06:30:59.379549+00:00] SUCCESS: agents/geofence_sms_seed_agent.py (exit 0)
[2025-12-04T06:30:59.384790+00:00] START: agents/geofence_sms_monitor_agent.py
[2025-12-04T06:30:59.560570+00:00] SUCCESS: agents/geofence_sms_monitor_agent.py (exit 0)
[2025-12-04T06:30:59.564203+00:00] START: agents/gmail_activity_seed_agent.py
[2025-12-04T06:30:59.663887+00:00] SUCCESS: agents/gmail_activity_seed_agent.py (exit 0)
[2025-12-04T06:30:59.667502+00:00] START: agents/gmail_monitor_agent.py
[2025-12-04T06:30:59.843140+00:00] SUCCESS: agents/gmail_monitor_agent.py (exit 0)
[2025-12-04T06:30:59.846508+00:00] Core monitors bundle completed at 2025-12-04T06:30:59.846491+00:00 (successes=6, failures=0)
[2025-12-04T07:04:21.320590+00:00] ================================================================================
[2025-12-04T07:04:21.328168+00:00] Core monitors bundle run started at 2025-12-04T07:04:21.320570+00:00
[2025-12-04T07:04:21.332157+00:00] START: agents/absorption_runner_agent.py
[2025-12-04T07:04:25.560824+00:00] SUCCESS: agents/absorption_runner_agent.py (exit 0)
[2025-12-04T07:04:25.564166+00:00] START: agents/absorption_monitor_agent.py
[2025-12-04T07:04:26.344208+00:00] ================================================================================
[2025-12-04T07:04:26.348069+00:00] Core monitors bundle run started at 2025-12-04T07:04:26.344182+00:00
[2025-12-04T07:04:26.351320+00:00] START: agents/absorption_runner_agent.py
[2025-12-04T07:04:27.476824+00:00] SUCCESS: agents/absorption_runner_agent.py (exit 0)
[2025-12-04T07:04:27.480354+00:00] START: agents/absorption_monitor_agent.py
[2025-12-04T07:04:29.475058+00:00] SUCCESS: agents/absorption_monitor_agent.py (exit 0)
[2025-12-04T07:04:29.478411+00:00] START: agents/geofence_sms_seed_agent.py
[2025-12-04T07:04:29.562165+00:00] SUCCESS: agents/geofence_sms_seed_agent.py (exit 0)
[2025-12-04T07:04:29.564972+00:00] START: agents/geofence_sms_monitor_agent.py
[2025-12-04T07:04:29.721783+00:00] SUCCESS: agents/geofence_sms_monitor_agent.py (exit 0)
[2025-12-04T07:04:29.725840+00:00] START: agents/gmail_activity_seed_agent.py
[2025-12-04T07:04:29.801938+00:00] SUCCESS: agents/gmail_activity_seed_agent.py (exit 0)
[2025-12-04T07:04:29.806479+00:00] START: agents/gmail_monitor_agent.py
[2025-12-04T07:04:29.947254+00:00] SUCCESS: agents/gmail_monitor_agent.py (exit 0)
[2025-12-04T07:04:29.952513+00:00] Core monitors bundle completed at 2025-12-04T07:04:29.952495+00:00 (successes=6, failures=0)
[2025-12-04T07:30:48.311880+00:00] ================================================================================
[2025-12-04T07:30:48.316637+00:00] Core monitors bundle run started at 2025-12-04T07:30:48.311841+00:00
[2025-12-04T07:30:48.320218+00:00] START: agents/absorption_runner_agent.py
[2025-12-04T07:30:53.425677+00:00] SUCCESS: agents/absorption_runner_agent.py (exit 0)
[2025-12-04T07:30:53.431740+00:00] START: agents/absorption_monitor_agent.py
[2025-12-04T07:30:56.673590+00:00] SUCCESS: agents/absorption_monitor_agent.py (exit 0)
[2025-12-04T07:30:56.679664+00:00] START: agents/geofence_sms_seed_agent.py
[2025-12-04T07:30:56.816545+00:00] SUCCESS: agents/geofence_sms_seed_agent.py (exit 0)
[2025-12-04T07:30:56.820183+00:00] START: agents/geofence_sms_monitor_agent.py
[2025-12-04T07:30:56.991283+00:00] SUCCESS: agents/geofence_sms_monitor_agent.py (exit 0)
[2025-12-04T07:30:56.995836+00:00] START: agents/gmail_activity_seed_agent.py
[2025-12-04T07:30:57.126175+00:00] SUCCESS: agents/gmail_activity_seed_agent.py (exit 0)
[2025-12-04T07:30:57.129727+00:00] START: agents/gmail_monitor_agent.py
[2025-12-04T07:30:57.394186+00:00] SUCCESS: agents/gmail_monitor_agent.py (exit 0)
[2025-12-04T07:30:57.399499+00:00] Core monitors bundle completed at 2025-12-04T07:30:57.399478+00:00 (successes=6, failures=0)
[2025-12-04T08:30:46.646346+00:00] ================================================================================
[2025-12-04T08:30:46.651768+00:00] Core monitors bundle run started at 2025-12-04T08:30:46.646305+00:00
[2025-12-04T08:30:46.656040+00:00] START: agents/absorption_runner_agent.py
[2025-12-04T08:30:51.142613+00:00] SUCCESS: agents/absorption_runner_agent.py (exit 0)
[2025-12-04T08:30:51.146122+00:00] START: agents/absorption_monitor_agent.py
[2025-12-04T08:30:53.385279+00:00] SUCCESS: agents/absorption_monitor_agent.py (exit 0)
[2025-12-04T08:30:53.388735+00:00] START: agents/geofence_sms_seed_agent.py
[2025-12-04T08:30:53.477050+00:00] SUCCESS: agents/geofence_sms_seed_agent.py (exit 0)
[2025-12-04T08:30:53.480628+00:00] START: agents/geofence_sms_monitor_agent.py
[2025-12-04T08:30:53.597197+00:00] SUCCESS: agents/geofence_sms_monitor_agent.py (exit 0)
[2025-12-04T08:30:53.601113+00:00] START: agents/gmail_activity_seed_agent.py
[2025-12-04T08:30:53.662251+00:00] SUCCESS: agents/gmail_activity_seed_agent.py (exit 0)
[2025-12-04T08:30:53.666411+00:00] START: agents/gmail_monitor_agent.py
[2025-12-04T08:30:53.765243+00:00] SUCCESS: agents/gmail_monitor_agent.py (exit 0)
[2025-12-04T08:30:53.768653+00:00] Core monitors bundle completed at 2025-12-04T08:30:53.768637+00:00 (successes=6, failures=0)
[2025-12-04T09:30:44.934456+00:00] ================================================================================
[2025-12-04T09:30:44.938926+00:00] Core monitors bundle run started at 2025-12-04T09:30:44.934401+00:00
[2025-12-04T09:30:44.945833+00:00] START: agents/absorption_runner_agent.py
[2025-12-04T09:30:49.789389+00:00] SUCCESS: agents/absorption_runner_agent.py (exit 0)
[2025-12-04T09:30:49.794869+00:00] START: agents/absorption_monitor_agent.py
[2025-12-04T09:30:52.608513+00:00] SUCCESS: agents/absorption_monitor_agent.py (exit 0)
[2025-12-04T09:30:52.612481+00:00] START: agents/geofence_sms_seed_agent.py
[2025-12-04T09:30:52.711954+00:00] SUCCESS: agents/geofence_sms_seed_agent.py (exit 0)
[2025-12-04T09:30:52.716557+00:00] START: agents/geofence_sms_monitor_agent.py
[2025-12-04T09:30:52.871674+00:00] SUCCESS: agents/geofence_sms_monitor_agent.py (exit 0)
[2025-12-04T09:30:52.875398+00:00] START: agents/gmail_activity_seed_agent.py
[2025-12-04T09:30:52.974254+00:00] SUCCESS: agents/gmail_activity_seed_agent.py (exit 0)
[2025-12-04T09:30:52.977543+00:00] START: agents/gmail_monitor_agent.py
[2025-12-04T09:30:53.137954+00:00] SUCCESS: agents/gmail_monitor_agent.py (exit 0)
[2025-12-04T09:30:53.143071+00:00] Core monitors bundle completed at 2025-12-04T09:30:53.143055+00:00 (successes=6, failures=0)
[2025-12-04T10:30:45.056506+00:00] ================================================================================
[2025-12-04T10:30:45.064032+00:00] Core monitors bundle run started at 2025-12-04T10:30:45.056474+00:00
[2025-12-04T10:30:45.067524+00:00] START: agents/absorption_runner_agent.py
[2025-12-04T10:30:49.492967+00:00] SUCCESS: agents/absorption_runner_agent.py (exit 0)
[2025-12-04T10:30:49.496303+00:00] START: agents/absorption_monitor_agent.py
[2025-12-04T10:30:51.238583+00:00] SUCCESS: agents/absorption_monitor_agent.py (exit 0)
[2025-12-04T10:30:51.242539+00:00] START: agents/geofence_sms_seed_agent.py
[2025-12-04T10:30:51.338714+00:00] SUCCESS: agents/geofence_sms_seed_agent.py (exit 0)
[2025-12-04T10:30:51.342186+00:00] START: agents/geofence_sms_monitor_agent.py
[2025-12-04T10:30:51.502805+00:00] SUCCESS: agents/geofence_sms_monitor_agent.py (exit 0)
[2025-12-04T10:30:51.506751+00:00] START: agents/gmail_activity_seed_agent.py
[2025-12-04T10:30:51.590851+00:00] SUCCESS: agents/gmail_activity_seed_agent.py (exit 0)
[2025-12-04T10:30:51.594679+00:00] START: agents/gmail_monitor_agent.py
[2025-12-04T10:30:51.701097+00:00] SUCCESS: agents/gmail_monitor_agent.py (exit 0)
[2025-12-04T10:30:51.703821+00:00] Core monitors bundle completed at 2025-12-04T10:30:51.703804+00:00 (successes=6, failures=0)
[2025-12-04T11:30:44.588135+00:00] ================================================================================
[2025-12-04T11:30:44.593163+00:00] Core monitors bundle run started at 2025-12-04T11:30:44.588101+00:00
[2025-12-04T11:30:44.597662+00:00] START: agents/absorption_runner_agent.py
[2025-12-04T11:30:48.811683+00:00] SUCCESS: agents/absorption_runner_agent.py (exit 0)
[2025-12-04T11:30:48.815077+00:00] START: agents/absorption_monitor_agent.py
[2025-12-04T11:30:51.152750+00:00] SUCCESS: agents/absorption_monitor_agent.py (exit 0)
[2025-12-04T11:30:51.156331+00:00] START: agents/geofence_sms_seed_agent.py
[2025-12-04T11:30:51.244034+00:00] SUCCESS: agents/geofence_sms_seed_agent.py (exit 0)
[2025-12-04T11:30:51.247714+00:00] START: agents/geofence_sms_monitor_agent.py
[2025-12-04T11:30:51.359097+00:00] SUCCESS: agents/geofence_sms_monitor_agent.py (exit 0)
[2025-12-04T11:30:51.363991+00:00] START: agents/gmail_activity_seed_agent.py
[2025-12-04T11:30:51.419895+00:00] SUCCESS: agents/gmail_activity_seed_agent.py (exit 0)
[2025-12-04T11:30:51.424009+00:00] START: agents/gmail_monitor_agent.py
[2025-12-04T11:30:51.519981+00:00] SUCCESS: agents/gmail_monitor_agent.py (exit 0)
[2025-12-04T11:30:51.523143+00:00] Core monitors bundle completed at 2025-12-04T11:30:51.523133+00:00 (successes=6, failures=0)
[2025-12-04T12:30:42.511979+00:00] ================================================================================
[2025-12-04T12:30:42.515261+00:00] Core monitors bundle run started at 2025-12-04T12:30:42.511945+00:00
[2025-12-04T12:30:42.519746+00:00] START: agents/absorption_runner_agent.py
[2025-12-04T12:30:47.634129+00:00] SUCCESS: agents/absorption_runner_agent.py (exit 0)
[2025-12-04T12:30:47.637728+00:00] START: agents/absorption_monitor_agent.py
[2025-12-04T12:30:50.063401+00:00] SUCCESS: agents/absorption_monitor_agent.py (exit 0)
[2025-12-04T12:30:50.067801+00:00] START: agents/geofence_sms_seed_agent.py
[2025-12-04T12:30:50.146788+00:00] SUCCESS: agents/geofence_sms_seed_agent.py (exit 0)
[2025-12-04T12:30:50.150413+00:00] START: agents/geofence_sms_monitor_agent.py
[2025-12-04T12:30:50.288461+00:00] SUCCESS: agents/geofence_sms_monitor_agent.py (exit 0)
[2025-12-04T12:30:50.292560+00:00] START: agents/gmail_activity_seed_agent.py
[2025-12-04T12:30:50.354551+00:00] SUCCESS: agents/gmail_activity_seed_agent.py (exit 0)
[2025-12-04T12:30:50.358575+00:00] START: agents/gmail_monitor_agent.py
[2025-12-04T12:30:50.462874+00:00] SUCCESS: agents/gmail_monitor_agent.py (exit 0)
[2025-12-04T12:30:50.467081+00:00] Core monitors bundle completed at 2025-12-04T12:30:50.467068+00:00 (successes=6, failures=0)
[2025-12-04T13:30:51.897674+00:00] ================================================================================
[2025-12-04T13:30:51.901196+00:00] Core monitors bundle run started at 2025-12-04T13:30:51.897641+00:00
[2025-12-04T13:30:51.907694+00:00] START: agents/absorption_runner_agent.py
[2025-12-04T13:30:55.892869+00:00] SUCCESS: agents/absorption_runner_agent.py (exit 0)
[2025-12-04T13:30:55.897785+00:00] START: agents/absorption_monitor_agent.py
[2025-12-04T13:30:59.195806+00:00] SUCCESS: agents/absorption_monitor_agent.py (exit 0)
[2025-12-04T13:30:59.199617+00:00] START: agents/geofence_sms_seed_agent.py
[2025-12-04T13:30:59.352749+00:00] SUCCESS: agents/geofence_sms_seed_agent.py (exit 0)
[2025-12-04T13:30:59.356455+00:00] START: agents/geofence_sms_monitor_agent.py
[2025-12-04T13:30:59.520643+00:00] SUCCESS: agents/geofence_sms_monitor_agent.py (exit 0)
[2025-12-04T13:30:59.524240+00:00] START: agents/gmail_activity_seed_agent.py
[2025-12-04T13:30:59.642231+00:00] SUCCESS: agents/gmail_activity_seed_agent.py (exit 0)
[2025-12-04T13:30:59.645820+00:00] START: agents/gmail_monitor_agent.py
[2025-12-04T13:30:59.789742+00:00] SUCCESS: agents/gmail_monitor_agent.py (exit 0)
[2025-12-04T13:30:59.792528+00:00] Core monitors bundle completed at 2025-12-04T13:30:59.792512+00:00 (successes=6, failures=0)
[2025-12-04T14:30:48.737180+00:00] ================================================================================
[2025-12-04T14:30:48.741168+00:00] Core monitors bundle run started at 2025-12-04T14:30:48.737147+00:00
[2025-12-04T14:30:48.747263+00:00] START: agents/absorption_runner_agent.py
[2025-12-04T14:30:53.280679+00:00] SUCCESS: agents/absorption_runner_agent.py (exit 0)
[2025-12-04T14:30:53.292474+00:00] START: agents/absorption_monitor_agent.py
[2025-12-04T14:30:56.490643+00:00] SUCCESS: agents/absorption_monitor_agent.py (exit 0)
[2025-12-04T14:30:56.496471+00:00] START: agents/geofence_sms_seed_agent.py
[2025-12-04T14:30:56.617765+00:00] SUCCESS: agents/geofence_sms_seed_agent.py (exit 0)
[2025-12-04T14:30:56.621602+00:00] START: agents/geofence_sms_monitor_agent.py
[2025-12-04T14:30:56.803415+00:00] SUCCESS: agents/geofence_sms_monitor_agent.py (exit 0)
[2025-12-04T14:30:56.807346+00:00] START: agents/gmail_activity_seed_agent.py
[2025-12-04T14:30:56.901945+00:00] SUCCESS: agents/gmail_activity_seed_agent.py (exit 0)
[2025-12-04T14:30:56.908465+00:00] START: agents/gmail_monitor_agent.py
[2025-12-04T14:30:57.129680+00:00] SUCCESS: agents/gmail_monitor_agent.py (exit 0)
[2025-12-04T14:30:57.133128+00:00] Core monitors bundle completed at 2025-12-04T14:30:57.133111+00:00 (successes=6, failures=0)
[2025-12-04T15:30:50.654071+00:00] ================================================================================
[2025-12-04T15:30:50.659308+00:00] Core monitors bundle run started at 2025-12-04T15:30:50.654045+00:00
[2025-12-04T15:30:50.666470+00:00] START: agents/absorption_runner_agent.py
[2025-12-04T15:30:54.277925+00:00] SUCCESS: agents/absorption_runner_agent.py (exit 0)
[2025-12-04T15:30:54.281464+00:00] START: agents/absorption_monitor_agent.py
[2025-12-04T15:30:56.103738+00:00] SUCCESS: agents/absorption_monitor_agent.py (exit 0)
[2025-12-04T15:30:56.107599+00:00] START: agents/geofence_sms_seed_agent.py
[2025-12-04T15:30:56.177040+00:00] SUCCESS: agents/geofence_sms_seed_agent.py (exit 0)
[2025-12-04T15:30:56.181670+00:00] START: agents/geofence_sms_monitor_agent.py
[2025-12-04T15:30:56.324631+00:00] SUCCESS: agents/geofence_sms_monitor_agent.py (exit 0)
[2025-12-04T15:30:56.328165+00:00] START: agents/gmail_activity_seed_agent.py
[2025-12-04T15:30:56.404694+00:00] SUCCESS: agents/gmail_activity_seed_agent.py (exit 0)
[2025-12-04T15:30:56.409262+00:00] START: agents/gmail_monitor_agent.py
[2025-12-04T15:30:56.536635+00:00] SUCCESS: agents/gmail_monitor_agent.py (exit 0)
[2025-12-04T15:30:56.540498+00:00] Core monitors bundle completed at 2025-12-04T15:30:56.540479+00:00 (successes=6, failures=0)
[2025-12-04T16:30:51.721525+00:00] ================================================================================
[2025-12-04T16:30:51.726805+00:00] Core monitors bundle run started at 2025-12-04T16:30:51.721400+00:00
[2025-12-04T16:30:51.730538+00:00] START: agents/absorption_runner_agent.py
[2025-12-04T16:30:56.816576+00:00] SUCCESS: agents/absorption_runner_agent.py (exit 0)
[2025-12-04T16:30:56.823448+00:00] START: agents/absorption_monitor_agent.py
[2025-12-04T16:30:59.404573+00:00] SUCCESS: agents/absorption_monitor_agent.py (exit 0)
[2025-12-04T16:30:59.409199+00:00] START: agents/geofence_sms_seed_agent.py
[2025-12-04T16:30:59.501334+00:00] SUCCESS: agents/geofence_sms_seed_agent.py (exit 0)
[2025-12-04T16:30:59.504856+00:00] START: agents/geofence_sms_monitor_agent.py
[2025-12-04T16:30:59.656652+00:00] SUCCESS: agents/geofence_sms_monitor_agent.py (exit 0)
[2025-12-04T16:30:59.660779+00:00] START: agents/gmail_activity_seed_agent.py
[2025-12-04T16:30:59.741840+00:00] SUCCESS: agents/gmail_activity_seed_agent.py (exit 0)
[2025-12-04T16:30:59.745329+00:00] START: agents/gmail_monitor_agent.py
[2025-12-04T16:30:59.851624+00:00] SUCCESS: agents/gmail_monitor_agent.py (exit 0)
[2025-12-04T16:30:59.854276+00:00] Core monitors bundle completed at 2025-12-04T16:30:59.854262+00:00 (successes=6, failures=0)
[2025-12-04T17:30:53.437441+00:00] ================================================================================
[2025-12-04T17:30:53.444214+00:00] Core monitors bundle run started at 2025-12-04T17:30:53.437390+00:00
[2025-12-04T17:30:53.448364+00:00] START: agents/absorption_runner_agent.py
[2025-12-04T17:30:58.640078+00:00] SUCCESS: agents/absorption_runner_agent.py (exit 0)
[2025-12-04T17:30:58.644743+00:00] START: agents/absorption_monitor_agent.py
[2025-12-04T17:31:01.350904+00:00] SUCCESS: agents/absorption_monitor_agent.py (exit 0)
[2025-12-04T17:31:01.356772+00:00] START: agents/geofence_sms_seed_agent.py
[2025-12-04T17:31:01.487210+00:00] SUCCESS: agents/geofence_sms_seed_agent.py (exit 0)
[2025-12-04T17:31:01.492802+00:00] START: agents/geofence_sms_monitor_agent.py
[2025-12-04T17:31:01.809883+00:00] SUCCESS: agents/geofence_sms_monitor_agent.py (exit 0)
[2025-12-04T17:31:01.814484+00:00] START: agents/gmail_activity_seed_agent.py
[2025-12-04T17:31:01.974576+00:00] SUCCESS: agents/gmail_activity_seed_agent.py (exit 0)
[2025-12-04T17:31:01.984779+00:00] START: agents/gmail_monitor_agent.py
[2025-12-04T17:31:02.266228+00:00] SUCCESS: agents/gmail_monitor_agent.py (exit 0)
[2025-12-04T17:31:02.271905+00:00] Core monitors bundle completed at 2025-12-04T17:31:02.271876+00:00 (successes=6, failures=0)
[2025-12-04T18:30:52.994024+00:00] ================================================================================
[2025-12-04T18:30:52.998411+00:00] Core monitors bundle run started at 2025-12-04T18:30:52.993980+00:00
[2025-12-04T18:30:53.003648+00:00] START: agents/absorption_runner_agent.py
[2025-12-04T18:30:57.820664+00:00] SUCCESS: agents/absorption_runner_agent.py (exit 0)
[2025-12-04T18:30:57.824182+00:00] START: agents/absorption_monitor_agent.py
[2025-12-04T18:31:00.850655+00:00] SUCCESS: agents/absorption_monitor_agent.py (exit 0)
[2025-12-04T18:31:00.856745+00:00] START: agents/geofence_sms_seed_agent.py
[2025-12-04T18:31:00.964765+00:00] SUCCESS: agents/geofence_sms_seed_agent.py (exit 0)
[2025-12-04T18:31:00.968495+00:00] START: agents/geofence_sms_monitor_agent.py
[2025-12-04T18:31:01.132125+00:00] SUCCESS: agents/geofence_sms_monitor_agent.py (exit 0)
[2025-12-04T18:31:01.135807+00:00] START: agents/gmail_activity_seed_agent.py
[2025-12-04T18:31:01.238283+00:00] SUCCESS: agents/gmail_activity_seed_agent.py (exit 0)
[2025-12-04T18:31:01.241872+00:00] START: agents/gmail_monitor_agent.py
[2025-12-04T18:31:01.398925+00:00] SUCCESS: agents/gmail_monitor_agent.py (exit 0)
[2025-12-04T18:31:01.402187+00:00] Core monitors bundle completed at 2025-12-04T18:31:01.402168+00:00 (successes=6, failures=0)
[2025-12-04T19:30:50.791514+00:00] ================================================================================
[2025-12-04T19:30:50.796529+00:00] Core monitors bundle run started at 2025-12-04T19:30:50.791473+00:00
[2025-12-04T19:30:50.800882+00:00] START: agents/absorption_runner_agent.py
[2025-12-04T19:30:56.200239+00:00] SUCCESS: agents/absorption_runner_agent.py (exit 0)
[2025-12-04T19:30:56.209471+00:00] START: agents/absorption_monitor_agent.py
[2025-12-04T19:30:58.768060+00:00] SUCCESS: agents/absorption_monitor_agent.py (exit 0)
[2025-12-04T19:30:58.771212+00:00] START: agents/geofence_sms_seed_agent.py
[2025-12-04T19:30:58.895407+00:00] SUCCESS: agents/geofence_sms_seed_agent.py (exit 0)
[2025-12-04T19:30:58.899558+00:00] START: agents/geofence_sms_monitor_agent.py
[2025-12-04T19:30:59.066395+00:00] SUCCESS: agents/geofence_sms_monitor_agent.py (exit 0)
[2025-12-04T19:30:59.071633+00:00] START: agents/gmail_activity_seed_agent.py
[2025-12-04T19:30:59.180657+00:00] SUCCESS: agents/gmail_activity_seed_agent.py (exit 0)
[2025-12-04T19:30:59.185958+00:00] START: agents/gmail_monitor_agent.py
[2025-12-04T19:30:59.290298+00:00] SUCCESS: agents/gmail_monitor_agent.py (exit 0)
[2025-12-04T19:30:59.293571+00:00] Core monitors bundle completed at 2025-12-04T19:30:59.293556+00:00 (successes=6, failures=0)
[2025-12-04T20:30:47.204008+00:00] ================================================================================
[2025-12-04T20:30:47.208116+00:00] Core monitors bundle run started at 2025-12-04T20:30:47.203972+00:00
[2025-12-04T20:30:47.215870+00:00] START: agents/absorption_runner_agent.py
[2025-12-04T20:30:52.431611+00:00] SUCCESS: agents/absorption_runner_agent.py (exit 0)
[2025-12-04T20:30:52.435324+00:00] START: agents/absorption_monitor_agent.py
[2025-12-04T20:30:55.277676+00:00] SUCCESS: agents/absorption_monitor_agent.py (exit 0)
[2025-12-04T20:30:55.282736+00:00] START: agents/geofence_sms_seed_agent.py
[2025-12-04T20:30:55.381176+00:00] SUCCESS: agents/geofence_sms_seed_agent.py (exit 0)
[2025-12-04T20:30:55.384798+00:00] START: agents/geofence_sms_monitor_agent.py
[2025-12-04T20:30:55.570493+00:00] SUCCESS: agents/geofence_sms_monitor_agent.py (exit 0)
[2025-12-04T20:30:55.574795+00:00] START: agents/gmail_activity_seed_agent.py
[2025-12-04T20:30:55.681716+00:00] SUCCESS: agents/gmail_activity_seed_agent.py (exit 0)
[2025-12-04T20:30:55.686884+00:00] START: agents/gmail_monitor_agent.py
[2025-12-04T20:30:55.868978+00:00] SUCCESS: agents/gmail_monitor_agent.py (exit 0)
[2025-12-04T20:30:55.876491+00:00] Core monitors bundle completed at 2025-12-04T20:30:55.876472+00:00 (successes=6, failures=0)
[2025-12-04T21:30:47.052781+00:00] ================================================================================
[2025-12-04T21:30:47.057409+00:00] Core monitors bundle run started at 2025-12-04T21:30:47.052750+00:00
[2025-12-04T21:30:47.061911+00:00] START: agents/absorption_runner_agent.py
[2025-12-04T21:30:51.276713+00:00] SUCCESS: agents/absorption_runner_agent.py (exit 0)
[2025-12-04T21:30:51.279854+00:00] START: agents/absorption_monitor_agent.py
[2025-12-04T21:30:53.037489+00:00] SUCCESS: agents/absorption_monitor_agent.py (exit 0)
[2025-12-04T21:30:53.041449+00:00] START: agents/geofence_sms_seed_agent.py
[2025-12-04T21:30:53.108969+00:00] SUCCESS: agents/geofence_sms_seed_agent.py (exit 0)
[2025-12-04T21:30:53.112458+00:00] START: agents/geofence_sms_monitor_agent.py
[2025-12-04T21:30:53.210331+00:00] SUCCESS: agents/geofence_sms_monitor_agent.py (exit 0)
[2025-12-04T21:30:53.213764+00:00] START: agents/gmail_activity_seed_agent.py
[2025-12-04T21:30:53.267217+00:00] SUCCESS: agents/gmail_activity_seed_agent.py (exit 0)
[2025-12-04T21:30:53.270333+00:00] START: agents/gmail_monitor_agent.py
[2025-12-04T21:30:53.366474+00:00] SUCCESS: agents/gmail_monitor_agent.py (exit 0)
[2025-12-04T21:30:53.370503+00:00] Core monitors bundle completed at 2025-12-04T21:30:53.370491+00:00 (successes=6, failures=0)
[2025-12-04T22:30:52.676902+00:00] ================================================================================
[2025-12-04T22:30:52.682298+00:00] Core monitors bundle run started at 2025-12-04T22:30:52.676866+00:00
[2025-12-04T22:30:52.686412+00:00] START: agents/absorption_runner_agent.py
[2025-12-04T22:30:57.778188+00:00] SUCCESS: agents/absorption_runner_agent.py (exit 0)
[2025-12-04T22:30:57.784359+00:00] START: agents/absorption_monitor_agent.py
[2025-12-04T22:31:00.148710+00:00] SUCCESS: agents/absorption_monitor_agent.py (exit 0)
[2025-12-04T22:31:00.152074+00:00] START: agents/geofence_sms_seed_agent.py
[2025-12-04T22:31:00.213386+00:00] SUCCESS: agents/geofence_sms_seed_agent.py (exit 0)
[2025-12-04T22:31:00.216957+00:00] START: agents/geofence_sms_monitor_agent.py
[2025-12-04T22:31:00.376840+00:00] SUCCESS: agents/geofence_sms_monitor_agent.py (exit 0)
[2025-12-04T22:31:00.383955+00:00] START: agents/gmail_activity_seed_agent.py
[2025-12-04T22:31:00.478887+00:00] SUCCESS: agents/gmail_activity_seed_agent.py (exit 0)
[2025-12-04T22:31:00.482483+00:00] START: agents/gmail_monitor_agent.py
[2025-12-04T22:31:00.624464+00:00] SUCCESS: agents/gmail_monitor_agent.py (exit 0)
[2025-12-04T22:31:00.627688+00:00] Core monitors bundle completed at 2025-12-04T22:31:00.627678+00:00 (successes=6, failures=0)
[2025-12-04T23:30:49.429263+00:00] ================================================================================
[2025-12-04T23:30:49.435073+00:00] Core monitors bundle run started at 2025-12-04T23:30:49.429224+00:00
[2025-12-04T23:30:49.438565+00:00] START: agents/absorption_runner_agent.py
[2025-12-04T23:30:54.391044+00:00] SUCCESS: agents/absorption_runner_agent.py (exit 0)
[2025-12-04T23:30:54.394742+00:00] START: agents/absorption_monitor_agent.py
[2025-12-04T23:30:56.426567+00:00] SUCCESS: agents/absorption_monitor_agent.py (exit 0)
[2025-12-04T23:30:56.430004+00:00] START: agents/geofence_sms_seed_agent.py
[2025-12-04T23:30:56.503264+00:00] SUCCESS: agents/geofence_sms_seed_agent.py (exit 0)
[2025-12-04T23:30:56.506769+00:00] START: agents/geofence_sms_monitor_agent.py
[2025-12-04T23:30:56.630076+00:00] SUCCESS: agents/geofence_sms_monitor_agent.py (exit 0)
[2025-12-04T23:30:56.633557+00:00] START: agents/gmail_activity_seed_agent.py
[2025-12-04T23:30:56.713795+00:00] SUCCESS: agents/gmail_activity_seed_agent.py (exit 0)
[2025-12-04T23:30:56.716608+00:00] START: agents/gmail_monitor_agent.py
[2025-12-04T23:30:56.857953+00:00] SUCCESS: agents/gmail_monitor_agent.py (exit 0)
[2025-12-04T23:30:56.861920+00:00] Core monitors bundle completed at 2025-12-04T23:30:56.861902+00:00 (successes=6, failures=0)
[2025-12-05T00:30:50.747268+00:00] ================================================================================
[2025-12-05T00:30:50.752128+00:00] Core monitors bundle run started at 2025-12-05T00:30:50.747234+00:00
[2025-12-05T00:30:50.756646+00:00] START: agents/absorption_runner_agent.py
[2025-12-05T00:30:55.075139+00:00] SUCCESS: agents/absorption_runner_agent.py (exit 0)
[2025-12-05T00:30:55.080931+00:00] START: agents/absorption_monitor_agent.py
[2025-12-05T00:30:56.588806+00:00] SUCCESS: agents/absorption_monitor_agent.py (exit 0)
[2025-12-05T00:30:56.592224+00:00] START: agents/geofence_sms_seed_agent.py
[2025-12-05T00:30:56.663195+00:00] SUCCESS: agents/geofence_sms_seed_agent.py (exit 0)
[2025-12-05T00:30:56.666925+00:00] START: agents/geofence_sms_monitor_agent.py
[2025-12-05T00:30:56.767176+00:00] SUCCESS: agents/geofence_sms_monitor_agent.py (exit 0)
[2025-12-05T00:30:56.771148+00:00] START: agents/gmail_activity_seed_agent.py
[2025-12-05T00:30:56.822922+00:00] SUCCESS: agents/gmail_activity_seed_agent.py (exit 0)
[2025-12-05T00:30:56.829824+00:00] START: agents/gmail_monitor_agent.py
[2025-12-05T00:30:56.933898+00:00] SUCCESS: agents/gmail_monitor_agent.py (exit 0)
[2025-12-05T00:30:56.936361+00:00] Core monitors bundle completed at 2025-12-05T00:30:56.936347+00:00 (successes=6, failures=0)
[2025-12-05T01:30:46.716203+00:00] ================================================================================
[2025-12-05T01:30:46.720119+00:00] Core monitors bundle run started at 2025-12-05T01:30:46.716171+00:00
[2025-12-05T01:30:46.723857+00:00] START: agents/absorption_runner_agent.py
[2025-12-05T01:30:50.591638+00:00] SUCCESS: agents/absorption_runner_agent.py (exit 0)
[2025-12-05T01:30:50.595198+00:00] START: agents/absorption_monitor_agent.py
[2025-12-05T01:30:52.356457+00:00] SUCCESS: agents/absorption_monitor_agent.py (exit 0)
[2025-12-05T01:30:52.359395+00:00] START: agents/geofence_sms_seed_agent.py
[2025-12-05T01:30:52.438974+00:00] SUCCESS: agents/geofence_sms_seed_agent.py (exit 0)
[2025-12-05T01:30:52.442481+00:00] START: agents/geofence_sms_monitor_agent.py
[2025-12-05T01:30:52.571798+00:00] SUCCESS: agents/geofence_sms_monitor_agent.py (exit 0)
[2025-12-05T01:30:52.575257+00:00] START: agents/gmail_activity_seed_agent.py
[2025-12-05T01:30:52.631996+00:00] SUCCESS: agents/gmail_activity_seed_agent.py (exit 0)
[2025-12-05T01:30:52.635481+00:00] START: agents/gmail_monitor_agent.py
[2025-12-05T01:30:52.727888+00:00] SUCCESS: agents/gmail_monitor_agent.py (exit 0)
[2025-12-05T01:30:52.730999+00:00] Core monitors bundle completed at 2025-12-05T01:30:52.730988+00:00 (successes=6, failures=0)
[2025-12-05T02:30:47.332780+00:00] ================================================================================
[2025-12-05T02:30:47.339506+00:00] Core monitors bundle run started at 2025-12-05T02:30:47.332746+00:00
[2025-12-05T02:30:47.345041+00:00] START: agents/absorption_runner_agent.py
[2025-12-05T02:30:52.350482+00:00] SUCCESS: agents/absorption_runner_agent.py (exit 0)
[2025-12-05T02:30:52.354067+00:00] START: agents/absorption_monitor_agent.py
[2025-12-05T02:30:53.975874+00:00] SUCCESS: agents/absorption_monitor_agent.py (exit 0)
[2025-12-05T02:30:53.979418+00:00] START: agents/geofence_sms_seed_agent.py
[2025-12-05T02:30:54.085049+00:00] SUCCESS: agents/geofence_sms_seed_agent.py (exit 0)
[2025-12-05T02:30:54.088484+00:00] START: agents/geofence_sms_monitor_agent.py
[2025-12-05T02:30:54.228968+00:00] SUCCESS: agents/geofence_sms_monitor_agent.py (exit 0)
[2025-12-05T02:30:54.232330+00:00] START: agents/gmail_activity_seed_agent.py
[2025-12-05T02:30:54.288392+00:00] SUCCESS: agents/gmail_activity_seed_agent.py (exit 0)
[2025-12-05T02:30:54.291095+00:00] START: agents/gmail_monitor_agent.py
[2025-12-05T02:30:54.420551+00:00] SUCCESS: agents/gmail_monitor_agent.py (exit 0)
[2025-12-05T02:30:54.423748+00:00] Core monitors bundle completed at 2025-12-05T02:30:54.423729+00:00 (successes=6, failures=0)
[2025-12-05T03:30:49.269733+00:00] ================================================================================
[2025-12-05T03:30:49.274597+00:00] Core monitors bundle run started at 2025-12-05T03:30:49.269694+00:00
[2025-12-05T03:30:49.278242+00:00] START: agents/absorption_runner_agent.py
[2025-12-05T03:30:53.827704+00:00] SUCCESS: agents/absorption_runner_agent.py (exit 0)
[2025-12-05T03:30:53.832700+00:00] START: agents/absorption_monitor_agent.py
[2025-12-05T03:30:56.492299+00:00] SUCCESS: agents/absorption_monitor_agent.py (exit 0)
[2025-12-05T03:30:56.496482+00:00] START: agents/geofence_sms_seed_agent.py
[2025-12-05T03:30:56.588629+00:00] SUCCESS: agents/geofence_sms_seed_agent.py (exit 0)
[2025-12-05T03:30:56.592033+00:00] START: agents/geofence_sms_monitor_agent.py
[2025-12-05T03:30:56.720307+00:00] SUCCESS: agents/geofence_sms_monitor_agent.py (exit 0)
[2025-12-05T03:30:56.724023+00:00] START: agents/gmail_activity_seed_agent.py
[2025-12-05T03:30:56.802814+00:00] SUCCESS: agents/gmail_activity_seed_agent.py (exit 0)
[2025-12-05T03:30:56.806656+00:00] START: agents/gmail_monitor_agent.py
[2025-12-05T03:30:56.919578+00:00] SUCCESS: agents/gmail_monitor_agent.py (exit 0)
[2025-12-05T03:30:56.922801+00:00] Core monitors bundle completed at 2025-12-05T03:30:56.922785+00:00 (successes=6, failures=0)
[2025-12-05T04:30:48.130009+00:00] ================================================================================
[2025-12-05T04:30:48.132999+00:00] Core monitors bundle run started at 2025-12-05T04:30:48.129974+00:00
[2025-12-05T04:30:48.136668+00:00] START: agents/absorption_runner_agent.py
[2025-12-05T04:30:52.692240+00:00] SUCCESS: agents/absorption_runner_agent.py (exit 0)
[2025-12-05T04:30:52.695873+00:00] START: agents/absorption_monitor_agent.py
[2025-12-05T04:30:56.112817+00:00] SUCCESS: agents/absorption_monitor_agent.py (exit 0)
[2025-12-05T04:30:56.116485+00:00] START: agents/geofence_sms_seed_agent.py
[2025-12-05T04:30:56.266780+00:00] SUCCESS: agents/geofence_sms_seed_agent.py (exit 0)
[2025-12-05T04:30:56.270284+00:00] START: agents/geofence_sms_monitor_agent.py
[2025-12-05T04:30:56.463019+00:00] SUCCESS: agents/geofence_sms_monitor_agent.py (exit 0)
[2025-12-05T04:30:56.468673+00:00] START: agents/gmail_activity_seed_agent.py
[2025-12-05T04:30:56.571638+00:00] SUCCESS: agents/gmail_activity_seed_agent.py (exit 0)
[2025-12-05T04:30:56.578093+00:00] START: agents/gmail_monitor_agent.py
[2025-12-05T04:30:56.743099+00:00] SUCCESS: agents/gmail_monitor_agent.py (exit 0)
[2025-12-05T04:30:56.749260+00:00] Core monitors bundle completed at 2025-12-05T04:30:56.749240+00:00 (successes=6, failures=0)
[2025-12-05T05:30:47.994476+00:00] ================================================================================
[2025-12-05T05:30:47.999461+00:00] Core monitors bundle run started at 2025-12-05T05:30:47.994417+00:00
[2025-12-05T05:30:48.004444+00:00] START: agents/absorption_runner_agent.py
[2025-12-05T05:30:52.825551+00:00] SUCCESS: agents/absorption_runner_agent.py (exit 0)
[2025-12-05T05:30:52.832282+00:00] START: agents/absorption_monitor_agent.py
[2025-12-05T05:30:55.479719+00:00] SUCCESS: agents/absorption_monitor_agent.py (exit 0)
[2025-12-05T05:30:55.489521+00:00] START: agents/geofence_sms_seed_agent.py
[2025-12-05T05:30:55.588200+00:00] SUCCESS: agents/geofence_sms_seed_agent.py (exit 0)
[2025-12-05T05:30:55.591693+00:00] START: agents/geofence_sms_monitor_agent.py
[2025-12-05T05:30:55.761761+00:00] SUCCESS: agents/geofence_sms_monitor_agent.py (exit 0)
[2025-12-05T05:30:55.765470+00:00] START: agents/gmail_activity_seed_agent.py
[2025-12-05T05:30:55.859985+00:00] SUCCESS: agents/gmail_activity_seed_agent.py (exit 0)
[2025-12-05T05:30:55.865749+00:00] START: agents/gmail_monitor_agent.py
[2025-12-05T05:30:56.024589+00:00] SUCCESS: agents/gmail_monitor_agent.py (exit 0)
[2025-12-05T05:30:56.027776+00:00] Core monitors bundle completed at 2025-12-05T05:30:56.027762+00:00 (successes=6, failures=0)
[2025-12-05T06:30:50.642892+00:00] ================================================================================
[2025-12-05T06:30:50.647822+00:00] Core monitors bundle run started at 2025-12-05T06:30:50.642850+00:00
[2025-12-05T06:30:50.652549+00:00] START: agents/absorption_runner_agent.py
[2025-12-05T06:30:56.340733+00:00] SUCCESS: agents/absorption_runner_agent.py (exit 0)
[2025-12-05T06:30:56.344731+00:00] START: agents/absorption_monitor_agent.py
[2025-12-05T06:30:59.673016+00:00] SUCCESS: agents/absorption_monitor_agent.py (exit 0)
[2025-12-05T06:30:59.680769+00:00] START: agents/geofence_sms_seed_agent.py
[2025-12-05T06:30:59.777637+00:00] SUCCESS: agents/geofence_sms_seed_agent.py (exit 0)
[2025-12-05T06:30:59.784114+00:00] START: agents/geofence_sms_monitor_agent.py
[2025-12-05T06:30:59.949370+00:00] SUCCESS: agents/geofence_sms_monitor_agent.py (exit 0)
[2025-12-05T06:30:59.953158+00:00] START: agents/gmail_activity_seed_agent.py
[2025-12-05T06:31:00.039532+00:00] SUCCESS: agents/gmail_activity_seed_agent.py (exit 0)
[2025-12-05T06:31:00.046839+00:00] START: agents/gmail_monitor_agent.py
[2025-12-05T06:31:00.201570+00:00] SUCCESS: agents/gmail_monitor_agent.py (exit 0)
[2025-12-05T06:31:00.204951+00:00] Core monitors bundle completed at 2025-12-05T06:31:00.204933+00:00 (successes=6, failures=0)
[2025-12-05T07:04:16.623944+00:00] ================================================================================
[2025-12-05T07:04:16.629637+00:00] Core monitors bundle run started at 2025-12-05T07:04:16.623915+00:00
[2025-12-05T07:04:16.635473+00:00] START: agents/absorption_runner_agent.py
[2025-12-05T07:04:21.168934+00:00] SUCCESS: agents/absorption_runner_agent.py (exit 0)
[2025-12-05T07:04:21.173685+00:00] START: agents/absorption_monitor_agent.py
[2025-12-05T07:04:21.554028+00:00] ================================================================================
[2025-12-05T07:04:21.558189+00:00] Core monitors bundle run started at 2025-12-05T07:04:21.554008+00:00
[2025-12-05T07:04:21.562221+00:00] START: agents/absorption_runner_agent.py
[2025-12-05T07:04:22.723838+00:00] SUCCESS: agents/absorption_runner_agent.py (exit 0)
[2025-12-05T07:04:22.728159+00:00] START: agents/absorption_monitor_agent.py
[2025-12-05T07:30:45.426910+00:00] ================================================================================
[2025-12-05T07:30:45.431253+00:00] Core monitors bundle run started at 2025-12-05T07:30:45.426872+00:00
[2025-12-05T07:30:45.437638+00:00] START: agents/absorption_runner_agent.py
[2025-12-05T07:30:50.192364+00:00] SUCCESS: agents/absorption_runner_agent.py (exit 0)
[2025-12-05T07:30:50.195808+00:00] START: agents/absorption_monitor_agent.py
[2025-12-05T07:30:52.686495+00:00] SUCCESS: agents/absorption_monitor_agent.py (exit 0)
[2025-12-05T07:30:52.690410+00:00] START: agents/geofence_sms_seed_agent.py
[2025-12-05T07:30:52.765929+00:00] SUCCESS: agents/geofence_sms_seed_agent.py (exit 0)
[2025-12-05T07:30:52.768787+00:00] START: agents/geofence_sms_monitor_agent.py
[2025-12-05T07:30:52.875400+00:00] SUCCESS: agents/geofence_sms_monitor_agent.py (exit 0)
[2025-12-05T07:30:52.879073+00:00] START: agents/gmail_activity_seed_agent.py
[2025-12-05T07:30:52.994992+00:00] SUCCESS: agents/gmail_activity_seed_agent.py (exit 0)
[2025-12-05T07:30:52.998808+00:00] START: agents/gmail_monitor_agent.py
[2025-12-05T07:30:53.136150+00:00] SUCCESS: agents/gmail_monitor_agent.py (exit 0)
[2025-12-05T07:30:53.139121+00:00] Core monitors bundle completed at 2025-12-05T07:30:53.139104+00:00 (successes=6, failures=0)
[2025-12-05T08:30:44.896794+00:00] ================================================================================
[2025-12-05T08:30:44.902073+00:00] Core monitors bundle run started at 2025-12-05T08:30:44.896760+00:00
[2025-12-05T08:30:44.906757+00:00] START: agents/absorption_runner_agent.py
[2025-12-05T08:30:48.639683+00:00] SUCCESS: agents/absorption_runner_agent.py (exit 0)
[2025-12-05T08:30:48.643183+00:00] START: agents/absorption_monitor_agent.py
[2025-12-05T08:30:50.400195+00:00] SUCCESS: agents/absorption_monitor_agent.py (exit 0)
[2025-12-05T08:30:50.404358+00:00] START: agents/geofence_sms_seed_agent.py
[2025-12-05T08:30:50.474009+00:00] SUCCESS: agents/geofence_sms_seed_agent.py (exit 0)
[2025-12-05T08:30:50.477643+00:00] START: agents/geofence_sms_monitor_agent.py
[2025-12-05T08:30:50.577549+00:00] SUCCESS: agents/geofence_sms_monitor_agent.py (exit 0)
[2025-12-05T08:30:50.582644+00:00] START: agents/gmail_activity_seed_agent.py
[2025-12-05T08:30:50.647950+00:00] SUCCESS: agents/gmail_activity_seed_agent.py (exit 0)
[2025-12-05T08:30:50.651761+00:00] START: agents/gmail_monitor_agent.py
[2025-12-05T08:30:50.751947+00:00] SUCCESS: agents/gmail_monitor_agent.py (exit 0)
[2025-12-05T08:30:50.755233+00:00] Core monitors bundle completed at 2025-12-05T08:30:50.755216+00:00 (successes=6, failures=0)
[2025-12-05T09:30:44.015547+00:00] ================================================================================
[2025-12-05T09:30:44.020586+00:00] Core monitors bundle run started at 2025-12-05T09:30:44.015479+00:00
[2025-12-05T09:30:44.024231+00:00] START: agents/absorption_runner_agent.py
[2025-12-05T09:30:48.672506+00:00] SUCCESS: agents/absorption_runner_agent.py (exit 0)
[2025-12-05T09:30:48.676490+00:00] START: agents/absorption_monitor_agent.py
[2025-12-05T09:30:50.995103+00:00] SUCCESS: agents/absorption_monitor_agent.py (exit 0)
[2025-12-05T09:30:50.998781+00:00] START: agents/geofence_sms_seed_agent.py
[2025-12-05T09:30:51.089376+00:00] SUCCESS: agents/geofence_sms_seed_agent.py (exit 0)
[2025-12-05T09:30:51.093182+00:00] START: agents/geofence_sms_monitor_agent.py
[2025-12-05T09:30:51.252314+00:00] SUCCESS: agents/geofence_sms_monitor_agent.py (exit 0)
[2025-12-05T09:30:51.256467+00:00] START: agents/gmail_activity_seed_agent.py
[2025-12-05T09:30:51.340607+00:00] SUCCESS: agents/gmail_activity_seed_agent.py (exit 0)
[2025-12-05T09:30:51.343604+00:00] START: agents/gmail_monitor_agent.py
[2025-12-05T09:30:51.493882+00:00] SUCCESS: agents/gmail_monitor_agent.py (exit 0)
[2025-12-05T09:30:51.497377+00:00] Core monitors bundle completed at 2025-12-05T09:30:51.497360+00:00 (successes=6, failures=0)
[2025-12-05T10:30:44.197043+00:00] ================================================================================
[2025-12-05T10:30:44.200481+00:00] Core monitors bundle run started at 2025-12-05T10:30:44.197003+00:00
[2025-12-05T10:30:44.205142+00:00] START: agents/absorption_runner_agent.py
[2025-12-05T10:30:48.524062+00:00] SUCCESS: agents/absorption_runner_agent.py (exit 0)
[2025-12-05T10:30:48.526894+00:00] START: agents/absorption_monitor_agent.py
[2025-12-05T10:30:50.187398+00:00] SUCCESS: agents/absorption_monitor_agent.py (exit 0)
[2025-12-05T10:30:50.190849+00:00] START: agents/geofence_sms_seed_agent.py
[2025-12-05T10:30:50.262379+00:00] SUCCESS: agents/geofence_sms_seed_agent.py (exit 0)
[2025-12-05T10:30:50.266037+00:00] START: agents/geofence_sms_monitor_agent.py
[2025-12-05T10:30:50.375013+00:00] SUCCESS: agents/geofence_sms_monitor_agent.py (exit 0)
[2025-12-05T10:30:50.377940+00:00] START: agents/gmail_activity_seed_agent.py
[2025-12-05T10:30:50.436114+00:00] SUCCESS: agents/gmail_activity_seed_agent.py (exit 0)
[2025-12-05T10:30:50.439403+00:00] START: agents/gmail_monitor_agent.py
[2025-12-05T10:30:50.548076+00:00] SUCCESS: agents/gmail_monitor_agent.py (exit 0)
[2025-12-05T10:30:50.551306+00:00] Core monitors bundle completed at 2025-12-05T10:30:50.551293+00:00 (successes=6, failures=0)
[2025-12-05T11:30:44.345970+00:00] ================================================================================
[2025-12-05T11:30:44.350463+00:00] Core monitors bundle run started at 2025-12-05T11:30:44.345933+00:00
[2025-12-05T11:30:44.354645+00:00] START: agents/absorption_runner_agent.py
[2025-12-05T11:30:48.136093+00:00] SUCCESS: agents/absorption_runner_agent.py (exit 0)
[2025-12-05T11:30:48.139178+00:00] START: agents/absorption_monitor_agent.py
[2025-12-05T11:30:49.965123+00:00] SUCCESS: agents/absorption_monitor_agent.py (exit 0)
[2025-12-05T11:30:49.968651+00:00] START: agents/geofence_sms_seed_agent.py
[2025-12-05T11:30:50.038009+00:00] SUCCESS: agents/geofence_sms_seed_agent.py (exit 0)
[2025-12-05T11:30:50.041668+00:00] START: agents/geofence_sms_monitor_agent.py
[2025-12-05T11:30:50.141928+00:00] SUCCESS: agents/geofence_sms_monitor_agent.py (exit 0)
[2025-12-05T11:30:50.145213+00:00] START: agents/gmail_activity_seed_agent.py
[2025-12-05T11:30:50.207465+00:00] SUCCESS: agents/gmail_activity_seed_agent.py (exit 0)
[2025-12-05T11:30:50.210846+00:00] START: agents/gmail_monitor_agent.py
[2025-12-05T11:30:50.308931+00:00] SUCCESS: agents/gmail_monitor_agent.py (exit 0)
[2025-12-05T11:30:50.312096+00:00] Core monitors bundle completed at 2025-12-05T11:30:50.312081+00:00 (successes=6, failures=0)
[2025-12-05T12:30:41.905788+00:00] ================================================================================
[2025-12-05T12:30:41.910253+00:00] Core monitors bundle run started at 2025-12-05T12:30:41.905750+00:00
[2025-12-05T12:30:41.914023+00:00] START: agents/absorption_runner_agent.py
[2025-12-05T12:30:46.570865+00:00] SUCCESS: agents/absorption_runner_agent.py (exit 0)
[2025-12-05T12:30:46.575467+00:00] START: agents/absorption_monitor_agent.py
[2025-12-05T12:30:48.165903+00:00] SUCCESS: agents/absorption_monitor_agent.py (exit 0)
[2025-12-05T12:30:48.170109+00:00] START: agents/geofence_sms_seed_agent.py
[2025-12-05T12:30:48.240639+00:00] SUCCESS: agents/geofence_sms_seed_agent.py (exit 0)
[2025-12-05T12:30:48.245479+00:00] START: agents/geofence_sms_monitor_agent.py
[2025-12-05T12:30:48.356094+00:00] SUCCESS: agents/geofence_sms_monitor_agent.py (exit 0)
[2025-12-05T12:30:48.360441+00:00] START: agents/gmail_activity_seed_agent.py
[2025-12-05T12:30:48.416558+00:00] SUCCESS: agents/gmail_activity_seed_agent.py (exit 0)
[2025-12-05T12:30:48.420018+00:00] START: agents/gmail_monitor_agent.py
[2025-12-05T12:30:48.529938+00:00] SUCCESS: agents/gmail_monitor_agent.py (exit 0)
[2025-12-05T12:30:48.534545+00:00] Core monitors bundle completed at 2025-12-05T12:30:48.534536+00:00 (successes=6, failures=0)
[2025-12-05T13:30:46.869954+00:00] ================================================================================
[2025-12-05T13:30:46.874741+00:00] Core monitors bundle run started at 2025-12-05T13:30:46.869921+00:00
[2025-12-05T13:30:46.878491+00:00] START: agents/absorption_runner_agent.py
[2025-12-05T13:30:50.372352+00:00] SUCCESS: agents/absorption_runner_agent.py (exit 0)
[2025-12-05T13:30:50.376010+00:00] START: agents/absorption_monitor_agent.py
[2025-12-05T13:30:51.838777+00:00] SUCCESS: agents/absorption_monitor_agent.py (exit 0)
[2025-12-05T13:30:51.842783+00:00] START: agents/geofence_sms_seed_agent.py
[2025-12-05T13:30:51.929707+00:00] SUCCESS: agents/geofence_sms_seed_agent.py (exit 0)
[2025-12-05T13:30:51.933607+00:00] START: agents/geofence_sms_monitor_agent.py
[2025-12-05T13:30:52.065453+00:00] SUCCESS: agents/geofence_sms_monitor_agent.py (exit 0)
[2025-12-05T13:30:52.068895+00:00] START: agents/gmail_activity_seed_agent.py
[2025-12-05T13:30:52.127737+00:00] SUCCESS: agents/gmail_activity_seed_agent.py (exit 0)
[2025-12-05T13:30:52.132074+00:00] START: agents/gmail_monitor_agent.py
[2025-12-05T13:30:52.403548+00:00] SUCCESS: agents/gmail_monitor_agent.py (exit 0)
[2025-12-05T13:30:52.407859+00:00] Core monitors bundle completed at 2025-12-05T13:30:52.407843+00:00 (successes=6, failures=0)
[2025-12-05T14:30:45.316870+00:00] ================================================================================
[2025-12-05T14:30:45.323096+00:00] Core monitors bundle run started at 2025-12-05T14:30:45.316835+00:00
[2025-12-05T14:30:45.327885+00:00] START: agents/absorption_runner_agent.py
[2025-12-05T14:30:48.772489+00:00] SUCCESS: agents/absorption_runner_agent.py (exit 0)
[2025-12-05T14:30:48.776314+00:00] START: agents/absorption_monitor_agent.py
[2025-12-05T14:30:50.500341+00:00] SUCCESS: agents/absorption_monitor_agent.py (exit 0)
[2025-12-05T14:30:50.503516+00:00] START: agents/geofence_sms_seed_agent.py
[2025-12-05T14:30:50.578362+00:00] SUCCESS: agents/geofence_sms_seed_agent.py (exit 0)
[2025-12-05T14:30:50.581659+00:00] START: agents/geofence_sms_monitor_agent.py
[2025-12-05T14:30:50.700617+00:00] SUCCESS: agents/geofence_sms_monitor_agent.py (exit 0)
[2025-12-05T14:30:50.704895+00:00] START: agents/gmail_activity_seed_agent.py
[2025-12-05T14:30:50.759293+00:00] SUCCESS: agents/gmail_activity_seed_agent.py (exit 0)
[2025-12-05T14:30:50.762672+00:00] START: agents/gmail_monitor_agent.py
[2025-12-05T14:30:50.856566+00:00] SUCCESS: agents/gmail_monitor_agent.py (exit 0)
[2025-12-05T14:30:50.859338+00:00] Core monitors bundle completed at 2025-12-05T14:30:50.859329+00:00 (successes=6, failures=0)
[2025-12-05T15:30:43.641477+00:00] ================================================================================
[2025-12-05T15:30:43.646345+00:00] Core monitors bundle run started at 2025-12-05T15:30:43.641420+00:00
[2025-12-05T15:30:43.649899+00:00] START: agents/absorption_runner_agent.py
[2025-12-05T15:30:46.231411+00:00] SUCCESS: agents/absorption_runner_agent.py (exit 0)
[2025-12-05T15:30:46.234154+00:00] START: agents/absorption_monitor_agent.py
[2025-12-05T15:30:47.734540+00:00] SUCCESS: agents/absorption_monitor_agent.py (exit 0)
[2025-12-05T15:30:47.738977+00:00] START: agents/geofence_sms_seed_agent.py
[2025-12-05T15:30:47.803698+00:00] SUCCESS: agents/geofence_sms_seed_agent.py (exit 0)
[2025-12-05T15:30:47.808738+00:00] START: agents/geofence_sms_monitor_agent.py
[2025-12-05T15:30:47.910857+00:00] SUCCESS: agents/geofence_sms_monitor_agent.py (exit 0)
[2025-12-05T15:30:47.915713+00:00] START: agents/gmail_activity_seed_agent.py
[2025-12-05T15:30:47.971022+00:00] SUCCESS: agents/gmail_activity_seed_agent.py (exit 0)
[2025-12-05T15:30:47.974876+00:00] START: agents/gmail_monitor_agent.py
[2025-12-05T15:30:48.071564+00:00] SUCCESS: agents/gmail_monitor_agent.py (exit 0)
[2025-12-05T15:30:48.075109+00:00] Core monitors bundle completed at 2025-12-05T15:30:48.075096+00:00 (successes=6, failures=0)
[2025-12-05T16:30:49.342200+00:00] ================================================================================
[2025-12-05T16:30:49.347221+00:00] Core monitors bundle run started at 2025-12-05T16:30:49.342162+00:00
[2025-12-05T16:30:49.350203+00:00] START: agents/absorption_runner_agent.py
[2025-12-05T16:30:53.308235+00:00] SUCCESS: agents/absorption_runner_agent.py (exit 0)
[2025-12-05T16:30:53.310972+00:00] START: agents/absorption_monitor_agent.py
[2025-12-05T16:30:54.819029+00:00] SUCCESS: agents/absorption_monitor_agent.py (exit 0)
[2025-12-05T16:30:54.821837+00:00] START: agents/geofence_sms_seed_agent.py
[2025-12-05T16:30:54.955991+00:00] SUCCESS: agents/geofence_sms_seed_agent.py (exit 0)
[2025-12-05T16:30:54.960393+00:00] START: agents/geofence_sms_monitor_agent.py
[2025-12-05T16:30:55.126411+00:00] SUCCESS: agents/geofence_sms_monitor_agent.py (exit 0)
[2025-12-05T16:30:55.133479+00:00] START: agents/gmail_activity_seed_agent.py
[2025-12-05T16:30:55.232147+00:00] SUCCESS: agents/gmail_activity_seed_agent.py (exit 0)
[2025-12-05T16:30:55.235172+00:00] START: agents/gmail_monitor_agent.py
[2025-12-05T16:30:55.346503+00:00] SUCCESS: agents/gmail_monitor_agent.py (exit 0)
[2025-12-05T16:30:55.348986+00:00] Core monitors bundle completed at 2025-12-05T16:30:55.348973+00:00 (successes=6, failures=0)
[2025-12-05T17:30:50.602621+00:00] ================================================================================
[2025-12-05T17:30:50.613279+00:00] Core monitors bundle run started at 2025-12-05T17:30:50.602581+00:00
[2025-12-05T17:30:50.617366+00:00] START: agents/absorption_runner_agent.py
[2025-12-05T17:30:55.241788+00:00] SUCCESS: agents/absorption_runner_agent.py (exit 0)
[2025-12-05T17:30:55.245488+00:00] START: agents/absorption_monitor_agent.py
[2025-12-05T17:30:57.140666+00:00] SUCCESS: agents/absorption_monitor_agent.py (exit 0)
[2025-12-05T17:30:57.144800+00:00] START: agents/geofence_sms_seed_agent.py
[2025-12-05T17:30:57.234216+00:00] SUCCESS: agents/geofence_sms_seed_agent.py (exit 0)
[2025-12-05T17:30:57.238284+00:00] START: agents/geofence_sms_monitor_agent.py
[2025-12-05T17:30:57.346440+00:00] SUCCESS: agents/geofence_sms_monitor_agent.py (exit 0)
[2025-12-05T17:30:57.349278+00:00] START: agents/gmail_activity_seed_agent.py
[2025-12-05T17:30:57.421176+00:00] SUCCESS: agents/gmail_activity_seed_agent.py (exit 0)
[2025-12-05T17:30:57.426177+00:00] START: agents/gmail_monitor_agent.py
[2025-12-05T17:30:57.528022+00:00] SUCCESS: agents/gmail_monitor_agent.py (exit 0)
[2025-12-05T17:30:57.532450+00:00] Core monitors bundle completed at 2025-12-05T17:30:57.532440+00:00 (successes=6, failures=0)
[2025-12-05T18:30:43.615078+00:00] ================================================================================
[2025-12-05T18:30:43.620384+00:00] Core monitors bundle run started at 2025-12-05T18:30:43.615035+00:00
[2025-12-05T18:30:43.624168+00:00] START: agents/absorption_runner_agent.py
[2025-12-05T18:30:48.046914+00:00] SUCCESS: agents/absorption_runner_agent.py (exit 0)
[2025-12-05T18:30:48.052484+00:00] START: agents/absorption_monitor_agent.py
[2025-12-05T18:30:51.064919+00:00] SUCCESS: agents/absorption_monitor_agent.py (exit 0)
[2025-12-05T18:30:51.069887+00:00] START: agents/geofence_sms_seed_agent.py
[2025-12-05T18:30:51.164385+00:00] SUCCESS: agents/geofence_sms_seed_agent.py (exit 0)
[2025-12-05T18:30:51.167837+00:00] START: agents/geofence_sms_monitor_agent.py
[2025-12-05T18:30:51.351037+00:00] SUCCESS: agents/geofence_sms_monitor_agent.py (exit 0)
[2025-12-05T18:30:51.354864+00:00] START: agents/gmail_activity_seed_agent.py
[2025-12-05T18:30:51.450954+00:00] SUCCESS: agents/gmail_activity_seed_agent.py (exit 0)
[2025-12-05T18:30:51.455283+00:00] START: agents/gmail_monitor_agent.py
[2025-12-05T18:30:51.554707+00:00] SUCCESS: agents/gmail_monitor_agent.py (exit 0)
[2025-12-05T18:30:51.557957+00:00] Core monitors bundle completed at 2025-12-05T18:30:51.557942+00:00 (successes=6, failures=0)
[2025-12-05T19:30:44.217719+00:00] ================================================================================
[2025-12-05T19:30:44.223248+00:00] Core monitors bundle run started at 2025-12-05T19:30:44.217685+00:00
[2025-12-05T19:30:44.231336+00:00] START: agents/absorption_runner_agent.py
[2025-12-05T19:30:48.585957+00:00] SUCCESS: agents/absorption_runner_agent.py (exit 0)
[2025-12-05T19:30:48.589353+00:00] START: agents/absorption_monitor_agent.py
[2025-12-05T19:30:50.274847+00:00] SUCCESS: agents/absorption_monitor_agent.py (exit 0)
[2025-12-05T19:30:50.278106+00:00] START: agents/geofence_sms_seed_agent.py
[2025-12-05T19:30:50.346278+00:00] SUCCESS: agents/geofence_sms_seed_agent.py (exit 0)
[2025-12-05T19:30:50.349803+00:00] START: agents/geofence_sms_monitor_agent.py
[2025-12-05T19:30:50.488064+00:00] SUCCESS: agents/geofence_sms_monitor_agent.py (exit 0)
[2025-12-05T19:30:50.495740+00:00] START: agents/gmail_activity_seed_agent.py
[2025-12-05T19:30:50.588820+00:00] SUCCESS: agents/gmail_activity_seed_agent.py (exit 0)
[2025-12-05T19:30:50.592442+00:00] START: agents/gmail_monitor_agent.py
[2025-12-05T19:30:50.743442+00:00] SUCCESS: agents/gmail_monitor_agent.py (exit 0)
[2025-12-05T19:30:50.746571+00:00] Core monitors bundle completed at 2025-12-05T19:30:50.746554+00:00 (successes=6, failures=0)
[2025-12-05T20:30:43.544049+00:00] ================================================================================
[2025-12-05T20:30:43.548453+00:00] Core monitors bundle run started at 2025-12-05T20:30:43.544009+00:00
[2025-12-05T20:30:43.552149+00:00] START: agents/absorption_runner_agent.py
[2025-12-05T20:30:47.755034+00:00] SUCCESS: agents/absorption_runner_agent.py (exit 0)
[2025-12-05T20:30:47.758730+00:00] START: agents/absorption_monitor_agent.py
[2025-12-05T20:30:50.266875+00:00] SUCCESS: agents/absorption_monitor_agent.py (exit 0)
[2025-12-05T20:30:50.272484+00:00] START: agents/geofence_sms_seed_agent.py
[2025-12-05T20:30:50.377504+00:00] SUCCESS: agents/geofence_sms_seed_agent.py (exit 0)
[2025-12-05T20:30:50.382722+00:00] START: agents/geofence_sms_monitor_agent.py
[2025-12-05T20:30:50.548142+00:00] SUCCESS: agents/geofence_sms_monitor_agent.py (exit 0)
[2025-12-05T20:30:50.552034+00:00] START: agents/gmail_activity_seed_agent.py
[2025-12-05T20:30:50.671063+00:00] SUCCESS: agents/gmail_activity_seed_agent.py (exit 0)
[2025-12-05T20:30:50.675696+00:00] START: agents/gmail_monitor_agent.py
[2025-12-05T20:30:50.860941+00:00] SUCCESS: agents/gmail_monitor_agent.py (exit 0)
[2025-12-05T20:30:50.864512+00:00] Core monitors bundle completed at 2025-12-05T20:30:50.864489+00:00 (successes=6, failures=0)
[2025-12-05T21:30:43.246081+00:00] ================================================================================
[2025-12-05T21:30:43.249540+00:00] Core monitors bundle run started at 2025-12-05T21:30:43.246044+00:00
[2025-12-05T21:30:43.254180+00:00] START: agents/absorption_runner_agent.py
[2025-12-05T21:30:45.894509+00:00] SUCCESS: agents/absorption_runner_agent.py (exit 0)
[2025-12-05T21:30:45.897469+00:00] START: agents/absorption_monitor_agent.py
[2025-12-05T21:30:47.318640+00:00] SUCCESS: agents/absorption_monitor_agent.py (exit 0)
[2025-12-05T21:30:47.322720+00:00] START: agents/geofence_sms_seed_agent.py
[2025-12-05T21:30:47.390487+00:00] SUCCESS: agents/geofence_sms_seed_agent.py (exit 0)
[2025-12-05T21:30:47.393871+00:00] START: agents/geofence_sms_monitor_agent.py
[2025-12-05T21:30:47.496671+00:00] SUCCESS: agents/geofence_sms_monitor_agent.py (exit 0)
[2025-12-05T21:30:47.500538+00:00] START: agents/gmail_activity_seed_agent.py
[2025-12-05T21:30:47.555581+00:00] SUCCESS: agents/gmail_activity_seed_agent.py (exit 0)
[2025-12-05T21:30:47.558821+00:00] START: agents/gmail_monitor_agent.py
[2025-12-05T21:30:47.661836+00:00] SUCCESS: agents/gmail_monitor_agent.py (exit 0)
[2025-12-05T21:30:47.665578+00:00] Core monitors bundle completed at 2025-12-05T21:30:47.665567+00:00 (successes=6, failures=0)
[2025-12-05T22:30:48.869888+00:00] ================================================================================
[2025-12-05T22:30:48.874650+00:00] Core monitors bundle run started at 2025-12-05T22:30:48.869851+00:00
[2025-12-05T22:30:48.878286+00:00] START: agents/absorption_runner_agent.py
[2025-12-05T22:30:54.031196+00:00] SUCCESS: agents/absorption_runner_agent.py (exit 0)
[2025-12-05T22:30:54.035015+00:00] START: agents/absorption_monitor_agent.py
[2025-12-05T22:30:56.370642+00:00] SUCCESS: agents/absorption_monitor_agent.py (exit 0)
[2025-12-05T22:30:56.375004+00:00] START: agents/geofence_sms_seed_agent.py
[2025-12-05T22:30:56.447526+00:00] SUCCESS: agents/geofence_sms_seed_agent.py (exit 0)
[2025-12-05T22:30:56.451319+00:00] START: agents/geofence_sms_monitor_agent.py
[2025-12-05T22:30:56.625292+00:00] SUCCESS: agents/geofence_sms_monitor_agent.py (exit 0)
[2025-12-05T22:30:56.632972+00:00] START: agents/gmail_activity_seed_agent.py
[2025-12-05T22:30:56.735420+00:00] SUCCESS: agents/gmail_activity_seed_agent.py (exit 0)
[2025-12-05T22:30:56.737408+00:00] START: agents/gmail_monitor_agent.py
[2025-12-05T22:30:56.841804+00:00] SUCCESS: agents/gmail_monitor_agent.py (exit 0)
[2025-12-05T22:30:56.843458+00:00] Core monitors bundle completed at 2025-12-05T22:30:56.843439+00:00 (successes=6, failures=0)
[2025-12-05T23:30:48.549273+00:00] ================================================================================
[2025-12-05T23:30:48.552718+00:00] Core monitors bundle run started at 2025-12-05T23:30:48.549235+00:00
[2025-12-05T23:30:48.556985+00:00] START: agents/absorption_runner_agent.py
[2025-12-05T23:30:52.610213+00:00] SUCCESS: agents/absorption_runner_agent.py (exit 0)
[2025-12-05T23:30:52.615025+00:00] START: agents/absorption_monitor_agent.py
[2025-12-05T23:30:54.504091+00:00] SUCCESS: agents/absorption_monitor_agent.py (exit 0)
[2025-12-05T23:30:54.508868+00:00] START: agents/geofence_sms_seed_agent.py
[2025-12-05T23:30:54.590505+00:00] SUCCESS: agents/geofence_sms_seed_agent.py (exit 0)
[2025-12-05T23:30:54.594180+00:00] START: agents/geofence_sms_monitor_agent.py
[2025-12-05T23:30:54.762860+00:00] SUCCESS: agents/geofence_sms_monitor_agent.py (exit 0)
[2025-12-05T23:30:54.767237+00:00] START: agents/gmail_activity_seed_agent.py
[2025-12-05T23:30:54.865326+00:00] SUCCESS: agents/gmail_activity_seed_agent.py (exit 0)
[2025-12-05T23:30:54.870000+00:00] START: agents/gmail_monitor_agent.py
[2025-12-05T23:30:55.033268+00:00] SUCCESS: agents/gmail_monitor_agent.py (exit 0)
[2025-12-05T23:30:55.037687+00:00] Core monitors bundle completed at 2025-12-05T23:30:55.037666+00:00 (successes=6, failures=0)
[2025-12-06T00:30:47.294574+00:00] ================================================================================
[2025-12-06T00:30:47.298138+00:00] Core monitors bundle run started at 2025-12-06T00:30:47.294540+00:00
[2025-12-06T00:30:47.302058+00:00] START: agents/absorption_runner_agent.py
[2025-12-06T00:30:50.529992+00:00] SUCCESS: agents/absorption_runner_agent.py (exit 0)
[2025-12-06T00:30:50.533461+00:00] START: agents/absorption_monitor_agent.py
[2025-12-06T00:30:51.972152+00:00] SUCCESS: agents/absorption_monitor_agent.py (exit 0)
[2025-12-06T00:30:51.975729+00:00] START: agents/geofence_sms_seed_agent.py
[2025-12-06T00:30:52.042115+00:00] SUCCESS: agents/geofence_sms_seed_agent.py (exit 0)
[2025-12-06T00:30:52.045571+00:00] START: agents/geofence_sms_monitor_agent.py
[2025-12-06T00:30:52.144267+00:00] SUCCESS: agents/geofence_sms_monitor_agent.py (exit 0)
[2025-12-06T00:30:52.147570+00:00] START: agents/gmail_activity_seed_agent.py
[2025-12-06T00:30:52.202906+00:00] SUCCESS: agents/gmail_activity_seed_agent.py (exit 0)
[2025-12-06T00:30:52.206601+00:00] START: agents/gmail_monitor_agent.py
[2025-12-06T00:30:52.309779+00:00] SUCCESS: agents/gmail_monitor_agent.py (exit 0)
[2025-12-06T00:30:52.313252+00:00] Core monitors bundle completed at 2025-12-06T00:30:52.313240+00:00 (successes=6, failures=0)
[2025-12-06T01:30:42.389593+00:00] ================================================================================
[2025-12-06T01:30:42.394306+00:00] Core monitors bundle run started at 2025-12-06T01:30:42.389553+00:00
[2025-12-06T01:30:42.398044+00:00] START: agents/absorption_runner_agent.py
[2025-12-06T01:30:45.355419+00:00] SUCCESS: agents/absorption_runner_agent.py (exit 0)
[2025-12-06T01:30:45.358928+00:00] START: agents/absorption_monitor_agent.py
[2025-12-06T01:30:46.869639+00:00] SUCCESS: agents/absorption_monitor_agent.py (exit 0)
[2025-12-06T01:30:46.873097+00:00] START: agents/geofence_sms_seed_agent.py
[2025-12-06T01:30:46.937659+00:00] SUCCESS: agents/geofence_sms_seed_agent.py (exit 0)
[2025-12-06T01:30:46.941100+00:00] START: agents/geofence_sms_monitor_agent.py
[2025-12-06T01:30:47.039252+00:00] SUCCESS: agents/geofence_sms_monitor_agent.py (exit 0)
[2025-12-06T01:30:47.042585+00:00] START: agents/gmail_activity_seed_agent.py
[2025-12-06T01:30:47.099488+00:00] SUCCESS: agents/gmail_activity_seed_agent.py (exit 0)
[2025-12-06T01:30:47.102816+00:00] START: agents/gmail_monitor_agent.py
[2025-12-06T01:30:47.199864+00:00] SUCCESS: agents/gmail_monitor_agent.py (exit 0)
[2025-12-06T01:30:47.203102+00:00] Core monitors bundle completed at 2025-12-06T01:30:47.203089+00:00 (successes=6, failures=0)
[2025-12-06T02:30:43.091907+00:00] ================================================================================
[2025-12-06T02:30:43.097459+00:00] Core monitors bundle run started at 2025-12-06T02:30:43.091857+00:00
[2025-12-06T02:30:43.101144+00:00] START: agents/absorption_runner_agent.py
[2025-12-06T02:30:47.110970+00:00] SUCCESS: agents/absorption_runner_agent.py (exit 0)
[2025-12-06T02:30:47.114744+00:00] START: agents/absorption_monitor_agent.py
[2025-12-06T02:30:48.610051+00:00] SUCCESS: agents/absorption_monitor_agent.py (exit 0)
[2025-12-06T02:30:48.613383+00:00] START: agents/geofence_sms_seed_agent.py
[2025-12-06T02:30:48.678225+00:00] SUCCESS: agents/geofence_sms_seed_agent.py (exit 0)
[2025-12-06T02:30:48.681725+00:00] START: agents/geofence_sms_monitor_agent.py
[2025-12-06T02:30:48.779288+00:00] SUCCESS: agents/geofence_sms_monitor_agent.py (exit 0)
[2025-12-06T02:30:48.782738+00:00] START: agents/gmail_activity_seed_agent.py
[2025-12-06T02:30:48.838925+00:00] SUCCESS: agents/gmail_activity_seed_agent.py (exit 0)
[2025-12-06T02:30:48.842208+00:00] START: agents/gmail_monitor_agent.py
[2025-12-06T02:30:48.937281+00:00] SUCCESS: agents/gmail_monitor_agent.py (exit 0)
[2025-12-06T02:30:48.940599+00:00] Core monitors bundle completed at 2025-12-06T02:30:48.940587+00:00 (successes=6, failures=0)
[2025-12-06T03:30:46.829657+00:00] ================================================================================
[2025-12-06T03:30:46.834792+00:00] Core monitors bundle run started at 2025-12-06T03:30:46.829614+00:00
[2025-12-06T03:30:46.841750+00:00] START: agents/absorption_runner_agent.py
[2025-12-06T03:30:51.561021+00:00] SUCCESS: agents/absorption_runner_agent.py (exit 0)
[2025-12-06T03:30:51.565994+00:00] START: agents/absorption_monitor_agent.py
[2025-12-06T03:30:53.234377+00:00] SUCCESS: agents/absorption_monitor_agent.py (exit 0)
[2025-12-06T03:30:53.237736+00:00] START: agents/geofence_sms_seed_agent.py
[2025-12-06T03:30:53.301500+00:00] SUCCESS: agents/geofence_sms_seed_agent.py (exit 0)
[2025-12-06T03:30:53.304835+00:00] START: agents/geofence_sms_monitor_agent.py
[2025-12-06T03:30:53.413790+00:00] SUCCESS: agents/geofence_sms_monitor_agent.py (exit 0)
[2025-12-06T03:30:53.416845+00:00] START: agents/gmail_activity_seed_agent.py
[2025-12-06T03:30:53.482020+00:00] SUCCESS: agents/gmail_activity_seed_agent.py (exit 0)
[2025-12-06T03:30:53.485591+00:00] START: agents/gmail_monitor_agent.py
[2025-12-06T03:30:53.596692+00:00] SUCCESS: agents/gmail_monitor_agent.py (exit 0)
[2025-12-06T03:30:53.600870+00:00] Core monitors bundle completed at 2025-12-06T03:30:53.600859+00:00 (successes=6, failures=0)
[2025-12-06T04:30:46.061246+00:00] ================================================================================
[2025-12-06T04:30:46.064680+00:00] Core monitors bundle run started at 2025-12-06T04:30:46.061210+00:00
[2025-12-06T04:30:46.069131+00:00] START: agents/absorption_runner_agent.py
[2025-12-06T04:30:50.218663+00:00] SUCCESS: agents/absorption_runner_agent.py (exit 0)
[2025-12-06T04:30:50.222348+00:00] START: agents/absorption_monitor_agent.py
[2025-12-06T04:30:53.243166+00:00] SUCCESS: agents/absorption_monitor_agent.py (exit 0)
[2025-12-06T04:30:53.246932+00:00] START: agents/geofence_sms_seed_agent.py
[2025-12-06T04:30:53.347626+00:00] SUCCESS: agents/geofence_sms_seed_agent.py (exit 0)
[2025-12-06T04:30:53.352219+00:00] START: agents/geofence_sms_monitor_agent.py
[2025-12-06T04:30:53.485245+00:00] SUCCESS: agents/geofence_sms_monitor_agent.py (exit 0)
[2025-12-06T04:30:53.488789+00:00] START: agents/gmail_activity_seed_agent.py
[2025-12-06T04:30:53.564194+00:00] SUCCESS: agents/gmail_activity_seed_agent.py (exit 0)
[2025-12-06T04:30:53.567769+00:00] START: agents/gmail_monitor_agent.py
[2025-12-06T04:30:53.684981+00:00] SUCCESS: agents/gmail_monitor_agent.py (exit 0)
[2025-12-06T04:30:53.688263+00:00] Core monitors bundle completed at 2025-12-06T04:30:53.688246+00:00 (successes=6, failures=0)
[2025-12-06T05:30:43.580989+00:00] ================================================================================
[2025-12-06T05:30:43.584815+00:00] Core monitors bundle run started at 2025-12-06T05:30:43.580954+00:00
[2025-12-06T05:30:43.589358+00:00] START: agents/absorption_runner_agent.py
[2025-12-06T05:30:47.781624+00:00] SUCCESS: agents/absorption_runner_agent.py (exit 0)
[2025-12-06T05:30:47.785833+00:00] START: agents/absorption_monitor_agent.py
[2025-12-06T05:30:50.006723+00:00] SUCCESS: agents/absorption_monitor_agent.py (exit 0)
[2025-12-06T05:30:50.010288+00:00] START: agents/geofence_sms_seed_agent.py
[2025-12-06T05:30:50.072516+00:00] SUCCESS: agents/geofence_sms_seed_agent.py (exit 0)
[2025-12-06T05:30:50.076834+00:00] START: agents/geofence_sms_monitor_agent.py
[2025-12-06T05:30:50.183000+00:00] SUCCESS: agents/geofence_sms_monitor_agent.py (exit 0)
[2025-12-06T05:30:50.185826+00:00] START: agents/gmail_activity_seed_agent.py
[2025-12-06T05:30:50.266629+00:00] SUCCESS: agents/gmail_activity_seed_agent.py (exit 0)
[2025-12-06T05:30:50.271371+00:00] START: agents/gmail_monitor_agent.py
[2025-12-06T05:30:50.371618+00:00] SUCCESS: agents/gmail_monitor_agent.py (exit 0)
[2025-12-06T05:30:50.374295+00:00] Core monitors bundle completed at 2025-12-06T05:30:50.374278+00:00 (successes=6, failures=0)
[2025-12-06T06:30:44.135980+00:00] ================================================================================
[2025-12-06T06:30:44.142121+00:00] Core monitors bundle run started at 2025-12-06T06:30:44.135943+00:00
[2025-12-06T06:30:44.146863+00:00] START: agents/absorption_runner_agent.py
[2025-12-06T06:30:48.680878+00:00] SUCCESS: agents/absorption_runner_agent.py (exit 0)
[2025-12-06T06:30:48.685098+00:00] START: agents/absorption_monitor_agent.py
[2025-12-06T06:30:51.468751+00:00] SUCCESS: agents/absorption_monitor_agent.py (exit 0)
[2025-12-06T06:30:51.474725+00:00] START: agents/geofence_sms_seed_agent.py
[2025-12-06T06:30:51.585959+00:00] SUCCESS: agents/geofence_sms_seed_agent.py (exit 0)
[2025-12-06T06:30:51.594942+00:00] START: agents/geofence_sms_monitor_agent.py
[2025-12-06T06:30:51.754872+00:00] SUCCESS: agents/geofence_sms_monitor_agent.py (exit 0)
[2025-12-06T06:30:51.761246+00:00] START: agents/gmail_activity_seed_agent.py
[2025-12-06T06:30:51.862582+00:00] SUCCESS: agents/gmail_activity_seed_agent.py (exit 0)
[2025-12-06T06:30:51.868307+00:00] START: agents/gmail_monitor_agent.py
[2025-12-06T06:30:51.978338+00:00] SUCCESS: agents/gmail_monitor_agent.py (exit 0)
[2025-12-06T06:30:51.981518+00:00] Core monitors bundle completed at 2025-12-06T06:30:51.981500+00:00 (successes=6, failures=0)
[2025-12-06T07:04:14.888959+00:00] ================================================================================
[2025-12-06T07:04:14.894516+00:00] Core monitors bundle run started at 2025-12-06T07:04:14.888932+00:00
[2025-12-06T07:04:14.901022+00:00] START: agents/absorption_runner_agent.py
[2025-12-06T07:04:20.079580+00:00] ================================================================================
[2025-12-06T07:04:20.086223+00:00] Core monitors bundle run started at 2025-12-06T07:04:20.079549+00:00
[2025-12-06T07:04:20.089836+00:00] START: agents/absorption_runner_agent.py
[2025-12-06T07:04:21.305159+00:00] SUCCESS: agents/absorption_runner_agent.py (exit 0)
[2025-12-06T07:04:21.310172+00:00] START: agents/absorption_monitor_agent.py
[2025-12-06T07:04:24.372832+00:00] SUCCESS: agents/absorption_monitor_agent.py (exit 0)
[2025-12-06T07:04:24.377467+00:00] START: agents/geofence_sms_seed_agent.py
[2025-12-06T07:04:24.481471+00:00] SUCCESS: agents/geofence_sms_seed_agent.py (exit 0)
[2025-12-06T07:04:24.485796+00:00] START: agents/geofence_sms_monitor_agent.py
[2025-12-06T07:04:24.665891+00:00] SUCCESS: agents/geofence_sms_monitor_agent.py (exit 0)
[2025-12-06T07:04:24.670886+00:00] START: agents/gmail_activity_seed_agent.py
[2025-12-06T07:30:38.621517+00:00] ================================================================================
[2025-12-06T07:30:38.625194+00:00] Core monitors bundle run started at 2025-12-06T07:30:38.621486+00:00
[2025-12-06T07:30:38.629724+00:00] START: agents/absorption_runner_agent.py
[2025-12-06T07:30:43.006618+00:00] SUCCESS: agents/absorption_runner_agent.py (exit 0)
[2025-12-06T07:30:43.010210+00:00] START: agents/absorption_monitor_agent.py
[2025-12-06T07:30:44.589401+00:00] SUCCESS: agents/absorption_monitor_agent.py (exit 0)
[2025-12-06T07:30:44.592931+00:00] START: agents/geofence_sms_seed_agent.py
[2025-12-06T07:30:44.656025+00:00] SUCCESS: agents/geofence_sms_seed_agent.py (exit 0)
[2025-12-06T07:30:44.659342+00:00] START: agents/geofence_sms_monitor_agent.py
[2025-12-06T07:30:44.757348+00:00] SUCCESS: agents/geofence_sms_monitor_agent.py (exit 0)
[2025-12-06T07:30:44.761222+00:00] START: agents/gmail_activity_seed_agent.py
[2025-12-06T07:30:44.816147+00:00] SUCCESS: agents/gmail_activity_seed_agent.py (exit 0)
[2025-12-06T07:30:44.819612+00:00] START: agents/gmail_monitor_agent.py
[2025-12-06T07:30:44.955548+00:00] SUCCESS: agents/gmail_monitor_agent.py (exit 0)
[2025-12-06T07:30:44.959189+00:00] Core monitors bundle completed at 2025-12-06T07:30:44.959170+00:00 (successes=6, failures=0)
[2025-12-06T08:30:40.746156+00:00] ================================================================================
[2025-12-06T08:30:40.751191+00:00] Core monitors bundle run started at 2025-12-06T08:30:40.746114+00:00
[2025-12-06T08:30:40.755268+00:00] START: agents/absorption_runner_agent.py
[2025-12-06T08:30:43.079978+00:00] SUCCESS: agents/absorption_runner_agent.py (exit 0)
[2025-12-06T08:30:43.083558+00:00] START: agents/absorption_monitor_agent.py
[2025-12-06T08:30:44.752533+00:00] SUCCESS: agents/absorption_monitor_agent.py (exit 0)
[2025-12-06T08:30:44.755873+00:00] START: agents/geofence_sms_seed_agent.py
[2025-12-06T08:30:44.818458+00:00] SUCCESS: agents/geofence_sms_seed_agent.py (exit 0)
[2025-12-06T08:30:44.821845+00:00] START: agents/geofence_sms_monitor_agent.py
[2025-12-06T08:30:44.922206+00:00] SUCCESS: agents/geofence_sms_monitor_agent.py (exit 0)
[2025-12-06T08:30:44.925945+00:00] START: agents/gmail_activity_seed_agent.py
[2025-12-06T08:30:44.978971+00:00] SUCCESS: agents/gmail_activity_seed_agent.py (exit 0)
[2025-12-06T08:30:44.982397+00:00] START: agents/gmail_monitor_agent.py
[2025-12-06T08:30:45.087532+00:00] SUCCESS: agents/gmail_monitor_agent.py (exit 0)
[2025-12-06T08:30:45.090725+00:00] Core monitors bundle completed at 2025-12-06T08:30:45.090714+00:00 (successes=6, failures=0)
[2025-12-06T09:30:38.726848+00:00] ================================================================================
[2025-12-06T09:30:38.734764+00:00] Core monitors bundle run started at 2025-12-06T09:30:38.726809+00:00
[2025-12-06T09:30:38.739781+00:00] START: agents/absorption_runner_agent.py
[2025-12-06T09:30:41.774448+00:00] SUCCESS: agents/absorption_runner_agent.py (exit 0)
[2025-12-06T09:30:41.778320+00:00] START: agents/absorption_monitor_agent.py
[2025-12-06T09:30:43.676889+00:00] SUCCESS: agents/absorption_monitor_agent.py (exit 0)
[2025-12-06T09:30:43.680518+00:00] START: agents/geofence_sms_seed_agent.py
[2025-12-06T09:30:43.752016+00:00] SUCCESS: agents/geofence_sms_seed_agent.py (exit 0)
[2025-12-06T09:30:43.755384+00:00] START: agents/geofence_sms_monitor_agent.py
[2025-12-06T09:30:43.905569+00:00] SUCCESS: agents/geofence_sms_monitor_agent.py (exit 0)
[2025-12-06T09:30:43.909154+00:00] START: agents/gmail_activity_seed_agent.py
[2025-12-06T09:30:43.996990+00:00] SUCCESS: agents/gmail_activity_seed_agent.py (exit 0)
[2025-12-06T09:30:44.000458+00:00] START: agents/gmail_monitor_agent.py
[2025-12-06T09:30:44.142243+00:00] SUCCESS: agents/gmail_monitor_agent.py (exit 0)
[2025-12-06T09:30:44.144786+00:00] Core monitors bundle completed at 2025-12-06T09:30:44.144770+00:00 (successes=6, failures=0)
[2025-12-06T10:30:40.651234+00:00] ================================================================================
[2025-12-06T10:30:40.655753+00:00] Core monitors bundle run started at 2025-12-06T10:30:40.651197+00:00
[2025-12-06T10:30:40.659996+00:00] START: agents/absorption_runner_agent.py
[2025-12-06T10:30:43.751337+00:00] SUCCESS: agents/absorption_runner_agent.py (exit 0)
[2025-12-06T10:30:43.754912+00:00] START: agents/absorption_monitor_agent.py
[2025-12-06T10:30:45.446708+00:00] SUCCESS: agents/absorption_monitor_agent.py (exit 0)
[2025-12-06T10:30:45.451925+00:00] START: agents/geofence_sms_seed_agent.py
[2025-12-06T10:30:45.536067+00:00] SUCCESS: agents/geofence_sms_seed_agent.py (exit 0)
[2025-12-06T10:30:45.539482+00:00] START: agents/geofence_sms_monitor_agent.py
[2025-12-06T10:30:45.706487+00:00] SUCCESS: agents/geofence_sms_monitor_agent.py (exit 0)
[2025-12-06T10:30:45.710052+00:00] START: agents/gmail_activity_seed_agent.py
[2025-12-06T10:30:45.800628+00:00] SUCCESS: agents/gmail_activity_seed_agent.py (exit 0)
[2025-12-06T10:30:45.805472+00:00] START: agents/gmail_monitor_agent.py
[2025-12-06T10:30:45.936571+00:00] SUCCESS: agents/gmail_monitor_agent.py (exit 0)
[2025-12-06T10:30:45.940913+00:00] Core monitors bundle completed at 2025-12-06T10:30:45.940894+00:00 (successes=6, failures=0)
[2025-12-06T11:30:40.595091+00:00] ================================================================================
[2025-12-06T11:30:40.600727+00:00] Core monitors bundle run started at 2025-12-06T11:30:40.595052+00:00
[2025-12-06T11:30:40.604083+00:00] START: agents/absorption_runner_agent.py
[2025-12-06T11:30:43.189170+00:00] SUCCESS: agents/absorption_runner_agent.py (exit 0)
[2025-12-06T11:30:43.193028+00:00] START: agents/absorption_monitor_agent.py
[2025-12-06T11:30:45.220459+00:00] SUCCESS: agents/absorption_monitor_agent.py (exit 0)
[2025-12-06T11:30:45.224007+00:00] START: agents/geofence_sms_seed_agent.py
[2025-12-06T11:30:45.287667+00:00] SUCCESS: agents/geofence_sms_seed_agent.py (exit 0)
[2025-12-06T11:30:45.291151+00:00] START: agents/geofence_sms_monitor_agent.py
[2025-12-06T11:30:45.397475+00:00] SUCCESS: agents/geofence_sms_monitor_agent.py (exit 0)
[2025-12-06T11:30:45.400592+00:00] START: agents/gmail_activity_seed_agent.py
[2025-12-06T11:30:45.465639+00:00] SUCCESS: agents/gmail_activity_seed_agent.py (exit 0)
[2025-12-06T11:30:45.469062+00:00] START: agents/gmail_monitor_agent.py
[2025-12-06T11:30:45.574099+00:00] SUCCESS: agents/gmail_monitor_agent.py (exit 0)
[2025-12-06T11:30:45.577258+00:00] Core monitors bundle completed at 2025-12-06T11:30:45.577242+00:00 (successes=6, failures=0)
[2025-12-06T12:30:37.820028+00:00] ================================================================================
[2025-12-06T12:30:37.824732+00:00] Core monitors bundle run started at 2025-12-06T12:30:37.819994+00:00
[2025-12-06T12:30:37.828700+00:00] START: agents/absorption_runner_agent.py
[2025-12-06T12:30:41.810073+00:00] SUCCESS: agents/absorption_runner_agent.py (exit 0)
[2025-12-06T12:30:41.814347+00:00] START: agents/absorption_monitor_agent.py
[2025-12-06T12:30:43.618258+00:00] SUCCESS: agents/absorption_monitor_agent.py (exit 0)
[2025-12-06T12:30:43.622367+00:00] START: agents/geofence_sms_seed_agent.py
[2025-12-06T12:30:43.686714+00:00] SUCCESS: agents/geofence_sms_seed_agent.py (exit 0)
[2025-12-06T12:30:43.689962+00:00] START: agents/geofence_sms_monitor_agent.py
[2025-12-06T12:30:43.796440+00:00] SUCCESS: agents/geofence_sms_monitor_agent.py (exit 0)
[2025-12-06T12:30:43.800061+00:00] START: agents/gmail_activity_seed_agent.py
[2025-12-06T12:30:43.856332+00:00] SUCCESS: agents/gmail_activity_seed_agent.py (exit 0)
[2025-12-06T12:30:43.859867+00:00] START: agents/gmail_monitor_agent.py
[2025-12-06T12:30:43.965707+00:00] SUCCESS: agents/gmail_monitor_agent.py (exit 0)
[2025-12-06T12:30:43.969652+00:00] Core monitors bundle completed at 2025-12-06T12:30:43.969640+00:00 (successes=6, failures=0)
[2025-12-06T13:30:47.881013+00:00] ================================================================================
[2025-12-06T13:30:47.884606+00:00] Core monitors bundle run started at 2025-12-06T13:30:47.880979+00:00
[2025-12-06T13:30:47.889500+00:00] START: agents/absorption_runner_agent.py
[2025-12-06T13:30:52.279324+00:00] SUCCESS: agents/absorption_runner_agent.py (exit 0)
[2025-12-06T13:30:52.282644+00:00] START: agents/absorption_monitor_agent.py
[2025-12-06T13:30:54.216062+00:00] SUCCESS: agents/absorption_monitor_agent.py (exit 0)
[2025-12-06T13:30:54.219723+00:00] START: agents/geofence_sms_seed_agent.py
[2025-12-06T13:30:54.288662+00:00] SUCCESS: agents/geofence_sms_seed_agent.py (exit 0)
[2025-12-06T13:30:54.292378+00:00] START: agents/geofence_sms_monitor_agent.py
[2025-12-06T13:30:54.403068+00:00] SUCCESS: agents/geofence_sms_monitor_agent.py (exit 0)
[2025-12-06T13:30:54.407509+00:00] START: agents/gmail_activity_seed_agent.py
[2025-12-06T13:30:54.470788+00:00] SUCCESS: agents/gmail_activity_seed_agent.py (exit 0)
[2025-12-06T13:30:54.474594+00:00] START: agents/gmail_monitor_agent.py
[2025-12-06T13:30:54.580612+00:00] SUCCESS: agents/gmail_monitor_agent.py (exit 0)
[2025-12-06T13:30:54.584008+00:00] Core monitors bundle completed at 2025-12-06T13:30:54.583987+00:00 (successes=6, failures=0)
[2025-12-06T14:30:43.491642+00:00] ================================================================================
[2025-12-06T14:30:43.496939+00:00] Core monitors bundle run started at 2025-12-06T14:30:43.491605+00:00
[2025-12-06T14:30:43.502105+00:00] START: agents/absorption_runner_agent.py
[2025-12-06T14:30:46.629682+00:00] SUCCESS: agents/absorption_runner_agent.py (exit 0)
[2025-12-06T14:30:46.632682+00:00] START: agents/absorption_monitor_agent.py
[2025-12-06T14:30:48.896812+00:00] SUCCESS: agents/absorption_monitor_agent.py (exit 0)
[2025-12-06T14:30:48.899565+00:00] START: agents/geofence_sms_seed_agent.py
[2025-12-06T14:30:49.050803+00:00] SUCCESS: agents/geofence_sms_seed_agent.py (exit 0)
[2025-12-06T14:30:49.055166+00:00] START: agents/geofence_sms_monitor_agent.py
[2025-12-06T14:30:49.208450+00:00] SUCCESS: agents/geofence_sms_monitor_agent.py (exit 0)
[2025-12-06T14:30:49.211854+00:00] START: agents/gmail_activity_seed_agent.py
[2025-12-06T14:30:49.302501+00:00] SUCCESS: agents/gmail_activity_seed_agent.py (exit 0)
[2025-12-06T14:30:49.307049+00:00] START: agents/gmail_monitor_agent.py
[2025-12-06T14:30:49.426871+00:00] SUCCESS: agents/gmail_monitor_agent.py (exit 0)
[2025-12-06T14:30:49.431261+00:00] Core monitors bundle completed at 2025-12-06T14:30:49.431244+00:00 (successes=6, failures=0)
[2025-12-06T15:30:38.657332+00:00] ================================================================================
[2025-12-06T15:30:38.662641+00:00] Core monitors bundle run started at 2025-12-06T15:30:38.657307+00:00
[2025-12-06T15:30:38.666220+00:00] START: agents/absorption_runner_agent.py
[2025-12-06T15:30:41.406574+00:00] SUCCESS: agents/absorption_runner_agent.py (exit 0)
[2025-12-06T15:30:41.409986+00:00] START: agents/absorption_monitor_agent.py
[2025-12-06T15:30:42.868479+00:00] SUCCESS: agents/absorption_monitor_agent.py (exit 0)
[2025-12-06T15:30:42.872202+00:00] START: agents/geofence_sms_seed_agent.py
[2025-12-06T15:30:42.965367+00:00] SUCCESS: agents/geofence_sms_seed_agent.py (exit 0)
[2025-12-06T15:30:42.969836+00:00] START: agents/geofence_sms_monitor_agent.py
[2025-12-06T15:30:43.150993+00:00] SUCCESS: agents/geofence_sms_monitor_agent.py (exit 0)
[2025-12-06T15:30:43.154692+00:00] START: agents/gmail_activity_seed_agent.py
[2025-12-06T15:30:43.221379+00:00] SUCCESS: agents/gmail_activity_seed_agent.py (exit 0)
[2025-12-06T15:30:43.225115+00:00] START: agents/gmail_monitor_agent.py
[2025-12-06T15:30:43.335835+00:00] SUCCESS: agents/gmail_monitor_agent.py (exit 0)
[2025-12-06T15:30:43.339214+00:00] Core monitors bundle completed at 2025-12-06T15:30:43.339197+00:00 (successes=6, failures=0)
[2025-12-06T16:30:43.712568+00:00] ================================================================================
[2025-12-06T16:30:43.716490+00:00] Core monitors bundle run started at 2025-12-06T16:30:43.712532+00:00
[2025-12-06T16:30:43.721173+00:00] START: agents/absorption_runner_agent.py
[2025-12-06T16:30:48.094326+00:00] SUCCESS: agents/absorption_runner_agent.py (exit 0)
[2025-12-06T16:30:48.097702+00:00] START: agents/absorption_monitor_agent.py
[2025-12-06T16:30:50.058080+00:00] SUCCESS: agents/absorption_monitor_agent.py (exit 0)
[2025-12-06T16:30:50.063858+00:00] START: agents/geofence_sms_seed_agent.py
[2025-12-06T16:30:50.132542+00:00] SUCCESS: agents/geofence_sms_seed_agent.py (exit 0)
[2025-12-06T16:30:50.135848+00:00] START: agents/geofence_sms_monitor_agent.py
[2025-12-06T16:30:50.257721+00:00] SUCCESS: agents/geofence_sms_monitor_agent.py (exit 0)
[2025-12-06T16:30:50.261319+00:00] START: agents/gmail_activity_seed_agent.py
[2025-12-06T16:30:50.319035+00:00] SUCCESS: agents/gmail_activity_seed_agent.py (exit 0)
[2025-12-06T16:30:50.323399+00:00] START: agents/gmail_monitor_agent.py
[2025-12-06T16:30:50.456015+00:00] SUCCESS: agents/gmail_monitor_agent.py (exit 0)
[2025-12-06T16:30:50.459481+00:00] Core monitors bundle completed at 2025-12-06T16:30:50.459464+00:00 (successes=6, failures=0)
[2025-12-06T17:30:46.589584+00:00] ================================================================================
[2025-12-06T17:30:46.593309+00:00] Core monitors bundle run started at 2025-12-06T17:30:46.589549+00:00
[2025-12-06T17:30:46.597887+00:00] START: agents/absorption_runner_agent.py
[2025-12-06T17:30:51.213324+00:00] SUCCESS: agents/absorption_runner_agent.py (exit 0)
[2025-12-06T17:30:51.216654+00:00] START: agents/absorption_monitor_agent.py
[2025-12-06T17:30:53.081458+00:00] SUCCESS: agents/absorption_monitor_agent.py (exit 0)
[2025-12-06T17:30:53.084785+00:00] START: agents/geofence_sms_seed_agent.py
[2025-12-06T17:30:53.167834+00:00] SUCCESS: agents/geofence_sms_seed_agent.py (exit 0)
[2025-12-06T17:30:53.172420+00:00] START: agents/geofence_sms_monitor_agent.py
[2025-12-06T17:30:53.338761+00:00] SUCCESS: agents/geofence_sms_monitor_agent.py (exit 0)
[2025-12-06T17:30:53.344107+00:00] START: agents/gmail_activity_seed_agent.py
[2025-12-06T17:30:53.436625+00:00] SUCCESS: agents/gmail_activity_seed_agent.py (exit 0)
[2025-12-06T17:30:53.440051+00:00] START: agents/gmail_monitor_agent.py
[2025-12-06T17:30:53.553375+00:00] SUCCESS: agents/gmail_monitor_agent.py (exit 0)
[2025-12-06T17:30:53.556116+00:00] Core monitors bundle completed at 2025-12-06T17:30:53.556102+00:00 (successes=6, failures=0)
[2025-12-06T18:30:39.565362+00:00] ================================================================================
[2025-12-06T18:30:39.569787+00:00] Core monitors bundle run started at 2025-12-06T18:30:39.565325+00:00
[2025-12-06T18:30:39.575383+00:00] START: agents/absorption_runner_agent.py
[2025-12-06T18:30:42.955392+00:00] SUCCESS: agents/absorption_runner_agent.py (exit 0)
[2025-12-06T18:30:42.959184+00:00] START: agents/absorption_monitor_agent.py
[2025-12-06T18:30:44.624095+00:00] SUCCESS: agents/absorption_monitor_agent.py (exit 0)
[2025-12-06T18:30:44.627727+00:00] START: agents/geofence_sms_seed_agent.py
[2025-12-06T18:30:44.708999+00:00] SUCCESS: agents/geofence_sms_seed_agent.py (exit 0)
[2025-12-06T18:30:44.712555+00:00] START: agents/geofence_sms_monitor_agent.py
[2025-12-06T18:30:44.837526+00:00] SUCCESS: agents/geofence_sms_monitor_agent.py (exit 0)
[2025-12-06T18:30:44.840632+00:00] START: agents/gmail_activity_seed_agent.py
[2025-12-06T18:30:44.897681+00:00] SUCCESS: agents/gmail_activity_seed_agent.py (exit 0)
[2025-12-06T18:30:44.901092+00:00] START: agents/gmail_monitor_agent.py
[2025-12-06T18:30:45.014697+00:00] SUCCESS: agents/gmail_monitor_agent.py (exit 0)
[2025-12-06T18:30:45.018675+00:00] Core monitors bundle completed at 2025-12-06T18:30:45.018661+00:00 (successes=6, failures=0)
[2025-12-06T19:30:39.673896+00:00] ================================================================================
[2025-12-06T19:30:39.678007+00:00] Core monitors bundle run started at 2025-12-06T19:30:39.673855+00:00
[2025-12-06T19:30:39.683051+00:00] START: agents/absorption_runner_agent.py
[2025-12-06T19:30:43.334750+00:00] SUCCESS: agents/absorption_runner_agent.py (exit 0)
[2025-12-06T19:30:43.338166+00:00] START: agents/absorption_monitor_agent.py
[2025-12-06T19:30:44.920296+00:00] SUCCESS: agents/absorption_monitor_agent.py (exit 0)
[2025-12-06T19:30:44.924420+00:00] START: agents/geofence_sms_seed_agent.py
[2025-12-06T19:30:44.999717+00:00] SUCCESS: agents/geofence_sms_seed_agent.py (exit 0)
[2025-12-06T19:30:45.003773+00:00] START: agents/geofence_sms_monitor_agent.py
[2025-12-06T19:30:45.109707+00:00] SUCCESS: agents/geofence_sms_monitor_agent.py (exit 0)
[2025-12-06T19:30:45.112963+00:00] START: agents/gmail_activity_seed_agent.py
[2025-12-06T19:30:45.168644+00:00] SUCCESS: agents/gmail_activity_seed_agent.py (exit 0)
[2025-12-06T19:30:45.173034+00:00] START: agents/gmail_monitor_agent.py
[2025-12-06T19:30:45.277286+00:00] SUCCESS: agents/gmail_monitor_agent.py (exit 0)
[2025-12-06T19:30:45.280631+00:00] Core monitors bundle completed at 2025-12-06T19:30:45.280620+00:00 (successes=6, failures=0)
[2025-12-06T20:30:40.818249+00:00] ================================================================================
[2025-12-06T20:30:40.822494+00:00] Core monitors bundle run started at 2025-12-06T20:30:40.818211+00:00
[2025-12-06T20:30:40.827371+00:00] START: agents/absorption_runner_agent.py
[2025-12-06T20:30:44.341248+00:00] SUCCESS: agents/absorption_runner_agent.py (exit 0)
[2025-12-06T20:30:44.346483+00:00] START: agents/absorption_monitor_agent.py
[2025-12-06T20:30:46.989792+00:00] SUCCESS: agents/absorption_monitor_agent.py (exit 0)
[2025-12-06T20:30:46.992973+00:00] START: agents/geofence_sms_seed_agent.py
[2025-12-06T20:30:47.059245+00:00] SUCCESS: agents/geofence_sms_seed_agent.py (exit 0)
[2025-12-06T20:30:47.064457+00:00] START: agents/geofence_sms_monitor_agent.py
[2025-12-06T20:30:47.167739+00:00] SUCCESS: agents/geofence_sms_monitor_agent.py (exit 0)
[2025-12-06T20:30:47.171147+00:00] START: agents/gmail_activity_seed_agent.py
[2025-12-06T20:30:47.226761+00:00] SUCCESS: agents/gmail_activity_seed_agent.py (exit 0)
[2025-12-06T20:30:47.229348+00:00] START: agents/gmail_monitor_agent.py
[2025-12-06T20:30:47.331204+00:00] SUCCESS: agents/gmail_monitor_agent.py (exit 0)
[2025-12-06T20:30:47.334606+00:00] Core monitors bundle completed at 2025-12-06T20:30:47.334594+00:00 (successes=6, failures=0)
[2025-12-06T21:30:40.468227+00:00] ================================================================================
[2025-12-06T21:30:40.471272+00:00] Core monitors bundle run started at 2025-12-06T21:30:40.468186+00:00
[2025-12-06T21:30:40.475767+00:00] START: agents/absorption_runner_agent.py
[2025-12-06T21:30:42.944415+00:00] SUCCESS: agents/absorption_runner_agent.py (exit 0)
[2025-12-06T21:30:42.948543+00:00] START: agents/absorption_monitor_agent.py
[2025-12-06T21:30:44.520675+00:00] SUCCESS: agents/absorption_monitor_agent.py (exit 0)
[2025-12-06T21:30:44.524406+00:00] START: agents/geofence_sms_seed_agent.py
[2025-12-06T21:30:44.592122+00:00] SUCCESS: agents/geofence_sms_seed_agent.py (exit 0)
[2025-12-06T21:30:44.595827+00:00] START: agents/geofence_sms_monitor_agent.py
[2025-12-06T21:30:44.700673+00:00] SUCCESS: agents/geofence_sms_monitor_agent.py (exit 0)
[2025-12-06T21:30:44.704362+00:00] START: agents/gmail_activity_seed_agent.py
[2025-12-06T21:30:44.762444+00:00] SUCCESS: agents/gmail_activity_seed_agent.py (exit 0)
[2025-12-06T21:30:44.765842+00:00] START: agents/gmail_monitor_agent.py
[2025-12-06T21:30:44.866148+00:00] SUCCESS: agents/gmail_monitor_agent.py (exit 0)
[2025-12-06T21:30:44.869339+00:00] Core monitors bundle completed at 2025-12-06T21:30:44.869329+00:00 (successes=6, failures=0)
[2025-12-06T22:30:45.695317+00:00] ================================================================================
[2025-12-06T22:30:45.699955+00:00] Core monitors bundle run started at 2025-12-06T22:30:45.695276+00:00
[2025-12-06T22:30:45.703851+00:00] START: agents/absorption_runner_agent.py
[2025-12-06T22:30:51.071770+00:00] SUCCESS: agents/absorption_runner_agent.py (exit 0)
[2025-12-06T22:30:51.074846+00:00] START: agents/absorption_monitor_agent.py
[2025-12-06T22:30:53.065085+00:00] SUCCESS: agents/absorption_monitor_agent.py (exit 0)
[2025-12-06T22:30:53.068713+00:00] START: agents/geofence_sms_seed_agent.py
[2025-12-06T22:30:53.144283+00:00] SUCCESS: agents/geofence_sms_seed_agent.py (exit 0)
[2025-12-06T22:30:53.147799+00:00] START: agents/geofence_sms_monitor_agent.py
[2025-12-06T22:30:53.256262+00:00] SUCCESS: agents/geofence_sms_monitor_agent.py (exit 0)
[2025-12-06T22:30:53.259719+00:00] START: agents/gmail_activity_seed_agent.py
[2025-12-06T22:30:53.330249+00:00] SUCCESS: agents/gmail_activity_seed_agent.py (exit 0)
[2025-12-06T22:30:53.333720+00:00] START: agents/gmail_monitor_agent.py
[2025-12-06T22:30:53.453024+00:00] SUCCESS: agents/gmail_monitor_agent.py (exit 0)
[2025-12-06T22:30:53.456863+00:00] Core monitors bundle completed at 2025-12-06T22:30:53.456850+00:00 (successes=6, failures=0)
[2025-12-06T23:30:44.899876+00:00] ================================================================================
[2025-12-06T23:30:44.903807+00:00] Core monitors bundle run started at 2025-12-06T23:30:44.899849+00:00
[2025-12-06T23:30:44.907252+00:00] START: agents/absorption_runner_agent.py
[2025-12-06T23:30:48.316776+00:00] SUCCESS: agents/absorption_runner_agent.py (exit 0)
[2025-12-06T23:30:48.319734+00:00] START: agents/absorption_monitor_agent.py
[2025-12-06T23:30:50.008007+00:00] SUCCESS: agents/absorption_monitor_agent.py (exit 0)
[2025-12-06T23:30:50.011490+00:00] START: agents/geofence_sms_seed_agent.py
[2025-12-06T23:30:50.077377+00:00] SUCCESS: agents/geofence_sms_seed_agent.py (exit 0)
[2025-12-06T23:30:50.080063+00:00] START: agents/geofence_sms_monitor_agent.py
[2025-12-06T23:30:50.188913+00:00] SUCCESS: agents/geofence_sms_monitor_agent.py (exit 0)
[2025-12-06T23:30:50.193113+00:00] START: agents/gmail_activity_seed_agent.py
[2025-12-06T23:30:50.250528+00:00] SUCCESS: agents/gmail_activity_seed_agent.py (exit 0)
[2025-12-06T23:30:50.254357+00:00] START: agents/gmail_monitor_agent.py
[2025-12-06T23:30:50.353021+00:00] SUCCESS: agents/gmail_monitor_agent.py (exit 0)
[2025-12-06T23:30:50.356290+00:00] Core monitors bundle completed at 2025-12-06T23:30:50.356280+00:00 (successes=6, failures=0)
[2025-12-07T00:30:45.364227+00:00] ================================================================================
[2025-12-07T00:30:45.368619+00:00] Core monitors bundle run started at 2025-12-07T00:30:45.364196+00:00
[2025-12-07T00:30:45.372826+00:00] START: agents/absorption_runner_agent.py
[2025-12-07T00:30:48.230282+00:00] SUCCESS: agents/absorption_runner_agent.py (exit 0)
[2025-12-07T00:30:48.233707+00:00] START: agents/absorption_monitor_agent.py
[2025-12-07T00:30:49.739919+00:00] SUCCESS: agents/absorption_monitor_agent.py (exit 0)
[2025-12-07T00:30:49.743331+00:00] START: agents/geofence_sms_seed_agent.py
[2025-12-07T00:30:49.810780+00:00] SUCCESS: agents/geofence_sms_seed_agent.py (exit 0)
[2025-12-07T00:30:49.813994+00:00] START: agents/geofence_sms_monitor_agent.py
[2025-12-07T00:30:49.912839+00:00] SUCCESS: agents/geofence_sms_monitor_agent.py (exit 0)
[2025-12-07T00:30:49.916121+00:00] START: agents/gmail_activity_seed_agent.py
[2025-12-07T00:30:49.974985+00:00] SUCCESS: agents/gmail_activity_seed_agent.py (exit 0)
[2025-12-07T00:30:49.978546+00:00] START: agents/gmail_monitor_agent.py
[2025-12-07T00:30:50.074865+00:00] SUCCESS: agents/gmail_monitor_agent.py (exit 0)
[2025-12-07T00:30:50.078146+00:00] Core monitors bundle completed at 2025-12-07T00:30:50.078135+00:00 (successes=6, failures=0)
[2025-12-07T01:30:40.813037+00:00] ================================================================================
[2025-12-07T01:30:40.817571+00:00] Core monitors bundle run started at 2025-12-07T01:30:40.813008+00:00
[2025-12-07T01:30:40.821246+00:00] START: agents/absorption_runner_agent.py
[2025-12-07T01:30:43.862851+00:00] SUCCESS: agents/absorption_runner_agent.py (exit 0)
[2025-12-07T01:30:43.866230+00:00] START: agents/absorption_monitor_agent.py
[2025-12-07T01:30:45.495671+00:00] SUCCESS: agents/absorption_monitor_agent.py (exit 0)
[2025-12-07T01:30:45.499256+00:00] START: agents/geofence_sms_seed_agent.py
[2025-12-07T01:30:45.566866+00:00] SUCCESS: agents/geofence_sms_seed_agent.py (exit 0)
[2025-12-07T01:30:45.570226+00:00] START: agents/geofence_sms_monitor_agent.py
[2025-12-07T01:30:45.680949+00:00] SUCCESS: agents/geofence_sms_monitor_agent.py (exit 0)
[2025-12-07T01:30:45.684395+00:00] START: agents/gmail_activity_seed_agent.py
[2025-12-07T01:30:45.760520+00:00] SUCCESS: agents/gmail_activity_seed_agent.py (exit 0)
[2025-12-07T01:30:45.764160+00:00] START: agents/gmail_monitor_agent.py
[2025-12-07T01:30:45.884556+00:00] SUCCESS: agents/gmail_monitor_agent.py (exit 0)
[2025-12-07T01:30:45.888520+00:00] Core monitors bundle completed at 2025-12-07T01:30:45.888509+00:00 (successes=6, failures=0)
[2025-12-07T02:30:41.488385+00:00] ================================================================================
[2025-12-07T02:30:41.491982+00:00] Core monitors bundle run started at 2025-12-07T02:30:41.488347+00:00
[2025-12-07T02:30:41.495699+00:00] START: agents/absorption_runner_agent.py
[2025-12-07T02:30:45.215465+00:00] SUCCESS: agents/absorption_runner_agent.py (exit 0)
[2025-12-07T02:30:45.219008+00:00] START: agents/absorption_monitor_agent.py
[2025-12-07T02:30:46.856365+00:00] SUCCESS: agents/absorption_monitor_agent.py (exit 0)
[2025-12-07T02:30:46.859814+00:00] START: agents/geofence_sms_seed_agent.py
[2025-12-07T02:30:46.949814+00:00] SUCCESS: agents/geofence_sms_seed_agent.py (exit 0)
[2025-12-07T02:30:46.953318+00:00] START: agents/geofence_sms_monitor_agent.py
[2025-12-07T02:30:47.080520+00:00] SUCCESS: agents/geofence_sms_monitor_agent.py (exit 0)
[2025-12-07T02:30:47.084267+00:00] START: agents/gmail_activity_seed_agent.py
[2025-12-07T02:30:47.151288+00:00] SUCCESS: agents/gmail_activity_seed_agent.py (exit 0)
[2025-12-07T02:30:47.154597+00:00] START: agents/gmail_monitor_agent.py
[2025-12-07T02:30:47.251450+00:00] SUCCESS: agents/gmail_monitor_agent.py (exit 0)
[2025-12-07T02:30:47.253799+00:00] Core monitors bundle completed at 2025-12-07T02:30:47.253790+00:00 (successes=6, failures=0)
[2025-12-07T03:30:47.858251+00:00] ================================================================================
[2025-12-07T03:30:47.862925+00:00] Core monitors bundle run started at 2025-12-07T03:30:47.858214+00:00
[2025-12-07T03:30:47.867167+00:00] START: agents/absorption_runner_agent.py
[2025-12-07T03:30:52.009761+00:00] SUCCESS: agents/absorption_runner_agent.py (exit 0)
[2025-12-07T03:30:52.013785+00:00] START: agents/absorption_monitor_agent.py
[2025-12-07T03:30:53.609747+00:00] SUCCESS: agents/absorption_monitor_agent.py (exit 0)
[2025-12-07T03:30:53.613471+00:00] START: agents/geofence_sms_seed_agent.py
[2025-12-07T03:30:53.680223+00:00] SUCCESS: agents/geofence_sms_seed_agent.py (exit 0)
[2025-12-07T03:30:53.683705+00:00] START: agents/geofence_sms_monitor_agent.py
[2025-12-07T03:30:53.783498+00:00] SUCCESS: agents/geofence_sms_monitor_agent.py (exit 0)
[2025-12-07T03:30:53.786937+00:00] START: agents/gmail_activity_seed_agent.py
[2025-12-07T03:30:53.842644+00:00] SUCCESS: agents/gmail_activity_seed_agent.py (exit 0)
[2025-12-07T03:30:53.845972+00:00] START: agents/gmail_monitor_agent.py
[2025-12-07T03:30:53.945187+00:00] SUCCESS: agents/gmail_monitor_agent.py (exit 0)
[2025-12-07T03:30:53.948381+00:00] Core monitors bundle completed at 2025-12-07T03:30:53.948367+00:00 (successes=6, failures=0)
[2025-12-07T04:30:45.217640+00:00] ================================================================================
[2025-12-07T04:30:45.220582+00:00] Core monitors bundle run started at 2025-12-07T04:30:45.217595+00:00
[2025-12-07T04:30:45.224001+00:00] START: agents/absorption_runner_agent.py
[2025-12-07T04:30:49.038709+00:00] SUCCESS: agents/absorption_runner_agent.py (exit 0)
[2025-12-07T04:30:49.042756+00:00] START: agents/absorption_monitor_agent.py
[2025-12-07T04:30:51.855213+00:00] SUCCESS: agents/absorption_monitor_agent.py (exit 0)
[2025-12-07T04:30:51.858721+00:00] START: agents/geofence_sms_seed_agent.py
[2025-12-07T04:30:51.945171+00:00] SUCCESS: agents/geofence_sms_seed_agent.py (exit 0)
[2025-12-07T04:30:51.948501+00:00] START: agents/geofence_sms_monitor_agent.py
[2025-12-07T04:30:52.095418+00:00] SUCCESS: agents/geofence_sms_monitor_agent.py (exit 0)
[2025-12-07T04:30:52.099167+00:00] START: agents/gmail_activity_seed_agent.py
[2025-12-07T04:30:52.178493+00:00] SUCCESS: agents/gmail_activity_seed_agent.py (exit 0)
[2025-12-07T04:30:52.182773+00:00] START: agents/gmail_monitor_agent.py
[2025-12-07T04:30:52.328141+00:00] SUCCESS: agents/gmail_monitor_agent.py (exit 0)
[2025-12-07T04:30:52.331798+00:00] Core monitors bundle completed at 2025-12-07T04:30:52.331779+00:00 (successes=6, failures=0)
[2025-12-07T05:30:42.815227+00:00] ================================================================================
[2025-12-07T05:30:42.821470+00:00] Core monitors bundle run started at 2025-12-07T05:30:42.815171+00:00
[2025-12-07T05:30:42.825065+00:00] START: agents/absorption_runner_agent.py
[2025-12-07T05:30:46.711984+00:00] SUCCESS: agents/absorption_runner_agent.py (exit 0)
[2025-12-07T05:30:46.717494+00:00] START: agents/absorption_monitor_agent.py
[2025-12-07T05:30:49.077377+00:00] SUCCESS: agents/absorption_monitor_agent.py (exit 0)
[2025-12-07T05:30:49.080984+00:00] START: agents/geofence_sms_seed_agent.py
[2025-12-07T05:30:49.147135+00:00] SUCCESS: agents/geofence_sms_seed_agent.py (exit 0)
[2025-12-07T05:30:49.150454+00:00] START: agents/geofence_sms_monitor_agent.py
[2025-12-07T05:30:49.265572+00:00] SUCCESS: agents/geofence_sms_monitor_agent.py (exit 0)
[2025-12-07T05:30:49.272761+00:00] START: agents/gmail_activity_seed_agent.py
[2025-12-07T05:30:49.366560+00:00] SUCCESS: agents/gmail_activity_seed_agent.py (exit 0)
[2025-12-07T05:30:49.370595+00:00] START: agents/gmail_monitor_agent.py
[2025-12-07T05:30:49.519332+00:00] SUCCESS: agents/gmail_monitor_agent.py (exit 0)
[2025-12-07T05:30:49.523303+00:00] Core monitors bundle completed at 2025-12-07T05:30:49.523290+00:00 (successes=6, failures=0)
[2025-12-07T06:30:42.096065+00:00] ================================================================================
[2025-12-07T06:30:42.100103+00:00] Core monitors bundle run started at 2025-12-07T06:30:42.096029+00:00
[2025-12-07T06:30:42.104256+00:00] START: agents/absorption_runner_agent.py
[2025-12-07T06:30:46.804267+00:00] SUCCESS: agents/absorption_runner_agent.py (exit 0)
[2025-12-07T06:30:46.807842+00:00] START: agents/absorption_monitor_agent.py
[2025-12-07T06:30:49.752810+00:00] SUCCESS: agents/absorption_monitor_agent.py (exit 0)
[2025-12-07T06:30:49.755611+00:00] START: agents/geofence_sms_seed_agent.py
[2025-12-07T06:30:49.860161+00:00] SUCCESS: agents/geofence_sms_seed_agent.py (exit 0)
[2025-12-07T06:30:49.864737+00:00] START: agents/geofence_sms_monitor_agent.py
[2025-12-07T06:30:50.012343+00:00] SUCCESS: agents/geofence_sms_monitor_agent.py (exit 0)
[2025-12-07T06:30:50.015751+00:00] START: agents/gmail_activity_seed_agent.py
[2025-12-07T06:30:50.074721+00:00] SUCCESS: agents/gmail_activity_seed_agent.py (exit 0)
[2025-12-07T06:30:50.078868+00:00] START: agents/gmail_monitor_agent.py
[2025-12-07T06:30:50.190712+00:00] SUCCESS: agents/gmail_monitor_agent.py (exit 0)
[2025-12-07T06:30:50.193927+00:00] Core monitors bundle completed at 2025-12-07T06:30:50.193911+00:00 (successes=6, failures=0)
[2025-12-07T07:04:16.195544+00:00] ================================================================================
[2025-12-07T07:04:16.200035+00:00] Core monitors bundle run started at 2025-12-07T07:04:16.195523+00:00
[2025-12-07T07:04:16.203898+00:00] START: agents/absorption_runner_agent.py
[2025-12-07T07:04:21.020906+00:00] SUCCESS: agents/absorption_runner_agent.py (exit 0)
[2025-12-07T07:04:21.024393+00:00] START: agents/absorption_monitor_agent.py
[2025-12-07T07:04:21.173952+00:00] ================================================================================
[2025-12-07T07:04:21.177387+00:00] Core monitors bundle run started at 2025-12-07T07:04:21.173730+00:00
[2025-12-07T07:04:21.181468+00:00] START: agents/absorption_runner_agent.py
[2025-12-07T07:04:22.440823+00:00] SUCCESS: agents/absorption_runner_agent.py (exit 0)
[2025-12-07T07:04:22.445342+00:00] START: agents/absorption_monitor_agent.py
[2025-12-07T07:04:26.058954+00:00] SUCCESS: agents/absorption_monitor_agent.py (exit 0)
[2025-12-07T07:04:26.063016+00:00] START: agents/geofence_sms_seed_agent.py
[2025-12-07T07:30:40.736345+00:00] ================================================================================
[2025-12-07T07:30:40.741001+00:00] Core monitors bundle run started at 2025-12-07T07:30:40.736310+00:00
[2025-12-07T07:30:40.744716+00:00] START: agents/absorption_runner_agent.py
[2025-12-07T07:30:45.278846+00:00] SUCCESS: agents/absorption_runner_agent.py (exit 0)
[2025-12-07T07:30:45.282749+00:00] START: agents/absorption_monitor_agent.py
[2025-12-07T07:30:48.318527+00:00] SUCCESS: agents/absorption_monitor_agent.py (exit 0)
[2025-12-07T07:30:48.322755+00:00] START: agents/geofence_sms_seed_agent.py
[2025-12-07T07:30:48.458586+00:00] SUCCESS: agents/geofence_sms_seed_agent.py (exit 0)
[2025-12-07T07:30:48.463763+00:00] START: agents/geofence_sms_monitor_agent.py
[2025-12-07T07:30:48.601242+00:00] SUCCESS: agents/geofence_sms_monitor_agent.py (exit 0)
[2025-12-07T07:30:48.604773+00:00] START: agents/gmail_activity_seed_agent.py
[2025-12-07T07:30:48.659862+00:00] SUCCESS: agents/gmail_activity_seed_agent.py (exit 0)
[2025-12-07T07:30:48.663081+00:00] START: agents/gmail_monitor_agent.py
[2025-12-07T07:30:48.755049+00:00] SUCCESS: agents/gmail_monitor_agent.py (exit 0)
[2025-12-07T07:30:48.758446+00:00] Core monitors bundle completed at 2025-12-07T07:30:48.758435+00:00 (successes=6, failures=0)
[2025-12-07T08:30:43.185030+00:00] ================================================================================
[2025-12-07T08:30:43.191728+00:00] Core monitors bundle run started at 2025-12-07T08:30:43.184994+00:00
[2025-12-07T08:30:43.196342+00:00] START: agents/absorption_runner_agent.py
[2025-12-07T08:30:47.192771+00:00] SUCCESS: agents/absorption_runner_agent.py (exit 0)
[2025-12-07T08:30:47.196454+00:00] START: agents/absorption_monitor_agent.py
[2025-12-07T08:30:49.784668+00:00] SUCCESS: agents/absorption_monitor_agent.py (exit 0)
[2025-12-07T08:30:49.789068+00:00] START: agents/geofence_sms_seed_agent.py
[2025-12-07T08:30:49.873088+00:00] SUCCESS: agents/geofence_sms_seed_agent.py (exit 0)
[2025-12-07T08:30:49.876742+00:00] START: agents/geofence_sms_monitor_agent.py
[2025-12-07T08:30:50.027199+00:00] SUCCESS: agents/geofence_sms_monitor_agent.py (exit 0)
[2025-12-07T08:30:50.031868+00:00] START: agents/gmail_activity_seed_agent.py
[2025-12-07T08:30:50.089927+00:00] SUCCESS: agents/gmail_activity_seed_agent.py (exit 0)
[2025-12-07T08:30:50.092975+00:00] START: agents/gmail_monitor_agent.py
[2025-12-07T08:30:50.211463+00:00] SUCCESS: agents/gmail_monitor_agent.py (exit 0)
[2025-12-07T08:30:50.214782+00:00] Core monitors bundle completed at 2025-12-07T08:30:50.214763+00:00 (successes=6, failures=0)
[2025-12-07T09:30:41.302740+00:00] ================================================================================
[2025-12-07T09:30:41.308136+00:00] Core monitors bundle run started at 2025-12-07T09:30:41.302705+00:00
[2025-12-07T09:30:41.311787+00:00] START: agents/absorption_runner_agent.py
[2025-12-07T09:30:45.742342+00:00] SUCCESS: agents/absorption_runner_agent.py (exit 0)
[2025-12-07T09:30:45.746475+00:00] START: agents/absorption_monitor_agent.py
[2025-12-07T09:30:48.433130+00:00] SUCCESS: agents/absorption_monitor_agent.py (exit 0)
[2025-12-07T09:30:48.436646+00:00] START: agents/geofence_sms_seed_agent.py
[2025-12-07T09:30:48.551137+00:00] SUCCESS: agents/geofence_sms_seed_agent.py (exit 0)
[2025-12-07T09:30:48.554490+00:00] START: agents/geofence_sms_monitor_agent.py
[2025-12-07T09:30:48.710726+00:00] SUCCESS: agents/geofence_sms_monitor_agent.py (exit 0)
[2025-12-07T09:30:48.714701+00:00] START: agents/gmail_activity_seed_agent.py
[2025-12-07T09:30:48.804682+00:00] SUCCESS: agents/gmail_activity_seed_agent.py (exit 0)
[2025-12-07T09:30:48.808766+00:00] START: agents/gmail_monitor_agent.py
[2025-12-07T09:30:48.956160+00:00] SUCCESS: agents/gmail_monitor_agent.py (exit 0)
[2025-12-07T09:30:48.959382+00:00] Core monitors bundle completed at 2025-12-07T09:30:48.959365+00:00 (successes=6, failures=0)
[2025-12-07T10:30:41.579041+00:00] ================================================================================
[2025-12-07T10:30:41.582371+00:00] Core monitors bundle run started at 2025-12-07T10:30:41.579006+00:00
[2025-12-07T10:30:41.586724+00:00] START: agents/absorption_runner_agent.py
[2025-12-07T10:30:45.342232+00:00] SUCCESS: agents/absorption_runner_agent.py (exit 0)
[2025-12-07T10:30:45.345881+00:00] START: agents/absorption_monitor_agent.py
[2025-12-07T10:30:47.836684+00:00] SUCCESS: agents/absorption_monitor_agent.py (exit 0)
[2025-12-07T10:30:47.840306+00:00] START: agents/geofence_sms_seed_agent.py
[2025-12-07T10:30:47.941799+00:00] SUCCESS: agents/geofence_sms_seed_agent.py (exit 0)
[2025-12-07T10:30:47.945318+00:00] START: agents/geofence_sms_monitor_agent.py
[2025-12-07T10:30:48.134455+00:00] SUCCESS: agents/geofence_sms_monitor_agent.py (exit 0)
[2025-12-07T10:30:48.138936+00:00] START: agents/gmail_activity_seed_agent.py
[2025-12-07T10:30:48.244396+00:00] SUCCESS: agents/gmail_activity_seed_agent.py (exit 0)
[2025-12-07T10:30:48.248025+00:00] START: agents/gmail_monitor_agent.py
[2025-12-07T10:30:48.402497+00:00] SUCCESS: agents/gmail_monitor_agent.py (exit 0)
[2025-12-07T10:30:48.408152+00:00] Core monitors bundle completed at 2025-12-07T10:30:48.408134+00:00 (successes=6, failures=0)
[2025-12-07T11:30:39.260068+00:00] ================================================================================
[2025-12-07T11:30:39.265227+00:00] Core monitors bundle run started at 2025-12-07T11:30:39.260036+00:00
[2025-12-07T11:30:39.269230+00:00] START: agents/absorption_runner_agent.py
[2025-12-07T11:30:41.531289+00:00] SUCCESS: agents/absorption_runner_agent.py (exit 0)
[2025-12-07T11:30:41.536116+00:00] START: agents/absorption_monitor_agent.py
[2025-12-07T11:30:43.132283+00:00] SUCCESS: agents/absorption_monitor_agent.py (exit 0)
[2025-12-07T11:30:43.135330+00:00] START: agents/geofence_sms_seed_agent.py
[2025-12-07T11:30:43.210351+00:00] SUCCESS: agents/geofence_sms_seed_agent.py (exit 0)
[2025-12-07T11:30:43.212848+00:00] START: agents/geofence_sms_monitor_agent.py
[2025-12-07T11:30:43.317791+00:00] SUCCESS: agents/geofence_sms_monitor_agent.py (exit 0)
[2025-12-07T11:30:43.321840+00:00] START: agents/gmail_activity_seed_agent.py
[2025-12-07T11:30:43.391566+00:00] SUCCESS: agents/gmail_activity_seed_agent.py (exit 0)
[2025-12-07T11:30:43.395019+00:00] START: agents/gmail_monitor_agent.py
[2025-12-07T11:30:43.544544+00:00] SUCCESS: agents/gmail_monitor_agent.py (exit 0)
[2025-12-07T11:30:43.548398+00:00] Core monitors bundle completed at 2025-12-07T11:30:43.548371+00:00 (successes=6, failures=0)
[2025-12-07T12:30:37.369447+00:00] ================================================================================
[2025-12-07T12:30:37.373516+00:00] Core monitors bundle run started at 2025-12-07T12:30:37.369392+00:00
[2025-12-07T12:30:37.377082+00:00] START: agents/absorption_runner_agent.py
[2025-12-07T12:30:40.823214+00:00] SUCCESS: agents/absorption_runner_agent.py (exit 0)
[2025-12-07T12:30:40.826278+00:00] START: agents/absorption_monitor_agent.py
[2025-12-07T12:30:42.339181+00:00] SUCCESS: agents/absorption_monitor_agent.py (exit 0)
[2025-12-07T12:30:42.341856+00:00] START: agents/geofence_sms_seed_agent.py
[2025-12-07T12:30:42.412369+00:00] SUCCESS: agents/geofence_sms_seed_agent.py (exit 0)
[2025-12-07T12:30:42.415861+00:00] START: agents/geofence_sms_monitor_agent.py
[2025-12-07T12:30:42.527980+00:00] SUCCESS: agents/geofence_sms_monitor_agent.py (exit 0)
[2025-12-07T12:30:42.531688+00:00] START: agents/gmail_activity_seed_agent.py
[2025-12-07T12:30:42.588884+00:00] SUCCESS: agents/gmail_activity_seed_agent.py (exit 0)
[2025-12-07T12:30:42.592468+00:00] START: agents/gmail_monitor_agent.py
[2025-12-07T12:30:42.716087+00:00] SUCCESS: agents/gmail_monitor_agent.py (exit 0)
[2025-12-07T12:30:42.719692+00:00] Core monitors bundle completed at 2025-12-07T12:30:42.719675+00:00 (successes=6, failures=0)
[2025-12-07T13:30:44.593178+00:00] ================================================================================
[2025-12-07T13:30:44.596736+00:00] Core monitors bundle run started at 2025-12-07T13:30:44.593143+00:00
[2025-12-07T13:30:44.601559+00:00] START: agents/absorption_runner_agent.py
[2025-12-07T13:30:49.071831+00:00] SUCCESS: agents/absorption_runner_agent.py (exit 0)
[2025-12-07T13:30:49.075363+00:00] START: agents/absorption_monitor_agent.py
[2025-12-07T13:30:50.654784+00:00] SUCCESS: agents/absorption_monitor_agent.py (exit 0)
[2025-12-07T13:30:50.658217+00:00] START: agents/geofence_sms_seed_agent.py
[2025-12-07T13:30:50.739699+00:00] SUCCESS: agents/geofence_sms_seed_agent.py (exit 0)
[2025-12-07T13:30:50.743232+00:00] START: agents/geofence_sms_monitor_agent.py
[2025-12-07T13:30:50.860863+00:00] SUCCESS: agents/geofence_sms_monitor_agent.py (exit 0)
[2025-12-07T13:30:50.864719+00:00] START: agents/gmail_activity_seed_agent.py
[2025-12-07T13:30:50.944670+00:00] SUCCESS: agents/gmail_activity_seed_agent.py (exit 0)
[2025-12-07T13:30:50.948351+00:00] START: agents/gmail_monitor_agent.py
[2025-12-07T13:30:51.065972+00:00] SUCCESS: agents/gmail_monitor_agent.py (exit 0)
[2025-12-07T13:30:51.068817+00:00] Core monitors bundle completed at 2025-12-07T13:30:51.068803+00:00 (successes=6, failures=0)
[2025-12-07T14:30:43.428034+00:00] ================================================================================
[2025-12-07T14:30:43.433211+00:00] Core monitors bundle run started at 2025-12-07T14:30:43.427998+00:00
[2025-12-07T14:30:43.437188+00:00] START: agents/absorption_runner_agent.py
[2025-12-07T14:30:46.757675+00:00] SUCCESS: agents/absorption_runner_agent.py (exit 0)
[2025-12-07T14:30:46.761292+00:00] START: agents/absorption_monitor_agent.py
[2025-12-07T14:30:48.651133+00:00] SUCCESS: agents/absorption_monitor_agent.py (exit 0)
[2025-12-07T14:30:48.654823+00:00] START: agents/geofence_sms_seed_agent.py
[2025-12-07T14:30:48.730741+00:00] SUCCESS: agents/geofence_sms_seed_agent.py (exit 0)
[2025-12-07T14:30:48.734126+00:00] START: agents/geofence_sms_monitor_agent.py
[2025-12-07T14:30:48.876726+00:00] SUCCESS: agents/geofence_sms_monitor_agent.py (exit 0)
[2025-12-07T14:30:48.880234+00:00] START: agents/gmail_activity_seed_agent.py
[2025-12-07T14:30:48.953789+00:00] SUCCESS: agents/gmail_activity_seed_agent.py (exit 0)
[2025-12-07T14:30:48.957121+00:00] START: agents/gmail_monitor_agent.py
[2025-12-07T14:30:49.092598+00:00] SUCCESS: agents/gmail_monitor_agent.py (exit 0)
[2025-12-07T14:30:49.095990+00:00] Core monitors bundle completed at 2025-12-07T14:30:49.095972+00:00 (successes=6, failures=0)
[2025-12-07T15:30:40.282213+00:00] ================================================================================
[2025-12-07T15:30:40.284699+00:00] Core monitors bundle run started at 2025-12-07T15:30:40.282183+00:00
[2025-12-07T15:30:40.288260+00:00] START: agents/absorption_runner_agent.py
[2025-12-07T15:30:42.745369+00:00] SUCCESS: agents/absorption_runner_agent.py (exit 0)
[2025-12-07T15:30:42.748904+00:00] START: agents/absorption_monitor_agent.py
[2025-12-07T15:30:44.410714+00:00] SUCCESS: agents/absorption_monitor_agent.py (exit 0)
[2025-12-07T15:30:44.414412+00:00] START: agents/geofence_sms_seed_agent.py
[2025-12-07T15:30:44.480181+00:00] SUCCESS: agents/geofence_sms_seed_agent.py (exit 0)
[2025-12-07T15:30:44.486050+00:00] START: agents/geofence_sms_monitor_agent.py
[2025-12-07T15:30:44.586236+00:00] SUCCESS: agents/geofence_sms_monitor_agent.py (exit 0)
[2025-12-07T15:30:44.589631+00:00] START: agents/gmail_activity_seed_agent.py
[2025-12-07T15:30:44.653046+00:00] SUCCESS: agents/gmail_activity_seed_agent.py (exit 0)
[2025-12-07T15:30:44.656497+00:00] START: agents/gmail_monitor_agent.py
[2025-12-07T15:30:44.753819+00:00] SUCCESS: agents/gmail_monitor_agent.py (exit 0)
[2025-12-07T15:30:44.757159+00:00] Core monitors bundle completed at 2025-12-07T15:30:44.757146+00:00 (successes=6, failures=0)
[2025-12-07T16:30:40.533927+00:00] ================================================================================
[2025-12-07T16:30:40.538358+00:00] Core monitors bundle run started at 2025-12-07T16:30:40.533893+00:00
[2025-12-07T16:30:40.543841+00:00] START: agents/absorption_runner_agent.py
[2025-12-07T16:30:43.765401+00:00] SUCCESS: agents/absorption_runner_agent.py (exit 0)
[2025-12-07T16:30:43.769698+00:00] START: agents/absorption_monitor_agent.py
[2025-12-07T16:30:45.541285+00:00] SUCCESS: agents/absorption_monitor_agent.py (exit 0)
[2025-12-07T16:30:45.545728+00:00] START: agents/geofence_sms_seed_agent.py
[2025-12-07T16:30:45.610342+00:00] SUCCESS: agents/geofence_sms_seed_agent.py (exit 0)
[2025-12-07T16:30:45.613831+00:00] START: agents/geofence_sms_monitor_agent.py
[2025-12-07T16:30:45.717066+00:00] SUCCESS: agents/geofence_sms_monitor_agent.py (exit 0)
[2025-12-07T16:30:45.720499+00:00] START: agents/gmail_activity_seed_agent.py
[2025-12-07T16:30:45.794272+00:00] SUCCESS: agents/gmail_activity_seed_agent.py (exit 0)
[2025-12-07T16:30:45.797927+00:00] START: agents/gmail_monitor_agent.py
[2025-12-07T16:30:45.936708+00:00] SUCCESS: agents/gmail_monitor_agent.py (exit 0)
[2025-12-07T16:30:45.939974+00:00] Core monitors bundle completed at 2025-12-07T16:30:45.939960+00:00 (successes=6, failures=0)
[2025-12-07T17:30:42.557368+00:00] ================================================================================
[2025-12-07T17:30:42.562364+00:00] Core monitors bundle run started at 2025-12-07T17:30:42.557329+00:00
[2025-12-07T17:30:42.567023+00:00] START: agents/absorption_runner_agent.py
[2025-12-07T17:30:46.241788+00:00] SUCCESS: agents/absorption_runner_agent.py (exit 0)
[2025-12-07T17:30:46.245624+00:00] START: agents/absorption_monitor_agent.py
[2025-12-07T17:30:47.775822+00:00] SUCCESS: agents/absorption_monitor_agent.py (exit 0)
[2025-12-07T17:30:47.779123+00:00] START: agents/geofence_sms_seed_agent.py
[2025-12-07T17:30:47.842004+00:00] SUCCESS: agents/geofence_sms_seed_agent.py (exit 0)
[2025-12-07T17:30:47.845278+00:00] START: agents/geofence_sms_monitor_agent.py
[2025-12-07T17:30:47.938671+00:00] SUCCESS: agents/geofence_sms_monitor_agent.py (exit 0)
[2025-12-07T17:30:47.942033+00:00] START: agents/gmail_activity_seed_agent.py
[2025-12-07T17:30:47.995489+00:00] SUCCESS: agents/gmail_activity_seed_agent.py (exit 0)
[2025-12-07T17:30:47.998688+00:00] START: agents/gmail_monitor_agent.py
[2025-12-07T17:30:48.092549+00:00] SUCCESS: agents/gmail_monitor_agent.py (exit 0)
[2025-12-07T17:30:48.095766+00:00] Core monitors bundle completed at 2025-12-07T17:30:48.095754+00:00 (successes=6, failures=0)
[2025-12-07T18:30:39.063839+00:00] ================================================================================
[2025-12-07T18:30:39.068600+00:00] Core monitors bundle run started at 2025-12-07T18:30:39.063800+00:00
[2025-12-07T18:30:39.072293+00:00] START: agents/absorption_runner_agent.py
[2025-12-07T18:30:42.420767+00:00] SUCCESS: agents/absorption_runner_agent.py (exit 0)
[2025-12-07T18:30:42.424067+00:00] START: agents/absorption_monitor_agent.py
[2025-12-07T18:30:44.203929+00:00] SUCCESS: agents/absorption_monitor_agent.py (exit 0)
[2025-12-07T18:30:44.207332+00:00] START: agents/geofence_sms_seed_agent.py
[2025-12-07T18:30:44.272010+00:00] SUCCESS: agents/geofence_sms_seed_agent.py (exit 0)
[2025-12-07T18:30:44.275516+00:00] START: agents/geofence_sms_monitor_agent.py
[2025-12-07T18:30:44.385617+00:00] SUCCESS: agents/geofence_sms_monitor_agent.py (exit 0)
[2025-12-07T18:30:44.389017+00:00] START: agents/gmail_activity_seed_agent.py
[2025-12-07T18:30:44.446190+00:00] SUCCESS: agents/gmail_activity_seed_agent.py (exit 0)
[2025-12-07T18:30:44.450139+00:00] START: agents/gmail_monitor_agent.py
[2025-12-07T18:30:44.556565+00:00] SUCCESS: agents/gmail_monitor_agent.py (exit 0)
[2025-12-07T18:30:44.559855+00:00] Core monitors bundle completed at 2025-12-07T18:30:44.559843+00:00 (successes=6, failures=0)
[2025-12-07T19:30:37.459695+00:00] ================================================================================
[2025-12-07T19:30:37.464085+00:00] Core monitors bundle run started at 2025-12-07T19:30:37.459654+00:00
[2025-12-07T19:30:37.467583+00:00] START: agents/absorption_runner_agent.py
[2025-12-07T19:30:40.712277+00:00] SUCCESS: agents/absorption_runner_agent.py (exit 0)
[2025-12-07T19:30:40.715821+00:00] START: agents/absorption_monitor_agent.py
[2025-12-07T19:30:42.233338+00:00] SUCCESS: agents/absorption_monitor_agent.py (exit 0)
[2025-12-07T19:30:42.236697+00:00] START: agents/geofence_sms_seed_agent.py
[2025-12-07T19:30:42.298712+00:00] SUCCESS: agents/geofence_sms_seed_agent.py (exit 0)
[2025-12-07T19:30:42.302016+00:00] START: agents/geofence_sms_monitor_agent.py
[2025-12-07T19:30:42.396841+00:00] SUCCESS: agents/geofence_sms_monitor_agent.py (exit 0)
[2025-12-07T19:30:42.400177+00:00] START: agents/gmail_activity_seed_agent.py
[2025-12-07T19:30:42.453256+00:00] SUCCESS: agents/gmail_activity_seed_agent.py (exit 0)
[2025-12-07T19:30:42.457916+00:00] START: agents/gmail_monitor_agent.py
[2025-12-07T19:30:42.568815+00:00] SUCCESS: agents/gmail_monitor_agent.py (exit 0)
[2025-12-07T19:30:42.572159+00:00] Core monitors bundle completed at 2025-12-07T19:30:42.572143+00:00 (successes=6, failures=0)
[2025-12-07T20:30:40.855875+00:00] ================================================================================
[2025-12-07T20:30:40.860463+00:00] Core monitors bundle run started at 2025-12-07T20:30:40.855836+00:00
[2025-12-07T20:30:40.863999+00:00] START: agents/absorption_runner_agent.py
[2025-12-07T20:30:45.874263+00:00] SUCCESS: agents/absorption_runner_agent.py (exit 0)
[2025-12-07T20:30:45.879122+00:00] START: agents/absorption_monitor_agent.py
[2025-12-07T20:30:47.989339+00:00] SUCCESS: agents/absorption_monitor_agent.py (exit 0)
[2025-12-07T20:30:47.992138+00:00] START: agents/geofence_sms_seed_agent.py
[2025-12-07T20:30:48.062968+00:00] SUCCESS: agents/geofence_sms_seed_agent.py (exit 0)
[2025-12-07T20:30:48.067245+00:00] START: agents/geofence_sms_monitor_agent.py
[2025-12-07T20:30:48.170538+00:00] SUCCESS: agents/geofence_sms_monitor_agent.py (exit 0)
[2025-12-07T20:30:48.173839+00:00] START: agents/gmail_activity_seed_agent.py
[2025-12-07T20:30:48.228190+00:00] SUCCESS: agents/gmail_activity_seed_agent.py (exit 0)
[2025-12-07T20:30:48.230799+00:00] START: agents/gmail_monitor_agent.py
[2025-12-07T20:30:48.328725+00:00] SUCCESS: agents/gmail_monitor_agent.py (exit 0)
[2025-12-07T20:30:48.332165+00:00] Core monitors bundle completed at 2025-12-07T20:30:48.332150+00:00 (successes=6, failures=0)
[2025-12-07T21:30:40.720166+00:00] ================================================================================
[2025-12-07T21:30:40.725046+00:00] Core monitors bundle run started at 2025-12-07T21:30:40.720125+00:00
[2025-12-07T21:30:40.729407+00:00] START: agents/absorption_runner_agent.py
[2025-12-07T21:30:43.397137+00:00] SUCCESS: agents/absorption_runner_agent.py (exit 0)
[2025-12-07T21:30:43.401036+00:00] START: agents/absorption_monitor_agent.py
[2025-12-07T21:30:44.903913+00:00] SUCCESS: agents/absorption_monitor_agent.py (exit 0)
[2025-12-07T21:30:44.907813+00:00] START: agents/geofence_sms_seed_agent.py
[2025-12-07T21:30:44.971529+00:00] SUCCESS: agents/geofence_sms_seed_agent.py (exit 0)
[2025-12-07T21:30:44.974730+00:00] START: agents/geofence_sms_monitor_agent.py
[2025-12-07T21:30:45.107882+00:00] SUCCESS: agents/geofence_sms_monitor_agent.py (exit 0)
[2025-12-07T21:30:45.111345+00:00] START: agents/gmail_activity_seed_agent.py
[2025-12-07T21:30:45.170719+00:00] SUCCESS: agents/gmail_activity_seed_agent.py (exit 0)
[2025-12-07T21:30:45.174239+00:00] START: agents/gmail_monitor_agent.py
[2025-12-07T21:30:45.277391+00:00] SUCCESS: agents/gmail_monitor_agent.py (exit 0)
[2025-12-07T21:30:45.280853+00:00] Core monitors bundle completed at 2025-12-07T21:30:45.280843+00:00 (successes=6, failures=0)
[2025-12-07T22:30:45.801709+00:00] ================================================================================
[2025-12-07T22:30:45.807986+00:00] Core monitors bundle run started at 2025-12-07T22:30:45.801668+00:00
[2025-12-07T22:30:45.812149+00:00] START: agents/absorption_runner_agent.py
[2025-12-07T22:30:50.948590+00:00] SUCCESS: agents/absorption_runner_agent.py (exit 0)
[2025-12-07T22:30:50.951939+00:00] START: agents/absorption_monitor_agent.py
[2025-12-07T22:30:53.154889+00:00] SUCCESS: agents/absorption_monitor_agent.py (exit 0)
[2025-12-07T22:30:53.158524+00:00] START: agents/geofence_sms_seed_agent.py
[2025-12-07T22:30:53.239372+00:00] SUCCESS: agents/geofence_sms_seed_agent.py (exit 0)
[2025-12-07T22:30:53.242415+00:00] START: agents/geofence_sms_monitor_agent.py
[2025-12-07T22:30:53.362255+00:00] SUCCESS: agents/geofence_sms_monitor_agent.py (exit 0)
[2025-12-07T22:30:53.365992+00:00] START: agents/gmail_activity_seed_agent.py
[2025-12-07T22:30:53.431268+00:00] SUCCESS: agents/gmail_activity_seed_agent.py (exit 0)
[2025-12-07T22:30:53.434850+00:00] START: agents/gmail_monitor_agent.py
[2025-12-07T22:30:53.556577+00:00] SUCCESS: agents/gmail_monitor_agent.py (exit 0)
[2025-12-07T22:30:53.559939+00:00] Core monitors bundle completed at 2025-12-07T22:30:53.559922+00:00 (successes=6, failures=0)
[2025-12-07T23:30:43.650660+00:00] ================================================================================
[2025-12-07T23:30:43.655104+00:00] Core monitors bundle run started at 2025-12-07T23:30:43.650623+00:00
[2025-12-07T23:30:43.658552+00:00] START: agents/absorption_runner_agent.py
[2025-12-07T23:30:47.203381+00:00] SUCCESS: agents/absorption_runner_agent.py (exit 0)
[2025-12-07T23:30:47.206923+00:00] START: agents/absorption_monitor_agent.py
[2025-12-07T23:30:49.059227+00:00] SUCCESS: agents/absorption_monitor_agent.py (exit 0)
[2025-12-07T23:30:49.063639+00:00] START: agents/geofence_sms_seed_agent.py
[2025-12-07T23:30:49.127897+00:00] SUCCESS: agents/geofence_sms_seed_agent.py (exit 0)
[2025-12-07T23:30:49.131290+00:00] START: agents/geofence_sms_monitor_agent.py
[2025-12-07T23:30:49.264584+00:00] SUCCESS: agents/geofence_sms_monitor_agent.py (exit 0)
[2025-12-07T23:30:49.268200+00:00] START: agents/gmail_activity_seed_agent.py
[2025-12-07T23:30:49.363256+00:00] SUCCESS: agents/gmail_activity_seed_agent.py (exit 0)
[2025-12-07T23:30:49.366483+00:00] START: agents/gmail_monitor_agent.py
[2025-12-07T23:30:49.462538+00:00] SUCCESS: agents/gmail_monitor_agent.py (exit 0)
[2025-12-07T23:30:49.466182+00:00] Core monitors bundle completed at 2025-12-07T23:30:49.466166+00:00 (successes=6, failures=0)
[2025-12-08T00:30:41.434597+00:00] ================================================================================
[2025-12-08T00:30:41.439245+00:00] Core monitors bundle run started at 2025-12-08T00:30:41.434568+00:00
[2025-12-08T00:30:41.443799+00:00] START: agents/absorption_runner_agent.py
[2025-12-08T00:30:44.342558+00:00] SUCCESS: agents/absorption_runner_agent.py (exit 0)
[2025-12-08T00:30:44.346163+00:00] START: agents/absorption_monitor_agent.py
[2025-12-08T00:30:45.832853+00:00] SUCCESS: agents/absorption_monitor_agent.py (exit 0)
[2025-12-08T00:30:45.836205+00:00] START: agents/geofence_sms_seed_agent.py
[2025-12-08T00:30:45.898947+00:00] SUCCESS: agents/geofence_sms_seed_agent.py (exit 0)
[2025-12-08T00:30:45.902399+00:00] START: agents/geofence_sms_monitor_agent.py
[2025-12-08T00:30:45.999844+00:00] SUCCESS: agents/geofence_sms_monitor_agent.py (exit 0)
[2025-12-08T00:30:46.003197+00:00] START: agents/gmail_activity_seed_agent.py
[2025-12-08T00:30:46.057688+00:00] SUCCESS: agents/gmail_activity_seed_agent.py (exit 0)
[2025-12-08T00:30:46.060986+00:00] START: agents/gmail_monitor_agent.py
[2025-12-08T00:30:46.158194+00:00] SUCCESS: agents/gmail_monitor_agent.py (exit 0)
[2025-12-08T00:30:46.161387+00:00] Core monitors bundle completed at 2025-12-08T00:30:46.161377+00:00 (successes=6, failures=0)
[2025-12-08T01:30:38.930676+00:00] ================================================================================
[2025-12-08T01:30:38.935294+00:00] Core monitors bundle run started at 2025-12-08T01:30:38.930649+00:00
[2025-12-08T01:30:38.938761+00:00] START: agents/absorption_runner_agent.py
[2025-12-08T01:30:41.361276+00:00] SUCCESS: agents/absorption_runner_agent.py (exit 0)
[2025-12-08T01:30:41.364985+00:00] START: agents/absorption_monitor_agent.py
[2025-12-08T01:30:43.043668+00:00] SUCCESS: agents/absorption_monitor_agent.py (exit 0)
[2025-12-08T01:30:43.047165+00:00] START: agents/geofence_sms_seed_agent.py
[2025-12-08T01:30:43.112867+00:00] SUCCESS: agents/geofence_sms_seed_agent.py (exit 0)
[2025-12-08T01:30:43.116168+00:00] START: agents/geofence_sms_monitor_agent.py
[2025-12-08T01:30:43.230003+00:00] SUCCESS: agents/geofence_sms_monitor_agent.py (exit 0)
[2025-12-08T01:30:43.233715+00:00] START: agents/gmail_activity_seed_agent.py
[2025-12-08T01:30:43.288265+00:00] SUCCESS: agents/gmail_activity_seed_agent.py (exit 0)
[2025-12-08T01:30:43.292122+00:00] START: agents/gmail_monitor_agent.py
[2025-12-08T01:30:43.388927+00:00] SUCCESS: agents/gmail_monitor_agent.py (exit 0)
[2025-12-08T01:30:43.392214+00:00] Core monitors bundle completed at 2025-12-08T01:30:43.392201+00:00 (successes=6, failures=0)
[2025-12-08T02:30:37.055860+00:00] ================================================================================
[2025-12-08T02:30:37.058957+00:00] Core monitors bundle run started at 2025-12-08T02:30:37.055820+00:00
[2025-12-08T02:30:37.063113+00:00] START: agents/absorption_runner_agent.py
[2025-12-08T02:30:40.097563+00:00] SUCCESS: agents/absorption_runner_agent.py (exit 0)
[2025-12-08T02:30:40.101117+00:00] START: agents/absorption_monitor_agent.py
[2025-12-08T02:30:41.614993+00:00] SUCCESS: agents/absorption_monitor_agent.py (exit 0)
[2025-12-08T02:30:41.618312+00:00] START: agents/geofence_sms_seed_agent.py
[2025-12-08T02:30:41.678468+00:00] SUCCESS: agents/geofence_sms_seed_agent.py (exit 0)
[2025-12-08T02:30:41.684422+00:00] START: agents/geofence_sms_monitor_agent.py
[2025-12-08T02:30:41.788986+00:00] SUCCESS: agents/geofence_sms_monitor_agent.py (exit 0)
[2025-12-08T02:30:41.792438+00:00] START: agents/gmail_activity_seed_agent.py
[2025-12-08T02:30:41.867898+00:00] SUCCESS: agents/gmail_activity_seed_agent.py (exit 0)
[2025-12-08T02:30:41.871404+00:00] START: agents/gmail_monitor_agent.py
[2025-12-08T02:30:41.967611+00:00] SUCCESS: agents/gmail_monitor_agent.py (exit 0)
[2025-12-08T02:30:41.970857+00:00] Core monitors bundle completed at 2025-12-08T02:30:41.970843+00:00 (successes=6, failures=0)
[2025-12-08T03:30:44.509018+00:00] ================================================================================
[2025-12-08T03:30:44.513617+00:00] Core monitors bundle run started at 2025-12-08T03:30:44.508974+00:00
[2025-12-08T03:30:44.517829+00:00] START: agents/absorption_runner_agent.py
[2025-12-08T03:30:48.717221+00:00] SUCCESS: agents/absorption_runner_agent.py (exit 0)
[2025-12-08T03:30:48.721352+00:00] START: agents/absorption_monitor_agent.py
[2025-12-08T03:30:50.379264+00:00] SUCCESS: agents/absorption_monitor_agent.py (exit 0)
[2025-12-08T03:30:50.383893+00:00] START: agents/geofence_sms_seed_agent.py
[2025-12-08T03:30:50.451467+00:00] SUCCESS: agents/geofence_sms_seed_agent.py (exit 0)
[2025-12-08T03:30:50.454280+00:00] START: agents/geofence_sms_monitor_agent.py
[2025-12-08T03:30:50.569963+00:00] SUCCESS: agents/geofence_sms_monitor_agent.py (exit 0)
[2025-12-08T03:30:50.572888+00:00] START: agents/gmail_activity_seed_agent.py
[2025-12-08T03:30:50.638881+00:00] SUCCESS: agents/gmail_activity_seed_agent.py (exit 0)
[2025-12-08T03:30:50.642405+00:00] START: agents/gmail_monitor_agent.py
[2025-12-08T03:30:50.747893+00:00] SUCCESS: agents/gmail_monitor_agent.py (exit 0)
[2025-12-08T03:30:50.751412+00:00] Core monitors bundle completed at 2025-12-08T03:30:50.751397+00:00 (successes=6, failures=0)
[2025-12-08T04:30:43.070884+00:00] ================================================================================
[2025-12-08T04:30:43.075496+00:00] Core monitors bundle run started at 2025-12-08T04:30:43.070846+00:00
[2025-12-08T04:30:43.079106+00:00] START: agents/absorption_runner_agent.py
[2025-12-08T04:30:47.168216+00:00] SUCCESS: agents/absorption_runner_agent.py (exit 0)
[2025-12-08T04:30:47.171526+00:00] START: agents/absorption_monitor_agent.py
[2025-12-08T04:30:49.687011+00:00] SUCCESS: agents/absorption_monitor_agent.py (exit 0)
[2025-12-08T04:30:49.690691+00:00] START: agents/geofence_sms_seed_agent.py
[2025-12-08T04:30:49.755653+00:00] SUCCESS: agents/geofence_sms_seed_agent.py (exit 0)
[2025-12-08T04:30:49.759081+00:00] START: agents/geofence_sms_monitor_agent.py
[2025-12-08T04:30:49.859212+00:00] SUCCESS: agents/geofence_sms_monitor_agent.py (exit 0)
[2025-12-08T04:30:49.862740+00:00] START: agents/gmail_activity_seed_agent.py
[2025-12-08T04:30:49.940235+00:00] SUCCESS: agents/gmail_activity_seed_agent.py (exit 0)
[2025-12-08T04:30:49.943860+00:00] START: agents/gmail_monitor_agent.py
[2025-12-08T04:30:50.068586+00:00] SUCCESS: agents/gmail_monitor_agent.py (exit 0)
[2025-12-08T04:30:50.072027+00:00] Core monitors bundle completed at 2025-12-08T04:30:50.072007+00:00 (successes=6, failures=0)
[2025-12-08T05:30:42.129191+00:00] ================================================================================
[2025-12-08T05:30:42.133510+00:00] Core monitors bundle run started at 2025-12-08T05:30:42.129154+00:00
[2025-12-08T05:30:42.137304+00:00] START: agents/absorption_runner_agent.py
[2025-12-08T05:30:46.537187+00:00] SUCCESS: agents/absorption_runner_agent.py (exit 0)
[2025-12-08T05:30:46.543163+00:00] START: agents/absorption_monitor_agent.py
[2025-12-08T05:30:49.180418+00:00] SUCCESS: agents/absorption_monitor_agent.py (exit 0)
[2025-12-08T05:30:49.183877+00:00] START: agents/geofence_sms_seed_agent.py
[2025-12-08T05:30:49.270459+00:00] SUCCESS: agents/geofence_sms_seed_agent.py (exit 0)
[2025-12-08T05:30:49.275998+00:00] START: agents/geofence_sms_monitor_agent.py
[2025-12-08T05:30:49.436313+00:00] SUCCESS: agents/geofence_sms_monitor_agent.py (exit 0)
[2025-12-08T05:30:49.441049+00:00] START: agents/gmail_activity_seed_agent.py
[2025-12-08T05:30:49.500495+00:00] SUCCESS: agents/gmail_activity_seed_agent.py (exit 0)
[2025-12-08T05:30:49.504139+00:00] START: agents/gmail_monitor_agent.py
[2025-12-08T05:30:49.645874+00:00] SUCCESS: agents/gmail_monitor_agent.py (exit 0)
[2025-12-08T05:30:49.649239+00:00] Core monitors bundle completed at 2025-12-08T05:30:49.649227+00:00 (successes=6, failures=0)
[2025-12-08T06:30:40.903610+00:00] ================================================================================
[2025-12-08T06:30:40.910344+00:00] Core monitors bundle run started at 2025-12-08T06:30:40.903568+00:00
[2025-12-08T06:30:40.914082+00:00] START: agents/absorption_runner_agent.py
[2025-12-08T06:30:46.134002+00:00] SUCCESS: agents/absorption_runner_agent.py (exit 0)
[2025-12-08T06:30:46.142484+00:00] START: agents/absorption_monitor_agent.py
[2025-12-08T06:30:49.110865+00:00] SUCCESS: agents/absorption_monitor_agent.py (exit 0)
[2025-12-08T06:30:49.114614+00:00] START: agents/geofence_sms_seed_agent.py
[2025-12-08T06:30:49.230659+00:00] SUCCESS: agents/geofence_sms_seed_agent.py (exit 0)
[2025-12-08T06:30:49.234832+00:00] START: agents/geofence_sms_monitor_agent.py
[2025-12-08T06:30:49.346117+00:00] SUCCESS: agents/geofence_sms_monitor_agent.py (exit 0)
[2025-12-08T06:30:49.352905+00:00] START: agents/gmail_activity_seed_agent.py
[2025-12-08T06:30:49.445557+00:00] SUCCESS: agents/gmail_activity_seed_agent.py (exit 0)
[2025-12-08T06:30:49.449375+00:00] START: agents/gmail_monitor_agent.py
[2025-12-08T06:30:49.595035+00:00] SUCCESS: agents/gmail_monitor_agent.py (exit 0)
[2025-12-08T06:30:49.598310+00:00] Core monitors bundle completed at 2025-12-08T06:30:49.598299+00:00 (successes=6, failures=0)
[2025-12-08T07:04:04.542206+00:00] ================================================================================
[2025-12-08T07:04:04.546362+00:00] Core monitors bundle run started at 2025-12-08T07:04:04.542185+00:00
[2025-12-08T07:04:04.550705+00:00] START: agents/absorption_runner_agent.py
[2025-12-08T07:04:09.583202+00:00] ================================================================================
[2025-12-08T07:04:09.587638+00:00] Core monitors bundle run started at 2025-12-08T07:04:09.583166+00:00
[2025-12-08T07:04:09.591998+00:00] START: agents/absorption_runner_agent.py
[2025-12-08T07:04:10.989723+00:00] SUCCESS: agents/absorption_runner_agent.py (exit 0)
[2025-12-08T07:04:10.994508+00:00] START: agents/absorption_monitor_agent.py
[2025-12-08T07:30:37.745668+00:00] ================================================================================
[2025-12-08T07:30:37.749992+00:00] Core monitors bundle run started at 2025-12-08T07:30:37.745634+00:00
[2025-12-08T07:30:37.753861+00:00] START: agents/absorption_runner_agent.py
[2025-12-08T07:30:41.881659+00:00] SUCCESS: agents/absorption_runner_agent.py (exit 0)
[2025-12-08T07:30:41.886098+00:00] START: agents/absorption_monitor_agent.py
[2025-12-08T07:30:43.424779+00:00] SUCCESS: agents/absorption_monitor_agent.py (exit 0)
[2025-12-08T07:30:43.428211+00:00] START: agents/geofence_sms_seed_agent.py
[2025-12-08T07:30:43.490345+00:00] SUCCESS: agents/geofence_sms_seed_agent.py (exit 0)
[2025-12-08T07:30:43.493849+00:00] START: agents/geofence_sms_monitor_agent.py
[2025-12-08T07:30:43.594664+00:00] SUCCESS: agents/geofence_sms_monitor_agent.py (exit 0)
[2025-12-08T07:30:43.599860+00:00] START: agents/gmail_activity_seed_agent.py
[2025-12-08T07:30:43.659304+00:00] SUCCESS: agents/gmail_activity_seed_agent.py (exit 0)
[2025-12-08T07:30:43.662867+00:00] START: agents/gmail_monitor_agent.py
[2025-12-08T07:30:43.792301+00:00] SUCCESS: agents/gmail_monitor_agent.py (exit 0)
[2025-12-08T07:30:43.795447+00:00] Core monitors bundle completed at 2025-12-08T07:30:43.795436+00:00 (successes=6, failures=0)
[2025-12-08T08:30:40.265971+00:00] ================================================================================
[2025-12-08T08:30:40.271845+00:00] Core monitors bundle run started at 2025-12-08T08:30:40.265930+00:00
[2025-12-08T08:30:40.275443+00:00] START: agents/absorption_runner_agent.py
[2025-12-08T08:30:43.900273+00:00] SUCCESS: agents/absorption_runner_agent.py (exit 0)
[2025-12-08T08:30:43.904140+00:00] START: agents/absorption_monitor_agent.py
[2025-12-08T08:30:45.501291+00:00] SUCCESS: agents/absorption_monitor_agent.py (exit 0)
[2025-12-08T08:30:45.504736+00:00] START: agents/geofence_sms_seed_agent.py
[2025-12-08T08:30:45.571267+00:00] SUCCESS: agents/geofence_sms_seed_agent.py (exit 0)
[2025-12-08T08:30:45.575811+00:00] START: agents/geofence_sms_monitor_agent.py
[2025-12-08T08:30:45.673522+00:00] SUCCESS: agents/geofence_sms_monitor_agent.py (exit 0)
[2025-12-08T08:30:45.677059+00:00] START: agents/gmail_activity_seed_agent.py
[2025-12-08T08:30:45.739307+00:00] SUCCESS: agents/gmail_activity_seed_agent.py (exit 0)
[2025-12-08T08:30:45.742718+00:00] START: agents/gmail_monitor_agent.py
[2025-12-08T08:30:45.842967+00:00] SUCCESS: agents/gmail_monitor_agent.py (exit 0)
[2025-12-08T08:30:45.846201+00:00] Core monitors bundle completed at 2025-12-08T08:30:45.846188+00:00 (successes=6, failures=0)
[2025-12-08T09:30:38.389233+00:00] ================================================================================
[2025-12-08T09:30:38.395468+00:00] Core monitors bundle run started at 2025-12-08T09:30:38.389198+00:00
[2025-12-08T09:30:38.399097+00:00] START: agents/absorption_runner_agent.py
[2025-12-08T09:30:42.330032+00:00] SUCCESS: agents/absorption_runner_agent.py (exit 0)
[2025-12-08T09:30:42.333641+00:00] START: agents/absorption_monitor_agent.py
[2025-12-08T09:30:44.104758+00:00] SUCCESS: agents/absorption_monitor_agent.py (exit 0)
[2025-12-08T09:30:44.109189+00:00] START: agents/geofence_sms_seed_agent.py
[2025-12-08T09:30:44.174076+00:00] SUCCESS: agents/geofence_sms_seed_agent.py (exit 0)
[2025-12-08T09:30:44.177448+00:00] START: agents/geofence_sms_monitor_agent.py
[2025-12-08T09:30:44.286409+00:00] SUCCESS: agents/geofence_sms_monitor_agent.py (exit 0)
[2025-12-08T09:30:44.289478+00:00] START: agents/gmail_activity_seed_agent.py
[2025-12-08T09:30:44.356988+00:00] SUCCESS: agents/gmail_activity_seed_agent.py (exit 0)
[2025-12-08T09:30:44.360665+00:00] START: agents/gmail_monitor_agent.py
[2025-12-08T09:30:44.462944+00:00] SUCCESS: agents/gmail_monitor_agent.py (exit 0)
[2025-12-08T09:30:44.466161+00:00] Core monitors bundle completed at 2025-12-08T09:30:44.466147+00:00 (successes=6, failures=0)
[2025-12-08T10:30:38.169290+00:00] ================================================================================
[2025-12-08T10:30:38.172879+00:00] Core monitors bundle run started at 2025-12-08T10:30:38.169260+00:00
[2025-12-08T10:30:38.176584+00:00] START: agents/absorption_runner_agent.py
[2025-12-08T10:30:41.166288+00:00] SUCCESS: agents/absorption_runner_agent.py (exit 0)
[2025-12-08T10:30:41.169698+00:00] START: agents/absorption_monitor_agent.py
[2025-12-08T10:30:42.874047+00:00] SUCCESS: agents/absorption_monitor_agent.py (exit 0)
[2025-12-08T10:30:42.877740+00:00] START: agents/geofence_sms_seed_agent.py
[2025-12-08T10:30:42.939101+00:00] SUCCESS: agents/geofence_sms_seed_agent.py (exit 0)
[2025-12-08T10:30:42.942696+00:00] START: agents/geofence_sms_monitor_agent.py
[2025-12-08T10:30:43.035929+00:00] SUCCESS: agents/geofence_sms_monitor_agent.py (exit 0)
[2025-12-08T10:30:43.039358+00:00] START: agents/gmail_activity_seed_agent.py
[2025-12-08T10:30:43.093464+00:00] SUCCESS: agents/gmail_activity_seed_agent.py (exit 0)
[2025-12-08T10:30:43.097139+00:00] START: agents/gmail_monitor_agent.py
[2025-12-08T10:30:43.225352+00:00] SUCCESS: agents/gmail_monitor_agent.py (exit 0)
[2025-12-08T10:30:43.228934+00:00] Core monitors bundle completed at 2025-12-08T10:30:43.228915+00:00 (successes=6, failures=0)
[2025-12-08T11:30:37.860285+00:00] ================================================================================
[2025-12-08T11:30:37.864571+00:00] Core monitors bundle run started at 2025-12-08T11:30:37.860256+00:00
[2025-12-08T11:30:37.868740+00:00] START: agents/absorption_runner_agent.py
[2025-12-08T11:30:40.503231+00:00] SUCCESS: agents/absorption_runner_agent.py (exit 0)
[2025-12-08T11:30:40.506621+00:00] START: agents/absorption_monitor_agent.py
[2025-12-08T11:30:42.406337+00:00] SUCCESS: agents/absorption_monitor_agent.py (exit 0)
[2025-12-08T11:30:42.409327+00:00] START: agents/geofence_sms_seed_agent.py
[2025-12-08T11:30:42.497170+00:00] SUCCESS: agents/geofence_sms_seed_agent.py (exit 0)
[2025-12-08T11:30:42.501580+00:00] START: agents/geofence_sms_monitor_agent.py
[2025-12-08T11:30:42.640567+00:00] SUCCESS: agents/geofence_sms_monitor_agent.py (exit 0)
[2025-12-08T11:30:42.645166+00:00] START: agents/gmail_activity_seed_agent.py
[2025-12-08T11:30:42.739894+00:00] SUCCESS: agents/gmail_activity_seed_agent.py (exit 0)
[2025-12-08T11:30:42.743581+00:00] START: agents/gmail_monitor_agent.py
[2025-12-08T11:30:42.862606+00:00] SUCCESS: agents/gmail_monitor_agent.py (exit 0)
[2025-12-08T11:30:42.866027+00:00] Core monitors bundle completed at 2025-12-08T11:30:42.866014+00:00 (successes=6, failures=0)
[2025-12-08T12:30:38.177510+00:00] ================================================================================
[2025-12-08T12:30:38.181061+00:00] Core monitors bundle run started at 2025-12-08T12:30:38.177472+00:00
[2025-12-08T12:30:38.184763+00:00] START: agents/absorption_runner_agent.py
[2025-12-08T12:30:42.282704+00:00] SUCCESS: agents/absorption_runner_agent.py (exit 0)
[2025-12-08T12:30:42.286203+00:00] START: agents/absorption_monitor_agent.py
[2025-12-08T12:30:43.879511+00:00] SUCCESS: agents/absorption_monitor_agent.py (exit 0)
[2025-12-08T12:30:43.882957+00:00] START: agents/geofence_sms_seed_agent.py
[2025-12-08T12:30:43.943947+00:00] SUCCESS: agents/geofence_sms_seed_agent.py (exit 0)
[2025-12-08T12:30:43.947340+00:00] START: agents/geofence_sms_monitor_agent.py
[2025-12-08T12:30:44.040922+00:00] SUCCESS: agents/geofence_sms_monitor_agent.py (exit 0)
[2025-12-08T12:30:44.044335+00:00] START: agents/gmail_activity_seed_agent.py
[2025-12-08T12:30:44.099415+00:00] SUCCESS: agents/gmail_activity_seed_agent.py (exit 0)
[2025-12-08T12:30:44.102994+00:00] START: agents/gmail_monitor_agent.py
[2025-12-08T12:30:44.199322+00:00] SUCCESS: agents/gmail_monitor_agent.py (exit 0)
[2025-12-08T12:30:44.202591+00:00] Core monitors bundle completed at 2025-12-08T12:30:44.202579+00:00 (successes=6, failures=0)
[2025-12-08T13:30:45.515537+00:00] ================================================================================
[2025-12-08T13:30:45.520715+00:00] Core monitors bundle run started at 2025-12-08T13:30:45.515501+00:00
[2025-12-08T13:30:45.524384+00:00] START: agents/absorption_runner_agent.py
[2025-12-08T13:30:50.026929+00:00] SUCCESS: agents/absorption_runner_agent.py (exit 0)
[2025-12-08T13:30:50.032331+00:00] START: agents/absorption_monitor_agent.py
[2025-12-08T13:30:51.930895+00:00] SUCCESS: agents/absorption_monitor_agent.py (exit 0)
[2025-12-08T13:30:51.934755+00:00] START: agents/geofence_sms_seed_agent.py
[2025-12-08T13:30:52.018462+00:00] SUCCESS: agents/geofence_sms_seed_agent.py (exit 0)
[2025-12-08T13:30:52.022047+00:00] START: agents/geofence_sms_monitor_agent.py
[2025-12-08T13:30:52.146978+00:00] SUCCESS: agents/geofence_sms_monitor_agent.py (exit 0)
[2025-12-08T13:30:52.151726+00:00] START: agents/gmail_activity_seed_agent.py
[2025-12-08T13:30:52.222095+00:00] SUCCESS: agents/gmail_activity_seed_agent.py (exit 0)
[2025-12-08T13:30:52.225867+00:00] START: agents/gmail_monitor_agent.py
[2025-12-08T13:30:52.321257+00:00] SUCCESS: agents/gmail_monitor_agent.py (exit 0)
[2025-12-08T13:30:52.324179+00:00] Core monitors bundle completed at 2025-12-08T13:30:52.324168+00:00 (successes=6, failures=0)
[2025-12-08T14:30:44.802257+00:00] ================================================================================
[2025-12-08T14:30:44.808047+00:00] Core monitors bundle run started at 2025-12-08T14:30:44.802216+00:00
[2025-12-08T14:30:44.811839+00:00] START: agents/absorption_runner_agent.py
[2025-12-08T14:30:48.431589+00:00] SUCCESS: agents/absorption_runner_agent.py (exit 0)
[2025-12-08T14:30:48.435111+00:00] START: agents/absorption_monitor_agent.py
[2025-12-08T14:30:50.500185+00:00] SUCCESS: agents/absorption_monitor_agent.py (exit 0)
[2025-12-08T14:30:50.503842+00:00] START: agents/geofence_sms_seed_agent.py
[2025-12-08T14:30:50.594687+00:00] SUCCESS: agents/geofence_sms_seed_agent.py (exit 0)
[2025-12-08T14:30:50.598184+00:00] START: agents/geofence_sms_monitor_agent.py
[2025-12-08T14:30:50.728293+00:00] SUCCESS: agents/geofence_sms_monitor_agent.py (exit 0)
[2025-12-08T14:30:50.732094+00:00] START: agents/gmail_activity_seed_agent.py
[2025-12-08T14:30:50.799761+00:00] SUCCESS: agents/gmail_activity_seed_agent.py (exit 0)
[2025-12-08T14:30:50.803204+00:00] START: agents/gmail_monitor_agent.py
[2025-12-08T14:30:50.913908+00:00] SUCCESS: agents/gmail_monitor_agent.py (exit 0)
[2025-12-08T14:30:50.917177+00:00] Core monitors bundle completed at 2025-12-08T14:30:50.917163+00:00 (successes=6, failures=0)
[2025-12-08T15:30:42.099153+00:00] ================================================================================
[2025-12-08T15:30:42.103680+00:00] Core monitors bundle run started at 2025-12-08T15:30:42.099123+00:00
[2025-12-08T15:30:42.107024+00:00] START: agents/absorption_runner_agent.py
[2025-12-08T15:30:44.522081+00:00] SUCCESS: agents/absorption_runner_agent.py (exit 0)
[2025-12-08T15:30:44.525052+00:00] START: agents/absorption_monitor_agent.py
[2025-12-08T15:30:46.307443+00:00] SUCCESS: agents/absorption_monitor_agent.py (exit 0)
[2025-12-08T15:30:46.310898+00:00] START: agents/geofence_sms_seed_agent.py
[2025-12-08T15:30:46.375194+00:00] SUCCESS: agents/geofence_sms_seed_agent.py (exit 0)
[2025-12-08T15:30:46.379899+00:00] START: agents/geofence_sms_monitor_agent.py
[2025-12-08T15:30:46.509489+00:00] SUCCESS: agents/geofence_sms_monitor_agent.py (exit 0)
[2025-12-08T15:30:46.512277+00:00] START: agents/gmail_activity_seed_agent.py
[2025-12-08T15:30:46.577570+00:00] SUCCESS: agents/gmail_activity_seed_agent.py (exit 0)
[2025-12-08T15:30:46.580542+00:00] START: agents/gmail_monitor_agent.py
[2025-12-08T15:30:46.686299+00:00] SUCCESS: agents/gmail_monitor_agent.py (exit 0)
[2025-12-08T15:30:46.689101+00:00] Core monitors bundle completed at 2025-12-08T15:30:46.689088+00:00 (successes=6, failures=0)
[2025-12-08T16:30:44.883329+00:00] ================================================================================
[2025-12-08T16:30:44.888253+00:00] Core monitors bundle run started at 2025-12-08T16:30:44.883294+00:00
[2025-12-08T16:30:44.892486+00:00] START: agents/absorption_runner_agent.py
[2025-12-08T16:30:48.358906+00:00] SUCCESS: agents/absorption_runner_agent.py (exit 0)
[2025-12-08T16:30:48.362821+00:00] START: agents/absorption_monitor_agent.py
[2025-12-08T16:30:50.894318+00:00] SUCCESS: agents/absorption_monitor_agent.py (exit 0)
[2025-12-08T16:30:50.897693+00:00] START: agents/geofence_sms_seed_agent.py
[2025-12-08T16:30:50.963723+00:00] SUCCESS: agents/geofence_sms_seed_agent.py (exit 0)
[2025-12-08T16:30:50.965904+00:00] START: agents/geofence_sms_monitor_agent.py
[2025-12-08T16:30:51.065472+00:00] SUCCESS: agents/geofence_sms_monitor_agent.py (exit 0)
[2025-12-08T16:30:51.069044+00:00] START: agents/gmail_activity_seed_agent.py
[2025-12-08T16:30:51.125011+00:00] SUCCESS: agents/gmail_activity_seed_agent.py (exit 0)
[2025-12-08T16:30:51.128294+00:00] START: agents/gmail_monitor_agent.py
[2025-12-08T16:30:51.231339+00:00] SUCCESS: agents/gmail_monitor_agent.py (exit 0)
[2025-12-08T16:30:51.235780+00:00] Core monitors bundle completed at 2025-12-08T16:30:51.235762+00:00 (successes=6, failures=0)
[2025-12-08T17:30:47.533915+00:00] ================================================================================
[2025-12-08T17:30:47.538241+00:00] Core monitors bundle run started at 2025-12-08T17:30:47.533870+00:00
[2025-12-08T17:30:47.541756+00:00] START: agents/absorption_runner_agent.py
[2025-12-08T17:30:52.393449+00:00] SUCCESS: agents/absorption_runner_agent.py (exit 0)
[2025-12-08T17:30:52.396850+00:00] START: agents/absorption_monitor_agent.py
[2025-12-08T17:30:54.438205+00:00] SUCCESS: agents/absorption_monitor_agent.py (exit 0)
[2025-12-08T17:30:54.441594+00:00] START: agents/geofence_sms_seed_agent.py
[2025-12-08T17:30:54.505666+00:00] SUCCESS: agents/geofence_sms_seed_agent.py (exit 0)
[2025-12-08T17:30:54.509045+00:00] START: agents/geofence_sms_monitor_agent.py
[2025-12-08T17:30:54.613968+00:00] SUCCESS: agents/geofence_sms_monitor_agent.py (exit 0)
[2025-12-08T17:30:54.616916+00:00] START: agents/gmail_activity_seed_agent.py
[2025-12-08T17:30:54.713558+00:00] SUCCESS: agents/gmail_activity_seed_agent.py (exit 0)
[2025-12-08T17:30:54.717724+00:00] START: agents/gmail_monitor_agent.py
[2025-12-08T17:30:54.822012+00:00] SUCCESS: agents/gmail_monitor_agent.py (exit 0)
[2025-12-08T17:30:54.825375+00:00] Core monitors bundle completed at 2025-12-08T17:30:54.825360+00:00 (successes=6, failures=0)
[2025-12-08T18:30:41.921885+00:00] ================================================================================
[2025-12-08T18:30:41.926553+00:00] Core monitors bundle run started at 2025-12-08T18:30:41.921847+00:00
[2025-12-08T18:30:41.930133+00:00] START: agents/absorption_runner_agent.py
[2025-12-08T18:30:46.198691+00:00] SUCCESS: agents/absorption_runner_agent.py (exit 0)
[2025-12-08T18:30:46.203743+00:00] START: agents/absorption_monitor_agent.py
[2025-12-08T18:30:49.280850+00:00] SUCCESS: agents/absorption_monitor_agent.py (exit 0)
[2025-12-08T18:30:49.284522+00:00] START: agents/geofence_sms_seed_agent.py
[2025-12-08T18:30:49.386661+00:00] SUCCESS: agents/geofence_sms_seed_agent.py (exit 0)
[2025-12-08T18:30:49.390202+00:00] START: agents/geofence_sms_monitor_agent.py
[2025-12-08T18:30:49.602057+00:00] SUCCESS: agents/geofence_sms_monitor_agent.py (exit 0)
[2025-12-08T18:30:49.605973+00:00] START: agents/gmail_activity_seed_agent.py
[2025-12-08T18:30:49.699500+00:00] SUCCESS: agents/gmail_activity_seed_agent.py (exit 0)
[2025-12-08T18:30:49.702272+00:00] START: agents/gmail_monitor_agent.py
[2025-12-08T18:30:49.812061+00:00] SUCCESS: agents/gmail_monitor_agent.py (exit 0)
[2025-12-08T18:30:49.815497+00:00] Core monitors bundle completed at 2025-12-08T18:30:49.815483+00:00 (successes=6, failures=0)
[2025-12-08T19:30:38.930891+00:00] ================================================================================
[2025-12-08T19:30:38.935598+00:00] Core monitors bundle run started at 2025-12-08T19:30:38.930853+00:00
[2025-12-08T19:30:38.940554+00:00] START: agents/absorption_runner_agent.py
[2025-12-08T19:30:42.083833+00:00] SUCCESS: agents/absorption_runner_agent.py (exit 0)
[2025-12-08T19:30:42.086326+00:00] START: agents/absorption_monitor_agent.py
[2025-12-08T19:30:43.599527+00:00] SUCCESS: agents/absorption_monitor_agent.py (exit 0)
[2025-12-08T19:30:43.602893+00:00] START: agents/geofence_sms_seed_agent.py
[2025-12-08T19:30:43.667167+00:00] SUCCESS: agents/geofence_sms_seed_agent.py (exit 0)
[2025-12-08T19:30:43.670548+00:00] START: agents/geofence_sms_monitor_agent.py
[2025-12-08T19:30:43.776666+00:00] SUCCESS: agents/geofence_sms_monitor_agent.py (exit 0)
[2025-12-08T19:30:43.780824+00:00] START: agents/gmail_activity_seed_agent.py
[2025-12-08T19:30:43.860002+00:00] SUCCESS: agents/gmail_activity_seed_agent.py (exit 0)
[2025-12-08T19:30:43.864397+00:00] START: agents/gmail_monitor_agent.py
[2025-12-08T19:30:43.960035+00:00] SUCCESS: agents/gmail_monitor_agent.py (exit 0)
[2025-12-08T19:30:43.963832+00:00] Core monitors bundle completed at 2025-12-08T19:30:43.963822+00:00 (successes=6, failures=0)
[2025-12-08T20:30:42.830996+00:00] ================================================================================
[2025-12-08T20:30:42.834976+00:00] Core monitors bundle run started at 2025-12-08T20:30:42.830952+00:00
[2025-12-08T20:30:42.839054+00:00] START: agents/absorption_runner_agent.py
[2025-12-08T20:30:46.809876+00:00] SUCCESS: agents/absorption_runner_agent.py (exit 0)
[2025-12-08T20:30:46.813666+00:00] START: agents/absorption_monitor_agent.py
[2025-12-08T20:30:49.518687+00:00] SUCCESS: agents/absorption_monitor_agent.py (exit 0)
[2025-12-08T20:30:49.522649+00:00] START: agents/geofence_sms_seed_agent.py
[2025-12-08T20:30:49.617727+00:00] SUCCESS: agents/geofence_sms_seed_agent.py (exit 0)
[2025-12-08T20:30:49.622235+00:00] START: agents/geofence_sms_monitor_agent.py
[2025-12-08T20:30:49.727656+00:00] SUCCESS: agents/geofence_sms_monitor_agent.py (exit 0)
[2025-12-08T20:30:49.731278+00:00] START: agents/gmail_activity_seed_agent.py
[2025-12-08T20:30:49.788597+00:00] SUCCESS: agents/gmail_activity_seed_agent.py (exit 0)
[2025-12-08T20:30:49.792013+00:00] START: agents/gmail_monitor_agent.py
[2025-12-08T20:30:49.886751+00:00] SUCCESS: agents/gmail_monitor_agent.py (exit 0)
[2025-12-08T20:30:49.889953+00:00] Core monitors bundle completed at 2025-12-08T20:30:49.889941+00:00 (successes=6, failures=0)
[2025-12-08T21:30:42.062376+00:00] ================================================================================
[2025-12-08T21:30:42.066901+00:00] Core monitors bundle run started at 2025-12-08T21:30:42.062340+00:00
[2025-12-08T21:30:42.069994+00:00] START: agents/absorption_runner_agent.py
[2025-12-08T21:30:45.021440+00:00] SUCCESS: agents/absorption_runner_agent.py (exit 0)
[2025-12-08T21:30:45.025025+00:00] START: agents/absorption_monitor_agent.py
[2025-12-08T21:30:46.760445+00:00] SUCCESS: agents/absorption_monitor_agent.py (exit 0)
[2025-12-08T21:30:46.763791+00:00] START: agents/geofence_sms_seed_agent.py
[2025-12-08T21:30:46.832441+00:00] SUCCESS: agents/geofence_sms_seed_agent.py (exit 0)
[2025-12-08T21:30:46.836104+00:00] START: agents/geofence_sms_monitor_agent.py
[2025-12-08T21:30:46.945078+00:00] SUCCESS: agents/geofence_sms_monitor_agent.py (exit 0)
[2025-12-08T21:30:46.948534+00:00] START: agents/gmail_activity_seed_agent.py
[2025-12-08T21:30:47.012465+00:00] SUCCESS: agents/gmail_activity_seed_agent.py (exit 0)
[2025-12-08T21:30:47.015688+00:00] START: agents/gmail_monitor_agent.py
[2025-12-08T21:30:47.112058+00:00] SUCCESS: agents/gmail_monitor_agent.py (exit 0)
[2025-12-08T21:30:47.114772+00:00] Core monitors bundle completed at 2025-12-08T21:30:47.114756+00:00 (successes=6, failures=0)
[2025-12-08T22:30:45.968067+00:00] ================================================================================
[2025-12-08T22:30:45.973475+00:00] Core monitors bundle run started at 2025-12-08T22:30:45.968019+00:00
[2025-12-08T22:30:45.977267+00:00] START: agents/absorption_runner_agent.py
[2025-12-08T22:30:51.109539+00:00] SUCCESS: agents/absorption_runner_agent.py (exit 0)
[2025-12-08T22:30:51.113165+00:00] START: agents/absorption_monitor_agent.py
[2025-12-08T22:30:54.135926+00:00] SUCCESS: agents/absorption_monitor_agent.py (exit 0)
[2025-12-08T22:30:54.141042+00:00] START: agents/geofence_sms_seed_agent.py
[2025-12-08T22:30:54.299328+00:00] SUCCESS: agents/geofence_sms_seed_agent.py (exit 0)
[2025-12-08T22:30:54.302774+00:00] START: agents/geofence_sms_monitor_agent.py
[2025-12-08T22:30:54.463728+00:00] SUCCESS: agents/geofence_sms_monitor_agent.py (exit 0)
[2025-12-08T22:30:54.468164+00:00] START: agents/gmail_activity_seed_agent.py
[2025-12-08T22:30:54.563572+00:00] SUCCESS: agents/gmail_activity_seed_agent.py (exit 0)
[2025-12-08T22:30:54.571737+00:00] START: agents/gmail_monitor_agent.py
[2025-12-08T22:30:54.697800+00:00] SUCCESS: agents/gmail_monitor_agent.py (exit 0)
[2025-12-08T22:30:54.702076+00:00] Core monitors bundle completed at 2025-12-08T22:30:54.702059+00:00 (successes=6, failures=0)
[2025-12-08T23:30:46.427975+00:00] ================================================================================
[2025-12-08T23:30:46.434007+00:00] Core monitors bundle run started at 2025-12-08T23:30:46.427917+00:00
[2025-12-08T23:30:46.437628+00:00] START: agents/absorption_runner_agent.py
[2025-12-08T23:30:50.811255+00:00] SUCCESS: agents/absorption_runner_agent.py (exit 0)
[2025-12-08T23:30:50.814749+00:00] START: agents/absorption_monitor_agent.py
[2025-12-08T23:30:53.251649+00:00] SUCCESS: agents/absorption_monitor_agent.py (exit 0)
[2025-12-08T23:30:53.254869+00:00] START: agents/geofence_sms_seed_agent.py
[2025-12-08T23:30:53.351167+00:00] SUCCESS: agents/geofence_sms_seed_agent.py (exit 0)
[2025-12-08T23:30:53.354327+00:00] START: agents/geofence_sms_monitor_agent.py
[2025-12-08T23:30:53.545540+00:00] SUCCESS: agents/geofence_sms_monitor_agent.py (exit 0)
[2025-12-08T23:30:53.549105+00:00] START: agents/gmail_activity_seed_agent.py
[2025-12-08T23:30:53.708319+00:00] SUCCESS: agents/gmail_activity_seed_agent.py (exit 0)
[2025-12-08T23:30:53.712873+00:00] START: agents/gmail_monitor_agent.py
[2025-12-08T23:30:53.868443+00:00] SUCCESS: agents/gmail_monitor_agent.py (exit 0)
[2025-12-08T23:30:53.872156+00:00] Core monitors bundle completed at 2025-12-08T23:30:53.872140+00:00 (successes=6, failures=0)
[2025-12-09T00:30:43.978317+00:00] ================================================================================
[2025-12-09T00:30:43.983281+00:00] Core monitors bundle run started at 2025-12-09T00:30:43.978284+00:00
[2025-12-09T00:30:43.987006+00:00] START: agents/absorption_runner_agent.py
[2025-12-09T00:30:47.351328+00:00] SUCCESS: agents/absorption_runner_agent.py (exit 0)
[2025-12-09T00:30:47.354681+00:00] START: agents/absorption_monitor_agent.py
[2025-12-09T00:30:49.295678+00:00] SUCCESS: agents/absorption_monitor_agent.py (exit 0)
[2025-12-09T00:30:49.299277+00:00] START: agents/geofence_sms_seed_agent.py
[2025-12-09T00:30:49.363854+00:00] SUCCESS: agents/geofence_sms_seed_agent.py (exit 0)
[2025-12-09T00:30:49.367087+00:00] START: agents/geofence_sms_monitor_agent.py
[2025-12-09T00:30:49.475894+00:00] SUCCESS: agents/geofence_sms_monitor_agent.py (exit 0)
[2025-12-09T00:30:49.479421+00:00] START: agents/gmail_activity_seed_agent.py
[2025-12-09T00:30:49.534903+00:00] SUCCESS: agents/gmail_activity_seed_agent.py (exit 0)
[2025-12-09T00:30:49.538511+00:00] START: agents/gmail_monitor_agent.py
[2025-12-09T00:30:49.632734+00:00] SUCCESS: agents/gmail_monitor_agent.py (exit 0)
[2025-12-09T00:30:49.636021+00:00] Core monitors bundle completed at 2025-12-09T00:30:49.636007+00:00 (successes=6, failures=0)
[2025-12-09T01:30:40.721750+00:00] ================================================================================
[2025-12-09T01:30:40.726840+00:00] Core monitors bundle run started at 2025-12-09T01:30:40.721710+00:00
[2025-12-09T01:30:40.730720+00:00] START: agents/absorption_runner_agent.py
[2025-12-09T01:30:43.681474+00:00] SUCCESS: agents/absorption_runner_agent.py (exit 0)
[2025-12-09T01:30:43.685038+00:00] START: agents/absorption_monitor_agent.py
[2025-12-09T01:30:45.556848+00:00] SUCCESS: agents/absorption_monitor_agent.py (exit 0)
[2025-12-09T01:30:45.560229+00:00] START: agents/geofence_sms_seed_agent.py
[2025-12-09T01:30:45.623257+00:00] SUCCESS: agents/geofence_sms_seed_agent.py (exit 0)
[2025-12-09T01:30:45.626887+00:00] START: agents/geofence_sms_monitor_agent.py
[2025-12-09T01:30:45.732603+00:00] SUCCESS: agents/geofence_sms_monitor_agent.py (exit 0)
[2025-12-09T01:30:45.736208+00:00] START: agents/gmail_activity_seed_agent.py
[2025-12-09T01:30:45.797294+00:00] SUCCESS: agents/gmail_activity_seed_agent.py (exit 0)
[2025-12-09T01:30:45.801293+00:00] START: agents/gmail_monitor_agent.py
[2025-12-09T01:30:45.896442+00:00] SUCCESS: agents/gmail_monitor_agent.py (exit 0)
[2025-12-09T01:30:45.899728+00:00] Core monitors bundle completed at 2025-12-09T01:30:45.899718+00:00 (successes=6, failures=0)
[2025-12-09T02:30:39.804847+00:00] ================================================================================
[2025-12-09T02:30:39.810355+00:00] Core monitors bundle run started at 2025-12-09T02:30:39.804809+00:00
[2025-12-09T02:30:39.814587+00:00] START: agents/absorption_runner_agent.py
[2025-12-09T02:30:43.548224+00:00] SUCCESS: agents/absorption_runner_agent.py (exit 0)
[2025-12-09T02:30:43.552300+00:00] START: agents/absorption_monitor_agent.py
[2025-12-09T02:30:45.902350+00:00] SUCCESS: agents/absorption_monitor_agent.py (exit 0)
[2025-12-09T02:30:45.908118+00:00] START: agents/geofence_sms_seed_agent.py
[2025-12-09T02:30:46.002948+00:00] SUCCESS: agents/geofence_sms_seed_agent.py (exit 0)
[2025-12-09T02:30:46.006648+00:00] START: agents/geofence_sms_monitor_agent.py
[2025-12-09T02:30:46.146269+00:00] SUCCESS: agents/geofence_sms_monitor_agent.py (exit 0)
[2025-12-09T02:30:46.149658+00:00] START: agents/gmail_activity_seed_agent.py
[2025-12-09T02:30:46.225771+00:00] SUCCESS: agents/gmail_activity_seed_agent.py (exit 0)
[2025-12-09T02:30:46.229332+00:00] START: agents/gmail_monitor_agent.py
[2025-12-09T02:30:46.366208+00:00] SUCCESS: agents/gmail_monitor_agent.py (exit 0)
[2025-12-09T02:30:46.369528+00:00] Core monitors bundle completed at 2025-12-09T02:30:46.369511+00:00 (successes=6, failures=0)
[2025-12-09T03:30:50.729989+00:00] ================================================================================
[2025-12-09T03:30:50.733995+00:00] Core monitors bundle run started at 2025-12-09T03:30:50.729945+00:00
[2025-12-09T03:30:50.737678+00:00] START: agents/absorption_runner_agent.py
[2025-12-09T03:30:55.018647+00:00] SUCCESS: agents/absorption_runner_agent.py (exit 0)
[2025-12-09T03:30:55.024699+00:00] START: agents/absorption_monitor_agent.py
[2025-12-09T03:30:57.886095+00:00] SUCCESS: agents/absorption_monitor_agent.py (exit 0)
[2025-12-09T03:30:57.889725+00:00] START: agents/geofence_sms_seed_agent.py
[2025-12-09T03:30:57.965148+00:00] SUCCESS: agents/geofence_sms_seed_agent.py (exit 0)
[2025-12-09T03:30:57.968673+00:00] START: agents/geofence_sms_monitor_agent.py
[2025-12-09T03:30:58.087211+00:00] SUCCESS: agents/geofence_sms_monitor_agent.py (exit 0)
[2025-12-09T03:30:58.090818+00:00] START: agents/gmail_activity_seed_agent.py
[2025-12-09T03:30:58.154212+00:00] SUCCESS: agents/gmail_activity_seed_agent.py (exit 0)
[2025-12-09T03:30:58.157275+00:00] START: agents/gmail_monitor_agent.py
[2025-12-09T03:30:58.275943+00:00] SUCCESS: agents/gmail_monitor_agent.py (exit 0)
[2025-12-09T03:30:58.279043+00:00] Core monitors bundle completed at 2025-12-09T03:30:58.279029+00:00 (successes=6, failures=0)
[2025-12-09T04:30:49.432108+00:00] ================================================================================
[2025-12-09T04:30:49.439210+00:00] Core monitors bundle run started at 2025-12-09T04:30:49.432067+00:00
[2025-12-09T04:30:49.443472+00:00] START: agents/absorption_runner_agent.py
[2025-12-09T04:30:53.845003+00:00] SUCCESS: agents/absorption_runner_agent.py (exit 0)
[2025-12-09T04:30:53.849016+00:00] START: agents/absorption_monitor_agent.py
[2025-12-09T04:30:57.581835+00:00] SUCCESS: agents/absorption_monitor_agent.py (exit 0)
[2025-12-09T04:30:57.586494+00:00] START: agents/geofence_sms_seed_agent.py
[2025-12-09T04:30:57.685169+00:00] SUCCESS: agents/geofence_sms_seed_agent.py (exit 0)
[2025-12-09T04:30:57.689135+00:00] START: agents/geofence_sms_monitor_agent.py
[2025-12-09T04:30:57.857886+00:00] SUCCESS: agents/geofence_sms_monitor_agent.py (exit 0)
[2025-12-09T04:30:57.862322+00:00] START: agents/gmail_activity_seed_agent.py
[2025-12-09T04:30:57.955650+00:00] SUCCESS: agents/gmail_activity_seed_agent.py (exit 0)
[2025-12-09T04:30:57.960671+00:00] START: agents/gmail_monitor_agent.py
[2025-12-09T04:30:58.127751+00:00] SUCCESS: agents/gmail_monitor_agent.py (exit 0)
[2025-12-09T04:30:58.130968+00:00] Core monitors bundle completed at 2025-12-09T04:30:58.130947+00:00 (successes=6, failures=0)
[2025-12-09T05:30:43.755243+00:00] ================================================================================
[2025-12-09T05:30:43.760586+00:00] Core monitors bundle run started at 2025-12-09T05:30:43.755205+00:00
[2025-12-09T05:30:43.764863+00:00] START: agents/absorption_runner_agent.py
[2025-12-09T05:30:48.424664+00:00] SUCCESS: agents/absorption_runner_agent.py (exit 0)
[2025-12-09T05:30:48.428871+00:00] START: agents/absorption_monitor_agent.py
[2025-12-09T05:30:51.627080+00:00] SUCCESS: agents/absorption_monitor_agent.py (exit 0)
[2025-12-09T05:30:51.631299+00:00] START: agents/geofence_sms_seed_agent.py
[2025-12-09T05:30:51.733515+00:00] SUCCESS: agents/geofence_sms_seed_agent.py (exit 0)
[2025-12-09T05:30:51.737380+00:00] START: agents/geofence_sms_monitor_agent.py
[2025-12-09T05:30:51.901702+00:00] SUCCESS: agents/geofence_sms_monitor_agent.py (exit 0)
[2025-12-09T05:30:51.906095+00:00] START: agents/gmail_activity_seed_agent.py
[2025-12-09T05:30:51.981174+00:00] SUCCESS: agents/gmail_activity_seed_agent.py (exit 0)
[2025-12-09T05:30:51.985686+00:00] START: agents/gmail_monitor_agent.py
[2025-12-09T05:30:52.091625+00:00] SUCCESS: agents/gmail_monitor_agent.py (exit 0)
[2025-12-09T05:30:52.095030+00:00] Core monitors bundle completed at 2025-12-09T05:30:52.095014+00:00 (successes=6, failures=0)
[2025-12-09T06:30:43.352978+00:00] ================================================================================
[2025-12-09T06:30:43.357683+00:00] Core monitors bundle run started at 2025-12-09T06:30:43.352936+00:00
[2025-12-09T06:30:43.362196+00:00] START: agents/absorption_runner_agent.py
[2025-12-09T06:30:48.211726+00:00] SUCCESS: agents/absorption_runner_agent.py (exit 0)
[2025-12-09T06:30:48.214747+00:00] START: agents/absorption_monitor_agent.py
[2025-12-09T06:30:51.570635+00:00] SUCCESS: agents/absorption_monitor_agent.py (exit 0)
[2025-12-09T06:30:51.575779+00:00] START: agents/geofence_sms_seed_agent.py
[2025-12-09T06:30:51.679119+00:00] SUCCESS: agents/geofence_sms_seed_agent.py (exit 0)
[2025-12-09T06:30:51.682689+00:00] START: agents/geofence_sms_monitor_agent.py
[2025-12-09T06:30:51.845717+00:00] SUCCESS: agents/geofence_sms_monitor_agent.py (exit 0)
[2025-12-09T06:30:51.849143+00:00] START: agents/gmail_activity_seed_agent.py
[2025-12-09T06:30:51.928679+00:00] SUCCESS: agents/gmail_activity_seed_agent.py (exit 0)
[2025-12-09T06:30:51.932130+00:00] START: agents/gmail_monitor_agent.py
[2025-12-09T06:30:52.054202+00:00] SUCCESS: agents/gmail_monitor_agent.py (exit 0)
[2025-12-09T06:30:52.057644+00:00] Core monitors bundle completed at 2025-12-09T06:30:52.057627+00:00 (successes=6, failures=0)
[2025-12-09T07:04:10.705611+00:00] ================================================================================
[2025-12-09T07:04:10.710096+00:00] Core monitors bundle run started at 2025-12-09T07:04:10.705586+00:00
[2025-12-09T07:04:10.714811+00:00] START: agents/absorption_runner_agent.py
[2025-12-09T07:04:15.903556+00:00] ================================================================================
[2025-12-09T07:04:15.910469+00:00] Core monitors bundle run started at 2025-12-09T07:04:15.903534+00:00
[2025-12-09T07:04:15.913730+00:00] START: agents/absorption_runner_agent.py
[2025-12-09T07:04:17.633366+00:00] SUCCESS: agents/absorption_runner_agent.py (exit 0)
[2025-12-09T07:04:17.637384+00:00] START: agents/absorption_monitor_agent.py
[2025-12-09T07:30:42.562038+00:00] ================================================================================
[2025-12-09T07:30:42.566674+00:00] Core monitors bundle run started at 2025-12-09T07:30:42.561998+00:00
[2025-12-09T07:30:42.572816+00:00] START: agents/absorption_runner_agent.py
[2025-12-09T07:30:46.816663+00:00] SUCCESS: agents/absorption_runner_agent.py (exit 0)
[2025-12-09T07:30:46.824579+00:00] START: agents/absorption_monitor_agent.py
[2025-12-09T07:30:49.922641+00:00] SUCCESS: agents/absorption_monitor_agent.py (exit 0)
[2025-12-09T07:30:49.927877+00:00] START: agents/geofence_sms_seed_agent.py
[2025-12-09T07:30:50.040454+00:00] SUCCESS: agents/geofence_sms_seed_agent.py (exit 0)
[2025-12-09T07:30:50.043349+00:00] START: agents/geofence_sms_monitor_agent.py
[2025-12-09T07:30:50.205530+00:00] SUCCESS: agents/geofence_sms_monitor_agent.py (exit 0)
[2025-12-09T07:30:50.210162+00:00] START: agents/gmail_activity_seed_agent.py
[2025-12-09T07:30:50.288387+00:00] SUCCESS: agents/gmail_activity_seed_agent.py (exit 0)
[2025-12-09T07:30:50.291479+00:00] START: agents/gmail_monitor_agent.py
[2025-12-09T07:30:50.464747+00:00] SUCCESS: agents/gmail_monitor_agent.py (exit 0)
[2025-12-09T07:30:50.469128+00:00] Core monitors bundle completed at 2025-12-09T07:30:50.469109+00:00 (successes=6, failures=0)
[2025-12-09T08:30:41.899843+00:00] ================================================================================
[2025-12-09T08:30:41.905242+00:00] Core monitors bundle run started at 2025-12-09T08:30:41.899806+00:00
[2025-12-09T08:30:41.909108+00:00] START: agents/absorption_runner_agent.py
[2025-12-09T08:30:45.286379+00:00] SUCCESS: agents/absorption_runner_agent.py (exit 0)
[2025-12-09T08:30:45.289942+00:00] START: agents/absorption_monitor_agent.py
[2025-12-09T08:30:47.391973+00:00] SUCCESS: agents/absorption_monitor_agent.py (exit 0)
[2025-12-09T08:30:47.395552+00:00] START: agents/geofence_sms_seed_agent.py
[2025-12-09T08:30:47.498653+00:00] SUCCESS: agents/geofence_sms_seed_agent.py (exit 0)
[2025-12-09T08:30:47.502297+00:00] START: agents/geofence_sms_monitor_agent.py
[2025-12-09T08:30:47.671569+00:00] SUCCESS: agents/geofence_sms_monitor_agent.py (exit 0)
[2025-12-09T08:30:47.674955+00:00] START: agents/gmail_activity_seed_agent.py
[2025-12-09T08:30:47.758543+00:00] SUCCESS: agents/gmail_activity_seed_agent.py (exit 0)
[2025-12-09T08:30:47.762001+00:00] START: agents/gmail_monitor_agent.py
[2025-12-09T08:30:47.909692+00:00] SUCCESS: agents/gmail_monitor_agent.py (exit 0)
[2025-12-09T08:30:47.912937+00:00] Core monitors bundle completed at 2025-12-09T08:30:47.912919+00:00 (successes=6, failures=0)
[2025-12-09T09:30:39.558165+00:00] ================================================================================
[2025-12-09T09:30:39.563416+00:00] Core monitors bundle run started at 2025-12-09T09:30:39.558125+00:00
[2025-12-09T09:30:39.567091+00:00] START: agents/absorption_runner_agent.py
[2025-12-09T09:30:43.206414+00:00] SUCCESS: agents/absorption_runner_agent.py (exit 0)
[2025-12-09T09:30:43.210893+00:00] START: agents/absorption_monitor_agent.py
[2025-12-09T09:30:46.112703+00:00] SUCCESS: agents/absorption_monitor_agent.py (exit 0)
[2025-12-09T09:30:46.116451+00:00] START: agents/geofence_sms_seed_agent.py
[2025-12-09T09:30:46.211814+00:00] SUCCESS: agents/geofence_sms_seed_agent.py (exit 0)
[2025-12-09T09:30:46.215282+00:00] START: agents/geofence_sms_monitor_agent.py
[2025-12-09T09:30:46.359582+00:00] SUCCESS: agents/geofence_sms_monitor_agent.py (exit 0)
[2025-12-09T09:30:46.363038+00:00] START: agents/gmail_activity_seed_agent.py
[2025-12-09T09:30:46.446138+00:00] SUCCESS: agents/gmail_activity_seed_agent.py (exit 0)
[2025-12-09T09:30:46.449774+00:00] START: agents/gmail_monitor_agent.py
[2025-12-09T09:30:46.586926+00:00] SUCCESS: agents/gmail_monitor_agent.py (exit 0)
[2025-12-09T09:30:46.590732+00:00] Core monitors bundle completed at 2025-12-09T09:30:46.590716+00:00 (successes=6, failures=0)
[2025-12-09T10:30:40.000572+00:00] ================================================================================
[2025-12-09T10:30:40.006772+00:00] Core monitors bundle run started at 2025-12-09T10:30:40.000539+00:00
[2025-12-09T10:30:40.015619+00:00] START: agents/absorption_runner_agent.py
[2025-12-09T10:30:44.043557+00:00] SUCCESS: agents/absorption_runner_agent.py (exit 0)
[2025-12-09T10:30:44.047067+00:00] START: agents/absorption_monitor_agent.py
[2025-12-09T10:30:46.064790+00:00] SUCCESS: agents/absorption_monitor_agent.py (exit 0)
[2025-12-09T10:30:46.068726+00:00] START: agents/geofence_sms_seed_agent.py
[2025-12-09T10:30:46.137800+00:00] SUCCESS: agents/geofence_sms_seed_agent.py (exit 0)
[2025-12-09T10:30:46.141365+00:00] START: agents/geofence_sms_monitor_agent.py
[2025-12-09T10:30:46.286130+00:00] SUCCESS: agents/geofence_sms_monitor_agent.py (exit 0)
[2025-12-09T10:30:46.289650+00:00] START: agents/gmail_activity_seed_agent.py
[2025-12-09T10:30:46.361734+00:00] SUCCESS: agents/gmail_activity_seed_agent.py (exit 0)
[2025-12-09T10:30:46.365142+00:00] START: agents/gmail_monitor_agent.py
[2025-12-09T10:30:46.457615+00:00] SUCCESS: agents/gmail_monitor_agent.py (exit 0)
[2025-12-09T10:30:46.460865+00:00] Core monitors bundle completed at 2025-12-09T10:30:46.460855+00:00 (successes=6, failures=0)
[2025-12-09T11:30:40.374102+00:00] ================================================================================
[2025-12-09T11:30:40.379736+00:00] Core monitors bundle run started at 2025-12-09T11:30:40.374065+00:00
[2025-12-09T11:30:40.383323+00:00] START: agents/absorption_runner_agent.py
[2025-12-09T11:30:43.983196+00:00] SUCCESS: agents/absorption_runner_agent.py (exit 0)
[2025-12-09T11:30:43.986810+00:00] START: agents/absorption_monitor_agent.py
[2025-12-09T11:30:46.098376+00:00] SUCCESS: agents/absorption_monitor_agent.py (exit 0)
[2025-12-09T11:30:46.102996+00:00] START: agents/geofence_sms_seed_agent.py
[2025-12-09T11:30:46.189207+00:00] SUCCESS: agents/geofence_sms_seed_agent.py (exit 0)
[2025-12-09T11:30:46.192627+00:00] START: agents/geofence_sms_monitor_agent.py
[2025-12-09T11:30:46.301514+00:00] SUCCESS: agents/geofence_sms_monitor_agent.py (exit 0)
[2025-12-09T11:30:46.305259+00:00] START: agents/gmail_activity_seed_agent.py
[2025-12-09T11:30:46.359991+00:00] SUCCESS: agents/gmail_activity_seed_agent.py (exit 0)
[2025-12-09T11:30:46.362354+00:00] START: agents/gmail_monitor_agent.py
[2025-12-09T11:30:46.479785+00:00] SUCCESS: agents/gmail_monitor_agent.py (exit 0)
[2025-12-09T11:30:46.482607+00:00] Core monitors bundle completed at 2025-12-09T11:30:46.482597+00:00 (successes=6, failures=0)
[2025-12-09T12:30:40.844573+00:00] ================================================================================
[2025-12-09T12:30:40.849336+00:00] Core monitors bundle run started at 2025-12-09T12:30:40.844536+00:00
[2025-12-09T12:30:40.853755+00:00] START: agents/absorption_runner_agent.py
[2025-12-09T12:30:45.084904+00:00] SUCCESS: agents/absorption_runner_agent.py (exit 0)
[2025-12-09T12:30:45.088806+00:00] START: agents/absorption_monitor_agent.py
[2025-12-09T12:30:47.168821+00:00] SUCCESS: agents/absorption_monitor_agent.py (exit 0)
[2025-12-09T12:30:47.171303+00:00] START: agents/geofence_sms_seed_agent.py
[2025-12-09T12:30:47.235194+00:00] SUCCESS: agents/geofence_sms_seed_agent.py (exit 0)
[2025-12-09T12:30:47.238671+00:00] START: agents/geofence_sms_monitor_agent.py
[2025-12-09T12:30:47.382114+00:00] SUCCESS: agents/geofence_sms_monitor_agent.py (exit 0)
[2025-12-09T12:30:47.385666+00:00] START: agents/gmail_activity_seed_agent.py
[2025-12-09T12:30:47.441178+00:00] SUCCESS: agents/gmail_activity_seed_agent.py (exit 0)
[2025-12-09T12:30:47.444490+00:00] START: agents/gmail_monitor_agent.py
[2025-12-09T12:30:47.552349+00:00] SUCCESS: agents/gmail_monitor_agent.py (exit 0)
[2025-12-09T12:30:47.555582+00:00] Core monitors bundle completed at 2025-12-09T12:30:47.555568+00:00 (successes=6, failures=0)
[2025-12-09T13:30:51.592743+00:00] ================================================================================
[2025-12-09T13:30:51.598517+00:00] Core monitors bundle run started at 2025-12-09T13:30:51.592697+00:00
[2025-12-09T13:30:51.602491+00:00] START: agents/absorption_runner_agent.py
[2025-12-09T13:30:56.602929+00:00] SUCCESS: agents/absorption_runner_agent.py (exit 0)
[2025-12-09T13:30:56.606347+00:00] START: agents/absorption_monitor_agent.py
[2025-12-09T13:30:59.274493+00:00] SUCCESS: agents/absorption_monitor_agent.py (exit 0)
[2025-12-09T13:30:59.278280+00:00] START: agents/geofence_sms_seed_agent.py
[2025-12-09T13:30:59.375379+00:00] SUCCESS: agents/geofence_sms_seed_agent.py (exit 0)
[2025-12-09T13:30:59.379348+00:00] START: agents/geofence_sms_monitor_agent.py
[2025-12-09T13:30:59.540111+00:00] SUCCESS: agents/geofence_sms_monitor_agent.py (exit 0)
[2025-12-09T13:30:59.544405+00:00] START: agents/gmail_activity_seed_agent.py
[2025-12-09T13:30:59.632684+00:00] SUCCESS: agents/gmail_activity_seed_agent.py (exit 0)
[2025-12-09T13:30:59.636173+00:00] START: agents/gmail_monitor_agent.py
[2025-12-09T13:30:59.737134+00:00] SUCCESS: agents/gmail_monitor_agent.py (exit 0)
[2025-12-09T13:30:59.740503+00:00] Core monitors bundle completed at 2025-12-09T13:30:59.740487+00:00 (successes=6, failures=0)
[2025-12-09T14:30:52.050691+00:00] ================================================================================
[2025-12-09T14:30:52.055083+00:00] Core monitors bundle run started at 2025-12-09T14:30:52.050651+00:00
[2025-12-09T14:30:52.058728+00:00] START: agents/absorption_runner_agent.py
[2025-12-09T14:30:55.823740+00:00] SUCCESS: agents/absorption_runner_agent.py (exit 0)
[2025-12-09T14:30:55.827231+00:00] START: agents/absorption_monitor_agent.py
[2025-12-09T14:30:59.341079+00:00] SUCCESS: agents/absorption_monitor_agent.py (exit 0)
[2025-12-09T14:30:59.345491+00:00] START: agents/geofence_sms_seed_agent.py
[2025-12-09T14:30:59.456016+00:00] SUCCESS: agents/geofence_sms_seed_agent.py (exit 0)
[2025-12-09T14:30:59.461867+00:00] START: agents/geofence_sms_monitor_agent.py
[2025-12-09T14:30:59.643920+00:00] SUCCESS: agents/geofence_sms_monitor_agent.py (exit 0)
[2025-12-09T14:30:59.646755+00:00] START: agents/gmail_activity_seed_agent.py
[2025-12-09T14:30:59.756646+00:00] SUCCESS: agents/gmail_activity_seed_agent.py (exit 0)
[2025-12-09T14:30:59.760768+00:00] START: agents/gmail_monitor_agent.py
[2025-12-09T14:30:59.953353+00:00] SUCCESS: agents/gmail_monitor_agent.py (exit 0)
[2025-12-09T14:30:59.956861+00:00] Core monitors bundle completed at 2025-12-09T14:30:59.956842+00:00 (successes=6, failures=0)
[2025-12-09T15:30:49.567951+00:00] ================================================================================
[2025-12-09T15:30:49.572676+00:00] Core monitors bundle run started at 2025-12-09T15:30:49.567915+00:00
[2025-12-09T15:30:49.576975+00:00] START: agents/absorption_runner_agent.py
[2025-12-09T15:30:52.228562+00:00] SUCCESS: agents/absorption_runner_agent.py (exit 0)
[2025-12-09T15:30:52.232059+00:00] START: agents/absorption_monitor_agent.py
[2025-12-09T15:30:54.864763+00:00] SUCCESS: agents/absorption_monitor_agent.py (exit 0)
[2025-12-09T15:30:54.868233+00:00] START: agents/geofence_sms_seed_agent.py
[2025-12-09T15:30:54.983146+00:00] SUCCESS: agents/geofence_sms_seed_agent.py (exit 0)
[2025-12-09T15:30:54.986033+00:00] START: agents/geofence_sms_monitor_agent.py
[2025-12-09T15:30:55.107170+00:00] SUCCESS: agents/geofence_sms_monitor_agent.py (exit 0)
[2025-12-09T15:30:55.110712+00:00] START: agents/gmail_activity_seed_agent.py
[2025-12-09T15:30:55.166392+00:00] SUCCESS: agents/gmail_activity_seed_agent.py (exit 0)
[2025-12-09T15:30:55.169755+00:00] START: agents/gmail_monitor_agent.py
[2025-12-09T15:30:55.313178+00:00] SUCCESS: agents/gmail_monitor_agent.py (exit 0)
[2025-12-09T15:30:55.317048+00:00] Core monitors bundle completed at 2025-12-09T15:30:55.317030+00:00 (successes=6, failures=0)
[2025-12-09T16:30:47.486300+00:00] ================================================================================
[2025-12-09T16:30:47.493341+00:00] Core monitors bundle run started at 2025-12-09T16:30:47.486259+00:00
[2025-12-09T16:30:47.497781+00:00] START: agents/absorption_runner_agent.py
[2025-12-09T16:30:51.860335+00:00] SUCCESS: agents/absorption_runner_agent.py (exit 0)
[2025-12-09T16:30:51.863666+00:00] START: agents/absorption_monitor_agent.py
[2025-12-09T16:30:54.313653+00:00] SUCCESS: agents/absorption_monitor_agent.py (exit 0)
[2025-12-09T16:30:54.317303+00:00] START: agents/geofence_sms_seed_agent.py
[2025-12-09T16:30:54.422110+00:00] SUCCESS: agents/geofence_sms_seed_agent.py (exit 0)
[2025-12-09T16:30:54.425875+00:00] START: agents/geofence_sms_monitor_agent.py
[2025-12-09T16:30:54.592917+00:00] SUCCESS: agents/geofence_sms_monitor_agent.py (exit 0)
[2025-12-09T16:30:54.596496+00:00] START: agents/gmail_activity_seed_agent.py
[2025-12-09T16:30:54.699183+00:00] SUCCESS: agents/gmail_activity_seed_agent.py (exit 0)
[2025-12-09T16:30:54.704084+00:00] START: agents/gmail_monitor_agent.py
[2025-12-09T16:30:54.849603+00:00] SUCCESS: agents/gmail_monitor_agent.py (exit 0)
[2025-12-09T16:30:54.853057+00:00] Core monitors bundle completed at 2025-12-09T16:30:54.853044+00:00 (successes=6, failures=0)
[2025-12-09T17:30:53.027057+00:00] ================================================================================
[2025-12-09T17:30:53.035481+00:00] Core monitors bundle run started at 2025-12-09T17:30:53.027022+00:00
[2025-12-09T17:30:53.039085+00:00] START: agents/absorption_runner_agent.py
[2025-12-09T17:30:58.133499+00:00] SUCCESS: agents/absorption_runner_agent.py (exit 0)
[2025-12-09T17:30:58.137782+00:00] START: agents/absorption_monitor_agent.py
[2025-12-09T17:31:00.847415+00:00] SUCCESS: agents/absorption_monitor_agent.py (exit 0)
[2025-12-09T17:31:00.854054+00:00] START: agents/geofence_sms_seed_agent.py
[2025-12-09T17:31:00.962622+00:00] SUCCESS: agents/geofence_sms_seed_agent.py (exit 0)
[2025-12-09T17:31:00.971467+00:00] START: agents/geofence_sms_monitor_agent.py
[2025-12-09T17:31:01.175420+00:00] SUCCESS: agents/geofence_sms_monitor_agent.py (exit 0)
[2025-12-09T17:31:01.179097+00:00] START: agents/gmail_activity_seed_agent.py
[2025-12-09T17:31:01.247933+00:00] SUCCESS: agents/gmail_activity_seed_agent.py (exit 0)
[2025-12-09T17:31:01.252633+00:00] START: agents/gmail_monitor_agent.py
[2025-12-09T17:31:01.362919+00:00] SUCCESS: agents/gmail_monitor_agent.py (exit 0)
[2025-12-09T17:31:01.366507+00:00] Core monitors bundle completed at 2025-12-09T17:31:01.366495+00:00 (successes=6, failures=0)
[2025-12-09T18:30:46.399972+00:00] ================================================================================
[2025-12-09T18:30:46.403776+00:00] Core monitors bundle run started at 2025-12-09T18:30:46.399933+00:00
[2025-12-09T18:30:46.408179+00:00] START: agents/absorption_runner_agent.py
[2025-12-09T18:30:51.002586+00:00] SUCCESS: agents/absorption_runner_agent.py (exit 0)
[2025-12-09T18:30:51.006082+00:00] START: agents/absorption_monitor_agent.py
[2025-12-09T18:30:54.273647+00:00] SUCCESS: agents/absorption_monitor_agent.py (exit 0)
[2025-12-09T18:30:54.277520+00:00] START: agents/geofence_sms_seed_agent.py
[2025-12-09T18:30:54.388734+00:00] SUCCESS: agents/geofence_sms_seed_agent.py (exit 0)
[2025-12-09T18:30:54.395392+00:00] START: agents/geofence_sms_monitor_agent.py
[2025-12-09T18:30:54.569210+00:00] SUCCESS: agents/geofence_sms_monitor_agent.py (exit 0)
[2025-12-09T18:30:54.572910+00:00] START: agents/gmail_activity_seed_agent.py
[2025-12-09T18:30:54.674790+00:00] SUCCESS: agents/gmail_activity_seed_agent.py (exit 0)
[2025-12-09T18:30:54.678368+00:00] START: agents/gmail_monitor_agent.py
[2025-12-09T18:30:54.832708+00:00] SUCCESS: agents/gmail_monitor_agent.py (exit 0)
[2025-12-09T18:30:54.836067+00:00] Core monitors bundle completed at 2025-12-09T18:30:54.836048+00:00 (successes=6, failures=0)
[2025-12-09T19:30:46.912835+00:00] ================================================================================
[2025-12-09T19:30:46.915632+00:00] Core monitors bundle run started at 2025-12-09T19:30:46.912797+00:00
[2025-12-09T19:30:46.920261+00:00] START: agents/absorption_runner_agent.py
[2025-12-09T19:30:51.317258+00:00] SUCCESS: agents/absorption_runner_agent.py (exit 0)
[2025-12-09T19:30:51.323107+00:00] START: agents/absorption_monitor_agent.py
[2025-12-09T19:30:54.389489+00:00] SUCCESS: agents/absorption_monitor_agent.py (exit 0)
[2025-12-09T19:30:54.393540+00:00] START: agents/geofence_sms_seed_agent.py
[2025-12-09T19:30:54.482678+00:00] SUCCESS: agents/geofence_sms_seed_agent.py (exit 0)
[2025-12-09T19:30:54.487269+00:00] START: agents/geofence_sms_monitor_agent.py
[2025-12-09T19:30:54.593323+00:00] SUCCESS: agents/geofence_sms_monitor_agent.py (exit 0)
[2025-12-09T19:30:54.597145+00:00] START: agents/gmail_activity_seed_agent.py
[2025-12-09T19:30:54.685138+00:00] SUCCESS: agents/gmail_activity_seed_agent.py (exit 0)
[2025-12-09T19:30:54.689493+00:00] START: agents/gmail_monitor_agent.py
[2025-12-09T19:30:54.883567+00:00] SUCCESS: agents/gmail_monitor_agent.py (exit 0)
[2025-12-09T19:30:54.885750+00:00] Core monitors bundle completed at 2025-12-09T19:30:54.885730+00:00 (successes=6, failures=0)
[2025-12-09T20:30:44.781302+00:00] ================================================================================
[2025-12-09T20:30:44.788277+00:00] Core monitors bundle run started at 2025-12-09T20:30:44.781265+00:00
[2025-12-09T20:30:44.791915+00:00] START: agents/absorption_runner_agent.py
[2025-12-09T20:30:49.376356+00:00] SUCCESS: agents/absorption_runner_agent.py (exit 0)
[2025-12-09T20:30:49.380869+00:00] START: agents/absorption_monitor_agent.py
[2025-12-09T20:30:52.123702+00:00] SUCCESS: agents/absorption_monitor_agent.py (exit 0)
[2025-12-09T20:30:52.127377+00:00] START: agents/geofence_sms_seed_agent.py
[2025-12-09T20:30:52.227322+00:00] SUCCESS: agents/geofence_sms_seed_agent.py (exit 0)
[2025-12-09T20:30:52.230927+00:00] START: agents/geofence_sms_monitor_agent.py
[2025-12-09T20:30:52.398448+00:00] SUCCESS: agents/geofence_sms_monitor_agent.py (exit 0)
[2025-12-09T20:30:52.401922+00:00] START: agents/gmail_activity_seed_agent.py
[2025-12-09T20:30:52.497212+00:00] SUCCESS: agents/gmail_activity_seed_agent.py (exit 0)
[2025-12-09T20:30:52.501223+00:00] START: agents/gmail_monitor_agent.py
[2025-12-09T20:30:52.659595+00:00] SUCCESS: agents/gmail_monitor_agent.py (exit 0)
[2025-12-09T20:30:52.663081+00:00] Core monitors bundle completed at 2025-12-09T20:30:52.663062+00:00 (successes=6, failures=0)
[2025-12-09T21:30:44.285601+00:00] ================================================================================
[2025-12-09T21:30:44.288623+00:00] Core monitors bundle run started at 2025-12-09T21:30:44.285557+00:00
[2025-12-09T21:30:44.293385+00:00] START: agents/absorption_runner_agent.py
[2025-12-09T21:30:47.486213+00:00] SUCCESS: agents/absorption_runner_agent.py (exit 0)
[2025-12-09T21:30:47.489776+00:00] START: agents/absorption_monitor_agent.py
[2025-12-09T21:30:49.796274+00:00] SUCCESS: agents/absorption_monitor_agent.py (exit 0)
[2025-12-09T21:30:49.799735+00:00] START: agents/geofence_sms_seed_agent.py
[2025-12-09T21:30:49.863197+00:00] SUCCESS: agents/geofence_sms_seed_agent.py (exit 0)
[2025-12-09T21:30:49.866679+00:00] START: agents/geofence_sms_monitor_agent.py
[2025-12-09T21:30:49.982259+00:00] SUCCESS: agents/geofence_sms_monitor_agent.py (exit 0)
[2025-12-09T21:30:49.985600+00:00] START: agents/gmail_activity_seed_agent.py
[2025-12-09T21:30:50.052333+00:00] SUCCESS: agents/gmail_activity_seed_agent.py (exit 0)
[2025-12-09T21:30:50.055698+00:00] START: agents/gmail_monitor_agent.py
[2025-12-09T21:30:50.194777+00:00] SUCCESS: agents/gmail_monitor_agent.py (exit 0)
[2025-12-09T21:30:50.198000+00:00] Core monitors bundle completed at 2025-12-09T21:30:50.197983+00:00 (successes=6, failures=0)
[2025-12-09T22:30:51.039692+00:00] ================================================================================
[2025-12-09T22:30:51.042589+00:00] Core monitors bundle run started at 2025-12-09T22:30:51.039658+00:00
[2025-12-09T22:30:51.045624+00:00] START: agents/absorption_runner_agent.py
[2025-12-09T22:30:56.157080+00:00] SUCCESS: agents/absorption_runner_agent.py (exit 0)
[2025-12-09T22:30:56.160755+00:00] START: agents/absorption_monitor_agent.py
[2025-12-09T22:30:59.387101+00:00] SUCCESS: agents/absorption_monitor_agent.py (exit 0)
[2025-12-09T22:30:59.390777+00:00] START: agents/geofence_sms_seed_agent.py
[2025-12-09T22:30:59.482387+00:00] SUCCESS: agents/geofence_sms_seed_agent.py (exit 0)
[2025-12-09T22:30:59.486001+00:00] START: agents/geofence_sms_monitor_agent.py
[2025-12-09T22:30:59.644086+00:00] SUCCESS: agents/geofence_sms_monitor_agent.py (exit 0)
[2025-12-09T22:30:59.648527+00:00] START: agents/gmail_activity_seed_agent.py
[2025-12-09T22:30:59.735335+00:00] SUCCESS: agents/gmail_activity_seed_agent.py (exit 0)
[2025-12-09T22:30:59.739716+00:00] START: agents/gmail_monitor_agent.py
[2025-12-09T22:30:59.890307+00:00] SUCCESS: agents/gmail_monitor_agent.py (exit 0)
[2025-12-09T22:30:59.893616+00:00] Core monitors bundle completed at 2025-12-09T22:30:59.893600+00:00 (successes=6, failures=0)
[2025-12-09T23:30:52.827999+00:00] ================================================================================
[2025-12-09T23:30:52.832882+00:00] Core monitors bundle run started at 2025-12-09T23:30:52.827959+00:00
[2025-12-09T23:30:52.836871+00:00] START: agents/absorption_runner_agent.py
[2025-12-09T23:30:57.206238+00:00] SUCCESS: agents/absorption_runner_agent.py (exit 0)
[2025-12-09T23:30:57.211875+00:00] START: agents/absorption_monitor_agent.py
[2025-12-09T23:31:00.463405+00:00] SUCCESS: agents/absorption_monitor_agent.py (exit 0)
[2025-12-09T23:31:00.468360+00:00] START: agents/geofence_sms_seed_agent.py
[2025-12-09T23:31:00.588862+00:00] SUCCESS: agents/geofence_sms_seed_agent.py (exit 0)
[2025-12-09T23:31:00.592176+00:00] START: agents/geofence_sms_monitor_agent.py
[2025-12-09T23:31:00.774309+00:00] SUCCESS: agents/geofence_sms_monitor_agent.py (exit 0)
[2025-12-09T23:31:00.778756+00:00] START: agents/gmail_activity_seed_agent.py
[2025-12-09T23:31:00.913796+00:00] SUCCESS: agents/gmail_activity_seed_agent.py (exit 0)
[2025-12-09T23:31:00.917815+00:00] START: agents/gmail_monitor_agent.py
[2025-12-09T23:31:01.076691+00:00] SUCCESS: agents/gmail_monitor_agent.py (exit 0)
[2025-12-09T23:31:01.080294+00:00] Core monitors bundle completed at 2025-12-09T23:31:01.080273+00:00 (successes=6, failures=0)
[2025-12-10T00:30:48.338477+00:00] ================================================================================
[2025-12-10T00:30:48.343617+00:00] Core monitors bundle run started at 2025-12-10T00:30:48.338419+00:00
[2025-12-10T00:30:48.347448+00:00] START: agents/absorption_runner_agent.py
[2025-12-10T00:30:51.321053+00:00] SUCCESS: agents/absorption_runner_agent.py (exit 0)
[2025-12-10T00:30:51.325178+00:00] START: agents/absorption_monitor_agent.py
[2025-12-10T00:30:53.222660+00:00] SUCCESS: agents/absorption_monitor_agent.py (exit 0)
[2025-12-10T00:30:53.226185+00:00] START: agents/geofence_sms_seed_agent.py
[2025-12-10T00:30:53.292228+00:00] SUCCESS: agents/geofence_sms_seed_agent.py (exit 0)
[2025-12-10T00:30:53.296476+00:00] START: agents/geofence_sms_monitor_agent.py
[2025-12-10T00:30:53.402755+00:00] SUCCESS: agents/geofence_sms_monitor_agent.py (exit 0)
[2025-12-10T00:30:53.406803+00:00] START: agents/gmail_activity_seed_agent.py
[2025-12-10T00:30:53.465332+00:00] SUCCESS: agents/gmail_activity_seed_agent.py (exit 0)
[2025-12-10T00:30:53.468777+00:00] START: agents/gmail_monitor_agent.py
[2025-12-10T00:30:53.574481+00:00] SUCCESS: agents/gmail_monitor_agent.py (exit 0)
[2025-12-10T00:30:53.576836+00:00] Core monitors bundle completed at 2025-12-10T00:30:53.576826+00:00 (successes=6, failures=0)
[2025-12-10T01:30:43.311820+00:00] ================================================================================
[2025-12-10T01:30:43.316385+00:00] Core monitors bundle run started at 2025-12-10T01:30:43.311781+00:00
[2025-12-10T01:30:43.320175+00:00] START: agents/absorption_runner_agent.py
[2025-12-10T01:30:46.454285+00:00] SUCCESS: agents/absorption_runner_agent.py (exit 0)
[2025-12-10T01:30:46.457785+00:00] START: agents/absorption_monitor_agent.py
[2025-12-10T01:30:48.332172+00:00] SUCCESS: agents/absorption_monitor_agent.py (exit 0)
[2025-12-10T01:30:48.335751+00:00] START: agents/geofence_sms_seed_agent.py
[2025-12-10T01:30:48.400045+00:00] SUCCESS: agents/geofence_sms_seed_agent.py (exit 0)
[2025-12-10T01:30:48.403550+00:00] START: agents/geofence_sms_monitor_agent.py
[2025-12-10T01:30:48.514943+00:00] SUCCESS: agents/geofence_sms_monitor_agent.py (exit 0)
[2025-12-10T01:30:48.518498+00:00] START: agents/gmail_activity_seed_agent.py
[2025-12-10T01:30:48.575380+00:00] SUCCESS: agents/gmail_activity_seed_agent.py (exit 0)
[2025-12-10T01:30:48.579564+00:00] START: agents/gmail_monitor_agent.py
[2025-12-10T01:30:48.674133+00:00] SUCCESS: agents/gmail_monitor_agent.py (exit 0)
[2025-12-10T01:30:48.677417+00:00] Core monitors bundle completed at 2025-12-10T01:30:48.677408+00:00 (successes=6, failures=0)
[2025-12-10T02:30:45.123681+00:00] ================================================================================
[2025-12-10T02:30:45.128465+00:00] Core monitors bundle run started at 2025-12-10T02:30:45.123643+00:00
[2025-12-10T02:30:45.132217+00:00] START: agents/absorption_runner_agent.py
[2025-12-10T02:30:49.164804+00:00] SUCCESS: agents/absorption_runner_agent.py (exit 0)
[2025-12-10T02:30:49.168294+00:00] START: agents/absorption_monitor_agent.py
[2025-12-10T02:30:50.946796+00:00] SUCCESS: agents/absorption_monitor_agent.py (exit 0)
[2025-12-10T02:30:50.950402+00:00] START: agents/geofence_sms_seed_agent.py
[2025-12-10T02:30:51.013480+00:00] SUCCESS: agents/geofence_sms_seed_agent.py (exit 0)
[2025-12-10T02:30:51.017397+00:00] START: agents/geofence_sms_monitor_agent.py
[2025-12-10T02:30:51.117740+00:00] SUCCESS: agents/geofence_sms_monitor_agent.py (exit 0)
[2025-12-10T02:30:51.121242+00:00] START: agents/gmail_activity_seed_agent.py
[2025-12-10T02:30:51.177863+00:00] SUCCESS: agents/gmail_activity_seed_agent.py (exit 0)
[2025-12-10T02:30:51.181196+00:00] START: agents/gmail_monitor_agent.py
[2025-12-10T02:30:51.277946+00:00] SUCCESS: agents/gmail_monitor_agent.py (exit 0)
[2025-12-10T02:30:51.282454+00:00] Core monitors bundle completed at 2025-12-10T02:30:51.282439+00:00 (successes=6, failures=0)
[2025-12-10T03:30:53.639969+00:00] ================================================================================
[2025-12-10T03:30:53.645101+00:00] Core monitors bundle run started at 2025-12-10T03:30:53.639927+00:00
[2025-12-10T03:30:53.649625+00:00] START: agents/absorption_runner_agent.py
[2025-12-10T03:30:58.271572+00:00] SUCCESS: agents/absorption_runner_agent.py (exit 0)
[2025-12-10T03:30:58.275952+00:00] START: agents/absorption_monitor_agent.py
[2025-12-10T03:31:02.027722+00:00] SUCCESS: agents/absorption_monitor_agent.py (exit 0)
[2025-12-10T03:31:02.036884+00:00] START: agents/geofence_sms_seed_agent.py
[2025-12-10T03:31:02.176090+00:00] SUCCESS: agents/geofence_sms_seed_agent.py (exit 0)
[2025-12-10T03:31:02.182739+00:00] START: agents/geofence_sms_monitor_agent.py
[2025-12-10T03:31:02.506668+00:00] SUCCESS: agents/geofence_sms_monitor_agent.py (exit 0)
[2025-12-10T03:31:02.514525+00:00] START: agents/gmail_activity_seed_agent.py
[2025-12-10T03:31:02.696649+00:00] SUCCESS: agents/gmail_activity_seed_agent.py (exit 0)
[2025-12-10T03:31:02.702730+00:00] START: agents/gmail_monitor_agent.py
[2025-12-10T03:31:03.042642+00:00] SUCCESS: agents/gmail_monitor_agent.py (exit 0)
[2025-12-10T03:31:03.045965+00:00] Core monitors bundle completed at 2025-12-10T03:31:03.045946+00:00 (successes=6, failures=0)
[2025-12-10T05:30:45.736277+00:00] ================================================================================
[2025-12-10T05:30:45.741902+00:00] Core monitors bundle run started at 2025-12-10T05:30:45.736242+00:00
[2025-12-10T05:30:45.746273+00:00] START: agents/absorption_runner_agent.py
[2025-12-10T05:30:49.337443+00:00] SUCCESS: agents/absorption_runner_agent.py (exit 0)
[2025-12-10T05:30:49.340803+00:00] START: agents/absorption_monitor_agent.py
[2025-12-10T05:30:51.398582+00:00] SUCCESS: agents/absorption_monitor_agent.py (exit 0)
[2025-12-10T05:30:51.402370+00:00] START: agents/geofence_sms_seed_agent.py
[2025-12-10T05:30:51.493347+00:00] SUCCESS: agents/geofence_sms_seed_agent.py (exit 0)
[2025-12-10T05:30:51.496358+00:00] START: agents/geofence_sms_monitor_agent.py
[2025-12-10T05:30:51.615936+00:00] SUCCESS: agents/geofence_sms_monitor_agent.py (exit 0)
[2025-12-10T05:30:51.619606+00:00] START: agents/gmail_activity_seed_agent.py
[2025-12-10T05:30:51.698415+00:00] SUCCESS: agents/gmail_activity_seed_agent.py (exit 0)
[2025-12-10T05:30:51.702363+00:00] START: agents/gmail_monitor_agent.py
[2025-12-10T05:30:51.802466+00:00] SUCCESS: agents/gmail_monitor_agent.py (exit 0)
[2025-12-10T05:30:51.806153+00:00] Core monitors bundle completed at 2025-12-10T05:30:51.806137+00:00 (successes=6, failures=0)
[2025-12-10T06:30:42.066585+00:00] ================================================================================
[2025-12-10T06:30:42.071254+00:00] Core monitors bundle run started at 2025-12-10T06:30:42.066531+00:00
[2025-12-10T06:30:42.078891+00:00] START: agents/absorption_runner_agent.py
[2025-12-10T06:30:45.590009+00:00] SUCCESS: agents/absorption_runner_agent.py (exit 0)
[2025-12-10T06:30:45.593388+00:00] START: agents/absorption_monitor_agent.py
[2025-12-10T06:30:48.819724+00:00] SUCCESS: agents/absorption_monitor_agent.py (exit 0)
[2025-12-10T06:30:48.822590+00:00] START: agents/geofence_sms_seed_agent.py
[2025-12-10T06:30:48.883833+00:00] SUCCESS: agents/geofence_sms_seed_agent.py (exit 0)
[2025-12-10T06:30:48.886785+00:00] START: agents/geofence_sms_monitor_agent.py
[2025-12-10T06:30:48.990095+00:00] SUCCESS: agents/geofence_sms_monitor_agent.py (exit 0)
[2025-12-10T06:30:48.992908+00:00] START: agents/gmail_activity_seed_agent.py
[2025-12-10T06:30:49.050293+00:00] SUCCESS: agents/gmail_activity_seed_agent.py (exit 0)
[2025-12-10T06:30:49.053832+00:00] START: agents/gmail_monitor_agent.py
[2025-12-10T06:30:49.146160+00:00] SUCCESS: agents/gmail_monitor_agent.py (exit 0)
[2025-12-10T06:30:49.149805+00:00] Core monitors bundle completed at 2025-12-10T06:30:49.149793+00:00 (successes=6, failures=0)
[2025-12-10T07:03:46.994103+00:00] ================================================================================
[2025-12-10T07:03:46.998459+00:00] Core monitors bundle run started at 2025-12-10T07:03:46.994084+00:00
[2025-12-10T07:03:47.003300+00:00] START: agents/absorption_runner_agent.py
[2025-12-10T07:03:50.084701+00:00] SUCCESS: agents/absorption_runner_agent.py (exit 0)
[2025-12-10T07:03:50.094210+00:00] START: agents/absorption_monitor_agent.py
[2025-12-10T07:03:52.025981+00:00] ================================================================================
[2025-12-10T07:03:52.029986+00:00] Core monitors bundle run started at 2025-12-10T07:03:52.025958+00:00
[2025-12-10T07:03:52.034927+00:00] START: agents/absorption_runner_agent.py
[2025-12-10T07:03:52.795869+00:00] SUCCESS: agents/absorption_runner_agent.py (exit 0)
[2025-12-10T07:03:52.799649+00:00] START: agents/absorption_monitor_agent.py
[2025-12-10T07:03:55.279447+00:00] SUCCESS: agents/absorption_monitor_agent.py (exit 0)
[2025-12-10T07:03:55.282840+00:00] START: agents/geofence_sms_seed_agent.py
[2025-12-10T07:03:55.369402+00:00] SUCCESS: agents/geofence_sms_seed_agent.py (exit 0)
[2025-12-10T07:03:55.372639+00:00] START: agents/geofence_sms_monitor_agent.py
[2025-12-10T07:03:55.488491+00:00] SUCCESS: agents/geofence_sms_monitor_agent.py (exit 0)
[2025-12-10T07:03:55.491869+00:00] START: agents/gmail_activity_seed_agent.py
[2025-12-10T07:03:55.551918+00:00] SUCCESS: agents/gmail_activity_seed_agent.py (exit 0)
[2025-12-10T07:03:55.555249+00:00] START: agents/gmail_monitor_agent.py
[2025-12-10T07:03:55.666462+00:00] SUCCESS: agents/gmail_monitor_agent.py (exit 0)
[2025-12-10T07:03:55.669666+00:00] Core monitors bundle completed at 2025-12-10T07:03:55.669650+00:00 (successes=6, failures=0)
