[2025-11-06 00:58:44] 🚀 Auto-Repair Suite started.
[2025-11-06 00:58:44] ⚠️ Placeholder detected: /home/rafa1215/consensus-project/memory/logs/system/agent_summaries/top10_suggestions_2025-11-02_0902.md
[2025-11-06 00:58:44] ⚠️ Placeholder detected: /home/rafa1215/consensus-project/memory/logs/system/agent_summaries/top10_brainstorm_2025-11-02_0902.md
[2025-11-06 00:58:44] ⚠️ Placeholder detected: /home/rafa1215/consensus-project/memory/logs/system/agent_summaries/top10_optimization_2025-11-02_0902.md
[2025-11-06 00:58:44] ♻️  Placeholder or missing Top-10 detected — regenerating...
[2025-11-06 00:58:47] ⚠️  Missing or outdated daily summaries detected — regenerating.
[2025-11-06 00:58:48] ✅ Generated summaries for 2025-11-03
[2025-11-06 00:58:48] ✅ Generated summaries for 2025-11-04
[2025-11-06 00:58:48] ✅ Generated summaries for 2025-11-05
[2025-11-06 00:58:48] ✅ Generated summaries for 2025-11-06
[2025-11-06 00:58:48] ✅ Summary generation complete (4 day(s))
[2025-11-06 00:58:48] ✅ Updated Top-10 digest index.
[2025-11-06 00:58:48] 📦 Archived 0 Top-10 files older than 7 days.
[2025-11-06 00:58:48] ✅ Auto-Repair Suite completed successfully.
[2025-11-06 01:05:22] 🚀 Auto-Repair Suite started.
[2025-11-06 01:05:22] ⚠️ Placeholder detected: /home/rafa1215/consensus-project/memory/logs/system/agent_summaries/top10_optimization_2025-11-04_0902.md
[2025-11-06 01:05:22] ⚠️ Placeholder detected: /home/rafa1215/consensus-project/memory/logs/system/agent_summaries/top10_optimization_2025-11-06_0902.md
[2025-11-06 01:05:22] ⚠️ Placeholder detected: /home/rafa1215/consensus-project/memory/logs/system/agent_summaries/top10_suggestions_2025-11-03_0902.md
[2025-11-06 01:05:22] ⚠️ Placeholder detected: /home/rafa1215/consensus-project/memory/logs/system/agent_summaries/top10_brainstorm_2025-11-05_0902.md
[2025-11-06 01:05:22] ⚠️ Placeholder detected: /home/rafa1215/consensus-project/memory/logs/system/agent_summaries/top10_optimization_2025-11-05_0902.md
[2025-11-06 01:05:22] ⚠️ Placeholder detected: /home/rafa1215/consensus-project/memory/logs/system/agent_summaries/top10_brainstorm_2025-11-03_0902.md
[2025-11-06 01:05:22] ⚠️ Placeholder detected: /home/rafa1215/consensus-project/memory/logs/system/agent_summaries/top10_suggestions_2025-11-02_0902.md
[2025-11-06 01:05:23] ⚠️ Placeholder detected: /home/rafa1215/consensus-project/memory/logs/system/agent_summaries/top10_brainstorm_2025-11-02_0902.md
[2025-11-06 01:05:23] ⚠️ Placeholder detected: /home/rafa1215/consensus-project/memory/logs/system/agent_summaries/top10_suggestions_2025-11-04_0902.md
[2025-11-06 01:05:23] ⚠️ Placeholder detected: /home/rafa1215/consensus-project/memory/logs/system/agent_summaries/top10_brainstorm_2025-11-04_0902.md
[2025-11-06 01:05:23] ⚠️ Placeholder detected: /home/rafa1215/consensus-project/memory/logs/system/agent_summaries/top10_optimization_2025-11-03_0902.md
[2025-11-06 01:05:23] ⚠️ Placeholder detected: /home/rafa1215/consensus-project/memory/logs/system/agent_summaries/top10_suggestions_2025-11-06_0902.md
[2025-11-06 01:05:23] ⚠️ Placeholder detected: /home/rafa1215/consensus-project/memory/logs/system/agent_summaries/top10_suggestions_2025-11-05_0902.md
[2025-11-06 01:05:23] ⚠️ Placeholder detected: /home/rafa1215/consensus-project/memory/logs/system/agent_summaries/top10_optimization_2025-11-02_0902.md
[2025-11-06 01:05:23] ⚠️ Placeholder detected: /home/rafa1215/consensus-project/memory/logs/system/agent_summaries/top10_brainstorm_2025-11-06_0902.md
[2025-11-06 01:05:23] ♻️  Placeholder or missing Top-10 detected — regenerating...
[2025-11-06 01:05:28] ⚠️  Missing or outdated daily summaries detected — regenerating.
[2025-11-06 01:05:28] ✅ Generated summaries for 2025-11-03
[2025-11-06 01:05:29] ✅ Generated summaries for 2025-11-04
[2025-11-06 01:05:29] ✅ Generated summaries for 2025-11-05
[2025-11-06 01:05:29] ✅ Generated summaries for 2025-11-06
[2025-11-06 01:05:29] ✅ Summary generation complete (4 day(s))
[2025-11-06 01:05:29] ✅ Updated Top-10 digest index.
[2025-11-06 01:05:29] 📦 Archived 0 Top-10 files older than 7 days.
[2025-11-06 01:05:29] ✅ Auto-Repair Suite completed successfully.
[2025-12-02 22:01:51] ⚠️  Missing or outdated daily summaries detected — regenerating.
[2025-12-02 22:01:51] ✅ Generated summaries for 2025-11-29
[2025-12-02 22:01:51] ✅ Generated summaries for 2025-11-30
[2025-12-02 22:01:51] ✅ Generated summaries for 2025-12-01
[2025-12-02 22:01:51] ✅ Generated summaries for 2025-12-02
[2025-12-02 22:01:51] ✅ Summary generation complete (4 day(s))
[2025-12-02 22:01:51] ⚠️  Missing or outdated daily summaries detected — regenerating.
[2025-12-02 22:01:51] ✅ Generated summaries for 2025-11-29
[2025-12-02 22:01:51] ✅ Generated summaries for 2025-11-30
[2025-12-02 22:01:51] ✅ Generated summaries for 2025-12-01
[2025-12-02 22:01:51] ✅ Generated summaries for 2025-12-02
[2025-12-02 22:01:51] ✅ Summary generation complete (4 day(s))
[2025-12-02 22:14:52] ⚠️  Missing or outdated daily summaries detected — regenerating.
[2025-12-02 22:14:52] ✅ Generated summaries for 2025-11-29
[2025-12-02 22:14:52] ✅ Generated summaries for 2025-11-30
[2025-12-02 22:14:52] ✅ Generated summaries for 2025-12-01
[2025-12-02 22:14:52] ✅ Generated summaries for 2025-12-02
[2025-12-02 22:14:52] ✅ Summary generation complete (4 day(s))
[2025-12-02 22:14:52] ⚠️  Missing or outdated daily summaries detected — regenerating.
[2025-12-02 22:14:52] ✅ Generated summaries for 2025-11-29
[2025-12-02 22:14:52] ✅ Generated summaries for 2025-11-30
[2025-12-02 22:14:52] ✅ Generated summaries for 2025-12-01
[2025-12-02 22:14:52] ✅ Generated summaries for 2025-12-02
[2025-12-02 22:14:52] ✅ Summary generation complete (4 day(s))
[2025-12-02 22:16:14] 🔍 Running system file auditor...
[2025-12-02 22:16:19] 🔍 Running system file auditor...
[2025-12-02 22:17:21] 🚀 Auto-Repair Suite started.
[2025-12-02 22:17:21] ⚠️ Placeholder detected: /home/rafa1215/consensus-project/memory/logs/system/agent_summaries/top10_suggestions_2025-12-02_0902.md
[2025-12-02 22:17:21] ⚠️ Placeholder detected: /home/rafa1215/consensus-project/memory/logs/system/agent_summaries/top10_optimization_2025-10-23_0902.md
[2025-12-02 22:17:21] ⚠️ Placeholder detected: /home/rafa1215/consensus-project/memory/logs/system/agent_summaries/top10_optimization_2025-12-02_0902.md
[2025-12-02 22:17:21] ⚠️ Placeholder detected: /home/rafa1215/consensus-project/memory/logs/system/agent_summaries/top10_suggestions_2025-12-01_0902.md
[2025-12-02 22:17:21] ⚠️ Placeholder detected: /home/rafa1215/consensus-project/memory/logs/system/agent_summaries/top10_suggestions_2025-10-24_0902.md
[2025-12-02 22:17:21] ⚠️ Placeholder detected: /home/rafa1215/consensus-project/memory/logs/system/agent_summaries/top10_optimization_2025-10-21_0902.md
[2025-12-02 22:17:21] ⚠️ Placeholder detected: /home/rafa1215/consensus-project/memory/logs/system/agent_summaries/top10_brainstorm_2025-11-30_0902.md
[2025-12-02 22:17:21] ⚠️ Placeholder detected: /home/rafa1215/consensus-project/memory/logs/system/agent_summaries/top10_brainstorm_2025-12-02_0902.md
[2025-12-02 22:17:21] ⚠️ Placeholder detected: /home/rafa1215/consensus-project/memory/logs/system/agent_summaries/top10_brainstorm_2025-10-23_0902.md
[2025-12-02 22:17:21] ⚠️ Placeholder detected: /home/rafa1215/consensus-project/memory/logs/system/agent_summaries/top10_optimization_2025-10-24_0902.md
[2025-12-02 22:17:21] ⚠️ Placeholder detected: /home/rafa1215/consensus-project/memory/logs/system/agent_summaries/top10_suggestions_2025-10-20_0902.md
[2025-12-02 22:17:21] ⚠️ Placeholder detected: /home/rafa1215/consensus-project/memory/logs/system/agent_summaries/top10_brainstorm_2025-11-29_0902.md
[2025-12-02 22:17:21] ⚠️ Placeholder detected: /home/rafa1215/consensus-project/memory/logs/system/agent_summaries/top10_optimization_2025-12-01_0902.md
[2025-12-02 22:17:21] ⚠️ Placeholder detected: /home/rafa1215/consensus-project/memory/logs/system/agent_summaries/top10_optimization_2025-10-20_0902.md
[2025-12-02 22:17:21] ⚠️ Placeholder detected: /home/rafa1215/consensus-project/memory/logs/system/agent_summaries/top10_optimization_2025-11-30_0902.md
[2025-12-02 22:17:21] ⚠️ Placeholder detected: /home/rafa1215/consensus-project/memory/logs/system/agent_summaries/top10_suggestions_2025-11-30_0902.md
[2025-12-02 22:17:21] ⚠️ Placeholder detected: /home/rafa1215/consensus-project/memory/logs/system/agent_summaries/top10_brainstorm_2025-10-24_0902.md
[2025-12-02 22:17:21] ⚠️ Placeholder detected: /home/rafa1215/consensus-project/memory/logs/system/agent_summaries/top10_optimization_2025-11-29_0902.md
[2025-12-02 22:17:21] ⚠️ Placeholder detected: /home/rafa1215/consensus-project/memory/logs/system/agent_summaries/top10_brainstorm_2025-12-01_0902.md
[2025-12-02 22:17:21] ⚠️ Placeholder detected: /home/rafa1215/consensus-project/memory/logs/system/agent_summaries/top10_brainstorm_2025-10-22_0902.md
[2025-12-02 22:17:21] ⚠️ Placeholder detected: /home/rafa1215/consensus-project/memory/logs/system/agent_summaries/top10_suggestions_2025-10-22_0902.md
[2025-12-02 22:17:21] ⚠️ Placeholder detected: /home/rafa1215/consensus-project/memory/logs/system/agent_summaries/top10_suggestions_2025-10-23_0902.md
[2025-12-02 22:17:21] ⚠️ Placeholder detected: /home/rafa1215/consensus-project/memory/logs/system/agent_summaries/top10_brainstorm_2025-10-21_0902.md
[2025-12-02 22:17:21] ⚠️ Placeholder detected: /home/rafa1215/consensus-project/memory/logs/system/agent_summaries/top10_suggestions_2025-10-21_0902.md
[2025-12-02 22:17:21] ⚠️ Placeholder detected: /home/rafa1215/consensus-project/memory/logs/system/agent_summaries/top10_optimization_2025-10-22_0902.md
[2025-12-02 22:17:21] ⚠️ Placeholder detected: /home/rafa1215/consensus-project/memory/logs/system/agent_summaries/top10_suggestions_2025-11-29_0902.md
[2025-12-02 22:17:21] ⚠️ Placeholder detected: /home/rafa1215/consensus-project/memory/logs/system/agent_summaries/top10_brainstorm_2025-10-20_0902.md
[2025-12-02 22:17:21] ♻️  Placeholder or missing Top-10 detected — regenerating...
[2025-12-02 22:17:22] ⚠️  Missing or outdated daily summaries detected — regenerating.
[2025-12-02 22:17:22] ✅ Generated summaries for 2025-11-29
[2025-12-02 22:17:22] ✅ Generated summaries for 2025-11-30
[2025-12-02 22:17:22] ✅ Generated summaries for 2025-12-01
[2025-12-02 22:17:22] ✅ Generated summaries for 2025-12-02
[2025-12-02 22:17:22] ✅ Summary generation complete (4 day(s))
[2025-12-02 22:17:23] ✅ Updated Top-10 digest index.
[2025-12-02 22:17:23] 📦 Archived 111 Top-10 files older than 7 days.
[2025-12-02 22:17:23] ✅ Auto-Repair Suite completed successfully.
[2025-12-02 22:17:23] 🚀 Auto-Repair Suite started.
[2025-12-02 22:17:23] ⚠️ Placeholder detected: /home/rafa1215/consensus-project/memory/logs/system/agent_summaries/top10_suggestions_2025-12-02_0902.md
[2025-12-02 22:17:23] ⚠️ Placeholder detected: /home/rafa1215/consensus-project/memory/logs/system/agent_summaries/top10_optimization_2025-12-02_0902.md
[2025-12-02 22:17:23] ⚠️ Placeholder detected: /home/rafa1215/consensus-project/memory/logs/system/agent_summaries/top10_suggestions_2025-12-01_0902.md
[2025-12-02 22:17:23] ⚠️ Placeholder detected: /home/rafa1215/consensus-project/memory/logs/system/agent_summaries/top10_brainstorm_2025-11-30_0902.md
[2025-12-02 22:17:23] ⚠️ Placeholder detected: /home/rafa1215/consensus-project/memory/logs/system/agent_summaries/top10_brainstorm_2025-12-02_0902.md
[2025-12-02 22:17:23] ⚠️ Placeholder detected: /home/rafa1215/consensus-project/memory/logs/system/agent_summaries/top10_brainstorm_2025-11-29_0902.md
[2025-12-02 22:17:23] ⚠️ Placeholder detected: /home/rafa1215/consensus-project/memory/logs/system/agent_summaries/top10_optimization_2025-12-01_0902.md
[2025-12-02 22:17:23] ⚠️ Placeholder detected: /home/rafa1215/consensus-project/memory/logs/system/agent_summaries/top10_optimization_2025-11-30_0902.md
[2025-12-02 22:17:23] ⚠️ Placeholder detected: /home/rafa1215/consensus-project/memory/logs/system/agent_summaries/top10_suggestions_2025-11-30_0902.md
[2025-12-02 22:17:23] ⚠️ Placeholder detected: /home/rafa1215/consensus-project/memory/logs/system/agent_summaries/top10_optimization_2025-11-29_0902.md
[2025-12-02 22:17:23] ⚠️ Placeholder detected: /home/rafa1215/consensus-project/memory/logs/system/agent_summaries/top10_brainstorm_2025-12-01_0902.md
[2025-12-02 22:17:23] ⚠️ Placeholder detected: /home/rafa1215/consensus-project/memory/logs/system/agent_summaries/top10_suggestions_2025-11-29_0902.md
[2025-12-02 22:17:23] ♻️  Placeholder or missing Top-10 detected — regenerating...
[2025-12-02 22:17:24] ⚠️  Missing or outdated daily summaries detected — regenerating.
[2025-12-02 22:17:24] ✅ Generated summaries for 2025-11-29
[2025-12-02 22:17:24] ✅ Generated summaries for 2025-11-30
[2025-12-02 22:17:25] ✅ Generated summaries for 2025-12-01
[2025-12-02 22:17:25] ✅ Generated summaries for 2025-12-02
[2025-12-02 22:17:25] ✅ Summary generation complete (4 day(s))
[2025-12-02 22:17:25] ✅ Updated Top-10 digest index.
[2025-12-02 22:17:25] 📦 Archived 0 Top-10 files older than 7 days.
[2025-12-02 22:17:25] ✅ Auto-Repair Suite completed successfully.
[2025-12-02 22:18:57] ✅ Generated summaries for 2025-12-02
[2025-12-02 22:18:57] ✅ Summary generation complete (1 day(s))
[2025-12-02 22:18:57] ✅ Generated summaries for 2025-12-02
[2025-12-02 22:18:57] ✅ Summary generation complete (1 day(s))
[2025-12-03 07:06:30] ⚠️  Missing or outdated daily summaries detected — regenerating.
[2025-12-03 07:06:30] ✅ Generated summaries for 2025-11-30
[2025-12-03 07:06:30] ✅ Generated summaries for 2025-12-01
[2025-12-03 07:06:30] ✅ Generated summaries for 2025-12-02
[2025-12-03 07:06:30] ✅ Generated summaries for 2025-12-03
[2025-12-03 07:06:30] ✅ Summary generation complete (4 day(s))
[2025-12-03 07:06:30] ⚠️  Missing or outdated daily summaries detected — regenerating.
[2025-12-03 07:06:30] ✅ Generated summaries for 2025-11-30
[2025-12-03 07:06:30] ✅ Generated summaries for 2025-12-01
[2025-12-03 07:06:30] ✅ Generated summaries for 2025-12-02
[2025-12-03 07:06:30] ✅ Generated summaries for 2025-12-03
[2025-12-03 07:06:30] ✅ Summary generation complete (4 day(s))
[2025-12-03 07:07:52] 🔍 Running system file auditor...
[2025-12-03 07:07:57] 🔍 Running system file auditor...
[2025-12-03 07:08:56] 🚀 Auto-Repair Suite started.
[2025-12-03 07:08:56] ⚠️ Placeholder detected: /home/rafa1215/consensus-project/memory/logs/system/agent_summaries/top10_suggestions_2025-12-02_0902.md
[2025-12-03 07:08:57] ⚠️ Placeholder detected: /home/rafa1215/consensus-project/memory/logs/system/agent_summaries/top10_optimization_2025-12-02_0902.md
[2025-12-03 07:08:57] ⚠️ Placeholder detected: /home/rafa1215/consensus-project/memory/logs/system/agent_summaries/top10_suggestions_2025-12-01_0902.md
[2025-12-03 07:08:57] ⚠️ Placeholder detected: /home/rafa1215/consensus-project/memory/logs/system/agent_summaries/top10_suggestions_2025-12-03_0902.md
[2025-12-03 07:08:57] ⚠️ Placeholder detected: /home/rafa1215/consensus-project/memory/logs/system/agent_summaries/top10_optimization_2025-12-03_0902.md
[2025-12-03 07:08:57] ⚠️ Placeholder detected: /home/rafa1215/consensus-project/memory/logs/system/agent_summaries/top10_brainstorm_2025-11-30_0902.md
[2025-12-03 07:08:57] ⚠️ Placeholder detected: /home/rafa1215/consensus-project/memory/logs/system/agent_summaries/top10_brainstorm_2025-12-02_0902.md
[2025-12-03 07:08:57] ⚠️ Placeholder detected: /home/rafa1215/consensus-project/memory/logs/system/agent_summaries/top10_brainstorm_2025-11-29_0902.md
[2025-12-03 07:08:57] ⚠️ Placeholder detected: /home/rafa1215/consensus-project/memory/logs/system/agent_summaries/top10_optimization_2025-12-01_0902.md
[2025-12-03 07:08:57] ⚠️ Placeholder detected: /home/rafa1215/consensus-project/memory/logs/system/agent_summaries/top10_optimization_2025-11-30_0902.md
[2025-12-03 07:08:57] ⚠️ Placeholder detected: /home/rafa1215/consensus-project/memory/logs/system/agent_summaries/top10_suggestions_2025-11-30_0902.md
[2025-12-03 07:08:57] ⚠️ Placeholder detected: /home/rafa1215/consensus-project/memory/logs/system/agent_summaries/top10_optimization_2025-11-29_0902.md
[2025-12-03 07:08:57] ⚠️ Placeholder detected: /home/rafa1215/consensus-project/memory/logs/system/agent_summaries/top10_brainstorm_2025-12-01_0902.md
[2025-12-03 07:08:57] ⚠️ Placeholder detected: /home/rafa1215/consensus-project/memory/logs/system/agent_summaries/top10_brainstorm_2025-12-03_0902.md
[2025-12-03 07:08:57] ⚠️ Placeholder detected: /home/rafa1215/consensus-project/memory/logs/system/agent_summaries/top10_suggestions_2025-11-29_0902.md
[2025-12-03 07:08:57] ♻️  Placeholder or missing Top-10 detected — regenerating...
[2025-12-03 07:08:59] ⚠️  Missing or outdated daily summaries detected — regenerating.
[2025-12-03 07:08:59] ✅ Generated summaries for 2025-11-30
[2025-12-03 07:08:59] ✅ Generated summaries for 2025-12-01
[2025-12-03 07:08:59] ✅ Generated summaries for 2025-12-02
[2025-12-03 07:08:59] ✅ Generated summaries for 2025-12-03
[2025-12-03 07:08:59] ✅ Summary generation complete (4 day(s))
[2025-12-03 07:08:59] ✅ Updated Top-10 digest index.
[2025-12-03 07:08:59] 📦 Archived 11 Top-10 files older than 7 days.
[2025-12-03 07:08:59] ✅ Auto-Repair Suite completed successfully.
[2025-12-03 07:08:59] 🚀 Auto-Repair Suite started.
[2025-12-03 07:08:59] ⚠️ Placeholder detected: /home/rafa1215/consensus-project/memory/logs/system/agent_summaries/top10_suggestions_2025-12-02_0902.md
[2025-12-03 07:08:59] ⚠️ Placeholder detected: /home/rafa1215/consensus-project/memory/logs/system/agent_summaries/top10_optimization_2025-12-02_0902.md
[2025-12-03 07:08:59] ⚠️ Placeholder detected: /home/rafa1215/consensus-project/memory/logs/system/agent_summaries/top10_suggestions_2025-12-01_0902.md
[2025-12-03 07:08:59] ⚠️ Placeholder detected: /home/rafa1215/consensus-project/memory/logs/system/agent_summaries/top10_suggestions_2025-12-03_0902.md
[2025-12-03 07:08:59] ⚠️ Placeholder detected: /home/rafa1215/consensus-project/memory/logs/system/agent_summaries/top10_optimization_2025-12-03_0902.md
[2025-12-03 07:08:59] ⚠️ Placeholder detected: /home/rafa1215/consensus-project/memory/logs/system/agent_summaries/top10_brainstorm_2025-11-30_0902.md
[2025-12-03 07:08:59] ⚠️ Placeholder detected: /home/rafa1215/consensus-project/memory/logs/system/agent_summaries/top10_brainstorm_2025-12-02_0902.md
[2025-12-03 07:08:59] ⚠️ Placeholder detected: /home/rafa1215/consensus-project/memory/logs/system/agent_summaries/top10_brainstorm_2025-11-29_0902.md
[2025-12-03 07:08:59] ⚠️ Placeholder detected: /home/rafa1215/consensus-project/memory/logs/system/agent_summaries/top10_optimization_2025-12-01_0902.md
[2025-12-03 07:08:59] ⚠️ Placeholder detected: /home/rafa1215/consensus-project/memory/logs/system/agent_summaries/top10_optimization_2025-11-30_0902.md
[2025-12-03 07:08:59] ⚠️ Placeholder detected: /home/rafa1215/consensus-project/memory/logs/system/agent_summaries/top10_suggestions_2025-11-30_0902.md
[2025-12-03 07:08:59] ⚠️ Placeholder detected: /home/rafa1215/consensus-project/memory/logs/system/agent_summaries/top10_optimization_2025-11-29_0902.md
[2025-12-03 07:08:59] ⚠️ Placeholder detected: /home/rafa1215/consensus-project/memory/logs/system/agent_summaries/top10_brainstorm_2025-12-01_0902.md
[2025-12-03 07:08:59] ⚠️ Placeholder detected: /home/rafa1215/consensus-project/memory/logs/system/agent_summaries/top10_brainstorm_2025-12-03_0902.md
[2025-12-03 07:08:59] ⚠️ Placeholder detected: /home/rafa1215/consensus-project/memory/logs/system/agent_summaries/top10_suggestions_2025-11-29_0902.md
[2025-12-03 07:08:59] ♻️  Placeholder or missing Top-10 detected — regenerating...
[2025-12-03 07:09:01] ⚠️  Missing or outdated daily summaries detected — regenerating.
[2025-12-03 07:09:01] ✅ Generated summaries for 2025-11-30
[2025-12-03 07:09:01] ✅ Generated summaries for 2025-12-01
[2025-12-03 07:09:01] ✅ Generated summaries for 2025-12-02
[2025-12-03 07:09:01] ✅ Generated summaries for 2025-12-03
[2025-12-03 07:09:01] ✅ Summary generation complete (4 day(s))
[2025-12-03 07:09:01] ✅ Updated Top-10 digest index.
[2025-12-03 07:09:01] 📦 Archived 0 Top-10 files older than 7 days.
[2025-12-03 07:09:01] ✅ Auto-Repair Suite completed successfully.
[2025-12-03 07:10:47] ✅ Generated summaries for 2025-12-03
[2025-12-03 07:10:47] ✅ Summary generation complete (1 day(s))
[2025-12-03 07:10:47] ✅ Generated summaries for 2025-12-03
[2025-12-03 07:10:47] ✅ Summary generation complete (1 day(s))
[2025-12-03 07:12:55] ⚠️ Placeholder detected: /home/rafa1215/consensus-project/memory/logs/system/agent_summaries/top10_suggestions_2025-12-03_0902.md
[2025-12-03 07:12:55] ⚠️ Placeholder detected: /home/rafa1215/consensus-project/memory/logs/system/agent_summaries/top10_optimization_2025-12-03_0902.md
[2025-12-03 07:12:55] ⚠️ Placeholder detected: /home/rafa1215/consensus-project/memory/logs/system/agent_summaries/top10_brainstorm_2025-11-30_0902.md
[2025-12-03 07:12:55] ⚠️ Placeholder detected: /home/rafa1215/consensus-project/memory/logs/system/agent_summaries/top10_brainstorm_2025-11-29_0902.md
[2025-12-03 07:12:55] ⚠️ Placeholder detected: /home/rafa1215/consensus-project/memory/logs/system/agent_summaries/top10_optimization_2025-11-30_0902.md
[2025-12-03 07:12:55] ⚠️ Placeholder detected: /home/rafa1215/consensus-project/memory/logs/system/agent_summaries/top10_suggestions_2025-11-30_0902.md
[2025-12-03 07:12:55] ⚠️ Placeholder detected: /home/rafa1215/consensus-project/memory/logs/system/agent_summaries/top10_optimization_2025-11-29_0902.md
[2025-12-03 07:12:55] ⚠️ Placeholder detected: /home/rafa1215/consensus-project/memory/logs/system/agent_summaries/top10_brainstorm_2025-12-03_0902.md
[2025-12-03 07:12:55] ⚠️ Placeholder detected: /home/rafa1215/consensus-project/memory/logs/system/agent_summaries/top10_suggestions_2025-11-29_0902.md
[2025-12-03 07:12:55] ♻️  Placeholder or missing Top-10 detected — regenerating...
[2025-12-03 07:12:57] ⚠️ Placeholder detected: /home/rafa1215/consensus-project/memory/logs/system/agent_summaries/top10_brainstorm_2025-11-30_0902.md
[2025-12-03 07:12:57] ⚠️ Placeholder detected: /home/rafa1215/consensus-project/memory/logs/system/agent_summaries/top10_brainstorm_2025-11-29_0902.md
[2025-12-03 07:12:57] ⚠️ Placeholder detected: /home/rafa1215/consensus-project/memory/logs/system/agent_summaries/top10_optimization_2025-11-30_0902.md
[2025-12-03 07:12:57] ⚠️ Placeholder detected: /home/rafa1215/consensus-project/memory/logs/system/agent_summaries/top10_suggestions_2025-11-30_0902.md
[2025-12-03 07:12:57] ⚠️ Placeholder detected: /home/rafa1215/consensus-project/memory/logs/system/agent_summaries/top10_optimization_2025-11-29_0902.md
[2025-12-03 07:12:57] ⚠️ Placeholder detected: /home/rafa1215/consensus-project/memory/logs/system/agent_summaries/top10_suggestions_2025-11-29_0902.md
[2025-12-03 07:12:57] ♻️  Placeholder or missing Top-10 detected — regenerating...
[2025-12-04 07:06:18] ⚠️  Missing or outdated daily summaries detected — regenerating.
[2025-12-04 07:06:18] ✅ Generated summaries for 2025-12-01
[2025-12-04 07:06:18] ✅ Generated summaries for 2025-12-02
[2025-12-04 07:06:18] ✅ Generated summaries for 2025-12-03
[2025-12-04 07:06:18] ✅ Generated summaries for 2025-12-04
[2025-12-04 07:06:18] ✅ Summary generation complete (4 day(s))
[2025-12-04 07:06:18] ⚠️  Missing or outdated daily summaries detected — regenerating.
[2025-12-04 07:06:19] ✅ Generated summaries for 2025-12-01
[2025-12-04 07:06:19] ✅ Generated summaries for 2025-12-02
[2025-12-04 07:06:19] ✅ Generated summaries for 2025-12-03
[2025-12-04 07:06:19] ✅ Generated summaries for 2025-12-04
[2025-12-04 07:06:19] ✅ Summary generation complete (4 day(s))
[2025-12-04 07:07:39] 🔍 Running system file auditor...
[2025-12-04 07:07:44] 🔍 Running system file auditor...
[2025-12-04 07:08:40] 🚀 Auto-Repair Suite started.
[2025-12-04 07:08:40] ⚠️ Placeholder detected: /home/rafa1215/consensus-project/memory/logs/system/agent_summaries/top10_suggestions_2025-12-02_0902.md
[2025-12-04 07:08:40] ⚠️ Placeholder detected: /home/rafa1215/consensus-project/memory/logs/system/agent_summaries/top10_optimization_2025-12-02_0902.md
[2025-12-04 07:08:40] ⚠️ Placeholder detected: /home/rafa1215/consensus-project/memory/logs/system/agent_summaries/top10_suggestions_2025-12-04_0902.md
[2025-12-04 07:08:40] ⚠️ Placeholder detected: /home/rafa1215/consensus-project/memory/logs/system/agent_summaries/top10_suggestions_2025-12-01_0902.md
[2025-12-04 07:08:40] ⚠️ Placeholder detected: /home/rafa1215/consensus-project/memory/logs/system/agent_summaries/top10_suggestions_2025-12-03_0902.md
[2025-12-04 07:08:40] ⚠️ Placeholder detected: /home/rafa1215/consensus-project/memory/logs/system/agent_summaries/top10_optimization_2025-12-03_0902.md
[2025-12-04 07:08:40] ⚠️ Placeholder detected: /home/rafa1215/consensus-project/memory/logs/system/agent_summaries/top10_brainstorm_2025-11-30_0902.md
[2025-12-04 07:08:40] ⚠️ Placeholder detected: /home/rafa1215/consensus-project/memory/logs/system/agent_summaries/top10_brainstorm_2025-12-04_0902.md
[2025-12-04 07:08:40] ⚠️ Placeholder detected: /home/rafa1215/consensus-project/memory/logs/system/agent_summaries/top10_brainstorm_2025-12-02_0902.md
[2025-12-04 07:08:40] ⚠️ Placeholder detected: /home/rafa1215/consensus-project/memory/logs/system/agent_summaries/top10_brainstorm_2025-11-29_0902.md
[2025-12-04 07:08:40] ⚠️ Placeholder detected: /home/rafa1215/consensus-project/memory/logs/system/agent_summaries/top10_optimization_2025-12-01_0902.md
[2025-12-04 07:08:40] ⚠️ Placeholder detected: /home/rafa1215/consensus-project/memory/logs/system/agent_summaries/top10_optimization_2025-11-30_0902.md
[2025-12-04 07:08:40] ⚠️ Placeholder detected: /home/rafa1215/consensus-project/memory/logs/system/agent_summaries/top10_suggestions_2025-11-30_0902.md
[2025-12-04 07:08:40] ⚠️ Placeholder detected: /home/rafa1215/consensus-project/memory/logs/system/agent_summaries/top10_optimization_2025-11-29_0902.md
[2025-12-04 07:08:40] ⚠️ Placeholder detected: /home/rafa1215/consensus-project/memory/logs/system/agent_summaries/top10_brainstorm_2025-12-01_0902.md
[2025-12-04 07:08:40] ⚠️ Placeholder detected: /home/rafa1215/consensus-project/memory/logs/system/agent_summaries/top10_brainstorm_2025-12-03_0902.md
[2025-12-04 07:08:40] ⚠️ Placeholder detected: /home/rafa1215/consensus-project/memory/logs/system/agent_summaries/top10_optimization_2025-12-04_0902.md
[2025-12-04 07:08:40] ⚠️ Placeholder detected: /home/rafa1215/consensus-project/memory/logs/system/agent_summaries/top10_suggestions_2025-11-29_0902.md
[2025-12-04 07:08:40] ♻️  Placeholder or missing Top-10 detected — regenerating...
[2025-12-04 07:08:42] ⚠️  Missing or outdated daily summaries detected — regenerating.
[2025-12-04 07:08:42] ✅ Generated summaries for 2025-12-01
[2025-12-04 07:08:42] ✅ Generated summaries for 2025-12-02
[2025-12-04 07:08:42] ✅ Generated summaries for 2025-12-03
[2025-12-04 07:08:42] ✅ Generated summaries for 2025-12-04
[2025-12-04 07:08:42] ✅ Summary generation complete (4 day(s))
[2025-12-04 07:08:42] ✅ Updated Top-10 digest index.
[2025-12-04 07:08:42] 📦 Archived 5 Top-10 files older than 7 days.
[2025-12-04 07:08:42] ✅ Auto-Repair Suite completed successfully.
[2025-12-04 07:08:42] 🚀 Auto-Repair Suite started.
[2025-12-04 07:08:42] ⚠️ Placeholder detected: /home/rafa1215/consensus-project/memory/logs/system/agent_summaries/top10_suggestions_2025-12-02_0902.md
[2025-12-04 07:08:42] ⚠️ Placeholder detected: /home/rafa1215/consensus-project/memory/logs/system/agent_summaries/top10_optimization_2025-12-02_0902.md
[2025-12-04 07:08:42] ⚠️ Placeholder detected: /home/rafa1215/consensus-project/memory/logs/system/agent_summaries/top10_suggestions_2025-12-04_0902.md
[2025-12-04 07:08:42] ⚠️ Placeholder detected: /home/rafa1215/consensus-project/memory/logs/system/agent_summaries/top10_suggestions_2025-12-01_0902.md
[2025-12-04 07:08:42] ⚠️ Placeholder detected: /home/rafa1215/consensus-project/memory/logs/system/agent_summaries/top10_suggestions_2025-12-03_0902.md
[2025-12-04 07:08:42] ⚠️ Placeholder detected: /home/rafa1215/consensus-project/memory/logs/system/agent_summaries/top10_optimization_2025-12-03_0902.md
[2025-12-04 07:08:42] ⚠️ Placeholder detected: /home/rafa1215/consensus-project/memory/logs/system/agent_summaries/top10_brainstorm_2025-11-30_0902.md
[2025-12-04 07:08:42] ⚠️ Placeholder detected: /home/rafa1215/consensus-project/memory/logs/system/agent_summaries/top10_brainstorm_2025-12-04_0902.md
[2025-12-04 07:08:42] ⚠️ Placeholder detected: /home/rafa1215/consensus-project/memory/logs/system/agent_summaries/top10_brainstorm_2025-12-02_0902.md
[2025-12-04 07:08:42] ⚠️ Placeholder detected: /home/rafa1215/consensus-project/memory/logs/system/agent_summaries/top10_brainstorm_2025-11-29_0902.md
[2025-12-04 07:08:42] ⚠️ Placeholder detected: /home/rafa1215/consensus-project/memory/logs/system/agent_summaries/top10_optimization_2025-12-01_0902.md
[2025-12-04 07:08:42] ⚠️ Placeholder detected: /home/rafa1215/consensus-project/memory/logs/system/agent_summaries/top10_optimization_2025-11-30_0902.md
[2025-12-04 07:08:43] ⚠️ Placeholder detected: /home/rafa1215/consensus-project/memory/logs/system/agent_summaries/top10_suggestions_2025-11-30_0902.md
[2025-12-04 07:08:43] ⚠️ Placeholder detected: /home/rafa1215/consensus-project/memory/logs/system/agent_summaries/top10_optimization_2025-11-29_0902.md
[2025-12-04 07:08:43] ⚠️ Placeholder detected: /home/rafa1215/consensus-project/memory/logs/system/agent_summaries/top10_brainstorm_2025-12-01_0902.md
[2025-12-04 07:08:43] ⚠️ Placeholder detected: /home/rafa1215/consensus-project/memory/logs/system/agent_summaries/top10_brainstorm_2025-12-03_0902.md
[2025-12-04 07:08:43] ⚠️ Placeholder detected: /home/rafa1215/consensus-project/memory/logs/system/agent_summaries/top10_optimization_2025-12-04_0902.md
[2025-12-04 07:08:43] ⚠️ Placeholder detected: /home/rafa1215/consensus-project/memory/logs/system/agent_summaries/top10_suggestions_2025-11-29_0902.md
[2025-12-04 07:08:43] ♻️  Placeholder or missing Top-10 detected — regenerating...
[2025-12-04 07:08:44] ⚠️  Missing or outdated daily summaries detected — regenerating.
[2025-12-04 07:08:44] ✅ Generated summaries for 2025-12-01
[2025-12-04 07:08:44] ✅ Generated summaries for 2025-12-02
[2025-12-04 07:08:44] ✅ Generated summaries for 2025-12-03
[2025-12-04 07:08:44] ✅ Generated summaries for 2025-12-04
[2025-12-04 07:08:44] ✅ Summary generation complete (4 day(s))
[2025-12-04 07:08:44] ✅ Updated Top-10 digest index.
[2025-12-04 07:08:44] 📦 Archived 0 Top-10 files older than 7 days.
[2025-12-04 07:08:44] ✅ Auto-Repair Suite completed successfully.
[2025-12-04 07:10:17] ✅ Generated summaries for 2025-12-04
[2025-12-04 07:10:17] ✅ Summary generation complete (1 day(s))
[2025-12-04 07:10:18] ✅ Generated summaries for 2025-12-04
[2025-12-04 07:10:18] ✅ Summary generation complete (1 day(s))
[2025-12-04 07:12:21] ⚠️ Placeholder detected: /home/rafa1215/consensus-project/memory/logs/system/agent_summaries/top10_suggestions_2025-12-04_0902.md
[2025-12-04 07:12:21] ⚠️ Placeholder detected: /home/rafa1215/consensus-project/memory/logs/system/agent_summaries/top10_suggestions_2025-12-01_0902.md
[2025-12-04 07:12:21] ⚠️ Placeholder detected: /home/rafa1215/consensus-project/memory/logs/system/agent_summaries/top10_brainstorm_2025-11-30_0902.md
[2025-12-04 07:12:21] ⚠️ Placeholder detected: /home/rafa1215/consensus-project/memory/logs/system/agent_summaries/top10_brainstorm_2025-12-04_0902.md
[2025-12-04 07:12:21] ⚠️ Placeholder detected: /home/rafa1215/consensus-project/memory/logs/system/agent_summaries/top10_brainstorm_2025-11-29_0902.md
[2025-12-04 07:12:21] ⚠️ Placeholder detected: /home/rafa1215/consensus-project/memory/logs/system/agent_summaries/top10_optimization_2025-12-01_0902.md
[2025-12-04 07:12:21] ⚠️ Placeholder detected: /home/rafa1215/consensus-project/memory/logs/system/agent_summaries/top10_optimization_2025-11-30_0902.md
[2025-12-04 07:12:22] ⚠️ Placeholder detected: /home/rafa1215/consensus-project/memory/logs/system/agent_summaries/top10_suggestions_2025-11-30_0902.md
[2025-12-04 07:12:22] ⚠️ Placeholder detected: /home/rafa1215/consensus-project/memory/logs/system/agent_summaries/top10_optimization_2025-11-29_0902.md
[2025-12-04 07:12:22] ⚠️ Placeholder detected: /home/rafa1215/consensus-project/memory/logs/system/agent_summaries/top10_brainstorm_2025-12-01_0902.md
[2025-12-04 07:12:22] ⚠️ Placeholder detected: /home/rafa1215/consensus-project/memory/logs/system/agent_summaries/top10_optimization_2025-12-04_0902.md
[2025-12-04 07:12:22] ⚠️ Placeholder detected: /home/rafa1215/consensus-project/memory/logs/system/agent_summaries/top10_suggestions_2025-11-29_0902.md
[2025-12-04 07:12:22] ♻️  Placeholder or missing Top-10 detected — regenerating...
[2025-12-04 07:12:23] ⚠️ Placeholder detected: /home/rafa1215/consensus-project/memory/logs/system/agent_summaries/top10_suggestions_2025-12-01_0902.md
[2025-12-04 07:12:23] ⚠️ Placeholder detected: /home/rafa1215/consensus-project/memory/logs/system/agent_summaries/top10_brainstorm_2025-11-30_0902.md
[2025-12-04 07:12:23] ⚠️ Placeholder detected: /home/rafa1215/consensus-project/memory/logs/system/agent_summaries/top10_brainstorm_2025-11-29_0902.md
[2025-12-04 07:12:23] ⚠️ Placeholder detected: /home/rafa1215/consensus-project/memory/logs/system/agent_summaries/top10_optimization_2025-12-01_0902.md
[2025-12-04 07:12:23] ⚠️ Placeholder detected: /home/rafa1215/consensus-project/memory/logs/system/agent_summaries/top10_optimization_2025-11-30_0902.md
[2025-12-04 07:12:23] ⚠️ Placeholder detected: /home/rafa1215/consensus-project/memory/logs/system/agent_summaries/top10_suggestions_2025-11-30_0902.md
[2025-12-04 07:12:23] ⚠️ Placeholder detected: /home/rafa1215/consensus-project/memory/logs/system/agent_summaries/top10_optimization_2025-11-29_0902.md
[2025-12-04 07:12:23] ⚠️ Placeholder detected: /home/rafa1215/consensus-project/memory/logs/system/agent_summaries/top10_brainstorm_2025-12-01_0902.md
[2025-12-04 07:12:23] ⚠️ Placeholder detected: /home/rafa1215/consensus-project/memory/logs/system/agent_summaries/top10_suggestions_2025-11-29_0902.md
[2025-12-04 07:12:23] ♻️  Placeholder or missing Top-10 detected — regenerating...
[2025-12-05 07:06:19] ⚠️  Missing or outdated daily summaries detected — regenerating.
[2025-12-05 07:06:19] ✅ Generated summaries for 2025-12-02
[2025-12-05 07:06:19] ✅ Generated summaries for 2025-12-03
[2025-12-05 07:06:19] ✅ Generated summaries for 2025-12-04
[2025-12-05 07:06:19] ✅ Generated summaries for 2025-12-05
[2025-12-05 07:06:19] ✅ Summary generation complete (4 day(s))
[2025-12-05 07:06:19] ⚠️  Missing or outdated daily summaries detected — regenerating.
[2025-12-05 07:06:20] ✅ Generated summaries for 2025-12-02
[2025-12-05 07:06:20] ✅ Generated summaries for 2025-12-03
[2025-12-05 07:06:20] ✅ Generated summaries for 2025-12-04
[2025-12-05 07:06:20] ✅ Generated summaries for 2025-12-05
[2025-12-05 07:06:20] ✅ Summary generation complete (4 day(s))
[2025-12-05 07:07:44] 🔍 Running system file auditor...
[2025-12-05 07:07:49] 🔍 Running system file auditor...
[2025-12-05 07:08:47] 🚀 Auto-Repair Suite started.
[2025-12-05 07:08:47] ⚠️ Placeholder detected: /home/rafa1215/consensus-project/memory/logs/system/agent_summaries/top10_suggestions_2025-12-02_0902.md
[2025-12-05 07:08:47] ⚠️ Placeholder detected: /home/rafa1215/consensus-project/memory/logs/system/agent_summaries/top10_optimization_2025-12-02_0902.md
[2025-12-05 07:08:47] ⚠️ Placeholder detected: /home/rafa1215/consensus-project/memory/logs/system/agent_summaries/top10_suggestions_2025-12-04_0902.md
[2025-12-05 07:08:47] ⚠️ Placeholder detected: /home/rafa1215/consensus-project/memory/logs/system/agent_summaries/top10_suggestions_2025-12-01_0902.md
[2025-12-05 07:08:47] ⚠️ Placeholder detected: /home/rafa1215/consensus-project/memory/logs/system/agent_summaries/top10_suggestions_2025-12-03_0902.md
[2025-12-05 07:08:47] ⚠️ Placeholder detected: /home/rafa1215/consensus-project/memory/logs/system/agent_summaries/top10_optimization_2025-12-03_0902.md
[2025-12-05 07:08:47] ⚠️ Placeholder detected: /home/rafa1215/consensus-project/memory/logs/system/agent_summaries/top10_brainstorm_2025-11-30_0902.md
[2025-12-05 07:08:47] ⚠️ Placeholder detected: /home/rafa1215/consensus-project/memory/logs/system/agent_summaries/top10_brainstorm_2025-12-04_0902.md
[2025-12-05 07:08:47] ⚠️ Placeholder detected: /home/rafa1215/consensus-project/memory/logs/system/agent_summaries/top10_brainstorm_2025-12-02_0902.md
[2025-12-05 07:08:47] ⚠️ Placeholder detected: /home/rafa1215/consensus-project/memory/logs/system/agent_summaries/top10_brainstorm_2025-11-29_0902.md
[2025-12-05 07:08:47] ⚠️ Placeholder detected: /home/rafa1215/consensus-project/memory/logs/system/agent_summaries/top10_optimization_2025-12-05_0902.md
[2025-12-05 07:08:47] ⚠️ Placeholder detected: /home/rafa1215/consensus-project/memory/logs/system/agent_summaries/top10_optimization_2025-12-01_0902.md
[2025-12-05 07:08:47] ⚠️ Placeholder detected: /home/rafa1215/consensus-project/memory/logs/system/agent_summaries/top10_optimization_2025-11-30_0902.md
[2025-12-05 07:08:47] ⚠️ Placeholder detected: /home/rafa1215/consensus-project/memory/logs/system/agent_summaries/top10_suggestions_2025-11-30_0902.md
[2025-12-05 07:08:47] ⚠️ Placeholder detected: /home/rafa1215/consensus-project/memory/logs/system/agent_summaries/top10_optimization_2025-11-29_0902.md
[2025-12-05 07:08:47] ⚠️ Placeholder detected: /home/rafa1215/consensus-project/memory/logs/system/agent_summaries/top10_brainstorm_2025-12-01_0902.md
[2025-12-05 07:08:47] ⚠️ Placeholder detected: /home/rafa1215/consensus-project/memory/logs/system/agent_summaries/top10_brainstorm_2025-12-03_0902.md
[2025-12-05 07:08:47] ⚠️ Placeholder detected: /home/rafa1215/consensus-project/memory/logs/system/agent_summaries/top10_brainstorm_2025-12-05_0902.md
[2025-12-05 07:08:47] ⚠️ Placeholder detected: /home/rafa1215/consensus-project/memory/logs/system/agent_summaries/top10_suggestions_2025-12-05_0902.md
[2025-12-05 07:08:47] ⚠️ Placeholder detected: /home/rafa1215/consensus-project/memory/logs/system/agent_summaries/top10_optimization_2025-12-04_0902.md
[2025-12-05 07:08:47] ⚠️ Placeholder detected: /home/rafa1215/consensus-project/memory/logs/system/agent_summaries/top10_suggestions_2025-11-29_0902.md
[2025-12-05 07:08:47] ♻️  Placeholder or missing Top-10 detected — regenerating...
[2025-12-05 07:08:49] ⚠️  Missing or outdated daily summaries detected — regenerating.
[2025-12-05 07:08:49] ✅ Generated summaries for 2025-12-02
[2025-12-05 07:08:49] ✅ Generated summaries for 2025-12-03
[2025-12-05 07:08:49] ✅ Generated summaries for 2025-12-04
[2025-12-05 07:08:49] ✅ Generated summaries for 2025-12-05
[2025-12-05 07:08:49] ✅ Summary generation complete (4 day(s))
[2025-12-05 07:08:49] ✅ Updated Top-10 digest index.
[2025-12-05 07:08:49] 📦 Archived 5 Top-10 files older than 7 days.
[2025-12-05 07:08:49] ✅ Auto-Repair Suite completed successfully.
[2025-12-05 07:08:50] 🚀 Auto-Repair Suite started.
[2025-12-05 07:08:50] ⚠️ Placeholder detected: /home/rafa1215/consensus-project/memory/logs/system/agent_summaries/top10_suggestions_2025-12-02_0902.md
[2025-12-05 07:08:50] ⚠️ Placeholder detected: /home/rafa1215/consensus-project/memory/logs/system/agent_summaries/top10_optimization_2025-12-02_0902.md
[2025-12-05 07:08:50] ⚠️ Placeholder detected: /home/rafa1215/consensus-project/memory/logs/system/agent_summaries/top10_suggestions_2025-12-04_0902.md
[2025-12-05 07:08:50] ⚠️ Placeholder detected: /home/rafa1215/consensus-project/memory/logs/system/agent_summaries/top10_suggestions_2025-12-01_0902.md
[2025-12-05 07:08:50] ⚠️ Placeholder detected: /home/rafa1215/consensus-project/memory/logs/system/agent_summaries/top10_suggestions_2025-12-03_0902.md
[2025-12-05 07:08:50] ⚠️ Placeholder detected: /home/rafa1215/consensus-project/memory/logs/system/agent_summaries/top10_optimization_2025-12-03_0902.md
[2025-12-05 07:08:50] ⚠️ Placeholder detected: /home/rafa1215/consensus-project/memory/logs/system/agent_summaries/top10_brainstorm_2025-11-30_0902.md
[2025-12-05 07:08:50] ⚠️ Placeholder detected: /home/rafa1215/consensus-project/memory/logs/system/agent_summaries/top10_brainstorm_2025-12-04_0902.md
[2025-12-05 07:08:50] ⚠️ Placeholder detected: /home/rafa1215/consensus-project/memory/logs/system/agent_summaries/top10_brainstorm_2025-12-02_0902.md
[2025-12-05 07:08:50] ⚠️ Placeholder detected: /home/rafa1215/consensus-project/memory/logs/system/agent_summaries/top10_brainstorm_2025-11-29_0902.md
[2025-12-05 07:08:50] ⚠️ Placeholder detected: /home/rafa1215/consensus-project/memory/logs/system/agent_summaries/top10_optimization_2025-12-05_0902.md
[2025-12-05 07:08:50] ⚠️ Placeholder detected: /home/rafa1215/consensus-project/memory/logs/system/agent_summaries/top10_optimization_2025-12-01_0902.md
[2025-12-05 07:08:50] ⚠️ Placeholder detected: /home/rafa1215/consensus-project/memory/logs/system/agent_summaries/top10_optimization_2025-11-30_0902.md
[2025-12-05 07:08:50] ⚠️ Placeholder detected: /home/rafa1215/consensus-project/memory/logs/system/agent_summaries/top10_suggestions_2025-11-30_0902.md
[2025-12-05 07:08:50] ⚠️ Placeholder detected: /home/rafa1215/consensus-project/memory/logs/system/agent_summaries/top10_optimization_2025-11-29_0902.md
[2025-12-05 07:08:50] ⚠️ Placeholder detected: /home/rafa1215/consensus-project/memory/logs/system/agent_summaries/top10_brainstorm_2025-12-01_0902.md
[2025-12-05 07:08:50] ⚠️ Placeholder detected: /home/rafa1215/consensus-project/memory/logs/system/agent_summaries/top10_brainstorm_2025-12-03_0902.md
[2025-12-05 07:08:50] ⚠️ Placeholder detected: /home/rafa1215/consensus-project/memory/logs/system/agent_summaries/top10_brainstorm_2025-12-05_0902.md
[2025-12-05 07:08:50] ⚠️ Placeholder detected: /home/rafa1215/consensus-project/memory/logs/system/agent_summaries/top10_suggestions_2025-12-05_0902.md
[2025-12-05 07:08:50] ⚠️ Placeholder detected: /home/rafa1215/consensus-project/memory/logs/system/agent_summaries/top10_optimization_2025-12-04_0902.md
[2025-12-05 07:08:50] ⚠️ Placeholder detected: /home/rafa1215/consensus-project/memory/logs/system/agent_summaries/top10_suggestions_2025-11-29_0902.md
[2025-12-05 07:08:50] ♻️  Placeholder or missing Top-10 detected — regenerating...
[2025-12-05 07:08:52] ⚠️  Missing or outdated daily summaries detected — regenerating.
[2025-12-05 07:08:52] ✅ Generated summaries for 2025-12-02
[2025-12-05 07:08:52] ✅ Generated summaries for 2025-12-03
[2025-12-05 07:08:52] ✅ Generated summaries for 2025-12-04
[2025-12-05 07:08:52] ✅ Generated summaries for 2025-12-05
[2025-12-05 07:08:52] ✅ Summary generation complete (4 day(s))
[2025-12-05 07:08:52] ✅ Updated Top-10 digest index.
[2025-12-05 07:08:52] 📦 Archived 0 Top-10 files older than 7 days.
[2025-12-05 07:08:52] ✅ Auto-Repair Suite completed successfully.
[2025-12-05 07:10:30] ✅ Generated summaries for 2025-12-05
[2025-12-05 07:10:30] ✅ Summary generation complete (1 day(s))
[2025-12-05 07:10:30] ✅ Generated summaries for 2025-12-05
[2025-12-05 07:10:30] ✅ Summary generation complete (1 day(s))
[2025-12-05 07:12:37] ⚠️ Placeholder detected: /home/rafa1215/consensus-project/memory/logs/system/agent_summaries/top10_suggestions_2025-12-02_0902.md
[2025-12-05 07:12:37] ⚠️ Placeholder detected: /home/rafa1215/consensus-project/memory/logs/system/agent_summaries/top10_optimization_2025-12-02_0902.md
[2025-12-05 07:12:37] ⚠️ Placeholder detected: /home/rafa1215/consensus-project/memory/logs/system/agent_summaries/top10_suggestions_2025-12-01_0902.md
[2025-12-05 07:12:37] ⚠️ Placeholder detected: /home/rafa1215/consensus-project/memory/logs/system/agent_summaries/top10_brainstorm_2025-11-30_0902.md
[2025-12-05 07:12:37] ⚠️ Placeholder detected: /home/rafa1215/consensus-project/memory/logs/system/agent_summaries/top10_brainstorm_2025-12-02_0902.md
[2025-12-05 07:12:37] ⚠️ Placeholder detected: /home/rafa1215/consensus-project/memory/logs/system/agent_summaries/top10_brainstorm_2025-11-29_0902.md
[2025-12-05 07:12:37] ⚠️ Placeholder detected: /home/rafa1215/consensus-project/memory/logs/system/agent_summaries/top10_optimization_2025-12-05_0902.md
[2025-12-05 07:12:37] ⚠️ Placeholder detected: /home/rafa1215/consensus-project/memory/logs/system/agent_summaries/top10_optimization_2025-12-01_0902.md
[2025-12-05 07:12:37] ⚠️ Placeholder detected: /home/rafa1215/consensus-project/memory/logs/system/agent_summaries/top10_optimization_2025-11-30_0902.md
[2025-12-05 07:12:37] ⚠️ Placeholder detected: /home/rafa1215/consensus-project/memory/logs/system/agent_summaries/top10_suggestions_2025-11-30_0902.md
[2025-12-05 07:12:37] ⚠️ Placeholder detected: /home/rafa1215/consensus-project/memory/logs/system/agent_summaries/top10_optimization_2025-11-29_0902.md
[2025-12-05 07:12:37] ⚠️ Placeholder detected: /home/rafa1215/consensus-project/memory/logs/system/agent_summaries/top10_brainstorm_2025-12-01_0902.md
[2025-12-05 07:12:37] ⚠️ Placeholder detected: /home/rafa1215/consensus-project/memory/logs/system/agent_summaries/top10_brainstorm_2025-12-05_0902.md
[2025-12-05 07:12:37] ⚠️ Placeholder detected: /home/rafa1215/consensus-project/memory/logs/system/agent_summaries/top10_suggestions_2025-12-05_0902.md
[2025-12-05 07:12:37] ⚠️ Placeholder detected: /home/rafa1215/consensus-project/memory/logs/system/agent_summaries/top10_suggestions_2025-11-29_0902.md
[2025-12-05 07:12:37] ♻️  Placeholder or missing Top-10 detected — regenerating...
[2025-12-05 07:12:38] ⚠️ Placeholder detected: /home/rafa1215/consensus-project/memory/logs/system/agent_summaries/top10_suggestions_2025-12-02_0902.md
[2025-12-05 07:12:38] ⚠️ Placeholder detected: /home/rafa1215/consensus-project/memory/logs/system/agent_summaries/top10_optimization_2025-12-02_0902.md
[2025-12-05 07:12:39] ⚠️ Placeholder detected: /home/rafa1215/consensus-project/memory/logs/system/agent_summaries/top10_suggestions_2025-12-01_0902.md
[2025-12-05 07:12:39] ⚠️ Placeholder detected: /home/rafa1215/consensus-project/memory/logs/system/agent_summaries/top10_brainstorm_2025-11-30_0902.md
[2025-12-05 07:12:39] ⚠️ Placeholder detected: /home/rafa1215/consensus-project/memory/logs/system/agent_summaries/top10_brainstorm_2025-12-02_0902.md
[2025-12-05 07:12:39] ⚠️ Placeholder detected: /home/rafa1215/consensus-project/memory/logs/system/agent_summaries/top10_brainstorm_2025-11-29_0902.md
[2025-12-05 07:12:39] ⚠️ Placeholder detected: /home/rafa1215/consensus-project/memory/logs/system/agent_summaries/top10_optimization_2025-12-01_0902.md
[2025-12-05 07:12:39] ⚠️ Placeholder detected: /home/rafa1215/consensus-project/memory/logs/system/agent_summaries/top10_optimization_2025-11-30_0902.md
[2025-12-05 07:12:39] ⚠️ Placeholder detected: /home/rafa1215/consensus-project/memory/logs/system/agent_summaries/top10_suggestions_2025-11-30_0902.md
[2025-12-05 07:12:39] ⚠️ Placeholder detected: /home/rafa1215/consensus-project/memory/logs/system/agent_summaries/top10_optimization_2025-11-29_0902.md
[2025-12-05 07:12:39] ⚠️ Placeholder detected: /home/rafa1215/consensus-project/memory/logs/system/agent_summaries/top10_brainstorm_2025-12-01_0902.md
[2025-12-05 07:12:39] ⚠️ Placeholder detected: /home/rafa1215/consensus-project/memory/logs/system/agent_summaries/top10_suggestions_2025-11-29_0902.md
[2025-12-05 07:12:39] ♻️  Placeholder or missing Top-10 detected — regenerating...
[2025-12-06 07:06:16] ⚠️  Missing or outdated daily summaries detected — regenerating.
[2025-12-06 07:06:17] ✅ Generated summaries for 2025-12-03
[2025-12-06 07:06:17] ✅ Generated summaries for 2025-12-04
[2025-12-06 07:06:17] ✅ Generated summaries for 2025-12-05
[2025-12-06 07:06:17] ✅ Generated summaries for 2025-12-06
[2025-12-06 07:06:17] ✅ Summary generation complete (4 day(s))
[2025-12-06 07:06:17] ⚠️  Missing or outdated daily summaries detected — regenerating.
[2025-12-06 07:06:17] ✅ Generated summaries for 2025-12-03
[2025-12-06 07:06:17] ✅ Generated summaries for 2025-12-04
[2025-12-06 07:06:17] ✅ Generated summaries for 2025-12-05
[2025-12-06 07:06:17] ✅ Generated summaries for 2025-12-06
[2025-12-06 07:06:17] ✅ Summary generation complete (4 day(s))
[2025-12-06 07:07:42] 🔍 Running system file auditor...
[2025-12-06 07:07:47] 🔍 Running system file auditor...
[2025-12-06 07:08:46] 🚀 Auto-Repair Suite started.
[2025-12-06 07:08:46] ⚠️ Placeholder detected: /home/rafa1215/consensus-project/memory/logs/system/agent_summaries/top10_suggestions_2025-12-02_0902.md
[2025-12-06 07:08:46] ⚠️ Placeholder detected: /home/rafa1215/consensus-project/memory/logs/system/agent_summaries/top10_optimization_2025-12-02_0902.md
[2025-12-06 07:08:46] ⚠️ Placeholder detected: /home/rafa1215/consensus-project/memory/logs/system/agent_summaries/top10_suggestions_2025-12-04_0902.md
[2025-12-06 07:08:46] ⚠️ Placeholder detected: /home/rafa1215/consensus-project/memory/logs/system/agent_summaries/top10_suggestions_2025-12-01_0902.md
[2025-12-06 07:08:46] ⚠️ Placeholder detected: /home/rafa1215/consensus-project/memory/logs/system/agent_summaries/top10_suggestions_2025-12-03_0902.md
[2025-12-06 07:08:46] ⚠️ Placeholder detected: /home/rafa1215/consensus-project/memory/logs/system/agent_summaries/top10_optimization_2025-12-03_0902.md
[2025-12-06 07:08:46] ⚠️ Placeholder detected: /home/rafa1215/consensus-project/memory/logs/system/agent_summaries/top10_brainstorm_2025-11-30_0902.md
[2025-12-06 07:08:46] ⚠️ Placeholder detected: /home/rafa1215/consensus-project/memory/logs/system/agent_summaries/top10_brainstorm_2025-12-04_0902.md
[2025-12-06 07:08:46] ⚠️ Placeholder detected: /home/rafa1215/consensus-project/memory/logs/system/agent_summaries/top10_brainstorm_2025-12-02_0902.md
[2025-12-06 07:08:46] ⚠️ Placeholder detected: /home/rafa1215/consensus-project/memory/logs/system/agent_summaries/top10_brainstorm_2025-12-06_0902.md
[2025-12-06 07:08:46] ⚠️ Placeholder detected: /home/rafa1215/consensus-project/memory/logs/system/agent_summaries/top10_brainstorm_2025-11-29_0902.md
[2025-12-06 07:08:46] ⚠️ Placeholder detected: /home/rafa1215/consensus-project/memory/logs/system/agent_summaries/top10_suggestions_2025-12-06_0902.md
[2025-12-06 07:08:46] ⚠️ Placeholder detected: /home/rafa1215/consensus-project/memory/logs/system/agent_summaries/top10_optimization_2025-12-05_0902.md
[2025-12-06 07:08:46] ⚠️ Placeholder detected: /home/rafa1215/consensus-project/memory/logs/system/agent_summaries/top10_optimization_2025-12-01_0902.md
[2025-12-06 07:08:46] ⚠️ Placeholder detected: /home/rafa1215/consensus-project/memory/logs/system/agent_summaries/top10_optimization_2025-11-30_0902.md
[2025-12-06 07:08:46] ⚠️ Placeholder detected: /home/rafa1215/consensus-project/memory/logs/system/agent_summaries/top10_suggestions_2025-11-30_0902.md
[2025-12-06 07:08:46] ⚠️ Placeholder detected: /home/rafa1215/consensus-project/memory/logs/system/agent_summaries/top10_optimization_2025-11-29_0902.md
[2025-12-06 07:08:46] ⚠️ Placeholder detected: /home/rafa1215/consensus-project/memory/logs/system/agent_summaries/top10_brainstorm_2025-12-01_0902.md
[2025-12-06 07:08:46] ⚠️ Placeholder detected: /home/rafa1215/consensus-project/memory/logs/system/agent_summaries/top10_brainstorm_2025-12-03_0902.md
[2025-12-06 07:08:46] ⚠️ Placeholder detected: /home/rafa1215/consensus-project/memory/logs/system/agent_summaries/top10_brainstorm_2025-12-05_0902.md
[2025-12-06 07:08:46] ⚠️ Placeholder detected: /home/rafa1215/consensus-project/memory/logs/system/agent_summaries/top10_suggestions_2025-12-05_0902.md
[2025-12-06 07:08:46] ⚠️ Placeholder detected: /home/rafa1215/consensus-project/memory/logs/system/agent_summaries/top10_optimization_2025-12-04_0902.md
[2025-12-06 07:08:46] ⚠️ Placeholder detected: /home/rafa1215/consensus-project/memory/logs/system/agent_summaries/top10_optimization_2025-12-06_0902.md
[2025-12-06 07:08:46] ⚠️ Placeholder detected: /home/rafa1215/consensus-project/memory/logs/system/agent_summaries/top10_suggestions_2025-11-29_0902.md
[2025-12-06 07:08:46] ♻️  Placeholder or missing Top-10 detected — regenerating...
[2025-12-06 07:08:48] ⚠️  Missing or outdated daily summaries detected — regenerating.
[2025-12-06 07:08:48] ✅ Generated summaries for 2025-12-03
[2025-12-06 07:08:48] ✅ Generated summaries for 2025-12-04
[2025-12-06 07:08:48] ✅ Generated summaries for 2025-12-05
[2025-12-06 07:08:48] ✅ Generated summaries for 2025-12-06
[2025-12-06 07:08:48] ✅ Summary generation complete (4 day(s))
[2025-12-06 07:08:48] ✅ Updated Top-10 digest index.
[2025-12-06 07:08:48] 📦 Archived 5 Top-10 files older than 7 days.
[2025-12-06 07:08:48] ✅ Auto-Repair Suite completed successfully.
[2025-12-06 07:08:48] 🚀 Auto-Repair Suite started.
[2025-12-06 07:08:48] ⚠️ Placeholder detected: /home/rafa1215/consensus-project/memory/logs/system/agent_summaries/top10_suggestions_2025-12-02_0902.md
[2025-12-06 07:08:48] ⚠️ Placeholder detected: /home/rafa1215/consensus-project/memory/logs/system/agent_summaries/top10_optimization_2025-12-02_0902.md
[2025-12-06 07:08:48] ⚠️ Placeholder detected: /home/rafa1215/consensus-project/memory/logs/system/agent_summaries/top10_suggestions_2025-12-04_0902.md
[2025-12-06 07:08:48] ⚠️ Placeholder detected: /home/rafa1215/consensus-project/memory/logs/system/agent_summaries/top10_suggestions_2025-12-01_0902.md
[2025-12-06 07:08:48] ⚠️ Placeholder detected: /home/rafa1215/consensus-project/memory/logs/system/agent_summaries/top10_suggestions_2025-12-03_0902.md
[2025-12-06 07:08:48] ⚠️ Placeholder detected: /home/rafa1215/consensus-project/memory/logs/system/agent_summaries/top10_optimization_2025-12-03_0902.md
[2025-12-06 07:08:48] ⚠️ Placeholder detected: /home/rafa1215/consensus-project/memory/logs/system/agent_summaries/top10_brainstorm_2025-11-30_0902.md
[2025-12-06 07:08:48] ⚠️ Placeholder detected: /home/rafa1215/consensus-project/memory/logs/system/agent_summaries/top10_brainstorm_2025-12-04_0902.md
[2025-12-06 07:08:48] ⚠️ Placeholder detected: /home/rafa1215/consensus-project/memory/logs/system/agent_summaries/top10_brainstorm_2025-12-02_0902.md
[2025-12-06 07:08:48] ⚠️ Placeholder detected: /home/rafa1215/consensus-project/memory/logs/system/agent_summaries/top10_brainstorm_2025-12-06_0902.md
[2025-12-06 07:08:48] ⚠️ Placeholder detected: /home/rafa1215/consensus-project/memory/logs/system/agent_summaries/top10_brainstorm_2025-11-29_0902.md
[2025-12-06 07:08:48] ⚠️ Placeholder detected: /home/rafa1215/consensus-project/memory/logs/system/agent_summaries/top10_suggestions_2025-12-06_0902.md
[2025-12-06 07:08:48] ⚠️ Placeholder detected: /home/rafa1215/consensus-project/memory/logs/system/agent_summaries/top10_optimization_2025-12-05_0902.md
[2025-12-06 07:08:48] ⚠️ Placeholder detected: /home/rafa1215/consensus-project/memory/logs/system/agent_summaries/top10_optimization_2025-12-01_0902.md
[2025-12-06 07:08:48] ⚠️ Placeholder detected: /home/rafa1215/consensus-project/memory/logs/system/agent_summaries/top10_optimization_2025-11-30_0902.md
[2025-12-06 07:08:48] ⚠️ Placeholder detected: /home/rafa1215/consensus-project/memory/logs/system/agent_summaries/top10_suggestions_2025-11-30_0902.md
[2025-12-06 07:08:48] ⚠️ Placeholder detected: /home/rafa1215/consensus-project/memory/logs/system/agent_summaries/top10_optimization_2025-11-29_0902.md
[2025-12-06 07:08:48] ⚠️ Placeholder detected: /home/rafa1215/consensus-project/memory/logs/system/agent_summaries/top10_brainstorm_2025-12-01_0902.md
[2025-12-06 07:08:48] ⚠️ Placeholder detected: /home/rafa1215/consensus-project/memory/logs/system/agent_summaries/top10_brainstorm_2025-12-03_0902.md
[2025-12-06 07:08:48] ⚠️ Placeholder detected: /home/rafa1215/consensus-project/memory/logs/system/agent_summaries/top10_brainstorm_2025-12-05_0902.md
[2025-12-06 07:08:48] ⚠️ Placeholder detected: /home/rafa1215/consensus-project/memory/logs/system/agent_summaries/top10_suggestions_2025-12-05_0902.md
[2025-12-06 07:08:48] ⚠️ Placeholder detected: /home/rafa1215/consensus-project/memory/logs/system/agent_summaries/top10_optimization_2025-12-04_0902.md
[2025-12-06 07:08:48] ⚠️ Placeholder detected: /home/rafa1215/consensus-project/memory/logs/system/agent_summaries/top10_optimization_2025-12-06_0902.md
[2025-12-06 07:08:48] ⚠️ Placeholder detected: /home/rafa1215/consensus-project/memory/logs/system/agent_summaries/top10_suggestions_2025-11-29_0902.md
[2025-12-06 07:08:48] ♻️  Placeholder or missing Top-10 detected — regenerating...
[2025-12-06 07:08:50] ⚠️  Missing or outdated daily summaries detected — regenerating.
[2025-12-06 07:08:50] ✅ Generated summaries for 2025-12-03
[2025-12-06 07:08:50] ✅ Generated summaries for 2025-12-04
[2025-12-06 07:08:50] ✅ Generated summaries for 2025-12-05
[2025-12-06 07:08:50] ✅ Generated summaries for 2025-12-06
[2025-12-06 07:08:50] ✅ Summary generation complete (4 day(s))
[2025-12-06 07:08:50] ✅ Updated Top-10 digest index.
[2025-12-06 07:08:50] 📦 Archived 0 Top-10 files older than 7 days.
[2025-12-06 07:08:50] ✅ Auto-Repair Suite completed successfully.
[2025-12-06 07:10:27] ✅ Generated summaries for 2025-12-06
[2025-12-06 07:10:27] ✅ Summary generation complete (1 day(s))
[2025-12-06 07:10:27] ✅ Generated summaries for 2025-12-06
[2025-12-06 07:10:27] ✅ Summary generation complete (1 day(s))
[2025-12-06 07:12:33] ⚠️ Placeholder detected: /home/rafa1215/consensus-project/memory/logs/system/agent_summaries/top10_suggestions_2025-12-02_0902.md
[2025-12-06 07:12:33] ⚠️ Placeholder detected: /home/rafa1215/consensus-project/memory/logs/system/agent_summaries/top10_optimization_2025-12-02_0902.md
[2025-12-06 07:12:33] ⚠️ Placeholder detected: /home/rafa1215/consensus-project/memory/logs/system/agent_summaries/top10_suggestions_2025-12-01_0902.md
[2025-12-06 07:12:33] ⚠️ Placeholder detected: /home/rafa1215/consensus-project/memory/logs/system/agent_summaries/top10_suggestions_2025-12-03_0902.md
[2025-12-06 07:12:33] ⚠️ Placeholder detected: /home/rafa1215/consensus-project/memory/logs/system/agent_summaries/top10_optimization_2025-12-03_0902.md
[2025-12-06 07:12:33] ⚠️ Placeholder detected: /home/rafa1215/consensus-project/memory/logs/system/agent_summaries/top10_brainstorm_2025-11-30_0902.md
[2025-12-06 07:12:33] ⚠️ Placeholder detected: /home/rafa1215/consensus-project/memory/logs/system/agent_summaries/top10_brainstorm_2025-12-02_0902.md
[2025-12-06 07:12:33] ⚠️ Placeholder detected: /home/rafa1215/consensus-project/memory/logs/system/agent_summaries/top10_brainstorm_2025-12-06_0902.md
[2025-12-06 07:12:33] ⚠️ Placeholder detected: /home/rafa1215/consensus-project/memory/logs/system/agent_summaries/top10_brainstorm_2025-11-29_0902.md
[2025-12-06 07:12:33] ⚠️ Placeholder detected: /home/rafa1215/consensus-project/memory/logs/system/agent_summaries/top10_suggestions_2025-12-06_0902.md
[2025-12-06 07:12:33] ⚠️ Placeholder detected: /home/rafa1215/consensus-project/memory/logs/system/agent_summaries/top10_optimization_2025-12-01_0902.md
[2025-12-06 07:12:33] ⚠️ Placeholder detected: /home/rafa1215/consensus-project/memory/logs/system/agent_summaries/top10_optimization_2025-11-30_0902.md
[2025-12-06 07:12:33] ⚠️ Placeholder detected: /home/rafa1215/consensus-project/memory/logs/system/agent_summaries/top10_suggestions_2025-11-30_0902.md
[2025-12-06 07:12:33] ⚠️ Placeholder detected: /home/rafa1215/consensus-project/memory/logs/system/agent_summaries/top10_optimization_2025-11-29_0902.md
[2025-12-06 07:12:33] ⚠️ Placeholder detected: /home/rafa1215/consensus-project/memory/logs/system/agent_summaries/top10_brainstorm_2025-12-01_0902.md
[2025-12-06 07:12:33] ⚠️ Placeholder detected: /home/rafa1215/consensus-project/memory/logs/system/agent_summaries/top10_brainstorm_2025-12-03_0902.md
[2025-12-06 07:12:33] ⚠️ Placeholder detected: /home/rafa1215/consensus-project/memory/logs/system/agent_summaries/top10_optimization_2025-12-06_0902.md
[2025-12-06 07:12:33] ⚠️ Placeholder detected: /home/rafa1215/consensus-project/memory/logs/system/agent_summaries/top10_suggestions_2025-11-29_0902.md
[2025-12-06 07:12:33] ♻️  Placeholder or missing Top-10 detected — regenerating...
[2025-12-06 07:12:35] ⚠️ Placeholder detected: /home/rafa1215/consensus-project/memory/logs/system/agent_summaries/top10_suggestions_2025-12-02_0902.md
[2025-12-06 07:12:35] ⚠️ Placeholder detected: /home/rafa1215/consensus-project/memory/logs/system/agent_summaries/top10_optimization_2025-12-02_0902.md
[2025-12-06 07:12:35] ⚠️ Placeholder detected: /home/rafa1215/consensus-project/memory/logs/system/agent_summaries/top10_suggestions_2025-12-01_0902.md
[2025-12-06 07:12:35] ⚠️ Placeholder detected: /home/rafa1215/consensus-project/memory/logs/system/agent_summaries/top10_suggestions_2025-12-03_0902.md
[2025-12-06 07:12:35] ⚠️ Placeholder detected: /home/rafa1215/consensus-project/memory/logs/system/agent_summaries/top10_optimization_2025-12-03_0902.md
[2025-12-06 07:12:35] ⚠️ Placeholder detected: /home/rafa1215/consensus-project/memory/logs/system/agent_summaries/top10_brainstorm_2025-11-30_0902.md
[2025-12-06 07:12:35] ⚠️ Placeholder detected: /home/rafa1215/consensus-project/memory/logs/system/agent_summaries/top10_brainstorm_2025-12-02_0902.md
[2025-12-06 07:12:35] ⚠️ Placeholder detected: /home/rafa1215/consensus-project/memory/logs/system/agent_summaries/top10_brainstorm_2025-11-29_0902.md
[2025-12-06 07:12:35] ⚠️ Placeholder detected: /home/rafa1215/consensus-project/memory/logs/system/agent_summaries/top10_optimization_2025-12-01_0902.md
[2025-12-06 07:12:35] ⚠️ Placeholder detected: /home/rafa1215/consensus-project/memory/logs/system/agent_summaries/top10_optimization_2025-11-30_0902.md
[2025-12-06 07:12:35] ⚠️ Placeholder detected: /home/rafa1215/consensus-project/memory/logs/system/agent_summaries/top10_suggestions_2025-11-30_0902.md
[2025-12-06 07:12:35] ⚠️ Placeholder detected: /home/rafa1215/consensus-project/memory/logs/system/agent_summaries/top10_optimization_2025-11-29_0902.md
[2025-12-06 07:12:35] ⚠️ Placeholder detected: /home/rafa1215/consensus-project/memory/logs/system/agent_summaries/top10_brainstorm_2025-12-01_0902.md
[2025-12-06 07:12:35] ⚠️ Placeholder detected: /home/rafa1215/consensus-project/memory/logs/system/agent_summaries/top10_brainstorm_2025-12-03_0902.md
[2025-12-06 07:12:35] ⚠️ Placeholder detected: /home/rafa1215/consensus-project/memory/logs/system/agent_summaries/top10_suggestions_2025-11-29_0902.md
[2025-12-06 07:12:35] ♻️  Placeholder or missing Top-10 detected — regenerating...
[2025-12-07 07:06:17] ⚠️  Missing or outdated daily summaries detected — regenerating.
[2025-12-07 07:06:17] ✅ Generated summaries for 2025-12-04
[2025-12-07 07:06:17] ✅ Generated summaries for 2025-12-05
[2025-12-07 07:06:17] ✅ Generated summaries for 2025-12-06
[2025-12-07 07:06:17] ✅ Generated summaries for 2025-12-07
[2025-12-07 07:06:17] ✅ Summary generation complete (4 day(s))
[2025-12-07 07:06:18] ⚠️  Missing or outdated daily summaries detected — regenerating.
[2025-12-07 07:06:18] ✅ Generated summaries for 2025-12-04
[2025-12-07 07:06:18] ✅ Generated summaries for 2025-12-05
[2025-12-07 07:06:18] ✅ Generated summaries for 2025-12-06
[2025-12-07 07:06:18] ✅ Generated summaries for 2025-12-07
[2025-12-07 07:06:18] ✅ Summary generation complete (4 day(s))
[2025-12-07 07:07:52] 🔍 Running system file auditor...
[2025-12-07 07:07:57] 🔍 Running system file auditor...
[2025-12-07 07:08:57] 🚀 Auto-Repair Suite started.
[2025-12-07 07:08:57] ⚠️ Placeholder detected: /home/rafa1215/consensus-project/memory/logs/system/agent_summaries/top10_suggestions_2025-12-02_0902.md
[2025-12-07 07:08:57] ⚠️ Placeholder detected: /home/rafa1215/consensus-project/memory/logs/system/agent_summaries/top10_suggestions_2025-12-07_0902.md
[2025-12-07 07:08:57] ⚠️ Placeholder detected: /home/rafa1215/consensus-project/memory/logs/system/agent_summaries/top10_optimization_2025-12-02_0902.md
[2025-12-07 07:08:57] ⚠️ Placeholder detected: /home/rafa1215/consensus-project/memory/logs/system/agent_summaries/top10_suggestions_2025-12-04_0902.md
[2025-12-07 07:08:57] ⚠️ Placeholder detected: /home/rafa1215/consensus-project/memory/logs/system/agent_summaries/top10_suggestions_2025-12-01_0902.md
[2025-12-07 07:08:57] ⚠️ Placeholder detected: /home/rafa1215/consensus-project/memory/logs/system/agent_summaries/top10_optimization_2025-12-07_0902.md
[2025-12-07 07:08:57] ⚠️ Placeholder detected: /home/rafa1215/consensus-project/memory/logs/system/agent_summaries/top10_brainstorm_2025-12-07_0902.md
[2025-12-07 07:08:57] ⚠️ Placeholder detected: /home/rafa1215/consensus-project/memory/logs/system/agent_summaries/top10_suggestions_2025-12-03_0902.md
[2025-12-07 07:08:57] ⚠️ Placeholder detected: /home/rafa1215/consensus-project/memory/logs/system/agent_summaries/top10_optimization_2025-12-03_0902.md
[2025-12-07 07:08:57] ⚠️ Placeholder detected: /home/rafa1215/consensus-project/memory/logs/system/agent_summaries/top10_brainstorm_2025-11-30_0902.md
[2025-12-07 07:08:57] ⚠️ Placeholder detected: /home/rafa1215/consensus-project/memory/logs/system/agent_summaries/top10_brainstorm_2025-12-04_0902.md
[2025-12-07 07:08:57] ⚠️ Placeholder detected: /home/rafa1215/consensus-project/memory/logs/system/agent_summaries/top10_brainstorm_2025-12-02_0902.md
[2025-12-07 07:08:57] ⚠️ Placeholder detected: /home/rafa1215/consensus-project/memory/logs/system/agent_summaries/top10_brainstorm_2025-12-06_0902.md
[2025-12-07 07:08:57] ⚠️ Placeholder detected: /home/rafa1215/consensus-project/memory/logs/system/agent_summaries/top10_brainstorm_2025-11-29_0902.md
[2025-12-07 07:08:57] ⚠️ Placeholder detected: /home/rafa1215/consensus-project/memory/logs/system/agent_summaries/top10_suggestions_2025-12-06_0902.md
[2025-12-07 07:08:57] ⚠️ Placeholder detected: /home/rafa1215/consensus-project/memory/logs/system/agent_summaries/top10_optimization_2025-12-05_0902.md
[2025-12-07 07:08:57] ⚠️ Placeholder detected: /home/rafa1215/consensus-project/memory/logs/system/agent_summaries/top10_optimization_2025-12-01_0902.md
[2025-12-07 07:08:57] ⚠️ Placeholder detected: /home/rafa1215/consensus-project/memory/logs/system/agent_summaries/top10_optimization_2025-11-30_0902.md
[2025-12-07 07:08:57] ⚠️ Placeholder detected: /home/rafa1215/consensus-project/memory/logs/system/agent_summaries/top10_suggestions_2025-11-30_0902.md
[2025-12-07 07:08:57] ⚠️ Placeholder detected: /home/rafa1215/consensus-project/memory/logs/system/agent_summaries/top10_optimization_2025-11-29_0902.md
[2025-12-07 07:08:57] ⚠️ Placeholder detected: /home/rafa1215/consensus-project/memory/logs/system/agent_summaries/top10_brainstorm_2025-12-01_0902.md
[2025-12-07 07:08:57] ⚠️ Placeholder detected: /home/rafa1215/consensus-project/memory/logs/system/agent_summaries/top10_brainstorm_2025-12-03_0902.md
[2025-12-07 07:08:57] ⚠️ Placeholder detected: /home/rafa1215/consensus-project/memory/logs/system/agent_summaries/top10_brainstorm_2025-12-05_0902.md
[2025-12-07 07:08:57] ⚠️ Placeholder detected: /home/rafa1215/consensus-project/memory/logs/system/agent_summaries/top10_suggestions_2025-12-05_0902.md
[2025-12-07 07:08:57] ⚠️ Placeholder detected: /home/rafa1215/consensus-project/memory/logs/system/agent_summaries/top10_optimization_2025-12-04_0902.md
[2025-12-07 07:08:57] ⚠️ Placeholder detected: /home/rafa1215/consensus-project/memory/logs/system/agent_summaries/top10_optimization_2025-12-06_0902.md
[2025-12-07 07:08:57] ⚠️ Placeholder detected: /home/rafa1215/consensus-project/memory/logs/system/agent_summaries/top10_suggestions_2025-11-29_0902.md
[2025-12-07 07:08:57] ♻️  Placeholder or missing Top-10 detected — regenerating...
[2025-12-07 07:08:59] ⚠️  Missing or outdated daily summaries detected — regenerating.
[2025-12-07 07:08:59] ✅ Generated summaries for 2025-12-04
[2025-12-07 07:08:59] ✅ Generated summaries for 2025-12-05
[2025-12-07 07:08:59] ✅ Generated summaries for 2025-12-06
[2025-12-07 07:08:59] ✅ Generated summaries for 2025-12-07
[2025-12-07 07:08:59] ✅ Summary generation complete (4 day(s))
[2025-12-07 07:08:59] ✅ Updated Top-10 digest index.
[2025-12-07 07:08:59] 📦 Archived 5 Top-10 files older than 7 days.
[2025-12-07 07:08:59] ✅ Auto-Repair Suite completed successfully.
[2025-12-07 07:08:59] 🚀 Auto-Repair Suite started.
[2025-12-07 07:09:00] ⚠️ Placeholder detected: /home/rafa1215/consensus-project/memory/logs/system/agent_summaries/top10_suggestions_2025-12-02_0902.md
[2025-12-07 07:09:00] ⚠️ Placeholder detected: /home/rafa1215/consensus-project/memory/logs/system/agent_summaries/top10_suggestions_2025-12-07_0902.md
[2025-12-07 07:09:00] ⚠️ Placeholder detected: /home/rafa1215/consensus-project/memory/logs/system/agent_summaries/top10_optimization_2025-12-02_0902.md
[2025-12-07 07:09:00] ⚠️ Placeholder detected: /home/rafa1215/consensus-project/memory/logs/system/agent_summaries/top10_suggestions_2025-12-04_0902.md
[2025-12-07 07:09:00] ⚠️ Placeholder detected: /home/rafa1215/consensus-project/memory/logs/system/agent_summaries/top10_suggestions_2025-12-01_0902.md
[2025-12-07 07:09:00] ⚠️ Placeholder detected: /home/rafa1215/consensus-project/memory/logs/system/agent_summaries/top10_optimization_2025-12-07_0902.md
[2025-12-07 07:09:00] ⚠️ Placeholder detected: /home/rafa1215/consensus-project/memory/logs/system/agent_summaries/top10_brainstorm_2025-12-07_0902.md
[2025-12-07 07:09:00] ⚠️ Placeholder detected: /home/rafa1215/consensus-project/memory/logs/system/agent_summaries/top10_suggestions_2025-12-03_0902.md
[2025-12-07 07:09:00] ⚠️ Placeholder detected: /home/rafa1215/consensus-project/memory/logs/system/agent_summaries/top10_optimization_2025-12-03_0902.md
[2025-12-07 07:09:00] ⚠️ Placeholder detected: /home/rafa1215/consensus-project/memory/logs/system/agent_summaries/top10_brainstorm_2025-11-30_0902.md
[2025-12-07 07:09:00] ⚠️ Placeholder detected: /home/rafa1215/consensus-project/memory/logs/system/agent_summaries/top10_brainstorm_2025-12-04_0902.md
[2025-12-07 07:09:00] ⚠️ Placeholder detected: /home/rafa1215/consensus-project/memory/logs/system/agent_summaries/top10_brainstorm_2025-12-02_0902.md
[2025-12-07 07:09:00] ⚠️ Placeholder detected: /home/rafa1215/consensus-project/memory/logs/system/agent_summaries/top10_brainstorm_2025-12-06_0902.md
[2025-12-07 07:09:00] ⚠️ Placeholder detected: /home/rafa1215/consensus-project/memory/logs/system/agent_summaries/top10_brainstorm_2025-11-29_0902.md
[2025-12-07 07:09:00] ⚠️ Placeholder detected: /home/rafa1215/consensus-project/memory/logs/system/agent_summaries/top10_suggestions_2025-12-06_0902.md
[2025-12-07 07:09:00] ⚠️ Placeholder detected: /home/rafa1215/consensus-project/memory/logs/system/agent_summaries/top10_optimization_2025-12-05_0902.md
[2025-12-07 07:09:00] ⚠️ Placeholder detected: /home/rafa1215/consensus-project/memory/logs/system/agent_summaries/top10_optimization_2025-12-01_0902.md
[2025-12-07 07:09:00] ⚠️ Placeholder detected: /home/rafa1215/consensus-project/memory/logs/system/agent_summaries/top10_optimization_2025-11-30_0902.md
[2025-12-07 07:09:00] ⚠️ Placeholder detected: /home/rafa1215/consensus-project/memory/logs/system/agent_summaries/top10_suggestions_2025-11-30_0902.md
[2025-12-07 07:09:00] ⚠️ Placeholder detected: /home/rafa1215/consensus-project/memory/logs/system/agent_summaries/top10_optimization_2025-11-29_0902.md
[2025-12-07 07:09:00] ⚠️ Placeholder detected: /home/rafa1215/consensus-project/memory/logs/system/agent_summaries/top10_brainstorm_2025-12-01_0902.md
[2025-12-07 07:09:00] ⚠️ Placeholder detected: /home/rafa1215/consensus-project/memory/logs/system/agent_summaries/top10_brainstorm_2025-12-03_0902.md
[2025-12-07 07:09:00] ⚠️ Placeholder detected: /home/rafa1215/consensus-project/memory/logs/system/agent_summaries/top10_brainstorm_2025-12-05_0902.md
[2025-12-07 07:09:00] ⚠️ Placeholder detected: /home/rafa1215/consensus-project/memory/logs/system/agent_summaries/top10_suggestions_2025-12-05_0902.md
[2025-12-07 07:09:00] ⚠️ Placeholder detected: /home/rafa1215/consensus-project/memory/logs/system/agent_summaries/top10_optimization_2025-12-04_0902.md
[2025-12-07 07:09:00] ⚠️ Placeholder detected: /home/rafa1215/consensus-project/memory/logs/system/agent_summaries/top10_optimization_2025-12-06_0902.md
[2025-12-07 07:09:00] ⚠️ Placeholder detected: /home/rafa1215/consensus-project/memory/logs/system/agent_summaries/top10_suggestions_2025-11-29_0902.md
[2025-12-07 07:09:00] ♻️  Placeholder or missing Top-10 detected — regenerating...
[2025-12-07 07:09:02] ⚠️  Missing or outdated daily summaries detected — regenerating.
[2025-12-07 07:09:02] ✅ Generated summaries for 2025-12-04
[2025-12-07 07:09:02] ✅ Generated summaries for 2025-12-05
[2025-12-07 07:09:02] ✅ Generated summaries for 2025-12-06
[2025-12-07 07:09:02] ✅ Generated summaries for 2025-12-07
[2025-12-07 07:09:02] ✅ Summary generation complete (4 day(s))
[2025-12-07 07:09:02] ✅ Updated Top-10 digest index.
[2025-12-07 07:09:02] 📦 Archived 0 Top-10 files older than 7 days.
[2025-12-07 07:09:02] ✅ Auto-Repair Suite completed successfully.
[2025-12-07 07:10:37] ✅ Generated summaries for 2025-12-07
[2025-12-07 07:10:37] ✅ Summary generation complete (1 day(s))
[2025-12-07 07:10:37] ✅ Generated summaries for 2025-12-07
[2025-12-07 07:10:37] ✅ Summary generation complete (1 day(s))
[2025-12-07 07:12:45] ⚠️ Placeholder detected: /home/rafa1215/consensus-project/memory/logs/system/agent_summaries/top10_suggestions_2025-12-02_0902.md
[2025-12-07 07:12:45] ⚠️ Placeholder detected: /home/rafa1215/consensus-project/memory/logs/system/agent_summaries/top10_suggestions_2025-12-07_0902.md
[2025-12-07 07:12:45] ⚠️ Placeholder detected: /home/rafa1215/consensus-project/memory/logs/system/agent_summaries/top10_optimization_2025-12-02_0902.md
[2025-12-07 07:12:45] ⚠️ Placeholder detected: /home/rafa1215/consensus-project/memory/logs/system/agent_summaries/top10_suggestions_2025-12-04_0902.md
[2025-12-07 07:12:45] ⚠️ Placeholder detected: /home/rafa1215/consensus-project/memory/logs/system/agent_summaries/top10_suggestions_2025-12-01_0902.md
[2025-12-07 07:12:45] ⚠️ Placeholder detected: /home/rafa1215/consensus-project/memory/logs/system/agent_summaries/top10_optimization_2025-12-07_0902.md
[2025-12-07 07:12:45] ⚠️ Placeholder detected: /home/rafa1215/consensus-project/memory/logs/system/agent_summaries/top10_brainstorm_2025-12-07_0902.md
[2025-12-07 07:12:45] ⚠️ Placeholder detected: /home/rafa1215/consensus-project/memory/logs/system/agent_summaries/top10_suggestions_2025-12-03_0902.md
[2025-12-07 07:12:45] ⚠️ Placeholder detected: /home/rafa1215/consensus-project/memory/logs/system/agent_summaries/top10_optimization_2025-12-03_0902.md
[2025-12-07 07:12:45] ⚠️ Placeholder detected: /home/rafa1215/consensus-project/memory/logs/system/agent_summaries/top10_brainstorm_2025-11-30_0902.md
[2025-12-07 07:12:45] ⚠️ Placeholder detected: /home/rafa1215/consensus-project/memory/logs/system/agent_summaries/top10_brainstorm_2025-12-04_0902.md
[2025-12-07 07:12:45] ⚠️ Placeholder detected: /home/rafa1215/consensus-project/memory/logs/system/agent_summaries/top10_brainstorm_2025-12-02_0902.md
[2025-12-07 07:12:45] ⚠️ Placeholder detected: /home/rafa1215/consensus-project/memory/logs/system/agent_summaries/top10_brainstorm_2025-11-29_0902.md
[2025-12-07 07:12:45] ⚠️ Placeholder detected: /home/rafa1215/consensus-project/memory/logs/system/agent_summaries/top10_optimization_2025-12-01_0902.md
[2025-12-07 07:12:45] ⚠️ Placeholder detected: /home/rafa1215/consensus-project/memory/logs/system/agent_summaries/top10_optimization_2025-11-30_0902.md
[2025-12-07 07:12:45] ⚠️ Placeholder detected: /home/rafa1215/consensus-project/memory/logs/system/agent_summaries/top10_suggestions_2025-11-30_0902.md
[2025-12-07 07:12:45] ⚠️ Placeholder detected: /home/rafa1215/consensus-project/memory/logs/system/agent_summaries/top10_optimization_2025-11-29_0902.md
[2025-12-07 07:12:45] ⚠️ Placeholder detected: /home/rafa1215/consensus-project/memory/logs/system/agent_summaries/top10_brainstorm_2025-12-01_0902.md
[2025-12-07 07:12:45] ⚠️ Placeholder detected: /home/rafa1215/consensus-project/memory/logs/system/agent_summaries/top10_brainstorm_2025-12-03_0902.md
[2025-12-07 07:12:45] ⚠️ Placeholder detected: /home/rafa1215/consensus-project/memory/logs/system/agent_summaries/top10_optimization_2025-12-04_0902.md
[2025-12-07 07:12:45] ⚠️ Placeholder detected: /home/rafa1215/consensus-project/memory/logs/system/agent_summaries/top10_suggestions_2025-11-29_0902.md
[2025-12-07 07:12:45] ♻️  Placeholder or missing Top-10 detected — regenerating...
[2025-12-07 07:12:46] ⚠️ Placeholder detected: /home/rafa1215/consensus-project/memory/logs/system/agent_summaries/top10_suggestions_2025-12-02_0902.md
[2025-12-07 07:12:46] ⚠️ Placeholder detected: /home/rafa1215/consensus-project/memory/logs/system/agent_summaries/top10_optimization_2025-12-02_0902.md
[2025-12-07 07:12:46] ⚠️ Placeholder detected: /home/rafa1215/consensus-project/memory/logs/system/agent_summaries/top10_suggestions_2025-12-04_0902.md
[2025-12-07 07:12:46] ⚠️ Placeholder detected: /home/rafa1215/consensus-project/memory/logs/system/agent_summaries/top10_suggestions_2025-12-01_0902.md
[2025-12-07 07:12:46] ⚠️ Placeholder detected: /home/rafa1215/consensus-project/memory/logs/system/agent_summaries/top10_suggestions_2025-12-03_0902.md
[2025-12-07 07:12:46] ⚠️ Placeholder detected: /home/rafa1215/consensus-project/memory/logs/system/agent_summaries/top10_optimization_2025-12-03_0902.md
[2025-12-07 07:12:46] ⚠️ Placeholder detected: /home/rafa1215/consensus-project/memory/logs/system/agent_summaries/top10_brainstorm_2025-11-30_0902.md
[2025-12-07 07:12:46] ⚠️ Placeholder detected: /home/rafa1215/consensus-project/memory/logs/system/agent_summaries/top10_brainstorm_2025-12-04_0902.md
[2025-12-07 07:12:46] ⚠️ Placeholder detected: /home/rafa1215/consensus-project/memory/logs/system/agent_summaries/top10_brainstorm_2025-12-02_0902.md
[2025-12-07 07:12:47] ⚠️ Placeholder detected: /home/rafa1215/consensus-project/memory/logs/system/agent_summaries/top10_brainstorm_2025-11-29_0902.md
[2025-12-07 07:12:47] ⚠️ Placeholder detected: /home/rafa1215/consensus-project/memory/logs/system/agent_summaries/top10_optimization_2025-12-01_0902.md
[2025-12-07 07:12:47] ⚠️ Placeholder detected: /home/rafa1215/consensus-project/memory/logs/system/agent_summaries/top10_optimization_2025-11-30_0902.md
[2025-12-07 07:12:47] ⚠️ Placeholder detected: /home/rafa1215/consensus-project/memory/logs/system/agent_summaries/top10_suggestions_2025-11-30_0902.md
[2025-12-07 07:12:47] ⚠️ Placeholder detected: /home/rafa1215/consensus-project/memory/logs/system/agent_summaries/top10_optimization_2025-11-29_0902.md
[2025-12-07 07:12:47] ⚠️ Placeholder detected: /home/rafa1215/consensus-project/memory/logs/system/agent_summaries/top10_brainstorm_2025-12-01_0902.md
[2025-12-07 07:12:47] ⚠️ Placeholder detected: /home/rafa1215/consensus-project/memory/logs/system/agent_summaries/top10_brainstorm_2025-12-03_0902.md
[2025-12-07 07:12:47] ⚠️ Placeholder detected: /home/rafa1215/consensus-project/memory/logs/system/agent_summaries/top10_optimization_2025-12-04_0902.md
[2025-12-07 07:12:47] ⚠️ Placeholder detected: /home/rafa1215/consensus-project/memory/logs/system/agent_summaries/top10_suggestions_2025-11-29_0902.md
[2025-12-07 07:12:47] ♻️  Placeholder or missing Top-10 detected — regenerating...
[2025-12-08 07:06:01] ⚠️  Missing or outdated daily summaries detected — regenerating.
[2025-12-08 07:06:01] ✅ Generated summaries for 2025-12-05
[2025-12-08 07:06:01] ✅ Generated summaries for 2025-12-06
[2025-12-08 07:06:01] ✅ Generated summaries for 2025-12-07
[2025-12-08 07:06:01] ✅ Generated summaries for 2025-12-08
[2025-12-08 07:06:01] ✅ Summary generation complete (4 day(s))
[2025-12-08 07:06:02] ⚠️  Missing or outdated daily summaries detected — regenerating.
[2025-12-08 07:06:02] ✅ Generated summaries for 2025-12-05
[2025-12-08 07:06:02] ✅ Generated summaries for 2025-12-06
[2025-12-08 07:06:02] ✅ Generated summaries for 2025-12-07
[2025-12-08 07:06:02] ✅ Generated summaries for 2025-12-08
[2025-12-08 07:06:02] ✅ Summary generation complete (4 day(s))
[2025-12-08 07:07:33] 🔍 Running system file auditor...
[2025-12-08 07:07:38] 🔍 Running system file auditor...
[2025-12-08 07:08:36] 🚀 Auto-Repair Suite started.
[2025-12-08 07:08:36] ⚠️ Placeholder detected: /home/rafa1215/consensus-project/memory/logs/system/agent_summaries/top10_suggestions_2025-12-08_0902.md
[2025-12-08 07:08:36] ⚠️ Placeholder detected: /home/rafa1215/consensus-project/memory/logs/system/agent_summaries/top10_suggestions_2025-12-02_0902.md
[2025-12-08 07:08:36] ⚠️ Placeholder detected: /home/rafa1215/consensus-project/memory/logs/system/agent_summaries/top10_suggestions_2025-12-07_0902.md
[2025-12-08 07:08:36] ⚠️ Placeholder detected: /home/rafa1215/consensus-project/memory/logs/system/agent_summaries/top10_optimization_2025-12-02_0902.md
[2025-12-08 07:08:36] ⚠️ Placeholder detected: /home/rafa1215/consensus-project/memory/logs/system/agent_summaries/top10_suggestions_2025-12-04_0902.md
[2025-12-08 07:08:36] ⚠️ Placeholder detected: /home/rafa1215/consensus-project/memory/logs/system/agent_summaries/top10_suggestions_2025-12-01_0902.md
[2025-12-08 07:08:36] ⚠️ Placeholder detected: /home/rafa1215/consensus-project/memory/logs/system/agent_summaries/top10_optimization_2025-12-07_0902.md
[2025-12-08 07:08:36] ⚠️ Placeholder detected: /home/rafa1215/consensus-project/memory/logs/system/agent_summaries/top10_brainstorm_2025-12-07_0902.md
[2025-12-08 07:08:36] ⚠️ Placeholder detected: /home/rafa1215/consensus-project/memory/logs/system/agent_summaries/top10_suggestions_2025-12-03_0902.md
[2025-12-08 07:08:36] ⚠️ Placeholder detected: /home/rafa1215/consensus-project/memory/logs/system/agent_summaries/top10_optimization_2025-12-03_0902.md
[2025-12-08 07:08:36] ⚠️ Placeholder detected: /home/rafa1215/consensus-project/memory/logs/system/agent_summaries/top10_brainstorm_2025-11-30_0902.md
[2025-12-08 07:08:36] ⚠️ Placeholder detected: /home/rafa1215/consensus-project/memory/logs/system/agent_summaries/top10_brainstorm_2025-12-04_0902.md
[2025-12-08 07:08:36] ⚠️ Placeholder detected: /home/rafa1215/consensus-project/memory/logs/system/agent_summaries/top10_brainstorm_2025-12-02_0902.md
[2025-12-08 07:08:36] ⚠️ Placeholder detected: /home/rafa1215/consensus-project/memory/logs/system/agent_summaries/top10_brainstorm_2025-12-06_0902.md
[2025-12-08 07:08:36] ⚠️ Placeholder detected: /home/rafa1215/consensus-project/memory/logs/system/agent_summaries/top10_brainstorm_2025-11-29_0902.md
[2025-12-08 07:08:36] ⚠️ Placeholder detected: /home/rafa1215/consensus-project/memory/logs/system/agent_summaries/top10_suggestions_2025-12-06_0902.md
[2025-12-08 07:08:36] ⚠️ Placeholder detected: /home/rafa1215/consensus-project/memory/logs/system/agent_summaries/top10_optimization_2025-12-05_0902.md
[2025-12-08 07:08:36] ⚠️ Placeholder detected: /home/rafa1215/consensus-project/memory/logs/system/agent_summaries/top10_optimization_2025-12-01_0902.md
[2025-12-08 07:08:36] ⚠️ Placeholder detected: /home/rafa1215/consensus-project/memory/logs/system/agent_summaries/top10_optimization_2025-12-08_0902.md
[2025-12-08 07:08:36] ⚠️ Placeholder detected: /home/rafa1215/consensus-project/memory/logs/system/agent_summaries/top10_optimization_2025-11-30_0902.md
[2025-12-08 07:08:36] ⚠️ Placeholder detected: /home/rafa1215/consensus-project/memory/logs/system/agent_summaries/top10_suggestions_2025-11-30_0902.md
[2025-12-08 07:08:36] ⚠️ Placeholder detected: /home/rafa1215/consensus-project/memory/logs/system/agent_summaries/top10_optimization_2025-11-29_0902.md
[2025-12-08 07:08:36] ⚠️ Placeholder detected: /home/rafa1215/consensus-project/memory/logs/system/agent_summaries/top10_brainstorm_2025-12-01_0902.md
[2025-12-08 07:08:36] ⚠️ Placeholder detected: /home/rafa1215/consensus-project/memory/logs/system/agent_summaries/top10_brainstorm_2025-12-08_0902.md
[2025-12-08 07:08:36] ⚠️ Placeholder detected: /home/rafa1215/consensus-project/memory/logs/system/agent_summaries/top10_brainstorm_2025-12-03_0902.md
[2025-12-08 07:08:36] ⚠️ Placeholder detected: /home/rafa1215/consensus-project/memory/logs/system/agent_summaries/top10_brainstorm_2025-12-05_0902.md
[2025-12-08 07:08:36] ⚠️ Placeholder detected: /home/rafa1215/consensus-project/memory/logs/system/agent_summaries/top10_suggestions_2025-12-05_0902.md
[2025-12-08 07:08:36] ⚠️ Placeholder detected: /home/rafa1215/consensus-project/memory/logs/system/agent_summaries/top10_optimization_2025-12-04_0902.md
[2025-12-08 07:08:36] ⚠️ Placeholder detected: /home/rafa1215/consensus-project/memory/logs/system/agent_summaries/top10_optimization_2025-12-06_0902.md
[2025-12-08 07:08:36] ⚠️ Placeholder detected: /home/rafa1215/consensus-project/memory/logs/system/agent_summaries/top10_suggestions_2025-11-29_0902.md
[2025-12-08 07:08:36] ♻️  Placeholder or missing Top-10 detected — regenerating...
[2025-12-08 07:08:38] ⚠️  Missing or outdated daily summaries detected — regenerating.
[2025-12-08 07:08:38] ✅ Generated summaries for 2025-12-05
[2025-12-08 07:08:38] ✅ Generated summaries for 2025-12-06
[2025-12-08 07:08:38] ✅ Generated summaries for 2025-12-07
[2025-12-08 07:08:38] ✅ Generated summaries for 2025-12-08
[2025-12-08 07:08:38] ✅ Summary generation complete (4 day(s))
[2025-12-08 07:08:38] ✅ Updated Top-10 digest index.
[2025-12-08 07:08:38] 📦 Archived 5 Top-10 files older than 7 days.
[2025-12-08 07:08:38] ✅ Auto-Repair Suite completed successfully.
[2025-12-08 07:08:38] 🚀 Auto-Repair Suite started.
[2025-12-08 07:08:39] ⚠️ Placeholder detected: /home/rafa1215/consensus-project/memory/logs/system/agent_summaries/top10_suggestions_2025-12-08_0902.md
[2025-12-08 07:08:39] ⚠️ Placeholder detected: /home/rafa1215/consensus-project/memory/logs/system/agent_summaries/top10_suggestions_2025-12-02_0902.md
[2025-12-08 07:08:39] ⚠️ Placeholder detected: /home/rafa1215/consensus-project/memory/logs/system/agent_summaries/top10_suggestions_2025-12-07_0902.md
[2025-12-08 07:08:39] ⚠️ Placeholder detected: /home/rafa1215/consensus-project/memory/logs/system/agent_summaries/top10_optimization_2025-12-02_0902.md
[2025-12-08 07:08:39] ⚠️ Placeholder detected: /home/rafa1215/consensus-project/memory/logs/system/agent_summaries/top10_suggestions_2025-12-04_0902.md
[2025-12-08 07:08:39] ⚠️ Placeholder detected: /home/rafa1215/consensus-project/memory/logs/system/agent_summaries/top10_suggestions_2025-12-01_0902.md
[2025-12-08 07:08:39] ⚠️ Placeholder detected: /home/rafa1215/consensus-project/memory/logs/system/agent_summaries/top10_optimization_2025-12-07_0902.md
[2025-12-08 07:08:39] ⚠️ Placeholder detected: /home/rafa1215/consensus-project/memory/logs/system/agent_summaries/top10_brainstorm_2025-12-07_0902.md
[2025-12-08 07:08:39] ⚠️ Placeholder detected: /home/rafa1215/consensus-project/memory/logs/system/agent_summaries/top10_suggestions_2025-12-03_0902.md
[2025-12-08 07:08:39] ⚠️ Placeholder detected: /home/rafa1215/consensus-project/memory/logs/system/agent_summaries/top10_optimization_2025-12-03_0902.md
[2025-12-08 07:08:39] ⚠️ Placeholder detected: /home/rafa1215/consensus-project/memory/logs/system/agent_summaries/top10_brainstorm_2025-11-30_0902.md
[2025-12-08 07:08:39] ⚠️ Placeholder detected: /home/rafa1215/consensus-project/memory/logs/system/agent_summaries/top10_brainstorm_2025-12-04_0902.md
[2025-12-08 07:08:39] ⚠️ Placeholder detected: /home/rafa1215/consensus-project/memory/logs/system/agent_summaries/top10_brainstorm_2025-12-02_0902.md
[2025-12-08 07:08:39] ⚠️ Placeholder detected: /home/rafa1215/consensus-project/memory/logs/system/agent_summaries/top10_brainstorm_2025-12-06_0902.md
[2025-12-08 07:08:39] ⚠️ Placeholder detected: /home/rafa1215/consensus-project/memory/logs/system/agent_summaries/top10_brainstorm_2025-11-29_0902.md
[2025-12-08 07:08:39] ⚠️ Placeholder detected: /home/rafa1215/consensus-project/memory/logs/system/agent_summaries/top10_suggestions_2025-12-06_0902.md
[2025-12-08 07:08:39] ⚠️ Placeholder detected: /home/rafa1215/consensus-project/memory/logs/system/agent_summaries/top10_optimization_2025-12-05_0902.md
[2025-12-08 07:08:39] ⚠️ Placeholder detected: /home/rafa1215/consensus-project/memory/logs/system/agent_summaries/top10_optimization_2025-12-01_0902.md
[2025-12-08 07:08:39] ⚠️ Placeholder detected: /home/rafa1215/consensus-project/memory/logs/system/agent_summaries/top10_optimization_2025-12-08_0902.md
[2025-12-08 07:08:39] ⚠️ Placeholder detected: /home/rafa1215/consensus-project/memory/logs/system/agent_summaries/top10_optimization_2025-11-30_0902.md
[2025-12-08 07:08:39] ⚠️ Placeholder detected: /home/rafa1215/consensus-project/memory/logs/system/agent_summaries/top10_suggestions_2025-11-30_0902.md
[2025-12-08 07:08:39] ⚠️ Placeholder detected: /home/rafa1215/consensus-project/memory/logs/system/agent_summaries/top10_optimization_2025-11-29_0902.md
[2025-12-08 07:08:39] ⚠️ Placeholder detected: /home/rafa1215/consensus-project/memory/logs/system/agent_summaries/top10_brainstorm_2025-12-01_0902.md
[2025-12-08 07:08:39] ⚠️ Placeholder detected: /home/rafa1215/consensus-project/memory/logs/system/agent_summaries/top10_brainstorm_2025-12-08_0902.md
[2025-12-08 07:08:39] ⚠️ Placeholder detected: /home/rafa1215/consensus-project/memory/logs/system/agent_summaries/top10_brainstorm_2025-12-03_0902.md
[2025-12-08 07:08:39] ⚠️ Placeholder detected: /home/rafa1215/consensus-project/memory/logs/system/agent_summaries/top10_brainstorm_2025-12-05_0902.md
[2025-12-08 07:08:39] ⚠️ Placeholder detected: /home/rafa1215/consensus-project/memory/logs/system/agent_summaries/top10_suggestions_2025-12-05_0902.md
[2025-12-08 07:08:39] ⚠️ Placeholder detected: /home/rafa1215/consensus-project/memory/logs/system/agent_summaries/top10_optimization_2025-12-04_0902.md
[2025-12-08 07:08:39] ⚠️ Placeholder detected: /home/rafa1215/consensus-project/memory/logs/system/agent_summaries/top10_optimization_2025-12-06_0902.md
[2025-12-08 07:08:39] ⚠️ Placeholder detected: /home/rafa1215/consensus-project/memory/logs/system/agent_summaries/top10_suggestions_2025-11-29_0902.md
[2025-12-08 07:08:39] ♻️  Placeholder or missing Top-10 detected — regenerating...
[2025-12-08 07:08:40] ⚠️  Missing or outdated daily summaries detected — regenerating.
[2025-12-08 07:08:40] ✅ Generated summaries for 2025-12-05
[2025-12-08 07:08:40] ✅ Generated summaries for 2025-12-06
[2025-12-08 07:08:40] ✅ Generated summaries for 2025-12-07
[2025-12-08 07:08:40] ✅ Generated summaries for 2025-12-08
[2025-12-08 07:08:40] ✅ Summary generation complete (4 day(s))
[2025-12-08 07:08:40] ✅ Updated Top-10 digest index.
[2025-12-08 07:08:40] 📦 Archived 0 Top-10 files older than 7 days.
[2025-12-08 07:08:40] ✅ Auto-Repair Suite completed successfully.
[2025-12-08 07:10:10] ✅ Generated summaries for 2025-12-08
[2025-12-08 07:10:10] ✅ Summary generation complete (1 day(s))
[2025-12-08 07:10:11] ✅ Generated summaries for 2025-12-08
[2025-12-08 07:10:11] ✅ Summary generation complete (1 day(s))
[2025-12-08 07:12:16] ⚠️ Placeholder detected: /home/rafa1215/consensus-project/memory/logs/system/agent_summaries/top10_suggestions_2025-12-08_0902.md
[2025-12-08 07:12:16] ⚠️ Placeholder detected: /home/rafa1215/consensus-project/memory/logs/system/agent_summaries/top10_suggestions_2025-12-02_0902.md
[2025-12-08 07:12:16] ⚠️ Placeholder detected: /home/rafa1215/consensus-project/memory/logs/system/agent_summaries/top10_optimization_2025-12-02_0902.md
[2025-12-08 07:12:16] ⚠️ Placeholder detected: /home/rafa1215/consensus-project/memory/logs/system/agent_summaries/top10_suggestions_2025-12-04_0902.md
[2025-12-08 07:12:16] ⚠️ Placeholder detected: /home/rafa1215/consensus-project/memory/logs/system/agent_summaries/top10_suggestions_2025-12-01_0902.md
[2025-12-08 07:12:16] ⚠️ Placeholder detected: /home/rafa1215/consensus-project/memory/logs/system/agent_summaries/top10_suggestions_2025-12-03_0902.md
[2025-12-08 07:12:16] ⚠️ Placeholder detected: /home/rafa1215/consensus-project/memory/logs/system/agent_summaries/top10_optimization_2025-12-03_0902.md
[2025-12-08 07:12:16] ⚠️ Placeholder detected: /home/rafa1215/consensus-project/memory/logs/system/agent_summaries/top10_brainstorm_2025-11-30_0902.md
[2025-12-08 07:12:16] ⚠️ Placeholder detected: /home/rafa1215/consensus-project/memory/logs/system/agent_summaries/top10_brainstorm_2025-12-04_0902.md
[2025-12-08 07:12:16] ⚠️ Placeholder detected: /home/rafa1215/consensus-project/memory/logs/system/agent_summaries/top10_brainstorm_2025-12-02_0902.md
[2025-12-08 07:12:16] ⚠️ Placeholder detected: /home/rafa1215/consensus-project/memory/logs/system/agent_summaries/top10_brainstorm_2025-11-29_0902.md
[2025-12-08 07:12:16] ⚠️ Placeholder detected: /home/rafa1215/consensus-project/memory/logs/system/agent_summaries/top10_optimization_2025-12-05_0902.md
[2025-12-08 07:12:16] ⚠️ Placeholder detected: /home/rafa1215/consensus-project/memory/logs/system/agent_summaries/top10_optimization_2025-12-01_0902.md
[2025-12-08 07:12:16] ⚠️ Placeholder detected: /home/rafa1215/consensus-project/memory/logs/system/agent_summaries/top10_optimization_2025-12-08_0902.md
[2025-12-08 07:12:16] ⚠️ Placeholder detected: /home/rafa1215/consensus-project/memory/logs/system/agent_summaries/top10_optimization_2025-11-30_0902.md
[2025-12-08 07:12:16] ⚠️ Placeholder detected: /home/rafa1215/consensus-project/memory/logs/system/agent_summaries/top10_suggestions_2025-11-30_0902.md
[2025-12-08 07:12:16] ⚠️ Placeholder detected: /home/rafa1215/consensus-project/memory/logs/system/agent_summaries/top10_optimization_2025-11-29_0902.md
[2025-12-08 07:12:16] ⚠️ Placeholder detected: /home/rafa1215/consensus-project/memory/logs/system/agent_summaries/top10_brainstorm_2025-12-01_0902.md
[2025-12-08 07:12:16] ⚠️ Placeholder detected: /home/rafa1215/consensus-project/memory/logs/system/agent_summaries/top10_brainstorm_2025-12-08_0902.md
[2025-12-08 07:12:16] ⚠️ Placeholder detected: /home/rafa1215/consensus-project/memory/logs/system/agent_summaries/top10_brainstorm_2025-12-03_0902.md
[2025-12-08 07:12:16] ⚠️ Placeholder detected: /home/rafa1215/consensus-project/memory/logs/system/agent_summaries/top10_brainstorm_2025-12-05_0902.md
[2025-12-08 07:12:16] ⚠️ Placeholder detected: /home/rafa1215/consensus-project/memory/logs/system/agent_summaries/top10_suggestions_2025-12-05_0902.md
[2025-12-08 07:12:16] ⚠️ Placeholder detected: /home/rafa1215/consensus-project/memory/logs/system/agent_summaries/top10_optimization_2025-12-04_0902.md
[2025-12-08 07:12:16] ⚠️ Placeholder detected: /home/rafa1215/consensus-project/memory/logs/system/agent_summaries/top10_suggestions_2025-11-29_0902.md
[2025-12-08 07:12:16] ♻️  Placeholder or missing Top-10 detected — regenerating...
[2025-12-08 07:12:18] ⚠️ Placeholder detected: /home/rafa1215/consensus-project/memory/logs/system/agent_summaries/top10_suggestions_2025-12-02_0902.md
[2025-12-08 07:12:18] ⚠️ Placeholder detected: /home/rafa1215/consensus-project/memory/logs/system/agent_summaries/top10_optimization_2025-12-02_0902.md
[2025-12-08 07:12:18] ⚠️ Placeholder detected: /home/rafa1215/consensus-project/memory/logs/system/agent_summaries/top10_suggestions_2025-12-04_0902.md
[2025-12-08 07:12:18] ⚠️ Placeholder detected: /home/rafa1215/consensus-project/memory/logs/system/agent_summaries/top10_suggestions_2025-12-01_0902.md
[2025-12-08 07:12:18] ⚠️ Placeholder detected: /home/rafa1215/consensus-project/memory/logs/system/agent_summaries/top10_suggestions_2025-12-03_0902.md
[2025-12-08 07:12:18] ⚠️ Placeholder detected: /home/rafa1215/consensus-project/memory/logs/system/agent_summaries/top10_optimization_2025-12-03_0902.md
[2025-12-08 07:12:18] ⚠️ Placeholder detected: /home/rafa1215/consensus-project/memory/logs/system/agent_summaries/top10_brainstorm_2025-11-30_0902.md
[2025-12-08 07:12:18] ⚠️ Placeholder detected: /home/rafa1215/consensus-project/memory/logs/system/agent_summaries/top10_brainstorm_2025-12-04_0902.md
[2025-12-08 07:12:18] ⚠️ Placeholder detected: /home/rafa1215/consensus-project/memory/logs/system/agent_summaries/top10_brainstorm_2025-12-02_0902.md
[2025-12-08 07:12:18] ⚠️ Placeholder detected: /home/rafa1215/consensus-project/memory/logs/system/agent_summaries/top10_brainstorm_2025-11-29_0902.md
[2025-12-08 07:12:18] ⚠️ Placeholder detected: /home/rafa1215/consensus-project/memory/logs/system/agent_summaries/top10_optimization_2025-12-05_0902.md
[2025-12-08 07:12:18] ⚠️ Placeholder detected: /home/rafa1215/consensus-project/memory/logs/system/agent_summaries/top10_optimization_2025-12-01_0902.md
[2025-12-08 07:12:18] ⚠️ Placeholder detected: /home/rafa1215/consensus-project/memory/logs/system/agent_summaries/top10_optimization_2025-11-30_0902.md
[2025-12-08 07:12:18] ⚠️ Placeholder detected: /home/rafa1215/consensus-project/memory/logs/system/agent_summaries/top10_suggestions_2025-11-30_0902.md
[2025-12-08 07:12:18] ⚠️ Placeholder detected: /home/rafa1215/consensus-project/memory/logs/system/agent_summaries/top10_optimization_2025-11-29_0902.md
[2025-12-08 07:12:18] ⚠️ Placeholder detected: /home/rafa1215/consensus-project/memory/logs/system/agent_summaries/top10_brainstorm_2025-12-01_0902.md
[2025-12-08 07:12:18] ⚠️ Placeholder detected: /home/rafa1215/consensus-project/memory/logs/system/agent_summaries/top10_brainstorm_2025-12-03_0902.md
[2025-12-08 07:12:18] ⚠️ Placeholder detected: /home/rafa1215/consensus-project/memory/logs/system/agent_summaries/top10_brainstorm_2025-12-05_0902.md
[2025-12-08 07:12:18] ⚠️ Placeholder detected: /home/rafa1215/consensus-project/memory/logs/system/agent_summaries/top10_suggestions_2025-12-05_0902.md
[2025-12-08 07:12:18] ⚠️ Placeholder detected: /home/rafa1215/consensus-project/memory/logs/system/agent_summaries/top10_optimization_2025-12-04_0902.md
[2025-12-08 07:12:18] ⚠️ Placeholder detected: /home/rafa1215/consensus-project/memory/logs/system/agent_summaries/top10_suggestions_2025-11-29_0902.md
[2025-12-08 07:12:18] ♻️  Placeholder or missing Top-10 detected — regenerating...
[2025-12-09 07:06:13] ⚠️  Missing or outdated daily summaries detected — regenerating.
[2025-12-09 07:06:13] ✅ Generated summaries for 2025-12-06
[2025-12-09 07:06:13] ✅ Generated summaries for 2025-12-07
[2025-12-09 07:06:13] ✅ Generated summaries for 2025-12-08
[2025-12-09 07:06:13] ✅ Generated summaries for 2025-12-09
[2025-12-09 07:06:13] ✅ Summary generation complete (4 day(s))
[2025-12-09 07:06:14] ⚠️  Missing or outdated daily summaries detected — regenerating.
[2025-12-09 07:06:14] ✅ Generated summaries for 2025-12-06
[2025-12-09 07:06:14] ✅ Generated summaries for 2025-12-07
[2025-12-09 07:06:14] ✅ Generated summaries for 2025-12-08
[2025-12-09 07:06:14] ✅ Generated summaries for 2025-12-09
[2025-12-09 07:06:14] ✅ Summary generation complete (4 day(s))
[2025-12-09 07:07:41] 🔍 Running system file auditor...
[2025-12-09 07:07:46] 🔍 Running system file auditor...
[2025-12-09 07:08:45] 🚀 Auto-Repair Suite started.
[2025-12-09 07:08:45] ⚠️ Placeholder detected: /home/rafa1215/consensus-project/memory/logs/system/agent_summaries/top10_suggestions_2025-12-08_0902.md
[2025-12-09 07:08:45] ⚠️ Placeholder detected: /home/rafa1215/consensus-project/memory/logs/system/agent_summaries/top10_suggestions_2025-12-02_0902.md
[2025-12-09 07:08:45] ⚠️ Placeholder detected: /home/rafa1215/consensus-project/memory/logs/system/agent_summaries/top10_suggestions_2025-12-07_0902.md
[2025-12-09 07:08:45] ⚠️ Placeholder detected: /home/rafa1215/consensus-project/memory/logs/system/agent_summaries/top10_optimization_2025-12-02_0902.md
[2025-12-09 07:08:45] ⚠️ Placeholder detected: /home/rafa1215/consensus-project/memory/logs/system/agent_summaries/top10_suggestions_2025-12-04_0902.md
[2025-12-09 07:08:45] ⚠️ Placeholder detected: /home/rafa1215/consensus-project/memory/logs/system/agent_summaries/top10_suggestions_2025-12-01_0902.md
[2025-12-09 07:08:45] ⚠️ Placeholder detected: /home/rafa1215/consensus-project/memory/logs/system/agent_summaries/top10_optimization_2025-12-07_0902.md
[2025-12-09 07:08:45] ⚠️ Placeholder detected: /home/rafa1215/consensus-project/memory/logs/system/agent_summaries/top10_brainstorm_2025-12-07_0902.md
[2025-12-09 07:08:45] ⚠️ Placeholder detected: /home/rafa1215/consensus-project/memory/logs/system/agent_summaries/top10_suggestions_2025-12-03_0902.md
[2025-12-09 07:08:45] ⚠️ Placeholder detected: /home/rafa1215/consensus-project/memory/logs/system/agent_summaries/top10_optimization_2025-12-03_0902.md
[2025-12-09 07:08:45] ⚠️ Placeholder detected: /home/rafa1215/consensus-project/memory/logs/system/agent_summaries/top10_brainstorm_2025-11-30_0902.md
[2025-12-09 07:08:45] ⚠️ Placeholder detected: /home/rafa1215/consensus-project/memory/logs/system/agent_summaries/top10_brainstorm_2025-12-04_0902.md
[2025-12-09 07:08:45] ⚠️ Placeholder detected: /home/rafa1215/consensus-project/memory/logs/system/agent_summaries/top10_brainstorm_2025-12-02_0902.md
[2025-12-09 07:08:45] ⚠️ Placeholder detected: /home/rafa1215/consensus-project/memory/logs/system/agent_summaries/top10_brainstorm_2025-12-06_0902.md
[2025-12-09 07:08:45] ⚠️ Placeholder detected: /home/rafa1215/consensus-project/memory/logs/system/agent_summaries/top10_brainstorm_2025-11-29_0902.md
[2025-12-09 07:08:45] ⚠️ Placeholder detected: /home/rafa1215/consensus-project/memory/logs/system/agent_summaries/top10_suggestions_2025-12-06_0902.md
[2025-12-09 07:08:45] ⚠️ Placeholder detected: /home/rafa1215/consensus-project/memory/logs/system/agent_summaries/top10_optimization_2025-12-05_0902.md
[2025-12-09 07:08:45] ⚠️ Placeholder detected: /home/rafa1215/consensus-project/memory/logs/system/agent_summaries/top10_optimization_2025-12-01_0902.md
[2025-12-09 07:08:45] ⚠️ Placeholder detected: /home/rafa1215/consensus-project/memory/logs/system/agent_summaries/top10_optimization_2025-12-08_0902.md
[2025-12-09 07:08:45] ⚠️ Placeholder detected: /home/rafa1215/consensus-project/memory/logs/system/agent_summaries/top10_brainstorm_2025-12-09_0902.md
[2025-12-09 07:08:45] ⚠️ Placeholder detected: /home/rafa1215/consensus-project/memory/logs/system/agent_summaries/top10_optimization_2025-11-30_0902.md
[2025-12-09 07:08:45] ⚠️ Placeholder detected: /home/rafa1215/consensus-project/memory/logs/system/agent_summaries/top10_suggestions_2025-11-30_0902.md
[2025-12-09 07:08:45] ⚠️ Placeholder detected: /home/rafa1215/consensus-project/memory/logs/system/agent_summaries/top10_suggestions_2025-12-09_0902.md
[2025-12-09 07:08:45] ⚠️ Placeholder detected: /home/rafa1215/consensus-project/memory/logs/system/agent_summaries/top10_optimization_2025-11-29_0902.md
[2025-12-09 07:08:45] ⚠️ Placeholder detected: /home/rafa1215/consensus-project/memory/logs/system/agent_summaries/top10_brainstorm_2025-12-01_0902.md
[2025-12-09 07:08:45] ⚠️ Placeholder detected: /home/rafa1215/consensus-project/memory/logs/system/agent_summaries/top10_brainstorm_2025-12-08_0902.md
[2025-12-09 07:08:45] ⚠️ Placeholder detected: /home/rafa1215/consensus-project/memory/logs/system/agent_summaries/top10_brainstorm_2025-12-03_0902.md
[2025-12-09 07:08:45] ⚠️ Placeholder detected: /home/rafa1215/consensus-project/memory/logs/system/agent_summaries/top10_brainstorm_2025-12-05_0902.md
[2025-12-09 07:08:45] ⚠️ Placeholder detected: /home/rafa1215/consensus-project/memory/logs/system/agent_summaries/top10_suggestions_2025-12-05_0902.md
[2025-12-09 07:08:45] ⚠️ Placeholder detected: /home/rafa1215/consensus-project/memory/logs/system/agent_summaries/top10_optimization_2025-12-04_0902.md
[2025-12-09 07:08:45] ⚠️ Placeholder detected: /home/rafa1215/consensus-project/memory/logs/system/agent_summaries/top10_optimization_2025-12-06_0902.md
[2025-12-09 07:08:45] ⚠️ Placeholder detected: /home/rafa1215/consensus-project/memory/logs/system/agent_summaries/top10_suggestions_2025-11-29_0902.md
[2025-12-09 07:08:45] ⚠️ Placeholder detected: /home/rafa1215/consensus-project/memory/logs/system/agent_summaries/top10_optimization_2025-12-09_0902.md
[2025-12-09 07:08:45] ♻️  Placeholder or missing Top-10 detected — regenerating...
[2025-12-09 07:08:47] ⚠️  Missing or outdated daily summaries detected — regenerating.
[2025-12-09 07:08:47] ✅ Generated summaries for 2025-12-06
[2025-12-09 07:08:47] ✅ Generated summaries for 2025-12-07
[2025-12-09 07:08:47] ✅ Generated summaries for 2025-12-08
[2025-12-09 07:08:47] ✅ Generated summaries for 2025-12-09
[2025-12-09 07:08:47] ✅ Summary generation complete (4 day(s))
[2025-12-09 07:08:47] ✅ Updated Top-10 digest index.
[2025-12-09 07:08:47] 📦 Archived 5 Top-10 files older than 7 days.
[2025-12-09 07:08:47] ✅ Auto-Repair Suite completed successfully.
[2025-12-09 07:08:47] 🚀 Auto-Repair Suite started.
[2025-12-09 07:08:47] ⚠️ Placeholder detected: /home/rafa1215/consensus-project/memory/logs/system/agent_summaries/top10_suggestions_2025-12-08_0902.md
[2025-12-09 07:08:47] ⚠️ Placeholder detected: /home/rafa1215/consensus-project/memory/logs/system/agent_summaries/top10_suggestions_2025-12-02_0902.md
[2025-12-09 07:08:47] ⚠️ Placeholder detected: /home/rafa1215/consensus-project/memory/logs/system/agent_summaries/top10_suggestions_2025-12-07_0902.md
[2025-12-09 07:08:47] ⚠️ Placeholder detected: /home/rafa1215/consensus-project/memory/logs/system/agent_summaries/top10_optimization_2025-12-02_0902.md
[2025-12-09 07:08:47] ⚠️ Placeholder detected: /home/rafa1215/consensus-project/memory/logs/system/agent_summaries/top10_suggestions_2025-12-04_0902.md
[2025-12-09 07:08:47] ⚠️ Placeholder detected: /home/rafa1215/consensus-project/memory/logs/system/agent_summaries/top10_suggestions_2025-12-01_0902.md
[2025-12-09 07:08:47] ⚠️ Placeholder detected: /home/rafa1215/consensus-project/memory/logs/system/agent_summaries/top10_optimization_2025-12-07_0902.md
[2025-12-09 07:08:47] ⚠️ Placeholder detected: /home/rafa1215/consensus-project/memory/logs/system/agent_summaries/top10_brainstorm_2025-12-07_0902.md
[2025-12-09 07:08:48] ⚠️ Placeholder detected: /home/rafa1215/consensus-project/memory/logs/system/agent_summaries/top10_suggestions_2025-12-03_0902.md
[2025-12-09 07:08:48] ⚠️ Placeholder detected: /home/rafa1215/consensus-project/memory/logs/system/agent_summaries/top10_optimization_2025-12-03_0902.md
[2025-12-09 07:08:48] ⚠️ Placeholder detected: /home/rafa1215/consensus-project/memory/logs/system/agent_summaries/top10_brainstorm_2025-11-30_0902.md
[2025-12-09 07:08:48] ⚠️ Placeholder detected: /home/rafa1215/consensus-project/memory/logs/system/agent_summaries/top10_brainstorm_2025-12-04_0902.md
[2025-12-09 07:08:48] ⚠️ Placeholder detected: /home/rafa1215/consensus-project/memory/logs/system/agent_summaries/top10_brainstorm_2025-12-02_0902.md
[2025-12-09 07:08:48] ⚠️ Placeholder detected: /home/rafa1215/consensus-project/memory/logs/system/agent_summaries/top10_brainstorm_2025-12-06_0902.md
[2025-12-09 07:08:48] ⚠️ Placeholder detected: /home/rafa1215/consensus-project/memory/logs/system/agent_summaries/top10_brainstorm_2025-11-29_0902.md
[2025-12-09 07:08:48] ⚠️ Placeholder detected: /home/rafa1215/consensus-project/memory/logs/system/agent_summaries/top10_suggestions_2025-12-06_0902.md
[2025-12-09 07:08:48] ⚠️ Placeholder detected: /home/rafa1215/consensus-project/memory/logs/system/agent_summaries/top10_optimization_2025-12-05_0902.md
[2025-12-09 07:08:48] ⚠️ Placeholder detected: /home/rafa1215/consensus-project/memory/logs/system/agent_summaries/top10_optimization_2025-12-01_0902.md
[2025-12-09 07:08:48] ⚠️ Placeholder detected: /home/rafa1215/consensus-project/memory/logs/system/agent_summaries/top10_optimization_2025-12-08_0902.md
[2025-12-09 07:08:48] ⚠️ Placeholder detected: /home/rafa1215/consensus-project/memory/logs/system/agent_summaries/top10_brainstorm_2025-12-09_0902.md
[2025-12-09 07:08:48] ⚠️ Placeholder detected: /home/rafa1215/consensus-project/memory/logs/system/agent_summaries/top10_optimization_2025-11-30_0902.md
[2025-12-09 07:08:48] ⚠️ Placeholder detected: /home/rafa1215/consensus-project/memory/logs/system/agent_summaries/top10_suggestions_2025-11-30_0902.md
[2025-12-09 07:08:48] ⚠️ Placeholder detected: /home/rafa1215/consensus-project/memory/logs/system/agent_summaries/top10_suggestions_2025-12-09_0902.md
[2025-12-09 07:08:48] ⚠️ Placeholder detected: /home/rafa1215/consensus-project/memory/logs/system/agent_summaries/top10_optimization_2025-11-29_0902.md
[2025-12-09 07:08:48] ⚠️ Placeholder detected: /home/rafa1215/consensus-project/memory/logs/system/agent_summaries/top10_brainstorm_2025-12-01_0902.md
[2025-12-09 07:08:48] ⚠️ Placeholder detected: /home/rafa1215/consensus-project/memory/logs/system/agent_summaries/top10_brainstorm_2025-12-08_0902.md
[2025-12-09 07:08:48] ⚠️ Placeholder detected: /home/rafa1215/consensus-project/memory/logs/system/agent_summaries/top10_brainstorm_2025-12-03_0902.md
[2025-12-09 07:08:48] ⚠️ Placeholder detected: /home/rafa1215/consensus-project/memory/logs/system/agent_summaries/top10_brainstorm_2025-12-05_0902.md
[2025-12-09 07:08:48] ⚠️ Placeholder detected: /home/rafa1215/consensus-project/memory/logs/system/agent_summaries/top10_suggestions_2025-12-05_0902.md
[2025-12-09 07:08:48] ⚠️ Placeholder detected: /home/rafa1215/consensus-project/memory/logs/system/agent_summaries/top10_optimization_2025-12-04_0902.md
[2025-12-09 07:08:48] ⚠️ Placeholder detected: /home/rafa1215/consensus-project/memory/logs/system/agent_summaries/top10_optimization_2025-12-06_0902.md
[2025-12-09 07:08:48] ⚠️ Placeholder detected: /home/rafa1215/consensus-project/memory/logs/system/agent_summaries/top10_suggestions_2025-11-29_0902.md
[2025-12-09 07:08:48] ⚠️ Placeholder detected: /home/rafa1215/consensus-project/memory/logs/system/agent_summaries/top10_optimization_2025-12-09_0902.md
[2025-12-09 07:08:48] ♻️  Placeholder or missing Top-10 detected — regenerating...
[2025-12-09 07:08:49] ⚠️  Missing or outdated daily summaries detected — regenerating.
[2025-12-09 07:08:49] ✅ Generated summaries for 2025-12-06
[2025-12-09 07:08:50] ✅ Generated summaries for 2025-12-07
[2025-12-09 07:08:50] ✅ Generated summaries for 2025-12-08
[2025-12-09 07:08:50] ✅ Generated summaries for 2025-12-09
[2025-12-09 07:08:50] ✅ Summary generation complete (4 day(s))
[2025-12-09 07:08:50] ✅ Updated Top-10 digest index.
[2025-12-09 07:08:50] 📦 Archived 0 Top-10 files older than 7 days.
[2025-12-09 07:08:50] ✅ Auto-Repair Suite completed successfully.
[2025-12-09 07:10:25] ✅ Generated summaries for 2025-12-09
[2025-12-09 07:10:25] ✅ Summary generation complete (1 day(s))
[2025-12-09 07:10:25] ✅ Generated summaries for 2025-12-09
[2025-12-09 07:10:25] ✅ Summary generation complete (1 day(s))
[2025-12-09 07:12:34] ⚠️ Placeholder detected: /home/rafa1215/consensus-project/memory/logs/system/agent_summaries/top10_suggestions_2025-12-02_0902.md
[2025-12-09 07:12:34] ⚠️ Placeholder detected: /home/rafa1215/consensus-project/memory/logs/system/agent_summaries/top10_optimization_2025-12-02_0902.md
[2025-12-09 07:12:34] ⚠️ Placeholder detected: /home/rafa1215/consensus-project/memory/logs/system/agent_summaries/top10_suggestions_2025-12-04_0902.md
[2025-12-09 07:12:34] ⚠️ Placeholder detected: /home/rafa1215/consensus-project/memory/logs/system/agent_summaries/top10_suggestions_2025-12-01_0902.md
[2025-12-09 07:12:34] ⚠️ Placeholder detected: /home/rafa1215/consensus-project/memory/logs/system/agent_summaries/top10_suggestions_2025-12-03_0902.md
[2025-12-09 07:12:34] ⚠️ Placeholder detected: /home/rafa1215/consensus-project/memory/logs/system/agent_summaries/top10_optimization_2025-12-03_0902.md
[2025-12-09 07:12:34] ⚠️ Placeholder detected: /home/rafa1215/consensus-project/memory/logs/system/agent_summaries/top10_brainstorm_2025-11-30_0902.md
[2025-12-09 07:12:34] ⚠️ Placeholder detected: /home/rafa1215/consensus-project/memory/logs/system/agent_summaries/top10_brainstorm_2025-12-04_0902.md
[2025-12-09 07:12:34] ⚠️ Placeholder detected: /home/rafa1215/consensus-project/memory/logs/system/agent_summaries/top10_brainstorm_2025-12-02_0902.md
[2025-12-09 07:12:34] ⚠️ Placeholder detected: /home/rafa1215/consensus-project/memory/logs/system/agent_summaries/top10_brainstorm_2025-12-06_0902.md
[2025-12-09 07:12:34] ⚠️ Placeholder detected: /home/rafa1215/consensus-project/memory/logs/system/agent_summaries/top10_brainstorm_2025-11-29_0902.md
[2025-12-09 07:12:34] ⚠️ Placeholder detected: /home/rafa1215/consensus-project/memory/logs/system/agent_summaries/top10_suggestions_2025-12-06_0902.md
[2025-12-09 07:12:34] ⚠️ Placeholder detected: /home/rafa1215/consensus-project/memory/logs/system/agent_summaries/top10_optimization_2025-12-05_0902.md
[2025-12-09 07:12:34] ⚠️ Placeholder detected: /home/rafa1215/consensus-project/memory/logs/system/agent_summaries/top10_optimization_2025-12-01_0902.md
[2025-12-09 07:12:34] ⚠️ Placeholder detected: /home/rafa1215/consensus-project/memory/logs/system/agent_summaries/top10_brainstorm_2025-12-09_0902.md
[2025-12-09 07:12:34] ⚠️ Placeholder detected: /home/rafa1215/consensus-project/memory/logs/system/agent_summaries/top10_optimization_2025-11-30_0902.md
[2025-12-09 07:12:34] ⚠️ Placeholder detected: /home/rafa1215/consensus-project/memory/logs/system/agent_summaries/top10_suggestions_2025-11-30_0902.md
[2025-12-09 07:12:34] ⚠️ Placeholder detected: /home/rafa1215/consensus-project/memory/logs/system/agent_summaries/top10_suggestions_2025-12-09_0902.md
[2025-12-09 07:12:34] ⚠️ Placeholder detected: /home/rafa1215/consensus-project/memory/logs/system/agent_summaries/top10_optimization_2025-11-29_0902.md
[2025-12-09 07:12:34] ⚠️ Placeholder detected: /home/rafa1215/consensus-project/memory/logs/system/agent_summaries/top10_brainstorm_2025-12-01_0902.md
[2025-12-09 07:12:34] ⚠️ Placeholder detected: /home/rafa1215/consensus-project/memory/logs/system/agent_summaries/top10_brainstorm_2025-12-03_0902.md
[2025-12-09 07:12:34] ⚠️ Placeholder detected: /home/rafa1215/consensus-project/memory/logs/system/agent_summaries/top10_brainstorm_2025-12-05_0902.md
[2025-12-09 07:12:34] ⚠️ Placeholder detected: /home/rafa1215/consensus-project/memory/logs/system/agent_summaries/top10_suggestions_2025-12-05_0902.md
[2025-12-09 07:12:34] ⚠️ Placeholder detected: /home/rafa1215/consensus-project/memory/logs/system/agent_summaries/top10_optimization_2025-12-04_0902.md
[2025-12-09 07:12:34] ⚠️ Placeholder detected: /home/rafa1215/consensus-project/memory/logs/system/agent_summaries/top10_optimization_2025-12-06_0902.md
[2025-12-09 07:12:34] ⚠️ Placeholder detected: /home/rafa1215/consensus-project/memory/logs/system/agent_summaries/top10_suggestions_2025-11-29_0902.md
[2025-12-09 07:12:34] ⚠️ Placeholder detected: /home/rafa1215/consensus-project/memory/logs/system/agent_summaries/top10_optimization_2025-12-09_0902.md
[2025-12-09 07:12:34] ♻️  Placeholder or missing Top-10 detected — regenerating...
[2025-12-09 07:12:36] ⚠️ Placeholder detected: /home/rafa1215/consensus-project/memory/logs/system/agent_summaries/top10_suggestions_2025-12-02_0902.md
[2025-12-09 07:12:36] ⚠️ Placeholder detected: /home/rafa1215/consensus-project/memory/logs/system/agent_summaries/top10_optimization_2025-12-02_0902.md
[2025-12-09 07:12:36] ⚠️ Placeholder detected: /home/rafa1215/consensus-project/memory/logs/system/agent_summaries/top10_suggestions_2025-12-04_0902.md
[2025-12-09 07:12:36] ⚠️ Placeholder detected: /home/rafa1215/consensus-project/memory/logs/system/agent_summaries/top10_suggestions_2025-12-01_0902.md
[2025-12-09 07:12:36] ⚠️ Placeholder detected: /home/rafa1215/consensus-project/memory/logs/system/agent_summaries/top10_suggestions_2025-12-03_0902.md
[2025-12-09 07:12:36] ⚠️ Placeholder detected: /home/rafa1215/consensus-project/memory/logs/system/agent_summaries/top10_optimization_2025-12-03_0902.md
[2025-12-09 07:12:36] ⚠️ Placeholder detected: /home/rafa1215/consensus-project/memory/logs/system/agent_summaries/top10_brainstorm_2025-11-30_0902.md
[2025-12-09 07:12:36] ⚠️ Placeholder detected: /home/rafa1215/consensus-project/memory/logs/system/agent_summaries/top10_brainstorm_2025-12-04_0902.md
[2025-12-09 07:12:36] ⚠️ Placeholder detected: /home/rafa1215/consensus-project/memory/logs/system/agent_summaries/top10_brainstorm_2025-12-02_0902.md
[2025-12-09 07:12:36] ⚠️ Placeholder detected: /home/rafa1215/consensus-project/memory/logs/system/agent_summaries/top10_brainstorm_2025-12-06_0902.md
[2025-12-09 07:12:36] ⚠️ Placeholder detected: /home/rafa1215/consensus-project/memory/logs/system/agent_summaries/top10_brainstorm_2025-11-29_0902.md
[2025-12-09 07:12:36] ⚠️ Placeholder detected: /home/rafa1215/consensus-project/memory/logs/system/agent_summaries/top10_suggestions_2025-12-06_0902.md
[2025-12-09 07:12:36] ⚠️ Placeholder detected: /home/rafa1215/consensus-project/memory/logs/system/agent_summaries/top10_optimization_2025-12-05_0902.md
[2025-12-09 07:12:36] ⚠️ Placeholder detected: /home/rafa1215/consensus-project/memory/logs/system/agent_summaries/top10_optimization_2025-12-01_0902.md
[2025-12-09 07:12:36] ⚠️ Placeholder detected: /home/rafa1215/consensus-project/memory/logs/system/agent_summaries/top10_optimization_2025-11-30_0902.md
[2025-12-09 07:12:36] ⚠️ Placeholder detected: /home/rafa1215/consensus-project/memory/logs/system/agent_summaries/top10_suggestions_2025-11-30_0902.md
[2025-12-09 07:12:36] ⚠️ Placeholder detected: /home/rafa1215/consensus-project/memory/logs/system/agent_summaries/top10_optimization_2025-11-29_0902.md
[2025-12-09 07:12:36] ⚠️ Placeholder detected: /home/rafa1215/consensus-project/memory/logs/system/agent_summaries/top10_brainstorm_2025-12-01_0902.md
[2025-12-09 07:12:36] ⚠️ Placeholder detected: /home/rafa1215/consensus-project/memory/logs/system/agent_summaries/top10_brainstorm_2025-12-03_0902.md
[2025-12-09 07:12:36] ⚠️ Placeholder detected: /home/rafa1215/consensus-project/memory/logs/system/agent_summaries/top10_brainstorm_2025-12-05_0902.md
[2025-12-09 07:12:36] ⚠️ Placeholder detected: /home/rafa1215/consensus-project/memory/logs/system/agent_summaries/top10_suggestions_2025-12-05_0902.md
[2025-12-09 07:12:36] ⚠️ Placeholder detected: /home/rafa1215/consensus-project/memory/logs/system/agent_summaries/top10_optimization_2025-12-04_0902.md
[2025-12-09 07:12:36] ⚠️ Placeholder detected: /home/rafa1215/consensus-project/memory/logs/system/agent_summaries/top10_optimization_2025-12-06_0902.md
[2025-12-09 07:12:36] ⚠️ Placeholder detected: /home/rafa1215/consensus-project/memory/logs/system/agent_summaries/top10_suggestions_2025-11-29_0902.md
[2025-12-09 07:12:36] ♻️  Placeholder or missing Top-10 detected — regenerating...
[2025-12-10 07:05:44] ⚠️  Missing or outdated daily summaries detected — regenerating.
[2025-12-10 07:05:44] ✅ Generated summaries for 2025-12-07
[2025-12-10 07:05:44] ✅ Generated summaries for 2025-12-08
[2025-12-10 07:05:44] ✅ Generated summaries for 2025-12-09
[2025-12-10 07:05:44] ✅ Generated summaries for 2025-12-10
[2025-12-10 07:05:44] ✅ Summary generation complete (4 day(s))
[2025-12-10 07:05:44] ⚠️  Missing or outdated daily summaries detected — regenerating.
[2025-12-10 07:05:45] ✅ Generated summaries for 2025-12-07
[2025-12-10 07:05:45] ✅ Generated summaries for 2025-12-08
[2025-12-10 07:05:45] ✅ Generated summaries for 2025-12-09
[2025-12-10 07:05:45] ✅ Generated summaries for 2025-12-10
[2025-12-10 07:05:45] ✅ Summary generation complete (4 day(s))
[2025-12-10 07:07:10] 🔍 Running system file auditor...
[2025-12-10 07:07:15] 🔍 Running system file auditor...
[2025-12-10 07:08:11] 🚀 Auto-Repair Suite started.
[2025-12-10 07:08:11] ⚠️ Placeholder detected: /home/rafa1215/consensus-project/memory/logs/system/agent_summaries/top10_suggestions_2025-12-08_0902.md
[2025-12-10 07:08:11] ⚠️ Placeholder detected: /home/rafa1215/consensus-project/memory/logs/system/agent_summaries/top10_suggestions_2025-12-02_0902.md
[2025-12-10 07:08:11] ⚠️ Placeholder detected: /home/rafa1215/consensus-project/memory/logs/system/agent_summaries/top10_suggestions_2025-12-07_0902.md
[2025-12-10 07:08:11] ⚠️ Placeholder detected: /home/rafa1215/consensus-project/memory/logs/system/agent_summaries/top10_optimization_2025-12-02_0902.md
[2025-12-10 07:08:11] ⚠️ Placeholder detected: /home/rafa1215/consensus-project/memory/logs/system/agent_summaries/top10_suggestions_2025-12-04_0902.md
[2025-12-10 07:08:11] ⚠️ Placeholder detected: /home/rafa1215/consensus-project/memory/logs/system/agent_summaries/top10_suggestions_2025-12-01_0902.md
[2025-12-10 07:08:11] ⚠️ Placeholder detected: /home/rafa1215/consensus-project/memory/logs/system/agent_summaries/top10_optimization_2025-12-07_0902.md
[2025-12-10 07:08:11] ⚠️ Placeholder detected: /home/rafa1215/consensus-project/memory/logs/system/agent_summaries/top10_brainstorm_2025-12-07_0902.md
[2025-12-10 07:08:11] ⚠️ Placeholder detected: /home/rafa1215/consensus-project/memory/logs/system/agent_summaries/top10_suggestions_2025-12-03_0902.md
[2025-12-10 07:08:11] ⚠️ Placeholder detected: /home/rafa1215/consensus-project/memory/logs/system/agent_summaries/top10_optimization_2025-12-03_0902.md
[2025-12-10 07:08:11] ⚠️ Placeholder detected: /home/rafa1215/consensus-project/memory/logs/system/agent_summaries/top10_brainstorm_2025-11-30_0902.md
[2025-12-10 07:08:11] ⚠️ Placeholder detected: /home/rafa1215/consensus-project/memory/logs/system/agent_summaries/top10_brainstorm_2025-12-04_0902.md
[2025-12-10 07:08:11] ⚠️ Placeholder detected: /home/rafa1215/consensus-project/memory/logs/system/agent_summaries/top10_brainstorm_2025-12-02_0902.md
[2025-12-10 07:08:11] ⚠️ Placeholder detected: /home/rafa1215/consensus-project/memory/logs/system/agent_summaries/top10_brainstorm_2025-12-06_0902.md
[2025-12-10 07:08:11] ⚠️ Placeholder detected: /home/rafa1215/consensus-project/memory/logs/system/agent_summaries/top10_suggestions_2025-12-10_0902.md
[2025-12-10 07:08:11] ⚠️ Placeholder detected: /home/rafa1215/consensus-project/memory/logs/system/agent_summaries/top10_brainstorm_2025-12-10_0902.md
[2025-12-10 07:08:11] ⚠️ Placeholder detected: /home/rafa1215/consensus-project/memory/logs/system/agent_summaries/top10_brainstorm_2025-11-29_0902.md
[2025-12-10 07:08:11] ⚠️ Placeholder detected: /home/rafa1215/consensus-project/memory/logs/system/agent_summaries/top10_suggestions_2025-12-06_0902.md
[2025-12-10 07:08:11] ⚠️ Placeholder detected: /home/rafa1215/consensus-project/memory/logs/system/agent_summaries/top10_optimization_2025-12-05_0902.md
[2025-12-10 07:08:11] ⚠️ Placeholder detected: /home/rafa1215/consensus-project/memory/logs/system/agent_summaries/top10_optimization_2025-12-01_0902.md
[2025-12-10 07:08:11] ⚠️ Placeholder detected: /home/rafa1215/consensus-project/memory/logs/system/agent_summaries/top10_optimization_2025-12-08_0902.md
[2025-12-10 07:08:11] ⚠️ Placeholder detected: /home/rafa1215/consensus-project/memory/logs/system/agent_summaries/top10_brainstorm_2025-12-09_0902.md
[2025-12-10 07:08:11] ⚠️ Placeholder detected: /home/rafa1215/consensus-project/memory/logs/system/agent_summaries/top10_optimization_2025-11-30_0902.md
[2025-12-10 07:08:11] ⚠️ Placeholder detected: /home/rafa1215/consensus-project/memory/logs/system/agent_summaries/top10_suggestions_2025-11-30_0902.md
[2025-12-10 07:08:11] ⚠️ Placeholder detected: /home/rafa1215/consensus-project/memory/logs/system/agent_summaries/top10_suggestions_2025-12-09_0902.md
[2025-12-10 07:08:11] ⚠️ Placeholder detected: /home/rafa1215/consensus-project/memory/logs/system/agent_summaries/top10_optimization_2025-11-29_0902.md
[2025-12-10 07:08:11] ⚠️ Placeholder detected: /home/rafa1215/consensus-project/memory/logs/system/agent_summaries/top10_brainstorm_2025-12-01_0902.md
[2025-12-10 07:08:11] ⚠️ Placeholder detected: /home/rafa1215/consensus-project/memory/logs/system/agent_summaries/top10_optimization_2025-12-10_0902.md
[2025-12-10 07:08:11] ⚠️ Placeholder detected: /home/rafa1215/consensus-project/memory/logs/system/agent_summaries/top10_brainstorm_2025-12-08_0902.md
[2025-12-10 07:08:11] ⚠️ Placeholder detected: /home/rafa1215/consensus-project/memory/logs/system/agent_summaries/top10_brainstorm_2025-12-03_0902.md
[2025-12-10 07:08:11] ⚠️ Placeholder detected: /home/rafa1215/consensus-project/memory/logs/system/agent_summaries/top10_brainstorm_2025-12-05_0902.md
[2025-12-10 07:08:11] ⚠️ Placeholder detected: /home/rafa1215/consensus-project/memory/logs/system/agent_summaries/top10_suggestions_2025-12-05_0902.md
[2025-12-10 07:08:11] ⚠️ Placeholder detected: /home/rafa1215/consensus-project/memory/logs/system/agent_summaries/top10_optimization_2025-12-04_0902.md
[2025-12-10 07:08:11] ⚠️ Placeholder detected: /home/rafa1215/consensus-project/memory/logs/system/agent_summaries/top10_optimization_2025-12-06_0902.md
[2025-12-10 07:08:11] ⚠️ Placeholder detected: /home/rafa1215/consensus-project/memory/logs/system/agent_summaries/top10_suggestions_2025-11-29_0902.md
[2025-12-10 07:08:11] ⚠️ Placeholder detected: /home/rafa1215/consensus-project/memory/logs/system/agent_summaries/top10_optimization_2025-12-09_0902.md
[2025-12-10 07:08:11] ♻️  Placeholder or missing Top-10 detected — regenerating...
[2025-12-10 07:08:12] ⚠️  Missing or outdated daily summaries detected — regenerating.
[2025-12-10 07:08:12] ✅ Generated summaries for 2025-12-07
[2025-12-10 07:08:12] ✅ Generated summaries for 2025-12-08
[2025-12-10 07:08:12] ✅ Generated summaries for 2025-12-09
[2025-12-10 07:08:12] ✅ Generated summaries for 2025-12-10
[2025-12-10 07:08:12] ✅ Summary generation complete (4 day(s))
[2025-12-10 07:08:13] ✅ Updated Top-10 digest index.
[2025-12-10 07:08:13] 📦 Archived 26 Top-10 files older than 7 days.
[2025-12-10 07:08:13] ✅ Auto-Repair Suite completed successfully.
[2025-12-10 07:08:13] 🚀 Auto-Repair Suite started.
[2025-12-10 07:08:13] ⚠️ Placeholder detected: /home/rafa1215/consensus-project/memory/logs/system/agent_summaries/top10_suggestions_2025-12-08_0902.md
[2025-12-10 07:08:13] ⚠️ Placeholder detected: /home/rafa1215/consensus-project/memory/logs/system/agent_summaries/top10_suggestions_2025-12-02_0902.md
[2025-12-10 07:08:13] ⚠️ Placeholder detected: /home/rafa1215/consensus-project/memory/logs/system/agent_summaries/top10_suggestions_2025-12-07_0902.md
[2025-12-10 07:08:13] ⚠️ Placeholder detected: /home/rafa1215/consensus-project/memory/logs/system/agent_summaries/top10_optimization_2025-12-02_0902.md
[2025-12-10 07:08:13] ⚠️ Placeholder detected: /home/rafa1215/consensus-project/memory/logs/system/agent_summaries/top10_suggestions_2025-12-04_0902.md
[2025-12-10 07:08:13] ⚠️ Placeholder detected: /home/rafa1215/consensus-project/memory/logs/system/agent_summaries/top10_suggestions_2025-12-01_0902.md
[2025-12-10 07:08:13] ⚠️ Placeholder detected: /home/rafa1215/consensus-project/memory/logs/system/agent_summaries/top10_optimization_2025-12-07_0902.md
[2025-12-10 07:08:13] ⚠️ Placeholder detected: /home/rafa1215/consensus-project/memory/logs/system/agent_summaries/top10_brainstorm_2025-12-07_0902.md
[2025-12-10 07:08:13] ⚠️ Placeholder detected: /home/rafa1215/consensus-project/memory/logs/system/agent_summaries/top10_suggestions_2025-12-03_0902.md
[2025-12-10 07:08:13] ⚠️ Placeholder detected: /home/rafa1215/consensus-project/memory/logs/system/agent_summaries/top10_optimization_2025-12-03_0902.md
[2025-12-10 07:08:13] ⚠️ Placeholder detected: /home/rafa1215/consensus-project/memory/logs/system/agent_summaries/top10_brainstorm_2025-11-30_0902.md
[2025-12-10 07:08:13] ⚠️ Placeholder detected: /home/rafa1215/consensus-project/memory/logs/system/agent_summaries/top10_brainstorm_2025-12-04_0902.md
[2025-12-10 07:08:13] ⚠️ Placeholder detected: /home/rafa1215/consensus-project/memory/logs/system/agent_summaries/top10_brainstorm_2025-12-02_0902.md
[2025-12-10 07:08:13] ⚠️ Placeholder detected: /home/rafa1215/consensus-project/memory/logs/system/agent_summaries/top10_brainstorm_2025-12-06_0902.md
[2025-12-10 07:08:13] ⚠️ Placeholder detected: /home/rafa1215/consensus-project/memory/logs/system/agent_summaries/top10_suggestions_2025-12-10_0902.md
[2025-12-10 07:08:13] ⚠️ Placeholder detected: /home/rafa1215/consensus-project/memory/logs/system/agent_summaries/top10_brainstorm_2025-12-10_0902.md
[2025-12-10 07:08:13] ⚠️ Placeholder detected: /home/rafa1215/consensus-project/memory/logs/system/agent_summaries/top10_suggestions_2025-12-06_0902.md
[2025-12-10 07:08:13] ⚠️ Placeholder detected: /home/rafa1215/consensus-project/memory/logs/system/agent_summaries/top10_optimization_2025-12-05_0902.md
[2025-12-10 07:08:13] ⚠️ Placeholder detected: /home/rafa1215/consensus-project/memory/logs/system/agent_summaries/top10_optimization_2025-12-01_0902.md
[2025-12-10 07:08:13] ⚠️ Placeholder detected: /home/rafa1215/consensus-project/memory/logs/system/agent_summaries/top10_optimization_2025-12-08_0902.md
[2025-12-10 07:08:13] ⚠️ Placeholder detected: /home/rafa1215/consensus-project/memory/logs/system/agent_summaries/top10_brainstorm_2025-12-09_0902.md
[2025-12-10 07:08:13] ⚠️ Placeholder detected: /home/rafa1215/consensus-project/memory/logs/system/agent_summaries/top10_optimization_2025-11-30_0902.md
[2025-12-10 07:08:13] ⚠️ Placeholder detected: /home/rafa1215/consensus-project/memory/logs/system/agent_summaries/top10_suggestions_2025-11-30_0902.md
[2025-12-10 07:08:13] ⚠️ Placeholder detected: /home/rafa1215/consensus-project/memory/logs/system/agent_summaries/top10_suggestions_2025-12-09_0902.md
[2025-12-10 07:08:13] ⚠️ Placeholder detected: /home/rafa1215/consensus-project/memory/logs/system/agent_summaries/top10_brainstorm_2025-12-01_0902.md
[2025-12-10 07:08:13] ⚠️ Placeholder detected: /home/rafa1215/consensus-project/memory/logs/system/agent_summaries/top10_optimization_2025-12-10_0902.md
[2025-12-10 07:08:13] ⚠️ Placeholder detected: /home/rafa1215/consensus-project/memory/logs/system/agent_summaries/top10_brainstorm_2025-12-08_0902.md
[2025-12-10 07:08:13] ⚠️ Placeholder detected: /home/rafa1215/consensus-project/memory/logs/system/agent_summaries/top10_brainstorm_2025-12-03_0902.md
[2025-12-10 07:08:13] ⚠️ Placeholder detected: /home/rafa1215/consensus-project/memory/logs/system/agent_summaries/top10_brainstorm_2025-12-05_0902.md
[2025-12-10 07:08:13] ⚠️ Placeholder detected: /home/rafa1215/consensus-project/memory/logs/system/agent_summaries/top10_suggestions_2025-12-05_0902.md
[2025-12-10 07:08:13] ⚠️ Placeholder detected: /home/rafa1215/consensus-project/memory/logs/system/agent_summaries/top10_optimization_2025-12-04_0902.md
[2025-12-10 07:08:13] ⚠️ Placeholder detected: /home/rafa1215/consensus-project/memory/logs/system/agent_summaries/top10_optimization_2025-12-06_0902.md
[2025-12-10 07:08:13] ⚠️ Placeholder detected: /home/rafa1215/consensus-project/memory/logs/system/agent_summaries/top10_optimization_2025-12-09_0902.md
[2025-12-10 07:08:13] ♻️  Placeholder or missing Top-10 detected — regenerating...
[2025-12-10 07:08:16] ⚠️  Missing or outdated daily summaries detected — regenerating.
[2025-12-10 07:08:16] ✅ Generated summaries for 2025-12-07
[2025-12-10 07:08:16] ✅ Generated summaries for 2025-12-08
[2025-12-10 07:08:16] ✅ Generated summaries for 2025-12-09
[2025-12-10 07:08:16] ✅ Generated summaries for 2025-12-10
[2025-12-10 07:08:16] ✅ Summary generation complete (4 day(s))
[2025-12-10 07:08:16] ✅ Updated Top-10 digest index.
[2025-12-10 07:08:16] 📦 Archived 0 Top-10 files older than 7 days.
[2025-12-10 07:08:16] ✅ Auto-Repair Suite completed successfully.
[2025-12-10 07:09:45] ✅ Generated summaries for 2025-12-10
[2025-12-10 07:09:45] ✅ Summary generation complete (1 day(s))
[2025-12-10 07:09:45] ✅ Generated summaries for 2025-12-10
[2025-12-10 07:09:45] ✅ Summary generation complete (1 day(s))
[2025-12-10 07:11:52] ⚠️ Placeholder detected: /home/rafa1215/consensus-project/memory/logs/system/agent_summaries/top10_suggestions_2025-12-02_0902.md
[2025-12-10 07:11:52] ⚠️ Placeholder detected: /home/rafa1215/consensus-project/memory/logs/system/agent_summaries/top10_suggestions_2025-12-07_0902.md
[2025-12-10 07:11:52] ⚠️ Placeholder detected: /home/rafa1215/consensus-project/memory/logs/system/agent_summaries/top10_optimization_2025-12-02_0902.md
[2025-12-10 07:11:52] ⚠️ Placeholder detected: /home/rafa1215/consensus-project/memory/logs/system/agent_summaries/top10_suggestions_2025-12-04_0902.md
[2025-12-10 07:11:52] ⚠️ Placeholder detected: /home/rafa1215/consensus-project/memory/logs/system/agent_summaries/top10_suggestions_2025-12-01_0902.md
[2025-12-10 07:11:52] ⚠️ Placeholder detected: /home/rafa1215/consensus-project/memory/logs/system/agent_summaries/top10_optimization_2025-12-07_0902.md
[2025-12-10 07:11:52] ⚠️ Placeholder detected: /home/rafa1215/consensus-project/memory/logs/system/agent_summaries/top10_brainstorm_2025-12-07_0902.md
[2025-12-10 07:11:52] ⚠️ Placeholder detected: /home/rafa1215/consensus-project/memory/logs/system/agent_summaries/top10_suggestions_2025-12-03_0902.md
[2025-12-10 07:11:52] ⚠️ Placeholder detected: /home/rafa1215/consensus-project/memory/logs/system/agent_summaries/top10_optimization_2025-12-03_0902.md
[2025-12-10 07:11:52] ⚠️ Placeholder detected: /home/rafa1215/consensus-project/memory/logs/system/agent_summaries/top10_brainstorm_2025-11-30_0902.md
[2025-12-10 07:11:52] ⚠️ Placeholder detected: /home/rafa1215/consensus-project/memory/logs/system/agent_summaries/top10_brainstorm_2025-12-04_0902.md
[2025-12-10 07:11:52] ⚠️ Placeholder detected: /home/rafa1215/consensus-project/memory/logs/system/agent_summaries/top10_brainstorm_2025-12-02_0902.md
[2025-12-10 07:11:52] ⚠️ Placeholder detected: /home/rafa1215/consensus-project/memory/logs/system/agent_summaries/top10_brainstorm_2025-12-06_0902.md
[2025-12-10 07:11:52] ⚠️ Placeholder detected: /home/rafa1215/consensus-project/memory/logs/system/agent_summaries/top10_suggestions_2025-12-10_0902.md
[2025-12-10 07:11:52] ⚠️ Placeholder detected: /home/rafa1215/consensus-project/memory/logs/system/agent_summaries/top10_brainstorm_2025-12-10_0902.md
[2025-12-10 07:11:52] ⚠️ Placeholder detected: /home/rafa1215/consensus-project/memory/logs/system/agent_summaries/top10_suggestions_2025-12-06_0902.md
[2025-12-10 07:11:52] ⚠️ Placeholder detected: /home/rafa1215/consensus-project/memory/logs/system/agent_summaries/top10_optimization_2025-12-05_0902.md
[2025-12-10 07:11:52] ⚠️ Placeholder detected: /home/rafa1215/consensus-project/memory/logs/system/agent_summaries/top10_optimization_2025-12-01_0902.md
[2025-12-10 07:11:52] ⚠️ Placeholder detected: /home/rafa1215/consensus-project/memory/logs/system/agent_summaries/top10_optimization_2025-11-30_0902.md
[2025-12-10 07:11:52] ⚠️ Placeholder detected: /home/rafa1215/consensus-project/memory/logs/system/agent_summaries/top10_suggestions_2025-11-30_0902.md
[2025-12-10 07:11:52] ⚠️ Placeholder detected: /home/rafa1215/consensus-project/memory/logs/system/agent_summaries/top10_brainstorm_2025-12-01_0902.md
[2025-12-10 07:11:52] ⚠️ Placeholder detected: /home/rafa1215/consensus-project/memory/logs/system/agent_summaries/top10_optimization_2025-12-10_0902.md
[2025-12-10 07:11:52] ⚠️ Placeholder detected: /home/rafa1215/consensus-project/memory/logs/system/agent_summaries/top10_brainstorm_2025-12-03_0902.md
[2025-12-10 07:11:52] ⚠️ Placeholder detected: /home/rafa1215/consensus-project/memory/logs/system/agent_summaries/top10_brainstorm_2025-12-05_0902.md
[2025-12-10 07:11:52] ⚠️ Placeholder detected: /home/rafa1215/consensus-project/memory/logs/system/agent_summaries/top10_suggestions_2025-12-05_0902.md
[2025-12-10 07:11:52] ⚠️ Placeholder detected: /home/rafa1215/consensus-project/memory/logs/system/agent_summaries/top10_optimization_2025-12-04_0902.md
[2025-12-10 07:11:52] ⚠️ Placeholder detected: /home/rafa1215/consensus-project/memory/logs/system/agent_summaries/top10_optimization_2025-12-06_0902.md
[2025-12-10 07:11:52] ♻️  Placeholder or missing Top-10 detected — regenerating...
[2025-12-10 07:11:53] ⚠️ Placeholder detected: /home/rafa1215/consensus-project/memory/logs/system/agent_summaries/top10_suggestions_2025-12-02_0902.md
[2025-12-10 07:11:53] ⚠️ Placeholder detected: /home/rafa1215/consensus-project/memory/logs/system/agent_summaries/top10_suggestions_2025-12-07_0902.md
[2025-12-10 07:11:53] ⚠️ Placeholder detected: /home/rafa1215/consensus-project/memory/logs/system/agent_summaries/top10_optimization_2025-12-02_0902.md
[2025-12-10 07:11:53] ⚠️ Placeholder detected: /home/rafa1215/consensus-project/memory/logs/system/agent_summaries/top10_suggestions_2025-12-04_0902.md
[2025-12-10 07:11:53] ⚠️ Placeholder detected: /home/rafa1215/consensus-project/memory/logs/system/agent_summaries/top10_suggestions_2025-12-01_0902.md
[2025-12-10 07:11:53] ⚠️ Placeholder detected: /home/rafa1215/consensus-project/memory/logs/system/agent_summaries/top10_optimization_2025-12-07_0902.md
[2025-12-10 07:11:53] ⚠️ Placeholder detected: /home/rafa1215/consensus-project/memory/logs/system/agent_summaries/top10_brainstorm_2025-12-07_0902.md
[2025-12-10 07:11:53] ⚠️ Placeholder detected: /home/rafa1215/consensus-project/memory/logs/system/agent_summaries/top10_suggestions_2025-12-03_0902.md
[2025-12-10 07:11:53] ⚠️ Placeholder detected: /home/rafa1215/consensus-project/memory/logs/system/agent_summaries/top10_optimization_2025-12-03_0902.md
[2025-12-10 07:11:53] ⚠️ Placeholder detected: /home/rafa1215/consensus-project/memory/logs/system/agent_summaries/top10_brainstorm_2025-11-30_0902.md
[2025-12-10 07:11:53] ⚠️ Placeholder detected: /home/rafa1215/consensus-project/memory/logs/system/agent_summaries/top10_brainstorm_2025-12-04_0902.md
[2025-12-10 07:11:53] ⚠️ Placeholder detected: /home/rafa1215/consensus-project/memory/logs/system/agent_summaries/top10_brainstorm_2025-12-02_0902.md
[2025-12-10 07:11:53] ⚠️ Placeholder detected: /home/rafa1215/consensus-project/memory/logs/system/agent_summaries/top10_brainstorm_2025-12-06_0902.md
[2025-12-10 07:11:53] ⚠️ Placeholder detected: /home/rafa1215/consensus-project/memory/logs/system/agent_summaries/top10_suggestions_2025-12-06_0902.md
[2025-12-10 07:11:53] ⚠️ Placeholder detected: /home/rafa1215/consensus-project/memory/logs/system/agent_summaries/top10_optimization_2025-12-05_0902.md
[2025-12-10 07:11:53] ⚠️ Placeholder detected: /home/rafa1215/consensus-project/memory/logs/system/agent_summaries/top10_optimization_2025-12-01_0902.md
[2025-12-10 07:11:53] ⚠️ Placeholder detected: /home/rafa1215/consensus-project/memory/logs/system/agent_summaries/top10_optimization_2025-11-30_0902.md
[2025-12-10 07:11:53] ⚠️ Placeholder detected: /home/rafa1215/consensus-project/memory/logs/system/agent_summaries/top10_suggestions_2025-11-30_0902.md
[2025-12-10 07:11:53] ⚠️ Placeholder detected: /home/rafa1215/consensus-project/memory/logs/system/agent_summaries/top10_brainstorm_2025-12-01_0902.md
[2025-12-10 07:11:53] ⚠️ Placeholder detected: /home/rafa1215/consensus-project/memory/logs/system/agent_summaries/top10_brainstorm_2025-12-03_0902.md
[2025-12-10 07:11:53] ⚠️ Placeholder detected: /home/rafa1215/consensus-project/memory/logs/system/agent_summaries/top10_brainstorm_2025-12-05_0902.md
[2025-12-10 07:11:53] ⚠️ Placeholder detected: /home/rafa1215/consensus-project/memory/logs/system/agent_summaries/top10_suggestions_2025-12-05_0902.md
[2025-12-10 07:11:53] ⚠️ Placeholder detected: /home/rafa1215/consensus-project/memory/logs/system/agent_summaries/top10_optimization_2025-12-04_0902.md
[2025-12-10 07:11:53] ⚠️ Placeholder detected: /home/rafa1215/consensus-project/memory/logs/system/agent_summaries/top10_optimization_2025-12-06_0902.md
[2025-12-10 07:11:53] ♻️  Placeholder or missing Top-10 detected — regenerating...
[2025-12-11 07:06:06] ⚠️  Missing or outdated daily summaries detected — regenerating.
[2025-12-11 07:06:06] ✅ Generated summaries for 2025-12-08
[2025-12-11 07:06:06] ✅ Generated summaries for 2025-12-09
[2025-12-11 07:06:06] ✅ Generated summaries for 2025-12-10
[2025-12-11 07:06:06] ✅ Generated summaries for 2025-12-11
[2025-12-11 07:06:06] ✅ Summary generation complete (4 day(s))
[2025-12-11 07:06:06] ⚠️  Missing or outdated daily summaries detected — regenerating.
[2025-12-11 07:06:06] ✅ Generated summaries for 2025-12-08
[2025-12-11 07:06:06] ✅ Generated summaries for 2025-12-09
[2025-12-11 07:06:06] ✅ Generated summaries for 2025-12-10
[2025-12-11 07:06:07] ✅ Generated summaries for 2025-12-11
[2025-12-11 07:06:07] ✅ Summary generation complete (4 day(s))
[2025-12-11 07:07:37] 🔍 Running system file auditor...
[2025-12-11 07:07:42] 🔍 Running system file auditor...
[2025-12-11 07:08:43] 🚀 Auto-Repair Suite started.
[2025-12-11 07:08:43] ⚠️ Placeholder detected: /home/rafa1215/consensus-project/memory/logs/system/agent_summaries/top10_suggestions_2025-12-08_0902.md
[2025-12-11 07:08:43] ⚠️ Placeholder detected: /home/rafa1215/consensus-project/memory/logs/system/agent_summaries/top10_suggestions_2025-12-02_0902.md
[2025-12-11 07:08:43] ⚠️ Placeholder detected: /home/rafa1215/consensus-project/memory/logs/system/agent_summaries/top10_suggestions_2025-12-07_0902.md
[2025-12-11 07:08:43] ⚠️ Placeholder detected: /home/rafa1215/consensus-project/memory/logs/system/agent_summaries/top10_optimization_2025-12-02_0902.md
[2025-12-11 07:08:43] ⚠️ Placeholder detected: /home/rafa1215/consensus-project/memory/logs/system/agent_summaries/top10_brainstorm_2025-12-11_0902.md
[2025-12-11 07:08:43] ⚠️ Placeholder detected: /home/rafa1215/consensus-project/memory/logs/system/agent_summaries/top10_suggestions_2025-12-04_0902.md
[2025-12-11 07:08:43] ⚠️ Placeholder detected: /home/rafa1215/consensus-project/memory/logs/system/agent_summaries/top10_suggestions_2025-12-01_0902.md
[2025-12-11 07:08:43] ⚠️ Placeholder detected: /home/rafa1215/consensus-project/memory/logs/system/agent_summaries/top10_optimization_2025-12-07_0902.md
[2025-12-11 07:08:43] ⚠️ Placeholder detected: /home/rafa1215/consensus-project/memory/logs/system/agent_summaries/top10_brainstorm_2025-12-07_0902.md
[2025-12-11 07:08:43] ⚠️ Placeholder detected: /home/rafa1215/consensus-project/memory/logs/system/agent_summaries/top10_optimization_2025-12-11_0902.md
[2025-12-11 07:08:43] ⚠️ Placeholder detected: /home/rafa1215/consensus-project/memory/logs/system/agent_summaries/top10_suggestions_2025-12-03_0902.md
[2025-12-11 07:08:43] ⚠️ Placeholder detected: /home/rafa1215/consensus-project/memory/logs/system/agent_summaries/top10_optimization_2025-12-03_0902.md
[2025-12-11 07:08:43] ⚠️ Placeholder detected: /home/rafa1215/consensus-project/memory/logs/system/agent_summaries/top10_brainstorm_2025-11-30_0902.md
[2025-12-11 07:08:43] ⚠️ Placeholder detected: /home/rafa1215/consensus-project/memory/logs/system/agent_summaries/top10_brainstorm_2025-12-04_0902.md
[2025-12-11 07:08:43] ⚠️ Placeholder detected: /home/rafa1215/consensus-project/memory/logs/system/agent_summaries/top10_brainstorm_2025-12-02_0902.md
[2025-12-11 07:08:43] ⚠️ Placeholder detected: /home/rafa1215/consensus-project/memory/logs/system/agent_summaries/top10_brainstorm_2025-12-06_0902.md
[2025-12-11 07:08:43] ⚠️ Placeholder detected: /home/rafa1215/consensus-project/memory/logs/system/agent_summaries/top10_suggestions_2025-12-10_0902.md
[2025-12-11 07:08:43] ⚠️ Placeholder detected: /home/rafa1215/consensus-project/memory/logs/system/agent_summaries/top10_brainstorm_2025-12-10_0902.md
[2025-12-11 07:08:43] ⚠️ Placeholder detected: /home/rafa1215/consensus-project/memory/logs/system/agent_summaries/top10_suggestions_2025-12-11_0902.md
[2025-12-11 07:08:43] ⚠️ Placeholder detected: /home/rafa1215/consensus-project/memory/logs/system/agent_summaries/top10_suggestions_2025-12-06_0902.md
[2025-12-11 07:08:43] ⚠️ Placeholder detected: /home/rafa1215/consensus-project/memory/logs/system/agent_summaries/top10_optimization_2025-12-05_0902.md
[2025-12-11 07:08:43] ⚠️ Placeholder detected: /home/rafa1215/consensus-project/memory/logs/system/agent_summaries/top10_optimization_2025-12-01_0902.md
[2025-12-11 07:08:43] ⚠️ Placeholder detected: /home/rafa1215/consensus-project/memory/logs/system/agent_summaries/top10_optimization_2025-12-08_0902.md
[2025-12-11 07:08:43] ⚠️ Placeholder detected: /home/rafa1215/consensus-project/memory/logs/system/agent_summaries/top10_brainstorm_2025-12-09_0902.md
[2025-12-11 07:08:43] ⚠️ Placeholder detected: /home/rafa1215/consensus-project/memory/logs/system/agent_summaries/top10_optimization_2025-11-30_0902.md
[2025-12-11 07:08:43] ⚠️ Placeholder detected: /home/rafa1215/consensus-project/memory/logs/system/agent_summaries/top10_suggestions_2025-11-30_0902.md
[2025-12-11 07:08:43] ⚠️ Placeholder detected: /home/rafa1215/consensus-project/memory/logs/system/agent_summaries/top10_suggestions_2025-12-09_0902.md
[2025-12-11 07:08:43] ⚠️ Placeholder detected: /home/rafa1215/consensus-project/memory/logs/system/agent_summaries/top10_brainstorm_2025-12-01_0902.md
[2025-12-11 07:08:43] ⚠️ Placeholder detected: /home/rafa1215/consensus-project/memory/logs/system/agent_summaries/top10_optimization_2025-12-10_0902.md
[2025-12-11 07:08:43] ⚠️ Placeholder detected: /home/rafa1215/consensus-project/memory/logs/system/agent_summaries/top10_brainstorm_2025-12-08_0902.md
[2025-12-11 07:08:43] ⚠️ Placeholder detected: /home/rafa1215/consensus-project/memory/logs/system/agent_summaries/top10_brainstorm_2025-12-03_0902.md
[2025-12-11 07:08:43] ⚠️ Placeholder detected: /home/rafa1215/consensus-project/memory/logs/system/agent_summaries/top10_brainstorm_2025-12-05_0902.md
[2025-12-11 07:08:43] ⚠️ Placeholder detected: /home/rafa1215/consensus-project/memory/logs/system/agent_summaries/top10_suggestions_2025-12-05_0902.md
[2025-12-11 07:08:43] ⚠️ Placeholder detected: /home/rafa1215/consensus-project/memory/logs/system/agent_summaries/top10_optimization_2025-12-04_0902.md
[2025-12-11 07:08:43] ⚠️ Placeholder detected: /home/rafa1215/consensus-project/memory/logs/system/agent_summaries/top10_optimization_2025-12-06_0902.md
[2025-12-11 07:08:43] ⚠️ Placeholder detected: /home/rafa1215/consensus-project/memory/logs/system/agent_summaries/top10_optimization_2025-12-09_0902.md
[2025-12-11 07:08:43] ♻️  Placeholder or missing Top-10 detected — regenerating...
[2025-12-11 07:08:45] ⚠️  Missing or outdated daily summaries detected — regenerating.
[2025-12-11 07:08:45] ✅ Generated summaries for 2025-12-08
[2025-12-11 07:08:45] ✅ Generated summaries for 2025-12-09
[2025-12-11 07:08:45] ✅ Generated summaries for 2025-12-10
[2025-12-11 07:08:45] ✅ Generated summaries for 2025-12-11
[2025-12-11 07:08:45] ✅ Summary generation complete (4 day(s))
[2025-12-11 07:08:45] ✅ Updated Top-10 digest index.
[2025-12-11 07:08:45] 📦 Archived 15 Top-10 files older than 7 days.
[2025-12-11 07:08:45] ✅ Auto-Repair Suite completed successfully.
[2025-12-11 07:08:45] 🚀 Auto-Repair Suite started.
[2025-12-11 07:08:45] ⚠️ Placeholder detected: /home/rafa1215/consensus-project/memory/logs/system/agent_summaries/top10_suggestions_2025-12-08_0902.md
[2025-12-11 07:08:45] ⚠️ Placeholder detected: /home/rafa1215/consensus-project/memory/logs/system/agent_summaries/top10_suggestions_2025-12-02_0902.md
[2025-12-11 07:08:45] ⚠️ Placeholder detected: /home/rafa1215/consensus-project/memory/logs/system/agent_summaries/top10_suggestions_2025-12-07_0902.md
[2025-12-11 07:08:45] ⚠️ Placeholder detected: /home/rafa1215/consensus-project/memory/logs/system/agent_summaries/top10_optimization_2025-12-02_0902.md
[2025-12-11 07:08:45] ⚠️ Placeholder detected: /home/rafa1215/consensus-project/memory/logs/system/agent_summaries/top10_brainstorm_2025-12-11_0902.md
[2025-12-11 07:08:45] ⚠️ Placeholder detected: /home/rafa1215/consensus-project/memory/logs/system/agent_summaries/top10_suggestions_2025-12-04_0902.md
[2025-12-11 07:08:45] ⚠️ Placeholder detected: /home/rafa1215/consensus-project/memory/logs/system/agent_summaries/top10_suggestions_2025-12-01_0902.md
[2025-12-11 07:08:45] ⚠️ Placeholder detected: /home/rafa1215/consensus-project/memory/logs/system/agent_summaries/top10_optimization_2025-12-07_0902.md
[2025-12-11 07:08:45] ⚠️ Placeholder detected: /home/rafa1215/consensus-project/memory/logs/system/agent_summaries/top10_brainstorm_2025-12-07_0902.md
[2025-12-11 07:08:45] ⚠️ Placeholder detected: /home/rafa1215/consensus-project/memory/logs/system/agent_summaries/top10_optimization_2025-12-11_0902.md
[2025-12-11 07:08:45] ⚠️ Placeholder detected: /home/rafa1215/consensus-project/memory/logs/system/agent_summaries/top10_suggestions_2025-12-03_0902.md
[2025-12-11 07:08:45] ⚠️ Placeholder detected: /home/rafa1215/consensus-project/memory/logs/system/agent_summaries/top10_optimization_2025-12-03_0902.md
[2025-12-11 07:08:45] ⚠️ Placeholder detected: /home/rafa1215/consensus-project/memory/logs/system/agent_summaries/top10_brainstorm_2025-12-04_0902.md
[2025-12-11 07:08:45] ⚠️ Placeholder detected: /home/rafa1215/consensus-project/memory/logs/system/agent_summaries/top10_brainstorm_2025-12-02_0902.md
[2025-12-11 07:08:45] ⚠️ Placeholder detected: /home/rafa1215/consensus-project/memory/logs/system/agent_summaries/top10_brainstorm_2025-12-06_0902.md
[2025-12-11 07:08:45] ⚠️ Placeholder detected: /home/rafa1215/consensus-project/memory/logs/system/agent_summaries/top10_suggestions_2025-12-10_0902.md
[2025-12-11 07:08:45] ⚠️ Placeholder detected: /home/rafa1215/consensus-project/memory/logs/system/agent_summaries/top10_brainstorm_2025-12-10_0902.md
[2025-12-11 07:08:45] ⚠️ Placeholder detected: /home/rafa1215/consensus-project/memory/logs/system/agent_summaries/top10_suggestions_2025-12-11_0902.md
[2025-12-11 07:08:45] ⚠️ Placeholder detected: /home/rafa1215/consensus-project/memory/logs/system/agent_summaries/top10_suggestions_2025-12-06_0902.md
[2025-12-11 07:08:45] ⚠️ Placeholder detected: /home/rafa1215/consensus-project/memory/logs/system/agent_summaries/top10_optimization_2025-12-05_0902.md
[2025-12-11 07:08:45] ⚠️ Placeholder detected: /home/rafa1215/consensus-project/memory/logs/system/agent_summaries/top10_optimization_2025-12-01_0902.md
[2025-12-11 07:08:45] ⚠️ Placeholder detected: /home/rafa1215/consensus-project/memory/logs/system/agent_summaries/top10_optimization_2025-12-08_0902.md
[2025-12-11 07:08:45] ⚠️ Placeholder detected: /home/rafa1215/consensus-project/memory/logs/system/agent_summaries/top10_brainstorm_2025-12-09_0902.md
[2025-12-11 07:08:45] ⚠️ Placeholder detected: /home/rafa1215/consensus-project/memory/logs/system/agent_summaries/top10_suggestions_2025-12-09_0902.md
[2025-12-11 07:08:45] ⚠️ Placeholder detected: /home/rafa1215/consensus-project/memory/logs/system/agent_summaries/top10_brainstorm_2025-12-01_0902.md
[2025-12-11 07:08:45] ⚠️ Placeholder detected: /home/rafa1215/consensus-project/memory/logs/system/agent_summaries/top10_optimization_2025-12-10_0902.md
[2025-12-11 07:08:45] ⚠️ Placeholder detected: /home/rafa1215/consensus-project/memory/logs/system/agent_summaries/top10_brainstorm_2025-12-08_0902.md
[2025-12-11 07:08:45] ⚠️ Placeholder detected: /home/rafa1215/consensus-project/memory/logs/system/agent_summaries/top10_brainstorm_2025-12-03_0902.md
[2025-12-11 07:08:45] ⚠️ Placeholder detected: /home/rafa1215/consensus-project/memory/logs/system/agent_summaries/top10_brainstorm_2025-12-05_0902.md
[2025-12-11 07:08:45] ⚠️ Placeholder detected: /home/rafa1215/consensus-project/memory/logs/system/agent_summaries/top10_suggestions_2025-12-05_0902.md
[2025-12-11 07:08:45] ⚠️ Placeholder detected: /home/rafa1215/consensus-project/memory/logs/system/agent_summaries/top10_optimization_2025-12-04_0902.md
[2025-12-11 07:08:45] ⚠️ Placeholder detected: /home/rafa1215/consensus-project/memory/logs/system/agent_summaries/top10_optimization_2025-12-06_0902.md
[2025-12-11 07:08:45] ⚠️ Placeholder detected: /home/rafa1215/consensus-project/memory/logs/system/agent_summaries/top10_optimization_2025-12-09_0902.md
[2025-12-11 07:08:45] ♻️  Placeholder or missing Top-10 detected — regenerating...
[2025-12-11 07:08:47] ⚠️  Missing or outdated daily summaries detected — regenerating.
[2025-12-11 07:08:47] ✅ Generated summaries for 2025-12-08
[2025-12-11 07:08:47] ✅ Generated summaries for 2025-12-09
[2025-12-11 07:08:47] ✅ Generated summaries for 2025-12-10
[2025-12-11 07:08:47] ✅ Generated summaries for 2025-12-11
[2025-12-11 07:08:47] ✅ Summary generation complete (4 day(s))
[2025-12-11 07:08:47] ✅ Updated Top-10 digest index.
[2025-12-11 07:08:47] 📦 Archived 0 Top-10 files older than 7 days.
[2025-12-11 07:08:47] ✅ Auto-Repair Suite completed successfully.
[2025-12-11 07:10:24] ✅ Generated summaries for 2025-12-11
[2025-12-11 07:10:24] ✅ Summary generation complete (1 day(s))
[2025-12-11 07:10:24] ✅ Generated summaries for 2025-12-11
[2025-12-11 07:10:24] ✅ Summary generation complete (1 day(s))
[2025-12-11 07:12:32] ⚠️ Placeholder detected: /home/rafa1215/consensus-project/memory/logs/system/agent_summaries/top10_suggestions_2025-12-08_0902.md
[2025-12-11 07:12:32] ⚠️ Placeholder detected: /home/rafa1215/consensus-project/memory/logs/system/agent_summaries/top10_suggestions_2025-12-02_0902.md
[2025-12-11 07:12:32] ⚠️ Placeholder detected: /home/rafa1215/consensus-project/memory/logs/system/agent_summaries/top10_suggestions_2025-12-07_0902.md
[2025-12-11 07:12:32] ⚠️ Placeholder detected: /home/rafa1215/consensus-project/memory/logs/system/agent_summaries/top10_optimization_2025-12-02_0902.md
[2025-12-11 07:12:32] ⚠️ Placeholder detected: /home/rafa1215/consensus-project/memory/logs/system/agent_summaries/top10_brainstorm_2025-12-11_0902.md
[2025-12-11 07:12:32] ⚠️ Placeholder detected: /home/rafa1215/consensus-project/memory/logs/system/agent_summaries/top10_suggestions_2025-12-04_0902.md
[2025-12-11 07:12:32] ⚠️ Placeholder detected: /home/rafa1215/consensus-project/memory/logs/system/agent_summaries/top10_suggestions_2025-12-01_0902.md
[2025-12-11 07:12:32] ⚠️ Placeholder detected: /home/rafa1215/consensus-project/memory/logs/system/agent_summaries/top10_optimization_2025-12-07_0902.md
[2025-12-11 07:12:32] ⚠️ Placeholder detected: /home/rafa1215/consensus-project/memory/logs/system/agent_summaries/top10_brainstorm_2025-12-07_0902.md
[2025-12-11 07:12:32] ⚠️ Placeholder detected: /home/rafa1215/consensus-project/memory/logs/system/agent_summaries/top10_optimization_2025-12-11_0902.md
[2025-12-11 07:12:32] ⚠️ Placeholder detected: /home/rafa1215/consensus-project/memory/logs/system/agent_summaries/top10_suggestions_2025-12-03_0902.md
[2025-12-11 07:12:32] ⚠️ Placeholder detected: /home/rafa1215/consensus-project/memory/logs/system/agent_summaries/top10_optimization_2025-12-03_0902.md
[2025-12-11 07:12:32] ⚠️ Placeholder detected: /home/rafa1215/consensus-project/memory/logs/system/agent_summaries/top10_brainstorm_2025-12-04_0902.md
[2025-12-11 07:12:32] ⚠️ Placeholder detected: /home/rafa1215/consensus-project/memory/logs/system/agent_summaries/top10_brainstorm_2025-12-02_0902.md
[2025-12-11 07:12:32] ⚠️ Placeholder detected: /home/rafa1215/consensus-project/memory/logs/system/agent_summaries/top10_brainstorm_2025-12-06_0902.md
[2025-12-11 07:12:32] ⚠️ Placeholder detected: /home/rafa1215/consensus-project/memory/logs/system/agent_summaries/top10_suggestions_2025-12-11_0902.md
[2025-12-11 07:12:32] ⚠️ Placeholder detected: /home/rafa1215/consensus-project/memory/logs/system/agent_summaries/top10_suggestions_2025-12-06_0902.md
[2025-12-11 07:12:32] ⚠️ Placeholder detected: /home/rafa1215/consensus-project/memory/logs/system/agent_summaries/top10_optimization_2025-12-05_0902.md
[2025-12-11 07:12:32] ⚠️ Placeholder detected: /home/rafa1215/consensus-project/memory/logs/system/agent_summaries/top10_optimization_2025-12-01_0902.md
[2025-12-11 07:12:32] ⚠️ Placeholder detected: /home/rafa1215/consensus-project/memory/logs/system/agent_summaries/top10_optimization_2025-12-08_0902.md
[2025-12-11 07:12:32] ⚠️ Placeholder detected: /home/rafa1215/consensus-project/memory/logs/system/agent_summaries/top10_brainstorm_2025-12-01_0902.md
[2025-12-11 07:12:32] ⚠️ Placeholder detected: /home/rafa1215/consensus-project/memory/logs/system/agent_summaries/top10_brainstorm_2025-12-08_0902.md
[2025-12-11 07:12:32] ⚠️ Placeholder detected: /home/rafa1215/consensus-project/memory/logs/system/agent_summaries/top10_brainstorm_2025-12-03_0902.md
[2025-12-11 07:12:32] ⚠️ Placeholder detected: /home/rafa1215/consensus-project/memory/logs/system/agent_summaries/top10_brainstorm_2025-12-05_0902.md
[2025-12-11 07:12:32] ⚠️ Placeholder detected: /home/rafa1215/consensus-project/memory/logs/system/agent_summaries/top10_suggestions_2025-12-05_0902.md
[2025-12-11 07:12:32] ⚠️ Placeholder detected: /home/rafa1215/consensus-project/memory/logs/system/agent_summaries/top10_optimization_2025-12-04_0902.md
[2025-12-11 07:12:32] ⚠️ Placeholder detected: /home/rafa1215/consensus-project/memory/logs/system/agent_summaries/top10_optimization_2025-12-06_0902.md
[2025-12-11 07:12:32] ♻️  Placeholder or missing Top-10 detected — regenerating...
[2025-12-11 07:12:34] ⚠️ Placeholder detected: /home/rafa1215/consensus-project/memory/logs/system/agent_summaries/top10_suggestions_2025-12-08_0902.md
[2025-12-11 07:12:34] ⚠️ Placeholder detected: /home/rafa1215/consensus-project/memory/logs/system/agent_summaries/top10_suggestions_2025-12-02_0902.md
[2025-12-11 07:12:34] ⚠️ Placeholder detected: /home/rafa1215/consensus-project/memory/logs/system/agent_summaries/top10_suggestions_2025-12-07_0902.md
[2025-12-11 07:12:34] ⚠️ Placeholder detected: /home/rafa1215/consensus-project/memory/logs/system/agent_summaries/top10_optimization_2025-12-02_0902.md
[2025-12-11 07:12:34] ⚠️ Placeholder detected: /home/rafa1215/consensus-project/memory/logs/system/agent_summaries/top10_suggestions_2025-12-04_0902.md
[2025-12-11 07:12:34] ⚠️ Placeholder detected: /home/rafa1215/consensus-project/memory/logs/system/agent_summaries/top10_suggestions_2025-12-01_0902.md
[2025-12-11 07:12:34] ⚠️ Placeholder detected: /home/rafa1215/consensus-project/memory/logs/system/agent_summaries/top10_optimization_2025-12-07_0902.md
[2025-12-11 07:12:34] ⚠️ Placeholder detected: /home/rafa1215/consensus-project/memory/logs/system/agent_summaries/top10_brainstorm_2025-12-07_0902.md
[2025-12-11 07:12:34] ⚠️ Placeholder detected: /home/rafa1215/consensus-project/memory/logs/system/agent_summaries/top10_suggestions_2025-12-03_0902.md
[2025-12-11 07:12:34] ⚠️ Placeholder detected: /home/rafa1215/consensus-project/memory/logs/system/agent_summaries/top10_optimization_2025-12-03_0902.md
[2025-12-11 07:12:34] ⚠️ Placeholder detected: /home/rafa1215/consensus-project/memory/logs/system/agent_summaries/top10_brainstorm_2025-12-04_0902.md
[2025-12-11 07:12:34] ⚠️ Placeholder detected: /home/rafa1215/consensus-project/memory/logs/system/agent_summaries/top10_brainstorm_2025-12-02_0902.md
[2025-12-11 07:12:34] ⚠️ Placeholder detected: /home/rafa1215/consensus-project/memory/logs/system/agent_summaries/top10_brainstorm_2025-12-06_0902.md
[2025-12-11 07:12:34] ⚠️ Placeholder detected: /home/rafa1215/consensus-project/memory/logs/system/agent_summaries/top10_suggestions_2025-12-06_0902.md
[2025-12-11 07:12:34] ⚠️ Placeholder detected: /home/rafa1215/consensus-project/memory/logs/system/agent_summaries/top10_optimization_2025-12-05_0902.md
[2025-12-11 07:12:34] ⚠️ Placeholder detected: /home/rafa1215/consensus-project/memory/logs/system/agent_summaries/top10_optimization_2025-12-01_0902.md
[2025-12-11 07:12:34] ⚠️ Placeholder detected: /home/rafa1215/consensus-project/memory/logs/system/agent_summaries/top10_optimization_2025-12-08_0902.md
[2025-12-11 07:12:34] ⚠️ Placeholder detected: /home/rafa1215/consensus-project/memory/logs/system/agent_summaries/top10_brainstorm_2025-12-01_0902.md
[2025-12-11 07:12:34] ⚠️ Placeholder detected: /home/rafa1215/consensus-project/memory/logs/system/agent_summaries/top10_brainstorm_2025-12-08_0902.md
[2025-12-11 07:12:34] ⚠️ Placeholder detected: /home/rafa1215/consensus-project/memory/logs/system/agent_summaries/top10_brainstorm_2025-12-03_0902.md
[2025-12-11 07:12:34] ⚠️ Placeholder detected: /home/rafa1215/consensus-project/memory/logs/system/agent_summaries/top10_brainstorm_2025-12-05_0902.md
[2025-12-11 07:12:34] ⚠️ Placeholder detected: /home/rafa1215/consensus-project/memory/logs/system/agent_summaries/top10_suggestions_2025-12-05_0902.md
[2025-12-11 07:12:34] ⚠️ Placeholder detected: /home/rafa1215/consensus-project/memory/logs/system/agent_summaries/top10_optimization_2025-12-04_0902.md
[2025-12-11 07:12:34] ⚠️ Placeholder detected: /home/rafa1215/consensus-project/memory/logs/system/agent_summaries/top10_optimization_2025-12-06_0902.md
[2025-12-11 07:12:34] ♻️  Placeholder or missing Top-10 detected — regenerating...
[2025-12-12 07:06:13] ⚠️  Missing or outdated daily summaries detected — regenerating.
[2025-12-12 07:06:13] ✅ Generated summaries for 2025-12-09
[2025-12-12 07:06:13] ✅ Generated summaries for 2025-12-10
[2025-12-12 07:06:13] ✅ Generated summaries for 2025-12-11
[2025-12-12 07:06:13] ✅ Generated summaries for 2025-12-12
[2025-12-12 07:06:13] ✅ Summary generation complete (4 day(s))
[2025-12-12 07:06:13] ⚠️  Missing or outdated daily summaries detected — regenerating.
[2025-12-12 07:06:13] ✅ Generated summaries for 2025-12-09
[2025-12-12 07:06:13] ✅ Generated summaries for 2025-12-10
[2025-12-12 07:06:13] ✅ Generated summaries for 2025-12-11
[2025-12-12 07:06:13] ✅ Generated summaries for 2025-12-12
[2025-12-12 07:06:13] ✅ Summary generation complete (4 day(s))
[2025-12-12 07:07:43] 🔍 Running system file auditor...
[2025-12-12 07:07:48] 🔍 Running system file auditor...
[2025-12-12 07:08:48] 🚀 Auto-Repair Suite started.
[2025-12-12 07:08:49] ⚠️ Placeholder detected: /home/rafa1215/consensus-project/memory/logs/system/agent_summaries/top10_suggestions_2025-12-08_0902.md
[2025-12-12 07:08:49] ⚠️ Placeholder detected: /home/rafa1215/consensus-project/memory/logs/system/agent_summaries/top10_suggestions_2025-12-02_0902.md
[2025-12-12 07:08:49] ⚠️ Placeholder detected: /home/rafa1215/consensus-project/memory/logs/system/agent_summaries/top10_suggestions_2025-12-07_0902.md
[2025-12-12 07:08:49] ⚠️ Placeholder detected: /home/rafa1215/consensus-project/memory/logs/system/agent_summaries/top10_optimization_2025-12-02_0902.md
[2025-12-12 07:08:49] ⚠️ Placeholder detected: /home/rafa1215/consensus-project/memory/logs/system/agent_summaries/top10_brainstorm_2025-12-11_0902.md
[2025-12-12 07:08:49] ⚠️ Placeholder detected: /home/rafa1215/consensus-project/memory/logs/system/agent_summaries/top10_suggestions_2025-12-04_0902.md
[2025-12-12 07:08:49] ⚠️ Placeholder detected: /home/rafa1215/consensus-project/memory/logs/system/agent_summaries/top10_suggestions_2025-12-01_0902.md
[2025-12-12 07:08:49] ⚠️ Placeholder detected: /home/rafa1215/consensus-project/memory/logs/system/agent_summaries/top10_optimization_2025-12-07_0902.md
[2025-12-12 07:08:49] ⚠️ Placeholder detected: /home/rafa1215/consensus-project/memory/logs/system/agent_summaries/top10_brainstorm_2025-12-07_0902.md
[2025-12-12 07:08:49] ⚠️ Placeholder detected: /home/rafa1215/consensus-project/memory/logs/system/agent_summaries/top10_optimization_2025-12-11_0902.md
[2025-12-12 07:08:49] ⚠️ Placeholder detected: /home/rafa1215/consensus-project/memory/logs/system/agent_summaries/top10_suggestions_2025-12-03_0902.md
[2025-12-12 07:08:49] ⚠️ Placeholder detected: /home/rafa1215/consensus-project/memory/logs/system/agent_summaries/top10_optimization_2025-12-03_0902.md
[2025-12-12 07:08:49] ⚠️ Placeholder detected: /home/rafa1215/consensus-project/memory/logs/system/agent_summaries/top10_brainstorm_2025-12-04_0902.md
[2025-12-12 07:08:49] ⚠️ Placeholder detected: /home/rafa1215/consensus-project/memory/logs/system/agent_summaries/top10_brainstorm_2025-12-02_0902.md
[2025-12-12 07:08:49] ⚠️ Placeholder detected: /home/rafa1215/consensus-project/memory/logs/system/agent_summaries/top10_suggestions_2025-12-12_0902.md
[2025-12-12 07:08:49] ⚠️ Placeholder detected: /home/rafa1215/consensus-project/memory/logs/system/agent_summaries/top10_optimization_2025-12-12_0902.md
[2025-12-12 07:08:49] ⚠️ Placeholder detected: /home/rafa1215/consensus-project/memory/logs/system/agent_summaries/top10_brainstorm_2025-12-06_0902.md
[2025-12-12 07:08:49] ⚠️ Placeholder detected: /home/rafa1215/consensus-project/memory/logs/system/agent_summaries/top10_suggestions_2025-12-10_0902.md
[2025-12-12 07:08:49] ⚠️ Placeholder detected: /home/rafa1215/consensus-project/memory/logs/system/agent_summaries/top10_brainstorm_2025-12-10_0902.md
[2025-12-12 07:08:49] ⚠️ Placeholder detected: /home/rafa1215/consensus-project/memory/logs/system/agent_summaries/top10_suggestions_2025-12-11_0902.md
[2025-12-12 07:08:49] ⚠️ Placeholder detected: /home/rafa1215/consensus-project/memory/logs/system/agent_summaries/top10_suggestions_2025-12-06_0902.md
[2025-12-12 07:08:49] ⚠️ Placeholder detected: /home/rafa1215/consensus-project/memory/logs/system/agent_summaries/top10_optimization_2025-12-05_0902.md
[2025-12-12 07:08:49] ⚠️ Placeholder detected: /home/rafa1215/consensus-project/memory/logs/system/agent_summaries/top10_optimization_2025-12-01_0902.md
[2025-12-12 07:08:49] ⚠️ Placeholder detected: /home/rafa1215/consensus-project/memory/logs/system/agent_summaries/top10_optimization_2025-12-08_0902.md
[2025-12-12 07:08:49] ⚠️ Placeholder detected: /home/rafa1215/consensus-project/memory/logs/system/agent_summaries/top10_brainstorm_2025-12-09_0902.md
[2025-12-12 07:08:49] ⚠️ Placeholder detected: /home/rafa1215/consensus-project/memory/logs/system/agent_summaries/top10_suggestions_2025-12-09_0902.md
[2025-12-12 07:08:49] ⚠️ Placeholder detected: /home/rafa1215/consensus-project/memory/logs/system/agent_summaries/top10_brainstorm_2025-12-01_0902.md
[2025-12-12 07:08:49] ⚠️ Placeholder detected: /home/rafa1215/consensus-project/memory/logs/system/agent_summaries/top10_optimization_2025-12-10_0902.md
[2025-12-12 07:08:49] ⚠️ Placeholder detected: /home/rafa1215/consensus-project/memory/logs/system/agent_summaries/top10_brainstorm_2025-12-08_0902.md
[2025-12-12 07:08:49] ⚠️ Placeholder detected: /home/rafa1215/consensus-project/memory/logs/system/agent_summaries/top10_brainstorm_2025-12-03_0902.md
[2025-12-12 07:08:49] ⚠️ Placeholder detected: /home/rafa1215/consensus-project/memory/logs/system/agent_summaries/top10_brainstorm_2025-12-05_0902.md
[2025-12-12 07:08:49] ⚠️ Placeholder detected: /home/rafa1215/consensus-project/memory/logs/system/agent_summaries/top10_brainstorm_2025-12-12_0902.md
[2025-12-12 07:08:49] ⚠️ Placeholder detected: /home/rafa1215/consensus-project/memory/logs/system/agent_summaries/top10_suggestions_2025-12-05_0902.md
[2025-12-12 07:08:49] ⚠️ Placeholder detected: /home/rafa1215/consensus-project/memory/logs/system/agent_summaries/top10_optimization_2025-12-04_0902.md
[2025-12-12 07:08:49] ⚠️ Placeholder detected: /home/rafa1215/consensus-project/memory/logs/system/agent_summaries/top10_optimization_2025-12-06_0902.md
[2025-12-12 07:08:49] ⚠️ Placeholder detected: /home/rafa1215/consensus-project/memory/logs/system/agent_summaries/top10_optimization_2025-12-09_0902.md
[2025-12-12 07:08:49] ♻️  Placeholder or missing Top-10 detected — regenerating...
[2025-12-12 07:08:51] ⚠️  Missing or outdated daily summaries detected — regenerating.
[2025-12-12 07:08:51] ✅ Generated summaries for 2025-12-09
[2025-12-12 07:08:51] ✅ Generated summaries for 2025-12-10
[2025-12-12 07:08:51] ✅ Generated summaries for 2025-12-11
[2025-12-12 07:08:51] ✅ Generated summaries for 2025-12-12
[2025-12-12 07:08:51] ✅ Summary generation complete (4 day(s))
[2025-12-12 07:08:51] ✅ Updated Top-10 digest index.
[2025-12-12 07:08:51] 📦 Archived 15 Top-10 files older than 7 days.
[2025-12-12 07:08:51] ✅ Auto-Repair Suite completed successfully.
[2025-12-12 07:08:51] 🚀 Auto-Repair Suite started.
[2025-12-12 07:08:51] ⚠️ Placeholder detected: /home/rafa1215/consensus-project/memory/logs/system/agent_summaries/top10_suggestions_2025-12-08_0902.md
[2025-12-12 07:08:52] ⚠️ Placeholder detected: /home/rafa1215/consensus-project/memory/logs/system/agent_summaries/top10_suggestions_2025-12-02_0902.md
[2025-12-12 07:08:52] ⚠️ Placeholder detected: /home/rafa1215/consensus-project/memory/logs/system/agent_summaries/top10_suggestions_2025-12-07_0902.md
[2025-12-12 07:08:52] ⚠️ Placeholder detected: /home/rafa1215/consensus-project/memory/logs/system/agent_summaries/top10_optimization_2025-12-02_0902.md
[2025-12-12 07:08:52] ⚠️ Placeholder detected: /home/rafa1215/consensus-project/memory/logs/system/agent_summaries/top10_brainstorm_2025-12-11_0902.md
[2025-12-12 07:08:52] ⚠️ Placeholder detected: /home/rafa1215/consensus-project/memory/logs/system/agent_summaries/top10_suggestions_2025-12-04_0902.md
[2025-12-12 07:08:52] ⚠️ Placeholder detected: /home/rafa1215/consensus-project/memory/logs/system/agent_summaries/top10_optimization_2025-12-07_0902.md
[2025-12-12 07:08:52] ⚠️ Placeholder detected: /home/rafa1215/consensus-project/memory/logs/system/agent_summaries/top10_brainstorm_2025-12-07_0902.md
[2025-12-12 07:08:52] ⚠️ Placeholder detected: /home/rafa1215/consensus-project/memory/logs/system/agent_summaries/top10_optimization_2025-12-11_0902.md
[2025-12-12 07:08:52] ⚠️ Placeholder detected: /home/rafa1215/consensus-project/memory/logs/system/agent_summaries/top10_suggestions_2025-12-03_0902.md
[2025-12-12 07:08:52] ⚠️ Placeholder detected: /home/rafa1215/consensus-project/memory/logs/system/agent_summaries/top10_optimization_2025-12-03_0902.md
[2025-12-12 07:08:52] ⚠️ Placeholder detected: /home/rafa1215/consensus-project/memory/logs/system/agent_summaries/top10_brainstorm_2025-12-04_0902.md
[2025-12-12 07:08:52] ⚠️ Placeholder detected: /home/rafa1215/consensus-project/memory/logs/system/agent_summaries/top10_brainstorm_2025-12-02_0902.md
[2025-12-12 07:08:52] ⚠️ Placeholder detected: /home/rafa1215/consensus-project/memory/logs/system/agent_summaries/top10_suggestions_2025-12-12_0902.md
[2025-12-12 07:08:52] ⚠️ Placeholder detected: /home/rafa1215/consensus-project/memory/logs/system/agent_summaries/top10_optimization_2025-12-12_0902.md
[2025-12-12 07:08:52] ⚠️ Placeholder detected: /home/rafa1215/consensus-project/memory/logs/system/agent_summaries/top10_brainstorm_2025-12-06_0902.md
[2025-12-12 07:08:52] ⚠️ Placeholder detected: /home/rafa1215/consensus-project/memory/logs/system/agent_summaries/top10_suggestions_2025-12-10_0902.md
[2025-12-12 07:08:52] ⚠️ Placeholder detected: /home/rafa1215/consensus-project/memory/logs/system/agent_summaries/top10_brainstorm_2025-12-10_0902.md
[2025-12-12 07:08:52] ⚠️ Placeholder detected: /home/rafa1215/consensus-project/memory/logs/system/agent_summaries/top10_suggestions_2025-12-11_0902.md
[2025-12-12 07:08:52] ⚠️ Placeholder detected: /home/rafa1215/consensus-project/memory/logs/system/agent_summaries/top10_suggestions_2025-12-06_0902.md
[2025-12-12 07:08:52] ⚠️ Placeholder detected: /home/rafa1215/consensus-project/memory/logs/system/agent_summaries/top10_optimization_2025-12-05_0902.md
[2025-12-12 07:08:52] ⚠️ Placeholder detected: /home/rafa1215/consensus-project/memory/logs/system/agent_summaries/top10_optimization_2025-12-08_0902.md
[2025-12-12 07:08:52] ⚠️ Placeholder detected: /home/rafa1215/consensus-project/memory/logs/system/agent_summaries/top10_brainstorm_2025-12-09_0902.md
[2025-12-12 07:08:52] ⚠️ Placeholder detected: /home/rafa1215/consensus-project/memory/logs/system/agent_summaries/top10_suggestions_2025-12-09_0902.md
[2025-12-12 07:08:52] ⚠️ Placeholder detected: /home/rafa1215/consensus-project/memory/logs/system/agent_summaries/top10_optimization_2025-12-10_0902.md
[2025-12-12 07:08:52] ⚠️ Placeholder detected: /home/rafa1215/consensus-project/memory/logs/system/agent_summaries/top10_brainstorm_2025-12-08_0902.md
[2025-12-12 07:08:52] ⚠️ Placeholder detected: /home/rafa1215/consensus-project/memory/logs/system/agent_summaries/top10_brainstorm_2025-12-03_0902.md
[2025-12-12 07:08:52] ⚠️ Placeholder detected: /home/rafa1215/consensus-project/memory/logs/system/agent_summaries/top10_brainstorm_2025-12-05_0902.md
[2025-12-12 07:08:52] ⚠️ Placeholder detected: /home/rafa1215/consensus-project/memory/logs/system/agent_summaries/top10_brainstorm_2025-12-12_0902.md
[2025-12-12 07:08:52] ⚠️ Placeholder detected: /home/rafa1215/consensus-project/memory/logs/system/agent_summaries/top10_suggestions_2025-12-05_0902.md
[2025-12-12 07:08:52] ⚠️ Placeholder detected: /home/rafa1215/consensus-project/memory/logs/system/agent_summaries/top10_optimization_2025-12-04_0902.md
[2025-12-12 07:08:52] ⚠️ Placeholder detected: /home/rafa1215/consensus-project/memory/logs/system/agent_summaries/top10_optimization_2025-12-06_0902.md
[2025-12-12 07:08:52] ⚠️ Placeholder detected: /home/rafa1215/consensus-project/memory/logs/system/agent_summaries/top10_optimization_2025-12-09_0902.md
[2025-12-12 07:08:52] ♻️  Placeholder or missing Top-10 detected — regenerating...
[2025-12-12 07:08:53] ⚠️  Missing or outdated daily summaries detected — regenerating.
[2025-12-12 07:08:54] ✅ Generated summaries for 2025-12-09
[2025-12-12 07:08:54] ✅ Generated summaries for 2025-12-10
[2025-12-12 07:08:54] ✅ Generated summaries for 2025-12-11
[2025-12-12 07:08:54] ✅ Generated summaries for 2025-12-12
[2025-12-12 07:08:54] ✅ Summary generation complete (4 day(s))
[2025-12-12 07:08:54] ✅ Updated Top-10 digest index.
[2025-12-12 07:08:54] 📦 Archived 0 Top-10 files older than 7 days.
[2025-12-12 07:08:54] ✅ Auto-Repair Suite completed successfully.
[2025-12-12 07:10:30] ✅ Generated summaries for 2025-12-12
[2025-12-12 07:10:30] ✅ Summary generation complete (1 day(s))
[2025-12-12 07:10:30] ✅ Generated summaries for 2025-12-12
[2025-12-12 07:10:30] ✅ Summary generation complete (1 day(s))
[2025-12-12 07:12:39] ⚠️ Placeholder detected: /home/rafa1215/consensus-project/memory/logs/system/agent_summaries/top10_suggestions_2025-12-08_0902.md
[2025-12-12 07:12:39] ⚠️ Placeholder detected: /home/rafa1215/consensus-project/memory/logs/system/agent_summaries/top10_suggestions_2025-12-02_0902.md
[2025-12-12 07:12:39] ⚠️ Placeholder detected: /home/rafa1215/consensus-project/memory/logs/system/agent_summaries/top10_suggestions_2025-12-07_0902.md
[2025-12-12 07:12:39] ⚠️ Placeholder detected: /home/rafa1215/consensus-project/memory/logs/system/agent_summaries/top10_optimization_2025-12-02_0902.md
[2025-12-12 07:12:39] ⚠️ Placeholder detected: /home/rafa1215/consensus-project/memory/logs/system/agent_summaries/top10_suggestions_2025-12-04_0902.md
[2025-12-12 07:12:39] ⚠️ Placeholder detected: /home/rafa1215/consensus-project/memory/logs/system/agent_summaries/top10_optimization_2025-12-07_0902.md
[2025-12-12 07:12:39] ⚠️ Placeholder detected: /home/rafa1215/consensus-project/memory/logs/system/agent_summaries/top10_brainstorm_2025-12-07_0902.md
[2025-12-12 07:12:39] ⚠️ Placeholder detected: /home/rafa1215/consensus-project/memory/logs/system/agent_summaries/top10_suggestions_2025-12-03_0902.md
[2025-12-12 07:12:39] ⚠️ Placeholder detected: /home/rafa1215/consensus-project/memory/logs/system/agent_summaries/top10_optimization_2025-12-03_0902.md
[2025-12-12 07:12:39] ⚠️ Placeholder detected: /home/rafa1215/consensus-project/memory/logs/system/agent_summaries/top10_brainstorm_2025-12-04_0902.md
[2025-12-12 07:12:39] ⚠️ Placeholder detected: /home/rafa1215/consensus-project/memory/logs/system/agent_summaries/top10_brainstorm_2025-12-02_0902.md
[2025-12-12 07:12:39] ⚠️ Placeholder detected: /home/rafa1215/consensus-project/memory/logs/system/agent_summaries/top10_suggestions_2025-12-12_0902.md
[2025-12-12 07:12:39] ⚠️ Placeholder detected: /home/rafa1215/consensus-project/memory/logs/system/agent_summaries/top10_optimization_2025-12-12_0902.md
[2025-12-12 07:12:39] ⚠️ Placeholder detected: /home/rafa1215/consensus-project/memory/logs/system/agent_summaries/top10_brainstorm_2025-12-06_0902.md
[2025-12-12 07:12:39] ⚠️ Placeholder detected: /home/rafa1215/consensus-project/memory/logs/system/agent_summaries/top10_suggestions_2025-12-06_0902.md
[2025-12-12 07:12:39] ⚠️ Placeholder detected: /home/rafa1215/consensus-project/memory/logs/system/agent_summaries/top10_optimization_2025-12-05_0902.md
[2025-12-12 07:12:39] ⚠️ Placeholder detected: /home/rafa1215/consensus-project/memory/logs/system/agent_summaries/top10_optimization_2025-12-08_0902.md
[2025-12-12 07:12:39] ⚠️ Placeholder detected: /home/rafa1215/consensus-project/memory/logs/system/agent_summaries/top10_brainstorm_2025-12-09_0902.md
[2025-12-12 07:12:39] ⚠️ Placeholder detected: /home/rafa1215/consensus-project/memory/logs/system/agent_summaries/top10_suggestions_2025-12-09_0902.md
[2025-12-12 07:12:39] ⚠️ Placeholder detected: /home/rafa1215/consensus-project/memory/logs/system/agent_summaries/top10_brainstorm_2025-12-08_0902.md
[2025-12-12 07:12:39] ⚠️ Placeholder detected: /home/rafa1215/consensus-project/memory/logs/system/agent_summaries/top10_brainstorm_2025-12-03_0902.md
[2025-12-12 07:12:39] ⚠️ Placeholder detected: /home/rafa1215/consensus-project/memory/logs/system/agent_summaries/top10_brainstorm_2025-12-05_0902.md
[2025-12-12 07:12:39] ⚠️ Placeholder detected: /home/rafa1215/consensus-project/memory/logs/system/agent_summaries/top10_brainstorm_2025-12-12_0902.md
[2025-12-12 07:12:39] ⚠️ Placeholder detected: /home/rafa1215/consensus-project/memory/logs/system/agent_summaries/top10_suggestions_2025-12-05_0902.md
[2025-12-12 07:12:39] ⚠️ Placeholder detected: /home/rafa1215/consensus-project/memory/logs/system/agent_summaries/top10_optimization_2025-12-04_0902.md
[2025-12-12 07:12:39] ⚠️ Placeholder detected: /home/rafa1215/consensus-project/memory/logs/system/agent_summaries/top10_optimization_2025-12-06_0902.md
[2025-12-12 07:12:39] ⚠️ Placeholder detected: /home/rafa1215/consensus-project/memory/logs/system/agent_summaries/top10_optimization_2025-12-09_0902.md
[2025-12-12 07:12:39] ♻️  Placeholder or missing Top-10 detected — regenerating...
[2025-12-12 07:12:41] ⚠️ Placeholder detected: /home/rafa1215/consensus-project/memory/logs/system/agent_summaries/top10_suggestions_2025-12-08_0902.md
[2025-12-12 07:12:41] ⚠️ Placeholder detected: /home/rafa1215/consensus-project/memory/logs/system/agent_summaries/top10_suggestions_2025-12-02_0902.md
[2025-12-12 07:12:41] ⚠️ Placeholder detected: /home/rafa1215/consensus-project/memory/logs/system/agent_summaries/top10_suggestions_2025-12-07_0902.md
[2025-12-12 07:12:41] ⚠️ Placeholder detected: /home/rafa1215/consensus-project/memory/logs/system/agent_summaries/top10_optimization_2025-12-02_0902.md
[2025-12-12 07:12:41] ⚠️ Placeholder detected: /home/rafa1215/consensus-project/memory/logs/system/agent_summaries/top10_suggestions_2025-12-04_0902.md
[2025-12-12 07:12:41] ⚠️ Placeholder detected: /home/rafa1215/consensus-project/memory/logs/system/agent_summaries/top10_optimization_2025-12-07_0902.md
[2025-12-12 07:12:41] ⚠️ Placeholder detected: /home/rafa1215/consensus-project/memory/logs/system/agent_summaries/top10_brainstorm_2025-12-07_0902.md
[2025-12-12 07:12:41] ⚠️ Placeholder detected: /home/rafa1215/consensus-project/memory/logs/system/agent_summaries/top10_suggestions_2025-12-03_0902.md
[2025-12-12 07:12:41] ⚠️ Placeholder detected: /home/rafa1215/consensus-project/memory/logs/system/agent_summaries/top10_optimization_2025-12-03_0902.md
[2025-12-12 07:12:41] ⚠️ Placeholder detected: /home/rafa1215/consensus-project/memory/logs/system/agent_summaries/top10_brainstorm_2025-12-04_0902.md
[2025-12-12 07:12:41] ⚠️ Placeholder detected: /home/rafa1215/consensus-project/memory/logs/system/agent_summaries/top10_brainstorm_2025-12-02_0902.md
[2025-12-12 07:12:41] ⚠️ Placeholder detected: /home/rafa1215/consensus-project/memory/logs/system/agent_summaries/top10_brainstorm_2025-12-06_0902.md
[2025-12-12 07:12:41] ⚠️ Placeholder detected: /home/rafa1215/consensus-project/memory/logs/system/agent_summaries/top10_suggestions_2025-12-06_0902.md
[2025-12-12 07:12:41] ⚠️ Placeholder detected: /home/rafa1215/consensus-project/memory/logs/system/agent_summaries/top10_optimization_2025-12-05_0902.md
[2025-12-12 07:12:41] ⚠️ Placeholder detected: /home/rafa1215/consensus-project/memory/logs/system/agent_summaries/top10_optimization_2025-12-08_0902.md
[2025-12-12 07:12:41] ⚠️ Placeholder detected: /home/rafa1215/consensus-project/memory/logs/system/agent_summaries/top10_brainstorm_2025-12-09_0902.md
[2025-12-12 07:12:41] ⚠️ Placeholder detected: /home/rafa1215/consensus-project/memory/logs/system/agent_summaries/top10_suggestions_2025-12-09_0902.md
[2025-12-12 07:12:41] ⚠️ Placeholder detected: /home/rafa1215/consensus-project/memory/logs/system/agent_summaries/top10_brainstorm_2025-12-08_0902.md
[2025-12-12 07:12:41] ⚠️ Placeholder detected: /home/rafa1215/consensus-project/memory/logs/system/agent_summaries/top10_brainstorm_2025-12-03_0902.md
[2025-12-12 07:12:41] ⚠️ Placeholder detected: /home/rafa1215/consensus-project/memory/logs/system/agent_summaries/top10_brainstorm_2025-12-05_0902.md
[2025-12-12 07:12:41] ⚠️ Placeholder detected: /home/rafa1215/consensus-project/memory/logs/system/agent_summaries/top10_suggestions_2025-12-05_0902.md
[2025-12-12 07:12:41] ⚠️ Placeholder detected: /home/rafa1215/consensus-project/memory/logs/system/agent_summaries/top10_optimization_2025-12-04_0902.md
[2025-12-12 07:12:41] ⚠️ Placeholder detected: /home/rafa1215/consensus-project/memory/logs/system/agent_summaries/top10_optimization_2025-12-06_0902.md
[2025-12-12 07:12:41] ⚠️ Placeholder detected: /home/rafa1215/consensus-project/memory/logs/system/agent_summaries/top10_optimization_2025-12-09_0902.md
[2025-12-12 07:12:41] ♻️  Placeholder or missing Top-10 detected — regenerating...
[2025-12-13 07:06:16] ⚠️  Missing or outdated daily summaries detected — regenerating.
[2025-12-13 07:06:17] ✅ Generated summaries for 2025-12-10
[2025-12-13 07:06:17] ✅ Generated summaries for 2025-12-11
[2025-12-13 07:06:17] ✅ Generated summaries for 2025-12-12
[2025-12-13 07:06:17] ✅ Generated summaries for 2025-12-13
[2025-12-13 07:06:17] ✅ Summary generation complete (4 day(s))
[2025-12-13 07:06:17] ⚠️  Missing or outdated daily summaries detected — regenerating.
[2025-12-13 07:06:17] ✅ Generated summaries for 2025-12-10
[2025-12-13 07:06:17] ✅ Generated summaries for 2025-12-11
[2025-12-13 07:06:17] ✅ Generated summaries for 2025-12-12
[2025-12-13 07:06:17] ✅ Generated summaries for 2025-12-13
[2025-12-13 07:06:17] ✅ Summary generation complete (4 day(s))
[2025-12-13 07:07:45] 🔍 Running system file auditor...
[2025-12-13 07:07:50] 🔍 Running system file auditor...
[2025-12-13 07:08:50] 🚀 Auto-Repair Suite started.
[2025-12-13 07:08:50] ⚠️ Placeholder detected: /home/rafa1215/consensus-project/memory/logs/system/agent_summaries/top10_suggestions_2025-12-08_0902.md
[2025-12-13 07:08:50] ⚠️ Placeholder detected: /home/rafa1215/consensus-project/memory/logs/system/agent_summaries/top10_suggestions_2025-12-02_0902.md
[2025-12-13 07:08:50] ⚠️ Placeholder detected: /home/rafa1215/consensus-project/memory/logs/system/agent_summaries/top10_suggestions_2025-12-13_0902.md
[2025-12-13 07:08:50] ⚠️ Placeholder detected: /home/rafa1215/consensus-project/memory/logs/system/agent_summaries/top10_suggestions_2025-12-07_0902.md
[2025-12-13 07:08:50] ⚠️ Placeholder detected: /home/rafa1215/consensus-project/memory/logs/system/agent_summaries/top10_optimization_2025-12-02_0902.md
[2025-12-13 07:08:50] ⚠️ Placeholder detected: /home/rafa1215/consensus-project/memory/logs/system/agent_summaries/top10_brainstorm_2025-12-11_0902.md
[2025-12-13 07:08:50] ⚠️ Placeholder detected: /home/rafa1215/consensus-project/memory/logs/system/agent_summaries/top10_suggestions_2025-12-04_0902.md
[2025-12-13 07:08:50] ⚠️ Placeholder detected: /home/rafa1215/consensus-project/memory/logs/system/agent_summaries/top10_optimization_2025-12-07_0902.md
[2025-12-13 07:08:50] ⚠️ Placeholder detected: /home/rafa1215/consensus-project/memory/logs/system/agent_summaries/top10_brainstorm_2025-12-07_0902.md
[2025-12-13 07:08:50] ⚠️ Placeholder detected: /home/rafa1215/consensus-project/memory/logs/system/agent_summaries/top10_optimization_2025-12-11_0902.md
[2025-12-13 07:08:50] ⚠️ Placeholder detected: /home/rafa1215/consensus-project/memory/logs/system/agent_summaries/top10_suggestions_2025-12-03_0902.md
[2025-12-13 07:08:50] ⚠️ Placeholder detected: /home/rafa1215/consensus-project/memory/logs/system/agent_summaries/top10_optimization_2025-12-13_0902.md
[2025-12-13 07:08:50] ⚠️ Placeholder detected: /home/rafa1215/consensus-project/memory/logs/system/agent_summaries/top10_optimization_2025-12-03_0902.md
[2025-12-13 07:08:50] ⚠️ Placeholder detected: /home/rafa1215/consensus-project/memory/logs/system/agent_summaries/top10_brainstorm_2025-12-04_0902.md
[2025-12-13 07:08:50] ⚠️ Placeholder detected: /home/rafa1215/consensus-project/memory/logs/system/agent_summaries/top10_brainstorm_2025-12-02_0902.md
[2025-12-13 07:08:50] ⚠️ Placeholder detected: /home/rafa1215/consensus-project/memory/logs/system/agent_summaries/top10_suggestions_2025-12-12_0902.md
[2025-12-13 07:08:50] ⚠️ Placeholder detected: /home/rafa1215/consensus-project/memory/logs/system/agent_summaries/top10_optimization_2025-12-12_0902.md
[2025-12-13 07:08:50] ⚠️ Placeholder detected: /home/rafa1215/consensus-project/memory/logs/system/agent_summaries/top10_brainstorm_2025-12-06_0902.md
[2025-12-13 07:08:50] ⚠️ Placeholder detected: /home/rafa1215/consensus-project/memory/logs/system/agent_summaries/top10_suggestions_2025-12-10_0902.md
[2025-12-13 07:08:50] ⚠️ Placeholder detected: /home/rafa1215/consensus-project/memory/logs/system/agent_summaries/top10_brainstorm_2025-12-10_0902.md
[2025-12-13 07:08:50] ⚠️ Placeholder detected: /home/rafa1215/consensus-project/memory/logs/system/agent_summaries/top10_suggestions_2025-12-11_0902.md
[2025-12-13 07:08:50] ⚠️ Placeholder detected: /home/rafa1215/consensus-project/memory/logs/system/agent_summaries/top10_suggestions_2025-12-06_0902.md
[2025-12-13 07:08:50] ⚠️ Placeholder detected: /home/rafa1215/consensus-project/memory/logs/system/agent_summaries/top10_optimization_2025-12-05_0902.md
[2025-12-13 07:08:50] ⚠️ Placeholder detected: /home/rafa1215/consensus-project/memory/logs/system/agent_summaries/top10_brainstorm_2025-12-13_0902.md
[2025-12-13 07:08:50] ⚠️ Placeholder detected: /home/rafa1215/consensus-project/memory/logs/system/agent_summaries/top10_optimization_2025-12-08_0902.md
[2025-12-13 07:08:50] ⚠️ Placeholder detected: /home/rafa1215/consensus-project/memory/logs/system/agent_summaries/top10_brainstorm_2025-12-09_0902.md
[2025-12-13 07:08:50] ⚠️ Placeholder detected: /home/rafa1215/consensus-project/memory/logs/system/agent_summaries/top10_suggestions_2025-12-09_0902.md
[2025-12-13 07:08:50] ⚠️ Placeholder detected: /home/rafa1215/consensus-project/memory/logs/system/agent_summaries/top10_optimization_2025-12-10_0902.md
[2025-12-13 07:08:50] ⚠️ Placeholder detected: /home/rafa1215/consensus-project/memory/logs/system/agent_summaries/top10_brainstorm_2025-12-08_0902.md
[2025-12-13 07:08:50] ⚠️ Placeholder detected: /home/rafa1215/consensus-project/memory/logs/system/agent_summaries/top10_brainstorm_2025-12-03_0902.md
[2025-12-13 07:08:50] ⚠️ Placeholder detected: /home/rafa1215/consensus-project/memory/logs/system/agent_summaries/top10_brainstorm_2025-12-05_0902.md
[2025-12-13 07:08:50] ⚠️ Placeholder detected: /home/rafa1215/consensus-project/memory/logs/system/agent_summaries/top10_brainstorm_2025-12-12_0902.md
[2025-12-13 07:08:50] ⚠️ Placeholder detected: /home/rafa1215/consensus-project/memory/logs/system/agent_summaries/top10_suggestions_2025-12-05_0902.md
[2025-12-13 07:08:50] ⚠️ Placeholder detected: /home/rafa1215/consensus-project/memory/logs/system/agent_summaries/top10_optimization_2025-12-04_0902.md
[2025-12-13 07:08:50] ⚠️ Placeholder detected: /home/rafa1215/consensus-project/memory/logs/system/agent_summaries/top10_optimization_2025-12-06_0902.md
[2025-12-13 07:08:50] ⚠️ Placeholder detected: /home/rafa1215/consensus-project/memory/logs/system/agent_summaries/top10_optimization_2025-12-09_0902.md
[2025-12-13 07:08:50] ♻️  Placeholder or missing Top-10 detected — regenerating...
[2025-12-13 07:08:52] ⚠️  Missing or outdated daily summaries detected — regenerating.
[2025-12-13 07:08:52] ✅ Generated summaries for 2025-12-10
[2025-12-13 07:08:53] ✅ Generated summaries for 2025-12-11
[2025-12-13 07:08:53] ✅ Generated summaries for 2025-12-12
[2025-12-13 07:08:53] ✅ Generated summaries for 2025-12-13
[2025-12-13 07:08:53] ✅ Summary generation complete (4 day(s))
[2025-12-13 07:08:53] ✅ Updated Top-10 digest index.
[2025-12-13 07:08:53] 📦 Archived 15 Top-10 files older than 7 days.
[2025-12-13 07:08:53] ✅ Auto-Repair Suite completed successfully.
[2025-12-13 07:08:53] 🚀 Auto-Repair Suite started.
[2025-12-13 07:08:53] ⚠️ Placeholder detected: /home/rafa1215/consensus-project/memory/logs/system/agent_summaries/top10_suggestions_2025-12-08_0902.md
[2025-12-13 07:08:53] ⚠️ Placeholder detected: /home/rafa1215/consensus-project/memory/logs/system/agent_summaries/top10_suggestions_2025-12-13_0902.md
[2025-12-13 07:08:53] ⚠️ Placeholder detected: /home/rafa1215/consensus-project/memory/logs/system/agent_summaries/top10_suggestions_2025-12-07_0902.md
[2025-12-13 07:08:53] ⚠️ Placeholder detected: /home/rafa1215/consensus-project/memory/logs/system/agent_summaries/top10_brainstorm_2025-12-11_0902.md
[2025-12-13 07:08:53] ⚠️ Placeholder detected: /home/rafa1215/consensus-project/memory/logs/system/agent_summaries/top10_suggestions_2025-12-04_0902.md
[2025-12-13 07:08:53] ⚠️ Placeholder detected: /home/rafa1215/consensus-project/memory/logs/system/agent_summaries/top10_optimization_2025-12-07_0902.md
[2025-12-13 07:08:53] ⚠️ Placeholder detected: /home/rafa1215/consensus-project/memory/logs/system/agent_summaries/top10_brainstorm_2025-12-07_0902.md
[2025-12-13 07:08:53] ⚠️ Placeholder detected: /home/rafa1215/consensus-project/memory/logs/system/agent_summaries/top10_optimization_2025-12-11_0902.md
[2025-12-13 07:08:53] ⚠️ Placeholder detected: /home/rafa1215/consensus-project/memory/logs/system/agent_summaries/top10_suggestions_2025-12-03_0902.md
[2025-12-13 07:08:53] ⚠️ Placeholder detected: /home/rafa1215/consensus-project/memory/logs/system/agent_summaries/top10_optimization_2025-12-13_0902.md
[2025-12-13 07:08:53] ⚠️ Placeholder detected: /home/rafa1215/consensus-project/memory/logs/system/agent_summaries/top10_optimization_2025-12-03_0902.md
[2025-12-13 07:08:53] ⚠️ Placeholder detected: /home/rafa1215/consensus-project/memory/logs/system/agent_summaries/top10_brainstorm_2025-12-04_0902.md
[2025-12-13 07:08:53] ⚠️ Placeholder detected: /home/rafa1215/consensus-project/memory/logs/system/agent_summaries/top10_suggestions_2025-12-12_0902.md
[2025-12-13 07:08:53] ⚠️ Placeholder detected: /home/rafa1215/consensus-project/memory/logs/system/agent_summaries/top10_optimization_2025-12-12_0902.md
[2025-12-13 07:08:53] ⚠️ Placeholder detected: /home/rafa1215/consensus-project/memory/logs/system/agent_summaries/top10_brainstorm_2025-12-06_0902.md
[2025-12-13 07:08:53] ⚠️ Placeholder detected: /home/rafa1215/consensus-project/memory/logs/system/agent_summaries/top10_suggestions_2025-12-10_0902.md
[2025-12-13 07:08:53] ⚠️ Placeholder detected: /home/rafa1215/consensus-project/memory/logs/system/agent_summaries/top10_brainstorm_2025-12-10_0902.md
[2025-12-13 07:08:53] ⚠️ Placeholder detected: /home/rafa1215/consensus-project/memory/logs/system/agent_summaries/top10_suggestions_2025-12-11_0902.md
[2025-12-13 07:08:53] ⚠️ Placeholder detected: /home/rafa1215/consensus-project/memory/logs/system/agent_summaries/top10_suggestions_2025-12-06_0902.md
[2025-12-13 07:08:53] ⚠️ Placeholder detected: /home/rafa1215/consensus-project/memory/logs/system/agent_summaries/top10_optimization_2025-12-05_0902.md
[2025-12-13 07:08:53] ⚠️ Placeholder detected: /home/rafa1215/consensus-project/memory/logs/system/agent_summaries/top10_brainstorm_2025-12-13_0902.md
[2025-12-13 07:08:53] ⚠️ Placeholder detected: /home/rafa1215/consensus-project/memory/logs/system/agent_summaries/top10_optimization_2025-12-08_0902.md
[2025-12-13 07:08:53] ⚠️ Placeholder detected: /home/rafa1215/consensus-project/memory/logs/system/agent_summaries/top10_brainstorm_2025-12-09_0902.md
[2025-12-13 07:08:53] ⚠️ Placeholder detected: /home/rafa1215/consensus-project/memory/logs/system/agent_summaries/top10_suggestions_2025-12-09_0902.md
[2025-12-13 07:08:53] ⚠️ Placeholder detected: /home/rafa1215/consensus-project/memory/logs/system/agent_summaries/top10_optimization_2025-12-10_0902.md
[2025-12-13 07:08:53] ⚠️ Placeholder detected: /home/rafa1215/consensus-project/memory/logs/system/agent_summaries/top10_brainstorm_2025-12-08_0902.md
[2025-12-13 07:08:53] ⚠️ Placeholder detected: /home/rafa1215/consensus-project/memory/logs/system/agent_summaries/top10_brainstorm_2025-12-03_0902.md
[2025-12-13 07:08:53] ⚠️ Placeholder detected: /home/rafa1215/consensus-project/memory/logs/system/agent_summaries/top10_brainstorm_2025-12-05_0902.md
[2025-12-13 07:08:53] ⚠️ Placeholder detected: /home/rafa1215/consensus-project/memory/logs/system/agent_summaries/top10_brainstorm_2025-12-12_0902.md
[2025-12-13 07:08:53] ⚠️ Placeholder detected: /home/rafa1215/consensus-project/memory/logs/system/agent_summaries/top10_suggestions_2025-12-05_0902.md
[2025-12-13 07:08:53] ⚠️ Placeholder detected: /home/rafa1215/consensus-project/memory/logs/system/agent_summaries/top10_optimization_2025-12-04_0902.md
[2025-12-13 07:08:53] ⚠️ Placeholder detected: /home/rafa1215/consensus-project/memory/logs/system/agent_summaries/top10_optimization_2025-12-06_0902.md
[2025-12-13 07:08:53] ⚠️ Placeholder detected: /home/rafa1215/consensus-project/memory/logs/system/agent_summaries/top10_optimization_2025-12-09_0902.md
[2025-12-13 07:08:53] ♻️  Placeholder or missing Top-10 detected — regenerating...
[2025-12-13 07:08:55] ⚠️  Missing or outdated daily summaries detected — regenerating.
[2025-12-13 07:08:55] ✅ Generated summaries for 2025-12-10
[2025-12-13 07:08:55] ✅ Generated summaries for 2025-12-11
[2025-12-13 07:08:55] ✅ Generated summaries for 2025-12-12
[2025-12-13 07:08:55] ✅ Generated summaries for 2025-12-13
[2025-12-13 07:08:55] ✅ Summary generation complete (4 day(s))
[2025-12-13 07:08:55] ✅ Updated Top-10 digest index.
[2025-12-13 07:08:55] 📦 Archived 0 Top-10 files older than 7 days.
[2025-12-13 07:08:55] ✅ Auto-Repair Suite completed successfully.
[2025-12-13 07:10:30] ✅ Generated summaries for 2025-12-13
[2025-12-13 07:10:30] ✅ Summary generation complete (1 day(s))
[2025-12-13 07:10:30] ✅ Generated summaries for 2025-12-13
[2025-12-13 07:10:30] ✅ Summary generation complete (1 day(s))
[2025-12-13 07:12:39] ⚠️ Placeholder detected: /home/rafa1215/consensus-project/memory/logs/system/agent_summaries/top10_suggestions_2025-12-08_0902.md
[2025-12-13 07:12:39] ⚠️ Placeholder detected: /home/rafa1215/consensus-project/memory/logs/system/agent_summaries/top10_suggestions_2025-12-13_0902.md
[2025-12-13 07:12:39] ⚠️ Placeholder detected: /home/rafa1215/consensus-project/memory/logs/system/agent_summaries/top10_suggestions_2025-12-07_0902.md
[2025-12-13 07:12:39] ⚠️ Placeholder detected: /home/rafa1215/consensus-project/memory/logs/system/agent_summaries/top10_suggestions_2025-12-04_0902.md
[2025-12-13 07:12:39] ⚠️ Placeholder detected: /home/rafa1215/consensus-project/memory/logs/system/agent_summaries/top10_optimization_2025-12-07_0902.md
[2025-12-13 07:12:39] ⚠️ Placeholder detected: /home/rafa1215/consensus-project/memory/logs/system/agent_summaries/top10_brainstorm_2025-12-07_0902.md
[2025-12-13 07:12:39] ⚠️ Placeholder detected: /home/rafa1215/consensus-project/memory/logs/system/agent_summaries/top10_suggestions_2025-12-03_0902.md
[2025-12-13 07:12:39] ⚠️ Placeholder detected: /home/rafa1215/consensus-project/memory/logs/system/agent_summaries/top10_optimization_2025-12-13_0902.md
[2025-12-13 07:12:39] ⚠️ Placeholder detected: /home/rafa1215/consensus-project/memory/logs/system/agent_summaries/top10_optimization_2025-12-03_0902.md
[2025-12-13 07:12:39] ⚠️ Placeholder detected: /home/rafa1215/consensus-project/memory/logs/system/agent_summaries/top10_brainstorm_2025-12-04_0902.md
[2025-12-13 07:12:39] ⚠️ Placeholder detected: /home/rafa1215/consensus-project/memory/logs/system/agent_summaries/top10_brainstorm_2025-12-06_0902.md
[2025-12-13 07:12:39] ⚠️ Placeholder detected: /home/rafa1215/consensus-project/memory/logs/system/agent_summaries/top10_suggestions_2025-12-10_0902.md
[2025-12-13 07:12:39] ⚠️ Placeholder detected: /home/rafa1215/consensus-project/memory/logs/system/agent_summaries/top10_brainstorm_2025-12-10_0902.md
[2025-12-13 07:12:39] ⚠️ Placeholder detected: /home/rafa1215/consensus-project/memory/logs/system/agent_summaries/top10_suggestions_2025-12-06_0902.md
[2025-12-13 07:12:39] ⚠️ Placeholder detected: /home/rafa1215/consensus-project/memory/logs/system/agent_summaries/top10_optimization_2025-12-05_0902.md
[2025-12-13 07:12:39] ⚠️ Placeholder detected: /home/rafa1215/consensus-project/memory/logs/system/agent_summaries/top10_brainstorm_2025-12-13_0902.md
[2025-12-13 07:12:39] ⚠️ Placeholder detected: /home/rafa1215/consensus-project/memory/logs/system/agent_summaries/top10_optimization_2025-12-08_0902.md
[2025-12-13 07:12:39] ⚠️ Placeholder detected: /home/rafa1215/consensus-project/memory/logs/system/agent_summaries/top10_brainstorm_2025-12-09_0902.md
[2025-12-13 07:12:39] ⚠️ Placeholder detected: /home/rafa1215/consensus-project/memory/logs/system/agent_summaries/top10_suggestions_2025-12-09_0902.md
[2025-12-13 07:12:39] ⚠️ Placeholder detected: /home/rafa1215/consensus-project/memory/logs/system/agent_summaries/top10_optimization_2025-12-10_0902.md
[2025-12-13 07:12:39] ⚠️ Placeholder detected: /home/rafa1215/consensus-project/memory/logs/system/agent_summaries/top10_brainstorm_2025-12-08_0902.md
[2025-12-13 07:12:39] ⚠️ Placeholder detected: /home/rafa1215/consensus-project/memory/logs/system/agent_summaries/top10_brainstorm_2025-12-03_0902.md
[2025-12-13 07:12:39] ⚠️ Placeholder detected: /home/rafa1215/consensus-project/memory/logs/system/agent_summaries/top10_brainstorm_2025-12-05_0902.md
[2025-12-13 07:12:39] ⚠️ Placeholder detected: /home/rafa1215/consensus-project/memory/logs/system/agent_summaries/top10_suggestions_2025-12-05_0902.md
[2025-12-13 07:12:39] ⚠️ Placeholder detected: /home/rafa1215/consensus-project/memory/logs/system/agent_summaries/top10_optimization_2025-12-04_0902.md
[2025-12-13 07:12:39] ⚠️ Placeholder detected: /home/rafa1215/consensus-project/memory/logs/system/agent_summaries/top10_optimization_2025-12-06_0902.md
[2025-12-13 07:12:39] ⚠️ Placeholder detected: /home/rafa1215/consensus-project/memory/logs/system/agent_summaries/top10_optimization_2025-12-09_0902.md
[2025-12-13 07:12:39] ♻️  Placeholder or missing Top-10 detected — regenerating...
[2025-12-13 07:12:41] ⚠️ Placeholder detected: /home/rafa1215/consensus-project/memory/logs/system/agent_summaries/top10_suggestions_2025-12-08_0902.md
[2025-12-13 07:12:41] ⚠️ Placeholder detected: /home/rafa1215/consensus-project/memory/logs/system/agent_summaries/top10_suggestions_2025-12-07_0902.md
[2025-12-13 07:12:41] ⚠️ Placeholder detected: /home/rafa1215/consensus-project/memory/logs/system/agent_summaries/top10_suggestions_2025-12-04_0902.md
[2025-12-13 07:12:41] ⚠️ Placeholder detected: /home/rafa1215/consensus-project/memory/logs/system/agent_summaries/top10_optimization_2025-12-07_0902.md
[2025-12-13 07:12:41] ⚠️ Placeholder detected: /home/rafa1215/consensus-project/memory/logs/system/agent_summaries/top10_brainstorm_2025-12-07_0902.md
[2025-12-13 07:12:41] ⚠️ Placeholder detected: /home/rafa1215/consensus-project/memory/logs/system/agent_summaries/top10_suggestions_2025-12-03_0902.md
[2025-12-13 07:12:41] ⚠️ Placeholder detected: /home/rafa1215/consensus-project/memory/logs/system/agent_summaries/top10_optimization_2025-12-03_0902.md
[2025-12-13 07:12:41] ⚠️ Placeholder detected: /home/rafa1215/consensus-project/memory/logs/system/agent_summaries/top10_brainstorm_2025-12-04_0902.md
[2025-12-13 07:12:41] ⚠️ Placeholder detected: /home/rafa1215/consensus-project/memory/logs/system/agent_summaries/top10_brainstorm_2025-12-06_0902.md
[2025-12-13 07:12:41] ⚠️ Placeholder detected: /home/rafa1215/consensus-project/memory/logs/system/agent_summaries/top10_suggestions_2025-12-10_0902.md
[2025-12-13 07:12:41] ⚠️ Placeholder detected: /home/rafa1215/consensus-project/memory/logs/system/agent_summaries/top10_brainstorm_2025-12-10_0902.md
[2025-12-13 07:12:41] ⚠️ Placeholder detected: /home/rafa1215/consensus-project/memory/logs/system/agent_summaries/top10_suggestions_2025-12-06_0902.md
[2025-12-13 07:12:41] ⚠️ Placeholder detected: /home/rafa1215/consensus-project/memory/logs/system/agent_summaries/top10_optimization_2025-12-05_0902.md
[2025-12-13 07:12:41] ⚠️ Placeholder detected: /home/rafa1215/consensus-project/memory/logs/system/agent_summaries/top10_optimization_2025-12-08_0902.md
[2025-12-13 07:12:41] ⚠️ Placeholder detected: /home/rafa1215/consensus-project/memory/logs/system/agent_summaries/top10_brainstorm_2025-12-09_0902.md
[2025-12-13 07:12:41] ⚠️ Placeholder detected: /home/rafa1215/consensus-project/memory/logs/system/agent_summaries/top10_suggestions_2025-12-09_0902.md
[2025-12-13 07:12:41] ⚠️ Placeholder detected: /home/rafa1215/consensus-project/memory/logs/system/agent_summaries/top10_optimization_2025-12-10_0902.md
[2025-12-13 07:12:41] ⚠️ Placeholder detected: /home/rafa1215/consensus-project/memory/logs/system/agent_summaries/top10_brainstorm_2025-12-08_0902.md
[2025-12-13 07:12:41] ⚠️ Placeholder detected: /home/rafa1215/consensus-project/memory/logs/system/agent_summaries/top10_brainstorm_2025-12-03_0902.md
[2025-12-13 07:12:41] ⚠️ Placeholder detected: /home/rafa1215/consensus-project/memory/logs/system/agent_summaries/top10_brainstorm_2025-12-05_0902.md
[2025-12-13 07:12:41] ⚠️ Placeholder detected: /home/rafa1215/consensus-project/memory/logs/system/agent_summaries/top10_suggestions_2025-12-05_0902.md
[2025-12-13 07:12:41] ⚠️ Placeholder detected: /home/rafa1215/consensus-project/memory/logs/system/agent_summaries/top10_optimization_2025-12-04_0902.md
[2025-12-13 07:12:41] ⚠️ Placeholder detected: /home/rafa1215/consensus-project/memory/logs/system/agent_summaries/top10_optimization_2025-12-06_0902.md
[2025-12-13 07:12:41] ⚠️ Placeholder detected: /home/rafa1215/consensus-project/memory/logs/system/agent_summaries/top10_optimization_2025-12-09_0902.md
[2025-12-13 07:12:41] ♻️  Placeholder or missing Top-10 detected — regenerating...
[2025-12-15 07:06:53] ⚠️  Missing or outdated daily summaries detected — regenerating.
[2025-12-15 07:06:53] ✅ Generated summaries for 2025-12-12
[2025-12-15 07:06:53] ✅ Generated summaries for 2025-12-13
[2025-12-15 07:06:53] ✅ Generated summaries for 2025-12-14
[2025-12-15 07:06:53] ✅ Generated summaries for 2025-12-15
[2025-12-15 07:06:53] ✅ Summary generation complete (4 day(s))
[2025-12-15 07:06:53] ⚠️  Missing or outdated daily summaries detected — regenerating.
[2025-12-15 07:06:53] ✅ Generated summaries for 2025-12-12
[2025-12-15 07:06:53] ✅ Generated summaries for 2025-12-13
[2025-12-15 07:06:53] ✅ Generated summaries for 2025-12-14
[2025-12-15 07:06:53] ✅ Generated summaries for 2025-12-15
[2025-12-15 07:06:53] ✅ Summary generation complete (4 day(s))
[2025-12-15 07:08:26] 🔍 Running system file auditor...
[2025-12-15 07:08:31] 🔍 Running system file auditor...
[2025-12-15 07:09:32] 🚀 Auto-Repair Suite started.
[2025-12-15 07:09:32] ⚠️ Placeholder detected: /home/rafa1215/consensus-project/memory/logs/system/agent_summaries/top10_suggestions_2025-12-08_0902.md
[2025-12-15 07:09:32] ⚠️ Placeholder detected: /home/rafa1215/consensus-project/memory/logs/system/agent_summaries/top10_suggestions_2025-12-13_0902.md
[2025-12-15 07:09:32] ⚠️ Placeholder detected: /home/rafa1215/consensus-project/memory/logs/system/agent_summaries/top10_suggestions_2025-12-07_0902.md
[2025-12-15 07:09:32] ⚠️ Placeholder detected: /home/rafa1215/consensus-project/memory/logs/system/agent_summaries/top10_suggestions_2025-12-04_0902.md
[2025-12-15 07:09:32] ⚠️ Placeholder detected: /home/rafa1215/consensus-project/memory/logs/system/agent_summaries/top10_optimization_2025-12-07_0902.md
[2025-12-15 07:09:32] ⚠️ Placeholder detected: /home/rafa1215/consensus-project/memory/logs/system/agent_summaries/top10_brainstorm_2025-12-07_0902.md
[2025-12-15 07:09:32] ⚠️ Placeholder detected: /home/rafa1215/consensus-project/memory/logs/system/agent_summaries/top10_suggestions_2025-12-03_0902.md
[2025-12-15 07:09:32] ⚠️ Placeholder detected: /home/rafa1215/consensus-project/memory/logs/system/agent_summaries/top10_optimization_2025-12-13_0902.md
[2025-12-15 07:09:32] ⚠️ Placeholder detected: /home/rafa1215/consensus-project/memory/logs/system/agent_summaries/top10_optimization_2025-12-03_0902.md
[2025-12-15 07:09:32] ⚠️ Placeholder detected: /home/rafa1215/consensus-project/memory/logs/system/agent_summaries/top10_brainstorm_2025-12-04_0902.md
[2025-12-15 07:09:32] ⚠️ Placeholder detected: /home/rafa1215/consensus-project/memory/logs/system/agent_summaries/top10_suggestions_2025-12-12_0902.md
[2025-12-15 07:09:32] ⚠️ Placeholder detected: /home/rafa1215/consensus-project/memory/logs/system/agent_summaries/top10_optimization_2025-12-14_0902.md
[2025-12-15 07:09:32] ⚠️ Placeholder detected: /home/rafa1215/consensus-project/memory/logs/system/agent_summaries/top10_optimization_2025-12-12_0902.md
[2025-12-15 07:09:32] ⚠️ Placeholder detected: /home/rafa1215/consensus-project/memory/logs/system/agent_summaries/top10_brainstorm_2025-12-06_0902.md
[2025-12-15 07:09:32] ⚠️ Placeholder detected: /home/rafa1215/consensus-project/memory/logs/system/agent_summaries/top10_suggestions_2025-12-10_0902.md
[2025-12-15 07:09:32] ⚠️ Placeholder detected: /home/rafa1215/consensus-project/memory/logs/system/agent_summaries/top10_brainstorm_2025-12-15_0902.md
[2025-12-15 07:09:32] ⚠️ Placeholder detected: /home/rafa1215/consensus-project/memory/logs/system/agent_summaries/top10_brainstorm_2025-12-10_0902.md
[2025-12-15 07:09:32] ⚠️ Placeholder detected: /home/rafa1215/consensus-project/memory/logs/system/agent_summaries/top10_suggestions_2025-12-06_0902.md
[2025-12-15 07:09:32] ⚠️ Placeholder detected: /home/rafa1215/consensus-project/memory/logs/system/agent_summaries/top10_optimization_2025-12-05_0902.md
[2025-12-15 07:09:32] ⚠️ Placeholder detected: /home/rafa1215/consensus-project/memory/logs/system/agent_summaries/top10_brainstorm_2025-12-13_0902.md
[2025-12-15 07:09:32] ⚠️ Placeholder detected: /home/rafa1215/consensus-project/memory/logs/system/agent_summaries/top10_optimization_2025-12-08_0902.md
[2025-12-15 07:09:32] ⚠️ Placeholder detected: /home/rafa1215/consensus-project/memory/logs/system/agent_summaries/top10_brainstorm_2025-12-09_0902.md
[2025-12-15 07:09:32] ⚠️ Placeholder detected: /home/rafa1215/consensus-project/memory/logs/system/agent_summaries/top10_suggestions_2025-12-14_0902.md
[2025-12-15 07:09:32] ⚠️ Placeholder detected: /home/rafa1215/consensus-project/memory/logs/system/agent_summaries/top10_optimization_2025-12-15_0902.md
[2025-12-15 07:09:32] ⚠️ Placeholder detected: /home/rafa1215/consensus-project/memory/logs/system/agent_summaries/top10_suggestions_2025-12-09_0902.md
[2025-12-15 07:09:32] ⚠️ Placeholder detected: /home/rafa1215/consensus-project/memory/logs/system/agent_summaries/top10_brainstorm_2025-12-14_0902.md
[2025-12-15 07:09:32] ⚠️ Placeholder detected: /home/rafa1215/consensus-project/memory/logs/system/agent_summaries/top10_optimization_2025-12-10_0902.md
[2025-12-15 07:09:32] ⚠️ Placeholder detected: /home/rafa1215/consensus-project/memory/logs/system/agent_summaries/top10_brainstorm_2025-12-08_0902.md
[2025-12-15 07:09:32] ⚠️ Placeholder detected: /home/rafa1215/consensus-project/memory/logs/system/agent_summaries/top10_brainstorm_2025-12-03_0902.md
[2025-12-15 07:09:32] ⚠️ Placeholder detected: /home/rafa1215/consensus-project/memory/logs/system/agent_summaries/top10_brainstorm_2025-12-05_0902.md
[2025-12-15 07:09:32] ⚠️ Placeholder detected: /home/rafa1215/consensus-project/memory/logs/system/agent_summaries/top10_brainstorm_2025-12-12_0902.md
[2025-12-15 07:09:32] ⚠️ Placeholder detected: /home/rafa1215/consensus-project/memory/logs/system/agent_summaries/top10_suggestions_2025-12-15_0902.md
[2025-12-15 07:09:32] ⚠️ Placeholder detected: /home/rafa1215/consensus-project/memory/logs/system/agent_summaries/top10_suggestions_2025-12-05_0902.md
[2025-12-15 07:09:32] ⚠️ Placeholder detected: /home/rafa1215/consensus-project/memory/logs/system/agent_summaries/top10_optimization_2025-12-04_0902.md
[2025-12-15 07:09:32] ⚠️ Placeholder detected: /home/rafa1215/consensus-project/memory/logs/system/agent_summaries/top10_optimization_2025-12-06_0902.md
[2025-12-15 07:09:32] ⚠️ Placeholder detected: /home/rafa1215/consensus-project/memory/logs/system/agent_summaries/top10_optimization_2025-12-09_0902.md
[2025-12-15 07:09:32] ♻️  Placeholder or missing Top-10 detected — regenerating...
[2025-12-15 07:09:34] ⚠️  Missing or outdated daily summaries detected — regenerating.
[2025-12-15 07:09:34] ✅ Generated summaries for 2025-12-12
[2025-12-15 07:09:34] ✅ Generated summaries for 2025-12-13
[2025-12-15 07:09:35] ✅ Generated summaries for 2025-12-14
[2025-12-15 07:09:35] ✅ Generated summaries for 2025-12-15
[2025-12-15 07:09:35] ✅ Summary generation complete (4 day(s))
[2025-12-15 07:09:35] ✅ Updated Top-10 digest index.
[2025-12-15 07:09:35] 📦 Archived 30 Top-10 files older than 7 days.
[2025-12-15 07:09:35] ✅ Auto-Repair Suite completed successfully.
[2025-12-15 07:09:35] 🚀 Auto-Repair Suite started.
[2025-12-15 07:09:35] ⚠️ Placeholder detected: /home/rafa1215/consensus-project/memory/logs/system/agent_summaries/top10_suggestions_2025-12-08_0902.md
[2025-12-15 07:09:35] ⚠️ Placeholder detected: /home/rafa1215/consensus-project/memory/logs/system/agent_summaries/top10_suggestions_2025-12-13_0902.md
[2025-12-15 07:09:35] ⚠️ Placeholder detected: /home/rafa1215/consensus-project/memory/logs/system/agent_summaries/top10_suggestions_2025-12-07_0902.md
[2025-12-15 07:09:35] ⚠️ Placeholder detected: /home/rafa1215/consensus-project/memory/logs/system/agent_summaries/top10_optimization_2025-12-07_0902.md
[2025-12-15 07:09:35] ⚠️ Placeholder detected: /home/rafa1215/consensus-project/memory/logs/system/agent_summaries/top10_brainstorm_2025-12-07_0902.md
[2025-12-15 07:09:35] ⚠️ Placeholder detected: /home/rafa1215/consensus-project/memory/logs/system/agent_summaries/top10_optimization_2025-12-13_0902.md
[2025-12-15 07:09:35] ⚠️ Placeholder detected: /home/rafa1215/consensus-project/memory/logs/system/agent_summaries/top10_suggestions_2025-12-12_0902.md
[2025-12-15 07:09:35] ⚠️ Placeholder detected: /home/rafa1215/consensus-project/memory/logs/system/agent_summaries/top10_optimization_2025-12-14_0902.md
[2025-12-15 07:09:35] ⚠️ Placeholder detected: /home/rafa1215/consensus-project/memory/logs/system/agent_summaries/top10_optimization_2025-12-12_0902.md
[2025-12-15 07:09:35] ⚠️ Placeholder detected: /home/rafa1215/consensus-project/memory/logs/system/agent_summaries/top10_brainstorm_2025-12-06_0902.md
[2025-12-15 07:09:35] ⚠️ Placeholder detected: /home/rafa1215/consensus-project/memory/logs/system/agent_summaries/top10_suggestions_2025-12-10_0902.md
[2025-12-15 07:09:35] ⚠️ Placeholder detected: /home/rafa1215/consensus-project/memory/logs/system/agent_summaries/top10_brainstorm_2025-12-15_0902.md
[2025-12-15 07:09:35] ⚠️ Placeholder detected: /home/rafa1215/consensus-project/memory/logs/system/agent_summaries/top10_brainstorm_2025-12-10_0902.md
[2025-12-15 07:09:35] ⚠️ Placeholder detected: /home/rafa1215/consensus-project/memory/logs/system/agent_summaries/top10_suggestions_2025-12-06_0902.md
[2025-12-15 07:09:35] ⚠️ Placeholder detected: /home/rafa1215/consensus-project/memory/logs/system/agent_summaries/top10_optimization_2025-12-05_0902.md
[2025-12-15 07:09:35] ⚠️ Placeholder detected: /home/rafa1215/consensus-project/memory/logs/system/agent_summaries/top10_brainstorm_2025-12-13_0902.md
[2025-12-15 07:09:35] ⚠️ Placeholder detected: /home/rafa1215/consensus-project/memory/logs/system/agent_summaries/top10_optimization_2025-12-08_0902.md
[2025-12-15 07:09:35] ⚠️ Placeholder detected: /home/rafa1215/consensus-project/memory/logs/system/agent_summaries/top10_brainstorm_2025-12-09_0902.md
[2025-12-15 07:09:35] ⚠️ Placeholder detected: /home/rafa1215/consensus-project/memory/logs/system/agent_summaries/top10_suggestions_2025-12-14_0902.md
[2025-12-15 07:09:35] ⚠️ Placeholder detected: /home/rafa1215/consensus-project/memory/logs/system/agent_summaries/top10_optimization_2025-12-15_0902.md
[2025-12-15 07:09:35] ⚠️ Placeholder detected: /home/rafa1215/consensus-project/memory/logs/system/agent_summaries/top10_suggestions_2025-12-09_0902.md
[2025-12-15 07:09:35] ⚠️ Placeholder detected: /home/rafa1215/consensus-project/memory/logs/system/agent_summaries/top10_brainstorm_2025-12-14_0902.md
[2025-12-15 07:09:35] ⚠️ Placeholder detected: /home/rafa1215/consensus-project/memory/logs/system/agent_summaries/top10_optimization_2025-12-10_0902.md
[2025-12-15 07:09:35] ⚠️ Placeholder detected: /home/rafa1215/consensus-project/memory/logs/system/agent_summaries/top10_brainstorm_2025-12-08_0902.md
[2025-12-15 07:09:35] ⚠️ Placeholder detected: /home/rafa1215/consensus-project/memory/logs/system/agent_summaries/top10_brainstorm_2025-12-05_0902.md
[2025-12-15 07:09:35] ⚠️ Placeholder detected: /home/rafa1215/consensus-project/memory/logs/system/agent_summaries/top10_brainstorm_2025-12-12_0902.md
[2025-12-15 07:09:35] ⚠️ Placeholder detected: /home/rafa1215/consensus-project/memory/logs/system/agent_summaries/top10_suggestions_2025-12-15_0902.md
[2025-12-15 07:09:35] ⚠️ Placeholder detected: /home/rafa1215/consensus-project/memory/logs/system/agent_summaries/top10_suggestions_2025-12-05_0902.md
[2025-12-15 07:09:35] ⚠️ Placeholder detected: /home/rafa1215/consensus-project/memory/logs/system/agent_summaries/top10_optimization_2025-12-06_0902.md
[2025-12-15 07:09:35] ⚠️ Placeholder detected: /home/rafa1215/consensus-project/memory/logs/system/agent_summaries/top10_optimization_2025-12-09_0902.md
[2025-12-15 07:09:35] ♻️  Placeholder or missing Top-10 detected — regenerating...
[2025-12-15 07:09:37] ⚠️  Missing or outdated daily summaries detected — regenerating.
[2025-12-15 07:09:37] ✅ Generated summaries for 2025-12-12
[2025-12-15 07:09:37] ✅ Generated summaries for 2025-12-13
[2025-12-15 07:09:37] ✅ Generated summaries for 2025-12-14
[2025-12-15 07:09:37] ✅ Generated summaries for 2025-12-15
[2025-12-15 07:09:37] ✅ Summary generation complete (4 day(s))
[2025-12-15 07:09:37] ✅ Updated Top-10 digest index.
[2025-12-15 07:09:37] 📦 Archived 0 Top-10 files older than 7 days.
[2025-12-15 07:09:37] ✅ Auto-Repair Suite completed successfully.
[2025-12-15 07:11:18] ✅ Generated summaries for 2025-12-15
[2025-12-15 07:11:18] ✅ Summary generation complete (1 day(s))
[2025-12-15 07:11:18] ✅ Generated summaries for 2025-12-15
[2025-12-15 07:11:18] ✅ Summary generation complete (1 day(s))
[2025-12-15 07:13:25] ⚠️ Placeholder detected: /home/rafa1215/consensus-project/memory/logs/system/agent_summaries/top10_suggestions_2025-12-08_0902.md
[2025-12-15 07:13:25] ⚠️ Placeholder detected: /home/rafa1215/consensus-project/memory/logs/system/agent_summaries/top10_suggestions_2025-12-07_0902.md
[2025-12-15 07:13:25] ⚠️ Placeholder detected: /home/rafa1215/consensus-project/memory/logs/system/agent_summaries/top10_optimization_2025-12-07_0902.md
[2025-12-15 07:13:25] ⚠️ Placeholder detected: /home/rafa1215/consensus-project/memory/logs/system/agent_summaries/top10_brainstorm_2025-12-07_0902.md
[2025-12-15 07:13:25] ⚠️ Placeholder detected: /home/rafa1215/consensus-project/memory/logs/system/agent_summaries/top10_suggestions_2025-12-12_0902.md
[2025-12-15 07:13:25] ⚠️ Placeholder detected: /home/rafa1215/consensus-project/memory/logs/system/agent_summaries/top10_optimization_2025-12-12_0902.md
[2025-12-15 07:13:25] ⚠️ Placeholder detected: /home/rafa1215/consensus-project/memory/logs/system/agent_summaries/top10_brainstorm_2025-12-06_0902.md
[2025-12-15 07:13:25] ⚠️ Placeholder detected: /home/rafa1215/consensus-project/memory/logs/system/agent_summaries/top10_suggestions_2025-12-10_0902.md
[2025-12-15 07:13:26] ⚠️ Placeholder detected: /home/rafa1215/consensus-project/memory/logs/system/agent_summaries/top10_brainstorm_2025-12-15_0902.md
[2025-12-15 07:13:26] ⚠️ Placeholder detected: /home/rafa1215/consensus-project/memory/logs/system/agent_summaries/top10_brainstorm_2025-12-10_0902.md
[2025-12-15 07:13:26] ⚠️ Placeholder detected: /home/rafa1215/consensus-project/memory/logs/system/agent_summaries/top10_suggestions_2025-12-06_0902.md
[2025-12-15 07:13:26] ⚠️ Placeholder detected: /home/rafa1215/consensus-project/memory/logs/system/agent_summaries/top10_optimization_2025-12-05_0902.md
[2025-12-15 07:13:26] ⚠️ Placeholder detected: /home/rafa1215/consensus-project/memory/logs/system/agent_summaries/top10_optimization_2025-12-08_0902.md
[2025-12-15 07:13:26] ⚠️ Placeholder detected: /home/rafa1215/consensus-project/memory/logs/system/agent_summaries/top10_brainstorm_2025-12-09_0902.md
[2025-12-15 07:13:26] ⚠️ Placeholder detected: /home/rafa1215/consensus-project/memory/logs/system/agent_summaries/top10_optimization_2025-12-15_0902.md
[2025-12-15 07:13:26] ⚠️ Placeholder detected: /home/rafa1215/consensus-project/memory/logs/system/agent_summaries/top10_suggestions_2025-12-09_0902.md
[2025-12-15 07:13:26] ⚠️ Placeholder detected: /home/rafa1215/consensus-project/memory/logs/system/agent_summaries/top10_optimization_2025-12-10_0902.md
[2025-12-15 07:13:26] ⚠️ Placeholder detected: /home/rafa1215/consensus-project/memory/logs/system/agent_summaries/top10_brainstorm_2025-12-08_0902.md
[2025-12-15 07:13:26] ⚠️ Placeholder detected: /home/rafa1215/consensus-project/memory/logs/system/agent_summaries/top10_brainstorm_2025-12-05_0902.md
[2025-12-15 07:13:26] ⚠️ Placeholder detected: /home/rafa1215/consensus-project/memory/logs/system/agent_summaries/top10_brainstorm_2025-12-12_0902.md
[2025-12-15 07:13:26] ⚠️ Placeholder detected: /home/rafa1215/consensus-project/memory/logs/system/agent_summaries/top10_suggestions_2025-12-15_0902.md
[2025-12-15 07:13:26] ⚠️ Placeholder detected: /home/rafa1215/consensus-project/memory/logs/system/agent_summaries/top10_suggestions_2025-12-05_0902.md
[2025-12-15 07:13:26] ⚠️ Placeholder detected: /home/rafa1215/consensus-project/memory/logs/system/agent_summaries/top10_optimization_2025-12-06_0902.md
[2025-12-15 07:13:26] ⚠️ Placeholder detected: /home/rafa1215/consensus-project/memory/logs/system/agent_summaries/top10_optimization_2025-12-09_0902.md
[2025-12-15 07:13:26] ♻️  Placeholder or missing Top-10 detected — regenerating...
[2025-12-15 07:13:27] ⚠️ Placeholder detected: /home/rafa1215/consensus-project/memory/logs/system/agent_summaries/top10_suggestions_2025-12-08_0902.md
[2025-12-15 07:13:27] ⚠️ Placeholder detected: /home/rafa1215/consensus-project/memory/logs/system/agent_summaries/top10_suggestions_2025-12-07_0902.md
[2025-12-15 07:13:27] ⚠️ Placeholder detected: /home/rafa1215/consensus-project/memory/logs/system/agent_summaries/top10_optimization_2025-12-07_0902.md
[2025-12-15 07:13:27] ⚠️ Placeholder detected: /home/rafa1215/consensus-project/memory/logs/system/agent_summaries/top10_brainstorm_2025-12-07_0902.md
[2025-12-15 07:13:27] ⚠️ Placeholder detected: /home/rafa1215/consensus-project/memory/logs/system/agent_summaries/top10_suggestions_2025-12-12_0902.md
[2025-12-15 07:13:27] ⚠️ Placeholder detected: /home/rafa1215/consensus-project/memory/logs/system/agent_summaries/top10_optimization_2025-12-12_0902.md
[2025-12-15 07:13:27] ⚠️ Placeholder detected: /home/rafa1215/consensus-project/memory/logs/system/agent_summaries/top10_brainstorm_2025-12-06_0902.md
[2025-12-15 07:13:27] ⚠️ Placeholder detected: /home/rafa1215/consensus-project/memory/logs/system/agent_summaries/top10_suggestions_2025-12-10_0902.md
[2025-12-15 07:13:27] ⚠️ Placeholder detected: /home/rafa1215/consensus-project/memory/logs/system/agent_summaries/top10_brainstorm_2025-12-10_0902.md
[2025-12-15 07:13:27] ⚠️ Placeholder detected: /home/rafa1215/consensus-project/memory/logs/system/agent_summaries/top10_suggestions_2025-12-06_0902.md
[2025-12-15 07:13:27] ⚠️ Placeholder detected: /home/rafa1215/consensus-project/memory/logs/system/agent_summaries/top10_optimization_2025-12-05_0902.md
[2025-12-15 07:13:27] ⚠️ Placeholder detected: /home/rafa1215/consensus-project/memory/logs/system/agent_summaries/top10_optimization_2025-12-08_0902.md
[2025-12-15 07:13:27] ⚠️ Placeholder detected: /home/rafa1215/consensus-project/memory/logs/system/agent_summaries/top10_brainstorm_2025-12-09_0902.md
[2025-12-15 07:13:27] ⚠️ Placeholder detected: /home/rafa1215/consensus-project/memory/logs/system/agent_summaries/top10_suggestions_2025-12-09_0902.md
[2025-12-15 07:13:27] ⚠️ Placeholder detected: /home/rafa1215/consensus-project/memory/logs/system/agent_summaries/top10_optimization_2025-12-10_0902.md
[2025-12-15 07:13:27] ⚠️ Placeholder detected: /home/rafa1215/consensus-project/memory/logs/system/agent_summaries/top10_brainstorm_2025-12-08_0902.md
[2025-12-15 07:13:27] ⚠️ Placeholder detected: /home/rafa1215/consensus-project/memory/logs/system/agent_summaries/top10_brainstorm_2025-12-05_0902.md
[2025-12-15 07:13:27] ⚠️ Placeholder detected: /home/rafa1215/consensus-project/memory/logs/system/agent_summaries/top10_brainstorm_2025-12-12_0902.md
[2025-12-15 07:13:27] ⚠️ Placeholder detected: /home/rafa1215/consensus-project/memory/logs/system/agent_summaries/top10_suggestions_2025-12-05_0902.md
[2025-12-15 07:13:27] ⚠️ Placeholder detected: /home/rafa1215/consensus-project/memory/logs/system/agent_summaries/top10_optimization_2025-12-06_0902.md
[2025-12-15 07:13:27] ⚠️ Placeholder detected: /home/rafa1215/consensus-project/memory/logs/system/agent_summaries/top10_optimization_2025-12-09_0902.md
[2025-12-15 07:13:27] ♻️  Placeholder or missing Top-10 detected — regenerating...
[2025-12-16 07:06:49] ⚠️  Missing or outdated daily summaries detected — regenerating.
[2025-12-16 07:06:49] ✅ Generated summaries for 2025-12-13
[2025-12-16 07:06:49] ✅ Generated summaries for 2025-12-14
[2025-12-16 07:06:49] ✅ Generated summaries for 2025-12-15
[2025-12-16 07:06:49] ✅ Generated summaries for 2025-12-16
[2025-12-16 07:06:49] ✅ Summary generation complete (4 day(s))
[2025-12-16 07:06:49] ⚠️  Missing or outdated daily summaries detected — regenerating.
[2025-12-16 07:06:49] ✅ Generated summaries for 2025-12-13
[2025-12-16 07:06:49] ✅ Generated summaries for 2025-12-14
[2025-12-16 07:06:49] ✅ Generated summaries for 2025-12-15
[2025-12-16 07:06:49] ✅ Generated summaries for 2025-12-16
[2025-12-16 07:06:49] ✅ Summary generation complete (4 day(s))
[2025-12-16 07:08:22] 🔍 Running system file auditor...
[2025-12-16 07:08:27] 🔍 Running system file auditor...
[2025-12-16 07:09:28] 🚀 Auto-Repair Suite started.
[2025-12-16 07:09:28] ⚠️ Placeholder detected: /home/rafa1215/consensus-project/memory/logs/system/agent_summaries/top10_suggestions_2025-12-08_0902.md
[2025-12-16 07:09:28] ⚠️ Placeholder detected: /home/rafa1215/consensus-project/memory/logs/system/agent_summaries/top10_suggestions_2025-12-13_0902.md
[2025-12-16 07:09:28] ⚠️ Placeholder detected: /home/rafa1215/consensus-project/memory/logs/system/agent_summaries/top10_suggestions_2025-12-07_0902.md
[2025-12-16 07:09:28] ⚠️ Placeholder detected: /home/rafa1215/consensus-project/memory/logs/system/agent_summaries/top10_optimization_2025-12-07_0902.md
[2025-12-16 07:09:28] ⚠️ Placeholder detected: /home/rafa1215/consensus-project/memory/logs/system/agent_summaries/top10_brainstorm_2025-12-07_0902.md
[2025-12-16 07:09:28] ⚠️ Placeholder detected: /home/rafa1215/consensus-project/memory/logs/system/agent_summaries/top10_optimization_2025-12-13_0902.md
[2025-12-16 07:09:28] ⚠️ Placeholder detected: /home/rafa1215/consensus-project/memory/logs/system/agent_summaries/top10_suggestions_2025-12-12_0902.md
[2025-12-16 07:09:28] ⚠️ Placeholder detected: /home/rafa1215/consensus-project/memory/logs/system/agent_summaries/top10_optimization_2025-12-14_0902.md
[2025-12-16 07:09:28] ⚠️ Placeholder detected: /home/rafa1215/consensus-project/memory/logs/system/agent_summaries/top10_optimization_2025-12-12_0902.md
[2025-12-16 07:09:28] ⚠️ Placeholder detected: /home/rafa1215/consensus-project/memory/logs/system/agent_summaries/top10_brainstorm_2025-12-06_0902.md
[2025-12-16 07:09:28] ⚠️ Placeholder detected: /home/rafa1215/consensus-project/memory/logs/system/agent_summaries/top10_suggestions_2025-12-10_0902.md
[2025-12-16 07:09:28] ⚠️ Placeholder detected: /home/rafa1215/consensus-project/memory/logs/system/agent_summaries/top10_brainstorm_2025-12-15_0902.md
[2025-12-16 07:09:28] ⚠️ Placeholder detected: /home/rafa1215/consensus-project/memory/logs/system/agent_summaries/top10_brainstorm_2025-12-10_0902.md
[2025-12-16 07:09:28] ⚠️ Placeholder detected: /home/rafa1215/consensus-project/memory/logs/system/agent_summaries/top10_suggestions_2025-12-06_0902.md
[2025-12-16 07:09:28] ⚠️ Placeholder detected: /home/rafa1215/consensus-project/memory/logs/system/agent_summaries/top10_optimization_2025-12-05_0902.md
[2025-12-16 07:09:28] ⚠️ Placeholder detected: /home/rafa1215/consensus-project/memory/logs/system/agent_summaries/top10_optimization_2025-12-16_0902.md
[2025-12-16 07:09:28] ⚠️ Placeholder detected: /home/rafa1215/consensus-project/memory/logs/system/agent_summaries/top10_brainstorm_2025-12-13_0902.md
[2025-12-16 07:09:28] ⚠️ Placeholder detected: /home/rafa1215/consensus-project/memory/logs/system/agent_summaries/top10_optimization_2025-12-08_0902.md
[2025-12-16 07:09:28] ⚠️ Placeholder detected: /home/rafa1215/consensus-project/memory/logs/system/agent_summaries/top10_brainstorm_2025-12-09_0902.md
[2025-12-16 07:09:28] ⚠️ Placeholder detected: /home/rafa1215/consensus-project/memory/logs/system/agent_summaries/top10_suggestions_2025-12-14_0902.md
[2025-12-16 07:09:28] ⚠️ Placeholder detected: /home/rafa1215/consensus-project/memory/logs/system/agent_summaries/top10_optimization_2025-12-15_0902.md
[2025-12-16 07:09:28] ⚠️ Placeholder detected: /home/rafa1215/consensus-project/memory/logs/system/agent_summaries/top10_suggestions_2025-12-09_0902.md
[2025-12-16 07:09:28] ⚠️ Placeholder detected: /home/rafa1215/consensus-project/memory/logs/system/agent_summaries/top10_brainstorm_2025-12-16_0902.md
[2025-12-16 07:09:28] ⚠️ Placeholder detected: /home/rafa1215/consensus-project/memory/logs/system/agent_summaries/top10_brainstorm_2025-12-14_0902.md
[2025-12-16 07:09:28] ⚠️ Placeholder detected: /home/rafa1215/consensus-project/memory/logs/system/agent_summaries/top10_suggestions_2025-12-16_0902.md
[2025-12-16 07:09:28] ⚠️ Placeholder detected: /home/rafa1215/consensus-project/memory/logs/system/agent_summaries/top10_optimization_2025-12-10_0902.md
[2025-12-16 07:09:28] ⚠️ Placeholder detected: /home/rafa1215/consensus-project/memory/logs/system/agent_summaries/top10_brainstorm_2025-12-08_0902.md
[2025-12-16 07:09:28] ⚠️ Placeholder detected: /home/rafa1215/consensus-project/memory/logs/system/agent_summaries/top10_brainstorm_2025-12-05_0902.md
[2025-12-16 07:09:28] ⚠️ Placeholder detected: /home/rafa1215/consensus-project/memory/logs/system/agent_summaries/top10_brainstorm_2025-12-12_0902.md
[2025-12-16 07:09:28] ⚠️ Placeholder detected: /home/rafa1215/consensus-project/memory/logs/system/agent_summaries/top10_suggestions_2025-12-15_0902.md
[2025-12-16 07:09:28] ⚠️ Placeholder detected: /home/rafa1215/consensus-project/memory/logs/system/agent_summaries/top10_suggestions_2025-12-05_0902.md
[2025-12-16 07:09:28] ⚠️ Placeholder detected: /home/rafa1215/consensus-project/memory/logs/system/agent_summaries/top10_optimization_2025-12-06_0902.md
[2025-12-16 07:09:28] ⚠️ Placeholder detected: /home/rafa1215/consensus-project/memory/logs/system/agent_summaries/top10_optimization_2025-12-09_0902.md
[2025-12-16 07:09:28] ♻️  Placeholder or missing Top-10 detected — regenerating...
[2025-12-16 07:09:30] ⚠️  Missing or outdated daily summaries detected — regenerating.
[2025-12-16 07:09:30] ✅ Generated summaries for 2025-12-13
[2025-12-16 07:09:30] ✅ Generated summaries for 2025-12-14
[2025-12-16 07:09:30] ✅ Generated summaries for 2025-12-15
[2025-12-16 07:09:30] ✅ Generated summaries for 2025-12-16
[2025-12-16 07:09:30] ✅ Summary generation complete (4 day(s))
[2025-12-16 07:09:30] ✅ Updated Top-10 digest index.
[2025-12-16 07:09:30] 📦 Archived 15 Top-10 files older than 7 days.
[2025-12-16 07:09:30] ✅ Auto-Repair Suite completed successfully.
[2025-12-16 07:09:30] 🚀 Auto-Repair Suite started.
[2025-12-16 07:09:31] ⚠️ Placeholder detected: /home/rafa1215/consensus-project/memory/logs/system/agent_summaries/top10_suggestions_2025-12-08_0902.md
[2025-12-16 07:09:31] ⚠️ Placeholder detected: /home/rafa1215/consensus-project/memory/logs/system/agent_summaries/top10_suggestions_2025-12-13_0902.md
[2025-12-16 07:09:31] ⚠️ Placeholder detected: /home/rafa1215/consensus-project/memory/logs/system/agent_summaries/top10_suggestions_2025-12-07_0902.md
[2025-12-16 07:09:31] ⚠️ Placeholder detected: /home/rafa1215/consensus-project/memory/logs/system/agent_summaries/top10_optimization_2025-12-07_0902.md
[2025-12-16 07:09:31] ⚠️ Placeholder detected: /home/rafa1215/consensus-project/memory/logs/system/agent_summaries/top10_brainstorm_2025-12-07_0902.md
[2025-12-16 07:09:31] ⚠️ Placeholder detected: /home/rafa1215/consensus-project/memory/logs/system/agent_summaries/top10_optimization_2025-12-13_0902.md
[2025-12-16 07:09:31] ⚠️ Placeholder detected: /home/rafa1215/consensus-project/memory/logs/system/agent_summaries/top10_suggestions_2025-12-12_0902.md
[2025-12-16 07:09:31] ⚠️ Placeholder detected: /home/rafa1215/consensus-project/memory/logs/system/agent_summaries/top10_optimization_2025-12-14_0902.md
[2025-12-16 07:09:31] ⚠️ Placeholder detected: /home/rafa1215/consensus-project/memory/logs/system/agent_summaries/top10_optimization_2025-12-12_0902.md
[2025-12-16 07:09:31] ⚠️ Placeholder detected: /home/rafa1215/consensus-project/memory/logs/system/agent_summaries/top10_brainstorm_2025-12-06_0902.md
[2025-12-16 07:09:31] ⚠️ Placeholder detected: /home/rafa1215/consensus-project/memory/logs/system/agent_summaries/top10_suggestions_2025-12-10_0902.md
[2025-12-16 07:09:31] ⚠️ Placeholder detected: /home/rafa1215/consensus-project/memory/logs/system/agent_summaries/top10_brainstorm_2025-12-15_0902.md
[2025-12-16 07:09:31] ⚠️ Placeholder detected: /home/rafa1215/consensus-project/memory/logs/system/agent_summaries/top10_brainstorm_2025-12-10_0902.md
[2025-12-16 07:09:31] ⚠️ Placeholder detected: /home/rafa1215/consensus-project/memory/logs/system/agent_summaries/top10_suggestions_2025-12-06_0902.md
[2025-12-16 07:09:31] ⚠️ Placeholder detected: /home/rafa1215/consensus-project/memory/logs/system/agent_summaries/top10_optimization_2025-12-16_0902.md
[2025-12-16 07:09:31] ⚠️ Placeholder detected: /home/rafa1215/consensus-project/memory/logs/system/agent_summaries/top10_brainstorm_2025-12-13_0902.md
[2025-12-16 07:09:31] ⚠️ Placeholder detected: /home/rafa1215/consensus-project/memory/logs/system/agent_summaries/top10_optimization_2025-12-08_0902.md
[2025-12-16 07:09:31] ⚠️ Placeholder detected: /home/rafa1215/consensus-project/memory/logs/system/agent_summaries/top10_brainstorm_2025-12-09_0902.md
[2025-12-16 07:09:31] ⚠️ Placeholder detected: /home/rafa1215/consensus-project/memory/logs/system/agent_summaries/top10_suggestions_2025-12-14_0902.md
[2025-12-16 07:09:31] ⚠️ Placeholder detected: /home/rafa1215/consensus-project/memory/logs/system/agent_summaries/top10_optimization_2025-12-15_0902.md
[2025-12-16 07:09:31] ⚠️ Placeholder detected: /home/rafa1215/consensus-project/memory/logs/system/agent_summaries/top10_suggestions_2025-12-09_0902.md
[2025-12-16 07:09:31] ⚠️ Placeholder detected: /home/rafa1215/consensus-project/memory/logs/system/agent_summaries/top10_brainstorm_2025-12-16_0902.md
[2025-12-16 07:09:31] ⚠️ Placeholder detected: /home/rafa1215/consensus-project/memory/logs/system/agent_summaries/top10_brainstorm_2025-12-14_0902.md
[2025-12-16 07:09:31] ⚠️ Placeholder detected: /home/rafa1215/consensus-project/memory/logs/system/agent_summaries/top10_suggestions_2025-12-16_0902.md
[2025-12-16 07:09:31] ⚠️ Placeholder detected: /home/rafa1215/consensus-project/memory/logs/system/agent_summaries/top10_optimization_2025-12-10_0902.md
[2025-12-16 07:09:31] ⚠️ Placeholder detected: /home/rafa1215/consensus-project/memory/logs/system/agent_summaries/top10_brainstorm_2025-12-08_0902.md
[2025-12-16 07:09:31] ⚠️ Placeholder detected: /home/rafa1215/consensus-project/memory/logs/system/agent_summaries/top10_brainstorm_2025-12-12_0902.md
[2025-12-16 07:09:31] ⚠️ Placeholder detected: /home/rafa1215/consensus-project/memory/logs/system/agent_summaries/top10_suggestions_2025-12-15_0902.md
[2025-12-16 07:09:31] ⚠️ Placeholder detected: /home/rafa1215/consensus-project/memory/logs/system/agent_summaries/top10_optimization_2025-12-06_0902.md
[2025-12-16 07:09:31] ⚠️ Placeholder detected: /home/rafa1215/consensus-project/memory/logs/system/agent_summaries/top10_optimization_2025-12-09_0902.md
[2025-12-16 07:09:31] ♻️  Placeholder or missing Top-10 detected — regenerating...
[2025-12-16 07:09:32] ⚠️  Missing or outdated daily summaries detected — regenerating.
[2025-12-16 07:09:33] ✅ Generated summaries for 2025-12-13
[2025-12-16 07:09:33] ✅ Generated summaries for 2025-12-14
[2025-12-16 07:09:33] ✅ Generated summaries for 2025-12-15
[2025-12-16 07:09:33] ✅ Generated summaries for 2025-12-16
[2025-12-16 07:09:33] ✅ Summary generation complete (4 day(s))
[2025-12-16 07:09:33] ✅ Updated Top-10 digest index.
[2025-12-16 07:09:33] 📦 Archived 0 Top-10 files older than 7 days.
[2025-12-16 07:09:33] ✅ Auto-Repair Suite completed successfully.
[2025-12-16 07:11:15] ✅ Generated summaries for 2025-12-16
[2025-12-16 07:11:15] ✅ Summary generation complete (1 day(s))
[2025-12-16 07:11:15] ✅ Generated summaries for 2025-12-16
[2025-12-16 07:11:15] ✅ Summary generation complete (1 day(s))
[2025-12-16 07:13:22] ⚠️ Placeholder detected: /home/rafa1215/consensus-project/memory/logs/system/agent_summaries/top10_suggestions_2025-12-08_0902.md
[2025-12-16 07:13:22] ⚠️ Placeholder detected: /home/rafa1215/consensus-project/memory/logs/system/agent_summaries/top10_suggestions_2025-12-13_0902.md
[2025-12-16 07:13:22] ⚠️ Placeholder detected: /home/rafa1215/consensus-project/memory/logs/system/agent_summaries/top10_suggestions_2025-12-07_0902.md
[2025-12-16 07:13:22] ⚠️ Placeholder detected: /home/rafa1215/consensus-project/memory/logs/system/agent_summaries/top10_optimization_2025-12-07_0902.md
[2025-12-16 07:13:22] ⚠️ Placeholder detected: /home/rafa1215/consensus-project/memory/logs/system/agent_summaries/top10_brainstorm_2025-12-07_0902.md
[2025-12-16 07:13:22] ⚠️ Placeholder detected: /home/rafa1215/consensus-project/memory/logs/system/agent_summaries/top10_optimization_2025-12-13_0902.md
[2025-12-16 07:13:22] ⚠️ Placeholder detected: /home/rafa1215/consensus-project/memory/logs/system/agent_summaries/top10_suggestions_2025-12-12_0902.md
[2025-12-16 07:13:22] ⚠️ Placeholder detected: /home/rafa1215/consensus-project/memory/logs/system/agent_summaries/top10_optimization_2025-12-12_0902.md
[2025-12-16 07:13:22] ⚠️ Placeholder detected: /home/rafa1215/consensus-project/memory/logs/system/agent_summaries/top10_brainstorm_2025-12-06_0902.md
[2025-12-16 07:13:22] ⚠️ Placeholder detected: /home/rafa1215/consensus-project/memory/logs/system/agent_summaries/top10_suggestions_2025-12-10_0902.md
[2025-12-16 07:13:22] ⚠️ Placeholder detected: /home/rafa1215/consensus-project/memory/logs/system/agent_summaries/top10_brainstorm_2025-12-10_0902.md
[2025-12-16 07:13:22] ⚠️ Placeholder detected: /home/rafa1215/consensus-project/memory/logs/system/agent_summaries/top10_suggestions_2025-12-06_0902.md
[2025-12-16 07:13:22] ⚠️ Placeholder detected: /home/rafa1215/consensus-project/memory/logs/system/agent_summaries/top10_optimization_2025-12-16_0902.md
[2025-12-16 07:13:22] ⚠️ Placeholder detected: /home/rafa1215/consensus-project/memory/logs/system/agent_summaries/top10_brainstorm_2025-12-13_0902.md
[2025-12-16 07:13:22] ⚠️ Placeholder detected: /home/rafa1215/consensus-project/memory/logs/system/agent_summaries/top10_optimization_2025-12-08_0902.md
[2025-12-16 07:13:22] ⚠️ Placeholder detected: /home/rafa1215/consensus-project/memory/logs/system/agent_summaries/top10_brainstorm_2025-12-09_0902.md
[2025-12-16 07:13:22] ⚠️ Placeholder detected: /home/rafa1215/consensus-project/memory/logs/system/agent_summaries/top10_suggestions_2025-12-09_0902.md
[2025-12-16 07:13:22] ⚠️ Placeholder detected: /home/rafa1215/consensus-project/memory/logs/system/agent_summaries/top10_brainstorm_2025-12-16_0902.md
[2025-12-16 07:13:22] ⚠️ Placeholder detected: /home/rafa1215/consensus-project/memory/logs/system/agent_summaries/top10_suggestions_2025-12-16_0902.md
[2025-12-16 07:13:22] ⚠️ Placeholder detected: /home/rafa1215/consensus-project/memory/logs/system/agent_summaries/top10_optimization_2025-12-10_0902.md
[2025-12-16 07:13:22] ⚠️ Placeholder detected: /home/rafa1215/consensus-project/memory/logs/system/agent_summaries/top10_brainstorm_2025-12-08_0902.md
[2025-12-16 07:13:22] ⚠️ Placeholder detected: /home/rafa1215/consensus-project/memory/logs/system/agent_summaries/top10_brainstorm_2025-12-12_0902.md
[2025-12-16 07:13:22] ⚠️ Placeholder detected: /home/rafa1215/consensus-project/memory/logs/system/agent_summaries/top10_optimization_2025-12-06_0902.md
[2025-12-16 07:13:23] ⚠️ Placeholder detected: /home/rafa1215/consensus-project/memory/logs/system/agent_summaries/top10_optimization_2025-12-09_0902.md
[2025-12-16 07:13:23] ♻️  Placeholder or missing Top-10 detected — regenerating...
[2025-12-16 07:13:24] ⚠️ Placeholder detected: /home/rafa1215/consensus-project/memory/logs/system/agent_summaries/top10_suggestions_2025-12-08_0902.md
[2025-12-16 07:13:24] ⚠️ Placeholder detected: /home/rafa1215/consensus-project/memory/logs/system/agent_summaries/top10_suggestions_2025-12-13_0902.md
[2025-12-16 07:13:24] ⚠️ Placeholder detected: /home/rafa1215/consensus-project/memory/logs/system/agent_summaries/top10_suggestions_2025-12-07_0902.md
[2025-12-16 07:13:24] ⚠️ Placeholder detected: /home/rafa1215/consensus-project/memory/logs/system/agent_summaries/top10_optimization_2025-12-07_0902.md
[2025-12-16 07:13:24] ⚠️ Placeholder detected: /home/rafa1215/consensus-project/memory/logs/system/agent_summaries/top10_brainstorm_2025-12-07_0902.md
[2025-12-16 07:13:24] ⚠️ Placeholder detected: /home/rafa1215/consensus-project/memory/logs/system/agent_summaries/top10_optimization_2025-12-13_0902.md
[2025-12-16 07:13:24] ⚠️ Placeholder detected: /home/rafa1215/consensus-project/memory/logs/system/agent_summaries/top10_suggestions_2025-12-12_0902.md
[2025-12-16 07:13:24] ⚠️ Placeholder detected: /home/rafa1215/consensus-project/memory/logs/system/agent_summaries/top10_optimization_2025-12-12_0902.md
[2025-12-16 07:13:24] ⚠️ Placeholder detected: /home/rafa1215/consensus-project/memory/logs/system/agent_summaries/top10_brainstorm_2025-12-06_0902.md
[2025-12-16 07:13:24] ⚠️ Placeholder detected: /home/rafa1215/consensus-project/memory/logs/system/agent_summaries/top10_suggestions_2025-12-10_0902.md
[2025-12-16 07:13:24] ⚠️ Placeholder detected: /home/rafa1215/consensus-project/memory/logs/system/agent_summaries/top10_brainstorm_2025-12-10_0902.md
[2025-12-16 07:13:24] ⚠️ Placeholder detected: /home/rafa1215/consensus-project/memory/logs/system/agent_summaries/top10_suggestions_2025-12-06_0902.md
[2025-12-16 07:13:24] ⚠️ Placeholder detected: /home/rafa1215/consensus-project/memory/logs/system/agent_summaries/top10_brainstorm_2025-12-13_0902.md
[2025-12-16 07:13:24] ⚠️ Placeholder detected: /home/rafa1215/consensus-project/memory/logs/system/agent_summaries/top10_optimization_2025-12-08_0902.md
[2025-12-16 07:13:24] ⚠️ Placeholder detected: /home/rafa1215/consensus-project/memory/logs/system/agent_summaries/top10_brainstorm_2025-12-09_0902.md
[2025-12-16 07:13:24] ⚠️ Placeholder detected: /home/rafa1215/consensus-project/memory/logs/system/agent_summaries/top10_suggestions_2025-12-09_0902.md
[2025-12-16 07:13:24] ⚠️ Placeholder detected: /home/rafa1215/consensus-project/memory/logs/system/agent_summaries/top10_optimization_2025-12-10_0902.md
[2025-12-16 07:13:24] ⚠️ Placeholder detected: /home/rafa1215/consensus-project/memory/logs/system/agent_summaries/top10_brainstorm_2025-12-08_0902.md
[2025-12-16 07:13:24] ⚠️ Placeholder detected: /home/rafa1215/consensus-project/memory/logs/system/agent_summaries/top10_brainstorm_2025-12-12_0902.md
[2025-12-16 07:13:24] ⚠️ Placeholder detected: /home/rafa1215/consensus-project/memory/logs/system/agent_summaries/top10_optimization_2025-12-06_0902.md
[2025-12-16 07:13:24] ⚠️ Placeholder detected: /home/rafa1215/consensus-project/memory/logs/system/agent_summaries/top10_optimization_2025-12-09_0902.md
[2025-12-16 07:13:24] ♻️  Placeholder or missing Top-10 detected — regenerating...
[2025-12-17 07:07:24] ⚠️  Missing or outdated daily summaries detected — regenerating.
[2025-12-17 07:07:24] ✅ Generated summaries for 2025-12-14
[2025-12-17 07:07:24] ✅ Generated summaries for 2025-12-15
[2025-12-17 07:07:24] ✅ Generated summaries for 2025-12-16
[2025-12-17 07:07:24] ✅ Generated summaries for 2025-12-17
[2025-12-17 07:07:24] ✅ Summary generation complete (4 day(s))
[2025-12-17 07:07:24] ⚠️  Missing or outdated daily summaries detected — regenerating.
[2025-12-17 07:07:24] ✅ Generated summaries for 2025-12-14
[2025-12-17 07:07:24] ✅ Generated summaries for 2025-12-15
[2025-12-17 07:07:24] ✅ Generated summaries for 2025-12-16
[2025-12-17 07:07:24] ✅ Generated summaries for 2025-12-17
[2025-12-17 07:07:24] ✅ Summary generation complete (4 day(s))
[2025-12-17 07:08:52] 🔍 Running system file auditor...
[2025-12-17 07:08:57] 🔍 Running system file auditor...
[2025-12-17 07:09:57] 🚀 Auto-Repair Suite started.
[2025-12-17 07:09:58] ⚠️ Placeholder detected: /home/rafa1215/consensus-project/memory/logs/system/agent_summaries/top10_suggestions_2025-12-08_0902.md
[2025-12-17 07:09:58] ⚠️ Placeholder detected: /home/rafa1215/consensus-project/memory/logs/system/agent_summaries/top10_suggestions_2025-12-17_0902.md
[2025-12-17 07:09:58] ⚠️ Placeholder detected: /home/rafa1215/consensus-project/memory/logs/system/agent_summaries/top10_suggestions_2025-12-13_0902.md
[2025-12-17 07:09:58] ⚠️ Placeholder detected: /home/rafa1215/consensus-project/memory/logs/system/agent_summaries/top10_suggestions_2025-12-07_0902.md
[2025-12-17 07:09:58] ⚠️ Placeholder detected: /home/rafa1215/consensus-project/memory/logs/system/agent_summaries/top10_optimization_2025-12-07_0902.md
[2025-12-17 07:09:58] ⚠️ Placeholder detected: /home/rafa1215/consensus-project/memory/logs/system/agent_summaries/top10_brainstorm_2025-12-07_0902.md
[2025-12-17 07:09:58] ⚠️ Placeholder detected: /home/rafa1215/consensus-project/memory/logs/system/agent_summaries/top10_optimization_2025-12-17_0902.md
[2025-12-17 07:09:58] ⚠️ Placeholder detected: /home/rafa1215/consensus-project/memory/logs/system/agent_summaries/top10_optimization_2025-12-13_0902.md
[2025-12-17 07:09:58] ⚠️ Placeholder detected: /home/rafa1215/consensus-project/memory/logs/system/agent_summaries/top10_suggestions_2025-12-12_0902.md
[2025-12-17 07:09:58] ⚠️ Placeholder detected: /home/rafa1215/consensus-project/memory/logs/system/agent_summaries/top10_optimization_2025-12-14_0902.md
[2025-12-17 07:09:58] ⚠️ Placeholder detected: /home/rafa1215/consensus-project/memory/logs/system/agent_summaries/top10_optimization_2025-12-12_0902.md
[2025-12-17 07:09:58] ⚠️ Placeholder detected: /home/rafa1215/consensus-project/memory/logs/system/agent_summaries/top10_brainstorm_2025-12-06_0902.md
[2025-12-17 07:09:58] ⚠️ Placeholder detected: /home/rafa1215/consensus-project/memory/logs/system/agent_summaries/top10_suggestions_2025-12-10_0902.md
[2025-12-17 07:09:58] ⚠️ Placeholder detected: /home/rafa1215/consensus-project/memory/logs/system/agent_summaries/top10_brainstorm_2025-12-15_0902.md
[2025-12-17 07:09:58] ⚠️ Placeholder detected: /home/rafa1215/consensus-project/memory/logs/system/agent_summaries/top10_brainstorm_2025-12-10_0902.md
[2025-12-17 07:09:58] ⚠️ Placeholder detected: /home/rafa1215/consensus-project/memory/logs/system/agent_summaries/top10_suggestions_2025-12-06_0902.md
[2025-12-17 07:09:58] ⚠️ Placeholder detected: /home/rafa1215/consensus-project/memory/logs/system/agent_summaries/top10_optimization_2025-12-16_0902.md
[2025-12-17 07:09:58] ⚠️ Placeholder detected: /home/rafa1215/consensus-project/memory/logs/system/agent_summaries/top10_brainstorm_2025-12-13_0902.md
[2025-12-17 07:09:58] ⚠️ Placeholder detected: /home/rafa1215/consensus-project/memory/logs/system/agent_summaries/top10_optimization_2025-12-08_0902.md
[2025-12-17 07:09:58] ⚠️ Placeholder detected: /home/rafa1215/consensus-project/memory/logs/system/agent_summaries/top10_brainstorm_2025-12-09_0902.md
[2025-12-17 07:09:58] ⚠️ Placeholder detected: /home/rafa1215/consensus-project/memory/logs/system/agent_summaries/top10_suggestions_2025-12-14_0902.md
[2025-12-17 07:09:58] ⚠️ Placeholder detected: /home/rafa1215/consensus-project/memory/logs/system/agent_summaries/top10_optimization_2025-12-15_0902.md
[2025-12-17 07:09:58] ⚠️ Placeholder detected: /home/rafa1215/consensus-project/memory/logs/system/agent_summaries/top10_suggestions_2025-12-09_0902.md
[2025-12-17 07:09:58] ⚠️ Placeholder detected: /home/rafa1215/consensus-project/memory/logs/system/agent_summaries/top10_brainstorm_2025-12-16_0902.md
[2025-12-17 07:09:58] ⚠️ Placeholder detected: /home/rafa1215/consensus-project/memory/logs/system/agent_summaries/top10_brainstorm_2025-12-14_0902.md
[2025-12-17 07:09:58] ⚠️ Placeholder detected: /home/rafa1215/consensus-project/memory/logs/system/agent_summaries/top10_suggestions_2025-12-16_0902.md
[2025-12-17 07:09:58] ⚠️ Placeholder detected: /home/rafa1215/consensus-project/memory/logs/system/agent_summaries/top10_optimization_2025-12-10_0902.md
[2025-12-17 07:09:58] ⚠️ Placeholder detected: /home/rafa1215/consensus-project/memory/logs/system/agent_summaries/top10_brainstorm_2025-12-08_0902.md
[2025-12-17 07:09:58] ⚠️ Placeholder detected: /home/rafa1215/consensus-project/memory/logs/system/agent_summaries/top10_brainstorm_2025-12-12_0902.md
[2025-12-17 07:09:58] ⚠️ Placeholder detected: /home/rafa1215/consensus-project/memory/logs/system/agent_summaries/top10_suggestions_2025-12-15_0902.md
[2025-12-17 07:09:58] ⚠️ Placeholder detected: /home/rafa1215/consensus-project/memory/logs/system/agent_summaries/top10_optimization_2025-12-06_0902.md
[2025-12-17 07:09:58] ⚠️ Placeholder detected: /home/rafa1215/consensus-project/memory/logs/system/agent_summaries/top10_optimization_2025-12-09_0902.md
[2025-12-17 07:09:58] ⚠️ Placeholder detected: /home/rafa1215/consensus-project/memory/logs/system/agent_summaries/top10_brainstorm_2025-12-17_0902.md
[2025-12-17 07:09:58] ♻️  Placeholder or missing Top-10 detected — regenerating...
[2025-12-17 07:10:00] ⚠️  Missing or outdated daily summaries detected — regenerating.
[2025-12-17 07:10:00] ✅ Generated summaries for 2025-12-14
[2025-12-17 07:10:00] ✅ Generated summaries for 2025-12-15
[2025-12-17 07:10:00] ✅ Generated summaries for 2025-12-16
[2025-12-17 07:10:00] ✅ Generated summaries for 2025-12-17
[2025-12-17 07:10:00] ✅ Summary generation complete (4 day(s))
[2025-12-17 07:10:00] ✅ Updated Top-10 digest index.
[2025-12-17 07:10:00] 📦 Archived 15 Top-10 files older than 7 days.
[2025-12-17 07:10:00] ✅ Auto-Repair Suite completed successfully.
[2025-12-17 07:10:00] 🚀 Auto-Repair Suite started.
[2025-12-17 07:10:01] ⚠️ Placeholder detected: /home/rafa1215/consensus-project/memory/logs/system/agent_summaries/top10_suggestions_2025-12-08_0902.md
[2025-12-17 07:10:01] ⚠️ Placeholder detected: /home/rafa1215/consensus-project/memory/logs/system/agent_summaries/top10_suggestions_2025-12-17_0902.md
[2025-12-17 07:10:01] ⚠️ Placeholder detected: /home/rafa1215/consensus-project/memory/logs/system/agent_summaries/top10_suggestions_2025-12-13_0902.md
[2025-12-17 07:10:01] ⚠️ Placeholder detected: /home/rafa1215/consensus-project/memory/logs/system/agent_summaries/top10_suggestions_2025-12-07_0902.md
[2025-12-17 07:10:01] ⚠️ Placeholder detected: /home/rafa1215/consensus-project/memory/logs/system/agent_summaries/top10_optimization_2025-12-07_0902.md
[2025-12-17 07:10:01] ⚠️ Placeholder detected: /home/rafa1215/consensus-project/memory/logs/system/agent_summaries/top10_brainstorm_2025-12-07_0902.md
[2025-12-17 07:10:01] ⚠️ Placeholder detected: /home/rafa1215/consensus-project/memory/logs/system/agent_summaries/top10_optimization_2025-12-17_0902.md
[2025-12-17 07:10:01] ⚠️ Placeholder detected: /home/rafa1215/consensus-project/memory/logs/system/agent_summaries/top10_optimization_2025-12-13_0902.md
[2025-12-17 07:10:01] ⚠️ Placeholder detected: /home/rafa1215/consensus-project/memory/logs/system/agent_summaries/top10_suggestions_2025-12-12_0902.md
[2025-12-17 07:10:01] ⚠️ Placeholder detected: /home/rafa1215/consensus-project/memory/logs/system/agent_summaries/top10_optimization_2025-12-14_0902.md
[2025-12-17 07:10:01] ⚠️ Placeholder detected: /home/rafa1215/consensus-project/memory/logs/system/agent_summaries/top10_optimization_2025-12-12_0902.md
[2025-12-17 07:10:01] ⚠️ Placeholder detected: /home/rafa1215/consensus-project/memory/logs/system/agent_summaries/top10_suggestions_2025-12-10_0902.md
[2025-12-17 07:10:01] ⚠️ Placeholder detected: /home/rafa1215/consensus-project/memory/logs/system/agent_summaries/top10_brainstorm_2025-12-15_0902.md
[2025-12-17 07:10:01] ⚠️ Placeholder detected: /home/rafa1215/consensus-project/memory/logs/system/agent_summaries/top10_brainstorm_2025-12-10_0902.md
[2025-12-17 07:10:01] ⚠️ Placeholder detected: /home/rafa1215/consensus-project/memory/logs/system/agent_summaries/top10_optimization_2025-12-16_0902.md
[2025-12-17 07:10:01] ⚠️ Placeholder detected: /home/rafa1215/consensus-project/memory/logs/system/agent_summaries/top10_brainstorm_2025-12-13_0902.md
[2025-12-17 07:10:01] ⚠️ Placeholder detected: /home/rafa1215/consensus-project/memory/logs/system/agent_summaries/top10_optimization_2025-12-08_0902.md
[2025-12-17 07:10:01] ⚠️ Placeholder detected: /home/rafa1215/consensus-project/memory/logs/system/agent_summaries/top10_brainstorm_2025-12-09_0902.md
[2025-12-17 07:10:01] ⚠️ Placeholder detected: /home/rafa1215/consensus-project/memory/logs/system/agent_summaries/top10_suggestions_2025-12-14_0902.md
[2025-12-17 07:10:01] ⚠️ Placeholder detected: /home/rafa1215/consensus-project/memory/logs/system/agent_summaries/top10_optimization_2025-12-15_0902.md
[2025-12-17 07:10:01] ⚠️ Placeholder detected: /home/rafa1215/consensus-project/memory/logs/system/agent_summaries/top10_suggestions_2025-12-09_0902.md
[2025-12-17 07:10:01] ⚠️ Placeholder detected: /home/rafa1215/consensus-project/memory/logs/system/agent_summaries/top10_brainstorm_2025-12-16_0902.md
[2025-12-17 07:10:01] ⚠️ Placeholder detected: /home/rafa1215/consensus-project/memory/logs/system/agent_summaries/top10_brainstorm_2025-12-14_0902.md
[2025-12-17 07:10:01] ⚠️ Placeholder detected: /home/rafa1215/consensus-project/memory/logs/system/agent_summaries/top10_suggestions_2025-12-16_0902.md
[2025-12-17 07:10:01] ⚠️ Placeholder detected: /home/rafa1215/consensus-project/memory/logs/system/agent_summaries/top10_optimization_2025-12-10_0902.md
[2025-12-17 07:10:01] ⚠️ Placeholder detected: /home/rafa1215/consensus-project/memory/logs/system/agent_summaries/top10_brainstorm_2025-12-08_0902.md
[2025-12-17 07:10:01] ⚠️ Placeholder detected: /home/rafa1215/consensus-project/memory/logs/system/agent_summaries/top10_brainstorm_2025-12-12_0902.md
[2025-12-17 07:10:01] ⚠️ Placeholder detected: /home/rafa1215/consensus-project/memory/logs/system/agent_summaries/top10_suggestions_2025-12-15_0902.md
[2025-12-17 07:10:01] ⚠️ Placeholder detected: /home/rafa1215/consensus-project/memory/logs/system/agent_summaries/top10_optimization_2025-12-09_0902.md
[2025-12-17 07:10:01] ⚠️ Placeholder detected: /home/rafa1215/consensus-project/memory/logs/system/agent_summaries/top10_brainstorm_2025-12-17_0902.md
[2025-12-17 07:10:01] ♻️  Placeholder or missing Top-10 detected — regenerating...
[2025-12-17 07:10:03] ⚠️  Missing or outdated daily summaries detected — regenerating.
[2025-12-17 07:10:03] ✅ Generated summaries for 2025-12-14
[2025-12-17 07:10:03] ✅ Generated summaries for 2025-12-15
[2025-12-17 07:10:03] ✅ Generated summaries for 2025-12-16
[2025-12-17 07:10:03] ✅ Generated summaries for 2025-12-17
[2025-12-17 07:10:03] ✅ Summary generation complete (4 day(s))
[2025-12-17 07:10:03] ✅ Updated Top-10 digest index.
[2025-12-17 07:10:03] 📦 Archived 0 Top-10 files older than 7 days.
[2025-12-17 07:10:04] ✅ Auto-Repair Suite completed successfully.
[2025-12-17 07:11:45] ✅ Generated summaries for 2025-12-17
[2025-12-17 07:11:45] ✅ Summary generation complete (1 day(s))
[2025-12-17 07:11:46] ✅ Generated summaries for 2025-12-17
[2025-12-17 07:11:46] ✅ Summary generation complete (1 day(s))
[2025-12-17 07:13:53] ⚠️ Placeholder detected: /home/rafa1215/consensus-project/memory/logs/system/agent_summaries/top10_suggestions_2025-12-08_0902.md
[2025-12-17 07:13:53] ⚠️ Placeholder detected: /home/rafa1215/consensus-project/memory/logs/system/agent_summaries/top10_suggestions_2025-12-17_0902.md
[2025-12-17 07:13:53] ⚠️ Placeholder detected: /home/rafa1215/consensus-project/memory/logs/system/agent_summaries/top10_suggestions_2025-12-13_0902.md
[2025-12-17 07:13:53] ⚠️ Placeholder detected: /home/rafa1215/consensus-project/memory/logs/system/agent_summaries/top10_suggestions_2025-12-07_0902.md
[2025-12-17 07:13:53] ⚠️ Placeholder detected: /home/rafa1215/consensus-project/memory/logs/system/agent_summaries/top10_optimization_2025-12-07_0902.md
[2025-12-17 07:13:53] ⚠️ Placeholder detected: /home/rafa1215/consensus-project/memory/logs/system/agent_summaries/top10_brainstorm_2025-12-07_0902.md
[2025-12-17 07:13:53] ⚠️ Placeholder detected: /home/rafa1215/consensus-project/memory/logs/system/agent_summaries/top10_optimization_2025-12-17_0902.md
[2025-12-17 07:13:53] ⚠️ Placeholder detected: /home/rafa1215/consensus-project/memory/logs/system/agent_summaries/top10_optimization_2025-12-13_0902.md
[2025-12-17 07:13:53] ⚠️ Placeholder detected: /home/rafa1215/consensus-project/memory/logs/system/agent_summaries/top10_suggestions_2025-12-12_0902.md
[2025-12-17 07:13:53] ⚠️ Placeholder detected: /home/rafa1215/consensus-project/memory/logs/system/agent_summaries/top10_optimization_2025-12-14_0902.md
[2025-12-17 07:13:53] ⚠️ Placeholder detected: /home/rafa1215/consensus-project/memory/logs/system/agent_summaries/top10_optimization_2025-12-12_0902.md
[2025-12-17 07:13:53] ⚠️ Placeholder detected: /home/rafa1215/consensus-project/memory/logs/system/agent_summaries/top10_suggestions_2025-12-10_0902.md
[2025-12-17 07:13:53] ⚠️ Placeholder detected: /home/rafa1215/consensus-project/memory/logs/system/agent_summaries/top10_brainstorm_2025-12-10_0902.md
[2025-12-17 07:13:53] ⚠️ Placeholder detected: /home/rafa1215/consensus-project/memory/logs/system/agent_summaries/top10_brainstorm_2025-12-13_0902.md
[2025-12-17 07:13:53] ⚠️ Placeholder detected: /home/rafa1215/consensus-project/memory/logs/system/agent_summaries/top10_optimization_2025-12-08_0902.md
[2025-12-17 07:13:53] ⚠️ Placeholder detected: /home/rafa1215/consensus-project/memory/logs/system/agent_summaries/top10_brainstorm_2025-12-09_0902.md
[2025-12-17 07:13:53] ⚠️ Placeholder detected: /home/rafa1215/consensus-project/memory/logs/system/agent_summaries/top10_suggestions_2025-12-14_0902.md
[2025-12-17 07:13:53] ⚠️ Placeholder detected: /home/rafa1215/consensus-project/memory/logs/system/agent_summaries/top10_suggestions_2025-12-09_0902.md
[2025-12-17 07:13:53] ⚠️ Placeholder detected: /home/rafa1215/consensus-project/memory/logs/system/agent_summaries/top10_brainstorm_2025-12-14_0902.md
[2025-12-17 07:13:53] ⚠️ Placeholder detected: /home/rafa1215/consensus-project/memory/logs/system/agent_summaries/top10_optimization_2025-12-10_0902.md
[2025-12-17 07:13:53] ⚠️ Placeholder detected: /home/rafa1215/consensus-project/memory/logs/system/agent_summaries/top10_brainstorm_2025-12-08_0902.md
[2025-12-17 07:13:53] ⚠️ Placeholder detected: /home/rafa1215/consensus-project/memory/logs/system/agent_summaries/top10_brainstorm_2025-12-12_0902.md
[2025-12-17 07:13:53] ⚠️ Placeholder detected: /home/rafa1215/consensus-project/memory/logs/system/agent_summaries/top10_optimization_2025-12-09_0902.md
[2025-12-17 07:13:53] ⚠️ Placeholder detected: /home/rafa1215/consensus-project/memory/logs/system/agent_summaries/top10_brainstorm_2025-12-17_0902.md
[2025-12-17 07:13:53] ♻️  Placeholder or missing Top-10 detected — regenerating...
[2025-12-17 07:13:55] ⚠️ Placeholder detected: /home/rafa1215/consensus-project/memory/logs/system/agent_summaries/top10_suggestions_2025-12-08_0902.md
[2025-12-17 07:13:55] ⚠️ Placeholder detected: /home/rafa1215/consensus-project/memory/logs/system/agent_summaries/top10_suggestions_2025-12-13_0902.md
[2025-12-17 07:13:55] ⚠️ Placeholder detected: /home/rafa1215/consensus-project/memory/logs/system/agent_summaries/top10_suggestions_2025-12-07_0902.md
[2025-12-17 07:13:55] ⚠️ Placeholder detected: /home/rafa1215/consensus-project/memory/logs/system/agent_summaries/top10_optimization_2025-12-07_0902.md
[2025-12-17 07:13:55] ⚠️ Placeholder detected: /home/rafa1215/consensus-project/memory/logs/system/agent_summaries/top10_brainstorm_2025-12-07_0902.md
[2025-12-17 07:13:55] ⚠️ Placeholder detected: /home/rafa1215/consensus-project/memory/logs/system/agent_summaries/top10_optimization_2025-12-13_0902.md
[2025-12-17 07:13:55] ⚠️ Placeholder detected: /home/rafa1215/consensus-project/memory/logs/system/agent_summaries/top10_suggestions_2025-12-12_0902.md
[2025-12-17 07:13:55] ⚠️ Placeholder detected: /home/rafa1215/consensus-project/memory/logs/system/agent_summaries/top10_optimization_2025-12-14_0902.md
[2025-12-17 07:13:55] ⚠️ Placeholder detected: /home/rafa1215/consensus-project/memory/logs/system/agent_summaries/top10_optimization_2025-12-12_0902.md
[2025-12-17 07:13:55] ⚠️ Placeholder detected: /home/rafa1215/consensus-project/memory/logs/system/agent_summaries/top10_suggestions_2025-12-10_0902.md
[2025-12-17 07:13:55] ⚠️ Placeholder detected: /home/rafa1215/consensus-project/memory/logs/system/agent_summaries/top10_brainstorm_2025-12-10_0902.md
[2025-12-17 07:13:55] ⚠️ Placeholder detected: /home/rafa1215/consensus-project/memory/logs/system/agent_summaries/top10_brainstorm_2025-12-13_0902.md
[2025-12-17 07:13:55] ⚠️ Placeholder detected: /home/rafa1215/consensus-project/memory/logs/system/agent_summaries/top10_optimization_2025-12-08_0902.md
[2025-12-17 07:13:55] ⚠️ Placeholder detected: /home/rafa1215/consensus-project/memory/logs/system/agent_summaries/top10_brainstorm_2025-12-09_0902.md
[2025-12-17 07:13:55] ⚠️ Placeholder detected: /home/rafa1215/consensus-project/memory/logs/system/agent_summaries/top10_suggestions_2025-12-14_0902.md
[2025-12-17 07:13:55] ⚠️ Placeholder detected: /home/rafa1215/consensus-project/memory/logs/system/agent_summaries/top10_suggestions_2025-12-09_0902.md
[2025-12-17 07:13:55] ⚠️ Placeholder detected: /home/rafa1215/consensus-project/memory/logs/system/agent_summaries/top10_brainstorm_2025-12-14_0902.md
[2025-12-17 07:13:55] ⚠️ Placeholder detected: /home/rafa1215/consensus-project/memory/logs/system/agent_summaries/top10_optimization_2025-12-10_0902.md
[2025-12-17 07:13:55] ⚠️ Placeholder detected: /home/rafa1215/consensus-project/memory/logs/system/agent_summaries/top10_brainstorm_2025-12-08_0902.md
[2025-12-17 07:13:55] ⚠️ Placeholder detected: /home/rafa1215/consensus-project/memory/logs/system/agent_summaries/top10_brainstorm_2025-12-12_0902.md
[2025-12-17 07:13:55] ⚠️ Placeholder detected: /home/rafa1215/consensus-project/memory/logs/system/agent_summaries/top10_optimization_2025-12-09_0902.md
[2025-12-17 07:13:55] ♻️  Placeholder or missing Top-10 detected — regenerating...
[2025-12-18 07:06:32] ⚠️  Missing or outdated daily summaries detected — regenerating.
[2025-12-18 07:06:32] ✅ Generated summaries for 2025-12-15
[2025-12-18 07:06:32] ✅ Generated summaries for 2025-12-16
[2025-12-18 07:06:32] ✅ Generated summaries for 2025-12-17
[2025-12-18 07:06:32] ✅ Generated summaries for 2025-12-18
[2025-12-18 07:06:32] ✅ Summary generation complete (4 day(s))
[2025-12-18 07:06:32] ⚠️  Missing or outdated daily summaries detected — regenerating.
[2025-12-18 07:06:32] ✅ Generated summaries for 2025-12-15
[2025-12-18 07:06:32] ✅ Generated summaries for 2025-12-16
[2025-12-18 07:06:32] ✅ Generated summaries for 2025-12-17
[2025-12-18 07:06:32] ✅ Generated summaries for 2025-12-18
[2025-12-18 07:06:32] ✅ Summary generation complete (4 day(s))
[2025-12-18 07:08:02] 🔍 Running system file auditor...
[2025-12-18 07:08:08] 🔍 Running system file auditor...
[2025-12-18 07:09:09] 🚀 Auto-Repair Suite started.
[2025-12-18 07:09:09] ⚠️ Placeholder detected: /home/rafa1215/consensus-project/memory/logs/system/agent_summaries/top10_suggestions_2025-12-08_0902.md
[2025-12-18 07:09:09] ⚠️ Placeholder detected: /home/rafa1215/consensus-project/memory/logs/system/agent_summaries/top10_suggestions_2025-12-17_0902.md
[2025-12-18 07:09:09] ⚠️ Placeholder detected: /home/rafa1215/consensus-project/memory/logs/system/agent_summaries/top10_suggestions_2025-12-13_0902.md
[2025-12-18 07:09:10] ⚠️ Placeholder detected: /home/rafa1215/consensus-project/memory/logs/system/agent_summaries/top10_suggestions_2025-12-07_0902.md
[2025-12-18 07:09:10] ⚠️ Placeholder detected: /home/rafa1215/consensus-project/memory/logs/system/agent_summaries/top10_optimization_2025-12-18_0902.md
[2025-12-18 07:09:10] ⚠️ Placeholder detected: /home/rafa1215/consensus-project/memory/logs/system/agent_summaries/top10_optimization_2025-12-07_0902.md
[2025-12-18 07:09:10] ⚠️ Placeholder detected: /home/rafa1215/consensus-project/memory/logs/system/agent_summaries/top10_brainstorm_2025-12-07_0902.md
[2025-12-18 07:09:10] ⚠️ Placeholder detected: /home/rafa1215/consensus-project/memory/logs/system/agent_summaries/top10_suggestions_2025-12-18_0902.md
[2025-12-18 07:09:10] ⚠️ Placeholder detected: /home/rafa1215/consensus-project/memory/logs/system/agent_summaries/top10_optimization_2025-12-17_0902.md
[2025-12-18 07:09:10] ⚠️ Placeholder detected: /home/rafa1215/consensus-project/memory/logs/system/agent_summaries/top10_optimization_2025-12-13_0902.md
[2025-12-18 07:09:10] ⚠️ Placeholder detected: /home/rafa1215/consensus-project/memory/logs/system/agent_summaries/top10_suggestions_2025-12-12_0902.md
[2025-12-18 07:09:10] ⚠️ Placeholder detected: /home/rafa1215/consensus-project/memory/logs/system/agent_summaries/top10_optimization_2025-12-14_0902.md
[2025-12-18 07:09:10] ⚠️ Placeholder detected: /home/rafa1215/consensus-project/memory/logs/system/agent_summaries/top10_optimization_2025-12-12_0902.md
[2025-12-18 07:09:10] ⚠️ Placeholder detected: /home/rafa1215/consensus-project/memory/logs/system/agent_summaries/top10_suggestions_2025-12-10_0902.md
[2025-12-18 07:09:10] ⚠️ Placeholder detected: /home/rafa1215/consensus-project/memory/logs/system/agent_summaries/top10_brainstorm_2025-12-15_0902.md
[2025-12-18 07:09:10] ⚠️ Placeholder detected: /home/rafa1215/consensus-project/memory/logs/system/agent_summaries/top10_brainstorm_2025-12-10_0902.md
[2025-12-18 07:09:10] ⚠️ Placeholder detected: /home/rafa1215/consensus-project/memory/logs/system/agent_summaries/top10_brainstorm_2025-12-18_0902.md
[2025-12-18 07:09:10] ⚠️ Placeholder detected: /home/rafa1215/consensus-project/memory/logs/system/agent_summaries/top10_optimization_2025-12-16_0902.md
[2025-12-18 07:09:10] ⚠️ Placeholder detected: /home/rafa1215/consensus-project/memory/logs/system/agent_summaries/top10_brainstorm_2025-12-13_0902.md
[2025-12-18 07:09:10] ⚠️ Placeholder detected: /home/rafa1215/consensus-project/memory/logs/system/agent_summaries/top10_optimization_2025-12-08_0902.md
[2025-12-18 07:09:10] ⚠️ Placeholder detected: /home/rafa1215/consensus-project/memory/logs/system/agent_summaries/top10_brainstorm_2025-12-09_0902.md
[2025-12-18 07:09:10] ⚠️ Placeholder detected: /home/rafa1215/consensus-project/memory/logs/system/agent_summaries/top10_suggestions_2025-12-14_0902.md
[2025-12-18 07:09:10] ⚠️ Placeholder detected: /home/rafa1215/consensus-project/memory/logs/system/agent_summaries/top10_optimization_2025-12-15_0902.md
[2025-12-18 07:09:10] ⚠️ Placeholder detected: /home/rafa1215/consensus-project/memory/logs/system/agent_summaries/top10_suggestions_2025-12-09_0902.md
[2025-12-18 07:09:10] ⚠️ Placeholder detected: /home/rafa1215/consensus-project/memory/logs/system/agent_summaries/top10_brainstorm_2025-12-16_0902.md
[2025-12-18 07:09:10] ⚠️ Placeholder detected: /home/rafa1215/consensus-project/memory/logs/system/agent_summaries/top10_brainstorm_2025-12-14_0902.md
[2025-12-18 07:09:10] ⚠️ Placeholder detected: /home/rafa1215/consensus-project/memory/logs/system/agent_summaries/top10_suggestions_2025-12-16_0902.md
[2025-12-18 07:09:10] ⚠️ Placeholder detected: /home/rafa1215/consensus-project/memory/logs/system/agent_summaries/top10_optimization_2025-12-10_0902.md
[2025-12-18 07:09:10] ⚠️ Placeholder detected: /home/rafa1215/consensus-project/memory/logs/system/agent_summaries/top10_brainstorm_2025-12-08_0902.md
[2025-12-18 07:09:10] ⚠️ Placeholder detected: /home/rafa1215/consensus-project/memory/logs/system/agent_summaries/top10_brainstorm_2025-12-12_0902.md
[2025-12-18 07:09:10] ⚠️ Placeholder detected: /home/rafa1215/consensus-project/memory/logs/system/agent_summaries/top10_suggestions_2025-12-15_0902.md
[2025-12-18 07:09:10] ⚠️ Placeholder detected: /home/rafa1215/consensus-project/memory/logs/system/agent_summaries/top10_optimization_2025-12-09_0902.md
[2025-12-18 07:09:10] ⚠️ Placeholder detected: /home/rafa1215/consensus-project/memory/logs/system/agent_summaries/top10_brainstorm_2025-12-17_0902.md
[2025-12-18 07:09:10] ♻️  Placeholder or missing Top-10 detected — regenerating...
[2025-12-18 07:09:12] ⚠️  Missing or outdated daily summaries detected — regenerating.
[2025-12-18 07:09:12] ✅ Generated summaries for 2025-12-15
[2025-12-18 07:09:12] ✅ Generated summaries for 2025-12-16
[2025-12-18 07:09:12] ✅ Generated summaries for 2025-12-17
[2025-12-18 07:09:12] ✅ Generated summaries for 2025-12-18
[2025-12-18 07:09:12] ✅ Summary generation complete (4 day(s))
[2025-12-18 07:09:12] ✅ Updated Top-10 digest index.
[2025-12-18 07:09:13] 📦 Archived 15 Top-10 files older than 7 days.
[2025-12-18 07:09:13] ✅ Auto-Repair Suite completed successfully.
[2025-12-18 07:09:13] 🚀 Auto-Repair Suite started.
[2025-12-18 07:09:13] ⚠️ Placeholder detected: /home/rafa1215/consensus-project/memory/logs/system/agent_summaries/top10_suggestions_2025-12-08_0902.md
[2025-12-18 07:09:13] ⚠️ Placeholder detected: /home/rafa1215/consensus-project/memory/logs/system/agent_summaries/top10_suggestions_2025-12-17_0902.md
[2025-12-18 07:09:13] ⚠️ Placeholder detected: /home/rafa1215/consensus-project/memory/logs/system/agent_summaries/top10_suggestions_2025-12-13_0902.md
[2025-12-18 07:09:13] ⚠️ Placeholder detected: /home/rafa1215/consensus-project/memory/logs/system/agent_summaries/top10_optimization_2025-12-18_0902.md
[2025-12-18 07:09:13] ⚠️ Placeholder detected: /home/rafa1215/consensus-project/memory/logs/system/agent_summaries/top10_suggestions_2025-12-18_0902.md
[2025-12-18 07:09:13] ⚠️ Placeholder detected: /home/rafa1215/consensus-project/memory/logs/system/agent_summaries/top10_optimization_2025-12-17_0902.md
[2025-12-18 07:09:13] ⚠️ Placeholder detected: /home/rafa1215/consensus-project/memory/logs/system/agent_summaries/top10_optimization_2025-12-13_0902.md
[2025-12-18 07:09:13] ⚠️ Placeholder detected: /home/rafa1215/consensus-project/memory/logs/system/agent_summaries/top10_suggestions_2025-12-12_0902.md
[2025-12-18 07:09:13] ⚠️ Placeholder detected: /home/rafa1215/consensus-project/memory/logs/system/agent_summaries/top10_optimization_2025-12-14_0902.md
[2025-12-18 07:09:13] ⚠️ Placeholder detected: /home/rafa1215/consensus-project/memory/logs/system/agent_summaries/top10_optimization_2025-12-12_0902.md
[2025-12-18 07:09:13] ⚠️ Placeholder detected: /home/rafa1215/consensus-project/memory/logs/system/agent_summaries/top10_suggestions_2025-12-10_0902.md
[2025-12-18 07:09:13] ⚠️ Placeholder detected: /home/rafa1215/consensus-project/memory/logs/system/agent_summaries/top10_brainstorm_2025-12-15_0902.md
[2025-12-18 07:09:13] ⚠️ Placeholder detected: /home/rafa1215/consensus-project/memory/logs/system/agent_summaries/top10_brainstorm_2025-12-10_0902.md
[2025-12-18 07:09:13] ⚠️ Placeholder detected: /home/rafa1215/consensus-project/memory/logs/system/agent_summaries/top10_brainstorm_2025-12-18_0902.md
[2025-12-18 07:09:13] ⚠️ Placeholder detected: /home/rafa1215/consensus-project/memory/logs/system/agent_summaries/top10_optimization_2025-12-16_0902.md
[2025-12-18 07:09:13] ⚠️ Placeholder detected: /home/rafa1215/consensus-project/memory/logs/system/agent_summaries/top10_brainstorm_2025-12-13_0902.md
[2025-12-18 07:09:13] ⚠️ Placeholder detected: /home/rafa1215/consensus-project/memory/logs/system/agent_summaries/top10_optimization_2025-12-08_0902.md
[2025-12-18 07:09:13] ⚠️ Placeholder detected: /home/rafa1215/consensus-project/memory/logs/system/agent_summaries/top10_brainstorm_2025-12-09_0902.md
[2025-12-18 07:09:13] ⚠️ Placeholder detected: /home/rafa1215/consensus-project/memory/logs/system/agent_summaries/top10_suggestions_2025-12-14_0902.md
[2025-12-18 07:09:13] ⚠️ Placeholder detected: /home/rafa1215/consensus-project/memory/logs/system/agent_summaries/top10_optimization_2025-12-15_0902.md
[2025-12-18 07:09:13] ⚠️ Placeholder detected: /home/rafa1215/consensus-project/memory/logs/system/agent_summaries/top10_suggestions_2025-12-09_0902.md
[2025-12-18 07:09:13] ⚠️ Placeholder detected: /home/rafa1215/consensus-project/memory/logs/system/agent_summaries/top10_brainstorm_2025-12-16_0902.md
[2025-12-18 07:09:13] ⚠️ Placeholder detected: /home/rafa1215/consensus-project/memory/logs/system/agent_summaries/top10_brainstorm_2025-12-14_0902.md
[2025-12-18 07:09:13] ⚠️ Placeholder detected: /home/rafa1215/consensus-project/memory/logs/system/agent_summaries/top10_suggestions_2025-12-16_0902.md
[2025-12-18 07:09:13] ⚠️ Placeholder detected: /home/rafa1215/consensus-project/memory/logs/system/agent_summaries/top10_optimization_2025-12-10_0902.md
[2025-12-18 07:09:13] ⚠️ Placeholder detected: /home/rafa1215/consensus-project/memory/logs/system/agent_summaries/top10_brainstorm_2025-12-08_0902.md
[2025-12-18 07:09:13] ⚠️ Placeholder detected: /home/rafa1215/consensus-project/memory/logs/system/agent_summaries/top10_brainstorm_2025-12-12_0902.md
[2025-12-18 07:09:13] ⚠️ Placeholder detected: /home/rafa1215/consensus-project/memory/logs/system/agent_summaries/top10_suggestions_2025-12-15_0902.md
[2025-12-18 07:09:13] ⚠️ Placeholder detected: /home/rafa1215/consensus-project/memory/logs/system/agent_summaries/top10_optimization_2025-12-09_0902.md
[2025-12-18 07:09:13] ⚠️ Placeholder detected: /home/rafa1215/consensus-project/memory/logs/system/agent_summaries/top10_brainstorm_2025-12-17_0902.md
[2025-12-18 07:09:13] ♻️  Placeholder or missing Top-10 detected — regenerating...
[2025-12-18 07:09:15] ⚠️  Missing or outdated daily summaries detected — regenerating.
[2025-12-18 07:09:15] ✅ Generated summaries for 2025-12-15
[2025-12-18 07:09:15] ✅ Generated summaries for 2025-12-16
[2025-12-18 07:09:15] ✅ Generated summaries for 2025-12-17
[2025-12-18 07:09:15] ✅ Generated summaries for 2025-12-18
[2025-12-18 07:09:15] ✅ Summary generation complete (4 day(s))
[2025-12-18 07:09:15] ✅ Updated Top-10 digest index.
[2025-12-18 07:09:15] 📦 Archived 0 Top-10 files older than 7 days.
[2025-12-18 07:09:15] ✅ Auto-Repair Suite completed successfully.
[2025-12-18 07:10:58] ✅ Generated summaries for 2025-12-18
[2025-12-18 07:10:58] ✅ Summary generation complete (1 day(s))
[2025-12-18 07:10:58] ✅ Generated summaries for 2025-12-18
[2025-12-18 07:10:58] ✅ Summary generation complete (1 day(s))
[2025-12-18 07:13:08] ⚠️ Placeholder detected: /home/rafa1215/consensus-project/memory/logs/system/agent_summaries/top10_suggestions_2025-12-08_0902.md
[2025-12-18 07:13:08] ⚠️ Placeholder detected: /home/rafa1215/consensus-project/memory/logs/system/agent_summaries/top10_suggestions_2025-12-13_0902.md
[2025-12-18 07:13:08] ⚠️ Placeholder detected: /home/rafa1215/consensus-project/memory/logs/system/agent_summaries/top10_optimization_2025-12-18_0902.md
[2025-12-18 07:13:08] ⚠️ Placeholder detected: /home/rafa1215/consensus-project/memory/logs/system/agent_summaries/top10_suggestions_2025-12-18_0902.md
[2025-12-18 07:13:08] ⚠️ Placeholder detected: /home/rafa1215/consensus-project/memory/logs/system/agent_summaries/top10_optimization_2025-12-13_0902.md
[2025-12-18 07:13:08] ⚠️ Placeholder detected: /home/rafa1215/consensus-project/memory/logs/system/agent_summaries/top10_suggestions_2025-12-12_0902.md
[2025-12-18 07:13:08] ⚠️ Placeholder detected: /home/rafa1215/consensus-project/memory/logs/system/agent_summaries/top10_optimization_2025-12-14_0902.md
[2025-12-18 07:13:08] ⚠️ Placeholder detected: /home/rafa1215/consensus-project/memory/logs/system/agent_summaries/top10_optimization_2025-12-12_0902.md
[2025-12-18 07:13:08] ⚠️ Placeholder detected: /home/rafa1215/consensus-project/memory/logs/system/agent_summaries/top10_suggestions_2025-12-10_0902.md
[2025-12-18 07:13:08] ⚠️ Placeholder detected: /home/rafa1215/consensus-project/memory/logs/system/agent_summaries/top10_brainstorm_2025-12-15_0902.md
[2025-12-18 07:13:08] ⚠️ Placeholder detected: /home/rafa1215/consensus-project/memory/logs/system/agent_summaries/top10_brainstorm_2025-12-10_0902.md
[2025-12-18 07:13:08] ⚠️ Placeholder detected: /home/rafa1215/consensus-project/memory/logs/system/agent_summaries/top10_brainstorm_2025-12-18_0902.md
[2025-12-18 07:13:08] ⚠️ Placeholder detected: /home/rafa1215/consensus-project/memory/logs/system/agent_summaries/top10_brainstorm_2025-12-13_0902.md
[2025-12-18 07:13:08] ⚠️ Placeholder detected: /home/rafa1215/consensus-project/memory/logs/system/agent_summaries/top10_optimization_2025-12-08_0902.md
[2025-12-18 07:13:08] ⚠️ Placeholder detected: /home/rafa1215/consensus-project/memory/logs/system/agent_summaries/top10_brainstorm_2025-12-09_0902.md
[2025-12-18 07:13:08] ⚠️ Placeholder detected: /home/rafa1215/consensus-project/memory/logs/system/agent_summaries/top10_suggestions_2025-12-14_0902.md
[2025-12-18 07:13:08] ⚠️ Placeholder detected: /home/rafa1215/consensus-project/memory/logs/system/agent_summaries/top10_optimization_2025-12-15_0902.md
[2025-12-18 07:13:08] ⚠️ Placeholder detected: /home/rafa1215/consensus-project/memory/logs/system/agent_summaries/top10_suggestions_2025-12-09_0902.md
[2025-12-18 07:13:08] ⚠️ Placeholder detected: /home/rafa1215/consensus-project/memory/logs/system/agent_summaries/top10_brainstorm_2025-12-14_0902.md
[2025-12-18 07:13:08] ⚠️ Placeholder detected: /home/rafa1215/consensus-project/memory/logs/system/agent_summaries/top10_optimization_2025-12-10_0902.md
[2025-12-18 07:13:08] ⚠️ Placeholder detected: /home/rafa1215/consensus-project/memory/logs/system/agent_summaries/top10_brainstorm_2025-12-08_0902.md
[2025-12-18 07:13:08] ⚠️ Placeholder detected: /home/rafa1215/consensus-project/memory/logs/system/agent_summaries/top10_brainstorm_2025-12-12_0902.md
[2025-12-18 07:13:08] ⚠️ Placeholder detected: /home/rafa1215/consensus-project/memory/logs/system/agent_summaries/top10_suggestions_2025-12-15_0902.md
[2025-12-18 07:13:08] ⚠️ Placeholder detected: /home/rafa1215/consensus-project/memory/logs/system/agent_summaries/top10_optimization_2025-12-09_0902.md
[2025-12-18 07:13:08] ♻️  Placeholder or missing Top-10 detected — regenerating...
[2025-12-18 07:13:10] ⚠️ Placeholder detected: /home/rafa1215/consensus-project/memory/logs/system/agent_summaries/top10_suggestions_2025-12-08_0902.md
[2025-12-18 07:13:10] ⚠️ Placeholder detected: /home/rafa1215/consensus-project/memory/logs/system/agent_summaries/top10_suggestions_2025-12-13_0902.md
[2025-12-18 07:13:10] ⚠️ Placeholder detected: /home/rafa1215/consensus-project/memory/logs/system/agent_summaries/top10_optimization_2025-12-13_0902.md
[2025-12-18 07:13:10] ⚠️ Placeholder detected: /home/rafa1215/consensus-project/memory/logs/system/agent_summaries/top10_suggestions_2025-12-12_0902.md
[2025-12-18 07:13:10] ⚠️ Placeholder detected: /home/rafa1215/consensus-project/memory/logs/system/agent_summaries/top10_optimization_2025-12-14_0902.md
[2025-12-18 07:13:10] ⚠️ Placeholder detected: /home/rafa1215/consensus-project/memory/logs/system/agent_summaries/top10_optimization_2025-12-12_0902.md
[2025-12-18 07:13:10] ⚠️ Placeholder detected: /home/rafa1215/consensus-project/memory/logs/system/agent_summaries/top10_suggestions_2025-12-10_0902.md
[2025-12-18 07:13:10] ⚠️ Placeholder detected: /home/rafa1215/consensus-project/memory/logs/system/agent_summaries/top10_brainstorm_2025-12-15_0902.md
[2025-12-18 07:13:10] ⚠️ Placeholder detected: /home/rafa1215/consensus-project/memory/logs/system/agent_summaries/top10_brainstorm_2025-12-10_0902.md
[2025-12-18 07:13:10] ⚠️ Placeholder detected: /home/rafa1215/consensus-project/memory/logs/system/agent_summaries/top10_brainstorm_2025-12-13_0902.md
[2025-12-18 07:13:10] ⚠️ Placeholder detected: /home/rafa1215/consensus-project/memory/logs/system/agent_summaries/top10_optimization_2025-12-08_0902.md
[2025-12-18 07:13:10] ⚠️ Placeholder detected: /home/rafa1215/consensus-project/memory/logs/system/agent_summaries/top10_brainstorm_2025-12-09_0902.md
[2025-12-18 07:13:10] ⚠️ Placeholder detected: /home/rafa1215/consensus-project/memory/logs/system/agent_summaries/top10_suggestions_2025-12-14_0902.md
[2025-12-18 07:13:10] ⚠️ Placeholder detected: /home/rafa1215/consensus-project/memory/logs/system/agent_summaries/top10_optimization_2025-12-15_0902.md
[2025-12-18 07:13:10] ⚠️ Placeholder detected: /home/rafa1215/consensus-project/memory/logs/system/agent_summaries/top10_suggestions_2025-12-09_0902.md
[2025-12-18 07:13:10] ⚠️ Placeholder detected: /home/rafa1215/consensus-project/memory/logs/system/agent_summaries/top10_brainstorm_2025-12-14_0902.md
[2025-12-18 07:13:10] ⚠️ Placeholder detected: /home/rafa1215/consensus-project/memory/logs/system/agent_summaries/top10_optimization_2025-12-10_0902.md
[2025-12-18 07:13:10] ⚠️ Placeholder detected: /home/rafa1215/consensus-project/memory/logs/system/agent_summaries/top10_brainstorm_2025-12-08_0902.md
[2025-12-18 07:13:10] ⚠️ Placeholder detected: /home/rafa1215/consensus-project/memory/logs/system/agent_summaries/top10_brainstorm_2025-12-12_0902.md
[2025-12-18 07:13:10] ⚠️ Placeholder detected: /home/rafa1215/consensus-project/memory/logs/system/agent_summaries/top10_suggestions_2025-12-15_0902.md
[2025-12-18 07:13:10] ⚠️ Placeholder detected: /home/rafa1215/consensus-project/memory/logs/system/agent_summaries/top10_optimization_2025-12-09_0902.md
[2025-12-18 07:13:10] ♻️  Placeholder or missing Top-10 detected — regenerating...
[2025-12-19 07:06:42] ⚠️  Missing or outdated daily summaries detected — regenerating.
[2025-12-19 07:06:42] ✅ Generated summaries for 2025-12-16
[2025-12-19 07:06:42] ✅ Generated summaries for 2025-12-17
[2025-12-19 07:06:42] ✅ Generated summaries for 2025-12-18
[2025-12-19 07:06:43] ✅ Generated summaries for 2025-12-19
[2025-12-19 07:06:43] ✅ Summary generation complete (4 day(s))
[2025-12-19 07:06:43] ⚠️  Missing or outdated daily summaries detected — regenerating.
[2025-12-19 07:06:43] ✅ Generated summaries for 2025-12-16
[2025-12-19 07:06:43] ✅ Generated summaries for 2025-12-17
[2025-12-19 07:06:43] ✅ Generated summaries for 2025-12-18
[2025-12-19 07:06:43] ✅ Generated summaries for 2025-12-19
[2025-12-19 07:06:43] ✅ Summary generation complete (4 day(s))
[2025-12-19 07:08:18] 🔍 Running system file auditor...
[2025-12-19 07:08:23] 🔍 Running system file auditor...
[2025-12-19 07:09:24] 🚀 Auto-Repair Suite started.
[2025-12-19 07:09:24] ⚠️ Placeholder detected: /home/rafa1215/consensus-project/memory/logs/system/agent_summaries/top10_suggestions_2025-12-08_0902.md
[2025-12-19 07:09:24] ⚠️ Placeholder detected: /home/rafa1215/consensus-project/memory/logs/system/agent_summaries/top10_optimization_2025-12-19_0902.md
[2025-12-19 07:09:24] ⚠️ Placeholder detected: /home/rafa1215/consensus-project/memory/logs/system/agent_summaries/top10_suggestions_2025-12-19_0902.md
[2025-12-19 07:09:24] ⚠️ Placeholder detected: /home/rafa1215/consensus-project/memory/logs/system/agent_summaries/top10_suggestions_2025-12-17_0902.md
[2025-12-19 07:09:24] ⚠️ Placeholder detected: /home/rafa1215/consensus-project/memory/logs/system/agent_summaries/top10_suggestions_2025-12-13_0902.md
[2025-12-19 07:09:24] ⚠️ Placeholder detected: /home/rafa1215/consensus-project/memory/logs/system/agent_summaries/top10_optimization_2025-12-18_0902.md
[2025-12-19 07:09:24] ⚠️ Placeholder detected: /home/rafa1215/consensus-project/memory/logs/system/agent_summaries/top10_brainstorm_2025-12-19_0902.md
[2025-12-19 07:09:24] ⚠️ Placeholder detected: /home/rafa1215/consensus-project/memory/logs/system/agent_summaries/top10_suggestions_2025-12-18_0902.md
[2025-12-19 07:09:24] ⚠️ Placeholder detected: /home/rafa1215/consensus-project/memory/logs/system/agent_summaries/top10_optimization_2025-12-17_0902.md
[2025-12-19 07:09:24] ⚠️ Placeholder detected: /home/rafa1215/consensus-project/memory/logs/system/agent_summaries/top10_optimization_2025-12-13_0902.md
[2025-12-19 07:09:24] ⚠️ Placeholder detected: /home/rafa1215/consensus-project/memory/logs/system/agent_summaries/top10_suggestions_2025-12-12_0902.md
[2025-12-19 07:09:24] ⚠️ Placeholder detected: /home/rafa1215/consensus-project/memory/logs/system/agent_summaries/top10_optimization_2025-12-14_0902.md
[2025-12-19 07:09:24] ⚠️ Placeholder detected: /home/rafa1215/consensus-project/memory/logs/system/agent_summaries/top10_optimization_2025-12-12_0902.md
[2025-12-19 07:09:24] ⚠️ Placeholder detected: /home/rafa1215/consensus-project/memory/logs/system/agent_summaries/top10_suggestions_2025-12-10_0902.md
[2025-12-19 07:09:24] ⚠️ Placeholder detected: /home/rafa1215/consensus-project/memory/logs/system/agent_summaries/top10_brainstorm_2025-12-15_0902.md
[2025-12-19 07:09:24] ⚠️ Placeholder detected: /home/rafa1215/consensus-project/memory/logs/system/agent_summaries/top10_brainstorm_2025-12-10_0902.md
[2025-12-19 07:09:24] ⚠️ Placeholder detected: /home/rafa1215/consensus-project/memory/logs/system/agent_summaries/top10_brainstorm_2025-12-18_0902.md
[2025-12-19 07:09:24] ⚠️ Placeholder detected: /home/rafa1215/consensus-project/memory/logs/system/agent_summaries/top10_optimization_2025-12-16_0902.md
[2025-12-19 07:09:24] ⚠️ Placeholder detected: /home/rafa1215/consensus-project/memory/logs/system/agent_summaries/top10_brainstorm_2025-12-13_0902.md
[2025-12-19 07:09:24] ⚠️ Placeholder detected: /home/rafa1215/consensus-project/memory/logs/system/agent_summaries/top10_optimization_2025-12-08_0902.md
[2025-12-19 07:09:24] ⚠️ Placeholder detected: /home/rafa1215/consensus-project/memory/logs/system/agent_summaries/top10_brainstorm_2025-12-09_0902.md
[2025-12-19 07:09:24] ⚠️ Placeholder detected: /home/rafa1215/consensus-project/memory/logs/system/agent_summaries/top10_suggestions_2025-12-14_0902.md
[2025-12-19 07:09:24] ⚠️ Placeholder detected: /home/rafa1215/consensus-project/memory/logs/system/agent_summaries/top10_optimization_2025-12-15_0902.md
[2025-12-19 07:09:24] ⚠️ Placeholder detected: /home/rafa1215/consensus-project/memory/logs/system/agent_summaries/top10_suggestions_2025-12-09_0902.md
[2025-12-19 07:09:24] ⚠️ Placeholder detected: /home/rafa1215/consensus-project/memory/logs/system/agent_summaries/top10_brainstorm_2025-12-16_0902.md
[2025-12-19 07:09:24] ⚠️ Placeholder detected: /home/rafa1215/consensus-project/memory/logs/system/agent_summaries/top10_brainstorm_2025-12-14_0902.md
[2025-12-19 07:09:24] ⚠️ Placeholder detected: /home/rafa1215/consensus-project/memory/logs/system/agent_summaries/top10_suggestions_2025-12-16_0902.md
[2025-12-19 07:09:24] ⚠️ Placeholder detected: /home/rafa1215/consensus-project/memory/logs/system/agent_summaries/top10_optimization_2025-12-10_0902.md
[2025-12-19 07:09:24] ⚠️ Placeholder detected: /home/rafa1215/consensus-project/memory/logs/system/agent_summaries/top10_brainstorm_2025-12-08_0902.md
[2025-12-19 07:09:24] ⚠️ Placeholder detected: /home/rafa1215/consensus-project/memory/logs/system/agent_summaries/top10_brainstorm_2025-12-12_0902.md
[2025-12-19 07:09:24] ⚠️ Placeholder detected: /home/rafa1215/consensus-project/memory/logs/system/agent_summaries/top10_suggestions_2025-12-15_0902.md
[2025-12-19 07:09:24] ⚠️ Placeholder detected: /home/rafa1215/consensus-project/memory/logs/system/agent_summaries/top10_optimization_2025-12-09_0902.md
[2025-12-19 07:09:24] ⚠️ Placeholder detected: /home/rafa1215/consensus-project/memory/logs/system/agent_summaries/top10_brainstorm_2025-12-17_0902.md
[2025-12-19 07:09:24] ♻️  Placeholder or missing Top-10 detected — regenerating...
[2025-12-19 07:09:26] ⚠️  Missing or outdated daily summaries detected — regenerating.
[2025-12-19 07:09:26] ✅ Generated summaries for 2025-12-16
[2025-12-19 07:09:26] ✅ Generated summaries for 2025-12-17
[2025-12-19 07:09:26] ✅ Generated summaries for 2025-12-18
[2025-12-19 07:09:26] ✅ Generated summaries for 2025-12-19
[2025-12-19 07:09:26] ✅ Summary generation complete (4 day(s))
[2025-12-19 07:09:26] ✅ Updated Top-10 digest index.
[2025-12-19 07:09:27] 📦 Archived 15 Top-10 files older than 7 days.
[2025-12-19 07:09:27] ✅ Auto-Repair Suite completed successfully.
[2025-12-19 07:09:27] 🚀 Auto-Repair Suite started.
[2025-12-19 07:09:27] ⚠️ Placeholder detected: /home/rafa1215/consensus-project/memory/logs/system/agent_summaries/top10_optimization_2025-12-19_0902.md
[2025-12-19 07:09:27] ⚠️ Placeholder detected: /home/rafa1215/consensus-project/memory/logs/system/agent_summaries/top10_suggestions_2025-12-19_0902.md
[2025-12-19 07:09:27] ⚠️ Placeholder detected: /home/rafa1215/consensus-project/memory/logs/system/agent_summaries/top10_suggestions_2025-12-17_0902.md
[2025-12-19 07:09:27] ⚠️ Placeholder detected: /home/rafa1215/consensus-project/memory/logs/system/agent_summaries/top10_suggestions_2025-12-13_0902.md
[2025-12-19 07:09:27] ⚠️ Placeholder detected: /home/rafa1215/consensus-project/memory/logs/system/agent_summaries/top10_optimization_2025-12-18_0902.md
[2025-12-19 07:09:27] ⚠️ Placeholder detected: /home/rafa1215/consensus-project/memory/logs/system/agent_summaries/top10_brainstorm_2025-12-19_0902.md
[2025-12-19 07:09:27] ⚠️ Placeholder detected: /home/rafa1215/consensus-project/memory/logs/system/agent_summaries/top10_suggestions_2025-12-18_0902.md
[2025-12-19 07:09:27] ⚠️ Placeholder detected: /home/rafa1215/consensus-project/memory/logs/system/agent_summaries/top10_optimization_2025-12-17_0902.md
[2025-12-19 07:09:27] ⚠️ Placeholder detected: /home/rafa1215/consensus-project/memory/logs/system/agent_summaries/top10_optimization_2025-12-13_0902.md
[2025-12-19 07:09:27] ⚠️ Placeholder detected: /home/rafa1215/consensus-project/memory/logs/system/agent_summaries/top10_suggestions_2025-12-12_0902.md
[2025-12-19 07:09:27] ⚠️ Placeholder detected: /home/rafa1215/consensus-project/memory/logs/system/agent_summaries/top10_optimization_2025-12-14_0902.md
[2025-12-19 07:09:27] ⚠️ Placeholder detected: /home/rafa1215/consensus-project/memory/logs/system/agent_summaries/top10_optimization_2025-12-12_0902.md
[2025-12-19 07:09:27] ⚠️ Placeholder detected: /home/rafa1215/consensus-project/memory/logs/system/agent_summaries/top10_suggestions_2025-12-10_0902.md
[2025-12-19 07:09:27] ⚠️ Placeholder detected: /home/rafa1215/consensus-project/memory/logs/system/agent_summaries/top10_brainstorm_2025-12-15_0902.md
[2025-12-19 07:09:27] ⚠️ Placeholder detected: /home/rafa1215/consensus-project/memory/logs/system/agent_summaries/top10_brainstorm_2025-12-10_0902.md
[2025-12-19 07:09:27] ⚠️ Placeholder detected: /home/rafa1215/consensus-project/memory/logs/system/agent_summaries/top10_brainstorm_2025-12-18_0902.md
[2025-12-19 07:09:27] ⚠️ Placeholder detected: /home/rafa1215/consensus-project/memory/logs/system/agent_summaries/top10_optimization_2025-12-16_0902.md
[2025-12-19 07:09:27] ⚠️ Placeholder detected: /home/rafa1215/consensus-project/memory/logs/system/agent_summaries/top10_brainstorm_2025-12-13_0902.md
[2025-12-19 07:09:27] ⚠️ Placeholder detected: /home/rafa1215/consensus-project/memory/logs/system/agent_summaries/top10_brainstorm_2025-12-09_0902.md
[2025-12-19 07:09:27] ⚠️ Placeholder detected: /home/rafa1215/consensus-project/memory/logs/system/agent_summaries/top10_suggestions_2025-12-14_0902.md
[2025-12-19 07:09:27] ⚠️ Placeholder detected: /home/rafa1215/consensus-project/memory/logs/system/agent_summaries/top10_optimization_2025-12-15_0902.md
[2025-12-19 07:09:27] ⚠️ Placeholder detected: /home/rafa1215/consensus-project/memory/logs/system/agent_summaries/top10_suggestions_2025-12-09_0902.md
[2025-12-19 07:09:27] ⚠️ Placeholder detected: /home/rafa1215/consensus-project/memory/logs/system/agent_summaries/top10_brainstorm_2025-12-16_0902.md
[2025-12-19 07:09:27] ⚠️ Placeholder detected: /home/rafa1215/consensus-project/memory/logs/system/agent_summaries/top10_brainstorm_2025-12-14_0902.md
[2025-12-19 07:09:27] ⚠️ Placeholder detected: /home/rafa1215/consensus-project/memory/logs/system/agent_summaries/top10_suggestions_2025-12-16_0902.md
[2025-12-19 07:09:27] ⚠️ Placeholder detected: /home/rafa1215/consensus-project/memory/logs/system/agent_summaries/top10_optimization_2025-12-10_0902.md
[2025-12-19 07:09:27] ⚠️ Placeholder detected: /home/rafa1215/consensus-project/memory/logs/system/agent_summaries/top10_brainstorm_2025-12-12_0902.md
[2025-12-19 07:09:27] ⚠️ Placeholder detected: /home/rafa1215/consensus-project/memory/logs/system/agent_summaries/top10_suggestions_2025-12-15_0902.md
[2025-12-19 07:09:27] ⚠️ Placeholder detected: /home/rafa1215/consensus-project/memory/logs/system/agent_summaries/top10_optimization_2025-12-09_0902.md
[2025-12-19 07:09:27] ⚠️ Placeholder detected: /home/rafa1215/consensus-project/memory/logs/system/agent_summaries/top10_brainstorm_2025-12-17_0902.md
[2025-12-19 07:09:27] ♻️  Placeholder or missing Top-10 detected — regenerating...
[2025-12-19 07:09:29] ⚠️  Missing or outdated daily summaries detected — regenerating.
[2025-12-19 07:09:29] ✅ Generated summaries for 2025-12-16
[2025-12-19 07:09:29] ✅ Generated summaries for 2025-12-17
[2025-12-19 07:09:29] ✅ Generated summaries for 2025-12-18
[2025-12-19 07:09:29] ✅ Generated summaries for 2025-12-19
[2025-12-19 07:09:29] ✅ Summary generation complete (4 day(s))
[2025-12-19 07:09:29] ✅ Updated Top-10 digest index.
[2025-12-19 07:09:29] 📦 Archived 0 Top-10 files older than 7 days.
[2025-12-19 07:09:29] ✅ Auto-Repair Suite completed successfully.
[2025-12-19 07:11:16] ✅ Generated summaries for 2025-12-19
[2025-12-19 07:11:16] ✅ Summary generation complete (1 day(s))
[2025-12-19 07:11:16] ✅ Generated summaries for 2025-12-19
[2025-12-19 07:11:16] ✅ Summary generation complete (1 day(s))
[2025-12-19 07:13:25] ⚠️ Placeholder detected: /home/rafa1215/consensus-project/memory/logs/system/agent_summaries/top10_optimization_2025-12-19_0902.md
[2025-12-19 07:13:25] ⚠️ Placeholder detected: /home/rafa1215/consensus-project/memory/logs/system/agent_summaries/top10_suggestions_2025-12-19_0902.md
[2025-12-19 07:13:25] ⚠️ Placeholder detected: /home/rafa1215/consensus-project/memory/logs/system/agent_summaries/top10_suggestions_2025-12-13_0902.md
[2025-12-19 07:13:25] ⚠️ Placeholder detected: /home/rafa1215/consensus-project/memory/logs/system/agent_summaries/top10_brainstorm_2025-12-19_0902.md
[2025-12-19 07:13:25] ⚠️ Placeholder detected: /home/rafa1215/consensus-project/memory/logs/system/agent_summaries/top10_optimization_2025-12-13_0902.md
[2025-12-19 07:13:25] ⚠️ Placeholder detected: /home/rafa1215/consensus-project/memory/logs/system/agent_summaries/top10_suggestions_2025-12-12_0902.md
[2025-12-19 07:13:25] ⚠️ Placeholder detected: /home/rafa1215/consensus-project/memory/logs/system/agent_summaries/top10_optimization_2025-12-14_0902.md
[2025-12-19 07:13:25] ⚠️ Placeholder detected: /home/rafa1215/consensus-project/memory/logs/system/agent_summaries/top10_optimization_2025-12-12_0902.md
[2025-12-19 07:13:25] ⚠️ Placeholder detected: /home/rafa1215/consensus-project/memory/logs/system/agent_summaries/top10_suggestions_2025-12-10_0902.md
[2025-12-19 07:13:25] ⚠️ Placeholder detected: /home/rafa1215/consensus-project/memory/logs/system/agent_summaries/top10_brainstorm_2025-12-15_0902.md
[2025-12-19 07:13:25] ⚠️ Placeholder detected: /home/rafa1215/consensus-project/memory/logs/system/agent_summaries/top10_brainstorm_2025-12-10_0902.md
[2025-12-19 07:13:25] ⚠️ Placeholder detected: /home/rafa1215/consensus-project/memory/logs/system/agent_summaries/top10_optimization_2025-12-16_0902.md
[2025-12-19 07:13:25] ⚠️ Placeholder detected: /home/rafa1215/consensus-project/memory/logs/system/agent_summaries/top10_brainstorm_2025-12-13_0902.md
[2025-12-19 07:13:25] ⚠️ Placeholder detected: /home/rafa1215/consensus-project/memory/logs/system/agent_summaries/top10_brainstorm_2025-12-09_0902.md
[2025-12-19 07:13:25] ⚠️ Placeholder detected: /home/rafa1215/consensus-project/memory/logs/system/agent_summaries/top10_suggestions_2025-12-14_0902.md
[2025-12-19 07:13:25] ⚠️ Placeholder detected: /home/rafa1215/consensus-project/memory/logs/system/agent_summaries/top10_optimization_2025-12-15_0902.md
[2025-12-19 07:13:25] ⚠️ Placeholder detected: /home/rafa1215/consensus-project/memory/logs/system/agent_summaries/top10_suggestions_2025-12-09_0902.md
[2025-12-19 07:13:25] ⚠️ Placeholder detected: /home/rafa1215/consensus-project/memory/logs/system/agent_summaries/top10_brainstorm_2025-12-16_0902.md
[2025-12-19 07:13:25] ⚠️ Placeholder detected: /home/rafa1215/consensus-project/memory/logs/system/agent_summaries/top10_brainstorm_2025-12-14_0902.md
[2025-12-19 07:13:25] ⚠️ Placeholder detected: /home/rafa1215/consensus-project/memory/logs/system/agent_summaries/top10_suggestions_2025-12-16_0902.md
[2025-12-19 07:13:25] ⚠️ Placeholder detected: /home/rafa1215/consensus-project/memory/logs/system/agent_summaries/top10_optimization_2025-12-10_0902.md
[2025-12-19 07:13:25] ⚠️ Placeholder detected: /home/rafa1215/consensus-project/memory/logs/system/agent_summaries/top10_brainstorm_2025-12-12_0902.md
[2025-12-19 07:13:25] ⚠️ Placeholder detected: /home/rafa1215/consensus-project/memory/logs/system/agent_summaries/top10_suggestions_2025-12-15_0902.md
[2025-12-19 07:13:25] ⚠️ Placeholder detected: /home/rafa1215/consensus-project/memory/logs/system/agent_summaries/top10_optimization_2025-12-09_0902.md
[2025-12-19 07:13:25] ♻️  Placeholder or missing Top-10 detected — regenerating...
[2025-12-19 07:13:26] ⚠️ Placeholder detected: /home/rafa1215/consensus-project/memory/logs/system/agent_summaries/top10_suggestions_2025-12-13_0902.md
[2025-12-19 07:13:26] ⚠️ Placeholder detected: /home/rafa1215/consensus-project/memory/logs/system/agent_summaries/top10_optimization_2025-12-13_0902.md
[2025-12-19 07:13:26] ⚠️ Placeholder detected: /home/rafa1215/consensus-project/memory/logs/system/agent_summaries/top10_suggestions_2025-12-12_0902.md
[2025-12-19 07:13:26] ⚠️ Placeholder detected: /home/rafa1215/consensus-project/memory/logs/system/agent_summaries/top10_optimization_2025-12-14_0902.md
[2025-12-19 07:13:26] ⚠️ Placeholder detected: /home/rafa1215/consensus-project/memory/logs/system/agent_summaries/top10_optimization_2025-12-12_0902.md
[2025-12-19 07:13:26] ⚠️ Placeholder detected: /home/rafa1215/consensus-project/memory/logs/system/agent_summaries/top10_suggestions_2025-12-10_0902.md
[2025-12-19 07:13:26] ⚠️ Placeholder detected: /home/rafa1215/consensus-project/memory/logs/system/agent_summaries/top10_brainstorm_2025-12-15_0902.md
[2025-12-19 07:13:26] ⚠️ Placeholder detected: /home/rafa1215/consensus-project/memory/logs/system/agent_summaries/top10_brainstorm_2025-12-10_0902.md
[2025-12-19 07:13:26] ⚠️ Placeholder detected: /home/rafa1215/consensus-project/memory/logs/system/agent_summaries/top10_optimization_2025-12-16_0902.md
[2025-12-19 07:13:26] ⚠️ Placeholder detected: /home/rafa1215/consensus-project/memory/logs/system/agent_summaries/top10_brainstorm_2025-12-13_0902.md
[2025-12-19 07:13:26] ⚠️ Placeholder detected: /home/rafa1215/consensus-project/memory/logs/system/agent_summaries/top10_brainstorm_2025-12-09_0902.md
[2025-12-19 07:13:26] ⚠️ Placeholder detected: /home/rafa1215/consensus-project/memory/logs/system/agent_summaries/top10_suggestions_2025-12-14_0902.md
[2025-12-19 07:13:26] ⚠️ Placeholder detected: /home/rafa1215/consensus-project/memory/logs/system/agent_summaries/top10_optimization_2025-12-15_0902.md
[2025-12-19 07:13:26] ⚠️ Placeholder detected: /home/rafa1215/consensus-project/memory/logs/system/agent_summaries/top10_suggestions_2025-12-09_0902.md
[2025-12-19 07:13:26] ⚠️ Placeholder detected: /home/rafa1215/consensus-project/memory/logs/system/agent_summaries/top10_brainstorm_2025-12-16_0902.md
[2025-12-19 07:13:26] ⚠️ Placeholder detected: /home/rafa1215/consensus-project/memory/logs/system/agent_summaries/top10_brainstorm_2025-12-14_0902.md
[2025-12-19 07:13:26] ⚠️ Placeholder detected: /home/rafa1215/consensus-project/memory/logs/system/agent_summaries/top10_suggestions_2025-12-16_0902.md
[2025-12-19 07:13:26] ⚠️ Placeholder detected: /home/rafa1215/consensus-project/memory/logs/system/agent_summaries/top10_optimization_2025-12-10_0902.md
[2025-12-19 07:13:26] ⚠️ Placeholder detected: /home/rafa1215/consensus-project/memory/logs/system/agent_summaries/top10_brainstorm_2025-12-12_0902.md
[2025-12-19 07:13:26] ⚠️ Placeholder detected: /home/rafa1215/consensus-project/memory/logs/system/agent_summaries/top10_suggestions_2025-12-15_0902.md
[2025-12-19 07:13:26] ⚠️ Placeholder detected: /home/rafa1215/consensus-project/memory/logs/system/agent_summaries/top10_optimization_2025-12-09_0902.md
[2025-12-19 07:13:26] ♻️  Placeholder or missing Top-10 detected — regenerating...
[2025-12-20 07:06:33] ⚠️  Missing or outdated daily summaries detected — regenerating.
[2025-12-20 07:06:34] ✅ Generated summaries for 2025-12-17
[2025-12-20 07:06:34] ✅ Generated summaries for 2025-12-18
[2025-12-20 07:06:34] ✅ Generated summaries for 2025-12-19
[2025-12-20 07:06:34] ✅ Generated summaries for 2025-12-20
[2025-12-20 07:06:34] ✅ Summary generation complete (4 day(s))
[2025-12-20 07:06:34] ⚠️  Missing or outdated daily summaries detected — regenerating.
[2025-12-20 07:06:34] ✅ Generated summaries for 2025-12-17
[2025-12-20 07:06:34] ✅ Generated summaries for 2025-12-18
[2025-12-20 07:06:34] ✅ Generated summaries for 2025-12-19
[2025-12-20 07:06:34] ✅ Generated summaries for 2025-12-20
[2025-12-20 07:06:34] ✅ Summary generation complete (4 day(s))
[2025-12-20 07:08:02] 🔍 Running system file auditor...
[2025-12-20 07:08:07] 🔍 Running system file auditor...
[2025-12-20 07:09:07] 🚀 Auto-Repair Suite started.
[2025-12-20 07:09:08] ⚠️ Placeholder detected: /home/rafa1215/consensus-project/memory/logs/system/agent_summaries/top10_optimization_2025-12-19_0902.md
[2025-12-20 07:09:08] ⚠️ Placeholder detected: /home/rafa1215/consensus-project/memory/logs/system/agent_summaries/top10_suggestions_2025-12-19_0902.md
[2025-12-20 07:09:08] ⚠️ Placeholder detected: /home/rafa1215/consensus-project/memory/logs/system/agent_summaries/top10_suggestions_2025-12-17_0902.md
[2025-12-20 07:09:08] ⚠️ Placeholder detected: /home/rafa1215/consensus-project/memory/logs/system/agent_summaries/top10_suggestions_2025-12-13_0902.md
[2025-12-20 07:09:08] ⚠️ Placeholder detected: /home/rafa1215/consensus-project/memory/logs/system/agent_summaries/top10_optimization_2025-12-18_0902.md
[2025-12-20 07:09:08] ⚠️ Placeholder detected: /home/rafa1215/consensus-project/memory/logs/system/agent_summaries/top10_suggestions_2025-12-20_0902.md
[2025-12-20 07:09:08] ⚠️ Placeholder detected: /home/rafa1215/consensus-project/memory/logs/system/agent_summaries/top10_brainstorm_2025-12-19_0902.md
[2025-12-20 07:09:08] ⚠️ Placeholder detected: /home/rafa1215/consensus-project/memory/logs/system/agent_summaries/top10_suggestions_2025-12-18_0902.md
[2025-12-20 07:09:08] ⚠️ Placeholder detected: /home/rafa1215/consensus-project/memory/logs/system/agent_summaries/top10_optimization_2025-12-17_0902.md
[2025-12-20 07:09:08] ⚠️ Placeholder detected: /home/rafa1215/consensus-project/memory/logs/system/agent_summaries/top10_optimization_2025-12-13_0902.md
[2025-12-20 07:09:08] ⚠️ Placeholder detected: /home/rafa1215/consensus-project/memory/logs/system/agent_summaries/top10_suggestions_2025-12-12_0902.md
[2025-12-20 07:09:08] ⚠️ Placeholder detected: /home/rafa1215/consensus-project/memory/logs/system/agent_summaries/top10_optimization_2025-12-14_0902.md
[2025-12-20 07:09:08] ⚠️ Placeholder detected: /home/rafa1215/consensus-project/memory/logs/system/agent_summaries/top10_optimization_2025-12-12_0902.md
[2025-12-20 07:09:08] ⚠️ Placeholder detected: /home/rafa1215/consensus-project/memory/logs/system/agent_summaries/top10_brainstorm_2025-12-20_0902.md
[2025-12-20 07:09:08] ⚠️ Placeholder detected: /home/rafa1215/consensus-project/memory/logs/system/agent_summaries/top10_suggestions_2025-12-10_0902.md
[2025-12-20 07:09:08] ⚠️ Placeholder detected: /home/rafa1215/consensus-project/memory/logs/system/agent_summaries/top10_brainstorm_2025-12-15_0902.md
[2025-12-20 07:09:08] ⚠️ Placeholder detected: /home/rafa1215/consensus-project/memory/logs/system/agent_summaries/top10_brainstorm_2025-12-10_0902.md
[2025-12-20 07:09:08] ⚠️ Placeholder detected: /home/rafa1215/consensus-project/memory/logs/system/agent_summaries/top10_brainstorm_2025-12-18_0902.md
[2025-12-20 07:09:08] ⚠️ Placeholder detected: /home/rafa1215/consensus-project/memory/logs/system/agent_summaries/top10_optimization_2025-12-16_0902.md
[2025-12-20 07:09:08] ⚠️ Placeholder detected: /home/rafa1215/consensus-project/memory/logs/system/agent_summaries/top10_brainstorm_2025-12-13_0902.md
[2025-12-20 07:09:08] ⚠️ Placeholder detected: /home/rafa1215/consensus-project/memory/logs/system/agent_summaries/top10_brainstorm_2025-12-09_0902.md
[2025-12-20 07:09:08] ⚠️ Placeholder detected: /home/rafa1215/consensus-project/memory/logs/system/agent_summaries/top10_suggestions_2025-12-14_0902.md
[2025-12-20 07:09:08] ⚠️ Placeholder detected: /home/rafa1215/consensus-project/memory/logs/system/agent_summaries/top10_optimization_2025-12-15_0902.md
[2025-12-20 07:09:08] ⚠️ Placeholder detected: /home/rafa1215/consensus-project/memory/logs/system/agent_summaries/top10_suggestions_2025-12-09_0902.md
[2025-12-20 07:09:08] ⚠️ Placeholder detected: /home/rafa1215/consensus-project/memory/logs/system/agent_summaries/top10_brainstorm_2025-12-16_0902.md
[2025-12-20 07:09:08] ⚠️ Placeholder detected: /home/rafa1215/consensus-project/memory/logs/system/agent_summaries/top10_brainstorm_2025-12-14_0902.md
[2025-12-20 07:09:08] ⚠️ Placeholder detected: /home/rafa1215/consensus-project/memory/logs/system/agent_summaries/top10_suggestions_2025-12-16_0902.md
[2025-12-20 07:09:08] ⚠️ Placeholder detected: /home/rafa1215/consensus-project/memory/logs/system/agent_summaries/top10_optimization_2025-12-10_0902.md
[2025-12-20 07:09:08] ⚠️ Placeholder detected: /home/rafa1215/consensus-project/memory/logs/system/agent_summaries/top10_brainstorm_2025-12-12_0902.md
[2025-12-20 07:09:08] ⚠️ Placeholder detected: /home/rafa1215/consensus-project/memory/logs/system/agent_summaries/top10_suggestions_2025-12-15_0902.md
[2025-12-20 07:09:08] ⚠️ Placeholder detected: /home/rafa1215/consensus-project/memory/logs/system/agent_summaries/top10_optimization_2025-12-09_0902.md
[2025-12-20 07:09:08] ⚠️ Placeholder detected: /home/rafa1215/consensus-project/memory/logs/system/agent_summaries/top10_brainstorm_2025-12-17_0902.md
[2025-12-20 07:09:08] ⚠️ Placeholder detected: /home/rafa1215/consensus-project/memory/logs/system/agent_summaries/top10_optimization_2025-12-20_0902.md
[2025-12-20 07:09:08] ♻️  Placeholder or missing Top-10 detected — regenerating...
[2025-12-20 07:09:10] ⚠️  Missing or outdated daily summaries detected — regenerating.
[2025-12-20 07:09:10] ✅ Generated summaries for 2025-12-17
[2025-12-20 07:09:10] ✅ Generated summaries for 2025-12-18
[2025-12-20 07:09:10] ✅ Generated summaries for 2025-12-19
[2025-12-20 07:09:11] ✅ Generated summaries for 2025-12-20
[2025-12-20 07:09:11] ✅ Summary generation complete (4 day(s))
[2025-12-20 07:09:11] ✅ Updated Top-10 digest index.
[2025-12-20 07:09:11] 📦 Archived 15 Top-10 files older than 7 days.
[2025-12-20 07:09:11] ✅ Auto-Repair Suite completed successfully.
[2025-12-20 07:09:11] 🚀 Auto-Repair Suite started.
[2025-12-20 07:09:11] ⚠️ Placeholder detected: /home/rafa1215/consensus-project/memory/logs/system/agent_summaries/top10_optimization_2025-12-19_0902.md
[2025-12-20 07:09:11] ⚠️ Placeholder detected: /home/rafa1215/consensus-project/memory/logs/system/agent_summaries/top10_suggestions_2025-12-19_0902.md
[2025-12-20 07:09:11] ⚠️ Placeholder detected: /home/rafa1215/consensus-project/memory/logs/system/agent_summaries/top10_suggestions_2025-12-17_0902.md
[2025-12-20 07:09:11] ⚠️ Placeholder detected: /home/rafa1215/consensus-project/memory/logs/system/agent_summaries/top10_suggestions_2025-12-13_0902.md
[2025-12-20 07:09:11] ⚠️ Placeholder detected: /home/rafa1215/consensus-project/memory/logs/system/agent_summaries/top10_optimization_2025-12-18_0902.md
[2025-12-20 07:09:11] ⚠️ Placeholder detected: /home/rafa1215/consensus-project/memory/logs/system/agent_summaries/top10_suggestions_2025-12-20_0902.md
[2025-12-20 07:09:11] ⚠️ Placeholder detected: /home/rafa1215/consensus-project/memory/logs/system/agent_summaries/top10_brainstorm_2025-12-19_0902.md
[2025-12-20 07:09:11] ⚠️ Placeholder detected: /home/rafa1215/consensus-project/memory/logs/system/agent_summaries/top10_suggestions_2025-12-18_0902.md
[2025-12-20 07:09:11] ⚠️ Placeholder detected: /home/rafa1215/consensus-project/memory/logs/system/agent_summaries/top10_optimization_2025-12-17_0902.md
[2025-12-20 07:09:11] ⚠️ Placeholder detected: /home/rafa1215/consensus-project/memory/logs/system/agent_summaries/top10_optimization_2025-12-13_0902.md
[2025-12-20 07:09:11] ⚠️ Placeholder detected: /home/rafa1215/consensus-project/memory/logs/system/agent_summaries/top10_suggestions_2025-12-12_0902.md
[2025-12-20 07:09:11] ⚠️ Placeholder detected: /home/rafa1215/consensus-project/memory/logs/system/agent_summaries/top10_optimization_2025-12-14_0902.md
[2025-12-20 07:09:11] ⚠️ Placeholder detected: /home/rafa1215/consensus-project/memory/logs/system/agent_summaries/top10_optimization_2025-12-12_0902.md
[2025-12-20 07:09:11] ⚠️ Placeholder detected: /home/rafa1215/consensus-project/memory/logs/system/agent_summaries/top10_brainstorm_2025-12-20_0902.md
[2025-12-20 07:09:11] ⚠️ Placeholder detected: /home/rafa1215/consensus-project/memory/logs/system/agent_summaries/top10_suggestions_2025-12-10_0902.md
[2025-12-20 07:09:11] ⚠️ Placeholder detected: /home/rafa1215/consensus-project/memory/logs/system/agent_summaries/top10_brainstorm_2025-12-15_0902.md
[2025-12-20 07:09:11] ⚠️ Placeholder detected: /home/rafa1215/consensus-project/memory/logs/system/agent_summaries/top10_brainstorm_2025-12-10_0902.md
[2025-12-20 07:09:11] ⚠️ Placeholder detected: /home/rafa1215/consensus-project/memory/logs/system/agent_summaries/top10_brainstorm_2025-12-18_0902.md
[2025-12-20 07:09:11] ⚠️ Placeholder detected: /home/rafa1215/consensus-project/memory/logs/system/agent_summaries/top10_optimization_2025-12-16_0902.md
[2025-12-20 07:09:11] ⚠️ Placeholder detected: /home/rafa1215/consensus-project/memory/logs/system/agent_summaries/top10_brainstorm_2025-12-13_0902.md
[2025-12-20 07:09:11] ⚠️ Placeholder detected: /home/rafa1215/consensus-project/memory/logs/system/agent_summaries/top10_suggestions_2025-12-14_0902.md
[2025-12-20 07:09:11] ⚠️ Placeholder detected: /home/rafa1215/consensus-project/memory/logs/system/agent_summaries/top10_optimization_2025-12-15_0902.md
[2025-12-20 07:09:11] ⚠️ Placeholder detected: /home/rafa1215/consensus-project/memory/logs/system/agent_summaries/top10_brainstorm_2025-12-16_0902.md
[2025-12-20 07:09:11] ⚠️ Placeholder detected: /home/rafa1215/consensus-project/memory/logs/system/agent_summaries/top10_brainstorm_2025-12-14_0902.md
[2025-12-20 07:09:11] ⚠️ Placeholder detected: /home/rafa1215/consensus-project/memory/logs/system/agent_summaries/top10_suggestions_2025-12-16_0902.md
[2025-12-20 07:09:11] ⚠️ Placeholder detected: /home/rafa1215/consensus-project/memory/logs/system/agent_summaries/top10_optimization_2025-12-10_0902.md
[2025-12-20 07:09:11] ⚠️ Placeholder detected: /home/rafa1215/consensus-project/memory/logs/system/agent_summaries/top10_brainstorm_2025-12-12_0902.md
[2025-12-20 07:09:11] ⚠️ Placeholder detected: /home/rafa1215/consensus-project/memory/logs/system/agent_summaries/top10_suggestions_2025-12-15_0902.md
[2025-12-20 07:09:11] ⚠️ Placeholder detected: /home/rafa1215/consensus-project/memory/logs/system/agent_summaries/top10_brainstorm_2025-12-17_0902.md
[2025-12-20 07:09:11] ⚠️ Placeholder detected: /home/rafa1215/consensus-project/memory/logs/system/agent_summaries/top10_optimization_2025-12-20_0902.md
[2025-12-20 07:09:11] ♻️  Placeholder or missing Top-10 detected — regenerating...
[2025-12-20 07:09:12] ⚠️  Missing or outdated daily summaries detected — regenerating.
[2025-12-20 07:09:13] ✅ Generated summaries for 2025-12-17
[2025-12-20 07:09:13] ✅ Generated summaries for 2025-12-18
[2025-12-20 07:09:13] ✅ Generated summaries for 2025-12-19
[2025-12-20 07:09:13] ✅ Generated summaries for 2025-12-20
[2025-12-20 07:09:13] ✅ Summary generation complete (4 day(s))
[2025-12-20 07:09:13] ✅ Updated Top-10 digest index.
[2025-12-20 07:09:13] 📦 Archived 0 Top-10 files older than 7 days.
[2025-12-20 07:09:13] ✅ Auto-Repair Suite completed successfully.
[2025-12-20 07:10:50] ✅ Generated summaries for 2025-12-20
[2025-12-20 07:10:50] ✅ Summary generation complete (1 day(s))
[2025-12-20 07:10:50] ✅ Generated summaries for 2025-12-20
[2025-12-20 07:10:50] ✅ Summary generation complete (1 day(s))
[2025-12-20 07:12:57] ⚠️ Placeholder detected: /home/rafa1215/consensus-project/memory/logs/system/agent_summaries/top10_suggestions_2025-12-17_0902.md
[2025-12-20 07:12:57] ⚠️ Placeholder detected: /home/rafa1215/consensus-project/memory/logs/system/agent_summaries/top10_suggestions_2025-12-13_0902.md
[2025-12-20 07:12:57] ⚠️ Placeholder detected: /home/rafa1215/consensus-project/memory/logs/system/agent_summaries/top10_suggestions_2025-12-20_0902.md
[2025-12-20 07:12:57] ⚠️ Placeholder detected: /home/rafa1215/consensus-project/memory/logs/system/agent_summaries/top10_optimization_2025-12-17_0902.md
[2025-12-20 07:12:57] ⚠️ Placeholder detected: /home/rafa1215/consensus-project/memory/logs/system/agent_summaries/top10_optimization_2025-12-13_0902.md
[2025-12-20 07:12:57] ⚠️ Placeholder detected: /home/rafa1215/consensus-project/memory/logs/system/agent_summaries/top10_suggestions_2025-12-12_0902.md
[2025-12-20 07:12:57] ⚠️ Placeholder detected: /home/rafa1215/consensus-project/memory/logs/system/agent_summaries/top10_optimization_2025-12-14_0902.md
[2025-12-20 07:12:57] ⚠️ Placeholder detected: /home/rafa1215/consensus-project/memory/logs/system/agent_summaries/top10_optimization_2025-12-12_0902.md
[2025-12-20 07:12:57] ⚠️ Placeholder detected: /home/rafa1215/consensus-project/memory/logs/system/agent_summaries/top10_brainstorm_2025-12-20_0902.md
[2025-12-20 07:12:57] ⚠️ Placeholder detected: /home/rafa1215/consensus-project/memory/logs/system/agent_summaries/top10_suggestions_2025-12-10_0902.md
[2025-12-20 07:12:57] ⚠️ Placeholder detected: /home/rafa1215/consensus-project/memory/logs/system/agent_summaries/top10_brainstorm_2025-12-15_0902.md
[2025-12-20 07:12:57] ⚠️ Placeholder detected: /home/rafa1215/consensus-project/memory/logs/system/agent_summaries/top10_brainstorm_2025-12-10_0902.md
[2025-12-20 07:12:57] ⚠️ Placeholder detected: /home/rafa1215/consensus-project/memory/logs/system/agent_summaries/top10_optimization_2025-12-16_0902.md
[2025-12-20 07:12:57] ⚠️ Placeholder detected: /home/rafa1215/consensus-project/memory/logs/system/agent_summaries/top10_brainstorm_2025-12-13_0902.md
[2025-12-20 07:12:57] ⚠️ Placeholder detected: /home/rafa1215/consensus-project/memory/logs/system/agent_summaries/top10_suggestions_2025-12-14_0902.md
[2025-12-20 07:12:57] ⚠️ Placeholder detected: /home/rafa1215/consensus-project/memory/logs/system/agent_summaries/top10_optimization_2025-12-15_0902.md
[2025-12-20 07:12:57] ⚠️ Placeholder detected: /home/rafa1215/consensus-project/memory/logs/system/agent_summaries/top10_brainstorm_2025-12-16_0902.md
[2025-12-20 07:12:57] ⚠️ Placeholder detected: /home/rafa1215/consensus-project/memory/logs/system/agent_summaries/top10_brainstorm_2025-12-14_0902.md
[2025-12-20 07:12:57] ⚠️ Placeholder detected: /home/rafa1215/consensus-project/memory/logs/system/agent_summaries/top10_suggestions_2025-12-16_0902.md
[2025-12-20 07:12:57] ⚠️ Placeholder detected: /home/rafa1215/consensus-project/memory/logs/system/agent_summaries/top10_optimization_2025-12-10_0902.md
[2025-12-20 07:12:57] ⚠️ Placeholder detected: /home/rafa1215/consensus-project/memory/logs/system/agent_summaries/top10_brainstorm_2025-12-12_0902.md
[2025-12-20 07:12:57] ⚠️ Placeholder detected: /home/rafa1215/consensus-project/memory/logs/system/agent_summaries/top10_suggestions_2025-12-15_0902.md
[2025-12-20 07:12:57] ⚠️ Placeholder detected: /home/rafa1215/consensus-project/memory/logs/system/agent_summaries/top10_brainstorm_2025-12-17_0902.md
[2025-12-20 07:12:57] ⚠️ Placeholder detected: /home/rafa1215/consensus-project/memory/logs/system/agent_summaries/top10_optimization_2025-12-20_0902.md
[2025-12-20 07:12:57] ♻️  Placeholder or missing Top-10 detected — regenerating...
[2025-12-20 07:12:59] ⚠️ Placeholder detected: /home/rafa1215/consensus-project/memory/logs/system/agent_summaries/top10_suggestions_2025-12-17_0902.md
[2025-12-20 07:12:59] ⚠️ Placeholder detected: /home/rafa1215/consensus-project/memory/logs/system/agent_summaries/top10_suggestions_2025-12-13_0902.md
[2025-12-20 07:12:59] ⚠️ Placeholder detected: /home/rafa1215/consensus-project/memory/logs/system/agent_summaries/top10_optimization_2025-12-17_0902.md
[2025-12-20 07:12:59] ⚠️ Placeholder detected: /home/rafa1215/consensus-project/memory/logs/system/agent_summaries/top10_optimization_2025-12-13_0902.md
[2025-12-20 07:12:59] ⚠️ Placeholder detected: /home/rafa1215/consensus-project/memory/logs/system/agent_summaries/top10_suggestions_2025-12-12_0902.md
[2025-12-20 07:12:59] ⚠️ Placeholder detected: /home/rafa1215/consensus-project/memory/logs/system/agent_summaries/top10_optimization_2025-12-14_0902.md
[2025-12-20 07:12:59] ⚠️ Placeholder detected: /home/rafa1215/consensus-project/memory/logs/system/agent_summaries/top10_optimization_2025-12-12_0902.md
[2025-12-20 07:12:59] ⚠️ Placeholder detected: /home/rafa1215/consensus-project/memory/logs/system/agent_summaries/top10_suggestions_2025-12-10_0902.md
[2025-12-20 07:12:59] ⚠️ Placeholder detected: /home/rafa1215/consensus-project/memory/logs/system/agent_summaries/top10_brainstorm_2025-12-15_0902.md
[2025-12-20 07:12:59] ⚠️ Placeholder detected: /home/rafa1215/consensus-project/memory/logs/system/agent_summaries/top10_brainstorm_2025-12-10_0902.md
[2025-12-20 07:12:59] ⚠️ Placeholder detected: /home/rafa1215/consensus-project/memory/logs/system/agent_summaries/top10_optimization_2025-12-16_0902.md
[2025-12-20 07:12:59] ⚠️ Placeholder detected: /home/rafa1215/consensus-project/memory/logs/system/agent_summaries/top10_brainstorm_2025-12-13_0902.md
[2025-12-20 07:12:59] ⚠️ Placeholder detected: /home/rafa1215/consensus-project/memory/logs/system/agent_summaries/top10_suggestions_2025-12-14_0902.md
[2025-12-20 07:12:59] ⚠️ Placeholder detected: /home/rafa1215/consensus-project/memory/logs/system/agent_summaries/top10_optimization_2025-12-15_0902.md
[2025-12-20 07:12:59] ⚠️ Placeholder detected: /home/rafa1215/consensus-project/memory/logs/system/agent_summaries/top10_brainstorm_2025-12-16_0902.md
[2025-12-20 07:12:59] ⚠️ Placeholder detected: /home/rafa1215/consensus-project/memory/logs/system/agent_summaries/top10_brainstorm_2025-12-14_0902.md
[2025-12-20 07:12:59] ⚠️ Placeholder detected: /home/rafa1215/consensus-project/memory/logs/system/agent_summaries/top10_suggestions_2025-12-16_0902.md
[2025-12-20 07:12:59] ⚠️ Placeholder detected: /home/rafa1215/consensus-project/memory/logs/system/agent_summaries/top10_optimization_2025-12-10_0902.md
[2025-12-20 07:12:59] ⚠️ Placeholder detected: /home/rafa1215/consensus-project/memory/logs/system/agent_summaries/top10_brainstorm_2025-12-12_0902.md
[2025-12-20 07:12:59] ⚠️ Placeholder detected: /home/rafa1215/consensus-project/memory/logs/system/agent_summaries/top10_suggestions_2025-12-15_0902.md
[2025-12-20 07:12:59] ⚠️ Placeholder detected: /home/rafa1215/consensus-project/memory/logs/system/agent_summaries/top10_brainstorm_2025-12-17_0902.md
[2025-12-20 07:12:59] ♻️  Placeholder or missing Top-10 detected — regenerating...
[2025-12-21 07:06:53] ⚠️  Missing or outdated daily summaries detected — regenerating.
[2025-12-21 07:06:53] ✅ Generated summaries for 2025-12-18
[2025-12-21 07:06:53] ✅ Generated summaries for 2025-12-19
[2025-12-21 07:06:53] ✅ Generated summaries for 2025-12-20
[2025-12-21 07:06:53] ✅ Generated summaries for 2025-12-21
[2025-12-21 07:06:53] ✅ Summary generation complete (4 day(s))
[2025-12-21 07:06:53] ⚠️  Missing or outdated daily summaries detected — regenerating.
[2025-12-21 07:06:53] ✅ Generated summaries for 2025-12-18
[2025-12-21 07:06:53] ✅ Generated summaries for 2025-12-19
[2025-12-21 07:06:54] ✅ Generated summaries for 2025-12-20
[2025-12-21 07:06:54] ✅ Generated summaries for 2025-12-21
[2025-12-21 07:06:54] ✅ Summary generation complete (4 day(s))
[2025-12-21 07:08:34] 🔍 Running system file auditor...
[2025-12-21 07:08:39] 🔍 Running system file auditor...
[2025-12-21 07:09:40] 🚀 Auto-Repair Suite started.
[2025-12-21 07:09:40] ⚠️ Placeholder detected: /home/rafa1215/consensus-project/memory/logs/system/agent_summaries/top10_optimization_2025-12-19_0902.md
[2025-12-21 07:09:40] ⚠️ Placeholder detected: /home/rafa1215/consensus-project/memory/logs/system/agent_summaries/top10_suggestions_2025-12-21_0902.md
[2025-12-21 07:09:40] ⚠️ Placeholder detected: /home/rafa1215/consensus-project/memory/logs/system/agent_summaries/top10_suggestions_2025-12-19_0902.md
[2025-12-21 07:09:40] ⚠️ Placeholder detected: /home/rafa1215/consensus-project/memory/logs/system/agent_summaries/top10_suggestions_2025-12-17_0902.md
[2025-12-21 07:09:40] ⚠️ Placeholder detected: /home/rafa1215/consensus-project/memory/logs/system/agent_summaries/top10_suggestions_2025-12-13_0902.md
[2025-12-21 07:09:40] ⚠️ Placeholder detected: /home/rafa1215/consensus-project/memory/logs/system/agent_summaries/top10_optimization_2025-12-18_0902.md
[2025-12-21 07:09:40] ⚠️ Placeholder detected: /home/rafa1215/consensus-project/memory/logs/system/agent_summaries/top10_suggestions_2025-12-20_0902.md
[2025-12-21 07:09:40] ⚠️ Placeholder detected: /home/rafa1215/consensus-project/memory/logs/system/agent_summaries/top10_brainstorm_2025-12-19_0902.md
[2025-12-21 07:09:40] ⚠️ Placeholder detected: /home/rafa1215/consensus-project/memory/logs/system/agent_summaries/top10_suggestions_2025-12-18_0902.md
[2025-12-21 07:09:40] ⚠️ Placeholder detected: /home/rafa1215/consensus-project/memory/logs/system/agent_summaries/top10_optimization_2025-12-17_0902.md
[2025-12-21 07:09:40] ⚠️ Placeholder detected: /home/rafa1215/consensus-project/memory/logs/system/agent_summaries/top10_optimization_2025-12-13_0902.md
[2025-12-21 07:09:40] ⚠️ Placeholder detected: /home/rafa1215/consensus-project/memory/logs/system/agent_summaries/top10_suggestions_2025-12-12_0902.md
[2025-12-21 07:09:40] ⚠️ Placeholder detected: /home/rafa1215/consensus-project/memory/logs/system/agent_summaries/top10_optimization_2025-12-14_0902.md
[2025-12-21 07:09:40] ⚠️ Placeholder detected: /home/rafa1215/consensus-project/memory/logs/system/agent_summaries/top10_optimization_2025-12-12_0902.md
[2025-12-21 07:09:40] ⚠️ Placeholder detected: /home/rafa1215/consensus-project/memory/logs/system/agent_summaries/top10_brainstorm_2025-12-20_0902.md
[2025-12-21 07:09:40] ⚠️ Placeholder detected: /home/rafa1215/consensus-project/memory/logs/system/agent_summaries/top10_suggestions_2025-12-10_0902.md
[2025-12-21 07:09:40] ⚠️ Placeholder detected: /home/rafa1215/consensus-project/memory/logs/system/agent_summaries/top10_brainstorm_2025-12-15_0902.md
[2025-12-21 07:09:40] ⚠️ Placeholder detected: /home/rafa1215/consensus-project/memory/logs/system/agent_summaries/top10_brainstorm_2025-12-10_0902.md
[2025-12-21 07:09:40] ⚠️ Placeholder detected: /home/rafa1215/consensus-project/memory/logs/system/agent_summaries/top10_brainstorm_2025-12-21_0902.md
[2025-12-21 07:09:40] ⚠️ Placeholder detected: /home/rafa1215/consensus-project/memory/logs/system/agent_summaries/top10_brainstorm_2025-12-18_0902.md
[2025-12-21 07:09:40] ⚠️ Placeholder detected: /home/rafa1215/consensus-project/memory/logs/system/agent_summaries/top10_optimization_2025-12-16_0902.md
[2025-12-21 07:09:40] ⚠️ Placeholder detected: /home/rafa1215/consensus-project/memory/logs/system/agent_summaries/top10_brainstorm_2025-12-13_0902.md
[2025-12-21 07:09:40] ⚠️ Placeholder detected: /home/rafa1215/consensus-project/memory/logs/system/agent_summaries/top10_suggestions_2025-12-14_0902.md
[2025-12-21 07:09:40] ⚠️ Placeholder detected: /home/rafa1215/consensus-project/memory/logs/system/agent_summaries/top10_optimization_2025-12-15_0902.md
[2025-12-21 07:09:40] ⚠️ Placeholder detected: /home/rafa1215/consensus-project/memory/logs/system/agent_summaries/top10_brainstorm_2025-12-16_0902.md
[2025-12-21 07:09:40] ⚠️ Placeholder detected: /home/rafa1215/consensus-project/memory/logs/system/agent_summaries/top10_brainstorm_2025-12-14_0902.md
[2025-12-21 07:09:40] ⚠️ Placeholder detected: /home/rafa1215/consensus-project/memory/logs/system/agent_summaries/top10_suggestions_2025-12-16_0902.md
[2025-12-21 07:09:40] ⚠️ Placeholder detected: /home/rafa1215/consensus-project/memory/logs/system/agent_summaries/top10_optimization_2025-12-10_0902.md
[2025-12-21 07:09:40] ⚠️ Placeholder detected: /home/rafa1215/consensus-project/memory/logs/system/agent_summaries/top10_brainstorm_2025-12-12_0902.md
[2025-12-21 07:09:40] ⚠️ Placeholder detected: /home/rafa1215/consensus-project/memory/logs/system/agent_summaries/top10_suggestions_2025-12-15_0902.md
[2025-12-21 07:09:40] ⚠️ Placeholder detected: /home/rafa1215/consensus-project/memory/logs/system/agent_summaries/top10_brainstorm_2025-12-17_0902.md
[2025-12-21 07:09:40] ⚠️ Placeholder detected: /home/rafa1215/consensus-project/memory/logs/system/agent_summaries/top10_optimization_2025-12-20_0902.md
[2025-12-21 07:09:40] ⚠️ Placeholder detected: /home/rafa1215/consensus-project/memory/logs/system/agent_summaries/top10_optimization_2025-12-21_0902.md
[2025-12-21 07:09:40] ♻️  Placeholder or missing Top-10 detected — regenerating...
[2025-12-21 07:09:42] ⚠️  Missing or outdated daily summaries detected — regenerating.
[2025-12-21 07:09:42] ✅ Generated summaries for 2025-12-18
[2025-12-21 07:09:42] ✅ Generated summaries for 2025-12-19
[2025-12-21 07:09:42] ✅ Generated summaries for 2025-12-20
[2025-12-21 07:09:42] ✅ Generated summaries for 2025-12-21
[2025-12-21 07:09:42] ✅ Summary generation complete (4 day(s))
[2025-12-21 07:09:42] ✅ Updated Top-10 digest index.
[2025-12-21 07:09:42] 📦 Archived 20 Top-10 files older than 7 days.
[2025-12-21 07:09:42] ✅ Auto-Repair Suite completed successfully.
[2025-12-21 07:09:42] 🚀 Auto-Repair Suite started.
[2025-12-21 07:09:43] ⚠️ Placeholder detected: /home/rafa1215/consensus-project/memory/logs/system/agent_summaries/top10_optimization_2025-12-19_0902.md
[2025-12-21 07:09:43] ⚠️ Placeholder detected: /home/rafa1215/consensus-project/memory/logs/system/agent_summaries/top10_suggestions_2025-12-21_0902.md
[2025-12-21 07:09:43] ⚠️ Placeholder detected: /home/rafa1215/consensus-project/memory/logs/system/agent_summaries/top10_suggestions_2025-12-19_0902.md
[2025-12-21 07:09:43] ⚠️ Placeholder detected: /home/rafa1215/consensus-project/memory/logs/system/agent_summaries/top10_suggestions_2025-12-17_0902.md
[2025-12-21 07:09:43] ⚠️ Placeholder detected: /home/rafa1215/consensus-project/memory/logs/system/agent_summaries/top10_suggestions_2025-12-13_0902.md
[2025-12-21 07:09:43] ⚠️ Placeholder detected: /home/rafa1215/consensus-project/memory/logs/system/agent_summaries/top10_optimization_2025-12-18_0902.md
[2025-12-21 07:09:43] ⚠️ Placeholder detected: /home/rafa1215/consensus-project/memory/logs/system/agent_summaries/top10_suggestions_2025-12-20_0902.md
[2025-12-21 07:09:43] ⚠️ Placeholder detected: /home/rafa1215/consensus-project/memory/logs/system/agent_summaries/top10_brainstorm_2025-12-19_0902.md
[2025-12-21 07:09:43] ⚠️ Placeholder detected: /home/rafa1215/consensus-project/memory/logs/system/agent_summaries/top10_suggestions_2025-12-18_0902.md
[2025-12-21 07:09:43] ⚠️ Placeholder detected: /home/rafa1215/consensus-project/memory/logs/system/agent_summaries/top10_optimization_2025-12-17_0902.md
[2025-12-21 07:09:43] ⚠️ Placeholder detected: /home/rafa1215/consensus-project/memory/logs/system/agent_summaries/top10_optimization_2025-12-13_0902.md
[2025-12-21 07:09:43] ⚠️ Placeholder detected: /home/rafa1215/consensus-project/memory/logs/system/agent_summaries/top10_suggestions_2025-12-12_0902.md
[2025-12-21 07:09:43] ⚠️ Placeholder detected: /home/rafa1215/consensus-project/memory/logs/system/agent_summaries/top10_optimization_2025-12-14_0902.md
[2025-12-21 07:09:43] ⚠️ Placeholder detected: /home/rafa1215/consensus-project/memory/logs/system/agent_summaries/top10_optimization_2025-12-12_0902.md
[2025-12-21 07:09:43] ⚠️ Placeholder detected: /home/rafa1215/consensus-project/memory/logs/system/agent_summaries/top10_brainstorm_2025-12-20_0902.md
[2025-12-21 07:09:43] ⚠️ Placeholder detected: /home/rafa1215/consensus-project/memory/logs/system/agent_summaries/top10_brainstorm_2025-12-15_0902.md
[2025-12-21 07:09:43] ⚠️ Placeholder detected: /home/rafa1215/consensus-project/memory/logs/system/agent_summaries/top10_brainstorm_2025-12-21_0902.md
[2025-12-21 07:09:43] ⚠️ Placeholder detected: /home/rafa1215/consensus-project/memory/logs/system/agent_summaries/top10_brainstorm_2025-12-18_0902.md
[2025-12-21 07:09:43] ⚠️ Placeholder detected: /home/rafa1215/consensus-project/memory/logs/system/agent_summaries/top10_optimization_2025-12-16_0902.md
[2025-12-21 07:09:43] ⚠️ Placeholder detected: /home/rafa1215/consensus-project/memory/logs/system/agent_summaries/top10_brainstorm_2025-12-13_0902.md
[2025-12-21 07:09:43] ⚠️ Placeholder detected: /home/rafa1215/consensus-project/memory/logs/system/agent_summaries/top10_suggestions_2025-12-14_0902.md
[2025-12-21 07:09:43] ⚠️ Placeholder detected: /home/rafa1215/consensus-project/memory/logs/system/agent_summaries/top10_optimization_2025-12-15_0902.md
[2025-12-21 07:09:43] ⚠️ Placeholder detected: /home/rafa1215/consensus-project/memory/logs/system/agent_summaries/top10_brainstorm_2025-12-16_0902.md
[2025-12-21 07:09:43] ⚠️ Placeholder detected: /home/rafa1215/consensus-project/memory/logs/system/agent_summaries/top10_brainstorm_2025-12-14_0902.md
[2025-12-21 07:09:43] ⚠️ Placeholder detected: /home/rafa1215/consensus-project/memory/logs/system/agent_summaries/top10_suggestions_2025-12-16_0902.md
[2025-12-21 07:09:43] ⚠️ Placeholder detected: /home/rafa1215/consensus-project/memory/logs/system/agent_summaries/top10_brainstorm_2025-12-12_0902.md
[2025-12-21 07:09:43] ⚠️ Placeholder detected: /home/rafa1215/consensus-project/memory/logs/system/agent_summaries/top10_suggestions_2025-12-15_0902.md
[2025-12-21 07:09:43] ⚠️ Placeholder detected: /home/rafa1215/consensus-project/memory/logs/system/agent_summaries/top10_brainstorm_2025-12-17_0902.md
[2025-12-21 07:09:43] ⚠️ Placeholder detected: /home/rafa1215/consensus-project/memory/logs/system/agent_summaries/top10_optimization_2025-12-20_0902.md
[2025-12-21 07:09:43] ⚠️ Placeholder detected: /home/rafa1215/consensus-project/memory/logs/system/agent_summaries/top10_optimization_2025-12-21_0902.md
[2025-12-21 07:09:43] ♻️  Placeholder or missing Top-10 detected — regenerating...
[2025-12-21 07:09:45] ⚠️  Missing or outdated daily summaries detected — regenerating.
[2025-12-21 07:09:45] ✅ Generated summaries for 2025-12-18
[2025-12-21 07:09:45] ✅ Generated summaries for 2025-12-19
[2025-12-21 07:09:45] ✅ Generated summaries for 2025-12-20
[2025-12-21 07:09:45] ✅ Generated summaries for 2025-12-21
[2025-12-21 07:09:45] ✅ Summary generation complete (4 day(s))
[2025-12-21 07:09:45] ✅ Updated Top-10 digest index.
[2025-12-21 07:09:45] 📦 Archived 0 Top-10 files older than 7 days.
[2025-12-21 07:09:45] ✅ Auto-Repair Suite completed successfully.
[2025-12-21 07:11:23] ✅ Generated summaries for 2025-12-21
[2025-12-21 07:11:23] ✅ Summary generation complete (1 day(s))
[2025-12-21 07:11:23] ✅ Generated summaries for 2025-12-21
[2025-12-21 07:11:23] ✅ Summary generation complete (1 day(s))
[2025-12-21 07:13:28] ⚠️ Placeholder detected: /home/rafa1215/consensus-project/memory/logs/system/agent_summaries/top10_suggestions_2025-12-21_0902.md
[2025-12-21 07:13:28] ⚠️ Placeholder detected: /home/rafa1215/consensus-project/memory/logs/system/agent_summaries/top10_suggestions_2025-12-17_0902.md
[2025-12-21 07:13:28] ⚠️ Placeholder detected: /home/rafa1215/consensus-project/memory/logs/system/agent_summaries/top10_suggestions_2025-12-13_0902.md
[2025-12-21 07:13:28] ⚠️ Placeholder detected: /home/rafa1215/consensus-project/memory/logs/system/agent_summaries/top10_optimization_2025-12-18_0902.md
[2025-12-21 07:13:28] ⚠️ Placeholder detected: /home/rafa1215/consensus-project/memory/logs/system/agent_summaries/top10_suggestions_2025-12-18_0902.md
[2025-12-21 07:13:28] ⚠️ Placeholder detected: /home/rafa1215/consensus-project/memory/logs/system/agent_summaries/top10_optimization_2025-12-17_0902.md
[2025-12-21 07:13:28] ⚠️ Placeholder detected: /home/rafa1215/consensus-project/memory/logs/system/agent_summaries/top10_optimization_2025-12-13_0902.md
[2025-12-21 07:13:28] ⚠️ Placeholder detected: /home/rafa1215/consensus-project/memory/logs/system/agent_summaries/top10_suggestions_2025-12-12_0902.md
[2025-12-21 07:13:28] ⚠️ Placeholder detected: /home/rafa1215/consensus-project/memory/logs/system/agent_summaries/top10_optimization_2025-12-14_0902.md
[2025-12-21 07:13:28] ⚠️ Placeholder detected: /home/rafa1215/consensus-project/memory/logs/system/agent_summaries/top10_optimization_2025-12-12_0902.md
[2025-12-21 07:13:28] ⚠️ Placeholder detected: /home/rafa1215/consensus-project/memory/logs/system/agent_summaries/top10_brainstorm_2025-12-15_0902.md
[2025-12-21 07:13:28] ⚠️ Placeholder detected: /home/rafa1215/consensus-project/memory/logs/system/agent_summaries/top10_brainstorm_2025-12-21_0902.md
[2025-12-21 07:13:28] ⚠️ Placeholder detected: /home/rafa1215/consensus-project/memory/logs/system/agent_summaries/top10_brainstorm_2025-12-18_0902.md
[2025-12-21 07:13:28] ⚠️ Placeholder detected: /home/rafa1215/consensus-project/memory/logs/system/agent_summaries/top10_optimization_2025-12-16_0902.md
[2025-12-21 07:13:28] ⚠️ Placeholder detected: /home/rafa1215/consensus-project/memory/logs/system/agent_summaries/top10_brainstorm_2025-12-13_0902.md
[2025-12-21 07:13:28] ⚠️ Placeholder detected: /home/rafa1215/consensus-project/memory/logs/system/agent_summaries/top10_suggestions_2025-12-14_0902.md
[2025-12-21 07:13:28] ⚠️ Placeholder detected: /home/rafa1215/consensus-project/memory/logs/system/agent_summaries/top10_optimization_2025-12-15_0902.md
[2025-12-21 07:13:28] ⚠️ Placeholder detected: /home/rafa1215/consensus-project/memory/logs/system/agent_summaries/top10_brainstorm_2025-12-16_0902.md
[2025-12-21 07:13:28] ⚠️ Placeholder detected: /home/rafa1215/consensus-project/memory/logs/system/agent_summaries/top10_brainstorm_2025-12-14_0902.md
[2025-12-21 07:13:28] ⚠️ Placeholder detected: /home/rafa1215/consensus-project/memory/logs/system/agent_summaries/top10_suggestions_2025-12-16_0902.md
[2025-12-21 07:13:28] ⚠️ Placeholder detected: /home/rafa1215/consensus-project/memory/logs/system/agent_summaries/top10_brainstorm_2025-12-12_0902.md
[2025-12-21 07:13:28] ⚠️ Placeholder detected: /home/rafa1215/consensus-project/memory/logs/system/agent_summaries/top10_suggestions_2025-12-15_0902.md
[2025-12-21 07:13:28] ⚠️ Placeholder detected: /home/rafa1215/consensus-project/memory/logs/system/agent_summaries/top10_brainstorm_2025-12-17_0902.md
[2025-12-21 07:13:28] ⚠️ Placeholder detected: /home/rafa1215/consensus-project/memory/logs/system/agent_summaries/top10_optimization_2025-12-21_0902.md
[2025-12-21 07:13:28] ♻️  Placeholder or missing Top-10 detected — regenerating...
[2025-12-21 07:13:30] ⚠️ Placeholder detected: /home/rafa1215/consensus-project/memory/logs/system/agent_summaries/top10_suggestions_2025-12-17_0902.md
[2025-12-21 07:13:30] ⚠️ Placeholder detected: /home/rafa1215/consensus-project/memory/logs/system/agent_summaries/top10_suggestions_2025-12-13_0902.md
[2025-12-21 07:13:30] ⚠️ Placeholder detected: /home/rafa1215/consensus-project/memory/logs/system/agent_summaries/top10_optimization_2025-12-18_0902.md
[2025-12-21 07:13:30] ⚠️ Placeholder detected: /home/rafa1215/consensus-project/memory/logs/system/agent_summaries/top10_suggestions_2025-12-18_0902.md
[2025-12-21 07:13:30] ⚠️ Placeholder detected: /home/rafa1215/consensus-project/memory/logs/system/agent_summaries/top10_optimization_2025-12-17_0902.md
[2025-12-21 07:13:30] ⚠️ Placeholder detected: /home/rafa1215/consensus-project/memory/logs/system/agent_summaries/top10_optimization_2025-12-13_0902.md
[2025-12-21 07:13:30] ⚠️ Placeholder detected: /home/rafa1215/consensus-project/memory/logs/system/agent_summaries/top10_suggestions_2025-12-12_0902.md
[2025-12-21 07:13:30] ⚠️ Placeholder detected: /home/rafa1215/consensus-project/memory/logs/system/agent_summaries/top10_optimization_2025-12-14_0902.md
[2025-12-21 07:13:30] ⚠️ Placeholder detected: /home/rafa1215/consensus-project/memory/logs/system/agent_summaries/top10_optimization_2025-12-12_0902.md
[2025-12-21 07:13:30] ⚠️ Placeholder detected: /home/rafa1215/consensus-project/memory/logs/system/agent_summaries/top10_brainstorm_2025-12-15_0902.md
[2025-12-21 07:13:30] ⚠️ Placeholder detected: /home/rafa1215/consensus-project/memory/logs/system/agent_summaries/top10_brainstorm_2025-12-18_0902.md
[2025-12-21 07:13:30] ⚠️ Placeholder detected: /home/rafa1215/consensus-project/memory/logs/system/agent_summaries/top10_optimization_2025-12-16_0902.md
[2025-12-21 07:13:30] ⚠️ Placeholder detected: /home/rafa1215/consensus-project/memory/logs/system/agent_summaries/top10_brainstorm_2025-12-13_0902.md
[2025-12-21 07:13:30] ⚠️ Placeholder detected: /home/rafa1215/consensus-project/memory/logs/system/agent_summaries/top10_suggestions_2025-12-14_0902.md
[2025-12-21 07:13:30] ⚠️ Placeholder detected: /home/rafa1215/consensus-project/memory/logs/system/agent_summaries/top10_optimization_2025-12-15_0902.md
[2025-12-21 07:13:30] ⚠️ Placeholder detected: /home/rafa1215/consensus-project/memory/logs/system/agent_summaries/top10_brainstorm_2025-12-16_0902.md
[2025-12-21 07:13:30] ⚠️ Placeholder detected: /home/rafa1215/consensus-project/memory/logs/system/agent_summaries/top10_brainstorm_2025-12-14_0902.md
[2025-12-21 07:13:30] ⚠️ Placeholder detected: /home/rafa1215/consensus-project/memory/logs/system/agent_summaries/top10_suggestions_2025-12-16_0902.md
[2025-12-21 07:13:30] ⚠️ Placeholder detected: /home/rafa1215/consensus-project/memory/logs/system/agent_summaries/top10_brainstorm_2025-12-12_0902.md
[2025-12-21 07:13:30] ⚠️ Placeholder detected: /home/rafa1215/consensus-project/memory/logs/system/agent_summaries/top10_suggestions_2025-12-15_0902.md
[2025-12-21 07:13:30] ⚠️ Placeholder detected: /home/rafa1215/consensus-project/memory/logs/system/agent_summaries/top10_brainstorm_2025-12-17_0902.md
[2025-12-21 07:13:30] ♻️  Placeholder or missing Top-10 detected — regenerating...
[2025-12-22 07:07:04] ⚠️  Missing or outdated daily summaries detected — regenerating.
[2025-12-22 07:07:04] ✅ Generated summaries for 2025-12-19
[2025-12-22 07:07:04] ✅ Generated summaries for 2025-12-20
[2025-12-22 07:07:04] ✅ Generated summaries for 2025-12-21
[2025-12-22 07:07:04] ✅ Generated summaries for 2025-12-22
[2025-12-22 07:07:04] ✅ Summary generation complete (4 day(s))
[2025-12-22 07:07:05] ⚠️  Missing or outdated daily summaries detected — regenerating.
[2025-12-22 07:07:05] ✅ Generated summaries for 2025-12-19
[2025-12-22 07:07:05] ✅ Generated summaries for 2025-12-20
[2025-12-22 07:07:05] ✅ Generated summaries for 2025-12-21
[2025-12-22 07:07:05] ✅ Generated summaries for 2025-12-22
[2025-12-22 07:07:05] ✅ Summary generation complete (4 day(s))
[2025-12-22 07:08:41] 🔍 Running system file auditor...
[2025-12-22 07:08:46] 🔍 Running system file auditor...
[2025-12-22 07:09:47] 🚀 Auto-Repair Suite started.
[2025-12-22 07:09:48] ⚠️ Placeholder detected: /home/rafa1215/consensus-project/memory/logs/system/agent_summaries/top10_suggestions_2025-12-22_0902.md
[2025-12-22 07:09:48] ⚠️ Placeholder detected: /home/rafa1215/consensus-project/memory/logs/system/agent_summaries/top10_optimization_2025-12-19_0902.md
[2025-12-22 07:09:48] ⚠️ Placeholder detected: /home/rafa1215/consensus-project/memory/logs/system/agent_summaries/top10_suggestions_2025-12-21_0902.md
[2025-12-22 07:09:48] ⚠️ Placeholder detected: /home/rafa1215/consensus-project/memory/logs/system/agent_summaries/top10_suggestions_2025-12-19_0902.md
[2025-12-22 07:09:48] ⚠️ Placeholder detected: /home/rafa1215/consensus-project/memory/logs/system/agent_summaries/top10_suggestions_2025-12-17_0902.md
[2025-12-22 07:09:48] ⚠️ Placeholder detected: /home/rafa1215/consensus-project/memory/logs/system/agent_summaries/top10_suggestions_2025-12-13_0902.md
[2025-12-22 07:09:48] ⚠️ Placeholder detected: /home/rafa1215/consensus-project/memory/logs/system/agent_summaries/top10_optimization_2025-12-18_0902.md
[2025-12-22 07:09:48] ⚠️ Placeholder detected: /home/rafa1215/consensus-project/memory/logs/system/agent_summaries/top10_suggestions_2025-12-20_0902.md
[2025-12-22 07:09:48] ⚠️ Placeholder detected: /home/rafa1215/consensus-project/memory/logs/system/agent_summaries/top10_brainstorm_2025-12-19_0902.md
[2025-12-22 07:09:48] ⚠️ Placeholder detected: /home/rafa1215/consensus-project/memory/logs/system/agent_summaries/top10_suggestions_2025-12-18_0902.md
[2025-12-22 07:09:48] ⚠️ Placeholder detected: /home/rafa1215/consensus-project/memory/logs/system/agent_summaries/top10_optimization_2025-12-17_0902.md
[2025-12-22 07:09:48] ⚠️ Placeholder detected: /home/rafa1215/consensus-project/memory/logs/system/agent_summaries/top10_optimization_2025-12-13_0902.md
[2025-12-22 07:09:48] ⚠️ Placeholder detected: /home/rafa1215/consensus-project/memory/logs/system/agent_summaries/top10_suggestions_2025-12-12_0902.md
[2025-12-22 07:09:48] ⚠️ Placeholder detected: /home/rafa1215/consensus-project/memory/logs/system/agent_summaries/top10_optimization_2025-12-14_0902.md
[2025-12-22 07:09:48] ⚠️ Placeholder detected: /home/rafa1215/consensus-project/memory/logs/system/agent_summaries/top10_optimization_2025-12-12_0902.md
[2025-12-22 07:09:48] ⚠️ Placeholder detected: /home/rafa1215/consensus-project/memory/logs/system/agent_summaries/top10_brainstorm_2025-12-20_0902.md
[2025-12-22 07:09:48] ⚠️ Placeholder detected: /home/rafa1215/consensus-project/memory/logs/system/agent_summaries/top10_brainstorm_2025-12-15_0902.md
[2025-12-22 07:09:48] ⚠️ Placeholder detected: /home/rafa1215/consensus-project/memory/logs/system/agent_summaries/top10_brainstorm_2025-12-21_0902.md
[2025-12-22 07:09:48] ⚠️ Placeholder detected: /home/rafa1215/consensus-project/memory/logs/system/agent_summaries/top10_brainstorm_2025-12-18_0902.md
[2025-12-22 07:09:48] ⚠️ Placeholder detected: /home/rafa1215/consensus-project/memory/logs/system/agent_summaries/top10_optimization_2025-12-16_0902.md
[2025-12-22 07:09:48] ⚠️ Placeholder detected: /home/rafa1215/consensus-project/memory/logs/system/agent_summaries/top10_brainstorm_2025-12-13_0902.md
[2025-12-22 07:09:48] ⚠️ Placeholder detected: /home/rafa1215/consensus-project/memory/logs/system/agent_summaries/top10_suggestions_2025-12-14_0902.md
[2025-12-22 07:09:48] ⚠️ Placeholder detected: /home/rafa1215/consensus-project/memory/logs/system/agent_summaries/top10_optimization_2025-12-15_0902.md
[2025-12-22 07:09:48] ⚠️ Placeholder detected: /home/rafa1215/consensus-project/memory/logs/system/agent_summaries/top10_brainstorm_2025-12-16_0902.md
[2025-12-22 07:09:48] ⚠️ Placeholder detected: /home/rafa1215/consensus-project/memory/logs/system/agent_summaries/top10_brainstorm_2025-12-14_0902.md
[2025-12-22 07:09:48] ⚠️ Placeholder detected: /home/rafa1215/consensus-project/memory/logs/system/agent_summaries/top10_optimization_2025-12-22_0902.md
[2025-12-22 07:09:48] ⚠️ Placeholder detected: /home/rafa1215/consensus-project/memory/logs/system/agent_summaries/top10_suggestions_2025-12-16_0902.md
[2025-12-22 07:09:48] ⚠️ Placeholder detected: /home/rafa1215/consensus-project/memory/logs/system/agent_summaries/top10_brainstorm_2025-12-12_0902.md
[2025-12-22 07:09:48] ⚠️ Placeholder detected: /home/rafa1215/consensus-project/memory/logs/system/agent_summaries/top10_suggestions_2025-12-15_0902.md
[2025-12-22 07:09:48] ⚠️ Placeholder detected: /home/rafa1215/consensus-project/memory/logs/system/agent_summaries/top10_brainstorm_2025-12-22_0902.md
[2025-12-22 07:09:48] ⚠️ Placeholder detected: /home/rafa1215/consensus-project/memory/logs/system/agent_summaries/top10_brainstorm_2025-12-17_0902.md
[2025-12-22 07:09:48] ⚠️ Placeholder detected: /home/rafa1215/consensus-project/memory/logs/system/agent_summaries/top10_optimization_2025-12-20_0902.md
[2025-12-22 07:09:48] ⚠️ Placeholder detected: /home/rafa1215/consensus-project/memory/logs/system/agent_summaries/top10_optimization_2025-12-21_0902.md
[2025-12-22 07:09:48] ♻️  Placeholder or missing Top-10 detected — regenerating...
[2025-12-22 07:09:50] ⚠️  Missing or outdated daily summaries detected — regenerating.
[2025-12-22 07:09:51] ✅ Generated summaries for 2025-12-19
[2025-12-22 07:09:51] ✅ Generated summaries for 2025-12-20
[2025-12-22 07:09:51] ✅ Generated summaries for 2025-12-21
[2025-12-22 07:09:51] ✅ Generated summaries for 2025-12-22
[2025-12-22 07:09:51] ✅ Summary generation complete (4 day(s))
[2025-12-22 07:09:51] ✅ Updated Top-10 digest index.
[2025-12-22 07:09:51] 📦 Archived 5 Top-10 files older than 7 days.
[2025-12-22 07:09:51] ✅ Auto-Repair Suite completed successfully.
[2025-12-22 07:09:51] 🚀 Auto-Repair Suite started.
[2025-12-22 07:09:51] ⚠️ Placeholder detected: /home/rafa1215/consensus-project/memory/logs/system/agent_summaries/top10_suggestions_2025-12-22_0902.md
[2025-12-22 07:09:51] ⚠️ Placeholder detected: /home/rafa1215/consensus-project/memory/logs/system/agent_summaries/top10_optimization_2025-12-19_0902.md
[2025-12-22 07:09:51] ⚠️ Placeholder detected: /home/rafa1215/consensus-project/memory/logs/system/agent_summaries/top10_suggestions_2025-12-21_0902.md
[2025-12-22 07:09:51] ⚠️ Placeholder detected: /home/rafa1215/consensus-project/memory/logs/system/agent_summaries/top10_suggestions_2025-12-19_0902.md
[2025-12-22 07:09:51] ⚠️ Placeholder detected: /home/rafa1215/consensus-project/memory/logs/system/agent_summaries/top10_suggestions_2025-12-17_0902.md
[2025-12-22 07:09:51] ⚠️ Placeholder detected: /home/rafa1215/consensus-project/memory/logs/system/agent_summaries/top10_suggestions_2025-12-13_0902.md
[2025-12-22 07:09:51] ⚠️ Placeholder detected: /home/rafa1215/consensus-project/memory/logs/system/agent_summaries/top10_optimization_2025-12-18_0902.md
[2025-12-22 07:09:51] ⚠️ Placeholder detected: /home/rafa1215/consensus-project/memory/logs/system/agent_summaries/top10_suggestions_2025-12-20_0902.md
[2025-12-22 07:09:51] ⚠️ Placeholder detected: /home/rafa1215/consensus-project/memory/logs/system/agent_summaries/top10_brainstorm_2025-12-19_0902.md
[2025-12-22 07:09:51] ⚠️ Placeholder detected: /home/rafa1215/consensus-project/memory/logs/system/agent_summaries/top10_suggestions_2025-12-18_0902.md
[2025-12-22 07:09:51] ⚠️ Placeholder detected: /home/rafa1215/consensus-project/memory/logs/system/agent_summaries/top10_optimization_2025-12-17_0902.md
[2025-12-22 07:09:51] ⚠️ Placeholder detected: /home/rafa1215/consensus-project/memory/logs/system/agent_summaries/top10_optimization_2025-12-13_0902.md
[2025-12-22 07:09:51] ⚠️ Placeholder detected: /home/rafa1215/consensus-project/memory/logs/system/agent_summaries/top10_suggestions_2025-12-12_0902.md
[2025-12-22 07:09:51] ⚠️ Placeholder detected: /home/rafa1215/consensus-project/memory/logs/system/agent_summaries/top10_optimization_2025-12-14_0902.md
[2025-12-22 07:09:51] ⚠️ Placeholder detected: /home/rafa1215/consensus-project/memory/logs/system/agent_summaries/top10_optimization_2025-12-12_0902.md
[2025-12-22 07:09:51] ⚠️ Placeholder detected: /home/rafa1215/consensus-project/memory/logs/system/agent_summaries/top10_brainstorm_2025-12-20_0902.md
[2025-12-22 07:09:51] ⚠️ Placeholder detected: /home/rafa1215/consensus-project/memory/logs/system/agent_summaries/top10_brainstorm_2025-12-15_0902.md
[2025-12-22 07:09:51] ⚠️ Placeholder detected: /home/rafa1215/consensus-project/memory/logs/system/agent_summaries/top10_brainstorm_2025-12-21_0902.md
[2025-12-22 07:09:51] ⚠️ Placeholder detected: /home/rafa1215/consensus-project/memory/logs/system/agent_summaries/top10_brainstorm_2025-12-18_0902.md
[2025-12-22 07:09:51] ⚠️ Placeholder detected: /home/rafa1215/consensus-project/memory/logs/system/agent_summaries/top10_optimization_2025-12-16_0902.md
[2025-12-22 07:09:51] ⚠️ Placeholder detected: /home/rafa1215/consensus-project/memory/logs/system/agent_summaries/top10_brainstorm_2025-12-13_0902.md
[2025-12-22 07:09:51] ⚠️ Placeholder detected: /home/rafa1215/consensus-project/memory/logs/system/agent_summaries/top10_suggestions_2025-12-14_0902.md
[2025-12-22 07:09:51] ⚠️ Placeholder detected: /home/rafa1215/consensus-project/memory/logs/system/agent_summaries/top10_optimization_2025-12-15_0902.md
[2025-12-22 07:09:51] ⚠️ Placeholder detected: /home/rafa1215/consensus-project/memory/logs/system/agent_summaries/top10_brainstorm_2025-12-16_0902.md
[2025-12-22 07:09:51] ⚠️ Placeholder detected: /home/rafa1215/consensus-project/memory/logs/system/agent_summaries/top10_brainstorm_2025-12-14_0902.md
[2025-12-22 07:09:51] ⚠️ Placeholder detected: /home/rafa1215/consensus-project/memory/logs/system/agent_summaries/top10_optimization_2025-12-22_0902.md
[2025-12-22 07:09:51] ⚠️ Placeholder detected: /home/rafa1215/consensus-project/memory/logs/system/agent_summaries/top10_suggestions_2025-12-16_0902.md
[2025-12-22 07:09:51] ⚠️ Placeholder detected: /home/rafa1215/consensus-project/memory/logs/system/agent_summaries/top10_brainstorm_2025-12-12_0902.md
[2025-12-22 07:09:51] ⚠️ Placeholder detected: /home/rafa1215/consensus-project/memory/logs/system/agent_summaries/top10_suggestions_2025-12-15_0902.md
[2025-12-22 07:09:51] ⚠️ Placeholder detected: /home/rafa1215/consensus-project/memory/logs/system/agent_summaries/top10_brainstorm_2025-12-22_0902.md
[2025-12-22 07:09:51] ⚠️ Placeholder detected: /home/rafa1215/consensus-project/memory/logs/system/agent_summaries/top10_brainstorm_2025-12-17_0902.md
[2025-12-22 07:09:51] ⚠️ Placeholder detected: /home/rafa1215/consensus-project/memory/logs/system/agent_summaries/top10_optimization_2025-12-20_0902.md
[2025-12-22 07:09:51] ⚠️ Placeholder detected: /home/rafa1215/consensus-project/memory/logs/system/agent_summaries/top10_optimization_2025-12-21_0902.md
[2025-12-22 07:09:51] ♻️  Placeholder or missing Top-10 detected — regenerating...
[2025-12-22 07:09:54] ⚠️  Missing or outdated daily summaries detected — regenerating.
[2025-12-22 07:09:54] ✅ Generated summaries for 2025-12-19
[2025-12-22 07:09:54] ✅ Generated summaries for 2025-12-20
[2025-12-22 07:09:54] ✅ Generated summaries for 2025-12-21
[2025-12-22 07:09:54] ✅ Generated summaries for 2025-12-22
[2025-12-22 07:09:54] ✅ Summary generation complete (4 day(s))
[2025-12-22 07:09:54] ✅ Updated Top-10 digest index.
[2025-12-22 07:09:54] 📦 Archived 0 Top-10 files older than 7 days.
[2025-12-22 07:09:54] ✅ Auto-Repair Suite completed successfully.
[2025-12-22 07:11:41] ✅ Generated summaries for 2025-12-22
[2025-12-22 07:11:41] ✅ Summary generation complete (1 day(s))
[2025-12-22 07:11:41] ✅ Generated summaries for 2025-12-22
[2025-12-22 07:11:41] ✅ Summary generation complete (1 day(s))
[2025-12-22 07:13:49] ⚠️ Placeholder detected: /home/rafa1215/consensus-project/memory/logs/system/agent_summaries/top10_suggestions_2025-12-22_0902.md
[2025-12-22 07:13:49] ⚠️ Placeholder detected: /home/rafa1215/consensus-project/memory/logs/system/agent_summaries/top10_optimization_2025-12-19_0902.md
[2025-12-22 07:13:49] ⚠️ Placeholder detected: /home/rafa1215/consensus-project/memory/logs/system/agent_summaries/top10_suggestions_2025-12-19_0902.md
[2025-12-22 07:13:49] ⚠️ Placeholder detected: /home/rafa1215/consensus-project/memory/logs/system/agent_summaries/top10_suggestions_2025-12-17_0902.md
[2025-12-22 07:13:49] ⚠️ Placeholder detected: /home/rafa1215/consensus-project/memory/logs/system/agent_summaries/top10_suggestions_2025-12-13_0902.md
[2025-12-22 07:13:49] ⚠️ Placeholder detected: /home/rafa1215/consensus-project/memory/logs/system/agent_summaries/top10_optimization_2025-12-18_0902.md
[2025-12-22 07:13:49] ⚠️ Placeholder detected: /home/rafa1215/consensus-project/memory/logs/system/agent_summaries/top10_brainstorm_2025-12-19_0902.md
[2025-12-22 07:13:49] ⚠️ Placeholder detected: /home/rafa1215/consensus-project/memory/logs/system/agent_summaries/top10_suggestions_2025-12-18_0902.md
[2025-12-22 07:13:49] ⚠️ Placeholder detected: /home/rafa1215/consensus-project/memory/logs/system/agent_summaries/top10_optimization_2025-12-17_0902.md
[2025-12-22 07:13:49] ⚠️ Placeholder detected: /home/rafa1215/consensus-project/memory/logs/system/agent_summaries/top10_optimization_2025-12-13_0902.md
[2025-12-22 07:13:49] ⚠️ Placeholder detected: /home/rafa1215/consensus-project/memory/logs/system/agent_summaries/top10_suggestions_2025-12-12_0902.md
[2025-12-22 07:13:49] ⚠️ Placeholder detected: /home/rafa1215/consensus-project/memory/logs/system/agent_summaries/top10_optimization_2025-12-14_0902.md
[2025-12-22 07:13:49] ⚠️ Placeholder detected: /home/rafa1215/consensus-project/memory/logs/system/agent_summaries/top10_optimization_2025-12-12_0902.md
[2025-12-22 07:13:49] ⚠️ Placeholder detected: /home/rafa1215/consensus-project/memory/logs/system/agent_summaries/top10_brainstorm_2025-12-15_0902.md
[2025-12-22 07:13:49] ⚠️ Placeholder detected: /home/rafa1215/consensus-project/memory/logs/system/agent_summaries/top10_brainstorm_2025-12-18_0902.md
[2025-12-22 07:13:49] ⚠️ Placeholder detected: /home/rafa1215/consensus-project/memory/logs/system/agent_summaries/top10_optimization_2025-12-16_0902.md
[2025-12-22 07:13:49] ⚠️ Placeholder detected: /home/rafa1215/consensus-project/memory/logs/system/agent_summaries/top10_brainstorm_2025-12-13_0902.md
[2025-12-22 07:13:49] ⚠️ Placeholder detected: /home/rafa1215/consensus-project/memory/logs/system/agent_summaries/top10_suggestions_2025-12-14_0902.md
[2025-12-22 07:13:49] ⚠️ Placeholder detected: /home/rafa1215/consensus-project/memory/logs/system/agent_summaries/top10_optimization_2025-12-15_0902.md
[2025-12-22 07:13:49] ⚠️ Placeholder detected: /home/rafa1215/consensus-project/memory/logs/system/agent_summaries/top10_brainstorm_2025-12-16_0902.md
[2025-12-22 07:13:49] ⚠️ Placeholder detected: /home/rafa1215/consensus-project/memory/logs/system/agent_summaries/top10_brainstorm_2025-12-14_0902.md
[2025-12-22 07:13:49] ⚠️ Placeholder detected: /home/rafa1215/consensus-project/memory/logs/system/agent_summaries/top10_optimization_2025-12-22_0902.md
[2025-12-22 07:13:49] ⚠️ Placeholder detected: /home/rafa1215/consensus-project/memory/logs/system/agent_summaries/top10_suggestions_2025-12-16_0902.md
[2025-12-22 07:13:49] ⚠️ Placeholder detected: /home/rafa1215/consensus-project/memory/logs/system/agent_summaries/top10_brainstorm_2025-12-12_0902.md
[2025-12-22 07:13:49] ⚠️ Placeholder detected: /home/rafa1215/consensus-project/memory/logs/system/agent_summaries/top10_suggestions_2025-12-15_0902.md
[2025-12-22 07:13:49] ⚠️ Placeholder detected: /home/rafa1215/consensus-project/memory/logs/system/agent_summaries/top10_brainstorm_2025-12-22_0902.md
[2025-12-22 07:13:49] ⚠️ Placeholder detected: /home/rafa1215/consensus-project/memory/logs/system/agent_summaries/top10_brainstorm_2025-12-17_0902.md
[2025-12-22 07:13:49] ♻️  Placeholder or missing Top-10 detected — regenerating...
[2025-12-22 07:13:51] ⚠️ Placeholder detected: /home/rafa1215/consensus-project/memory/logs/system/agent_summaries/top10_optimization_2025-12-19_0902.md
[2025-12-22 07:13:51] ⚠️ Placeholder detected: /home/rafa1215/consensus-project/memory/logs/system/agent_summaries/top10_suggestions_2025-12-19_0902.md
[2025-12-22 07:13:51] ⚠️ Placeholder detected: /home/rafa1215/consensus-project/memory/logs/system/agent_summaries/top10_suggestions_2025-12-17_0902.md
[2025-12-22 07:13:51] ⚠️ Placeholder detected: /home/rafa1215/consensus-project/memory/logs/system/agent_summaries/top10_suggestions_2025-12-13_0902.md
[2025-12-22 07:13:51] ⚠️ Placeholder detected: /home/rafa1215/consensus-project/memory/logs/system/agent_summaries/top10_optimization_2025-12-18_0902.md
[2025-12-22 07:13:51] ⚠️ Placeholder detected: /home/rafa1215/consensus-project/memory/logs/system/agent_summaries/top10_brainstorm_2025-12-19_0902.md
[2025-12-22 07:13:51] ⚠️ Placeholder detected: /home/rafa1215/consensus-project/memory/logs/system/agent_summaries/top10_suggestions_2025-12-18_0902.md
[2025-12-22 07:13:51] ⚠️ Placeholder detected: /home/rafa1215/consensus-project/memory/logs/system/agent_summaries/top10_optimization_2025-12-17_0902.md
[2025-12-22 07:13:51] ⚠️ Placeholder detected: /home/rafa1215/consensus-project/memory/logs/system/agent_summaries/top10_optimization_2025-12-13_0902.md
[2025-12-22 07:13:51] ⚠️ Placeholder detected: /home/rafa1215/consensus-project/memory/logs/system/agent_summaries/top10_suggestions_2025-12-12_0902.md
[2025-12-22 07:13:51] ⚠️ Placeholder detected: /home/rafa1215/consensus-project/memory/logs/system/agent_summaries/top10_optimization_2025-12-14_0902.md
[2025-12-22 07:13:51] ⚠️ Placeholder detected: /home/rafa1215/consensus-project/memory/logs/system/agent_summaries/top10_optimization_2025-12-12_0902.md
[2025-12-22 07:13:51] ⚠️ Placeholder detected: /home/rafa1215/consensus-project/memory/logs/system/agent_summaries/top10_brainstorm_2025-12-15_0902.md
[2025-12-22 07:13:51] ⚠️ Placeholder detected: /home/rafa1215/consensus-project/memory/logs/system/agent_summaries/top10_brainstorm_2025-12-18_0902.md
[2025-12-22 07:13:51] ⚠️ Placeholder detected: /home/rafa1215/consensus-project/memory/logs/system/agent_summaries/top10_optimization_2025-12-16_0902.md
[2025-12-22 07:13:51] ⚠️ Placeholder detected: /home/rafa1215/consensus-project/memory/logs/system/agent_summaries/top10_brainstorm_2025-12-13_0902.md
[2025-12-22 07:13:51] ⚠️ Placeholder detected: /home/rafa1215/consensus-project/memory/logs/system/agent_summaries/top10_suggestions_2025-12-14_0902.md
[2025-12-22 07:13:51] ⚠️ Placeholder detected: /home/rafa1215/consensus-project/memory/logs/system/agent_summaries/top10_optimization_2025-12-15_0902.md
[2025-12-22 07:13:51] ⚠️ Placeholder detected: /home/rafa1215/consensus-project/memory/logs/system/agent_summaries/top10_brainstorm_2025-12-16_0902.md
[2025-12-22 07:13:51] ⚠️ Placeholder detected: /home/rafa1215/consensus-project/memory/logs/system/agent_summaries/top10_brainstorm_2025-12-14_0902.md
[2025-12-22 07:13:51] ⚠️ Placeholder detected: /home/rafa1215/consensus-project/memory/logs/system/agent_summaries/top10_suggestions_2025-12-16_0902.md
[2025-12-22 07:13:51] ⚠️ Placeholder detected: /home/rafa1215/consensus-project/memory/logs/system/agent_summaries/top10_brainstorm_2025-12-12_0902.md
[2025-12-22 07:13:51] ⚠️ Placeholder detected: /home/rafa1215/consensus-project/memory/logs/system/agent_summaries/top10_suggestions_2025-12-15_0902.md
[2025-12-22 07:13:51] ⚠️ Placeholder detected: /home/rafa1215/consensus-project/memory/logs/system/agent_summaries/top10_brainstorm_2025-12-17_0902.md
[2025-12-22 07:13:51] ♻️  Placeholder or missing Top-10 detected — regenerating...
[2025-12-23 07:06:28] ⚠️  Missing or outdated daily summaries detected — regenerating.
[2025-12-23 07:06:28] ✅ Generated summaries for 2025-12-20
[2025-12-23 07:06:28] ✅ Generated summaries for 2025-12-21
[2025-12-23 07:06:28] ✅ Generated summaries for 2025-12-22
[2025-12-23 07:06:28] ✅ Generated summaries for 2025-12-23
[2025-12-23 07:06:28] ✅ Summary generation complete (4 day(s))
[2025-12-23 07:06:28] ⚠️  Missing or outdated daily summaries detected — regenerating.
[2025-12-23 07:06:28] ✅ Generated summaries for 2025-12-20
[2025-12-23 07:06:28] ✅ Generated summaries for 2025-12-21
[2025-12-23 07:06:28] ✅ Generated summaries for 2025-12-22
[2025-12-23 07:06:28] ✅ Generated summaries for 2025-12-23
[2025-12-23 07:06:28] ✅ Summary generation complete (4 day(s))
[2025-12-23 07:07:56] 🔍 Running system file auditor...
[2025-12-23 07:08:01] 🔍 Running system file auditor...
[2025-12-23 07:09:02] 🚀 Auto-Repair Suite started.
[2025-12-23 07:09:03] ⚠️ Placeholder detected: /home/rafa1215/consensus-project/memory/logs/system/agent_summaries/top10_suggestions_2025-12-22_0902.md
[2025-12-23 07:09:03] ⚠️ Placeholder detected: /home/rafa1215/consensus-project/memory/logs/system/agent_summaries/top10_optimization_2025-12-19_0902.md
[2025-12-23 07:09:03] ⚠️ Placeholder detected: /home/rafa1215/consensus-project/memory/logs/system/agent_summaries/top10_suggestions_2025-12-21_0902.md
[2025-12-23 07:09:03] ⚠️ Placeholder detected: /home/rafa1215/consensus-project/memory/logs/system/agent_summaries/top10_suggestions_2025-12-19_0902.md
[2025-12-23 07:09:03] ⚠️ Placeholder detected: /home/rafa1215/consensus-project/memory/logs/system/agent_summaries/top10_suggestions_2025-12-17_0902.md
[2025-12-23 07:09:03] ⚠️ Placeholder detected: /home/rafa1215/consensus-project/memory/logs/system/agent_summaries/top10_suggestions_2025-12-13_0902.md
[2025-12-23 07:09:03] ⚠️ Placeholder detected: /home/rafa1215/consensus-project/memory/logs/system/agent_summaries/top10_optimization_2025-12-18_0902.md
[2025-12-23 07:09:03] ⚠️ Placeholder detected: /home/rafa1215/consensus-project/memory/logs/system/agent_summaries/top10_suggestions_2025-12-20_0902.md
[2025-12-23 07:09:03] ⚠️ Placeholder detected: /home/rafa1215/consensus-project/memory/logs/system/agent_summaries/top10_brainstorm_2025-12-19_0902.md
[2025-12-23 07:09:03] ⚠️ Placeholder detected: /home/rafa1215/consensus-project/memory/logs/system/agent_summaries/top10_suggestions_2025-12-18_0902.md
[2025-12-23 07:09:03] ⚠️ Placeholder detected: /home/rafa1215/consensus-project/memory/logs/system/agent_summaries/top10_optimization_2025-12-17_0902.md
[2025-12-23 07:09:03] ⚠️ Placeholder detected: /home/rafa1215/consensus-project/memory/logs/system/agent_summaries/top10_optimization_2025-12-13_0902.md
[2025-12-23 07:09:03] ⚠️ Placeholder detected: /home/rafa1215/consensus-project/memory/logs/system/agent_summaries/top10_suggestions_2025-12-12_0902.md
[2025-12-23 07:09:03] ⚠️ Placeholder detected: /home/rafa1215/consensus-project/memory/logs/system/agent_summaries/top10_optimization_2025-12-14_0902.md
[2025-12-23 07:09:03] ⚠️ Placeholder detected: /home/rafa1215/consensus-project/memory/logs/system/agent_summaries/top10_optimization_2025-12-12_0902.md
[2025-12-23 07:09:03] ⚠️ Placeholder detected: /home/rafa1215/consensus-project/memory/logs/system/agent_summaries/top10_brainstorm_2025-12-23_0902.md
[2025-12-23 07:09:03] ⚠️ Placeholder detected: /home/rafa1215/consensus-project/memory/logs/system/agent_summaries/top10_brainstorm_2025-12-20_0902.md
[2025-12-23 07:09:03] ⚠️ Placeholder detected: /home/rafa1215/consensus-project/memory/logs/system/agent_summaries/top10_brainstorm_2025-12-15_0902.md
[2025-12-23 07:09:03] ⚠️ Placeholder detected: /home/rafa1215/consensus-project/memory/logs/system/agent_summaries/top10_suggestions_2025-12-23_0902.md
[2025-12-23 07:09:03] ⚠️ Placeholder detected: /home/rafa1215/consensus-project/memory/logs/system/agent_summaries/top10_brainstorm_2025-12-21_0902.md
[2025-12-23 07:09:03] ⚠️ Placeholder detected: /home/rafa1215/consensus-project/memory/logs/system/agent_summaries/top10_brainstorm_2025-12-18_0902.md
[2025-12-23 07:09:03] ⚠️ Placeholder detected: /home/rafa1215/consensus-project/memory/logs/system/agent_summaries/top10_optimization_2025-12-16_0902.md
[2025-12-23 07:09:03] ⚠️ Placeholder detected: /home/rafa1215/consensus-project/memory/logs/system/agent_summaries/top10_brainstorm_2025-12-13_0902.md
[2025-12-23 07:09:03] ⚠️ Placeholder detected: /home/rafa1215/consensus-project/memory/logs/system/agent_summaries/top10_suggestions_2025-12-14_0902.md
[2025-12-23 07:09:03] ⚠️ Placeholder detected: /home/rafa1215/consensus-project/memory/logs/system/agent_summaries/top10_optimization_2025-12-15_0902.md
[2025-12-23 07:09:03] ⚠️ Placeholder detected: /home/rafa1215/consensus-project/memory/logs/system/agent_summaries/top10_brainstorm_2025-12-16_0902.md
[2025-12-23 07:09:03] ⚠️ Placeholder detected: /home/rafa1215/consensus-project/memory/logs/system/agent_summaries/top10_brainstorm_2025-12-14_0902.md
[2025-12-23 07:09:03] ⚠️ Placeholder detected: /home/rafa1215/consensus-project/memory/logs/system/agent_summaries/top10_optimization_2025-12-22_0902.md
[2025-12-23 07:09:03] ⚠️ Placeholder detected: /home/rafa1215/consensus-project/memory/logs/system/agent_summaries/top10_suggestions_2025-12-16_0902.md
[2025-12-23 07:09:03] ⚠️ Placeholder detected: /home/rafa1215/consensus-project/memory/logs/system/agent_summaries/top10_brainstorm_2025-12-12_0902.md
[2025-12-23 07:09:03] ⚠️ Placeholder detected: /home/rafa1215/consensus-project/memory/logs/system/agent_summaries/top10_suggestions_2025-12-15_0902.md
[2025-12-23 07:09:03] ⚠️ Placeholder detected: /home/rafa1215/consensus-project/memory/logs/system/agent_summaries/top10_brainstorm_2025-12-22_0902.md
[2025-12-23 07:09:03] ⚠️ Placeholder detected: /home/rafa1215/consensus-project/memory/logs/system/agent_summaries/top10_optimization_2025-12-23_0902.md
[2025-12-23 07:09:03] ⚠️ Placeholder detected: /home/rafa1215/consensus-project/memory/logs/system/agent_summaries/top10_brainstorm_2025-12-17_0902.md
[2025-12-23 07:09:03] ⚠️ Placeholder detected: /home/rafa1215/consensus-project/memory/logs/system/agent_summaries/top10_optimization_2025-12-20_0902.md
[2025-12-23 07:09:03] ⚠️ Placeholder detected: /home/rafa1215/consensus-project/memory/logs/system/agent_summaries/top10_optimization_2025-12-21_0902.md
[2025-12-23 07:09:03] ♻️  Placeholder or missing Top-10 detected — regenerating...
[2025-12-23 07:09:06] ⚠️  Missing or outdated daily summaries detected — regenerating.
[2025-12-23 07:09:06] ✅ Generated summaries for 2025-12-20
[2025-12-23 07:09:06] ✅ Generated summaries for 2025-12-21
[2025-12-23 07:09:06] ✅ Generated summaries for 2025-12-22
[2025-12-23 07:09:06] ✅ Generated summaries for 2025-12-23
[2025-12-23 07:09:06] ✅ Summary generation complete (4 day(s))
[2025-12-23 07:09:06] ✅ Updated Top-10 digest index.
[2025-12-23 07:09:06] 📦 Archived 15 Top-10 files older than 7 days.
[2025-12-23 07:09:06] ✅ Auto-Repair Suite completed successfully.
[2025-12-23 07:09:06] 🚀 Auto-Repair Suite started.
[2025-12-23 07:09:06] ⚠️ Placeholder detected: /home/rafa1215/consensus-project/memory/logs/system/agent_summaries/top10_suggestions_2025-12-22_0902.md
[2025-12-23 07:09:06] ⚠️ Placeholder detected: /home/rafa1215/consensus-project/memory/logs/system/agent_summaries/top10_optimization_2025-12-19_0902.md
[2025-12-23 07:09:06] ⚠️ Placeholder detected: /home/rafa1215/consensus-project/memory/logs/system/agent_summaries/top10_suggestions_2025-12-21_0902.md
[2025-12-23 07:09:06] ⚠️ Placeholder detected: /home/rafa1215/consensus-project/memory/logs/system/agent_summaries/top10_suggestions_2025-12-19_0902.md
[2025-12-23 07:09:06] ⚠️ Placeholder detected: /home/rafa1215/consensus-project/memory/logs/system/agent_summaries/top10_suggestions_2025-12-17_0902.md
[2025-12-23 07:09:06] ⚠️ Placeholder detected: /home/rafa1215/consensus-project/memory/logs/system/agent_summaries/top10_suggestions_2025-12-13_0902.md
[2025-12-23 07:09:06] ⚠️ Placeholder detected: /home/rafa1215/consensus-project/memory/logs/system/agent_summaries/top10_optimization_2025-12-18_0902.md
[2025-12-23 07:09:06] ⚠️ Placeholder detected: /home/rafa1215/consensus-project/memory/logs/system/agent_summaries/top10_suggestions_2025-12-20_0902.md
[2025-12-23 07:09:06] ⚠️ Placeholder detected: /home/rafa1215/consensus-project/memory/logs/system/agent_summaries/top10_brainstorm_2025-12-19_0902.md
[2025-12-23 07:09:06] ⚠️ Placeholder detected: /home/rafa1215/consensus-project/memory/logs/system/agent_summaries/top10_suggestions_2025-12-18_0902.md
[2025-12-23 07:09:06] ⚠️ Placeholder detected: /home/rafa1215/consensus-project/memory/logs/system/agent_summaries/top10_optimization_2025-12-17_0902.md
[2025-12-23 07:09:06] ⚠️ Placeholder detected: /home/rafa1215/consensus-project/memory/logs/system/agent_summaries/top10_optimization_2025-12-13_0902.md
[2025-12-23 07:09:06] ⚠️ Placeholder detected: /home/rafa1215/consensus-project/memory/logs/system/agent_summaries/top10_optimization_2025-12-14_0902.md
[2025-12-23 07:09:06] ⚠️ Placeholder detected: /home/rafa1215/consensus-project/memory/logs/system/agent_summaries/top10_brainstorm_2025-12-23_0902.md
[2025-12-23 07:09:06] ⚠️ Placeholder detected: /home/rafa1215/consensus-project/memory/logs/system/agent_summaries/top10_brainstorm_2025-12-20_0902.md
[2025-12-23 07:09:06] ⚠️ Placeholder detected: /home/rafa1215/consensus-project/memory/logs/system/agent_summaries/top10_brainstorm_2025-12-15_0902.md
[2025-12-23 07:09:06] ⚠️ Placeholder detected: /home/rafa1215/consensus-project/memory/logs/system/agent_summaries/top10_suggestions_2025-12-23_0902.md
[2025-12-23 07:09:06] ⚠️ Placeholder detected: /home/rafa1215/consensus-project/memory/logs/system/agent_summaries/top10_brainstorm_2025-12-21_0902.md
[2025-12-23 07:09:06] ⚠️ Placeholder detected: /home/rafa1215/consensus-project/memory/logs/system/agent_summaries/top10_brainstorm_2025-12-18_0902.md
[2025-12-23 07:09:06] ⚠️ Placeholder detected: /home/rafa1215/consensus-project/memory/logs/system/agent_summaries/top10_optimization_2025-12-16_0902.md
[2025-12-23 07:09:06] ⚠️ Placeholder detected: /home/rafa1215/consensus-project/memory/logs/system/agent_summaries/top10_brainstorm_2025-12-13_0902.md
[2025-12-23 07:09:06] ⚠️ Placeholder detected: /home/rafa1215/consensus-project/memory/logs/system/agent_summaries/top10_suggestions_2025-12-14_0902.md
[2025-12-23 07:09:06] ⚠️ Placeholder detected: /home/rafa1215/consensus-project/memory/logs/system/agent_summaries/top10_optimization_2025-12-15_0902.md
[2025-12-23 07:09:06] ⚠️ Placeholder detected: /home/rafa1215/consensus-project/memory/logs/system/agent_summaries/top10_brainstorm_2025-12-16_0902.md
[2025-12-23 07:09:06] ⚠️ Placeholder detected: /home/rafa1215/consensus-project/memory/logs/system/agent_summaries/top10_brainstorm_2025-12-14_0902.md
[2025-12-23 07:09:06] ⚠️ Placeholder detected: /home/rafa1215/consensus-project/memory/logs/system/agent_summaries/top10_optimization_2025-12-22_0902.md
[2025-12-23 07:09:06] ⚠️ Placeholder detected: /home/rafa1215/consensus-project/memory/logs/system/agent_summaries/top10_suggestions_2025-12-16_0902.md
[2025-12-23 07:09:06] ⚠️ Placeholder detected: /home/rafa1215/consensus-project/memory/logs/system/agent_summaries/top10_suggestions_2025-12-15_0902.md
[2025-12-23 07:09:06] ⚠️ Placeholder detected: /home/rafa1215/consensus-project/memory/logs/system/agent_summaries/top10_brainstorm_2025-12-22_0902.md
[2025-12-23 07:09:07] ⚠️ Placeholder detected: /home/rafa1215/consensus-project/memory/logs/system/agent_summaries/top10_optimization_2025-12-23_0902.md
[2025-12-23 07:09:07] ⚠️ Placeholder detected: /home/rafa1215/consensus-project/memory/logs/system/agent_summaries/top10_brainstorm_2025-12-17_0902.md
[2025-12-23 07:09:07] ⚠️ Placeholder detected: /home/rafa1215/consensus-project/memory/logs/system/agent_summaries/top10_optimization_2025-12-20_0902.md
[2025-12-23 07:09:07] ⚠️ Placeholder detected: /home/rafa1215/consensus-project/memory/logs/system/agent_summaries/top10_optimization_2025-12-21_0902.md
[2025-12-23 07:09:07] ♻️  Placeholder or missing Top-10 detected — regenerating...
[2025-12-23 07:09:09] ⚠️  Missing or outdated daily summaries detected — regenerating.
[2025-12-23 07:09:09] ✅ Generated summaries for 2025-12-20
[2025-12-23 07:09:09] ✅ Generated summaries for 2025-12-21
[2025-12-23 07:09:09] ✅ Generated summaries for 2025-12-22
[2025-12-23 07:09:09] ✅ Generated summaries for 2025-12-23
[2025-12-23 07:09:09] ✅ Summary generation complete (4 day(s))
[2025-12-23 07:09:09] ✅ Updated Top-10 digest index.
[2025-12-23 07:09:09] 📦 Archived 0 Top-10 files older than 7 days.
[2025-12-23 07:09:09] ✅ Auto-Repair Suite completed successfully.
[2025-12-23 07:10:45] ✅ Generated summaries for 2025-12-23
[2025-12-23 07:10:45] ✅ Summary generation complete (1 day(s))
[2025-12-23 07:10:46] ✅ Generated summaries for 2025-12-23
[2025-12-23 07:10:46] ✅ Summary generation complete (1 day(s))
[2025-12-23 07:12:52] ⚠️ Placeholder detected: /home/rafa1215/consensus-project/memory/logs/system/agent_summaries/top10_optimization_2025-12-19_0902.md
[2025-12-23 07:12:52] ⚠️ Placeholder detected: /home/rafa1215/consensus-project/memory/logs/system/agent_summaries/top10_suggestions_2025-12-19_0902.md
[2025-12-23 07:12:52] ⚠️ Placeholder detected: /home/rafa1215/consensus-project/memory/logs/system/agent_summaries/top10_suggestions_2025-12-17_0902.md
[2025-12-23 07:12:52] ⚠️ Placeholder detected: /home/rafa1215/consensus-project/memory/logs/system/agent_summaries/top10_suggestions_2025-12-13_0902.md
[2025-12-23 07:12:52] ⚠️ Placeholder detected: /home/rafa1215/consensus-project/memory/logs/system/agent_summaries/top10_optimization_2025-12-18_0902.md
[2025-12-23 07:12:52] ⚠️ Placeholder detected: /home/rafa1215/consensus-project/memory/logs/system/agent_summaries/top10_suggestions_2025-12-20_0902.md
[2025-12-23 07:12:52] ⚠️ Placeholder detected: /home/rafa1215/consensus-project/memory/logs/system/agent_summaries/top10_brainstorm_2025-12-19_0902.md
[2025-12-23 07:12:52] ⚠️ Placeholder detected: /home/rafa1215/consensus-project/memory/logs/system/agent_summaries/top10_suggestions_2025-12-18_0902.md
[2025-12-23 07:12:52] ⚠️ Placeholder detected: /home/rafa1215/consensus-project/memory/logs/system/agent_summaries/top10_optimization_2025-12-17_0902.md
[2025-12-23 07:12:52] ⚠️ Placeholder detected: /home/rafa1215/consensus-project/memory/logs/system/agent_summaries/top10_optimization_2025-12-13_0902.md
[2025-12-23 07:12:52] ⚠️ Placeholder detected: /home/rafa1215/consensus-project/memory/logs/system/agent_summaries/top10_optimization_2025-12-14_0902.md
[2025-12-23 07:12:52] ⚠️ Placeholder detected: /home/rafa1215/consensus-project/memory/logs/system/agent_summaries/top10_brainstorm_2025-12-23_0902.md
[2025-12-23 07:12:52] ⚠️ Placeholder detected: /home/rafa1215/consensus-project/memory/logs/system/agent_summaries/top10_brainstorm_2025-12-20_0902.md
[2025-12-23 07:12:52] ⚠️ Placeholder detected: /home/rafa1215/consensus-project/memory/logs/system/agent_summaries/top10_brainstorm_2025-12-15_0902.md
[2025-12-23 07:12:52] ⚠️ Placeholder detected: /home/rafa1215/consensus-project/memory/logs/system/agent_summaries/top10_suggestions_2025-12-23_0902.md
[2025-12-23 07:12:52] ⚠️ Placeholder detected: /home/rafa1215/consensus-project/memory/logs/system/agent_summaries/top10_brainstorm_2025-12-18_0902.md
[2025-12-23 07:12:52] ⚠️ Placeholder detected: /home/rafa1215/consensus-project/memory/logs/system/agent_summaries/top10_optimization_2025-12-16_0902.md
[2025-12-23 07:12:52] ⚠️ Placeholder detected: /home/rafa1215/consensus-project/memory/logs/system/agent_summaries/top10_brainstorm_2025-12-13_0902.md
[2025-12-23 07:12:52] ⚠️ Placeholder detected: /home/rafa1215/consensus-project/memory/logs/system/agent_summaries/top10_suggestions_2025-12-14_0902.md
[2025-12-23 07:12:52] ⚠️ Placeholder detected: /home/rafa1215/consensus-project/memory/logs/system/agent_summaries/top10_optimization_2025-12-15_0902.md
[2025-12-23 07:12:52] ⚠️ Placeholder detected: /home/rafa1215/consensus-project/memory/logs/system/agent_summaries/top10_brainstorm_2025-12-16_0902.md
[2025-12-23 07:12:52] ⚠️ Placeholder detected: /home/rafa1215/consensus-project/memory/logs/system/agent_summaries/top10_brainstorm_2025-12-14_0902.md
[2025-12-23 07:12:52] ⚠️ Placeholder detected: /home/rafa1215/consensus-project/memory/logs/system/agent_summaries/top10_suggestions_2025-12-16_0902.md
[2025-12-23 07:12:52] ⚠️ Placeholder detected: /home/rafa1215/consensus-project/memory/logs/system/agent_summaries/top10_suggestions_2025-12-15_0902.md
[2025-12-23 07:12:52] ⚠️ Placeholder detected: /home/rafa1215/consensus-project/memory/logs/system/agent_summaries/top10_optimization_2025-12-23_0902.md
[2025-12-23 07:12:52] ⚠️ Placeholder detected: /home/rafa1215/consensus-project/memory/logs/system/agent_summaries/top10_brainstorm_2025-12-17_0902.md
[2025-12-23 07:12:52] ⚠️ Placeholder detected: /home/rafa1215/consensus-project/memory/logs/system/agent_summaries/top10_optimization_2025-12-20_0902.md
[2025-12-23 07:12:52] ♻️  Placeholder or missing Top-10 detected — regenerating...
[2025-12-23 07:12:53] ⚠️ Placeholder detected: /home/rafa1215/consensus-project/memory/logs/system/agent_summaries/top10_optimization_2025-12-19_0902.md
[2025-12-23 07:12:53] ⚠️ Placeholder detected: /home/rafa1215/consensus-project/memory/logs/system/agent_summaries/top10_suggestions_2025-12-19_0902.md
[2025-12-23 07:12:53] ⚠️ Placeholder detected: /home/rafa1215/consensus-project/memory/logs/system/agent_summaries/top10_suggestions_2025-12-17_0902.md
[2025-12-23 07:12:53] ⚠️ Placeholder detected: /home/rafa1215/consensus-project/memory/logs/system/agent_summaries/top10_suggestions_2025-12-13_0902.md
[2025-12-23 07:12:53] ⚠️ Placeholder detected: /home/rafa1215/consensus-project/memory/logs/system/agent_summaries/top10_optimization_2025-12-18_0902.md
[2025-12-23 07:12:53] ⚠️ Placeholder detected: /home/rafa1215/consensus-project/memory/logs/system/agent_summaries/top10_suggestions_2025-12-20_0902.md
[2025-12-23 07:12:53] ⚠️ Placeholder detected: /home/rafa1215/consensus-project/memory/logs/system/agent_summaries/top10_brainstorm_2025-12-19_0902.md
[2025-12-23 07:12:53] ⚠️ Placeholder detected: /home/rafa1215/consensus-project/memory/logs/system/agent_summaries/top10_suggestions_2025-12-18_0902.md
[2025-12-23 07:12:53] ⚠️ Placeholder detected: /home/rafa1215/consensus-project/memory/logs/system/agent_summaries/top10_optimization_2025-12-17_0902.md
[2025-12-23 07:12:53] ⚠️ Placeholder detected: /home/rafa1215/consensus-project/memory/logs/system/agent_summaries/top10_optimization_2025-12-13_0902.md
[2025-12-23 07:12:53] ⚠️ Placeholder detected: /home/rafa1215/consensus-project/memory/logs/system/agent_summaries/top10_optimization_2025-12-14_0902.md
[2025-12-23 07:12:53] ⚠️ Placeholder detected: /home/rafa1215/consensus-project/memory/logs/system/agent_summaries/top10_brainstorm_2025-12-20_0902.md
[2025-12-23 07:12:53] ⚠️ Placeholder detected: /home/rafa1215/consensus-project/memory/logs/system/agent_summaries/top10_brainstorm_2025-12-15_0902.md
[2025-12-23 07:12:53] ⚠️ Placeholder detected: /home/rafa1215/consensus-project/memory/logs/system/agent_summaries/top10_brainstorm_2025-12-18_0902.md
[2025-12-23 07:12:53] ⚠️ Placeholder detected: /home/rafa1215/consensus-project/memory/logs/system/agent_summaries/top10_optimization_2025-12-16_0902.md
[2025-12-23 07:12:53] ⚠️ Placeholder detected: /home/rafa1215/consensus-project/memory/logs/system/agent_summaries/top10_brainstorm_2025-12-13_0902.md
[2025-12-23 07:12:53] ⚠️ Placeholder detected: /home/rafa1215/consensus-project/memory/logs/system/agent_summaries/top10_suggestions_2025-12-14_0902.md
[2025-12-23 07:12:53] ⚠️ Placeholder detected: /home/rafa1215/consensus-project/memory/logs/system/agent_summaries/top10_optimization_2025-12-15_0902.md
[2025-12-23 07:12:53] ⚠️ Placeholder detected: /home/rafa1215/consensus-project/memory/logs/system/agent_summaries/top10_brainstorm_2025-12-16_0902.md
[2025-12-23 07:12:53] ⚠️ Placeholder detected: /home/rafa1215/consensus-project/memory/logs/system/agent_summaries/top10_brainstorm_2025-12-14_0902.md
[2025-12-23 07:12:53] ⚠️ Placeholder detected: /home/rafa1215/consensus-project/memory/logs/system/agent_summaries/top10_suggestions_2025-12-16_0902.md
[2025-12-23 07:12:53] ⚠️ Placeholder detected: /home/rafa1215/consensus-project/memory/logs/system/agent_summaries/top10_suggestions_2025-12-15_0902.md
[2025-12-23 07:12:53] ⚠️ Placeholder detected: /home/rafa1215/consensus-project/memory/logs/system/agent_summaries/top10_brainstorm_2025-12-17_0902.md
[2025-12-23 07:12:53] ⚠️ Placeholder detected: /home/rafa1215/consensus-project/memory/logs/system/agent_summaries/top10_optimization_2025-12-20_0902.md
[2025-12-23 07:12:53] ♻️  Placeholder or missing Top-10 detected — regenerating...
[2025-12-24 07:06:45] ⚠️  Missing or outdated daily summaries detected — regenerating.
[2025-12-24 07:06:45] ✅ Generated summaries for 2025-12-21
[2025-12-24 07:06:46] ✅ Generated summaries for 2025-12-22
[2025-12-24 07:06:46] ✅ Generated summaries for 2025-12-23
[2025-12-24 07:06:46] ✅ Generated summaries for 2025-12-24
[2025-12-24 07:06:46] ✅ Summary generation complete (4 day(s))
[2025-12-24 07:06:46] ⚠️  Missing or outdated daily summaries detected — regenerating.
[2025-12-24 07:06:46] ✅ Generated summaries for 2025-12-21
[2025-12-24 07:06:46] ✅ Generated summaries for 2025-12-22
[2025-12-24 07:06:46] ✅ Generated summaries for 2025-12-23
[2025-12-24 07:06:46] ✅ Generated summaries for 2025-12-24
[2025-12-24 07:06:46] ✅ Summary generation complete (4 day(s))
[2025-12-24 07:08:16] 🔍 Running system file auditor...
[2025-12-24 07:08:21] 🔍 Running system file auditor...
[2025-12-24 07:09:21] 🚀 Auto-Repair Suite started.
[2025-12-24 07:09:22] ⚠️ Placeholder detected: /home/rafa1215/consensus-project/memory/logs/system/agent_summaries/top10_suggestions_2025-12-22_0902.md
[2025-12-24 07:09:22] ⚠️ Placeholder detected: /home/rafa1215/consensus-project/memory/logs/system/agent_summaries/top10_optimization_2025-12-19_0902.md
[2025-12-24 07:09:22] ⚠️ Placeholder detected: /home/rafa1215/consensus-project/memory/logs/system/agent_summaries/top10_suggestions_2025-12-21_0902.md
[2025-12-24 07:09:22] ⚠️ Placeholder detected: /home/rafa1215/consensus-project/memory/logs/system/agent_summaries/top10_suggestions_2025-12-19_0902.md
[2025-12-24 07:09:22] ⚠️ Placeholder detected: /home/rafa1215/consensus-project/memory/logs/system/agent_summaries/top10_suggestions_2025-12-17_0902.md
[2025-12-24 07:09:22] ⚠️ Placeholder detected: /home/rafa1215/consensus-project/memory/logs/system/agent_summaries/top10_suggestions_2025-12-13_0902.md
[2025-12-24 07:09:22] ⚠️ Placeholder detected: /home/rafa1215/consensus-project/memory/logs/system/agent_summaries/top10_optimization_2025-12-18_0902.md
[2025-12-24 07:09:22] ⚠️ Placeholder detected: /home/rafa1215/consensus-project/memory/logs/system/agent_summaries/top10_suggestions_2025-12-20_0902.md
[2025-12-24 07:09:22] ⚠️ Placeholder detected: /home/rafa1215/consensus-project/memory/logs/system/agent_summaries/top10_brainstorm_2025-12-19_0902.md
[2025-12-24 07:09:22] ⚠️ Placeholder detected: /home/rafa1215/consensus-project/memory/logs/system/agent_summaries/top10_suggestions_2025-12-18_0902.md
[2025-12-24 07:09:22] ⚠️ Placeholder detected: /home/rafa1215/consensus-project/memory/logs/system/agent_summaries/top10_optimization_2025-12-17_0902.md
[2025-12-24 07:09:22] ⚠️ Placeholder detected: /home/rafa1215/consensus-project/memory/logs/system/agent_summaries/top10_optimization_2025-12-13_0902.md
[2025-12-24 07:09:22] ⚠️ Placeholder detected: /home/rafa1215/consensus-project/memory/logs/system/agent_summaries/top10_optimization_2025-12-14_0902.md
[2025-12-24 07:09:22] ⚠️ Placeholder detected: /home/rafa1215/consensus-project/memory/logs/system/agent_summaries/top10_brainstorm_2025-12-23_0902.md
[2025-12-24 07:09:22] ⚠️ Placeholder detected: /home/rafa1215/consensus-project/memory/logs/system/agent_summaries/top10_brainstorm_2025-12-20_0902.md
[2025-12-24 07:09:22] ⚠️ Placeholder detected: /home/rafa1215/consensus-project/memory/logs/system/agent_summaries/top10_brainstorm_2025-12-15_0902.md
[2025-12-24 07:09:22] ⚠️ Placeholder detected: /home/rafa1215/consensus-project/memory/logs/system/agent_summaries/top10_suggestions_2025-12-23_0902.md
[2025-12-24 07:09:22] ⚠️ Placeholder detected: /home/rafa1215/consensus-project/memory/logs/system/agent_summaries/top10_brainstorm_2025-12-21_0902.md
[2025-12-24 07:09:22] ⚠️ Placeholder detected: /home/rafa1215/consensus-project/memory/logs/system/agent_summaries/top10_brainstorm_2025-12-18_0902.md
[2025-12-24 07:09:22] ⚠️ Placeholder detected: /home/rafa1215/consensus-project/memory/logs/system/agent_summaries/top10_suggestions_2025-12-24_0902.md
[2025-12-24 07:09:22] ⚠️ Placeholder detected: /home/rafa1215/consensus-project/memory/logs/system/agent_summaries/top10_optimization_2025-12-16_0902.md
[2025-12-24 07:09:22] ⚠️ Placeholder detected: /home/rafa1215/consensus-project/memory/logs/system/agent_summaries/top10_brainstorm_2025-12-13_0902.md
[2025-12-24 07:09:22] ⚠️ Placeholder detected: /home/rafa1215/consensus-project/memory/logs/system/agent_summaries/top10_optimization_2025-12-24_0902.md
[2025-12-24 07:09:22] ⚠️ Placeholder detected: /home/rafa1215/consensus-project/memory/logs/system/agent_summaries/top10_suggestions_2025-12-14_0902.md
[2025-12-24 07:09:22] ⚠️ Placeholder detected: /home/rafa1215/consensus-project/memory/logs/system/agent_summaries/top10_optimization_2025-12-15_0902.md
[2025-12-24 07:09:22] ⚠️ Placeholder detected: /home/rafa1215/consensus-project/memory/logs/system/agent_summaries/top10_brainstorm_2025-12-16_0902.md
[2025-12-24 07:09:22] ⚠️ Placeholder detected: /home/rafa1215/consensus-project/memory/logs/system/agent_summaries/top10_brainstorm_2025-12-14_0902.md
[2025-12-24 07:09:22] ⚠️ Placeholder detected: /home/rafa1215/consensus-project/memory/logs/system/agent_summaries/top10_optimization_2025-12-22_0902.md
[2025-12-24 07:09:22] ⚠️ Placeholder detected: /home/rafa1215/consensus-project/memory/logs/system/agent_summaries/top10_suggestions_2025-12-16_0902.md
[2025-12-24 07:09:22] ⚠️ Placeholder detected: /home/rafa1215/consensus-project/memory/logs/system/agent_summaries/top10_suggestions_2025-12-15_0902.md
[2025-12-24 07:09:22] ⚠️ Placeholder detected: /home/rafa1215/consensus-project/memory/logs/system/agent_summaries/top10_brainstorm_2025-12-22_0902.md
[2025-12-24 07:09:22] ⚠️ Placeholder detected: /home/rafa1215/consensus-project/memory/logs/system/agent_summaries/top10_optimization_2025-12-23_0902.md
[2025-12-24 07:09:22] ⚠️ Placeholder detected: /home/rafa1215/consensus-project/memory/logs/system/agent_summaries/top10_brainstorm_2025-12-17_0902.md
[2025-12-24 07:09:22] ⚠️ Placeholder detected: /home/rafa1215/consensus-project/memory/logs/system/agent_summaries/top10_optimization_2025-12-20_0902.md
[2025-12-24 07:09:22] ⚠️ Placeholder detected: /home/rafa1215/consensus-project/memory/logs/system/agent_summaries/top10_optimization_2025-12-21_0902.md
[2025-12-24 07:09:22] ⚠️ Placeholder detected: /home/rafa1215/consensus-project/memory/logs/system/agent_summaries/top10_brainstorm_2025-12-24_0902.md
[2025-12-24 07:09:22] ♻️  Placeholder or missing Top-10 detected — regenerating...
[2025-12-24 07:09:24] ⚠️  Missing or outdated daily summaries detected — regenerating.
[2025-12-24 07:09:24] ✅ Generated summaries for 2025-12-21
[2025-12-24 07:09:24] ✅ Generated summaries for 2025-12-22
[2025-12-24 07:09:24] ✅ Generated summaries for 2025-12-23
[2025-12-24 07:09:24] ✅ Generated summaries for 2025-12-24
[2025-12-24 07:09:24] ✅ Summary generation complete (4 day(s))
[2025-12-24 07:09:24] ✅ Updated Top-10 digest index.
[2025-12-24 07:09:24] 📦 Archived 15 Top-10 files older than 7 days.
[2025-12-24 07:09:24] ✅ Auto-Repair Suite completed successfully.
[2025-12-24 07:09:24] 🚀 Auto-Repair Suite started.
[2025-12-24 07:09:24] ⚠️ Placeholder detected: /home/rafa1215/consensus-project/memory/logs/system/agent_summaries/top10_suggestions_2025-12-22_0902.md
[2025-12-24 07:09:24] ⚠️ Placeholder detected: /home/rafa1215/consensus-project/memory/logs/system/agent_summaries/top10_optimization_2025-12-19_0902.md
[2025-12-24 07:09:24] ⚠️ Placeholder detected: /home/rafa1215/consensus-project/memory/logs/system/agent_summaries/top10_suggestions_2025-12-21_0902.md
[2025-12-24 07:09:24] ⚠️ Placeholder detected: /home/rafa1215/consensus-project/memory/logs/system/agent_summaries/top10_suggestions_2025-12-19_0902.md
[2025-12-24 07:09:24] ⚠️ Placeholder detected: /home/rafa1215/consensus-project/memory/logs/system/agent_summaries/top10_suggestions_2025-12-17_0902.md
[2025-12-24 07:09:24] ⚠️ Placeholder detected: /home/rafa1215/consensus-project/memory/logs/system/agent_summaries/top10_optimization_2025-12-18_0902.md
[2025-12-24 07:09:24] ⚠️ Placeholder detected: /home/rafa1215/consensus-project/memory/logs/system/agent_summaries/top10_suggestions_2025-12-20_0902.md
[2025-12-24 07:09:24] ⚠️ Placeholder detected: /home/rafa1215/consensus-project/memory/logs/system/agent_summaries/top10_brainstorm_2025-12-19_0902.md
[2025-12-24 07:09:24] ⚠️ Placeholder detected: /home/rafa1215/consensus-project/memory/logs/system/agent_summaries/top10_suggestions_2025-12-18_0902.md
[2025-12-24 07:09:24] ⚠️ Placeholder detected: /home/rafa1215/consensus-project/memory/logs/system/agent_summaries/top10_optimization_2025-12-17_0902.md
[2025-12-24 07:09:24] ⚠️ Placeholder detected: /home/rafa1215/consensus-project/memory/logs/system/agent_summaries/top10_optimization_2025-12-14_0902.md
[2025-12-24 07:09:24] ⚠️ Placeholder detected: /home/rafa1215/consensus-project/memory/logs/system/agent_summaries/top10_brainstorm_2025-12-23_0902.md
[2025-12-24 07:09:24] ⚠️ Placeholder detected: /home/rafa1215/consensus-project/memory/logs/system/agent_summaries/top10_brainstorm_2025-12-20_0902.md
[2025-12-24 07:09:24] ⚠️ Placeholder detected: /home/rafa1215/consensus-project/memory/logs/system/agent_summaries/top10_brainstorm_2025-12-15_0902.md
[2025-12-24 07:09:24] ⚠️ Placeholder detected: /home/rafa1215/consensus-project/memory/logs/system/agent_summaries/top10_suggestions_2025-12-23_0902.md
[2025-12-24 07:09:24] ⚠️ Placeholder detected: /home/rafa1215/consensus-project/memory/logs/system/agent_summaries/top10_brainstorm_2025-12-21_0902.md
[2025-12-24 07:09:24] ⚠️ Placeholder detected: /home/rafa1215/consensus-project/memory/logs/system/agent_summaries/top10_brainstorm_2025-12-18_0902.md
[2025-12-24 07:09:24] ⚠️ Placeholder detected: /home/rafa1215/consensus-project/memory/logs/system/agent_summaries/top10_suggestions_2025-12-24_0902.md
[2025-12-24 07:09:24] ⚠️ Placeholder detected: /home/rafa1215/consensus-project/memory/logs/system/agent_summaries/top10_optimization_2025-12-16_0902.md
[2025-12-24 07:09:24] ⚠️ Placeholder detected: /home/rafa1215/consensus-project/memory/logs/system/agent_summaries/top10_optimization_2025-12-24_0902.md
[2025-12-24 07:09:24] ⚠️ Placeholder detected: /home/rafa1215/consensus-project/memory/logs/system/agent_summaries/top10_suggestions_2025-12-14_0902.md
[2025-12-24 07:09:24] ⚠️ Placeholder detected: /home/rafa1215/consensus-project/memory/logs/system/agent_summaries/top10_optimization_2025-12-15_0902.md
[2025-12-24 07:09:24] ⚠️ Placeholder detected: /home/rafa1215/consensus-project/memory/logs/system/agent_summaries/top10_brainstorm_2025-12-16_0902.md
[2025-12-24 07:09:24] ⚠️ Placeholder detected: /home/rafa1215/consensus-project/memory/logs/system/agent_summaries/top10_brainstorm_2025-12-14_0902.md
[2025-12-24 07:09:24] ⚠️ Placeholder detected: /home/rafa1215/consensus-project/memory/logs/system/agent_summaries/top10_optimization_2025-12-22_0902.md
[2025-12-24 07:09:24] ⚠️ Placeholder detected: /home/rafa1215/consensus-project/memory/logs/system/agent_summaries/top10_suggestions_2025-12-16_0902.md
[2025-12-24 07:09:24] ⚠️ Placeholder detected: /home/rafa1215/consensus-project/memory/logs/system/agent_summaries/top10_suggestions_2025-12-15_0902.md
[2025-12-24 07:09:24] ⚠️ Placeholder detected: /home/rafa1215/consensus-project/memory/logs/system/agent_summaries/top10_brainstorm_2025-12-22_0902.md
[2025-12-24 07:09:24] ⚠️ Placeholder detected: /home/rafa1215/consensus-project/memory/logs/system/agent_summaries/top10_optimization_2025-12-23_0902.md
[2025-12-24 07:09:24] ⚠️ Placeholder detected: /home/rafa1215/consensus-project/memory/logs/system/agent_summaries/top10_brainstorm_2025-12-17_0902.md
[2025-12-24 07:09:24] ⚠️ Placeholder detected: /home/rafa1215/consensus-project/memory/logs/system/agent_summaries/top10_optimization_2025-12-20_0902.md
[2025-12-24 07:09:24] ⚠️ Placeholder detected: /home/rafa1215/consensus-project/memory/logs/system/agent_summaries/top10_optimization_2025-12-21_0902.md
[2025-12-24 07:09:24] ⚠️ Placeholder detected: /home/rafa1215/consensus-project/memory/logs/system/agent_summaries/top10_brainstorm_2025-12-24_0902.md
[2025-12-24 07:09:24] ♻️  Placeholder or missing Top-10 detected — regenerating...
[2025-12-24 07:09:26] ⚠️  Missing or outdated daily summaries detected — regenerating.
[2025-12-24 07:09:26] ✅ Generated summaries for 2025-12-21
[2025-12-24 07:09:26] ✅ Generated summaries for 2025-12-22
[2025-12-24 07:09:26] ✅ Generated summaries for 2025-12-23
[2025-12-24 07:09:26] ✅ Generated summaries for 2025-12-24
[2025-12-24 07:09:26] ✅ Summary generation complete (4 day(s))
[2025-12-24 07:09:26] ✅ Updated Top-10 digest index.
[2025-12-24 07:09:26] 📦 Archived 0 Top-10 files older than 7 days.
[2025-12-24 07:09:26] ✅ Auto-Repair Suite completed successfully.
[2025-12-24 07:11:09] ✅ Generated summaries for 2025-12-24
[2025-12-24 07:11:09] ✅ Summary generation complete (1 day(s))
[2025-12-24 07:11:10] ✅ Generated summaries for 2025-12-24
[2025-12-24 07:11:10] ✅ Summary generation complete (1 day(s))
[2025-12-24 07:13:14] ⚠️ Placeholder detected: /home/rafa1215/consensus-project/memory/logs/system/agent_summaries/top10_suggestions_2025-12-22_0902.md
[2025-12-24 07:13:14] ⚠️ Placeholder detected: /home/rafa1215/consensus-project/memory/logs/system/agent_summaries/top10_optimization_2025-12-19_0902.md
[2025-12-24 07:13:14] ⚠️ Placeholder detected: /home/rafa1215/consensus-project/memory/logs/system/agent_summaries/top10_suggestions_2025-12-21_0902.md
[2025-12-24 07:13:14] ⚠️ Placeholder detected: /home/rafa1215/consensus-project/memory/logs/system/agent_summaries/top10_suggestions_2025-12-19_0902.md
[2025-12-24 07:13:14] ⚠️ Placeholder detected: /home/rafa1215/consensus-project/memory/logs/system/agent_summaries/top10_suggestions_2025-12-17_0902.md
[2025-12-24 07:13:14] ⚠️ Placeholder detected: /home/rafa1215/consensus-project/memory/logs/system/agent_summaries/top10_optimization_2025-12-18_0902.md
[2025-12-24 07:13:14] ⚠️ Placeholder detected: /home/rafa1215/consensus-project/memory/logs/system/agent_summaries/top10_suggestions_2025-12-20_0902.md
[2025-12-24 07:13:14] ⚠️ Placeholder detected: /home/rafa1215/consensus-project/memory/logs/system/agent_summaries/top10_brainstorm_2025-12-19_0902.md
[2025-12-24 07:13:14] ⚠️ Placeholder detected: /home/rafa1215/consensus-project/memory/logs/system/agent_summaries/top10_suggestions_2025-12-18_0902.md
[2025-12-24 07:13:14] ⚠️ Placeholder detected: /home/rafa1215/consensus-project/memory/logs/system/agent_summaries/top10_optimization_2025-12-17_0902.md
[2025-12-24 07:13:14] ⚠️ Placeholder detected: /home/rafa1215/consensus-project/memory/logs/system/agent_summaries/top10_optimization_2025-12-14_0902.md
[2025-12-24 07:13:14] ⚠️ Placeholder detected: /home/rafa1215/consensus-project/memory/logs/system/agent_summaries/top10_brainstorm_2025-12-20_0902.md
[2025-12-24 07:13:14] ⚠️ Placeholder detected: /home/rafa1215/consensus-project/memory/logs/system/agent_summaries/top10_brainstorm_2025-12-15_0902.md
[2025-12-24 07:13:14] ⚠️ Placeholder detected: /home/rafa1215/consensus-project/memory/logs/system/agent_summaries/top10_brainstorm_2025-12-21_0902.md
[2025-12-24 07:13:14] ⚠️ Placeholder detected: /home/rafa1215/consensus-project/memory/logs/system/agent_summaries/top10_brainstorm_2025-12-18_0902.md
[2025-12-24 07:13:14] ⚠️ Placeholder detected: /home/rafa1215/consensus-project/memory/logs/system/agent_summaries/top10_suggestions_2025-12-24_0902.md
[2025-12-24 07:13:14] ⚠️ Placeholder detected: /home/rafa1215/consensus-project/memory/logs/system/agent_summaries/top10_optimization_2025-12-16_0902.md
[2025-12-24 07:13:14] ⚠️ Placeholder detected: /home/rafa1215/consensus-project/memory/logs/system/agent_summaries/top10_optimization_2025-12-24_0902.md
[2025-12-24 07:13:14] ⚠️ Placeholder detected: /home/rafa1215/consensus-project/memory/logs/system/agent_summaries/top10_suggestions_2025-12-14_0902.md
[2025-12-24 07:13:14] ⚠️ Placeholder detected: /home/rafa1215/consensus-project/memory/logs/system/agent_summaries/top10_optimization_2025-12-15_0902.md
[2025-12-24 07:13:14] ⚠️ Placeholder detected: /home/rafa1215/consensus-project/memory/logs/system/agent_summaries/top10_brainstorm_2025-12-16_0902.md
[2025-12-24 07:13:14] ⚠️ Placeholder detected: /home/rafa1215/consensus-project/memory/logs/system/agent_summaries/top10_brainstorm_2025-12-14_0902.md
[2025-12-24 07:13:14] ⚠️ Placeholder detected: /home/rafa1215/consensus-project/memory/logs/system/agent_summaries/top10_optimization_2025-12-22_0902.md
[2025-12-24 07:13:14] ⚠️ Placeholder detected: /home/rafa1215/consensus-project/memory/logs/system/agent_summaries/top10_suggestions_2025-12-16_0902.md
[2025-12-24 07:13:14] ⚠️ Placeholder detected: /home/rafa1215/consensus-project/memory/logs/system/agent_summaries/top10_suggestions_2025-12-15_0902.md
[2025-12-24 07:13:14] ⚠️ Placeholder detected: /home/rafa1215/consensus-project/memory/logs/system/agent_summaries/top10_brainstorm_2025-12-22_0902.md
[2025-12-24 07:13:14] ⚠️ Placeholder detected: /home/rafa1215/consensus-project/memory/logs/system/agent_summaries/top10_brainstorm_2025-12-17_0902.md
[2025-12-24 07:13:14] ⚠️ Placeholder detected: /home/rafa1215/consensus-project/memory/logs/system/agent_summaries/top10_optimization_2025-12-20_0902.md
[2025-12-24 07:13:14] ⚠️ Placeholder detected: /home/rafa1215/consensus-project/memory/logs/system/agent_summaries/top10_optimization_2025-12-21_0902.md
[2025-12-24 07:13:14] ⚠️ Placeholder detected: /home/rafa1215/consensus-project/memory/logs/system/agent_summaries/top10_brainstorm_2025-12-24_0902.md
[2025-12-24 07:13:14] ♻️  Placeholder or missing Top-10 detected — regenerating...
[2025-12-24 07:13:16] ⚠️ Placeholder detected: /home/rafa1215/consensus-project/memory/logs/system/agent_summaries/top10_optimization_2025-12-19_0902.md
[2025-12-24 07:13:16] ⚠️ Placeholder detected: /home/rafa1215/consensus-project/memory/logs/system/agent_summaries/top10_suggestions_2025-12-21_0902.md
[2025-12-24 07:13:16] ⚠️ Placeholder detected: /home/rafa1215/consensus-project/memory/logs/system/agent_summaries/top10_suggestions_2025-12-19_0902.md
[2025-12-24 07:13:16] ⚠️ Placeholder detected: /home/rafa1215/consensus-project/memory/logs/system/agent_summaries/top10_suggestions_2025-12-17_0902.md
[2025-12-24 07:13:16] ⚠️ Placeholder detected: /home/rafa1215/consensus-project/memory/logs/system/agent_summaries/top10_optimization_2025-12-18_0902.md
[2025-12-24 07:13:16] ⚠️ Placeholder detected: /home/rafa1215/consensus-project/memory/logs/system/agent_summaries/top10_suggestions_2025-12-20_0902.md
[2025-12-24 07:13:16] ⚠️ Placeholder detected: /home/rafa1215/consensus-project/memory/logs/system/agent_summaries/top10_brainstorm_2025-12-19_0902.md
[2025-12-24 07:13:16] ⚠️ Placeholder detected: /home/rafa1215/consensus-project/memory/logs/system/agent_summaries/top10_suggestions_2025-12-18_0902.md
[2025-12-24 07:13:16] ⚠️ Placeholder detected: /home/rafa1215/consensus-project/memory/logs/system/agent_summaries/top10_optimization_2025-12-17_0902.md
[2025-12-24 07:13:16] ⚠️ Placeholder detected: /home/rafa1215/consensus-project/memory/logs/system/agent_summaries/top10_optimization_2025-12-14_0902.md
[2025-12-24 07:13:16] ⚠️ Placeholder detected: /home/rafa1215/consensus-project/memory/logs/system/agent_summaries/top10_brainstorm_2025-12-20_0902.md
[2025-12-24 07:13:16] ⚠️ Placeholder detected: /home/rafa1215/consensus-project/memory/logs/system/agent_summaries/top10_brainstorm_2025-12-15_0902.md
[2025-12-24 07:13:16] ⚠️ Placeholder detected: /home/rafa1215/consensus-project/memory/logs/system/agent_summaries/top10_brainstorm_2025-12-21_0902.md
[2025-12-24 07:13:16] ⚠️ Placeholder detected: /home/rafa1215/consensus-project/memory/logs/system/agent_summaries/top10_brainstorm_2025-12-18_0902.md
[2025-12-24 07:13:16] ⚠️ Placeholder detected: /home/rafa1215/consensus-project/memory/logs/system/agent_summaries/top10_optimization_2025-12-16_0902.md
[2025-12-24 07:13:16] ⚠️ Placeholder detected: /home/rafa1215/consensus-project/memory/logs/system/agent_summaries/top10_suggestions_2025-12-14_0902.md
[2025-12-24 07:13:16] ⚠️ Placeholder detected: /home/rafa1215/consensus-project/memory/logs/system/agent_summaries/top10_optimization_2025-12-15_0902.md
[2025-12-24 07:13:16] ⚠️ Placeholder detected: /home/rafa1215/consensus-project/memory/logs/system/agent_summaries/top10_brainstorm_2025-12-16_0902.md
[2025-12-24 07:13:16] ⚠️ Placeholder detected: /home/rafa1215/consensus-project/memory/logs/system/agent_summaries/top10_brainstorm_2025-12-14_0902.md
[2025-12-24 07:13:16] ⚠️ Placeholder detected: /home/rafa1215/consensus-project/memory/logs/system/agent_summaries/top10_suggestions_2025-12-16_0902.md
[2025-12-24 07:13:16] ⚠️ Placeholder detected: /home/rafa1215/consensus-project/memory/logs/system/agent_summaries/top10_suggestions_2025-12-15_0902.md
[2025-12-24 07:13:16] ⚠️ Placeholder detected: /home/rafa1215/consensus-project/memory/logs/system/agent_summaries/top10_brainstorm_2025-12-17_0902.md
[2025-12-24 07:13:16] ⚠️ Placeholder detected: /home/rafa1215/consensus-project/memory/logs/system/agent_summaries/top10_optimization_2025-12-20_0902.md
[2025-12-24 07:13:16] ⚠️ Placeholder detected: /home/rafa1215/consensus-project/memory/logs/system/agent_summaries/top10_optimization_2025-12-21_0902.md
[2025-12-24 07:13:16] ♻️  Placeholder or missing Top-10 detected — regenerating...
[2025-12-25 07:07:02] ⚠️  Missing or outdated daily summaries detected — regenerating.
[2025-12-25 07:07:02] ✅ Generated summaries for 2025-12-22
[2025-12-25 07:07:02] ✅ Generated summaries for 2025-12-23
[2025-12-25 07:07:03] ✅ Generated summaries for 2025-12-24
[2025-12-25 07:07:03] ✅ Generated summaries for 2025-12-25
[2025-12-25 07:07:03] ✅ Summary generation complete (4 day(s))
[2025-12-25 07:07:03] ⚠️  Missing or outdated daily summaries detected — regenerating.
[2025-12-25 07:07:03] ✅ Generated summaries for 2025-12-22
[2025-12-25 07:07:03] ✅ Generated summaries for 2025-12-23
[2025-12-25 07:07:03] ✅ Generated summaries for 2025-12-24
[2025-12-25 07:07:03] ✅ Generated summaries for 2025-12-25
[2025-12-25 07:07:03] ✅ Summary generation complete (4 day(s))
[2025-12-25 07:08:38] 🔍 Running system file auditor...
[2025-12-25 07:08:43] 🔍 Running system file auditor...
[2025-12-25 07:09:45] 🚀 Auto-Repair Suite started.
[2025-12-25 07:09:45] ⚠️ Placeholder detected: /home/rafa1215/consensus-project/memory/logs/system/agent_summaries/top10_suggestions_2025-12-22_0902.md
[2025-12-25 07:09:45] ⚠️ Placeholder detected: /home/rafa1215/consensus-project/memory/logs/system/agent_summaries/top10_optimization_2025-12-19_0902.md
[2025-12-25 07:09:45] ⚠️ Placeholder detected: /home/rafa1215/consensus-project/memory/logs/system/agent_summaries/top10_suggestions_2025-12-21_0902.md
[2025-12-25 07:09:45] ⚠️ Placeholder detected: /home/rafa1215/consensus-project/memory/logs/system/agent_summaries/top10_suggestions_2025-12-19_0902.md
[2025-12-25 07:09:45] ⚠️ Placeholder detected: /home/rafa1215/consensus-project/memory/logs/system/agent_summaries/top10_suggestions_2025-12-17_0902.md
[2025-12-25 07:09:45] ⚠️ Placeholder detected: /home/rafa1215/consensus-project/memory/logs/system/agent_summaries/top10_optimization_2025-12-18_0902.md
[2025-12-25 07:09:45] ⚠️ Placeholder detected: /home/rafa1215/consensus-project/memory/logs/system/agent_summaries/top10_suggestions_2025-12-20_0902.md
[2025-12-25 07:09:45] ⚠️ Placeholder detected: /home/rafa1215/consensus-project/memory/logs/system/agent_summaries/top10_brainstorm_2025-12-25_0902.md
[2025-12-25 07:09:45] ⚠️ Placeholder detected: /home/rafa1215/consensus-project/memory/logs/system/agent_summaries/top10_suggestions_2025-12-25_0902.md
[2025-12-25 07:09:45] ⚠️ Placeholder detected: /home/rafa1215/consensus-project/memory/logs/system/agent_summaries/top10_brainstorm_2025-12-19_0902.md
[2025-12-25 07:09:45] ⚠️ Placeholder detected: /home/rafa1215/consensus-project/memory/logs/system/agent_summaries/top10_suggestions_2025-12-18_0902.md
[2025-12-25 07:09:45] ⚠️ Placeholder detected: /home/rafa1215/consensus-project/memory/logs/system/agent_summaries/top10_optimization_2025-12-17_0902.md
[2025-12-25 07:09:45] ⚠️ Placeholder detected: /home/rafa1215/consensus-project/memory/logs/system/agent_summaries/top10_optimization_2025-12-14_0902.md
[2025-12-25 07:09:45] ⚠️ Placeholder detected: /home/rafa1215/consensus-project/memory/logs/system/agent_summaries/top10_brainstorm_2025-12-23_0902.md
[2025-12-25 07:09:45] ⚠️ Placeholder detected: /home/rafa1215/consensus-project/memory/logs/system/agent_summaries/top10_brainstorm_2025-12-20_0902.md
[2025-12-25 07:09:45] ⚠️ Placeholder detected: /home/rafa1215/consensus-project/memory/logs/system/agent_summaries/top10_brainstorm_2025-12-15_0902.md
[2025-12-25 07:09:45] ⚠️ Placeholder detected: /home/rafa1215/consensus-project/memory/logs/system/agent_summaries/top10_suggestions_2025-12-23_0902.md
[2025-12-25 07:09:45] ⚠️ Placeholder detected: /home/rafa1215/consensus-project/memory/logs/system/agent_summaries/top10_brainstorm_2025-12-21_0902.md
[2025-12-25 07:09:45] ⚠️ Placeholder detected: /home/rafa1215/consensus-project/memory/logs/system/agent_summaries/top10_brainstorm_2025-12-18_0902.md
[2025-12-25 07:09:45] ⚠️ Placeholder detected: /home/rafa1215/consensus-project/memory/logs/system/agent_summaries/top10_suggestions_2025-12-24_0902.md
[2025-12-25 07:09:45] ⚠️ Placeholder detected: /home/rafa1215/consensus-project/memory/logs/system/agent_summaries/top10_optimization_2025-12-16_0902.md
[2025-12-25 07:09:45] ⚠️ Placeholder detected: /home/rafa1215/consensus-project/memory/logs/system/agent_summaries/top10_optimization_2025-12-24_0902.md
[2025-12-25 07:09:45] ⚠️ Placeholder detected: /home/rafa1215/consensus-project/memory/logs/system/agent_summaries/top10_suggestions_2025-12-14_0902.md
[2025-12-25 07:09:45] ⚠️ Placeholder detected: /home/rafa1215/consensus-project/memory/logs/system/agent_summaries/top10_optimization_2025-12-15_0902.md
[2025-12-25 07:09:45] ⚠️ Placeholder detected: /home/rafa1215/consensus-project/memory/logs/system/agent_summaries/top10_brainstorm_2025-12-16_0902.md
[2025-12-25 07:09:45] ⚠️ Placeholder detected: /home/rafa1215/consensus-project/memory/logs/system/agent_summaries/top10_optimization_2025-12-25_0902.md
[2025-12-25 07:09:45] ⚠️ Placeholder detected: /home/rafa1215/consensus-project/memory/logs/system/agent_summaries/top10_brainstorm_2025-12-14_0902.md
[2025-12-25 07:09:45] ⚠️ Placeholder detected: /home/rafa1215/consensus-project/memory/logs/system/agent_summaries/top10_optimization_2025-12-22_0902.md
[2025-12-25 07:09:45] ⚠️ Placeholder detected: /home/rafa1215/consensus-project/memory/logs/system/agent_summaries/top10_suggestions_2025-12-16_0902.md
[2025-12-25 07:09:45] ⚠️ Placeholder detected: /home/rafa1215/consensus-project/memory/logs/system/agent_summaries/top10_suggestions_2025-12-15_0902.md
[2025-12-25 07:09:45] ⚠️ Placeholder detected: /home/rafa1215/consensus-project/memory/logs/system/agent_summaries/top10_brainstorm_2025-12-22_0902.md
[2025-12-25 07:09:45] ⚠️ Placeholder detected: /home/rafa1215/consensus-project/memory/logs/system/agent_summaries/top10_optimization_2025-12-23_0902.md
[2025-12-25 07:09:45] ⚠️ Placeholder detected: /home/rafa1215/consensus-project/memory/logs/system/agent_summaries/top10_brainstorm_2025-12-17_0902.md
[2025-12-25 07:09:45] ⚠️ Placeholder detected: /home/rafa1215/consensus-project/memory/logs/system/agent_summaries/top10_optimization_2025-12-20_0902.md
[2025-12-25 07:09:45] ⚠️ Placeholder detected: /home/rafa1215/consensus-project/memory/logs/system/agent_summaries/top10_optimization_2025-12-21_0902.md
[2025-12-25 07:09:45] ⚠️ Placeholder detected: /home/rafa1215/consensus-project/memory/logs/system/agent_summaries/top10_brainstorm_2025-12-24_0902.md
[2025-12-25 07:09:45] ♻️  Placeholder or missing Top-10 detected — regenerating...
[2025-12-25 07:09:48] ⚠️  Missing or outdated daily summaries detected — regenerating.
[2025-12-25 07:09:48] ✅ Generated summaries for 2025-12-22
[2025-12-25 07:09:48] ✅ Generated summaries for 2025-12-23
[2025-12-25 07:09:48] ✅ Generated summaries for 2025-12-24
[2025-12-25 07:09:48] ✅ Generated summaries for 2025-12-25
[2025-12-25 07:09:48] ✅ Summary generation complete (4 day(s))
[2025-12-25 07:09:48] ✅ Updated Top-10 digest index.
[2025-12-25 07:09:48] 📦 Archived 15 Top-10 files older than 7 days.
[2025-12-25 07:09:48] ✅ Auto-Repair Suite completed successfully.
[2025-12-25 07:09:48] 🚀 Auto-Repair Suite started.
[2025-12-25 07:09:48] ⚠️ Placeholder detected: /home/rafa1215/consensus-project/memory/logs/system/agent_summaries/top10_suggestions_2025-12-22_0902.md
[2025-12-25 07:09:48] ⚠️ Placeholder detected: /home/rafa1215/consensus-project/memory/logs/system/agent_summaries/top10_optimization_2025-12-19_0902.md
[2025-12-25 07:09:48] ⚠️ Placeholder detected: /home/rafa1215/consensus-project/memory/logs/system/agent_summaries/top10_suggestions_2025-12-21_0902.md
[2025-12-25 07:09:48] ⚠️ Placeholder detected: /home/rafa1215/consensus-project/memory/logs/system/agent_summaries/top10_suggestions_2025-12-19_0902.md
[2025-12-25 07:09:48] ⚠️ Placeholder detected: /home/rafa1215/consensus-project/memory/logs/system/agent_summaries/top10_suggestions_2025-12-17_0902.md
[2025-12-25 07:09:48] ⚠️ Placeholder detected: /home/rafa1215/consensus-project/memory/logs/system/agent_summaries/top10_optimization_2025-12-18_0902.md
[2025-12-25 07:09:48] ⚠️ Placeholder detected: /home/rafa1215/consensus-project/memory/logs/system/agent_summaries/top10_suggestions_2025-12-20_0902.md
[2025-12-25 07:09:48] ⚠️ Placeholder detected: /home/rafa1215/consensus-project/memory/logs/system/agent_summaries/top10_brainstorm_2025-12-25_0902.md
[2025-12-25 07:09:48] ⚠️ Placeholder detected: /home/rafa1215/consensus-project/memory/logs/system/agent_summaries/top10_suggestions_2025-12-25_0902.md
[2025-12-25 07:09:48] ⚠️ Placeholder detected: /home/rafa1215/consensus-project/memory/logs/system/agent_summaries/top10_brainstorm_2025-12-19_0902.md
[2025-12-25 07:09:48] ⚠️ Placeholder detected: /home/rafa1215/consensus-project/memory/logs/system/agent_summaries/top10_suggestions_2025-12-18_0902.md
[2025-12-25 07:09:48] ⚠️ Placeholder detected: /home/rafa1215/consensus-project/memory/logs/system/agent_summaries/top10_optimization_2025-12-17_0902.md
[2025-12-25 07:09:48] ⚠️ Placeholder detected: /home/rafa1215/consensus-project/memory/logs/system/agent_summaries/top10_brainstorm_2025-12-23_0902.md
[2025-12-25 07:09:48] ⚠️ Placeholder detected: /home/rafa1215/consensus-project/memory/logs/system/agent_summaries/top10_brainstorm_2025-12-20_0902.md
[2025-12-25 07:09:48] ⚠️ Placeholder detected: /home/rafa1215/consensus-project/memory/logs/system/agent_summaries/top10_brainstorm_2025-12-15_0902.md
[2025-12-25 07:09:48] ⚠️ Placeholder detected: /home/rafa1215/consensus-project/memory/logs/system/agent_summaries/top10_suggestions_2025-12-23_0902.md
[2025-12-25 07:09:48] ⚠️ Placeholder detected: /home/rafa1215/consensus-project/memory/logs/system/agent_summaries/top10_brainstorm_2025-12-21_0902.md
[2025-12-25 07:09:48] ⚠️ Placeholder detected: /home/rafa1215/consensus-project/memory/logs/system/agent_summaries/top10_brainstorm_2025-12-18_0902.md
[2025-12-25 07:09:48] ⚠️ Placeholder detected: /home/rafa1215/consensus-project/memory/logs/system/agent_summaries/top10_suggestions_2025-12-24_0902.md
[2025-12-25 07:09:48] ⚠️ Placeholder detected: /home/rafa1215/consensus-project/memory/logs/system/agent_summaries/top10_optimization_2025-12-16_0902.md
[2025-12-25 07:09:48] ⚠️ Placeholder detected: /home/rafa1215/consensus-project/memory/logs/system/agent_summaries/top10_optimization_2025-12-24_0902.md
[2025-12-25 07:09:48] ⚠️ Placeholder detected: /home/rafa1215/consensus-project/memory/logs/system/agent_summaries/top10_optimization_2025-12-15_0902.md
[2025-12-25 07:09:48] ⚠️ Placeholder detected: /home/rafa1215/consensus-project/memory/logs/system/agent_summaries/top10_brainstorm_2025-12-16_0902.md
[2025-12-25 07:09:48] ⚠️ Placeholder detected: /home/rafa1215/consensus-project/memory/logs/system/agent_summaries/top10_optimization_2025-12-25_0902.md
[2025-12-25 07:09:48] ⚠️ Placeholder detected: /home/rafa1215/consensus-project/memory/logs/system/agent_summaries/top10_optimization_2025-12-22_0902.md
[2025-12-25 07:09:48] ⚠️ Placeholder detected: /home/rafa1215/consensus-project/memory/logs/system/agent_summaries/top10_suggestions_2025-12-16_0902.md
[2025-12-25 07:09:48] ⚠️ Placeholder detected: /home/rafa1215/consensus-project/memory/logs/system/agent_summaries/top10_suggestions_2025-12-15_0902.md
[2025-12-25 07:09:48] ⚠️ Placeholder detected: /home/rafa1215/consensus-project/memory/logs/system/agent_summaries/top10_brainstorm_2025-12-22_0902.md
[2025-12-25 07:09:48] ⚠️ Placeholder detected: /home/rafa1215/consensus-project/memory/logs/system/agent_summaries/top10_optimization_2025-12-23_0902.md
[2025-12-25 07:09:48] ⚠️ Placeholder detected: /home/rafa1215/consensus-project/memory/logs/system/agent_summaries/top10_brainstorm_2025-12-17_0902.md
[2025-12-25 07:09:48] ⚠️ Placeholder detected: /home/rafa1215/consensus-project/memory/logs/system/agent_summaries/top10_optimization_2025-12-20_0902.md
[2025-12-25 07:09:48] ⚠️ Placeholder detected: /home/rafa1215/consensus-project/memory/logs/system/agent_summaries/top10_optimization_2025-12-21_0902.md
[2025-12-25 07:09:48] ⚠️ Placeholder detected: /home/rafa1215/consensus-project/memory/logs/system/agent_summaries/top10_brainstorm_2025-12-24_0902.md
[2025-12-25 07:09:48] ♻️  Placeholder or missing Top-10 detected — regenerating...
[2025-12-25 07:09:50] ⚠️  Missing or outdated daily summaries detected — regenerating.
[2025-12-25 07:09:50] ✅ Generated summaries for 2025-12-22
[2025-12-25 07:09:51] ✅ Generated summaries for 2025-12-23
[2025-12-25 07:09:51] ✅ Generated summaries for 2025-12-24
[2025-12-25 07:09:51] ✅ Generated summaries for 2025-12-25
[2025-12-25 07:09:51] ✅ Summary generation complete (4 day(s))
[2025-12-25 07:09:51] ✅ Updated Top-10 digest index.
[2025-12-25 07:09:51] 📦 Archived 0 Top-10 files older than 7 days.
[2025-12-25 07:09:51] ✅ Auto-Repair Suite completed successfully.
[2025-12-25 07:11:33] ✅ Generated summaries for 2025-12-25
[2025-12-25 07:11:33] ✅ Summary generation complete (1 day(s))
[2025-12-25 07:11:33] ✅ Generated summaries for 2025-12-25
[2025-12-25 07:11:33] ✅ Summary generation complete (1 day(s))
[2025-12-25 07:13:41] ⚠️ Placeholder detected: /home/rafa1215/consensus-project/memory/logs/system/agent_summaries/top10_suggestions_2025-12-22_0902.md
[2025-12-25 07:13:41] ⚠️ Placeholder detected: /home/rafa1215/consensus-project/memory/logs/system/agent_summaries/top10_optimization_2025-12-19_0902.md
[2025-12-25 07:13:41] ⚠️ Placeholder detected: /home/rafa1215/consensus-project/memory/logs/system/agent_summaries/top10_suggestions_2025-12-21_0902.md
[2025-12-25 07:13:41] ⚠️ Placeholder detected: /home/rafa1215/consensus-project/memory/logs/system/agent_summaries/top10_suggestions_2025-12-19_0902.md
[2025-12-25 07:13:41] ⚠️ Placeholder detected: /home/rafa1215/consensus-project/memory/logs/system/agent_summaries/top10_suggestions_2025-12-17_0902.md
[2025-12-25 07:13:41] ⚠️ Placeholder detected: /home/rafa1215/consensus-project/memory/logs/system/agent_summaries/top10_optimization_2025-12-18_0902.md
[2025-12-25 07:13:41] ⚠️ Placeholder detected: /home/rafa1215/consensus-project/memory/logs/system/agent_summaries/top10_suggestions_2025-12-20_0902.md
[2025-12-25 07:13:41] ⚠️ Placeholder detected: /home/rafa1215/consensus-project/memory/logs/system/agent_summaries/top10_brainstorm_2025-12-25_0902.md
[2025-12-25 07:13:41] ⚠️ Placeholder detected: /home/rafa1215/consensus-project/memory/logs/system/agent_summaries/top10_suggestions_2025-12-25_0902.md
[2025-12-25 07:13:41] ⚠️ Placeholder detected: /home/rafa1215/consensus-project/memory/logs/system/agent_summaries/top10_brainstorm_2025-12-19_0902.md
[2025-12-25 07:13:41] ⚠️ Placeholder detected: /home/rafa1215/consensus-project/memory/logs/system/agent_summaries/top10_suggestions_2025-12-18_0902.md
[2025-12-25 07:13:41] ⚠️ Placeholder detected: /home/rafa1215/consensus-project/memory/logs/system/agent_summaries/top10_optimization_2025-12-17_0902.md
[2025-12-25 07:13:41] ⚠️ Placeholder detected: /home/rafa1215/consensus-project/memory/logs/system/agent_summaries/top10_brainstorm_2025-12-20_0902.md
[2025-12-25 07:13:41] ⚠️ Placeholder detected: /home/rafa1215/consensus-project/memory/logs/system/agent_summaries/top10_brainstorm_2025-12-15_0902.md
[2025-12-25 07:13:41] ⚠️ Placeholder detected: /home/rafa1215/consensus-project/memory/logs/system/agent_summaries/top10_brainstorm_2025-12-21_0902.md
[2025-12-25 07:13:41] ⚠️ Placeholder detected: /home/rafa1215/consensus-project/memory/logs/system/agent_summaries/top10_brainstorm_2025-12-18_0902.md
[2025-12-25 07:13:41] ⚠️ Placeholder detected: /home/rafa1215/consensus-project/memory/logs/system/agent_summaries/top10_optimization_2025-12-16_0902.md
[2025-12-25 07:13:41] ⚠️ Placeholder detected: /home/rafa1215/consensus-project/memory/logs/system/agent_summaries/top10_optimization_2025-12-15_0902.md
[2025-12-25 07:13:41] ⚠️ Placeholder detected: /home/rafa1215/consensus-project/memory/logs/system/agent_summaries/top10_brainstorm_2025-12-16_0902.md
[2025-12-25 07:13:41] ⚠️ Placeholder detected: /home/rafa1215/consensus-project/memory/logs/system/agent_summaries/top10_optimization_2025-12-25_0902.md
[2025-12-25 07:13:41] ⚠️ Placeholder detected: /home/rafa1215/consensus-project/memory/logs/system/agent_summaries/top10_optimization_2025-12-22_0902.md
[2025-12-25 07:13:41] ⚠️ Placeholder detected: /home/rafa1215/consensus-project/memory/logs/system/agent_summaries/top10_suggestions_2025-12-16_0902.md
[2025-12-25 07:13:41] ⚠️ Placeholder detected: /home/rafa1215/consensus-project/memory/logs/system/agent_summaries/top10_suggestions_2025-12-15_0902.md
[2025-12-25 07:13:41] ⚠️ Placeholder detected: /home/rafa1215/consensus-project/memory/logs/system/agent_summaries/top10_brainstorm_2025-12-22_0902.md
[2025-12-25 07:13:41] ⚠️ Placeholder detected: /home/rafa1215/consensus-project/memory/logs/system/agent_summaries/top10_brainstorm_2025-12-17_0902.md
[2025-12-25 07:13:41] ⚠️ Placeholder detected: /home/rafa1215/consensus-project/memory/logs/system/agent_summaries/top10_optimization_2025-12-20_0902.md
[2025-12-25 07:13:41] ⚠️ Placeholder detected: /home/rafa1215/consensus-project/memory/logs/system/agent_summaries/top10_optimization_2025-12-21_0902.md
[2025-12-25 07:13:41] ♻️  Placeholder or missing Top-10 detected — regenerating...
[2025-12-25 07:13:43] ⚠️ Placeholder detected: /home/rafa1215/consensus-project/memory/logs/system/agent_summaries/top10_suggestions_2025-12-22_0902.md
[2025-12-25 07:13:43] ⚠️ Placeholder detected: /home/rafa1215/consensus-project/memory/logs/system/agent_summaries/top10_optimization_2025-12-19_0902.md
[2025-12-25 07:13:43] ⚠️ Placeholder detected: /home/rafa1215/consensus-project/memory/logs/system/agent_summaries/top10_suggestions_2025-12-21_0902.md
[2025-12-25 07:13:43] ⚠️ Placeholder detected: /home/rafa1215/consensus-project/memory/logs/system/agent_summaries/top10_suggestions_2025-12-19_0902.md
[2025-12-25 07:13:43] ⚠️ Placeholder detected: /home/rafa1215/consensus-project/memory/logs/system/agent_summaries/top10_suggestions_2025-12-17_0902.md
[2025-12-25 07:13:43] ⚠️ Placeholder detected: /home/rafa1215/consensus-project/memory/logs/system/agent_summaries/top10_optimization_2025-12-18_0902.md
[2025-12-25 07:13:43] ⚠️ Placeholder detected: /home/rafa1215/consensus-project/memory/logs/system/agent_summaries/top10_suggestions_2025-12-20_0902.md
[2025-12-25 07:13:43] ⚠️ Placeholder detected: /home/rafa1215/consensus-project/memory/logs/system/agent_summaries/top10_brainstorm_2025-12-19_0902.md
[2025-12-25 07:13:43] ⚠️ Placeholder detected: /home/rafa1215/consensus-project/memory/logs/system/agent_summaries/top10_suggestions_2025-12-18_0902.md
[2025-12-25 07:13:43] ⚠️ Placeholder detected: /home/rafa1215/consensus-project/memory/logs/system/agent_summaries/top10_optimization_2025-12-17_0902.md
[2025-12-25 07:13:43] ⚠️ Placeholder detected: /home/rafa1215/consensus-project/memory/logs/system/agent_summaries/top10_brainstorm_2025-12-20_0902.md
[2025-12-25 07:13:43] ⚠️ Placeholder detected: /home/rafa1215/consensus-project/memory/logs/system/agent_summaries/top10_brainstorm_2025-12-15_0902.md
[2025-12-25 07:13:44] ⚠️ Placeholder detected: /home/rafa1215/consensus-project/memory/logs/system/agent_summaries/top10_brainstorm_2025-12-21_0902.md
[2025-12-25 07:13:44] ⚠️ Placeholder detected: /home/rafa1215/consensus-project/memory/logs/system/agent_summaries/top10_brainstorm_2025-12-18_0902.md
[2025-12-25 07:13:44] ⚠️ Placeholder detected: /home/rafa1215/consensus-project/memory/logs/system/agent_summaries/top10_optimization_2025-12-16_0902.md
[2025-12-25 07:13:44] ⚠️ Placeholder detected: /home/rafa1215/consensus-project/memory/logs/system/agent_summaries/top10_optimization_2025-12-15_0902.md
[2025-12-25 07:13:44] ⚠️ Placeholder detected: /home/rafa1215/consensus-project/memory/logs/system/agent_summaries/top10_brainstorm_2025-12-16_0902.md
[2025-12-25 07:13:44] ⚠️ Placeholder detected: /home/rafa1215/consensus-project/memory/logs/system/agent_summaries/top10_optimization_2025-12-22_0902.md
[2025-12-25 07:13:44] ⚠️ Placeholder detected: /home/rafa1215/consensus-project/memory/logs/system/agent_summaries/top10_suggestions_2025-12-16_0902.md
[2025-12-25 07:13:44] ⚠️ Placeholder detected: /home/rafa1215/consensus-project/memory/logs/system/agent_summaries/top10_suggestions_2025-12-15_0902.md
[2025-12-25 07:13:44] ⚠️ Placeholder detected: /home/rafa1215/consensus-project/memory/logs/system/agent_summaries/top10_brainstorm_2025-12-22_0902.md
[2025-12-25 07:13:44] ⚠️ Placeholder detected: /home/rafa1215/consensus-project/memory/logs/system/agent_summaries/top10_brainstorm_2025-12-17_0902.md
[2025-12-25 07:13:44] ⚠️ Placeholder detected: /home/rafa1215/consensus-project/memory/logs/system/agent_summaries/top10_optimization_2025-12-20_0902.md
[2025-12-25 07:13:44] ⚠️ Placeholder detected: /home/rafa1215/consensus-project/memory/logs/system/agent_summaries/top10_optimization_2025-12-21_0902.md
[2025-12-25 07:13:44] ♻️  Placeholder or missing Top-10 detected — regenerating...
[2025-12-26 07:06:50] ⚠️  Missing or outdated daily summaries detected — regenerating.
[2025-12-26 07:06:50] ✅ Generated summaries for 2025-12-23
[2025-12-26 07:06:50] ✅ Generated summaries for 2025-12-24
[2025-12-26 07:06:50] ✅ Generated summaries for 2025-12-25
[2025-12-26 07:06:50] ✅ Generated summaries for 2025-12-26
[2025-12-26 07:06:50] ✅ Summary generation complete (4 day(s))
[2025-12-26 07:06:51] ⚠️  Missing or outdated daily summaries detected — regenerating.
[2025-12-26 07:06:51] ✅ Generated summaries for 2025-12-23
[2025-12-26 07:06:51] ✅ Generated summaries for 2025-12-24
[2025-12-26 07:06:51] ✅ Generated summaries for 2025-12-25
[2025-12-26 07:06:51] ✅ Generated summaries for 2025-12-26
[2025-12-26 07:06:51] ✅ Summary generation complete (4 day(s))
[2025-12-26 07:08:22] 🔍 Running system file auditor...
[2025-12-26 07:08:27] 🔍 Running system file auditor...
[2025-12-26 07:09:27] 🚀 Auto-Repair Suite started.
[2025-12-26 07:09:27] ⚠️ Placeholder detected: /home/rafa1215/consensus-project/memory/logs/system/agent_summaries/top10_suggestions_2025-12-22_0902.md
[2025-12-26 07:09:27] ⚠️ Placeholder detected: /home/rafa1215/consensus-project/memory/logs/system/agent_summaries/top10_optimization_2025-12-26_0902.md
[2025-12-26 07:09:27] ⚠️ Placeholder detected: /home/rafa1215/consensus-project/memory/logs/system/agent_summaries/top10_optimization_2025-12-19_0902.md
[2025-12-26 07:09:27] ⚠️ Placeholder detected: /home/rafa1215/consensus-project/memory/logs/system/agent_summaries/top10_suggestions_2025-12-21_0902.md
[2025-12-26 07:09:27] ⚠️ Placeholder detected: /home/rafa1215/consensus-project/memory/logs/system/agent_summaries/top10_suggestions_2025-12-19_0902.md
[2025-12-26 07:09:27] ⚠️ Placeholder detected: /home/rafa1215/consensus-project/memory/logs/system/agent_summaries/top10_suggestions_2025-12-17_0902.md
[2025-12-26 07:09:27] ⚠️ Placeholder detected: /home/rafa1215/consensus-project/memory/logs/system/agent_summaries/top10_optimization_2025-12-18_0902.md
[2025-12-26 07:09:27] ⚠️ Placeholder detected: /home/rafa1215/consensus-project/memory/logs/system/agent_summaries/top10_suggestions_2025-12-20_0902.md
[2025-12-26 07:09:27] ⚠️ Placeholder detected: /home/rafa1215/consensus-project/memory/logs/system/agent_summaries/top10_brainstorm_2025-12-25_0902.md
[2025-12-26 07:09:27] ⚠️ Placeholder detected: /home/rafa1215/consensus-project/memory/logs/system/agent_summaries/top10_suggestions_2025-12-25_0902.md
[2025-12-26 07:09:27] ⚠️ Placeholder detected: /home/rafa1215/consensus-project/memory/logs/system/agent_summaries/top10_brainstorm_2025-12-19_0902.md
[2025-12-26 07:09:27] ⚠️ Placeholder detected: /home/rafa1215/consensus-project/memory/logs/system/agent_summaries/top10_suggestions_2025-12-18_0902.md
[2025-12-26 07:09:27] ⚠️ Placeholder detected: /home/rafa1215/consensus-project/memory/logs/system/agent_summaries/top10_optimization_2025-12-17_0902.md
[2025-12-26 07:09:27] ⚠️ Placeholder detected: /home/rafa1215/consensus-project/memory/logs/system/agent_summaries/top10_brainstorm_2025-12-23_0902.md
[2025-12-26 07:09:27] ⚠️ Placeholder detected: /home/rafa1215/consensus-project/memory/logs/system/agent_summaries/top10_brainstorm_2025-12-20_0902.md
[2025-12-26 07:09:27] ⚠️ Placeholder detected: /home/rafa1215/consensus-project/memory/logs/system/agent_summaries/top10_brainstorm_2025-12-15_0902.md
[2025-12-26 07:09:27] ⚠️ Placeholder detected: /home/rafa1215/consensus-project/memory/logs/system/agent_summaries/top10_suggestions_2025-12-23_0902.md
[2025-12-26 07:09:27] ⚠️ Placeholder detected: /home/rafa1215/consensus-project/memory/logs/system/agent_summaries/top10_brainstorm_2025-12-21_0902.md
[2025-12-26 07:09:27] ⚠️ Placeholder detected: /home/rafa1215/consensus-project/memory/logs/system/agent_summaries/top10_brainstorm_2025-12-18_0902.md
[2025-12-26 07:09:27] ⚠️ Placeholder detected: /home/rafa1215/consensus-project/memory/logs/system/agent_summaries/top10_suggestions_2025-12-24_0902.md
[2025-12-26 07:09:27] ⚠️ Placeholder detected: /home/rafa1215/consensus-project/memory/logs/system/agent_summaries/top10_optimization_2025-12-16_0902.md
[2025-12-26 07:09:27] ⚠️ Placeholder detected: /home/rafa1215/consensus-project/memory/logs/system/agent_summaries/top10_optimization_2025-12-24_0902.md
[2025-12-26 07:09:27] ⚠️ Placeholder detected: /home/rafa1215/consensus-project/memory/logs/system/agent_summaries/top10_optimization_2025-12-15_0902.md
[2025-12-26 07:09:27] ⚠️ Placeholder detected: /home/rafa1215/consensus-project/memory/logs/system/agent_summaries/top10_suggestions_2025-12-26_0902.md
[2025-12-26 07:09:27] ⚠️ Placeholder detected: /home/rafa1215/consensus-project/memory/logs/system/agent_summaries/top10_brainstorm_2025-12-16_0902.md
[2025-12-26 07:09:27] ⚠️ Placeholder detected: /home/rafa1215/consensus-project/memory/logs/system/agent_summaries/top10_optimization_2025-12-25_0902.md
[2025-12-26 07:09:27] ⚠️ Placeholder detected: /home/rafa1215/consensus-project/memory/logs/system/agent_summaries/top10_optimization_2025-12-22_0902.md
[2025-12-26 07:09:27] ⚠️ Placeholder detected: /home/rafa1215/consensus-project/memory/logs/system/agent_summaries/top10_suggestions_2025-12-16_0902.md
[2025-12-26 07:09:27] ⚠️ Placeholder detected: /home/rafa1215/consensus-project/memory/logs/system/agent_summaries/top10_brainstorm_2025-12-26_0902.md
[2025-12-26 07:09:27] ⚠️ Placeholder detected: /home/rafa1215/consensus-project/memory/logs/system/agent_summaries/top10_suggestions_2025-12-15_0902.md
[2025-12-26 07:09:27] ⚠️ Placeholder detected: /home/rafa1215/consensus-project/memory/logs/system/agent_summaries/top10_brainstorm_2025-12-22_0902.md
[2025-12-26 07:09:27] ⚠️ Placeholder detected: /home/rafa1215/consensus-project/memory/logs/system/agent_summaries/top10_optimization_2025-12-23_0902.md
[2025-12-26 07:09:27] ⚠️ Placeholder detected: /home/rafa1215/consensus-project/memory/logs/system/agent_summaries/top10_brainstorm_2025-12-17_0902.md
[2025-12-26 07:09:27] ⚠️ Placeholder detected: /home/rafa1215/consensus-project/memory/logs/system/agent_summaries/top10_optimization_2025-12-20_0902.md
[2025-12-26 07:09:27] ⚠️ Placeholder detected: /home/rafa1215/consensus-project/memory/logs/system/agent_summaries/top10_optimization_2025-12-21_0902.md
[2025-12-26 07:09:27] ⚠️ Placeholder detected: /home/rafa1215/consensus-project/memory/logs/system/agent_summaries/top10_brainstorm_2025-12-24_0902.md
[2025-12-26 07:09:27] ♻️  Placeholder or missing Top-10 detected — regenerating...
[2025-12-26 07:09:30] ⚠️  Missing or outdated daily summaries detected — regenerating.
[2025-12-26 07:09:30] ✅ Generated summaries for 2025-12-23
[2025-12-26 07:09:30] ✅ Generated summaries for 2025-12-24
[2025-12-26 07:09:30] ✅ Generated summaries for 2025-12-25
[2025-12-26 07:09:30] ✅ Generated summaries for 2025-12-26
[2025-12-26 07:09:30] ✅ Summary generation complete (4 day(s))
[2025-12-26 07:09:30] ✅ Updated Top-10 digest index.
[2025-12-26 07:09:30] 📦 Archived 15 Top-10 files older than 7 days.
[2025-12-26 07:09:30] ✅ Auto-Repair Suite completed successfully.
[2025-12-26 07:09:30] 🚀 Auto-Repair Suite started.
[2025-12-26 07:09:30] ⚠️ Placeholder detected: /home/rafa1215/consensus-project/memory/logs/system/agent_summaries/top10_suggestions_2025-12-22_0902.md
[2025-12-26 07:09:30] ⚠️ Placeholder detected: /home/rafa1215/consensus-project/memory/logs/system/agent_summaries/top10_optimization_2025-12-26_0902.md
[2025-12-26 07:09:30] ⚠️ Placeholder detected: /home/rafa1215/consensus-project/memory/logs/system/agent_summaries/top10_optimization_2025-12-19_0902.md
[2025-12-26 07:09:30] ⚠️ Placeholder detected: /home/rafa1215/consensus-project/memory/logs/system/agent_summaries/top10_suggestions_2025-12-21_0902.md
[2025-12-26 07:09:30] ⚠️ Placeholder detected: /home/rafa1215/consensus-project/memory/logs/system/agent_summaries/top10_suggestions_2025-12-19_0902.md
[2025-12-26 07:09:30] ⚠️ Placeholder detected: /home/rafa1215/consensus-project/memory/logs/system/agent_summaries/top10_suggestions_2025-12-17_0902.md
[2025-12-26 07:09:30] ⚠️ Placeholder detected: /home/rafa1215/consensus-project/memory/logs/system/agent_summaries/top10_optimization_2025-12-18_0902.md
[2025-12-26 07:09:30] ⚠️ Placeholder detected: /home/rafa1215/consensus-project/memory/logs/system/agent_summaries/top10_suggestions_2025-12-20_0902.md
[2025-12-26 07:09:30] ⚠️ Placeholder detected: /home/rafa1215/consensus-project/memory/logs/system/agent_summaries/top10_brainstorm_2025-12-25_0902.md
[2025-12-26 07:09:30] ⚠️ Placeholder detected: /home/rafa1215/consensus-project/memory/logs/system/agent_summaries/top10_suggestions_2025-12-25_0902.md
[2025-12-26 07:09:30] ⚠️ Placeholder detected: /home/rafa1215/consensus-project/memory/logs/system/agent_summaries/top10_brainstorm_2025-12-19_0902.md
[2025-12-26 07:09:30] ⚠️ Placeholder detected: /home/rafa1215/consensus-project/memory/logs/system/agent_summaries/top10_suggestions_2025-12-18_0902.md
[2025-12-26 07:09:30] ⚠️ Placeholder detected: /home/rafa1215/consensus-project/memory/logs/system/agent_summaries/top10_optimization_2025-12-17_0902.md
[2025-12-26 07:09:30] ⚠️ Placeholder detected: /home/rafa1215/consensus-project/memory/logs/system/agent_summaries/top10_brainstorm_2025-12-23_0902.md
[2025-12-26 07:09:30] ⚠️ Placeholder detected: /home/rafa1215/consensus-project/memory/logs/system/agent_summaries/top10_brainstorm_2025-12-20_0902.md
[2025-12-26 07:09:30] ⚠️ Placeholder detected: /home/rafa1215/consensus-project/memory/logs/system/agent_summaries/top10_suggestions_2025-12-23_0902.md
[2025-12-26 07:09:30] ⚠️ Placeholder detected: /home/rafa1215/consensus-project/memory/logs/system/agent_summaries/top10_brainstorm_2025-12-21_0902.md
[2025-12-26 07:09:30] ⚠️ Placeholder detected: /home/rafa1215/consensus-project/memory/logs/system/agent_summaries/top10_brainstorm_2025-12-18_0902.md
[2025-12-26 07:09:30] ⚠️ Placeholder detected: /home/rafa1215/consensus-project/memory/logs/system/agent_summaries/top10_suggestions_2025-12-24_0902.md
[2025-12-26 07:09:30] ⚠️ Placeholder detected: /home/rafa1215/consensus-project/memory/logs/system/agent_summaries/top10_optimization_2025-12-16_0902.md
[2025-12-26 07:09:30] ⚠️ Placeholder detected: /home/rafa1215/consensus-project/memory/logs/system/agent_summaries/top10_optimization_2025-12-24_0902.md
[2025-12-26 07:09:30] ⚠️ Placeholder detected: /home/rafa1215/consensus-project/memory/logs/system/agent_summaries/top10_suggestions_2025-12-26_0902.md
[2025-12-26 07:09:30] ⚠️ Placeholder detected: /home/rafa1215/consensus-project/memory/logs/system/agent_summaries/top10_brainstorm_2025-12-16_0902.md
[2025-12-26 07:09:30] ⚠️ Placeholder detected: /home/rafa1215/consensus-project/memory/logs/system/agent_summaries/top10_optimization_2025-12-25_0902.md
[2025-12-26 07:09:30] ⚠️ Placeholder detected: /home/rafa1215/consensus-project/memory/logs/system/agent_summaries/top10_optimization_2025-12-22_0902.md
[2025-12-26 07:09:30] ⚠️ Placeholder detected: /home/rafa1215/consensus-project/memory/logs/system/agent_summaries/top10_suggestions_2025-12-16_0902.md
[2025-12-26 07:09:30] ⚠️ Placeholder detected: /home/rafa1215/consensus-project/memory/logs/system/agent_summaries/top10_brainstorm_2025-12-26_0902.md
[2025-12-26 07:09:30] ⚠️ Placeholder detected: /home/rafa1215/consensus-project/memory/logs/system/agent_summaries/top10_brainstorm_2025-12-22_0902.md
[2025-12-26 07:09:30] ⚠️ Placeholder detected: /home/rafa1215/consensus-project/memory/logs/system/agent_summaries/top10_optimization_2025-12-23_0902.md
[2025-12-26 07:09:30] ⚠️ Placeholder detected: /home/rafa1215/consensus-project/memory/logs/system/agent_summaries/top10_brainstorm_2025-12-17_0902.md
[2025-12-26 07:09:30] ⚠️ Placeholder detected: /home/rafa1215/consensus-project/memory/logs/system/agent_summaries/top10_optimization_2025-12-20_0902.md
[2025-12-26 07:09:30] ⚠️ Placeholder detected: /home/rafa1215/consensus-project/memory/logs/system/agent_summaries/top10_optimization_2025-12-21_0902.md
[2025-12-26 07:09:30] ⚠️ Placeholder detected: /home/rafa1215/consensus-project/memory/logs/system/agent_summaries/top10_brainstorm_2025-12-24_0902.md
[2025-12-26 07:09:30] ♻️  Placeholder or missing Top-10 detected — regenerating...
[2025-12-26 07:09:32] ⚠️  Missing or outdated daily summaries detected — regenerating.
[2025-12-26 07:09:32] ✅ Generated summaries for 2025-12-23
[2025-12-26 07:09:32] ✅ Generated summaries for 2025-12-24
[2025-12-26 07:09:32] ✅ Generated summaries for 2025-12-25
[2025-12-26 07:09:32] ✅ Generated summaries for 2025-12-26
[2025-12-26 07:09:32] ✅ Summary generation complete (4 day(s))
[2025-12-26 07:09:32] ✅ Updated Top-10 digest index.
[2025-12-26 07:09:32] 📦 Archived 0 Top-10 files older than 7 days.
[2025-12-26 07:09:32] ✅ Auto-Repair Suite completed successfully.
[2025-12-26 07:11:18] ✅ Generated summaries for 2025-12-26
[2025-12-26 07:11:18] ✅ Summary generation complete (1 day(s))
[2025-12-26 07:11:18] ✅ Generated summaries for 2025-12-26
[2025-12-26 07:11:18] ✅ Summary generation complete (1 day(s))
[2025-12-26 07:13:24] ⚠️ Placeholder detected: /home/rafa1215/consensus-project/memory/logs/system/agent_summaries/top10_suggestions_2025-12-22_0902.md
[2025-12-26 07:13:24] ⚠️ Placeholder detected: /home/rafa1215/consensus-project/memory/logs/system/agent_summaries/top10_optimization_2025-12-26_0902.md
[2025-12-26 07:13:24] ⚠️ Placeholder detected: /home/rafa1215/consensus-project/memory/logs/system/agent_summaries/top10_optimization_2025-12-19_0902.md
[2025-12-26 07:13:24] ⚠️ Placeholder detected: /home/rafa1215/consensus-project/memory/logs/system/agent_summaries/top10_suggestions_2025-12-21_0902.md
[2025-12-26 07:13:24] ⚠️ Placeholder detected: /home/rafa1215/consensus-project/memory/logs/system/agent_summaries/top10_suggestions_2025-12-19_0902.md
[2025-12-26 07:13:24] ⚠️ Placeholder detected: /home/rafa1215/consensus-project/memory/logs/system/agent_summaries/top10_suggestions_2025-12-17_0902.md
[2025-12-26 07:13:24] ⚠️ Placeholder detected: /home/rafa1215/consensus-project/memory/logs/system/agent_summaries/top10_optimization_2025-12-18_0902.md
[2025-12-26 07:13:24] ⚠️ Placeholder detected: /home/rafa1215/consensus-project/memory/logs/system/agent_summaries/top10_suggestions_2025-12-20_0902.md
[2025-12-26 07:13:24] ⚠️ Placeholder detected: /home/rafa1215/consensus-project/memory/logs/system/agent_summaries/top10_brainstorm_2025-12-19_0902.md
[2025-12-26 07:13:24] ⚠️ Placeholder detected: /home/rafa1215/consensus-project/memory/logs/system/agent_summaries/top10_suggestions_2025-12-18_0902.md
[2025-12-26 07:13:24] ⚠️ Placeholder detected: /home/rafa1215/consensus-project/memory/logs/system/agent_summaries/top10_optimization_2025-12-17_0902.md
[2025-12-26 07:13:24] ⚠️ Placeholder detected: /home/rafa1215/consensus-project/memory/logs/system/agent_summaries/top10_brainstorm_2025-12-23_0902.md
[2025-12-26 07:13:24] ⚠️ Placeholder detected: /home/rafa1215/consensus-project/memory/logs/system/agent_summaries/top10_brainstorm_2025-12-20_0902.md
[2025-12-26 07:13:24] ⚠️ Placeholder detected: /home/rafa1215/consensus-project/memory/logs/system/agent_summaries/top10_suggestions_2025-12-23_0902.md
[2025-12-26 07:13:24] ⚠️ Placeholder detected: /home/rafa1215/consensus-project/memory/logs/system/agent_summaries/top10_brainstorm_2025-12-21_0902.md
[2025-12-26 07:13:24] ⚠️ Placeholder detected: /home/rafa1215/consensus-project/memory/logs/system/agent_summaries/top10_brainstorm_2025-12-18_0902.md
[2025-12-26 07:13:24] ⚠️ Placeholder detected: /home/rafa1215/consensus-project/memory/logs/system/agent_summaries/top10_optimization_2025-12-16_0902.md
[2025-12-26 07:13:24] ⚠️ Placeholder detected: /home/rafa1215/consensus-project/memory/logs/system/agent_summaries/top10_suggestions_2025-12-26_0902.md
[2025-12-26 07:13:24] ⚠️ Placeholder detected: /home/rafa1215/consensus-project/memory/logs/system/agent_summaries/top10_brainstorm_2025-12-16_0902.md
[2025-12-26 07:13:24] ⚠️ Placeholder detected: /home/rafa1215/consensus-project/memory/logs/system/agent_summaries/top10_optimization_2025-12-22_0902.md
[2025-12-26 07:13:24] ⚠️ Placeholder detected: /home/rafa1215/consensus-project/memory/logs/system/agent_summaries/top10_suggestions_2025-12-16_0902.md
[2025-12-26 07:13:24] ⚠️ Placeholder detected: /home/rafa1215/consensus-project/memory/logs/system/agent_summaries/top10_brainstorm_2025-12-26_0902.md
[2025-12-26 07:13:24] ⚠️ Placeholder detected: /home/rafa1215/consensus-project/memory/logs/system/agent_summaries/top10_brainstorm_2025-12-22_0902.md
[2025-12-26 07:13:24] ⚠️ Placeholder detected: /home/rafa1215/consensus-project/memory/logs/system/agent_summaries/top10_optimization_2025-12-23_0902.md
[2025-12-26 07:13:24] ⚠️ Placeholder detected: /home/rafa1215/consensus-project/memory/logs/system/agent_summaries/top10_brainstorm_2025-12-17_0902.md
[2025-12-26 07:13:24] ⚠️ Placeholder detected: /home/rafa1215/consensus-project/memory/logs/system/agent_summaries/top10_optimization_2025-12-20_0902.md
[2025-12-26 07:13:24] ⚠️ Placeholder detected: /home/rafa1215/consensus-project/memory/logs/system/agent_summaries/top10_optimization_2025-12-21_0902.md
[2025-12-26 07:13:24] ♻️  Placeholder or missing Top-10 detected — regenerating...
[2025-12-26 07:13:26] ⚠️ Placeholder detected: /home/rafa1215/consensus-project/memory/logs/system/agent_summaries/top10_suggestions_2025-12-22_0902.md
[2025-12-26 07:13:26] ⚠️ Placeholder detected: /home/rafa1215/consensus-project/memory/logs/system/agent_summaries/top10_optimization_2025-12-19_0902.md
[2025-12-26 07:13:26] ⚠️ Placeholder detected: /home/rafa1215/consensus-project/memory/logs/system/agent_summaries/top10_suggestions_2025-12-21_0902.md
[2025-12-26 07:13:26] ⚠️ Placeholder detected: /home/rafa1215/consensus-project/memory/logs/system/agent_summaries/top10_suggestions_2025-12-19_0902.md
[2025-12-26 07:13:26] ⚠️ Placeholder detected: /home/rafa1215/consensus-project/memory/logs/system/agent_summaries/top10_suggestions_2025-12-17_0902.md
[2025-12-26 07:13:26] ⚠️ Placeholder detected: /home/rafa1215/consensus-project/memory/logs/system/agent_summaries/top10_optimization_2025-12-18_0902.md
[2025-12-26 07:13:26] ⚠️ Placeholder detected: /home/rafa1215/consensus-project/memory/logs/system/agent_summaries/top10_suggestions_2025-12-20_0902.md
[2025-12-26 07:13:26] ⚠️ Placeholder detected: /home/rafa1215/consensus-project/memory/logs/system/agent_summaries/top10_brainstorm_2025-12-19_0902.md
[2025-12-26 07:13:26] ⚠️ Placeholder detected: /home/rafa1215/consensus-project/memory/logs/system/agent_summaries/top10_suggestions_2025-12-18_0902.md
[2025-12-26 07:13:26] ⚠️ Placeholder detected: /home/rafa1215/consensus-project/memory/logs/system/agent_summaries/top10_optimization_2025-12-17_0902.md
[2025-12-26 07:13:26] ⚠️ Placeholder detected: /home/rafa1215/consensus-project/memory/logs/system/agent_summaries/top10_brainstorm_2025-12-23_0902.md
[2025-12-26 07:13:26] ⚠️ Placeholder detected: /home/rafa1215/consensus-project/memory/logs/system/agent_summaries/top10_brainstorm_2025-12-20_0902.md
[2025-12-26 07:13:26] ⚠️ Placeholder detected: /home/rafa1215/consensus-project/memory/logs/system/agent_summaries/top10_suggestions_2025-12-23_0902.md
[2025-12-26 07:13:26] ⚠️ Placeholder detected: /home/rafa1215/consensus-project/memory/logs/system/agent_summaries/top10_brainstorm_2025-12-21_0902.md
[2025-12-26 07:13:26] ⚠️ Placeholder detected: /home/rafa1215/consensus-project/memory/logs/system/agent_summaries/top10_brainstorm_2025-12-18_0902.md
[2025-12-26 07:13:26] ⚠️ Placeholder detected: /home/rafa1215/consensus-project/memory/logs/system/agent_summaries/top10_optimization_2025-12-16_0902.md
[2025-12-26 07:13:26] ⚠️ Placeholder detected: /home/rafa1215/consensus-project/memory/logs/system/agent_summaries/top10_brainstorm_2025-12-16_0902.md
[2025-12-26 07:13:26] ⚠️ Placeholder detected: /home/rafa1215/consensus-project/memory/logs/system/agent_summaries/top10_optimization_2025-12-22_0902.md
[2025-12-26 07:13:26] ⚠️ Placeholder detected: /home/rafa1215/consensus-project/memory/logs/system/agent_summaries/top10_suggestions_2025-12-16_0902.md
[2025-12-26 07:13:26] ⚠️ Placeholder detected: /home/rafa1215/consensus-project/memory/logs/system/agent_summaries/top10_brainstorm_2025-12-22_0902.md
[2025-12-26 07:13:26] ⚠️ Placeholder detected: /home/rafa1215/consensus-project/memory/logs/system/agent_summaries/top10_optimization_2025-12-23_0902.md
[2025-12-26 07:13:26] ⚠️ Placeholder detected: /home/rafa1215/consensus-project/memory/logs/system/agent_summaries/top10_brainstorm_2025-12-17_0902.md
[2025-12-26 07:13:26] ⚠️ Placeholder detected: /home/rafa1215/consensus-project/memory/logs/system/agent_summaries/top10_optimization_2025-12-20_0902.md
[2025-12-26 07:13:26] ⚠️ Placeholder detected: /home/rafa1215/consensus-project/memory/logs/system/agent_summaries/top10_optimization_2025-12-21_0902.md
[2025-12-26 07:13:26] ♻️  Placeholder or missing Top-10 detected — regenerating...
[2025-12-27 07:06:45] ⚠️  Missing or outdated daily summaries detected — regenerating.
[2025-12-27 07:06:46] ✅ Generated summaries for 2025-12-24
[2025-12-27 07:06:46] ✅ Generated summaries for 2025-12-25
[2025-12-27 07:06:46] ✅ Generated summaries for 2025-12-26
[2025-12-27 07:06:46] ✅ Generated summaries for 2025-12-27
[2025-12-27 07:06:46] ✅ Summary generation complete (4 day(s))
[2025-12-27 07:06:46] ⚠️  Missing or outdated daily summaries detected — regenerating.
[2025-12-27 07:06:46] ✅ Generated summaries for 2025-12-24
[2025-12-27 07:06:46] ✅ Generated summaries for 2025-12-25
[2025-12-27 07:06:46] ✅ Generated summaries for 2025-12-26
[2025-12-27 07:06:46] ✅ Generated summaries for 2025-12-27
[2025-12-27 07:06:46] ✅ Summary generation complete (4 day(s))
[2025-12-27 07:08:21] 🔍 Running system file auditor...
[2025-12-27 07:08:26] 🔍 Running system file auditor...
[2025-12-27 07:09:26] 🚀 Auto-Repair Suite started.
[2025-12-27 07:09:26] ⚠️ Placeholder detected: /home/rafa1215/consensus-project/memory/logs/system/agent_summaries/top10_suggestions_2025-12-22_0902.md
[2025-12-27 07:09:26] ⚠️ Placeholder detected: /home/rafa1215/consensus-project/memory/logs/system/agent_summaries/top10_optimization_2025-12-26_0902.md
[2025-12-27 07:09:26] ⚠️ Placeholder detected: /home/rafa1215/consensus-project/memory/logs/system/agent_summaries/top10_optimization_2025-12-19_0902.md
[2025-12-27 07:09:26] ⚠️ Placeholder detected: /home/rafa1215/consensus-project/memory/logs/system/agent_summaries/top10_suggestions_2025-12-21_0902.md
[2025-12-27 07:09:26] ⚠️ Placeholder detected: /home/rafa1215/consensus-project/memory/logs/system/agent_summaries/top10_suggestions_2025-12-19_0902.md
[2025-12-27 07:09:26] ⚠️ Placeholder detected: /home/rafa1215/consensus-project/memory/logs/system/agent_summaries/top10_suggestions_2025-12-17_0902.md
[2025-12-27 07:09:26] ⚠️ Placeholder detected: /home/rafa1215/consensus-project/memory/logs/system/agent_summaries/top10_optimization_2025-12-18_0902.md
[2025-12-27 07:09:26] ⚠️ Placeholder detected: /home/rafa1215/consensus-project/memory/logs/system/agent_summaries/top10_suggestions_2025-12-20_0902.md
[2025-12-27 07:09:26] ⚠️ Placeholder detected: /home/rafa1215/consensus-project/memory/logs/system/agent_summaries/top10_brainstorm_2025-12-25_0902.md
[2025-12-27 07:09:26] ⚠️ Placeholder detected: /home/rafa1215/consensus-project/memory/logs/system/agent_summaries/top10_suggestions_2025-12-25_0902.md
[2025-12-27 07:09:26] ⚠️ Placeholder detected: /home/rafa1215/consensus-project/memory/logs/system/agent_summaries/top10_brainstorm_2025-12-19_0902.md
[2025-12-27 07:09:26] ⚠️ Placeholder detected: /home/rafa1215/consensus-project/memory/logs/system/agent_summaries/top10_suggestions_2025-12-18_0902.md
[2025-12-27 07:09:26] ⚠️ Placeholder detected: /home/rafa1215/consensus-project/memory/logs/system/agent_summaries/top10_optimization_2025-12-17_0902.md
[2025-12-27 07:09:26] ⚠️ Placeholder detected: /home/rafa1215/consensus-project/memory/logs/system/agent_summaries/top10_brainstorm_2025-12-23_0902.md
[2025-12-27 07:09:26] ⚠️ Placeholder detected: /home/rafa1215/consensus-project/memory/logs/system/agent_summaries/top10_optimization_2025-12-27_0902.md
[2025-12-27 07:09:26] ⚠️ Placeholder detected: /home/rafa1215/consensus-project/memory/logs/system/agent_summaries/top10_brainstorm_2025-12-20_0902.md
[2025-12-27 07:09:26] ⚠️ Placeholder detected: /home/rafa1215/consensus-project/memory/logs/system/agent_summaries/top10_suggestions_2025-12-23_0902.md
[2025-12-27 07:09:26] ⚠️ Placeholder detected: /home/rafa1215/consensus-project/memory/logs/system/agent_summaries/top10_suggestions_2025-12-27_0902.md
[2025-12-27 07:09:26] ⚠️ Placeholder detected: /home/rafa1215/consensus-project/memory/logs/system/agent_summaries/top10_brainstorm_2025-12-21_0902.md
[2025-12-27 07:09:26] ⚠️ Placeholder detected: /home/rafa1215/consensus-project/memory/logs/system/agent_summaries/top10_brainstorm_2025-12-18_0902.md
[2025-12-27 07:09:26] ⚠️ Placeholder detected: /home/rafa1215/consensus-project/memory/logs/system/agent_summaries/top10_suggestions_2025-12-24_0902.md
[2025-12-27 07:09:26] ⚠️ Placeholder detected: /home/rafa1215/consensus-project/memory/logs/system/agent_summaries/top10_optimization_2025-12-16_0902.md
[2025-12-27 07:09:26] ⚠️ Placeholder detected: /home/rafa1215/consensus-project/memory/logs/system/agent_summaries/top10_optimization_2025-12-24_0902.md
[2025-12-27 07:09:26] ⚠️ Placeholder detected: /home/rafa1215/consensus-project/memory/logs/system/agent_summaries/top10_suggestions_2025-12-26_0902.md
[2025-12-27 07:09:26] ⚠️ Placeholder detected: /home/rafa1215/consensus-project/memory/logs/system/agent_summaries/top10_brainstorm_2025-12-16_0902.md
[2025-12-27 07:09:26] ⚠️ Placeholder detected: /home/rafa1215/consensus-project/memory/logs/system/agent_summaries/top10_optimization_2025-12-25_0902.md
[2025-12-27 07:09:26] ⚠️ Placeholder detected: /home/rafa1215/consensus-project/memory/logs/system/agent_summaries/top10_brainstorm_2025-12-27_0902.md
[2025-12-27 07:09:26] ⚠️ Placeholder detected: /home/rafa1215/consensus-project/memory/logs/system/agent_summaries/top10_optimization_2025-12-22_0902.md
[2025-12-27 07:09:26] ⚠️ Placeholder detected: /home/rafa1215/consensus-project/memory/logs/system/agent_summaries/top10_suggestions_2025-12-16_0902.md
[2025-12-27 07:09:26] ⚠️ Placeholder detected: /home/rafa1215/consensus-project/memory/logs/system/agent_summaries/top10_brainstorm_2025-12-26_0902.md
[2025-12-27 07:09:26] ⚠️ Placeholder detected: /home/rafa1215/consensus-project/memory/logs/system/agent_summaries/top10_brainstorm_2025-12-22_0902.md
[2025-12-27 07:09:26] ⚠️ Placeholder detected: /home/rafa1215/consensus-project/memory/logs/system/agent_summaries/top10_optimization_2025-12-23_0902.md
[2025-12-27 07:09:26] ⚠️ Placeholder detected: /home/rafa1215/consensus-project/memory/logs/system/agent_summaries/top10_brainstorm_2025-12-17_0902.md
[2025-12-27 07:09:26] ⚠️ Placeholder detected: /home/rafa1215/consensus-project/memory/logs/system/agent_summaries/top10_optimization_2025-12-20_0902.md
[2025-12-27 07:09:26] ⚠️ Placeholder detected: /home/rafa1215/consensus-project/memory/logs/system/agent_summaries/top10_optimization_2025-12-21_0902.md
[2025-12-27 07:09:26] ⚠️ Placeholder detected: /home/rafa1215/consensus-project/memory/logs/system/agent_summaries/top10_brainstorm_2025-12-24_0902.md
[2025-12-27 07:09:26] ♻️  Placeholder or missing Top-10 detected — regenerating...
[2025-12-27 07:09:29] ⚠️  Missing or outdated daily summaries detected — regenerating.
[2025-12-27 07:09:29] ✅ Generated summaries for 2025-12-24
[2025-12-27 07:09:29] ✅ Generated summaries for 2025-12-25
[2025-12-27 07:09:29] ✅ Generated summaries for 2025-12-26
[2025-12-27 07:09:29] ✅ Generated summaries for 2025-12-27
[2025-12-27 07:09:29] ✅ Summary generation complete (4 day(s))
[2025-12-27 07:09:29] ✅ Updated Top-10 digest index.
[2025-12-27 07:09:29] 📦 Archived 15 Top-10 files older than 7 days.
[2025-12-27 07:09:29] ✅ Auto-Repair Suite completed successfully.
[2025-12-27 07:09:29] 🚀 Auto-Repair Suite started.
[2025-12-27 07:09:29] ⚠️ Placeholder detected: /home/rafa1215/consensus-project/memory/logs/system/agent_summaries/top10_suggestions_2025-12-22_0902.md
[2025-12-27 07:09:29] ⚠️ Placeholder detected: /home/rafa1215/consensus-project/memory/logs/system/agent_summaries/top10_optimization_2025-12-26_0902.md
[2025-12-27 07:09:29] ⚠️ Placeholder detected: /home/rafa1215/consensus-project/memory/logs/system/agent_summaries/top10_optimization_2025-12-19_0902.md
[2025-12-27 07:09:29] ⚠️ Placeholder detected: /home/rafa1215/consensus-project/memory/logs/system/agent_summaries/top10_suggestions_2025-12-21_0902.md
[2025-12-27 07:09:29] ⚠️ Placeholder detected: /home/rafa1215/consensus-project/memory/logs/system/agent_summaries/top10_suggestions_2025-12-19_0902.md
[2025-12-27 07:09:29] ⚠️ Placeholder detected: /home/rafa1215/consensus-project/memory/logs/system/agent_summaries/top10_suggestions_2025-12-17_0902.md
[2025-12-27 07:09:29] ⚠️ Placeholder detected: /home/rafa1215/consensus-project/memory/logs/system/agent_summaries/top10_optimization_2025-12-18_0902.md
[2025-12-27 07:09:29] ⚠️ Placeholder detected: /home/rafa1215/consensus-project/memory/logs/system/agent_summaries/top10_suggestions_2025-12-20_0902.md
[2025-12-27 07:09:29] ⚠️ Placeholder detected: /home/rafa1215/consensus-project/memory/logs/system/agent_summaries/top10_brainstorm_2025-12-25_0902.md
[2025-12-27 07:09:29] ⚠️ Placeholder detected: /home/rafa1215/consensus-project/memory/logs/system/agent_summaries/top10_suggestions_2025-12-25_0902.md
[2025-12-27 07:09:29] ⚠️ Placeholder detected: /home/rafa1215/consensus-project/memory/logs/system/agent_summaries/top10_brainstorm_2025-12-19_0902.md
[2025-12-27 07:09:29] ⚠️ Placeholder detected: /home/rafa1215/consensus-project/memory/logs/system/agent_summaries/top10_suggestions_2025-12-18_0902.md
[2025-12-27 07:09:29] ⚠️ Placeholder detected: /home/rafa1215/consensus-project/memory/logs/system/agent_summaries/top10_optimization_2025-12-17_0902.md
[2025-12-27 07:09:29] ⚠️ Placeholder detected: /home/rafa1215/consensus-project/memory/logs/system/agent_summaries/top10_brainstorm_2025-12-23_0902.md
[2025-12-27 07:09:29] ⚠️ Placeholder detected: /home/rafa1215/consensus-project/memory/logs/system/agent_summaries/top10_optimization_2025-12-27_0902.md
[2025-12-27 07:09:29] ⚠️ Placeholder detected: /home/rafa1215/consensus-project/memory/logs/system/agent_summaries/top10_brainstorm_2025-12-20_0902.md
[2025-12-27 07:09:29] ⚠️ Placeholder detected: /home/rafa1215/consensus-project/memory/logs/system/agent_summaries/top10_suggestions_2025-12-23_0902.md
[2025-12-27 07:09:29] ⚠️ Placeholder detected: /home/rafa1215/consensus-project/memory/logs/system/agent_summaries/top10_suggestions_2025-12-27_0902.md
[2025-12-27 07:09:29] ⚠️ Placeholder detected: /home/rafa1215/consensus-project/memory/logs/system/agent_summaries/top10_brainstorm_2025-12-21_0902.md
[2025-12-27 07:09:29] ⚠️ Placeholder detected: /home/rafa1215/consensus-project/memory/logs/system/agent_summaries/top10_brainstorm_2025-12-18_0902.md
[2025-12-27 07:09:29] ⚠️ Placeholder detected: /home/rafa1215/consensus-project/memory/logs/system/agent_summaries/top10_suggestions_2025-12-24_0902.md
[2025-12-27 07:09:29] ⚠️ Placeholder detected: /home/rafa1215/consensus-project/memory/logs/system/agent_summaries/top10_optimization_2025-12-24_0902.md
[2025-12-27 07:09:29] ⚠️ Placeholder detected: /home/rafa1215/consensus-project/memory/logs/system/agent_summaries/top10_suggestions_2025-12-26_0902.md
[2025-12-27 07:09:29] ⚠️ Placeholder detected: /home/rafa1215/consensus-project/memory/logs/system/agent_summaries/top10_optimization_2025-12-25_0902.md
[2025-12-27 07:09:29] ⚠️ Placeholder detected: /home/rafa1215/consensus-project/memory/logs/system/agent_summaries/top10_brainstorm_2025-12-27_0902.md
[2025-12-27 07:09:29] ⚠️ Placeholder detected: /home/rafa1215/consensus-project/memory/logs/system/agent_summaries/top10_optimization_2025-12-22_0902.md
[2025-12-27 07:09:29] ⚠️ Placeholder detected: /home/rafa1215/consensus-project/memory/logs/system/agent_summaries/top10_brainstorm_2025-12-26_0902.md
[2025-12-27 07:09:29] ⚠️ Placeholder detected: /home/rafa1215/consensus-project/memory/logs/system/agent_summaries/top10_brainstorm_2025-12-22_0902.md
[2025-12-27 07:09:29] ⚠️ Placeholder detected: /home/rafa1215/consensus-project/memory/logs/system/agent_summaries/top10_optimization_2025-12-23_0902.md
[2025-12-27 07:09:29] ⚠️ Placeholder detected: /home/rafa1215/consensus-project/memory/logs/system/agent_summaries/top10_brainstorm_2025-12-17_0902.md
[2025-12-27 07:09:29] ⚠️ Placeholder detected: /home/rafa1215/consensus-project/memory/logs/system/agent_summaries/top10_optimization_2025-12-20_0902.md
[2025-12-27 07:09:29] ⚠️ Placeholder detected: /home/rafa1215/consensus-project/memory/logs/system/agent_summaries/top10_optimization_2025-12-21_0902.md
[2025-12-27 07:09:29] ⚠️ Placeholder detected: /home/rafa1215/consensus-project/memory/logs/system/agent_summaries/top10_brainstorm_2025-12-24_0902.md
[2025-12-27 07:09:29] ♻️  Placeholder or missing Top-10 detected — regenerating...
[2025-12-27 07:09:31] ⚠️  Missing or outdated daily summaries detected — regenerating.
[2025-12-27 07:09:31] ✅ Generated summaries for 2025-12-24
[2025-12-27 07:09:31] ✅ Generated summaries for 2025-12-25
[2025-12-27 07:09:31] ✅ Generated summaries for 2025-12-26
[2025-12-27 07:09:31] ✅ Generated summaries for 2025-12-27
[2025-12-27 07:09:31] ✅ Summary generation complete (4 day(s))
[2025-12-27 07:09:31] ✅ Updated Top-10 digest index.
[2025-12-27 07:09:31] 📦 Archived 0 Top-10 files older than 7 days.
[2025-12-27 07:09:31] ✅ Auto-Repair Suite completed successfully.
[2025-12-27 07:11:15] ✅ Generated summaries for 2025-12-27
[2025-12-27 07:11:15] ✅ Summary generation complete (1 day(s))
[2025-12-27 07:11:15] ✅ Generated summaries for 2025-12-27
[2025-12-27 07:11:15] ✅ Summary generation complete (1 day(s))
[2025-12-27 07:13:19] ⚠️ Placeholder detected: /home/rafa1215/consensus-project/memory/logs/system/agent_summaries/top10_suggestions_2025-12-22_0902.md
[2025-12-27 07:13:19] ⚠️ Placeholder detected: /home/rafa1215/consensus-project/memory/logs/system/agent_summaries/top10_optimization_2025-12-19_0902.md
[2025-12-27 07:13:19] ⚠️ Placeholder detected: /home/rafa1215/consensus-project/memory/logs/system/agent_summaries/top10_suggestions_2025-12-21_0902.md
[2025-12-27 07:13:19] ⚠️ Placeholder detected: /home/rafa1215/consensus-project/memory/logs/system/agent_summaries/top10_suggestions_2025-12-19_0902.md
[2025-12-27 07:13:19] ⚠️ Placeholder detected: /home/rafa1215/consensus-project/memory/logs/system/agent_summaries/top10_suggestions_2025-12-17_0902.md
[2025-12-27 07:13:19] ⚠️ Placeholder detected: /home/rafa1215/consensus-project/memory/logs/system/agent_summaries/top10_optimization_2025-12-18_0902.md
[2025-12-27 07:13:19] ⚠️ Placeholder detected: /home/rafa1215/consensus-project/memory/logs/system/agent_summaries/top10_suggestions_2025-12-20_0902.md
[2025-12-27 07:13:19] ⚠️ Placeholder detected: /home/rafa1215/consensus-project/memory/logs/system/agent_summaries/top10_brainstorm_2025-12-19_0902.md
[2025-12-27 07:13:19] ⚠️ Placeholder detected: /home/rafa1215/consensus-project/memory/logs/system/agent_summaries/top10_suggestions_2025-12-18_0902.md
[2025-12-27 07:13:19] ⚠️ Placeholder detected: /home/rafa1215/consensus-project/memory/logs/system/agent_summaries/top10_optimization_2025-12-17_0902.md
[2025-12-27 07:13:19] ⚠️ Placeholder detected: /home/rafa1215/consensus-project/memory/logs/system/agent_summaries/top10_brainstorm_2025-12-23_0902.md
[2025-12-27 07:13:19] ⚠️ Placeholder detected: /home/rafa1215/consensus-project/memory/logs/system/agent_summaries/top10_optimization_2025-12-27_0902.md
[2025-12-27 07:13:19] ⚠️ Placeholder detected: /home/rafa1215/consensus-project/memory/logs/system/agent_summaries/top10_brainstorm_2025-12-20_0902.md
[2025-12-27 07:13:20] ⚠️ Placeholder detected: /home/rafa1215/consensus-project/memory/logs/system/agent_summaries/top10_suggestions_2025-12-23_0902.md
[2025-12-27 07:13:20] ⚠️ Placeholder detected: /home/rafa1215/consensus-project/memory/logs/system/agent_summaries/top10_suggestions_2025-12-27_0902.md
[2025-12-27 07:13:20] ⚠️ Placeholder detected: /home/rafa1215/consensus-project/memory/logs/system/agent_summaries/top10_brainstorm_2025-12-21_0902.md
[2025-12-27 07:13:20] ⚠️ Placeholder detected: /home/rafa1215/consensus-project/memory/logs/system/agent_summaries/top10_brainstorm_2025-12-18_0902.md
[2025-12-27 07:13:20] ⚠️ Placeholder detected: /home/rafa1215/consensus-project/memory/logs/system/agent_summaries/top10_suggestions_2025-12-24_0902.md
[2025-12-27 07:13:20] ⚠️ Placeholder detected: /home/rafa1215/consensus-project/memory/logs/system/agent_summaries/top10_optimization_2025-12-24_0902.md
[2025-12-27 07:13:20] ⚠️ Placeholder detected: /home/rafa1215/consensus-project/memory/logs/system/agent_summaries/top10_brainstorm_2025-12-27_0902.md
[2025-12-27 07:13:20] ⚠️ Placeholder detected: /home/rafa1215/consensus-project/memory/logs/system/agent_summaries/top10_optimization_2025-12-22_0902.md
[2025-12-27 07:13:20] ⚠️ Placeholder detected: /home/rafa1215/consensus-project/memory/logs/system/agent_summaries/top10_brainstorm_2025-12-22_0902.md
[2025-12-27 07:13:20] ⚠️ Placeholder detected: /home/rafa1215/consensus-project/memory/logs/system/agent_summaries/top10_optimization_2025-12-23_0902.md
[2025-12-27 07:13:20] ⚠️ Placeholder detected: /home/rafa1215/consensus-project/memory/logs/system/agent_summaries/top10_brainstorm_2025-12-17_0902.md
[2025-12-27 07:13:20] ⚠️ Placeholder detected: /home/rafa1215/consensus-project/memory/logs/system/agent_summaries/top10_optimization_2025-12-20_0902.md
[2025-12-27 07:13:20] ⚠️ Placeholder detected: /home/rafa1215/consensus-project/memory/logs/system/agent_summaries/top10_optimization_2025-12-21_0902.md
[2025-12-27 07:13:20] ⚠️ Placeholder detected: /home/rafa1215/consensus-project/memory/logs/system/agent_summaries/top10_brainstorm_2025-12-24_0902.md
[2025-12-27 07:13:20] ♻️  Placeholder or missing Top-10 detected — regenerating...
[2025-12-27 07:13:22] ⚠️ Placeholder detected: /home/rafa1215/consensus-project/memory/logs/system/agent_summaries/top10_suggestions_2025-12-22_0902.md
[2025-12-27 07:13:22] ⚠️ Placeholder detected: /home/rafa1215/consensus-project/memory/logs/system/agent_summaries/top10_optimization_2025-12-19_0902.md
[2025-12-27 07:13:22] ⚠️ Placeholder detected: /home/rafa1215/consensus-project/memory/logs/system/agent_summaries/top10_suggestions_2025-12-21_0902.md
[2025-12-27 07:13:22] ⚠️ Placeholder detected: /home/rafa1215/consensus-project/memory/logs/system/agent_summaries/top10_suggestions_2025-12-19_0902.md
[2025-12-27 07:13:22] ⚠️ Placeholder detected: /home/rafa1215/consensus-project/memory/logs/system/agent_summaries/top10_suggestions_2025-12-17_0902.md
[2025-12-27 07:13:22] ⚠️ Placeholder detected: /home/rafa1215/consensus-project/memory/logs/system/agent_summaries/top10_optimization_2025-12-18_0902.md
[2025-12-27 07:13:22] ⚠️ Placeholder detected: /home/rafa1215/consensus-project/memory/logs/system/agent_summaries/top10_suggestions_2025-12-20_0902.md
[2025-12-27 07:13:22] ⚠️ Placeholder detected: /home/rafa1215/consensus-project/memory/logs/system/agent_summaries/top10_brainstorm_2025-12-19_0902.md
[2025-12-27 07:13:22] ⚠️ Placeholder detected: /home/rafa1215/consensus-project/memory/logs/system/agent_summaries/top10_suggestions_2025-12-18_0902.md
[2025-12-27 07:13:22] ⚠️ Placeholder detected: /home/rafa1215/consensus-project/memory/logs/system/agent_summaries/top10_optimization_2025-12-17_0902.md
[2025-12-27 07:13:22] ⚠️ Placeholder detected: /home/rafa1215/consensus-project/memory/logs/system/agent_summaries/top10_brainstorm_2025-12-23_0902.md
[2025-12-27 07:13:22] ⚠️ Placeholder detected: /home/rafa1215/consensus-project/memory/logs/system/agent_summaries/top10_brainstorm_2025-12-20_0902.md
[2025-12-27 07:13:22] ⚠️ Placeholder detected: /home/rafa1215/consensus-project/memory/logs/system/agent_summaries/top10_suggestions_2025-12-23_0902.md
[2025-12-27 07:13:22] ⚠️ Placeholder detected: /home/rafa1215/consensus-project/memory/logs/system/agent_summaries/top10_brainstorm_2025-12-21_0902.md
[2025-12-27 07:13:22] ⚠️ Placeholder detected: /home/rafa1215/consensus-project/memory/logs/system/agent_summaries/top10_brainstorm_2025-12-18_0902.md
[2025-12-27 07:13:22] ⚠️ Placeholder detected: /home/rafa1215/consensus-project/memory/logs/system/agent_summaries/top10_suggestions_2025-12-24_0902.md
[2025-12-27 07:13:22] ⚠️ Placeholder detected: /home/rafa1215/consensus-project/memory/logs/system/agent_summaries/top10_optimization_2025-12-24_0902.md
[2025-12-27 07:13:22] ⚠️ Placeholder detected: /home/rafa1215/consensus-project/memory/logs/system/agent_summaries/top10_optimization_2025-12-22_0902.md
[2025-12-27 07:13:22] ⚠️ Placeholder detected: /home/rafa1215/consensus-project/memory/logs/system/agent_summaries/top10_brainstorm_2025-12-22_0902.md
[2025-12-27 07:13:22] ⚠️ Placeholder detected: /home/rafa1215/consensus-project/memory/logs/system/agent_summaries/top10_optimization_2025-12-23_0902.md
[2025-12-27 07:13:22] ⚠️ Placeholder detected: /home/rafa1215/consensus-project/memory/logs/system/agent_summaries/top10_brainstorm_2025-12-17_0902.md
[2025-12-27 07:13:22] ⚠️ Placeholder detected: /home/rafa1215/consensus-project/memory/logs/system/agent_summaries/top10_optimization_2025-12-20_0902.md
[2025-12-27 07:13:22] ⚠️ Placeholder detected: /home/rafa1215/consensus-project/memory/logs/system/agent_summaries/top10_optimization_2025-12-21_0902.md
[2025-12-27 07:13:22] ⚠️ Placeholder detected: /home/rafa1215/consensus-project/memory/logs/system/agent_summaries/top10_brainstorm_2025-12-24_0902.md
[2025-12-27 07:13:22] ♻️  Placeholder or missing Top-10 detected — regenerating...
[2025-12-28 07:06:30] ⚠️  Missing or outdated daily summaries detected — regenerating.
[2025-12-28 07:06:30] ✅ Generated summaries for 2025-12-25
[2025-12-28 07:06:30] ✅ Generated summaries for 2025-12-26
[2025-12-28 07:06:30] ✅ Generated summaries for 2025-12-27
[2025-12-28 07:06:30] ✅ Generated summaries for 2025-12-28
[2025-12-28 07:06:30] ✅ Summary generation complete (4 day(s))
[2025-12-28 07:06:30] ⚠️  Missing or outdated daily summaries detected — regenerating.
[2025-12-28 07:06:30] ✅ Generated summaries for 2025-12-25
[2025-12-28 07:06:30] ✅ Generated summaries for 2025-12-26
[2025-12-28 07:06:30] ✅ Generated summaries for 2025-12-27
[2025-12-28 07:06:30] ✅ Generated summaries for 2025-12-28
[2025-12-28 07:06:30] ✅ Summary generation complete (4 day(s))
[2025-12-28 07:08:17] 🔍 Running system file auditor...
[2025-12-28 07:08:22] 🔍 Running system file auditor...
[2025-12-28 07:09:23] 🚀 Auto-Repair Suite started.
[2025-12-28 07:09:23] ⚠️ Placeholder detected: /home/rafa1215/consensus-project/memory/logs/system/agent_summaries/top10_suggestions_2025-12-22_0902.md
[2025-12-28 07:09:23] ⚠️ Placeholder detected: /home/rafa1215/consensus-project/memory/logs/system/agent_summaries/top10_optimization_2025-12-26_0902.md
[2025-12-28 07:09:23] ⚠️ Placeholder detected: /home/rafa1215/consensus-project/memory/logs/system/agent_summaries/top10_optimization_2025-12-19_0902.md
[2025-12-28 07:09:23] ⚠️ Placeholder detected: /home/rafa1215/consensus-project/memory/logs/system/agent_summaries/top10_suggestions_2025-12-21_0902.md
[2025-12-28 07:09:23] ⚠️ Placeholder detected: /home/rafa1215/consensus-project/memory/logs/system/agent_summaries/top10_suggestions_2025-12-19_0902.md
[2025-12-28 07:09:23] ⚠️ Placeholder detected: /home/rafa1215/consensus-project/memory/logs/system/agent_summaries/top10_suggestions_2025-12-17_0902.md
[2025-12-28 07:09:23] ⚠️ Placeholder detected: /home/rafa1215/consensus-project/memory/logs/system/agent_summaries/top10_optimization_2025-12-18_0902.md
[2025-12-28 07:09:23] ⚠️ Placeholder detected: /home/rafa1215/consensus-project/memory/logs/system/agent_summaries/top10_suggestions_2025-12-20_0902.md
[2025-12-28 07:09:23] ⚠️ Placeholder detected: /home/rafa1215/consensus-project/memory/logs/system/agent_summaries/top10_brainstorm_2025-12-25_0902.md
[2025-12-28 07:09:23] ⚠️ Placeholder detected: /home/rafa1215/consensus-project/memory/logs/system/agent_summaries/top10_suggestions_2025-12-25_0902.md
[2025-12-28 07:09:23] ⚠️ Placeholder detected: /home/rafa1215/consensus-project/memory/logs/system/agent_summaries/top10_brainstorm_2025-12-19_0902.md
[2025-12-28 07:09:23] ⚠️ Placeholder detected: /home/rafa1215/consensus-project/memory/logs/system/agent_summaries/top10_suggestions_2025-12-18_0902.md
[2025-12-28 07:09:23] ⚠️ Placeholder detected: /home/rafa1215/consensus-project/memory/logs/system/agent_summaries/top10_optimization_2025-12-17_0902.md
[2025-12-28 07:09:23] ⚠️ Placeholder detected: /home/rafa1215/consensus-project/memory/logs/system/agent_summaries/top10_brainstorm_2025-12-23_0902.md
[2025-12-28 07:09:23] ⚠️ Placeholder detected: /home/rafa1215/consensus-project/memory/logs/system/agent_summaries/top10_optimization_2025-12-27_0902.md
[2025-12-28 07:09:23] ⚠️ Placeholder detected: /home/rafa1215/consensus-project/memory/logs/system/agent_summaries/top10_brainstorm_2025-12-20_0902.md
[2025-12-28 07:09:23] ⚠️ Placeholder detected: /home/rafa1215/consensus-project/memory/logs/system/agent_summaries/top10_suggestions_2025-12-23_0902.md
[2025-12-28 07:09:23] ⚠️ Placeholder detected: /home/rafa1215/consensus-project/memory/logs/system/agent_summaries/top10_suggestions_2025-12-27_0902.md
[2025-12-28 07:09:23] ⚠️ Placeholder detected: /home/rafa1215/consensus-project/memory/logs/system/agent_summaries/top10_brainstorm_2025-12-21_0902.md
[2025-12-28 07:09:23] ⚠️ Placeholder detected: /home/rafa1215/consensus-project/memory/logs/system/agent_summaries/top10_brainstorm_2025-12-18_0902.md
[2025-12-28 07:09:23] ⚠️ Placeholder detected: /home/rafa1215/consensus-project/memory/logs/system/agent_summaries/top10_suggestions_2025-12-24_0902.md
[2025-12-28 07:09:23] ⚠️ Placeholder detected: /home/rafa1215/consensus-project/memory/logs/system/agent_summaries/top10_suggestions_2025-12-28_0902.md
[2025-12-28 07:09:23] ⚠️ Placeholder detected: /home/rafa1215/consensus-project/memory/logs/system/agent_summaries/top10_optimization_2025-12-24_0902.md
[2025-12-28 07:09:23] ⚠️ Placeholder detected: /home/rafa1215/consensus-project/memory/logs/system/agent_summaries/top10_suggestions_2025-12-26_0902.md
[2025-12-28 07:09:23] ⚠️ Placeholder detected: /home/rafa1215/consensus-project/memory/logs/system/agent_summaries/top10_optimization_2025-12-25_0902.md
[2025-12-28 07:09:23] ⚠️ Placeholder detected: /home/rafa1215/consensus-project/memory/logs/system/agent_summaries/top10_optimization_2025-12-28_0902.md
[2025-12-28 07:09:23] ⚠️ Placeholder detected: /home/rafa1215/consensus-project/memory/logs/system/agent_summaries/top10_brainstorm_2025-12-27_0902.md
[2025-12-28 07:09:23] ⚠️ Placeholder detected: /home/rafa1215/consensus-project/memory/logs/system/agent_summaries/top10_optimization_2025-12-22_0902.md
[2025-12-28 07:09:23] ⚠️ Placeholder detected: /home/rafa1215/consensus-project/memory/logs/system/agent_summaries/top10_brainstorm_2025-12-26_0902.md
[2025-12-28 07:09:23] ⚠️ Placeholder detected: /home/rafa1215/consensus-project/memory/logs/system/agent_summaries/top10_brainstorm_2025-12-28_0902.md
[2025-12-28 07:09:23] ⚠️ Placeholder detected: /home/rafa1215/consensus-project/memory/logs/system/agent_summaries/top10_brainstorm_2025-12-22_0902.md
[2025-12-28 07:09:23] ⚠️ Placeholder detected: /home/rafa1215/consensus-project/memory/logs/system/agent_summaries/top10_optimization_2025-12-23_0902.md
[2025-12-28 07:09:23] ⚠️ Placeholder detected: /home/rafa1215/consensus-project/memory/logs/system/agent_summaries/top10_brainstorm_2025-12-17_0902.md
[2025-12-28 07:09:23] ⚠️ Placeholder detected: /home/rafa1215/consensus-project/memory/logs/system/agent_summaries/top10_optimization_2025-12-20_0902.md
[2025-12-28 07:09:23] ⚠️ Placeholder detected: /home/rafa1215/consensus-project/memory/logs/system/agent_summaries/top10_optimization_2025-12-21_0902.md
[2025-12-28 07:09:23] ⚠️ Placeholder detected: /home/rafa1215/consensus-project/memory/logs/system/agent_summaries/top10_brainstorm_2025-12-24_0902.md
[2025-12-28 07:09:23] ♻️  Placeholder or missing Top-10 detected — regenerating...
[2025-12-28 07:09:26] ⚠️  Missing or outdated daily summaries detected — regenerating.
[2025-12-28 07:09:26] ✅ Generated summaries for 2025-12-25
[2025-12-28 07:09:26] ✅ Generated summaries for 2025-12-26
[2025-12-28 07:09:26] ✅ Generated summaries for 2025-12-27
[2025-12-28 07:09:26] ✅ Generated summaries for 2025-12-28
[2025-12-28 07:09:26] ✅ Summary generation complete (4 day(s))
[2025-12-28 07:09:26] ✅ Updated Top-10 digest index.
[2025-12-28 07:09:27] 📦 Archived 15 Top-10 files older than 7 days.
[2025-12-28 07:09:27] ✅ Auto-Repair Suite completed successfully.
[2025-12-28 07:09:27] 🚀 Auto-Repair Suite started.
[2025-12-28 07:09:27] ⚠️ Placeholder detected: /home/rafa1215/consensus-project/memory/logs/system/agent_summaries/top10_suggestions_2025-12-22_0902.md
[2025-12-28 07:09:27] ⚠️ Placeholder detected: /home/rafa1215/consensus-project/memory/logs/system/agent_summaries/top10_optimization_2025-12-26_0902.md
[2025-12-28 07:09:27] ⚠️ Placeholder detected: /home/rafa1215/consensus-project/memory/logs/system/agent_summaries/top10_optimization_2025-12-19_0902.md
[2025-12-28 07:09:27] ⚠️ Placeholder detected: /home/rafa1215/consensus-project/memory/logs/system/agent_summaries/top10_suggestions_2025-12-21_0902.md
[2025-12-28 07:09:27] ⚠️ Placeholder detected: /home/rafa1215/consensus-project/memory/logs/system/agent_summaries/top10_suggestions_2025-12-19_0902.md
[2025-12-28 07:09:27] ⚠️ Placeholder detected: /home/rafa1215/consensus-project/memory/logs/system/agent_summaries/top10_optimization_2025-12-18_0902.md
[2025-12-28 07:09:27] ⚠️ Placeholder detected: /home/rafa1215/consensus-project/memory/logs/system/agent_summaries/top10_suggestions_2025-12-20_0902.md
[2025-12-28 07:09:27] ⚠️ Placeholder detected: /home/rafa1215/consensus-project/memory/logs/system/agent_summaries/top10_brainstorm_2025-12-25_0902.md
[2025-12-28 07:09:27] ⚠️ Placeholder detected: /home/rafa1215/consensus-project/memory/logs/system/agent_summaries/top10_suggestions_2025-12-25_0902.md
[2025-12-28 07:09:27] ⚠️ Placeholder detected: /home/rafa1215/consensus-project/memory/logs/system/agent_summaries/top10_brainstorm_2025-12-19_0902.md
[2025-12-28 07:09:27] ⚠️ Placeholder detected: /home/rafa1215/consensus-project/memory/logs/system/agent_summaries/top10_suggestions_2025-12-18_0902.md
[2025-12-28 07:09:27] ⚠️ Placeholder detected: /home/rafa1215/consensus-project/memory/logs/system/agent_summaries/top10_brainstorm_2025-12-23_0902.md
[2025-12-28 07:09:27] ⚠️ Placeholder detected: /home/rafa1215/consensus-project/memory/logs/system/agent_summaries/top10_optimization_2025-12-27_0902.md
[2025-12-28 07:09:27] ⚠️ Placeholder detected: /home/rafa1215/consensus-project/memory/logs/system/agent_summaries/top10_brainstorm_2025-12-20_0902.md
[2025-12-28 07:09:27] ⚠️ Placeholder detected: /home/rafa1215/consensus-project/memory/logs/system/agent_summaries/top10_suggestions_2025-12-23_0902.md
[2025-12-28 07:09:27] ⚠️ Placeholder detected: /home/rafa1215/consensus-project/memory/logs/system/agent_summaries/top10_suggestions_2025-12-27_0902.md
[2025-12-28 07:09:27] ⚠️ Placeholder detected: /home/rafa1215/consensus-project/memory/logs/system/agent_summaries/top10_brainstorm_2025-12-21_0902.md
[2025-12-28 07:09:27] ⚠️ Placeholder detected: /home/rafa1215/consensus-project/memory/logs/system/agent_summaries/top10_brainstorm_2025-12-18_0902.md
[2025-12-28 07:09:27] ⚠️ Placeholder detected: /home/rafa1215/consensus-project/memory/logs/system/agent_summaries/top10_suggestions_2025-12-24_0902.md
[2025-12-28 07:09:27] ⚠️ Placeholder detected: /home/rafa1215/consensus-project/memory/logs/system/agent_summaries/top10_suggestions_2025-12-28_0902.md
[2025-12-28 07:09:27] ⚠️ Placeholder detected: /home/rafa1215/consensus-project/memory/logs/system/agent_summaries/top10_optimization_2025-12-24_0902.md
[2025-12-28 07:09:27] ⚠️ Placeholder detected: /home/rafa1215/consensus-project/memory/logs/system/agent_summaries/top10_suggestions_2025-12-26_0902.md
[2025-12-28 07:09:27] ⚠️ Placeholder detected: /home/rafa1215/consensus-project/memory/logs/system/agent_summaries/top10_optimization_2025-12-25_0902.md
[2025-12-28 07:09:27] ⚠️ Placeholder detected: /home/rafa1215/consensus-project/memory/logs/system/agent_summaries/top10_optimization_2025-12-28_0902.md
[2025-12-28 07:09:27] ⚠️ Placeholder detected: /home/rafa1215/consensus-project/memory/logs/system/agent_summaries/top10_brainstorm_2025-12-27_0902.md
[2025-12-28 07:09:27] ⚠️ Placeholder detected: /home/rafa1215/consensus-project/memory/logs/system/agent_summaries/top10_optimization_2025-12-22_0902.md
[2025-12-28 07:09:27] ⚠️ Placeholder detected: /home/rafa1215/consensus-project/memory/logs/system/agent_summaries/top10_brainstorm_2025-12-26_0902.md
[2025-12-28 07:09:27] ⚠️ Placeholder detected: /home/rafa1215/consensus-project/memory/logs/system/agent_summaries/top10_brainstorm_2025-12-28_0902.md
[2025-12-28 07:09:27] ⚠️ Placeholder detected: /home/rafa1215/consensus-project/memory/logs/system/agent_summaries/top10_brainstorm_2025-12-22_0902.md
[2025-12-28 07:09:27] ⚠️ Placeholder detected: /home/rafa1215/consensus-project/memory/logs/system/agent_summaries/top10_optimization_2025-12-23_0902.md
[2025-12-28 07:09:27] ⚠️ Placeholder detected: /home/rafa1215/consensus-project/memory/logs/system/agent_summaries/top10_optimization_2025-12-20_0902.md
[2025-12-28 07:09:27] ⚠️ Placeholder detected: /home/rafa1215/consensus-project/memory/logs/system/agent_summaries/top10_optimization_2025-12-21_0902.md
[2025-12-28 07:09:27] ⚠️ Placeholder detected: /home/rafa1215/consensus-project/memory/logs/system/agent_summaries/top10_brainstorm_2025-12-24_0902.md
[2025-12-28 07:09:27] ♻️  Placeholder or missing Top-10 detected — regenerating...
[2025-12-28 07:09:29] ⚠️  Missing or outdated daily summaries detected — regenerating.
[2025-12-28 07:09:29] ✅ Generated summaries for 2025-12-25
[2025-12-28 07:09:29] ✅ Generated summaries for 2025-12-26
[2025-12-28 07:09:29] ✅ Generated summaries for 2025-12-27
[2025-12-28 07:09:29] ✅ Generated summaries for 2025-12-28
[2025-12-28 07:09:29] ✅ Summary generation complete (4 day(s))
[2025-12-28 07:09:29] ✅ Updated Top-10 digest index.
[2025-12-28 07:09:29] 📦 Archived 0 Top-10 files older than 7 days.
[2025-12-28 07:09:29] ✅ Auto-Repair Suite completed successfully.
[2025-12-28 07:11:15] ✅ Generated summaries for 2025-12-28
[2025-12-28 07:11:15] ✅ Summary generation complete (1 day(s))
[2025-12-28 07:11:16] ✅ Generated summaries for 2025-12-28
[2025-12-28 07:11:16] ✅ Summary generation complete (1 day(s))
[2025-12-28 07:13:21] ⚠️ Placeholder detected: /home/rafa1215/consensus-project/memory/logs/system/agent_summaries/top10_suggestions_2025-12-22_0902.md
[2025-12-28 07:13:21] ⚠️ Placeholder detected: /home/rafa1215/consensus-project/memory/logs/system/agent_summaries/top10_optimization_2025-12-19_0902.md
[2025-12-28 07:13:21] ⚠️ Placeholder detected: /home/rafa1215/consensus-project/memory/logs/system/agent_summaries/top10_suggestions_2025-12-21_0902.md
[2025-12-28 07:13:21] ⚠️ Placeholder detected: /home/rafa1215/consensus-project/memory/logs/system/agent_summaries/top10_suggestions_2025-12-19_0902.md
[2025-12-28 07:13:21] ⚠️ Placeholder detected: /home/rafa1215/consensus-project/memory/logs/system/agent_summaries/top10_optimization_2025-12-18_0902.md
[2025-12-28 07:13:21] ⚠️ Placeholder detected: /home/rafa1215/consensus-project/memory/logs/system/agent_summaries/top10_suggestions_2025-12-20_0902.md
[2025-12-28 07:13:21] ⚠️ Placeholder detected: /home/rafa1215/consensus-project/memory/logs/system/agent_summaries/top10_brainstorm_2025-12-25_0902.md
[2025-12-28 07:13:21] ⚠️ Placeholder detected: /home/rafa1215/consensus-project/memory/logs/system/agent_summaries/top10_suggestions_2025-12-25_0902.md
[2025-12-28 07:13:21] ⚠️ Placeholder detected: /home/rafa1215/consensus-project/memory/logs/system/agent_summaries/top10_brainstorm_2025-12-19_0902.md
[2025-12-28 07:13:21] ⚠️ Placeholder detected: /home/rafa1215/consensus-project/memory/logs/system/agent_summaries/top10_suggestions_2025-12-18_0902.md
[2025-12-28 07:13:21] ⚠️ Placeholder detected: /home/rafa1215/consensus-project/memory/logs/system/agent_summaries/top10_brainstorm_2025-12-23_0902.md
[2025-12-28 07:13:21] ⚠️ Placeholder detected: /home/rafa1215/consensus-project/memory/logs/system/agent_summaries/top10_brainstorm_2025-12-20_0902.md
[2025-12-28 07:13:21] ⚠️ Placeholder detected: /home/rafa1215/consensus-project/memory/logs/system/agent_summaries/top10_suggestions_2025-12-23_0902.md
[2025-12-28 07:13:21] ⚠️ Placeholder detected: /home/rafa1215/consensus-project/memory/logs/system/agent_summaries/top10_brainstorm_2025-12-21_0902.md
[2025-12-28 07:13:21] ⚠️ Placeholder detected: /home/rafa1215/consensus-project/memory/logs/system/agent_summaries/top10_brainstorm_2025-12-18_0902.md
[2025-12-28 07:13:21] ⚠️ Placeholder detected: /home/rafa1215/consensus-project/memory/logs/system/agent_summaries/top10_suggestions_2025-12-24_0902.md
[2025-12-28 07:13:21] ⚠️ Placeholder detected: /home/rafa1215/consensus-project/memory/logs/system/agent_summaries/top10_suggestions_2025-12-28_0902.md
[2025-12-28 07:13:21] ⚠️ Placeholder detected: /home/rafa1215/consensus-project/memory/logs/system/agent_summaries/top10_optimization_2025-12-24_0902.md
[2025-12-28 07:13:21] ⚠️ Placeholder detected: /home/rafa1215/consensus-project/memory/logs/system/agent_summaries/top10_optimization_2025-12-25_0902.md
[2025-12-28 07:13:21] ⚠️ Placeholder detected: /home/rafa1215/consensus-project/memory/logs/system/agent_summaries/top10_optimization_2025-12-28_0902.md
[2025-12-28 07:13:21] ⚠️ Placeholder detected: /home/rafa1215/consensus-project/memory/logs/system/agent_summaries/top10_optimization_2025-12-22_0902.md
[2025-12-28 07:13:21] ⚠️ Placeholder detected: /home/rafa1215/consensus-project/memory/logs/system/agent_summaries/top10_brainstorm_2025-12-28_0902.md
[2025-12-28 07:13:21] ⚠️ Placeholder detected: /home/rafa1215/consensus-project/memory/logs/system/agent_summaries/top10_brainstorm_2025-12-22_0902.md
[2025-12-28 07:13:21] ⚠️ Placeholder detected: /home/rafa1215/consensus-project/memory/logs/system/agent_summaries/top10_optimization_2025-12-23_0902.md
[2025-12-28 07:13:21] ⚠️ Placeholder detected: /home/rafa1215/consensus-project/memory/logs/system/agent_summaries/top10_optimization_2025-12-20_0902.md
[2025-12-28 07:13:21] ⚠️ Placeholder detected: /home/rafa1215/consensus-project/memory/logs/system/agent_summaries/top10_optimization_2025-12-21_0902.md
[2025-12-28 07:13:21] ⚠️ Placeholder detected: /home/rafa1215/consensus-project/memory/logs/system/agent_summaries/top10_brainstorm_2025-12-24_0902.md
[2025-12-28 07:13:21] ♻️  Placeholder or missing Top-10 detected — regenerating...
[2025-12-28 07:13:23] ⚠️ Placeholder detected: /home/rafa1215/consensus-project/memory/logs/system/agent_summaries/top10_suggestions_2025-12-22_0902.md
[2025-12-28 07:13:23] ⚠️ Placeholder detected: /home/rafa1215/consensus-project/memory/logs/system/agent_summaries/top10_optimization_2025-12-19_0902.md
[2025-12-28 07:13:23] ⚠️ Placeholder detected: /home/rafa1215/consensus-project/memory/logs/system/agent_summaries/top10_suggestions_2025-12-21_0902.md
[2025-12-28 07:13:23] ⚠️ Placeholder detected: /home/rafa1215/consensus-project/memory/logs/system/agent_summaries/top10_suggestions_2025-12-19_0902.md
[2025-12-28 07:13:23] ⚠️ Placeholder detected: /home/rafa1215/consensus-project/memory/logs/system/agent_summaries/top10_optimization_2025-12-18_0902.md
[2025-12-28 07:13:23] ⚠️ Placeholder detected: /home/rafa1215/consensus-project/memory/logs/system/agent_summaries/top10_suggestions_2025-12-20_0902.md
[2025-12-28 07:13:23] ⚠️ Placeholder detected: /home/rafa1215/consensus-project/memory/logs/system/agent_summaries/top10_brainstorm_2025-12-25_0902.md
[2025-12-28 07:13:23] ⚠️ Placeholder detected: /home/rafa1215/consensus-project/memory/logs/system/agent_summaries/top10_suggestions_2025-12-25_0902.md
[2025-12-28 07:13:23] ⚠️ Placeholder detected: /home/rafa1215/consensus-project/memory/logs/system/agent_summaries/top10_brainstorm_2025-12-19_0902.md
[2025-12-28 07:13:23] ⚠️ Placeholder detected: /home/rafa1215/consensus-project/memory/logs/system/agent_summaries/top10_suggestions_2025-12-18_0902.md
[2025-12-28 07:13:23] ⚠️ Placeholder detected: /home/rafa1215/consensus-project/memory/logs/system/agent_summaries/top10_brainstorm_2025-12-23_0902.md
[2025-12-28 07:13:23] ⚠️ Placeholder detected: /home/rafa1215/consensus-project/memory/logs/system/agent_summaries/top10_brainstorm_2025-12-20_0902.md
[2025-12-28 07:13:23] ⚠️ Placeholder detected: /home/rafa1215/consensus-project/memory/logs/system/agent_summaries/top10_suggestions_2025-12-23_0902.md
[2025-12-28 07:13:23] ⚠️ Placeholder detected: /home/rafa1215/consensus-project/memory/logs/system/agent_summaries/top10_brainstorm_2025-12-21_0902.md
[2025-12-28 07:13:23] ⚠️ Placeholder detected: /home/rafa1215/consensus-project/memory/logs/system/agent_summaries/top10_brainstorm_2025-12-18_0902.md
[2025-12-28 07:13:23] ⚠️ Placeholder detected: /home/rafa1215/consensus-project/memory/logs/system/agent_summaries/top10_suggestions_2025-12-24_0902.md
[2025-12-28 07:13:23] ⚠️ Placeholder detected: /home/rafa1215/consensus-project/memory/logs/system/agent_summaries/top10_optimization_2025-12-24_0902.md
[2025-12-28 07:13:23] ⚠️ Placeholder detected: /home/rafa1215/consensus-project/memory/logs/system/agent_summaries/top10_optimization_2025-12-25_0902.md
[2025-12-28 07:13:23] ⚠️ Placeholder detected: /home/rafa1215/consensus-project/memory/logs/system/agent_summaries/top10_optimization_2025-12-22_0902.md
[2025-12-28 07:13:23] ⚠️ Placeholder detected: /home/rafa1215/consensus-project/memory/logs/system/agent_summaries/top10_brainstorm_2025-12-22_0902.md
[2025-12-28 07:13:23] ⚠️ Placeholder detected: /home/rafa1215/consensus-project/memory/logs/system/agent_summaries/top10_optimization_2025-12-23_0902.md
[2025-12-28 07:13:23] ⚠️ Placeholder detected: /home/rafa1215/consensus-project/memory/logs/system/agent_summaries/top10_optimization_2025-12-20_0902.md
[2025-12-28 07:13:23] ⚠️ Placeholder detected: /home/rafa1215/consensus-project/memory/logs/system/agent_summaries/top10_optimization_2025-12-21_0902.md
[2025-12-28 07:13:23] ⚠️ Placeholder detected: /home/rafa1215/consensus-project/memory/logs/system/agent_summaries/top10_brainstorm_2025-12-24_0902.md
[2025-12-28 07:13:23] ♻️  Placeholder or missing Top-10 detected — regenerating...
[2025-12-29 07:06:23] ⚠️  Missing or outdated daily summaries detected — regenerating.
[2025-12-29 07:06:24] ✅ Generated summaries for 2025-12-26
[2025-12-29 07:06:24] ✅ Generated summaries for 2025-12-27
[2025-12-29 07:06:24] ✅ Generated summaries for 2025-12-28
[2025-12-29 07:06:24] ✅ Generated summaries for 2025-12-29
[2025-12-29 07:06:24] ✅ Summary generation complete (4 day(s))
[2025-12-29 07:06:24] ⚠️  Missing or outdated daily summaries detected — regenerating.
[2025-12-29 07:06:24] ✅ Generated summaries for 2025-12-26
[2025-12-29 07:06:24] ✅ Generated summaries for 2025-12-27
[2025-12-29 07:06:24] ✅ Generated summaries for 2025-12-28
[2025-12-29 07:06:24] ✅ Generated summaries for 2025-12-29
[2025-12-29 07:06:24] ✅ Summary generation complete (4 day(s))
[2025-12-29 07:07:52] 🔍 Running system file auditor...
[2025-12-29 07:07:57] 🔍 Running system file auditor...
[2025-12-29 07:08:59] 🚀 Auto-Repair Suite started.
[2025-12-29 07:08:59] ⚠️ Placeholder detected: /home/rafa1215/consensus-project/memory/logs/system/agent_summaries/top10_suggestions_2025-12-22_0902.md
[2025-12-29 07:08:59] ⚠️ Placeholder detected: /home/rafa1215/consensus-project/memory/logs/system/agent_summaries/top10_optimization_2025-12-26_0902.md
[2025-12-29 07:08:59] ⚠️ Placeholder detected: /home/rafa1215/consensus-project/memory/logs/system/agent_summaries/top10_optimization_2025-12-19_0902.md
[2025-12-29 07:08:59] ⚠️ Placeholder detected: /home/rafa1215/consensus-project/memory/logs/system/agent_summaries/top10_suggestions_2025-12-21_0902.md
[2025-12-29 07:08:59] ⚠️ Placeholder detected: /home/rafa1215/consensus-project/memory/logs/system/agent_summaries/top10_suggestions_2025-12-19_0902.md
[2025-12-29 07:08:59] ⚠️ Placeholder detected: /home/rafa1215/consensus-project/memory/logs/system/agent_summaries/top10_optimization_2025-12-29_0902.md
[2025-12-29 07:08:59] ⚠️ Placeholder detected: /home/rafa1215/consensus-project/memory/logs/system/agent_summaries/top10_optimization_2025-12-18_0902.md
[2025-12-29 07:08:59] ⚠️ Placeholder detected: /home/rafa1215/consensus-project/memory/logs/system/agent_summaries/top10_suggestions_2025-12-20_0902.md
[2025-12-29 07:08:59] ⚠️ Placeholder detected: /home/rafa1215/consensus-project/memory/logs/system/agent_summaries/top10_brainstorm_2025-12-25_0902.md
[2025-12-29 07:08:59] ⚠️ Placeholder detected: /home/rafa1215/consensus-project/memory/logs/system/agent_summaries/top10_suggestions_2025-12-25_0902.md
[2025-12-29 07:08:59] ⚠️ Placeholder detected: /home/rafa1215/consensus-project/memory/logs/system/agent_summaries/top10_brainstorm_2025-12-19_0902.md
[2025-12-29 07:08:59] ⚠️ Placeholder detected: /home/rafa1215/consensus-project/memory/logs/system/agent_summaries/top10_brainstorm_2025-12-29_0902.md
[2025-12-29 07:08:59] ⚠️ Placeholder detected: /home/rafa1215/consensus-project/memory/logs/system/agent_summaries/top10_suggestions_2025-12-18_0902.md
[2025-12-29 07:08:59] ⚠️ Placeholder detected: /home/rafa1215/consensus-project/memory/logs/system/agent_summaries/top10_brainstorm_2025-12-23_0902.md
[2025-12-29 07:08:59] ⚠️ Placeholder detected: /home/rafa1215/consensus-project/memory/logs/system/agent_summaries/top10_optimization_2025-12-27_0902.md
[2025-12-29 07:08:59] ⚠️ Placeholder detected: /home/rafa1215/consensus-project/memory/logs/system/agent_summaries/top10_brainstorm_2025-12-20_0902.md
[2025-12-29 07:08:59] ⚠️ Placeholder detected: /home/rafa1215/consensus-project/memory/logs/system/agent_summaries/top10_suggestions_2025-12-23_0902.md
[2025-12-29 07:08:59] ⚠️ Placeholder detected: /home/rafa1215/consensus-project/memory/logs/system/agent_summaries/top10_suggestions_2025-12-27_0902.md
[2025-12-29 07:08:59] ⚠️ Placeholder detected: /home/rafa1215/consensus-project/memory/logs/system/agent_summaries/top10_brainstorm_2025-12-21_0902.md
[2025-12-29 07:08:59] ⚠️ Placeholder detected: /home/rafa1215/consensus-project/memory/logs/system/agent_summaries/top10_brainstorm_2025-12-18_0902.md
[2025-12-29 07:08:59] ⚠️ Placeholder detected: /home/rafa1215/consensus-project/memory/logs/system/agent_summaries/top10_suggestions_2025-12-24_0902.md
[2025-12-29 07:08:59] ⚠️ Placeholder detected: /home/rafa1215/consensus-project/memory/logs/system/agent_summaries/top10_suggestions_2025-12-28_0902.md
[2025-12-29 07:08:59] ⚠️ Placeholder detected: /home/rafa1215/consensus-project/memory/logs/system/agent_summaries/top10_optimization_2025-12-24_0902.md
[2025-12-29 07:08:59] ⚠️ Placeholder detected: /home/rafa1215/consensus-project/memory/logs/system/agent_summaries/top10_suggestions_2025-12-26_0902.md
[2025-12-29 07:08:59] ⚠️ Placeholder detected: /home/rafa1215/consensus-project/memory/logs/system/agent_summaries/top10_optimization_2025-12-25_0902.md
[2025-12-29 07:08:59] ⚠️ Placeholder detected: /home/rafa1215/consensus-project/memory/logs/system/agent_summaries/top10_optimization_2025-12-28_0902.md
[2025-12-29 07:08:59] ⚠️ Placeholder detected: /home/rafa1215/consensus-project/memory/logs/system/agent_summaries/top10_brainstorm_2025-12-27_0902.md
[2025-12-29 07:08:59] ⚠️ Placeholder detected: /home/rafa1215/consensus-project/memory/logs/system/agent_summaries/top10_optimization_2025-12-22_0902.md
[2025-12-29 07:08:59] ⚠️ Placeholder detected: /home/rafa1215/consensus-project/memory/logs/system/agent_summaries/top10_brainstorm_2025-12-26_0902.md
[2025-12-29 07:08:59] ⚠️ Placeholder detected: /home/rafa1215/consensus-project/memory/logs/system/agent_summaries/top10_brainstorm_2025-12-28_0902.md
[2025-12-29 07:08:59] ⚠️ Placeholder detected: /home/rafa1215/consensus-project/memory/logs/system/agent_summaries/top10_brainstorm_2025-12-22_0902.md
[2025-12-29 07:08:59] ⚠️ Placeholder detected: /home/rafa1215/consensus-project/memory/logs/system/agent_summaries/top10_optimization_2025-12-23_0902.md
[2025-12-29 07:08:59] ⚠️ Placeholder detected: /home/rafa1215/consensus-project/memory/logs/system/agent_summaries/top10_suggestions_2025-12-29_0902.md
[2025-12-29 07:08:59] ⚠️ Placeholder detected: /home/rafa1215/consensus-project/memory/logs/system/agent_summaries/top10_optimization_2025-12-20_0902.md
[2025-12-29 07:08:59] ⚠️ Placeholder detected: /home/rafa1215/consensus-project/memory/logs/system/agent_summaries/top10_optimization_2025-12-21_0902.md
[2025-12-29 07:08:59] ⚠️ Placeholder detected: /home/rafa1215/consensus-project/memory/logs/system/agent_summaries/top10_brainstorm_2025-12-24_0902.md
[2025-12-29 07:08:59] ♻️  Placeholder or missing Top-10 detected — regenerating...
[2025-12-29 07:09:01] ⚠️  Missing or outdated daily summaries detected — regenerating.
[2025-12-29 07:09:01] ✅ Generated summaries for 2025-12-26
[2025-12-29 07:09:01] ✅ Generated summaries for 2025-12-27
[2025-12-29 07:09:01] ✅ Generated summaries for 2025-12-28
[2025-12-29 07:09:01] ✅ Generated summaries for 2025-12-29
[2025-12-29 07:09:01] ✅ Summary generation complete (4 day(s))
[2025-12-29 07:09:02] ✅ Updated Top-10 digest index.
[2025-12-29 07:09:02] 📦 Archived 15 Top-10 files older than 7 days.
[2025-12-29 07:09:02] ✅ Auto-Repair Suite completed successfully.
[2025-12-29 07:09:02] 🚀 Auto-Repair Suite started.
[2025-12-29 07:09:02] ⚠️ Placeholder detected: /home/rafa1215/consensus-project/memory/logs/system/agent_summaries/top10_suggestions_2025-12-22_0902.md
[2025-12-29 07:09:02] ⚠️ Placeholder detected: /home/rafa1215/consensus-project/memory/logs/system/agent_summaries/top10_optimization_2025-12-26_0902.md
[2025-12-29 07:09:02] ⚠️ Placeholder detected: /home/rafa1215/consensus-project/memory/logs/system/agent_summaries/top10_optimization_2025-12-19_0902.md
[2025-12-29 07:09:02] ⚠️ Placeholder detected: /home/rafa1215/consensus-project/memory/logs/system/agent_summaries/top10_suggestions_2025-12-21_0902.md
[2025-12-29 07:09:02] ⚠️ Placeholder detected: /home/rafa1215/consensus-project/memory/logs/system/agent_summaries/top10_suggestions_2025-12-19_0902.md
[2025-12-29 07:09:02] ⚠️ Placeholder detected: /home/rafa1215/consensus-project/memory/logs/system/agent_summaries/top10_optimization_2025-12-29_0902.md
[2025-12-29 07:09:02] ⚠️ Placeholder detected: /home/rafa1215/consensus-project/memory/logs/system/agent_summaries/top10_suggestions_2025-12-20_0902.md
[2025-12-29 07:09:02] ⚠️ Placeholder detected: /home/rafa1215/consensus-project/memory/logs/system/agent_summaries/top10_brainstorm_2025-12-25_0902.md
[2025-12-29 07:09:02] ⚠️ Placeholder detected: /home/rafa1215/consensus-project/memory/logs/system/agent_summaries/top10_suggestions_2025-12-25_0902.md
[2025-12-29 07:09:02] ⚠️ Placeholder detected: /home/rafa1215/consensus-project/memory/logs/system/agent_summaries/top10_brainstorm_2025-12-19_0902.md
[2025-12-29 07:09:02] ⚠️ Placeholder detected: /home/rafa1215/consensus-project/memory/logs/system/agent_summaries/top10_brainstorm_2025-12-29_0902.md
[2025-12-29 07:09:02] ⚠️ Placeholder detected: /home/rafa1215/consensus-project/memory/logs/system/agent_summaries/top10_brainstorm_2025-12-23_0902.md
[2025-12-29 07:09:02] ⚠️ Placeholder detected: /home/rafa1215/consensus-project/memory/logs/system/agent_summaries/top10_optimization_2025-12-27_0902.md
[2025-12-29 07:09:02] ⚠️ Placeholder detected: /home/rafa1215/consensus-project/memory/logs/system/agent_summaries/top10_brainstorm_2025-12-20_0902.md
[2025-12-29 07:09:02] ⚠️ Placeholder detected: /home/rafa1215/consensus-project/memory/logs/system/agent_summaries/top10_suggestions_2025-12-23_0902.md
[2025-12-29 07:09:02] ⚠️ Placeholder detected: /home/rafa1215/consensus-project/memory/logs/system/agent_summaries/top10_suggestions_2025-12-27_0902.md
[2025-12-29 07:09:02] ⚠️ Placeholder detected: /home/rafa1215/consensus-project/memory/logs/system/agent_summaries/top10_brainstorm_2025-12-21_0902.md
[2025-12-29 07:09:02] ⚠️ Placeholder detected: /home/rafa1215/consensus-project/memory/logs/system/agent_summaries/top10_suggestions_2025-12-24_0902.md
[2025-12-29 07:09:02] ⚠️ Placeholder detected: /home/rafa1215/consensus-project/memory/logs/system/agent_summaries/top10_suggestions_2025-12-28_0902.md
[2025-12-29 07:09:02] ⚠️ Placeholder detected: /home/rafa1215/consensus-project/memory/logs/system/agent_summaries/top10_optimization_2025-12-24_0902.md
[2025-12-29 07:09:02] ⚠️ Placeholder detected: /home/rafa1215/consensus-project/memory/logs/system/agent_summaries/top10_suggestions_2025-12-26_0902.md
[2025-12-29 07:09:02] ⚠️ Placeholder detected: /home/rafa1215/consensus-project/memory/logs/system/agent_summaries/top10_optimization_2025-12-25_0902.md
[2025-12-29 07:09:02] ⚠️ Placeholder detected: /home/rafa1215/consensus-project/memory/logs/system/agent_summaries/top10_optimization_2025-12-28_0902.md
[2025-12-29 07:09:02] ⚠️ Placeholder detected: /home/rafa1215/consensus-project/memory/logs/system/agent_summaries/top10_brainstorm_2025-12-27_0902.md
[2025-12-29 07:09:02] ⚠️ Placeholder detected: /home/rafa1215/consensus-project/memory/logs/system/agent_summaries/top10_optimization_2025-12-22_0902.md
[2025-12-29 07:09:02] ⚠️ Placeholder detected: /home/rafa1215/consensus-project/memory/logs/system/agent_summaries/top10_brainstorm_2025-12-26_0902.md
[2025-12-29 07:09:02] ⚠️ Placeholder detected: /home/rafa1215/consensus-project/memory/logs/system/agent_summaries/top10_brainstorm_2025-12-28_0902.md
[2025-12-29 07:09:02] ⚠️ Placeholder detected: /home/rafa1215/consensus-project/memory/logs/system/agent_summaries/top10_brainstorm_2025-12-22_0902.md
[2025-12-29 07:09:02] ⚠️ Placeholder detected: /home/rafa1215/consensus-project/memory/logs/system/agent_summaries/top10_optimization_2025-12-23_0902.md
[2025-12-29 07:09:02] ⚠️ Placeholder detected: /home/rafa1215/consensus-project/memory/logs/system/agent_summaries/top10_suggestions_2025-12-29_0902.md
[2025-12-29 07:09:02] ⚠️ Placeholder detected: /home/rafa1215/consensus-project/memory/logs/system/agent_summaries/top10_optimization_2025-12-20_0902.md
[2025-12-29 07:09:02] ⚠️ Placeholder detected: /home/rafa1215/consensus-project/memory/logs/system/agent_summaries/top10_optimization_2025-12-21_0902.md
[2025-12-29 07:09:02] ⚠️ Placeholder detected: /home/rafa1215/consensus-project/memory/logs/system/agent_summaries/top10_brainstorm_2025-12-24_0902.md
[2025-12-29 07:09:02] ♻️  Placeholder or missing Top-10 detected — regenerating...
[2025-12-29 07:09:05] ⚠️  Missing or outdated daily summaries detected — regenerating.
[2025-12-29 07:09:05] ✅ Generated summaries for 2025-12-26
[2025-12-29 07:09:05] ✅ Generated summaries for 2025-12-27
[2025-12-29 07:09:05] ✅ Generated summaries for 2025-12-28
[2025-12-29 07:09:05] ✅ Generated summaries for 2025-12-29
[2025-12-29 07:09:05] ✅ Summary generation complete (4 day(s))
[2025-12-29 07:09:05] ✅ Updated Top-10 digest index.
[2025-12-29 07:09:05] 📦 Archived 0 Top-10 files older than 7 days.
[2025-12-29 07:09:05] ✅ Auto-Repair Suite completed successfully.
[2025-12-29 07:10:42] ✅ Generated summaries for 2025-12-29
[2025-12-29 07:10:42] ✅ Summary generation complete (1 day(s))
[2025-12-29 07:10:42] ✅ Generated summaries for 2025-12-29
[2025-12-29 07:10:42] ✅ Summary generation complete (1 day(s))
[2025-12-29 07:12:48] ⚠️ Placeholder detected: /home/rafa1215/consensus-project/memory/logs/system/agent_summaries/top10_suggestions_2025-12-22_0902.md
[2025-12-29 07:12:48] ⚠️ Placeholder detected: /home/rafa1215/consensus-project/memory/logs/system/agent_summaries/top10_optimization_2025-12-26_0902.md
[2025-12-29 07:12:48] ⚠️ Placeholder detected: /home/rafa1215/consensus-project/memory/logs/system/agent_summaries/top10_optimization_2025-12-19_0902.md
[2025-12-29 07:12:48] ⚠️ Placeholder detected: /home/rafa1215/consensus-project/memory/logs/system/agent_summaries/top10_suggestions_2025-12-21_0902.md
[2025-12-29 07:12:48] ⚠️ Placeholder detected: /home/rafa1215/consensus-project/memory/logs/system/agent_summaries/top10_suggestions_2025-12-19_0902.md
[2025-12-29 07:12:48] ⚠️ Placeholder detected: /home/rafa1215/consensus-project/memory/logs/system/agent_summaries/top10_optimization_2025-12-29_0902.md
[2025-12-29 07:12:48] ⚠️ Placeholder detected: /home/rafa1215/consensus-project/memory/logs/system/agent_summaries/top10_suggestions_2025-12-20_0902.md
[2025-12-29 07:12:48] ⚠️ Placeholder detected: /home/rafa1215/consensus-project/memory/logs/system/agent_summaries/top10_brainstorm_2025-12-25_0902.md
[2025-12-29 07:12:48] ⚠️ Placeholder detected: /home/rafa1215/consensus-project/memory/logs/system/agent_summaries/top10_suggestions_2025-12-25_0902.md
[2025-12-29 07:12:48] ⚠️ Placeholder detected: /home/rafa1215/consensus-project/memory/logs/system/agent_summaries/top10_brainstorm_2025-12-19_0902.md
[2025-12-29 07:12:48] ⚠️ Placeholder detected: /home/rafa1215/consensus-project/memory/logs/system/agent_summaries/top10_brainstorm_2025-12-29_0902.md
[2025-12-29 07:12:48] ⚠️ Placeholder detected: /home/rafa1215/consensus-project/memory/logs/system/agent_summaries/top10_brainstorm_2025-12-23_0902.md
[2025-12-29 07:12:48] ⚠️ Placeholder detected: /home/rafa1215/consensus-project/memory/logs/system/agent_summaries/top10_brainstorm_2025-12-20_0902.md
[2025-12-29 07:12:48] ⚠️ Placeholder detected: /home/rafa1215/consensus-project/memory/logs/system/agent_summaries/top10_suggestions_2025-12-23_0902.md
[2025-12-29 07:12:48] ⚠️ Placeholder detected: /home/rafa1215/consensus-project/memory/logs/system/agent_summaries/top10_brainstorm_2025-12-21_0902.md
[2025-12-29 07:12:48] ⚠️ Placeholder detected: /home/rafa1215/consensus-project/memory/logs/system/agent_summaries/top10_suggestions_2025-12-24_0902.md
[2025-12-29 07:12:48] ⚠️ Placeholder detected: /home/rafa1215/consensus-project/memory/logs/system/agent_summaries/top10_optimization_2025-12-24_0902.md
[2025-12-29 07:12:48] ⚠️ Placeholder detected: /home/rafa1215/consensus-project/memory/logs/system/agent_summaries/top10_suggestions_2025-12-26_0902.md
[2025-12-29 07:12:48] ⚠️ Placeholder detected: /home/rafa1215/consensus-project/memory/logs/system/agent_summaries/top10_optimization_2025-12-25_0902.md
[2025-12-29 07:12:48] ⚠️ Placeholder detected: /home/rafa1215/consensus-project/memory/logs/system/agent_summaries/top10_optimization_2025-12-22_0902.md
[2025-12-29 07:12:48] ⚠️ Placeholder detected: /home/rafa1215/consensus-project/memory/logs/system/agent_summaries/top10_brainstorm_2025-12-26_0902.md
[2025-12-29 07:12:48] ⚠️ Placeholder detected: /home/rafa1215/consensus-project/memory/logs/system/agent_summaries/top10_brainstorm_2025-12-22_0902.md
[2025-12-29 07:12:48] ⚠️ Placeholder detected: /home/rafa1215/consensus-project/memory/logs/system/agent_summaries/top10_optimization_2025-12-23_0902.md
[2025-12-29 07:12:48] ⚠️ Placeholder detected: /home/rafa1215/consensus-project/memory/logs/system/agent_summaries/top10_suggestions_2025-12-29_0902.md
[2025-12-29 07:12:48] ⚠️ Placeholder detected: /home/rafa1215/consensus-project/memory/logs/system/agent_summaries/top10_optimization_2025-12-20_0902.md
[2025-12-29 07:12:48] ⚠️ Placeholder detected: /home/rafa1215/consensus-project/memory/logs/system/agent_summaries/top10_optimization_2025-12-21_0902.md
[2025-12-29 07:12:48] ⚠️ Placeholder detected: /home/rafa1215/consensus-project/memory/logs/system/agent_summaries/top10_brainstorm_2025-12-24_0902.md
[2025-12-29 07:12:48] ♻️  Placeholder or missing Top-10 detected — regenerating...
[2025-12-29 07:12:50] ⚠️ Placeholder detected: /home/rafa1215/consensus-project/memory/logs/system/agent_summaries/top10_suggestions_2025-12-22_0902.md
[2025-12-29 07:12:50] ⚠️ Placeholder detected: /home/rafa1215/consensus-project/memory/logs/system/agent_summaries/top10_optimization_2025-12-26_0902.md
[2025-12-29 07:12:50] ⚠️ Placeholder detected: /home/rafa1215/consensus-project/memory/logs/system/agent_summaries/top10_optimization_2025-12-19_0902.md
[2025-12-29 07:12:50] ⚠️ Placeholder detected: /home/rafa1215/consensus-project/memory/logs/system/agent_summaries/top10_suggestions_2025-12-21_0902.md
[2025-12-29 07:12:50] ⚠️ Placeholder detected: /home/rafa1215/consensus-project/memory/logs/system/agent_summaries/top10_suggestions_2025-12-19_0902.md
[2025-12-29 07:12:50] ⚠️ Placeholder detected: /home/rafa1215/consensus-project/memory/logs/system/agent_summaries/top10_suggestions_2025-12-20_0902.md
[2025-12-29 07:12:50] ⚠️ Placeholder detected: /home/rafa1215/consensus-project/memory/logs/system/agent_summaries/top10_brainstorm_2025-12-25_0902.md
[2025-12-29 07:12:50] ⚠️ Placeholder detected: /home/rafa1215/consensus-project/memory/logs/system/agent_summaries/top10_suggestions_2025-12-25_0902.md
[2025-12-29 07:12:50] ⚠️ Placeholder detected: /home/rafa1215/consensus-project/memory/logs/system/agent_summaries/top10_brainstorm_2025-12-19_0902.md
[2025-12-29 07:12:50] ⚠️ Placeholder detected: /home/rafa1215/consensus-project/memory/logs/system/agent_summaries/top10_brainstorm_2025-12-23_0902.md
[2025-12-29 07:12:50] ⚠️ Placeholder detected: /home/rafa1215/consensus-project/memory/logs/system/agent_summaries/top10_brainstorm_2025-12-20_0902.md
[2025-12-29 07:12:50] ⚠️ Placeholder detected: /home/rafa1215/consensus-project/memory/logs/system/agent_summaries/top10_suggestions_2025-12-23_0902.md
[2025-12-29 07:12:50] ⚠️ Placeholder detected: /home/rafa1215/consensus-project/memory/logs/system/agent_summaries/top10_brainstorm_2025-12-21_0902.md
[2025-12-29 07:12:50] ⚠️ Placeholder detected: /home/rafa1215/consensus-project/memory/logs/system/agent_summaries/top10_suggestions_2025-12-24_0902.md
[2025-12-29 07:12:50] ⚠️ Placeholder detected: /home/rafa1215/consensus-project/memory/logs/system/agent_summaries/top10_optimization_2025-12-24_0902.md
[2025-12-29 07:12:50] ⚠️ Placeholder detected: /home/rafa1215/consensus-project/memory/logs/system/agent_summaries/top10_suggestions_2025-12-26_0902.md
[2025-12-29 07:12:50] ⚠️ Placeholder detected: /home/rafa1215/consensus-project/memory/logs/system/agent_summaries/top10_optimization_2025-12-25_0902.md
[2025-12-29 07:12:50] ⚠️ Placeholder detected: /home/rafa1215/consensus-project/memory/logs/system/agent_summaries/top10_optimization_2025-12-22_0902.md
[2025-12-29 07:12:50] ⚠️ Placeholder detected: /home/rafa1215/consensus-project/memory/logs/system/agent_summaries/top10_brainstorm_2025-12-26_0902.md
[2025-12-29 07:12:50] ⚠️ Placeholder detected: /home/rafa1215/consensus-project/memory/logs/system/agent_summaries/top10_brainstorm_2025-12-22_0902.md
[2025-12-29 07:12:50] ⚠️ Placeholder detected: /home/rafa1215/consensus-project/memory/logs/system/agent_summaries/top10_optimization_2025-12-23_0902.md
[2025-12-29 07:12:50] ⚠️ Placeholder detected: /home/rafa1215/consensus-project/memory/logs/system/agent_summaries/top10_optimization_2025-12-20_0902.md
[2025-12-29 07:12:50] ⚠️ Placeholder detected: /home/rafa1215/consensus-project/memory/logs/system/agent_summaries/top10_optimization_2025-12-21_0902.md
[2025-12-29 07:12:50] ⚠️ Placeholder detected: /home/rafa1215/consensus-project/memory/logs/system/agent_summaries/top10_brainstorm_2025-12-24_0902.md
[2025-12-29 07:12:50] ♻️  Placeholder or missing Top-10 detected — regenerating...
[2025-12-30 07:06:39] ⚠️  Missing or outdated daily summaries detected — regenerating.
[2025-12-30 07:06:39] ✅ Generated summaries for 2025-12-27
[2025-12-30 07:06:39] ✅ Generated summaries for 2025-12-28
[2025-12-30 07:06:39] ✅ Generated summaries for 2025-12-29
[2025-12-30 07:06:39] ✅ Generated summaries for 2025-12-30
[2025-12-30 07:06:39] ✅ Summary generation complete (4 day(s))
[2025-12-30 07:06:39] ⚠️  Missing or outdated daily summaries detected — regenerating.
[2025-12-30 07:06:39] ✅ Generated summaries for 2025-12-27
[2025-12-30 07:06:40] ✅ Generated summaries for 2025-12-28
[2025-12-30 07:06:40] ✅ Generated summaries for 2025-12-29
[2025-12-30 07:06:40] ✅ Generated summaries for 2025-12-30
[2025-12-30 07:06:40] ✅ Summary generation complete (4 day(s))
[2025-12-30 07:08:21] 🔍 Running system file auditor...
[2025-12-30 07:08:26] 🔍 Running system file auditor...
[2025-12-30 07:09:27] 🚀 Auto-Repair Suite started.
[2025-12-30 07:09:27] ⚠️ Placeholder detected: /home/rafa1215/consensus-project/memory/logs/system/agent_summaries/top10_suggestions_2025-12-22_0902.md
[2025-12-30 07:09:27] ⚠️ Placeholder detected: /home/rafa1215/consensus-project/memory/logs/system/agent_summaries/top10_optimization_2025-12-26_0902.md
[2025-12-30 07:09:27] ⚠️ Placeholder detected: /home/rafa1215/consensus-project/memory/logs/system/agent_summaries/top10_optimization_2025-12-19_0902.md
[2025-12-30 07:09:27] ⚠️ Placeholder detected: /home/rafa1215/consensus-project/memory/logs/system/agent_summaries/top10_suggestions_2025-12-21_0902.md
[2025-12-30 07:09:27] ⚠️ Placeholder detected: /home/rafa1215/consensus-project/memory/logs/system/agent_summaries/top10_suggestions_2025-12-19_0902.md
[2025-12-30 07:09:27] ⚠️ Placeholder detected: /home/rafa1215/consensus-project/memory/logs/system/agent_summaries/top10_optimization_2025-12-29_0902.md
[2025-12-30 07:09:27] ⚠️ Placeholder detected: /home/rafa1215/consensus-project/memory/logs/system/agent_summaries/top10_suggestions_2025-12-20_0902.md
[2025-12-30 07:09:27] ⚠️ Placeholder detected: /home/rafa1215/consensus-project/memory/logs/system/agent_summaries/top10_brainstorm_2025-12-25_0902.md
[2025-12-30 07:09:27] ⚠️ Placeholder detected: /home/rafa1215/consensus-project/memory/logs/system/agent_summaries/top10_brainstorm_2025-12-30_0902.md
[2025-12-30 07:09:27] ⚠️ Placeholder detected: /home/rafa1215/consensus-project/memory/logs/system/agent_summaries/top10_suggestions_2025-12-25_0902.md
[2025-12-30 07:09:27] ⚠️ Placeholder detected: /home/rafa1215/consensus-project/memory/logs/system/agent_summaries/top10_brainstorm_2025-12-19_0902.md
[2025-12-30 07:09:27] ⚠️ Placeholder detected: /home/rafa1215/consensus-project/memory/logs/system/agent_summaries/top10_brainstorm_2025-12-29_0902.md
[2025-12-30 07:09:27] ⚠️ Placeholder detected: /home/rafa1215/consensus-project/memory/logs/system/agent_summaries/top10_optimization_2025-12-30_0902.md
[2025-12-30 07:09:27] ⚠️ Placeholder detected: /home/rafa1215/consensus-project/memory/logs/system/agent_summaries/top10_brainstorm_2025-12-23_0902.md
[2025-12-30 07:09:27] ⚠️ Placeholder detected: /home/rafa1215/consensus-project/memory/logs/system/agent_summaries/top10_optimization_2025-12-27_0902.md
[2025-12-30 07:09:27] ⚠️ Placeholder detected: /home/rafa1215/consensus-project/memory/logs/system/agent_summaries/top10_brainstorm_2025-12-20_0902.md
[2025-12-30 07:09:27] ⚠️ Placeholder detected: /home/rafa1215/consensus-project/memory/logs/system/agent_summaries/top10_suggestions_2025-12-23_0902.md
[2025-12-30 07:09:27] ⚠️ Placeholder detected: /home/rafa1215/consensus-project/memory/logs/system/agent_summaries/top10_suggestions_2025-12-27_0902.md
[2025-12-30 07:09:27] ⚠️ Placeholder detected: /home/rafa1215/consensus-project/memory/logs/system/agent_summaries/top10_brainstorm_2025-12-21_0902.md
[2025-12-30 07:09:27] ⚠️ Placeholder detected: /home/rafa1215/consensus-project/memory/logs/system/agent_summaries/top10_suggestions_2025-12-24_0902.md
[2025-12-30 07:09:27] ⚠️ Placeholder detected: /home/rafa1215/consensus-project/memory/logs/system/agent_summaries/top10_suggestions_2025-12-28_0902.md
[2025-12-30 07:09:27] ⚠️ Placeholder detected: /home/rafa1215/consensus-project/memory/logs/system/agent_summaries/top10_optimization_2025-12-24_0902.md
[2025-12-30 07:09:27] ⚠️ Placeholder detected: /home/rafa1215/consensus-project/memory/logs/system/agent_summaries/top10_suggestions_2025-12-26_0902.md
[2025-12-30 07:09:27] ⚠️ Placeholder detected: /home/rafa1215/consensus-project/memory/logs/system/agent_summaries/top10_optimization_2025-12-25_0902.md
[2025-12-30 07:09:27] ⚠️ Placeholder detected: /home/rafa1215/consensus-project/memory/logs/system/agent_summaries/top10_optimization_2025-12-28_0902.md
[2025-12-30 07:09:27] ⚠️ Placeholder detected: /home/rafa1215/consensus-project/memory/logs/system/agent_summaries/top10_brainstorm_2025-12-27_0902.md
[2025-12-30 07:09:27] ⚠️ Placeholder detected: /home/rafa1215/consensus-project/memory/logs/system/agent_summaries/top10_optimization_2025-12-22_0902.md
[2025-12-30 07:09:27] ⚠️ Placeholder detected: /home/rafa1215/consensus-project/memory/logs/system/agent_summaries/top10_brainstorm_2025-12-26_0902.md
[2025-12-30 07:09:27] ⚠️ Placeholder detected: /home/rafa1215/consensus-project/memory/logs/system/agent_summaries/top10_brainstorm_2025-12-28_0902.md
[2025-12-30 07:09:27] ⚠️ Placeholder detected: /home/rafa1215/consensus-project/memory/logs/system/agent_summaries/top10_brainstorm_2025-12-22_0902.md
[2025-12-30 07:09:27] ⚠️ Placeholder detected: /home/rafa1215/consensus-project/memory/logs/system/agent_summaries/top10_optimization_2025-12-23_0902.md
[2025-12-30 07:09:27] ⚠️ Placeholder detected: /home/rafa1215/consensus-project/memory/logs/system/agent_summaries/top10_suggestions_2025-12-29_0902.md
[2025-12-30 07:09:27] ⚠️ Placeholder detected: /home/rafa1215/consensus-project/memory/logs/system/agent_summaries/top10_optimization_2025-12-20_0902.md
[2025-12-30 07:09:27] ⚠️ Placeholder detected: /home/rafa1215/consensus-project/memory/logs/system/agent_summaries/top10_suggestions_2025-12-30_0902.md
[2025-12-30 07:09:27] ⚠️ Placeholder detected: /home/rafa1215/consensus-project/memory/logs/system/agent_summaries/top10_optimization_2025-12-21_0902.md
[2025-12-30 07:09:27] ⚠️ Placeholder detected: /home/rafa1215/consensus-project/memory/logs/system/agent_summaries/top10_brainstorm_2025-12-24_0902.md
[2025-12-30 07:09:27] ♻️  Placeholder or missing Top-10 detected — regenerating...
[2025-12-30 07:09:30] ⚠️  Missing or outdated daily summaries detected — regenerating.
[2025-12-30 07:09:30] ✅ Generated summaries for 2025-12-27
[2025-12-30 07:09:30] ✅ Generated summaries for 2025-12-28
[2025-12-30 07:09:30] ✅ Generated summaries for 2025-12-29
[2025-12-30 07:09:30] ✅ Generated summaries for 2025-12-30
[2025-12-30 07:09:30] ✅ Summary generation complete (4 day(s))
[2025-12-30 07:09:30] ✅ Updated Top-10 digest index.
[2025-12-30 07:09:30] 📦 Archived 15 Top-10 files older than 7 days.
[2025-12-30 07:09:30] ✅ Auto-Repair Suite completed successfully.
[2025-12-30 07:09:31] 🚀 Auto-Repair Suite started.
[2025-12-30 07:09:31] ⚠️ Placeholder detected: /home/rafa1215/consensus-project/memory/logs/system/agent_summaries/top10_suggestions_2025-12-22_0902.md
[2025-12-30 07:09:31] ⚠️ Placeholder detected: /home/rafa1215/consensus-project/memory/logs/system/agent_summaries/top10_optimization_2025-12-26_0902.md
[2025-12-30 07:09:31] ⚠️ Placeholder detected: /home/rafa1215/consensus-project/memory/logs/system/agent_summaries/top10_suggestions_2025-12-21_0902.md
[2025-12-30 07:09:31] ⚠️ Placeholder detected: /home/rafa1215/consensus-project/memory/logs/system/agent_summaries/top10_optimization_2025-12-29_0902.md
[2025-12-30 07:09:31] ⚠️ Placeholder detected: /home/rafa1215/consensus-project/memory/logs/system/agent_summaries/top10_suggestions_2025-12-20_0902.md
[2025-12-30 07:09:31] ⚠️ Placeholder detected: /home/rafa1215/consensus-project/memory/logs/system/agent_summaries/top10_brainstorm_2025-12-25_0902.md
[2025-12-30 07:09:31] ⚠️ Placeholder detected: /home/rafa1215/consensus-project/memory/logs/system/agent_summaries/top10_brainstorm_2025-12-30_0902.md
[2025-12-30 07:09:31] ⚠️ Placeholder detected: /home/rafa1215/consensus-project/memory/logs/system/agent_summaries/top10_suggestions_2025-12-25_0902.md
[2025-12-30 07:09:31] ⚠️ Placeholder detected: /home/rafa1215/consensus-project/memory/logs/system/agent_summaries/top10_brainstorm_2025-12-29_0902.md
[2025-12-30 07:09:31] ⚠️ Placeholder detected: /home/rafa1215/consensus-project/memory/logs/system/agent_summaries/top10_optimization_2025-12-30_0902.md
[2025-12-30 07:09:31] ⚠️ Placeholder detected: /home/rafa1215/consensus-project/memory/logs/system/agent_summaries/top10_brainstorm_2025-12-23_0902.md
[2025-12-30 07:09:31] ⚠️ Placeholder detected: /home/rafa1215/consensus-project/memory/logs/system/agent_summaries/top10_optimization_2025-12-27_0902.md
[2025-12-30 07:09:31] ⚠️ Placeholder detected: /home/rafa1215/consensus-project/memory/logs/system/agent_summaries/top10_brainstorm_2025-12-20_0902.md
[2025-12-30 07:09:31] ⚠️ Placeholder detected: /home/rafa1215/consensus-project/memory/logs/system/agent_summaries/top10_suggestions_2025-12-23_0902.md
[2025-12-30 07:09:31] ⚠️ Placeholder detected: /home/rafa1215/consensus-project/memory/logs/system/agent_summaries/top10_suggestions_2025-12-27_0902.md
[2025-12-30 07:09:31] ⚠️ Placeholder detected: /home/rafa1215/consensus-project/memory/logs/system/agent_summaries/top10_brainstorm_2025-12-21_0902.md
[2025-12-30 07:09:31] ⚠️ Placeholder detected: /home/rafa1215/consensus-project/memory/logs/system/agent_summaries/top10_suggestions_2025-12-24_0902.md
[2025-12-30 07:09:31] ⚠️ Placeholder detected: /home/rafa1215/consensus-project/memory/logs/system/agent_summaries/top10_suggestions_2025-12-28_0902.md
[2025-12-30 07:09:31] ⚠️ Placeholder detected: /home/rafa1215/consensus-project/memory/logs/system/agent_summaries/top10_optimization_2025-12-24_0902.md
[2025-12-30 07:09:31] ⚠️ Placeholder detected: /home/rafa1215/consensus-project/memory/logs/system/agent_summaries/top10_suggestions_2025-12-26_0902.md
[2025-12-30 07:09:31] ⚠️ Placeholder detected: /home/rafa1215/consensus-project/memory/logs/system/agent_summaries/top10_optimization_2025-12-25_0902.md
[2025-12-30 07:09:31] ⚠️ Placeholder detected: /home/rafa1215/consensus-project/memory/logs/system/agent_summaries/top10_optimization_2025-12-28_0902.md
[2025-12-30 07:09:31] ⚠️ Placeholder detected: /home/rafa1215/consensus-project/memory/logs/system/agent_summaries/top10_brainstorm_2025-12-27_0902.md
[2025-12-30 07:09:31] ⚠️ Placeholder detected: /home/rafa1215/consensus-project/memory/logs/system/agent_summaries/top10_optimization_2025-12-22_0902.md
[2025-12-30 07:09:31] ⚠️ Placeholder detected: /home/rafa1215/consensus-project/memory/logs/system/agent_summaries/top10_brainstorm_2025-12-26_0902.md
[2025-12-30 07:09:31] ⚠️ Placeholder detected: /home/rafa1215/consensus-project/memory/logs/system/agent_summaries/top10_brainstorm_2025-12-28_0902.md
[2025-12-30 07:09:31] ⚠️ Placeholder detected: /home/rafa1215/consensus-project/memory/logs/system/agent_summaries/top10_brainstorm_2025-12-22_0902.md
[2025-12-30 07:09:31] ⚠️ Placeholder detected: /home/rafa1215/consensus-project/memory/logs/system/agent_summaries/top10_optimization_2025-12-23_0902.md
[2025-12-30 07:09:31] ⚠️ Placeholder detected: /home/rafa1215/consensus-project/memory/logs/system/agent_summaries/top10_suggestions_2025-12-29_0902.md
[2025-12-30 07:09:31] ⚠️ Placeholder detected: /home/rafa1215/consensus-project/memory/logs/system/agent_summaries/top10_optimization_2025-12-20_0902.md
[2025-12-30 07:09:31] ⚠️ Placeholder detected: /home/rafa1215/consensus-project/memory/logs/system/agent_summaries/top10_suggestions_2025-12-30_0902.md
[2025-12-30 07:09:31] ⚠️ Placeholder detected: /home/rafa1215/consensus-project/memory/logs/system/agent_summaries/top10_optimization_2025-12-21_0902.md
[2025-12-30 07:09:31] ⚠️ Placeholder detected: /home/rafa1215/consensus-project/memory/logs/system/agent_summaries/top10_brainstorm_2025-12-24_0902.md
[2025-12-30 07:09:31] ♻️  Placeholder or missing Top-10 detected — regenerating...
[2025-12-30 07:09:33] ⚠️  Missing or outdated daily summaries detected — regenerating.
[2025-12-30 07:09:33] ✅ Generated summaries for 2025-12-27
[2025-12-30 07:09:33] ✅ Generated summaries for 2025-12-28
[2025-12-30 07:09:33] ✅ Generated summaries for 2025-12-29
[2025-12-30 07:09:33] ✅ Generated summaries for 2025-12-30
[2025-12-30 07:09:33] ✅ Summary generation complete (4 day(s))
[2025-12-30 07:09:33] ✅ Updated Top-10 digest index.
[2025-12-30 07:09:33] 📦 Archived 0 Top-10 files older than 7 days.
[2025-12-30 07:09:33] ✅ Auto-Repair Suite completed successfully.
[2025-12-30 07:11:21] ✅ Generated summaries for 2025-12-30
[2025-12-30 07:11:21] ✅ Summary generation complete (1 day(s))
[2025-12-30 07:11:21] ✅ Generated summaries for 2025-12-30
[2025-12-30 07:11:21] ✅ Summary generation complete (1 day(s))
[2025-12-30 07:13:30] ⚠️ Placeholder detected: /home/rafa1215/consensus-project/memory/logs/system/agent_summaries/top10_suggestions_2025-12-22_0902.md
[2025-12-30 07:13:30] ⚠️ Placeholder detected: /home/rafa1215/consensus-project/memory/logs/system/agent_summaries/top10_optimization_2025-12-26_0902.md
[2025-12-30 07:13:30] ⚠️ Placeholder detected: /home/rafa1215/consensus-project/memory/logs/system/agent_summaries/top10_suggestions_2025-12-21_0902.md
[2025-12-30 07:13:30] ⚠️ Placeholder detected: /home/rafa1215/consensus-project/memory/logs/system/agent_summaries/top10_suggestions_2025-12-20_0902.md
[2025-12-30 07:13:30] ⚠️ Placeholder detected: /home/rafa1215/consensus-project/memory/logs/system/agent_summaries/top10_brainstorm_2025-12-25_0902.md
[2025-12-30 07:13:30] ⚠️ Placeholder detected: /home/rafa1215/consensus-project/memory/logs/system/agent_summaries/top10_brainstorm_2025-12-30_0902.md
[2025-12-30 07:13:30] ⚠️ Placeholder detected: /home/rafa1215/consensus-project/memory/logs/system/agent_summaries/top10_suggestions_2025-12-25_0902.md
[2025-12-30 07:13:30] ⚠️ Placeholder detected: /home/rafa1215/consensus-project/memory/logs/system/agent_summaries/top10_optimization_2025-12-30_0902.md
[2025-12-30 07:13:30] ⚠️ Placeholder detected: /home/rafa1215/consensus-project/memory/logs/system/agent_summaries/top10_brainstorm_2025-12-23_0902.md
[2025-12-30 07:13:30] ⚠️ Placeholder detected: /home/rafa1215/consensus-project/memory/logs/system/agent_summaries/top10_optimization_2025-12-27_0902.md
[2025-12-30 07:13:30] ⚠️ Placeholder detected: /home/rafa1215/consensus-project/memory/logs/system/agent_summaries/top10_brainstorm_2025-12-20_0902.md
[2025-12-30 07:13:30] ⚠️ Placeholder detected: /home/rafa1215/consensus-project/memory/logs/system/agent_summaries/top10_suggestions_2025-12-23_0902.md
[2025-12-30 07:13:30] ⚠️ Placeholder detected: /home/rafa1215/consensus-project/memory/logs/system/agent_summaries/top10_suggestions_2025-12-27_0902.md
[2025-12-30 07:13:30] ⚠️ Placeholder detected: /home/rafa1215/consensus-project/memory/logs/system/agent_summaries/top10_brainstorm_2025-12-21_0902.md
[2025-12-30 07:13:30] ⚠️ Placeholder detected: /home/rafa1215/consensus-project/memory/logs/system/agent_summaries/top10_suggestions_2025-12-24_0902.md
[2025-12-30 07:13:30] ⚠️ Placeholder detected: /home/rafa1215/consensus-project/memory/logs/system/agent_summaries/top10_optimization_2025-12-24_0902.md
[2025-12-30 07:13:30] ⚠️ Placeholder detected: /home/rafa1215/consensus-project/memory/logs/system/agent_summaries/top10_suggestions_2025-12-26_0902.md
[2025-12-30 07:13:30] ⚠️ Placeholder detected: /home/rafa1215/consensus-project/memory/logs/system/agent_summaries/top10_optimization_2025-12-25_0902.md
[2025-12-30 07:13:30] ⚠️ Placeholder detected: /home/rafa1215/consensus-project/memory/logs/system/agent_summaries/top10_brainstorm_2025-12-27_0902.md
[2025-12-30 07:13:30] ⚠️ Placeholder detected: /home/rafa1215/consensus-project/memory/logs/system/agent_summaries/top10_optimization_2025-12-22_0902.md
[2025-12-30 07:13:30] ⚠️ Placeholder detected: /home/rafa1215/consensus-project/memory/logs/system/agent_summaries/top10_brainstorm_2025-12-26_0902.md
[2025-12-30 07:13:30] ⚠️ Placeholder detected: /home/rafa1215/consensus-project/memory/logs/system/agent_summaries/top10_brainstorm_2025-12-22_0902.md
[2025-12-30 07:13:30] ⚠️ Placeholder detected: /home/rafa1215/consensus-project/memory/logs/system/agent_summaries/top10_optimization_2025-12-23_0902.md
[2025-12-30 07:13:30] ⚠️ Placeholder detected: /home/rafa1215/consensus-project/memory/logs/system/agent_summaries/top10_optimization_2025-12-20_0902.md
[2025-12-30 07:13:30] ⚠️ Placeholder detected: /home/rafa1215/consensus-project/memory/logs/system/agent_summaries/top10_suggestions_2025-12-30_0902.md
[2025-12-30 07:13:30] ⚠️ Placeholder detected: /home/rafa1215/consensus-project/memory/logs/system/agent_summaries/top10_optimization_2025-12-21_0902.md
[2025-12-30 07:13:30] ⚠️ Placeholder detected: /home/rafa1215/consensus-project/memory/logs/system/agent_summaries/top10_brainstorm_2025-12-24_0902.md
[2025-12-30 07:13:30] ♻️  Placeholder or missing Top-10 detected — regenerating...
[2025-12-30 07:13:32] ⚠️ Placeholder detected: /home/rafa1215/consensus-project/memory/logs/system/agent_summaries/top10_suggestions_2025-12-22_0902.md
[2025-12-30 07:13:32] ⚠️ Placeholder detected: /home/rafa1215/consensus-project/memory/logs/system/agent_summaries/top10_optimization_2025-12-26_0902.md
[2025-12-30 07:13:32] ⚠️ Placeholder detected: /home/rafa1215/consensus-project/memory/logs/system/agent_summaries/top10_suggestions_2025-12-21_0902.md
[2025-12-30 07:13:32] ⚠️ Placeholder detected: /home/rafa1215/consensus-project/memory/logs/system/agent_summaries/top10_suggestions_2025-12-20_0902.md
[2025-12-30 07:13:32] ⚠️ Placeholder detected: /home/rafa1215/consensus-project/memory/logs/system/agent_summaries/top10_brainstorm_2025-12-25_0902.md
[2025-12-30 07:13:32] ⚠️ Placeholder detected: /home/rafa1215/consensus-project/memory/logs/system/agent_summaries/top10_suggestions_2025-12-25_0902.md
[2025-12-30 07:13:32] ⚠️ Placeholder detected: /home/rafa1215/consensus-project/memory/logs/system/agent_summaries/top10_brainstorm_2025-12-23_0902.md
[2025-12-30 07:13:32] ⚠️ Placeholder detected: /home/rafa1215/consensus-project/memory/logs/system/agent_summaries/top10_optimization_2025-12-27_0902.md
[2025-12-30 07:13:32] ⚠️ Placeholder detected: /home/rafa1215/consensus-project/memory/logs/system/agent_summaries/top10_brainstorm_2025-12-20_0902.md
[2025-12-30 07:13:32] ⚠️ Placeholder detected: /home/rafa1215/consensus-project/memory/logs/system/agent_summaries/top10_suggestions_2025-12-23_0902.md
[2025-12-30 07:13:32] ⚠️ Placeholder detected: /home/rafa1215/consensus-project/memory/logs/system/agent_summaries/top10_suggestions_2025-12-27_0902.md
[2025-12-30 07:13:32] ⚠️ Placeholder detected: /home/rafa1215/consensus-project/memory/logs/system/agent_summaries/top10_brainstorm_2025-12-21_0902.md
[2025-12-30 07:13:32] ⚠️ Placeholder detected: /home/rafa1215/consensus-project/memory/logs/system/agent_summaries/top10_suggestions_2025-12-24_0902.md
[2025-12-30 07:13:32] ⚠️ Placeholder detected: /home/rafa1215/consensus-project/memory/logs/system/agent_summaries/top10_optimization_2025-12-24_0902.md
[2025-12-30 07:13:32] ⚠️ Placeholder detected: /home/rafa1215/consensus-project/memory/logs/system/agent_summaries/top10_suggestions_2025-12-26_0902.md
[2025-12-30 07:13:32] ⚠️ Placeholder detected: /home/rafa1215/consensus-project/memory/logs/system/agent_summaries/top10_optimization_2025-12-25_0902.md
[2025-12-30 07:13:32] ⚠️ Placeholder detected: /home/rafa1215/consensus-project/memory/logs/system/agent_summaries/top10_brainstorm_2025-12-27_0902.md
[2025-12-30 07:13:32] ⚠️ Placeholder detected: /home/rafa1215/consensus-project/memory/logs/system/agent_summaries/top10_optimization_2025-12-22_0902.md
[2025-12-30 07:13:32] ⚠️ Placeholder detected: /home/rafa1215/consensus-project/memory/logs/system/agent_summaries/top10_brainstorm_2025-12-26_0902.md
[2025-12-30 07:13:32] ⚠️ Placeholder detected: /home/rafa1215/consensus-project/memory/logs/system/agent_summaries/top10_brainstorm_2025-12-22_0902.md
[2025-12-30 07:13:32] ⚠️ Placeholder detected: /home/rafa1215/consensus-project/memory/logs/system/agent_summaries/top10_optimization_2025-12-23_0902.md
[2025-12-30 07:13:32] ⚠️ Placeholder detected: /home/rafa1215/consensus-project/memory/logs/system/agent_summaries/top10_optimization_2025-12-20_0902.md
[2025-12-30 07:13:32] ⚠️ Placeholder detected: /home/rafa1215/consensus-project/memory/logs/system/agent_summaries/top10_optimization_2025-12-21_0902.md
[2025-12-30 07:13:32] ⚠️ Placeholder detected: /home/rafa1215/consensus-project/memory/logs/system/agent_summaries/top10_brainstorm_2025-12-24_0902.md
[2025-12-30 07:13:32] ♻️  Placeholder or missing Top-10 detected — regenerating...
[2025-12-31 07:06:33] ⚠️  Missing or outdated daily summaries detected — regenerating.
[2025-12-31 07:06:33] ✅ Generated summaries for 2025-12-28
[2025-12-31 07:06:33] ✅ Generated summaries for 2025-12-29
[2025-12-31 07:06:33] ✅ Generated summaries for 2025-12-30
[2025-12-31 07:06:33] ✅ Generated summaries for 2025-12-31
[2025-12-31 07:06:33] ✅ Summary generation complete (4 day(s))
[2025-12-31 07:06:33] ⚠️  Missing or outdated daily summaries detected — regenerating.
[2025-12-31 07:06:33] ✅ Generated summaries for 2025-12-28
[2025-12-31 07:06:33] ✅ Generated summaries for 2025-12-29
[2025-12-31 07:06:33] ✅ Generated summaries for 2025-12-30
[2025-12-31 07:06:33] ✅ Generated summaries for 2025-12-31
[2025-12-31 07:06:33] ✅ Summary generation complete (4 day(s))
[2025-12-31 07:08:04] 🔍 Running system file auditor...
[2025-12-31 07:08:09] 🔍 Running system file auditor...
[2025-12-31 07:09:10] 🚀 Auto-Repair Suite started.
[2025-12-31 07:09:10] ⚠️ Placeholder detected: /home/rafa1215/consensus-project/memory/logs/system/agent_summaries/top10_suggestions_2025-12-22_0902.md
[2025-12-31 07:09:10] ⚠️ Placeholder detected: /home/rafa1215/consensus-project/memory/logs/system/agent_summaries/top10_optimization_2025-12-26_0902.md
[2025-12-31 07:09:10] ⚠️ Placeholder detected: /home/rafa1215/consensus-project/memory/logs/system/agent_summaries/top10_suggestions_2025-12-21_0902.md
[2025-12-31 07:09:10] ⚠️ Placeholder detected: /home/rafa1215/consensus-project/memory/logs/system/agent_summaries/top10_optimization_2025-12-29_0902.md
[2025-12-31 07:09:10] ⚠️ Placeholder detected: /home/rafa1215/consensus-project/memory/logs/system/agent_summaries/top10_suggestions_2025-12-20_0902.md
[2025-12-31 07:09:10] ⚠️ Placeholder detected: /home/rafa1215/consensus-project/memory/logs/system/agent_summaries/top10_brainstorm_2025-12-25_0902.md
[2025-12-31 07:09:10] ⚠️ Placeholder detected: /home/rafa1215/consensus-project/memory/logs/system/agent_summaries/top10_brainstorm_2025-12-30_0902.md
[2025-12-31 07:09:10] ⚠️ Placeholder detected: /home/rafa1215/consensus-project/memory/logs/system/agent_summaries/top10_suggestions_2025-12-25_0902.md
[2025-12-31 07:09:10] ⚠️ Placeholder detected: /home/rafa1215/consensus-project/memory/logs/system/agent_summaries/top10_brainstorm_2025-12-29_0902.md
[2025-12-31 07:09:10] ⚠️ Placeholder detected: /home/rafa1215/consensus-project/memory/logs/system/agent_summaries/top10_suggestions_2025-12-31_0902.md
[2025-12-31 07:09:10] ⚠️ Placeholder detected: /home/rafa1215/consensus-project/memory/logs/system/agent_summaries/top10_optimization_2025-12-30_0902.md
[2025-12-31 07:09:10] ⚠️ Placeholder detected: /home/rafa1215/consensus-project/memory/logs/system/agent_summaries/top10_brainstorm_2025-12-23_0902.md
[2025-12-31 07:09:10] ⚠️ Placeholder detected: /home/rafa1215/consensus-project/memory/logs/system/agent_summaries/top10_optimization_2025-12-27_0902.md
[2025-12-31 07:09:10] ⚠️ Placeholder detected: /home/rafa1215/consensus-project/memory/logs/system/agent_summaries/top10_brainstorm_2025-12-20_0902.md
[2025-12-31 07:09:10] ⚠️ Placeholder detected: /home/rafa1215/consensus-project/memory/logs/system/agent_summaries/top10_suggestions_2025-12-23_0902.md
[2025-12-31 07:09:10] ⚠️ Placeholder detected: /home/rafa1215/consensus-project/memory/logs/system/agent_summaries/top10_suggestions_2025-12-27_0902.md
[2025-12-31 07:09:10] ⚠️ Placeholder detected: /home/rafa1215/consensus-project/memory/logs/system/agent_summaries/top10_brainstorm_2025-12-21_0902.md
[2025-12-31 07:09:10] ⚠️ Placeholder detected: /home/rafa1215/consensus-project/memory/logs/system/agent_summaries/top10_suggestions_2025-12-24_0902.md
[2025-12-31 07:09:10] ⚠️ Placeholder detected: /home/rafa1215/consensus-project/memory/logs/system/agent_summaries/top10_suggestions_2025-12-28_0902.md
[2025-12-31 07:09:10] ⚠️ Placeholder detected: /home/rafa1215/consensus-project/memory/logs/system/agent_summaries/top10_optimization_2025-12-24_0902.md
[2025-12-31 07:09:10] ⚠️ Placeholder detected: /home/rafa1215/consensus-project/memory/logs/system/agent_summaries/top10_suggestions_2025-12-26_0902.md
[2025-12-31 07:09:10] ⚠️ Placeholder detected: /home/rafa1215/consensus-project/memory/logs/system/agent_summaries/top10_optimization_2025-12-25_0902.md
[2025-12-31 07:09:10] ⚠️ Placeholder detected: /home/rafa1215/consensus-project/memory/logs/system/agent_summaries/top10_optimization_2025-12-28_0902.md
[2025-12-31 07:09:10] ⚠️ Placeholder detected: /home/rafa1215/consensus-project/memory/logs/system/agent_summaries/top10_brainstorm_2025-12-27_0902.md
[2025-12-31 07:09:10] ⚠️ Placeholder detected: /home/rafa1215/consensus-project/memory/logs/system/agent_summaries/top10_optimization_2025-12-22_0902.md
[2025-12-31 07:09:10] ⚠️ Placeholder detected: /home/rafa1215/consensus-project/memory/logs/system/agent_summaries/top10_brainstorm_2025-12-26_0902.md
[2025-12-31 07:09:10] ⚠️ Placeholder detected: /home/rafa1215/consensus-project/memory/logs/system/agent_summaries/top10_brainstorm_2025-12-28_0902.md
[2025-12-31 07:09:10] ⚠️ Placeholder detected: /home/rafa1215/consensus-project/memory/logs/system/agent_summaries/top10_optimization_2025-12-31_0902.md
[2025-12-31 07:09:10] ⚠️ Placeholder detected: /home/rafa1215/consensus-project/memory/logs/system/agent_summaries/top10_brainstorm_2025-12-22_0902.md
[2025-12-31 07:09:10] ⚠️ Placeholder detected: /home/rafa1215/consensus-project/memory/logs/system/agent_summaries/top10_optimization_2025-12-23_0902.md
[2025-12-31 07:09:10] ⚠️ Placeholder detected: /home/rafa1215/consensus-project/memory/logs/system/agent_summaries/top10_suggestions_2025-12-29_0902.md
[2025-12-31 07:09:10] ⚠️ Placeholder detected: /home/rafa1215/consensus-project/memory/logs/system/agent_summaries/top10_brainstorm_2025-12-31_0902.md
[2025-12-31 07:09:10] ⚠️ Placeholder detected: /home/rafa1215/consensus-project/memory/logs/system/agent_summaries/top10_optimization_2025-12-20_0902.md
[2025-12-31 07:09:10] ⚠️ Placeholder detected: /home/rafa1215/consensus-project/memory/logs/system/agent_summaries/top10_suggestions_2025-12-30_0902.md
[2025-12-31 07:09:10] ⚠️ Placeholder detected: /home/rafa1215/consensus-project/memory/logs/system/agent_summaries/top10_optimization_2025-12-21_0902.md
[2025-12-31 07:09:10] ⚠️ Placeholder detected: /home/rafa1215/consensus-project/memory/logs/system/agent_summaries/top10_brainstorm_2025-12-24_0902.md
[2025-12-31 07:09:10] ♻️  Placeholder or missing Top-10 detected — regenerating...
[2025-12-31 07:09:12] ⚠️  Missing or outdated daily summaries detected — regenerating.
[2025-12-31 07:09:12] ✅ Generated summaries for 2025-12-28
[2025-12-31 07:09:13] ✅ Generated summaries for 2025-12-29
[2025-12-31 07:09:13] ✅ Generated summaries for 2025-12-30
[2025-12-31 07:09:13] ✅ Generated summaries for 2025-12-31
[2025-12-31 07:09:13] ✅ Summary generation complete (4 day(s))
[2025-12-31 07:09:13] ✅ Updated Top-10 digest index.
[2025-12-31 07:09:13] 📦 Archived 15 Top-10 files older than 7 days.
[2025-12-31 07:09:13] ✅ Auto-Repair Suite completed successfully.
[2025-12-31 07:09:13] 🚀 Auto-Repair Suite started.
[2025-12-31 07:09:13] ⚠️ Placeholder detected: /home/rafa1215/consensus-project/memory/logs/system/agent_summaries/top10_suggestions_2025-12-22_0902.md
[2025-12-31 07:09:13] ⚠️ Placeholder detected: /home/rafa1215/consensus-project/memory/logs/system/agent_summaries/top10_optimization_2025-12-26_0902.md
[2025-12-31 07:09:13] ⚠️ Placeholder detected: /home/rafa1215/consensus-project/memory/logs/system/agent_summaries/top10_suggestions_2025-12-21_0902.md
[2025-12-31 07:09:13] ⚠️ Placeholder detected: /home/rafa1215/consensus-project/memory/logs/system/agent_summaries/top10_optimization_2025-12-29_0902.md
[2025-12-31 07:09:13] ⚠️ Placeholder detected: /home/rafa1215/consensus-project/memory/logs/system/agent_summaries/top10_brainstorm_2025-12-25_0902.md
[2025-12-31 07:09:13] ⚠️ Placeholder detected: /home/rafa1215/consensus-project/memory/logs/system/agent_summaries/top10_brainstorm_2025-12-30_0902.md
[2025-12-31 07:09:13] ⚠️ Placeholder detected: /home/rafa1215/consensus-project/memory/logs/system/agent_summaries/top10_suggestions_2025-12-25_0902.md
[2025-12-31 07:09:13] ⚠️ Placeholder detected: /home/rafa1215/consensus-project/memory/logs/system/agent_summaries/top10_brainstorm_2025-12-29_0902.md
[2025-12-31 07:09:13] ⚠️ Placeholder detected: /home/rafa1215/consensus-project/memory/logs/system/agent_summaries/top10_suggestions_2025-12-31_0902.md
[2025-12-31 07:09:13] ⚠️ Placeholder detected: /home/rafa1215/consensus-project/memory/logs/system/agent_summaries/top10_optimization_2025-12-30_0902.md
[2025-12-31 07:09:13] ⚠️ Placeholder detected: /home/rafa1215/consensus-project/memory/logs/system/agent_summaries/top10_brainstorm_2025-12-23_0902.md
[2025-12-31 07:09:13] ⚠️ Placeholder detected: /home/rafa1215/consensus-project/memory/logs/system/agent_summaries/top10_optimization_2025-12-27_0902.md
[2025-12-31 07:09:13] ⚠️ Placeholder detected: /home/rafa1215/consensus-project/memory/logs/system/agent_summaries/top10_suggestions_2025-12-23_0902.md
[2025-12-31 07:09:13] ⚠️ Placeholder detected: /home/rafa1215/consensus-project/memory/logs/system/agent_summaries/top10_suggestions_2025-12-27_0902.md
[2025-12-31 07:09:13] ⚠️ Placeholder detected: /home/rafa1215/consensus-project/memory/logs/system/agent_summaries/top10_brainstorm_2025-12-21_0902.md
[2025-12-31 07:09:13] ⚠️ Placeholder detected: /home/rafa1215/consensus-project/memory/logs/system/agent_summaries/top10_suggestions_2025-12-24_0902.md
[2025-12-31 07:09:13] ⚠️ Placeholder detected: /home/rafa1215/consensus-project/memory/logs/system/agent_summaries/top10_suggestions_2025-12-28_0902.md
[2025-12-31 07:09:13] ⚠️ Placeholder detected: /home/rafa1215/consensus-project/memory/logs/system/agent_summaries/top10_optimization_2025-12-24_0902.md
[2025-12-31 07:09:13] ⚠️ Placeholder detected: /home/rafa1215/consensus-project/memory/logs/system/agent_summaries/top10_suggestions_2025-12-26_0902.md
[2025-12-31 07:09:13] ⚠️ Placeholder detected: /home/rafa1215/consensus-project/memory/logs/system/agent_summaries/top10_optimization_2025-12-25_0902.md
[2025-12-31 07:09:13] ⚠️ Placeholder detected: /home/rafa1215/consensus-project/memory/logs/system/agent_summaries/top10_optimization_2025-12-28_0902.md
[2025-12-31 07:09:13] ⚠️ Placeholder detected: /home/rafa1215/consensus-project/memory/logs/system/agent_summaries/top10_brainstorm_2025-12-27_0902.md
[2025-12-31 07:09:13] ⚠️ Placeholder detected: /home/rafa1215/consensus-project/memory/logs/system/agent_summaries/top10_optimization_2025-12-22_0902.md
[2025-12-31 07:09:13] ⚠️ Placeholder detected: /home/rafa1215/consensus-project/memory/logs/system/agent_summaries/top10_brainstorm_2025-12-26_0902.md
[2025-12-31 07:09:13] ⚠️ Placeholder detected: /home/rafa1215/consensus-project/memory/logs/system/agent_summaries/top10_brainstorm_2025-12-28_0902.md
[2025-12-31 07:09:13] ⚠️ Placeholder detected: /home/rafa1215/consensus-project/memory/logs/system/agent_summaries/top10_optimization_2025-12-31_0902.md
[2025-12-31 07:09:13] ⚠️ Placeholder detected: /home/rafa1215/consensus-project/memory/logs/system/agent_summaries/top10_brainstorm_2025-12-22_0902.md
[2025-12-31 07:09:13] ⚠️ Placeholder detected: /home/rafa1215/consensus-project/memory/logs/system/agent_summaries/top10_optimization_2025-12-23_0902.md
[2025-12-31 07:09:13] ⚠️ Placeholder detected: /home/rafa1215/consensus-project/memory/logs/system/agent_summaries/top10_suggestions_2025-12-29_0902.md
[2025-12-31 07:09:13] ⚠️ Placeholder detected: /home/rafa1215/consensus-project/memory/logs/system/agent_summaries/top10_brainstorm_2025-12-31_0902.md
[2025-12-31 07:09:13] ⚠️ Placeholder detected: /home/rafa1215/consensus-project/memory/logs/system/agent_summaries/top10_suggestions_2025-12-30_0902.md
[2025-12-31 07:09:13] ⚠️ Placeholder detected: /home/rafa1215/consensus-project/memory/logs/system/agent_summaries/top10_optimization_2025-12-21_0902.md
[2025-12-31 07:09:13] ⚠️ Placeholder detected: /home/rafa1215/consensus-project/memory/logs/system/agent_summaries/top10_brainstorm_2025-12-24_0902.md
[2025-12-31 07:09:13] ♻️  Placeholder or missing Top-10 detected — regenerating...
[2025-12-31 07:09:15] ⚠️  Missing or outdated daily summaries detected — regenerating.
[2025-12-31 07:09:15] ✅ Generated summaries for 2025-12-28
[2025-12-31 07:09:15] ✅ Generated summaries for 2025-12-29
[2025-12-31 07:09:15] ✅ Generated summaries for 2025-12-30
[2025-12-31 07:09:15] ✅ Generated summaries for 2025-12-31
[2025-12-31 07:09:15] ✅ Summary generation complete (4 day(s))
[2025-12-31 07:09:15] ✅ Updated Top-10 digest index.
[2025-12-31 07:09:15] 📦 Archived 0 Top-10 files older than 7 days.
[2025-12-31 07:09:15] ✅ Auto-Repair Suite completed successfully.
[2025-12-31 07:10:52] ✅ Generated summaries for 2025-12-31
[2025-12-31 07:10:52] ✅ Summary generation complete (1 day(s))
[2025-12-31 07:10:52] ✅ Generated summaries for 2025-12-31
[2025-12-31 07:10:52] ✅ Summary generation complete (1 day(s))
[2025-12-31 07:12:58] ⚠️ Placeholder detected: /home/rafa1215/consensus-project/memory/logs/system/agent_summaries/top10_suggestions_2025-12-22_0902.md
[2025-12-31 07:12:58] ⚠️ Placeholder detected: /home/rafa1215/consensus-project/memory/logs/system/agent_summaries/top10_optimization_2025-12-26_0902.md
[2025-12-31 07:12:58] ⚠️ Placeholder detected: /home/rafa1215/consensus-project/memory/logs/system/agent_summaries/top10_suggestions_2025-12-21_0902.md
[2025-12-31 07:12:58] ⚠️ Placeholder detected: /home/rafa1215/consensus-project/memory/logs/system/agent_summaries/top10_brainstorm_2025-12-25_0902.md
[2025-12-31 07:12:58] ⚠️ Placeholder detected: /home/rafa1215/consensus-project/memory/logs/system/agent_summaries/top10_suggestions_2025-12-25_0902.md
[2025-12-31 07:12:58] ⚠️ Placeholder detected: /home/rafa1215/consensus-project/memory/logs/system/agent_summaries/top10_suggestions_2025-12-31_0902.md
[2025-12-31 07:12:58] ⚠️ Placeholder detected: /home/rafa1215/consensus-project/memory/logs/system/agent_summaries/top10_brainstorm_2025-12-23_0902.md
[2025-12-31 07:12:58] ⚠️ Placeholder detected: /home/rafa1215/consensus-project/memory/logs/system/agent_summaries/top10_optimization_2025-12-27_0902.md
[2025-12-31 07:12:58] ⚠️ Placeholder detected: /home/rafa1215/consensus-project/memory/logs/system/agent_summaries/top10_suggestions_2025-12-23_0902.md
[2025-12-31 07:12:58] ⚠️ Placeholder detected: /home/rafa1215/consensus-project/memory/logs/system/agent_summaries/top10_suggestions_2025-12-27_0902.md
[2025-12-31 07:12:58] ⚠️ Placeholder detected: /home/rafa1215/consensus-project/memory/logs/system/agent_summaries/top10_brainstorm_2025-12-21_0902.md
[2025-12-31 07:12:58] ⚠️ Placeholder detected: /home/rafa1215/consensus-project/memory/logs/system/agent_summaries/top10_suggestions_2025-12-24_0902.md
[2025-12-31 07:12:58] ⚠️ Placeholder detected: /home/rafa1215/consensus-project/memory/logs/system/agent_summaries/top10_suggestions_2025-12-28_0902.md
[2025-12-31 07:12:58] ⚠️ Placeholder detected: /home/rafa1215/consensus-project/memory/logs/system/agent_summaries/top10_optimization_2025-12-24_0902.md
[2025-12-31 07:12:58] ⚠️ Placeholder detected: /home/rafa1215/consensus-project/memory/logs/system/agent_summaries/top10_suggestions_2025-12-26_0902.md
[2025-12-31 07:12:58] ⚠️ Placeholder detected: /home/rafa1215/consensus-project/memory/logs/system/agent_summaries/top10_optimization_2025-12-25_0902.md
[2025-12-31 07:12:58] ⚠️ Placeholder detected: /home/rafa1215/consensus-project/memory/logs/system/agent_summaries/top10_optimization_2025-12-28_0902.md
[2025-12-31 07:12:58] ⚠️ Placeholder detected: /home/rafa1215/consensus-project/memory/logs/system/agent_summaries/top10_brainstorm_2025-12-27_0902.md
[2025-12-31 07:12:58] ⚠️ Placeholder detected: /home/rafa1215/consensus-project/memory/logs/system/agent_summaries/top10_optimization_2025-12-22_0902.md
[2025-12-31 07:12:58] ⚠️ Placeholder detected: /home/rafa1215/consensus-project/memory/logs/system/agent_summaries/top10_brainstorm_2025-12-26_0902.md
[2025-12-31 07:12:58] ⚠️ Placeholder detected: /home/rafa1215/consensus-project/memory/logs/system/agent_summaries/top10_brainstorm_2025-12-28_0902.md
[2025-12-31 07:12:58] ⚠️ Placeholder detected: /home/rafa1215/consensus-project/memory/logs/system/agent_summaries/top10_optimization_2025-12-31_0902.md
[2025-12-31 07:12:58] ⚠️ Placeholder detected: /home/rafa1215/consensus-project/memory/logs/system/agent_summaries/top10_brainstorm_2025-12-22_0902.md
[2025-12-31 07:12:58] ⚠️ Placeholder detected: /home/rafa1215/consensus-project/memory/logs/system/agent_summaries/top10_optimization_2025-12-23_0902.md
[2025-12-31 07:12:58] ⚠️ Placeholder detected: /home/rafa1215/consensus-project/memory/logs/system/agent_summaries/top10_brainstorm_2025-12-31_0902.md
[2025-12-31 07:12:58] ⚠️ Placeholder detected: /home/rafa1215/consensus-project/memory/logs/system/agent_summaries/top10_optimization_2025-12-21_0902.md
[2025-12-31 07:12:58] ⚠️ Placeholder detected: /home/rafa1215/consensus-project/memory/logs/system/agent_summaries/top10_brainstorm_2025-12-24_0902.md
[2025-12-31 07:12:58] ♻️  Placeholder or missing Top-10 detected — regenerating...
[2025-12-31 07:13:00] ⚠️ Placeholder detected: /home/rafa1215/consensus-project/memory/logs/system/agent_summaries/top10_suggestions_2025-12-22_0902.md
[2025-12-31 07:13:00] ⚠️ Placeholder detected: /home/rafa1215/consensus-project/memory/logs/system/agent_summaries/top10_optimization_2025-12-26_0902.md
[2025-12-31 07:13:00] ⚠️ Placeholder detected: /home/rafa1215/consensus-project/memory/logs/system/agent_summaries/top10_suggestions_2025-12-21_0902.md
[2025-12-31 07:13:00] ⚠️ Placeholder detected: /home/rafa1215/consensus-project/memory/logs/system/agent_summaries/top10_brainstorm_2025-12-25_0902.md
[2025-12-31 07:13:00] ⚠️ Placeholder detected: /home/rafa1215/consensus-project/memory/logs/system/agent_summaries/top10_suggestions_2025-12-25_0902.md
[2025-12-31 07:13:00] ⚠️ Placeholder detected: /home/rafa1215/consensus-project/memory/logs/system/agent_summaries/top10_brainstorm_2025-12-23_0902.md
[2025-12-31 07:13:00] ⚠️ Placeholder detected: /home/rafa1215/consensus-project/memory/logs/system/agent_summaries/top10_optimization_2025-12-27_0902.md
[2025-12-31 07:13:00] ⚠️ Placeholder detected: /home/rafa1215/consensus-project/memory/logs/system/agent_summaries/top10_suggestions_2025-12-23_0902.md
[2025-12-31 07:13:00] ⚠️ Placeholder detected: /home/rafa1215/consensus-project/memory/logs/system/agent_summaries/top10_suggestions_2025-12-27_0902.md
[2025-12-31 07:13:00] ⚠️ Placeholder detected: /home/rafa1215/consensus-project/memory/logs/system/agent_summaries/top10_brainstorm_2025-12-21_0902.md
[2025-12-31 07:13:00] ⚠️ Placeholder detected: /home/rafa1215/consensus-project/memory/logs/system/agent_summaries/top10_suggestions_2025-12-24_0902.md
[2025-12-31 07:13:00] ⚠️ Placeholder detected: /home/rafa1215/consensus-project/memory/logs/system/agent_summaries/top10_suggestions_2025-12-28_0902.md
[2025-12-31 07:13:00] ⚠️ Placeholder detected: /home/rafa1215/consensus-project/memory/logs/system/agent_summaries/top10_optimization_2025-12-24_0902.md
[2025-12-31 07:13:00] ⚠️ Placeholder detected: /home/rafa1215/consensus-project/memory/logs/system/agent_summaries/top10_suggestions_2025-12-26_0902.md
[2025-12-31 07:13:00] ⚠️ Placeholder detected: /home/rafa1215/consensus-project/memory/logs/system/agent_summaries/top10_optimization_2025-12-25_0902.md
[2025-12-31 07:13:00] ⚠️ Placeholder detected: /home/rafa1215/consensus-project/memory/logs/system/agent_summaries/top10_optimization_2025-12-28_0902.md
[2025-12-31 07:13:00] ⚠️ Placeholder detected: /home/rafa1215/consensus-project/memory/logs/system/agent_summaries/top10_brainstorm_2025-12-27_0902.md
[2025-12-31 07:13:00] ⚠️ Placeholder detected: /home/rafa1215/consensus-project/memory/logs/system/agent_summaries/top10_optimization_2025-12-22_0902.md
[2025-12-31 07:13:00] ⚠️ Placeholder detected: /home/rafa1215/consensus-project/memory/logs/system/agent_summaries/top10_brainstorm_2025-12-26_0902.md
[2025-12-31 07:13:00] ⚠️ Placeholder detected: /home/rafa1215/consensus-project/memory/logs/system/agent_summaries/top10_brainstorm_2025-12-28_0902.md
[2025-12-31 07:13:00] ⚠️ Placeholder detected: /home/rafa1215/consensus-project/memory/logs/system/agent_summaries/top10_brainstorm_2025-12-22_0902.md
[2025-12-31 07:13:00] ⚠️ Placeholder detected: /home/rafa1215/consensus-project/memory/logs/system/agent_summaries/top10_optimization_2025-12-23_0902.md
[2025-12-31 07:13:00] ⚠️ Placeholder detected: /home/rafa1215/consensus-project/memory/logs/system/agent_summaries/top10_optimization_2025-12-21_0902.md
[2025-12-31 07:13:00] ⚠️ Placeholder detected: /home/rafa1215/consensus-project/memory/logs/system/agent_summaries/top10_brainstorm_2025-12-24_0902.md
[2025-12-31 07:13:00] ♻️  Placeholder or missing Top-10 detected — regenerating...
[2026-01-01 07:07:24] ⚠️  Missing or outdated daily summaries detected — regenerating.
[2026-01-01 07:07:24] ✅ Generated summaries for 2025-12-29
[2026-01-01 07:07:24] ✅ Generated summaries for 2025-12-30
[2026-01-01 07:07:24] ✅ Generated summaries for 2025-12-31
[2026-01-01 07:07:24] ✅ Generated summaries for 2026-01-01
[2026-01-01 07:07:24] ✅ Summary generation complete (4 day(s))
[2026-01-01 07:07:24] ⚠️  Missing or outdated daily summaries detected — regenerating.
[2026-01-01 07:07:24] ✅ Generated summaries for 2025-12-29
[2026-01-01 07:07:24] ✅ Generated summaries for 2025-12-30
[2026-01-01 07:07:24] ✅ Generated summaries for 2025-12-31
[2026-01-01 07:07:24] ✅ Generated summaries for 2026-01-01
[2026-01-01 07:07:24] ✅ Summary generation complete (4 day(s))
[2026-01-01 07:09:09] 🔍 Running system file auditor...
[2026-01-01 07:09:14] 🔍 Running system file auditor...
[2026-01-01 07:10:22] 🚀 Auto-Repair Suite started.
[2026-01-01 07:10:22] ⚠️ Placeholder detected: /home/rafa1215/consensus-project/memory/logs/system/agent_summaries/top10_suggestions_2025-12-22_0902.md
[2026-01-01 07:10:22] ⚠️ Placeholder detected: /home/rafa1215/consensus-project/memory/logs/system/agent_summaries/top10_optimization_2025-12-26_0902.md
[2026-01-01 07:10:22] ⚠️ Placeholder detected: /home/rafa1215/consensus-project/memory/logs/system/agent_summaries/top10_suggestions_2025-12-21_0902.md
[2026-01-01 07:10:22] ⚠️ Placeholder detected: /home/rafa1215/consensus-project/memory/logs/system/agent_summaries/top10_optimization_2025-12-29_0902.md
[2026-01-01 07:10:22] ⚠️ Placeholder detected: /home/rafa1215/consensus-project/memory/logs/system/agent_summaries/top10_brainstorm_2025-12-25_0902.md
[2026-01-01 07:10:22] ⚠️ Placeholder detected: /home/rafa1215/consensus-project/memory/logs/system/agent_summaries/top10_brainstorm_2025-12-30_0902.md
[2026-01-01 07:10:22] ⚠️ Placeholder detected: /home/rafa1215/consensus-project/memory/logs/system/agent_summaries/top10_suggestions_2025-12-25_0902.md
[2026-01-01 07:10:22] ⚠️ Placeholder detected: /home/rafa1215/consensus-project/memory/logs/system/agent_summaries/top10_brainstorm_2026-01-01_0902.md
[2026-01-01 07:10:22] ⚠️ Placeholder detected: /home/rafa1215/consensus-project/memory/logs/system/agent_summaries/top10_brainstorm_2025-12-29_0902.md
[2026-01-01 07:10:22] ⚠️ Placeholder detected: /home/rafa1215/consensus-project/memory/logs/system/agent_summaries/top10_suggestions_2025-12-31_0902.md
[2026-01-01 07:10:22] ⚠️ Placeholder detected: /home/rafa1215/consensus-project/memory/logs/system/agent_summaries/top10_optimization_2025-12-30_0902.md
[2026-01-01 07:10:22] ⚠️ Placeholder detected: /home/rafa1215/consensus-project/memory/logs/system/agent_summaries/top10_brainstorm_2025-12-23_0902.md
[2026-01-01 07:10:22] ⚠️ Placeholder detected: /home/rafa1215/consensus-project/memory/logs/system/agent_summaries/top10_optimization_2025-12-27_0902.md
[2026-01-01 07:10:22] ⚠️ Placeholder detected: /home/rafa1215/consensus-project/memory/logs/system/agent_summaries/top10_suggestions_2025-12-23_0902.md
[2026-01-01 07:10:22] ⚠️ Placeholder detected: /home/rafa1215/consensus-project/memory/logs/system/agent_summaries/top10_suggestions_2025-12-27_0902.md
[2026-01-01 07:10:22] ⚠️ Placeholder detected: /home/rafa1215/consensus-project/memory/logs/system/agent_summaries/top10_brainstorm_2025-12-21_0902.md
[2026-01-01 07:10:22] ⚠️ Placeholder detected: /home/rafa1215/consensus-project/memory/logs/system/agent_summaries/top10_suggestions_2025-12-24_0902.md
[2026-01-01 07:10:22] ⚠️ Placeholder detected: /home/rafa1215/consensus-project/memory/logs/system/agent_summaries/top10_suggestions_2025-12-28_0902.md
[2026-01-01 07:10:22] ⚠️ Placeholder detected: /home/rafa1215/consensus-project/memory/logs/system/agent_summaries/top10_optimization_2025-12-24_0902.md
[2026-01-01 07:10:22] ⚠️ Placeholder detected: /home/rafa1215/consensus-project/memory/logs/system/agent_summaries/top10_suggestions_2025-12-26_0902.md
[2026-01-01 07:10:22] ⚠️ Placeholder detected: /home/rafa1215/consensus-project/memory/logs/system/agent_summaries/top10_optimization_2025-12-25_0902.md
[2026-01-01 07:10:22] ⚠️ Placeholder detected: /home/rafa1215/consensus-project/memory/logs/system/agent_summaries/top10_optimization_2025-12-28_0902.md
[2026-01-01 07:10:22] ⚠️ Placeholder detected: /home/rafa1215/consensus-project/memory/logs/system/agent_summaries/top10_suggestions_2026-01-01_0902.md
[2026-01-01 07:10:22] ⚠️ Placeholder detected: /home/rafa1215/consensus-project/memory/logs/system/agent_summaries/top10_brainstorm_2025-12-27_0902.md
[2026-01-01 07:10:22] ⚠️ Placeholder detected: /home/rafa1215/consensus-project/memory/logs/system/agent_summaries/top10_optimization_2025-12-22_0902.md
[2026-01-01 07:10:22] ⚠️ Placeholder detected: /home/rafa1215/consensus-project/memory/logs/system/agent_summaries/top10_optimization_2026-01-01_0902.md
[2026-01-01 07:10:22] ⚠️ Placeholder detected: /home/rafa1215/consensus-project/memory/logs/system/agent_summaries/top10_brainstorm_2025-12-26_0902.md
[2026-01-01 07:10:22] ⚠️ Placeholder detected: /home/rafa1215/consensus-project/memory/logs/system/agent_summaries/top10_brainstorm_2025-12-28_0902.md
[2026-01-01 07:10:22] ⚠️ Placeholder detected: /home/rafa1215/consensus-project/memory/logs/system/agent_summaries/top10_optimization_2025-12-31_0902.md
[2026-01-01 07:10:22] ⚠️ Placeholder detected: /home/rafa1215/consensus-project/memory/logs/system/agent_summaries/top10_brainstorm_2025-12-22_0902.md
[2026-01-01 07:10:22] ⚠️ Placeholder detected: /home/rafa1215/consensus-project/memory/logs/system/agent_summaries/top10_optimization_2025-12-23_0902.md
[2026-01-01 07:10:22] ⚠️ Placeholder detected: /home/rafa1215/consensus-project/memory/logs/system/agent_summaries/top10_suggestions_2025-12-29_0902.md
[2026-01-01 07:10:22] ⚠️ Placeholder detected: /home/rafa1215/consensus-project/memory/logs/system/agent_summaries/top10_brainstorm_2025-12-31_0902.md
[2026-01-01 07:10:22] ⚠️ Placeholder detected: /home/rafa1215/consensus-project/memory/logs/system/agent_summaries/top10_suggestions_2025-12-30_0902.md
[2026-01-01 07:10:22] ⚠️ Placeholder detected: /home/rafa1215/consensus-project/memory/logs/system/agent_summaries/top10_optimization_2025-12-21_0902.md
[2026-01-01 07:10:22] ⚠️ Placeholder detected: /home/rafa1215/consensus-project/memory/logs/system/agent_summaries/top10_brainstorm_2025-12-24_0902.md
[2026-01-01 07:10:22] ♻️  Placeholder or missing Top-10 detected — regenerating...
[2026-01-01 07:10:26] 🚀 Auto-Repair Suite started.
[2026-01-01 07:10:27] ⚠️ Placeholder detected: /home/rafa1215/consensus-project/memory/logs/system/agent_summaries/top10_suggestions_2025-12-22_0902.md
[2026-01-01 07:10:27] ⚠️ Placeholder detected: /home/rafa1215/consensus-project/memory/logs/system/agent_summaries/top10_optimization_2025-12-26_0902.md
[2026-01-01 07:10:27] ⚠️ Placeholder detected: /home/rafa1215/consensus-project/memory/logs/system/agent_summaries/top10_suggestions_2025-12-21_0902.md
[2026-01-01 07:10:27] ⚠️ Placeholder detected: /home/rafa1215/consensus-project/memory/logs/system/agent_summaries/top10_optimization_2025-12-29_0902.md
[2026-01-01 07:10:27] ⚠️ Placeholder detected: /home/rafa1215/consensus-project/memory/logs/system/agent_summaries/top10_brainstorm_2025-12-25_0902.md
[2026-01-01 07:10:27] ⚠️ Placeholder detected: /home/rafa1215/consensus-project/memory/logs/system/agent_summaries/top10_suggestions_2025-12-25_0902.md
[2026-01-01 07:10:27] ⚠️ Placeholder detected: /home/rafa1215/consensus-project/memory/logs/system/agent_summaries/top10_brainstorm_2025-12-29_0902.md
[2026-01-01 07:10:27] ⚠️ Placeholder detected: /home/rafa1215/consensus-project/memory/logs/system/agent_summaries/top10_brainstorm_2025-12-23_0902.md
[2026-01-01 07:10:27] ⚠️ Placeholder detected: /home/rafa1215/consensus-project/memory/logs/system/agent_summaries/top10_optimization_2025-12-27_0902.md
[2026-01-01 07:10:27] ⚠️ Placeholder detected: /home/rafa1215/consensus-project/memory/logs/system/agent_summaries/top10_suggestions_2025-12-23_0902.md
[2026-01-01 07:10:27] ⚠️ Placeholder detected: /home/rafa1215/consensus-project/memory/logs/system/agent_summaries/top10_suggestions_2025-12-27_0902.md
[2026-01-01 07:10:27] ⚠️ Placeholder detected: /home/rafa1215/consensus-project/memory/logs/system/agent_summaries/top10_brainstorm_2025-12-21_0902.md
[2026-01-01 07:10:27] ⚠️ Placeholder detected: /home/rafa1215/consensus-project/memory/logs/system/agent_summaries/top10_suggestions_2025-12-24_0902.md
[2026-01-01 07:10:27] ⚠️ Placeholder detected: /home/rafa1215/consensus-project/memory/logs/system/agent_summaries/top10_suggestions_2025-12-28_0902.md
[2026-01-01 07:10:27] ⚠️ Placeholder detected: /home/rafa1215/consensus-project/memory/logs/system/agent_summaries/top10_optimization_2025-12-24_0902.md
[2026-01-01 07:10:27] ⚠️ Placeholder detected: /home/rafa1215/consensus-project/memory/logs/system/agent_summaries/top10_suggestions_2025-12-26_0902.md
[2026-01-01 07:10:27] ⚠️ Placeholder detected: /home/rafa1215/consensus-project/memory/logs/system/agent_summaries/top10_optimization_2025-12-25_0902.md
[2026-01-01 07:10:27] ⚠️ Placeholder detected: /home/rafa1215/consensus-project/memory/logs/system/agent_summaries/top10_optimization_2025-12-28_0902.md
[2026-01-01 07:10:27] ⚠️ Placeholder detected: /home/rafa1215/consensus-project/memory/logs/system/agent_summaries/top10_brainstorm_2025-12-27_0902.md
[2026-01-01 07:10:27] ⚠️ Placeholder detected: /home/rafa1215/consensus-project/memory/logs/system/agent_summaries/top10_optimization_2025-12-22_0902.md
[2026-01-01 07:10:27] ⚠️ Placeholder detected: /home/rafa1215/consensus-project/memory/logs/system/agent_summaries/top10_brainstorm_2025-12-26_0902.md
[2026-01-01 07:10:27] ⚠️ Placeholder detected: /home/rafa1215/consensus-project/memory/logs/system/agent_summaries/top10_brainstorm_2025-12-28_0902.md
[2026-01-01 07:10:27] ⚠️ Placeholder detected: /home/rafa1215/consensus-project/memory/logs/system/agent_summaries/top10_brainstorm_2025-12-22_0902.md
[2026-01-01 07:10:27] ⚠️ Placeholder detected: /home/rafa1215/consensus-project/memory/logs/system/agent_summaries/top10_optimization_2025-12-23_0902.md
[2026-01-01 07:10:27] ⚠️ Placeholder detected: /home/rafa1215/consensus-project/memory/logs/system/agent_summaries/top10_suggestions_2025-12-29_0902.md
[2026-01-01 07:10:27] ⚠️ Placeholder detected: /home/rafa1215/consensus-project/memory/logs/system/agent_summaries/top10_optimization_2025-12-21_0902.md
[2026-01-01 07:10:27] ⚠️ Placeholder detected: /home/rafa1215/consensus-project/memory/logs/system/agent_summaries/top10_brainstorm_2025-12-24_0902.md
[2026-01-01 07:10:27] ♻️  Placeholder or missing Top-10 detected — regenerating...
[2026-01-01 07:10:29] ⚠️  Missing or outdated daily summaries detected — regenerating.
[2026-01-01 07:10:29] ✅ Generated summaries for 2025-12-29
[2026-01-01 07:10:29] ✅ Generated summaries for 2025-12-30
[2026-01-01 07:10:29] ✅ Generated summaries for 2025-12-31
[2026-01-01 07:10:29] ✅ Generated summaries for 2026-01-01
[2026-01-01 07:10:29] ✅ Summary generation complete (4 day(s))
[2026-01-01 07:10:29] ✅ Updated Top-10 digest index.
[2026-01-01 07:10:29] 📦 Archived 19 Top-10 files older than 7 days.
[2026-01-01 07:10:29] ✅ Auto-Repair Suite completed successfully.
