[2026-02-02 20:21:42] ---- Starting VPN Auto-Detect/Activate check ----
[2026-02-02 20:21:42] Simulating connection to SSID BART-WiFi
[2026-02-02 20:21:42] ⚠️ VPN not active. Initiating simulation/fallback.
[2026-02-02 20:21:42] ✅ Simulated VPN activation successful (flag created).
[2026-02-02 20:21:42] ---- Check complete: PASS (Simulated) ----

[2026-02-02 20:36:48] ---- Starting VPN Auto-Detect/Activate check ----
[2026-02-02 20:36:48] Simulating connection to SSID BART-WiFi
[2026-02-02 20:36:48] ⚠️ VPN not active. Initiating simulation/fallback.
[2026-02-02 20:36:48] ✅ Simulated VPN activation successful (flag created).
[2026-02-02 20:36:48] ---- Check complete: PASS (Simulated) ----

[2026-02-02 20:51:53] ---- Starting VPN Auto-Detect/Activate check ----
[2026-02-02 20:51:53] Simulating connection to SSID BART-WiFi
[2026-02-02 20:51:53] ⚠️ VPN not active. Initiating simulation/fallback.
[2026-02-02 20:51:53] ✅ Simulated VPN activation successful (flag created).
[2026-02-02 20:51:53] ---- Check complete: PASS (Simulated) ----

[2026-02-02 21:06:58] ---- Starting VPN Auto-Detect/Activate check ----
[2026-02-02 21:06:58] Simulating connection to SSID BART-WiFi
[2026-02-02 21:06:58] ⚠️ VPN not active. Initiating simulation/fallback.
[2026-02-02 21:06:58] ✅ Simulated VPN activation successful (flag created).
[2026-02-02 21:06:58] ---- Check complete: PASS (Simulated) ----

[2026-02-02 21:22:03] ---- Starting VPN Auto-Detect/Activate check ----
[2026-02-02 21:22:03] Simulating connection to SSID BART-WiFi
[2026-02-02 21:22:03] ⚠️ VPN not active. Initiating simulation/fallback.
[2026-02-02 21:22:03] ✅ Simulated VPN activation successful (flag created).
[2026-02-02 21:22:03] ---- Check complete: PASS (Simulated) ----

[2026-02-02 21:37:09] ---- Starting VPN Auto-Detect/Activate check ----
[2026-02-02 21:37:09] Simulating connection to SSID BART-WiFi
[2026-02-02 21:37:09] ⚠️ VPN not active. Initiating simulation/fallback.
[2026-02-02 21:37:09] ✅ Simulated VPN activation successful (flag created).
[2026-02-02 21:37:09] ---- Check complete: PASS (Simulated) ----

[2026-02-02 21:52:14] ---- Starting VPN Auto-Detect/Activate check ----
[2026-02-02 21:52:14] Simulating connection to SSID BART-WiFi
[2026-02-02 21:52:14] ⚠️ VPN not active. Initiating simulation/fallback.
[2026-02-02 21:52:14] ✅ Simulated VPN activation successful (flag created).
[2026-02-02 21:52:14] ---- Check complete: PASS (Simulated) ----

[2026-02-02 22:07:21] ---- Starting VPN Auto-Detect/Activate check ----
[2026-02-02 22:07:21] Simulating connection to SSID BART-WiFi
[2026-02-02 22:07:21] ⚠️ VPN not active. Initiating simulation/fallback.
[2026-02-02 22:07:21] ✅ Simulated VPN activation successful (flag created).
[2026-02-02 22:07:21] ---- Check complete: PASS (Simulated) ----

[2026-02-02 22:22:26] ---- Starting VPN Auto-Detect/Activate check ----
[2026-02-02 22:22:26] Simulating connection to SSID BART-WiFi
[2026-02-02 22:22:26] ⚠️ VPN not active. Initiating simulation/fallback.
[2026-02-02 22:22:26] ✅ Simulated VPN activation successful (flag created).
[2026-02-02 22:22:26] ---- Check complete: PASS (Simulated) ----

[2026-02-02 22:37:31] ---- Starting VPN Auto-Detect/Activate check ----
[2026-02-02 22:37:31] Simulating connection to SSID BART-WiFi
[2026-02-02 22:37:31] ⚠️ VPN not active. Initiating simulation/fallback.
[2026-02-02 22:37:31] ✅ Simulated VPN activation successful (flag created).
[2026-02-02 22:37:31] ---- Check complete: PASS (Simulated) ----

[2026-02-02 22:52:37] ---- Starting VPN Auto-Detect/Activate check ----
[2026-02-02 22:52:37] Simulating connection to SSID BART-WiFi
[2026-02-02 22:52:37] ⚠️ VPN not active. Initiating simulation/fallback.
[2026-02-02 22:52:37] ✅ Simulated VPN activation successful (flag created).
[2026-02-02 22:52:37] ---- Check complete: PASS (Simulated) ----

[2026-02-02 23:07:42] ---- Starting VPN Auto-Detect/Activate check ----
[2026-02-02 23:07:42] Simulating connection to SSID BART-WiFi
[2026-02-02 23:07:42] ⚠️ VPN not active. Initiating simulation/fallback.
[2026-02-02 23:07:42] ✅ Simulated VPN activation successful (flag created).
[2026-02-02 23:07:42] ---- Check complete: PASS (Simulated) ----

[2026-02-02 23:22:48] ---- Starting VPN Auto-Detect/Activate check ----
[2026-02-02 23:22:48] Simulating connection to SSID BART-WiFi
[2026-02-02 23:22:48] ⚠️ VPN not active. Initiating simulation/fallback.
[2026-02-02 23:22:48] ✅ Simulated VPN activation successful (flag created).
[2026-02-02 23:22:48] ---- Check complete: PASS (Simulated) ----

[2026-02-02 23:37:53] ---- Starting VPN Auto-Detect/Activate check ----
[2026-02-02 23:37:53] Simulating connection to SSID BART-WiFi
[2026-02-02 23:37:53] ⚠️ VPN not active. Initiating simulation/fallback.
[2026-02-02 23:37:53] ✅ Simulated VPN activation successful (flag created).
[2026-02-02 23:37:53] ---- Check complete: PASS (Simulated) ----

[2026-02-02 23:52:59] ---- Starting VPN Auto-Detect/Activate check ----
[2026-02-02 23:52:59] Simulating connection to SSID BART-WiFi
[2026-02-02 23:52:59] ⚠️ VPN not active. Initiating simulation/fallback.
[2026-02-02 23:52:59] ✅ Simulated VPN activation successful (flag created).
[2026-02-02 23:52:59] ---- Check complete: PASS (Simulated) ----

[2026-02-03 00:08:05] ---- Starting VPN Auto-Detect/Activate check ----
[2026-02-03 00:08:05] Simulating connection to SSID BART-WiFi
[2026-02-03 00:08:05] ⚠️ VPN not active. Initiating simulation/fallback.
[2026-02-03 00:08:05] ✅ Simulated VPN activation successful (flag created).
[2026-02-03 00:08:05] ---- Check complete: PASS (Simulated) ----

[2026-02-03 00:23:11] ---- Starting VPN Auto-Detect/Activate check ----
[2026-02-03 00:23:11] Simulating connection to SSID BART-WiFi
[2026-02-03 00:23:11] ⚠️ VPN not active. Initiating simulation/fallback.
[2026-02-03 00:23:11] ✅ Simulated VPN activation successful (flag created).
[2026-02-03 00:23:11] ---- Check complete: PASS (Simulated) ----

[2026-02-03 00:38:16] ---- Starting VPN Auto-Detect/Activate check ----
[2026-02-03 00:38:16] Simulating connection to SSID BART-WiFi
[2026-02-03 00:38:16] ⚠️ VPN not active. Initiating simulation/fallback.
[2026-02-03 00:38:16] ✅ Simulated VPN activation successful (flag created).
[2026-02-03 00:38:16] ---- Check complete: PASS (Simulated) ----

[2026-02-03 00:53:21] ---- Starting VPN Auto-Detect/Activate check ----
[2026-02-03 00:53:21] Simulating connection to SSID BART-WiFi
[2026-02-03 00:53:21] ⚠️ VPN not active. Initiating simulation/fallback.
[2026-02-03 00:53:21] ✅ Simulated VPN activation successful (flag created).
[2026-02-03 00:53:21] ---- Check complete: PASS (Simulated) ----

[2026-02-03 01:08:27] ---- Starting VPN Auto-Detect/Activate check ----
[2026-02-03 01:08:27] Simulating connection to SSID BART-WiFi
[2026-02-03 01:08:27] ⚠️ VPN not active. Initiating simulation/fallback.
[2026-02-03 01:08:27] ✅ Simulated VPN activation successful (flag created).
[2026-02-03 01:08:27] ---- Check complete: PASS (Simulated) ----

[2026-02-03 01:23:33] ---- Starting VPN Auto-Detect/Activate check ----
[2026-02-03 01:23:33] Simulating connection to SSID BART-WiFi
[2026-02-03 01:23:33] ⚠️ VPN not active. Initiating simulation/fallback.
[2026-02-03 01:23:33] ✅ Simulated VPN activation successful (flag created).
[2026-02-03 01:23:33] ---- Check complete: PASS (Simulated) ----

[2026-02-03 01:38:38] ---- Starting VPN Auto-Detect/Activate check ----
[2026-02-03 01:38:38] Simulating connection to SSID BART-WiFi
[2026-02-03 01:38:38] ⚠️ VPN not active. Initiating simulation/fallback.
[2026-02-03 01:38:38] ✅ Simulated VPN activation successful (flag created).
[2026-02-03 01:38:38] ---- Check complete: PASS (Simulated) ----

[2026-02-03 01:53:44] ---- Starting VPN Auto-Detect/Activate check ----
[2026-02-03 01:53:44] Simulating connection to SSID BART-WiFi
[2026-02-03 01:53:44] ⚠️ VPN not active. Initiating simulation/fallback.
[2026-02-03 01:53:44] ✅ Simulated VPN activation successful (flag created).
[2026-02-03 01:53:44] ---- Check complete: PASS (Simulated) ----

[2026-02-03 02:08:49] ---- Starting VPN Auto-Detect/Activate check ----
[2026-02-03 02:08:49] Simulating connection to SSID BART-WiFi
[2026-02-03 02:08:49] ⚠️ VPN not active. Initiating simulation/fallback.
[2026-02-03 02:08:49] ✅ Simulated VPN activation successful (flag created).
[2026-02-03 02:08:49] ---- Check complete: PASS (Simulated) ----

[2026-02-03 02:23:54] ---- Starting VPN Auto-Detect/Activate check ----
[2026-02-03 02:23:54] Simulating connection to SSID BART-WiFi
[2026-02-03 02:23:54] ⚠️ VPN not active. Initiating simulation/fallback.
[2026-02-03 02:23:54] ✅ Simulated VPN activation successful (flag created).
[2026-02-03 02:23:54] ---- Check complete: PASS (Simulated) ----

[2026-02-03 02:38:58] ---- Starting VPN Auto-Detect/Activate check ----
[2026-02-03 02:38:58] Simulating connection to SSID BART-WiFi
[2026-02-03 02:38:58] ⚠️ VPN not active. Initiating simulation/fallback.
[2026-02-03 02:38:58] ✅ Simulated VPN activation successful (flag created).
[2026-02-03 02:38:58] ---- Check complete: PASS (Simulated) ----

[2026-02-03 02:54:04] ---- Starting VPN Auto-Detect/Activate check ----
[2026-02-03 02:54:04] Simulating connection to SSID BART-WiFi
[2026-02-03 02:54:04] ⚠️ VPN not active. Initiating simulation/fallback.
[2026-02-03 02:54:04] ✅ Simulated VPN activation successful (flag created).
[2026-02-03 02:54:05] ---- Check complete: PASS (Simulated) ----

[2026-02-03 03:09:11] ---- Starting VPN Auto-Detect/Activate check ----
[2026-02-03 03:09:11] Simulating connection to SSID BART-WiFi
[2026-02-03 03:09:11] ⚠️ VPN not active. Initiating simulation/fallback.
[2026-02-03 03:09:11] ✅ Simulated VPN activation successful (flag created).
[2026-02-03 03:09:11] ---- Check complete: PASS (Simulated) ----

[2026-02-03 03:24:15] ---- Starting VPN Auto-Detect/Activate check ----
[2026-02-03 03:24:15] Simulating connection to SSID BART-WiFi
[2026-02-03 03:24:15] ⚠️ VPN not active. Initiating simulation/fallback.
[2026-02-03 03:24:15] ✅ Simulated VPN activation successful (flag created).
[2026-02-03 03:24:15] ---- Check complete: PASS (Simulated) ----

[2026-02-03 03:39:20] ---- Starting VPN Auto-Detect/Activate check ----
[2026-02-03 03:39:20] Simulating connection to SSID BART-WiFi
[2026-02-03 03:39:20] ⚠️ VPN not active. Initiating simulation/fallback.
[2026-02-03 03:39:20] ✅ Simulated VPN activation successful (flag created).
[2026-02-03 03:39:20] ---- Check complete: PASS (Simulated) ----

[2026-02-03 03:54:25] ---- Starting VPN Auto-Detect/Activate check ----
[2026-02-03 03:54:25] Simulating connection to SSID BART-WiFi
[2026-02-03 03:54:25] ⚠️ VPN not active. Initiating simulation/fallback.
[2026-02-03 03:54:25] ✅ Simulated VPN activation successful (flag created).
[2026-02-03 03:54:25] ---- Check complete: PASS (Simulated) ----

[2026-02-03 04:09:30] ---- Starting VPN Auto-Detect/Activate check ----
[2026-02-03 04:09:30] Simulating connection to SSID BART-WiFi
[2026-02-03 04:09:30] ⚠️ VPN not active. Initiating simulation/fallback.
[2026-02-03 04:09:30] ✅ Simulated VPN activation successful (flag created).
[2026-02-03 04:09:30] ---- Check complete: PASS (Simulated) ----

[2026-02-03 04:24:34] ---- Starting VPN Auto-Detect/Activate check ----
[2026-02-03 04:24:34] Simulating connection to SSID BART-WiFi
[2026-02-03 04:24:34] ⚠️ VPN not active. Initiating simulation/fallback.
[2026-02-03 04:24:34] ✅ Simulated VPN activation successful (flag created).
[2026-02-03 04:24:34] ---- Check complete: PASS (Simulated) ----

[2026-02-03 04:39:39] ---- Starting VPN Auto-Detect/Activate check ----
[2026-02-03 04:39:39] Simulating connection to SSID BART-WiFi
[2026-02-03 04:39:39] ⚠️ VPN not active. Initiating simulation/fallback.
[2026-02-03 04:39:39] ✅ Simulated VPN activation successful (flag created).
[2026-02-03 04:39:39] ---- Check complete: PASS (Simulated) ----

[2026-02-03 04:54:45] ---- Starting VPN Auto-Detect/Activate check ----
[2026-02-03 04:54:45] Simulating connection to SSID BART-WiFi
[2026-02-03 04:54:45] ⚠️ VPN not active. Initiating simulation/fallback.
[2026-02-03 04:54:45] ✅ Simulated VPN activation successful (flag created).
[2026-02-03 04:54:45] ---- Check complete: PASS (Simulated) ----

[2026-02-03 05:09:51] ---- Starting VPN Auto-Detect/Activate check ----
[2026-02-03 05:09:51] Simulating connection to SSID BART-WiFi
[2026-02-03 05:09:51] ⚠️ VPN not active. Initiating simulation/fallback.
[2026-02-03 05:09:51] ✅ Simulated VPN activation successful (flag created).
[2026-02-03 05:09:51] ---- Check complete: PASS (Simulated) ----

[2026-02-03 05:24:56] ---- Starting VPN Auto-Detect/Activate check ----
[2026-02-03 05:24:56] Simulating connection to SSID BART-WiFi
[2026-02-03 05:24:56] ⚠️ VPN not active. Initiating simulation/fallback.
[2026-02-03 05:24:56] ✅ Simulated VPN activation successful (flag created).
[2026-02-03 05:24:56] ---- Check complete: PASS (Simulated) ----

[2026-02-03 05:40:02] ---- Starting VPN Auto-Detect/Activate check ----
[2026-02-03 05:40:02] Simulating connection to SSID BART-WiFi
[2026-02-03 05:40:02] ⚠️ VPN not active. Initiating simulation/fallback.
[2026-02-03 05:40:02] ✅ Simulated VPN activation successful (flag created).
[2026-02-03 05:40:02] ---- Check complete: PASS (Simulated) ----

[2026-02-03 05:55:07] ---- Starting VPN Auto-Detect/Activate check ----
[2026-02-03 05:55:07] Simulating connection to SSID BART-WiFi
[2026-02-03 05:55:07] ⚠️ VPN not active. Initiating simulation/fallback.
[2026-02-03 05:55:07] ✅ Simulated VPN activation successful (flag created).
[2026-02-03 05:55:07] ---- Check complete: PASS (Simulated) ----

[2026-02-03 06:10:12] ---- Starting VPN Auto-Detect/Activate check ----
[2026-02-03 06:10:12] Simulating connection to SSID BART-WiFi
[2026-02-03 06:10:12] ⚠️ VPN not active. Initiating simulation/fallback.
[2026-02-03 06:10:12] ✅ Simulated VPN activation successful (flag created).
[2026-02-03 06:10:12] ---- Check complete: PASS (Simulated) ----

[2026-02-03 06:25:17] ---- Starting VPN Auto-Detect/Activate check ----
[2026-02-03 06:25:17] Simulating connection to SSID BART-WiFi
[2026-02-03 06:25:17] ⚠️ VPN not active. Initiating simulation/fallback.
[2026-02-03 06:25:17] ✅ Simulated VPN activation successful (flag created).
[2026-02-03 06:25:17] ---- Check complete: PASS (Simulated) ----

[2026-02-03 06:40:22] ---- Starting VPN Auto-Detect/Activate check ----
[2026-02-03 06:40:22] Simulating connection to SSID BART-WiFi
[2026-02-03 06:40:22] ⚠️ VPN not active. Initiating simulation/fallback.
[2026-02-03 06:40:22] ✅ Simulated VPN activation successful (flag created).
[2026-02-03 06:40:22] ---- Check complete: PASS (Simulated) ----

[2026-02-03 06:55:27] ---- Starting VPN Auto-Detect/Activate check ----
[2026-02-03 06:55:27] Simulating connection to SSID BART-WiFi
[2026-02-03 06:55:27] ⚠️ VPN not active. Initiating simulation/fallback.
[2026-02-03 06:55:27] ✅ Simulated VPN activation successful (flag created).
[2026-02-03 06:55:27] ---- Check complete: PASS (Simulated) ----

[2026-02-03 07:10:31] ---- Starting VPN Auto-Detect/Activate check ----
[2026-02-03 07:10:31] Simulating connection to SSID BART-WiFi
[2026-02-03 07:10:31] ⚠️ VPN not active. Initiating simulation/fallback.
[2026-02-03 07:10:31] ✅ Simulated VPN activation successful (flag created).
[2026-02-03 07:10:31] ---- Check complete: PASS (Simulated) ----

[2026-02-03 07:25:36] ---- Starting VPN Auto-Detect/Activate check ----
[2026-02-03 07:25:36] Simulating connection to SSID BART-WiFi
[2026-02-03 07:25:36] ⚠️ VPN not active. Initiating simulation/fallback.
[2026-02-03 07:25:36] ✅ Simulated VPN activation successful (flag created).
[2026-02-03 07:25:36] ---- Check complete: PASS (Simulated) ----

[2026-02-03 07:40:41] ---- Starting VPN Auto-Detect/Activate check ----
[2026-02-03 07:40:41] Simulating connection to SSID BART-WiFi
[2026-02-03 07:40:41] ⚠️ VPN not active. Initiating simulation/fallback.
[2026-02-03 07:40:41] ✅ Simulated VPN activation successful (flag created).
[2026-02-03 07:40:41] ---- Check complete: PASS (Simulated) ----

[2026-02-03 07:55:46] ---- Starting VPN Auto-Detect/Activate check ----
[2026-02-03 07:55:46] Simulating connection to SSID BART-WiFi
[2026-02-03 07:55:46] ⚠️ VPN not active. Initiating simulation/fallback.
[2026-02-03 07:55:46] ✅ Simulated VPN activation successful (flag created).
[2026-02-03 07:55:46] ---- Check complete: PASS (Simulated) ----

[2026-02-03 08:10:52] ---- Starting VPN Auto-Detect/Activate check ----
[2026-02-03 08:10:52] Simulating connection to SSID BART-WiFi
[2026-02-03 08:10:52] ⚠️ VPN not active. Initiating simulation/fallback.
[2026-02-03 08:10:52] ✅ Simulated VPN activation successful (flag created).
[2026-02-03 08:10:52] ---- Check complete: PASS (Simulated) ----

[2026-02-03 08:25:58] ---- Starting VPN Auto-Detect/Activate check ----
[2026-02-03 08:25:58] Simulating connection to SSID BART-WiFi
[2026-02-03 08:25:58] ⚠️ VPN not active. Initiating simulation/fallback.
[2026-02-03 08:25:58] ✅ Simulated VPN activation successful (flag created).
[2026-02-03 08:25:58] ---- Check complete: PASS (Simulated) ----

[2026-02-03 08:41:04] ---- Starting VPN Auto-Detect/Activate check ----
[2026-02-03 08:41:04] Simulating connection to SSID BART-WiFi
[2026-02-03 08:41:04] ⚠️ VPN not active. Initiating simulation/fallback.
[2026-02-03 08:41:04] ✅ Simulated VPN activation successful (flag created).
[2026-02-03 08:41:04] ---- Check complete: PASS (Simulated) ----

[2026-02-03 08:56:09] ---- Starting VPN Auto-Detect/Activate check ----
[2026-02-03 08:56:09] Simulating connection to SSID BART-WiFi
[2026-02-03 08:56:09] ⚠️ VPN not active. Initiating simulation/fallback.
[2026-02-03 08:56:09] ✅ Simulated VPN activation successful (flag created).
[2026-02-03 08:56:09] ---- Check complete: PASS (Simulated) ----

[2026-02-03 09:11:14] ---- Starting VPN Auto-Detect/Activate check ----
[2026-02-03 09:11:14] Simulating connection to SSID BART-WiFi
[2026-02-03 09:11:14] ⚠️ VPN not active. Initiating simulation/fallback.
[2026-02-03 09:11:14] ✅ Simulated VPN activation successful (flag created).
[2026-02-03 09:11:14] ---- Check complete: PASS (Simulated) ----

[2026-02-03 09:26:19] ---- Starting VPN Auto-Detect/Activate check ----
[2026-02-03 09:26:19] Simulating connection to SSID BART-WiFi
[2026-02-03 09:26:19] ⚠️ VPN not active. Initiating simulation/fallback.
[2026-02-03 09:26:19] ✅ Simulated VPN activation successful (flag created).
[2026-02-03 09:26:19] ---- Check complete: PASS (Simulated) ----

[2026-02-03 09:41:25] ---- Starting VPN Auto-Detect/Activate check ----
[2026-02-03 09:41:25] Simulating connection to SSID BART-WiFi
[2026-02-03 09:41:25] ⚠️ VPN not active. Initiating simulation/fallback.
[2026-02-03 09:41:25] ✅ Simulated VPN activation successful (flag created).
[2026-02-03 09:41:25] ---- Check complete: PASS (Simulated) ----

[2026-02-03 09:56:30] ---- Starting VPN Auto-Detect/Activate check ----
[2026-02-03 09:56:30] Simulating connection to SSID BART-WiFi
[2026-02-03 09:56:30] ⚠️ VPN not active. Initiating simulation/fallback.
[2026-02-03 09:56:30] ✅ Simulated VPN activation successful (flag created).
[2026-02-03 09:56:30] ---- Check complete: PASS (Simulated) ----

[2026-02-03 10:11:35] ---- Starting VPN Auto-Detect/Activate check ----
[2026-02-03 10:11:35] Simulating connection to SSID BART-WiFi
[2026-02-03 10:11:36] ⚠️ VPN not active. Initiating simulation/fallback.
[2026-02-03 10:11:36] ✅ Simulated VPN activation successful (flag created).
[2026-02-03 10:11:36] ---- Check complete: PASS (Simulated) ----

[2026-02-03 10:26:42] ---- Starting VPN Auto-Detect/Activate check ----
[2026-02-03 10:26:42] Simulating connection to SSID BART-WiFi
[2026-02-03 10:26:42] ⚠️ VPN not active. Initiating simulation/fallback.
[2026-02-03 10:26:42] ✅ Simulated VPN activation successful (flag created).
[2026-02-03 10:26:42] ---- Check complete: PASS (Simulated) ----

[2026-02-03 10:41:46] ---- Starting VPN Auto-Detect/Activate check ----
[2026-02-03 10:41:46] Simulating connection to SSID BART-WiFi
[2026-02-03 10:41:47] ⚠️ VPN not active. Initiating simulation/fallback.
[2026-02-03 10:41:47] ✅ Simulated VPN activation successful (flag created).
[2026-02-03 10:41:47] ---- Check complete: PASS (Simulated) ----

[2026-02-03 10:56:51] ---- Starting VPN Auto-Detect/Activate check ----
[2026-02-03 10:56:51] Simulating connection to SSID BART-WiFi
[2026-02-03 10:56:51] ⚠️ VPN not active. Initiating simulation/fallback.
[2026-02-03 10:56:51] ✅ Simulated VPN activation successful (flag created).
[2026-02-03 10:56:51] ---- Check complete: PASS (Simulated) ----

[2026-02-03 11:11:56] ---- Starting VPN Auto-Detect/Activate check ----
[2026-02-03 11:11:56] Simulating connection to SSID BART-WiFi
[2026-02-03 11:11:56] ⚠️ VPN not active. Initiating simulation/fallback.
[2026-02-03 11:11:56] ✅ Simulated VPN activation successful (flag created).
[2026-02-03 11:11:56] ---- Check complete: PASS (Simulated) ----

[2026-02-03 11:27:01] ---- Starting VPN Auto-Detect/Activate check ----
[2026-02-03 11:27:01] Simulating connection to SSID BART-WiFi
[2026-02-03 11:27:01] ⚠️ VPN not active. Initiating simulation/fallback.
[2026-02-03 11:27:01] ✅ Simulated VPN activation successful (flag created).
[2026-02-03 11:27:01] ---- Check complete: PASS (Simulated) ----

[2026-02-03 11:42:06] ---- Starting VPN Auto-Detect/Activate check ----
[2026-02-03 11:42:06] Simulating connection to SSID BART-WiFi
[2026-02-03 11:42:06] ⚠️ VPN not active. Initiating simulation/fallback.
[2026-02-03 11:42:06] ✅ Simulated VPN activation successful (flag created).
[2026-02-03 11:42:06] ---- Check complete: PASS (Simulated) ----

[2026-02-03 11:57:11] ---- Starting VPN Auto-Detect/Activate check ----
[2026-02-03 11:57:11] Simulating connection to SSID BART-WiFi
[2026-02-03 11:57:11] ⚠️ VPN not active. Initiating simulation/fallback.
[2026-02-03 11:57:11] ✅ Simulated VPN activation successful (flag created).
[2026-02-03 11:57:11] ---- Check complete: PASS (Simulated) ----

[2026-02-03 12:12:16] ---- Starting VPN Auto-Detect/Activate check ----
[2026-02-03 12:12:16] Simulating connection to SSID BART-WiFi
[2026-02-03 12:12:16] ⚠️ VPN not active. Initiating simulation/fallback.
[2026-02-03 12:12:16] ✅ Simulated VPN activation successful (flag created).
[2026-02-03 12:12:16] ---- Check complete: PASS (Simulated) ----

[2026-02-03 12:27:21] ---- Starting VPN Auto-Detect/Activate check ----
[2026-02-03 12:27:21] Simulating connection to SSID BART-WiFi
[2026-02-03 12:27:21] ⚠️ VPN not active. Initiating simulation/fallback.
[2026-02-03 12:27:21] ✅ Simulated VPN activation successful (flag created).
[2026-02-03 12:27:21] ---- Check complete: PASS (Simulated) ----

[2026-02-03 12:42:26] ---- Starting VPN Auto-Detect/Activate check ----
[2026-02-03 12:42:26] Simulating connection to SSID BART-WiFi
[2026-02-03 12:42:26] ⚠️ VPN not active. Initiating simulation/fallback.
[2026-02-03 12:42:26] ✅ Simulated VPN activation successful (flag created).
[2026-02-03 12:42:26] ---- Check complete: PASS (Simulated) ----

[2026-02-03 12:57:31] ---- Starting VPN Auto-Detect/Activate check ----
[2026-02-03 12:57:31] Simulating connection to SSID BART-WiFi
[2026-02-03 12:57:31] ⚠️ VPN not active. Initiating simulation/fallback.
[2026-02-03 12:57:32] ✅ Simulated VPN activation successful (flag created).
[2026-02-03 12:57:32] ---- Check complete: PASS (Simulated) ----

[2026-02-03 13:12:37] ---- Starting VPN Auto-Detect/Activate check ----
[2026-02-03 13:12:37] Simulating connection to SSID BART-WiFi
[2026-02-03 13:12:37] ⚠️ VPN not active. Initiating simulation/fallback.
[2026-02-03 13:12:37] ✅ Simulated VPN activation successful (flag created).
[2026-02-03 13:12:37] ---- Check complete: PASS (Simulated) ----

[2026-02-03 13:27:42] ---- Starting VPN Auto-Detect/Activate check ----
[2026-02-03 13:27:42] Simulating connection to SSID BART-WiFi
[2026-02-03 13:27:42] ⚠️ VPN not active. Initiating simulation/fallback.
[2026-02-03 13:27:42] ✅ Simulated VPN activation successful (flag created).
[2026-02-03 13:27:42] ---- Check complete: PASS (Simulated) ----

[2026-02-03 13:42:47] ---- Starting VPN Auto-Detect/Activate check ----
[2026-02-03 13:42:47] Simulating connection to SSID BART-WiFi
[2026-02-03 13:42:47] ⚠️ VPN not active. Initiating simulation/fallback.
[2026-02-03 13:42:47] ✅ Simulated VPN activation successful (flag created).
[2026-02-03 13:42:47] ---- Check complete: PASS (Simulated) ----

[2026-02-03 13:57:53] ---- Starting VPN Auto-Detect/Activate check ----
[2026-02-03 13:57:53] Simulating connection to SSID BART-WiFi
[2026-02-03 13:57:53] ⚠️ VPN not active. Initiating simulation/fallback.
[2026-02-03 13:57:53] ✅ Simulated VPN activation successful (flag created).
[2026-02-03 13:57:53] ---- Check complete: PASS (Simulated) ----

[2026-02-03 14:12:57] ---- Starting VPN Auto-Detect/Activate check ----
[2026-02-03 14:12:57] Simulating connection to SSID BART-WiFi
[2026-02-03 14:12:57] ⚠️ VPN not active. Initiating simulation/fallback.
[2026-02-03 14:12:57] ✅ Simulated VPN activation successful (flag created).
[2026-02-03 14:12:57] ---- Check complete: PASS (Simulated) ----

[2026-02-03 14:28:02] ---- Starting VPN Auto-Detect/Activate check ----
[2026-02-03 14:28:02] Simulating connection to SSID BART-WiFi
[2026-02-03 14:28:02] ⚠️ VPN not active. Initiating simulation/fallback.
[2026-02-03 14:28:02] ✅ Simulated VPN activation successful (flag created).
[2026-02-03 14:28:02] ---- Check complete: PASS (Simulated) ----

[2026-02-03 14:43:07] ---- Starting VPN Auto-Detect/Activate check ----
[2026-02-03 14:43:07] Simulating connection to SSID BART-WiFi
[2026-02-03 14:43:08] ⚠️ VPN not active. Initiating simulation/fallback.
[2026-02-03 14:43:08] ✅ Simulated VPN activation successful (flag created).
[2026-02-03 14:43:08] ---- Check complete: PASS (Simulated) ----

[2026-02-03 14:58:12] ---- Starting VPN Auto-Detect/Activate check ----
[2026-02-03 14:58:12] Simulating connection to SSID BART-WiFi
[2026-02-03 14:58:12] ⚠️ VPN not active. Initiating simulation/fallback.
[2026-02-03 14:58:12] ✅ Simulated VPN activation successful (flag created).
[2026-02-03 14:58:12] ---- Check complete: PASS (Simulated) ----

[2026-02-03 15:13:18] ---- Starting VPN Auto-Detect/Activate check ----
[2026-02-03 15:13:18] Simulating connection to SSID BART-WiFi
[2026-02-03 15:13:18] ⚠️ VPN not active. Initiating simulation/fallback.
[2026-02-03 15:13:18] ✅ Simulated VPN activation successful (flag created).
[2026-02-03 15:13:18] ---- Check complete: PASS (Simulated) ----

[2026-02-03 15:28:23] ---- Starting VPN Auto-Detect/Activate check ----
[2026-02-03 15:28:23] Simulating connection to SSID BART-WiFi
[2026-02-03 15:28:23] ⚠️ VPN not active. Initiating simulation/fallback.
[2026-02-03 15:28:23] ✅ Simulated VPN activation successful (flag created).
[2026-02-03 15:28:23] ---- Check complete: PASS (Simulated) ----

[2026-02-03 15:43:27] ---- Starting VPN Auto-Detect/Activate check ----
[2026-02-03 15:43:27] Simulating connection to SSID BART-WiFi
[2026-02-03 15:43:27] ⚠️ VPN not active. Initiating simulation/fallback.
[2026-02-03 15:43:27] ✅ Simulated VPN activation successful (flag created).
[2026-02-03 15:43:27] ---- Check complete: PASS (Simulated) ----

[2026-02-03 15:58:33] ---- Starting VPN Auto-Detect/Activate check ----
[2026-02-03 15:58:33] Simulating connection to SSID BART-WiFi
[2026-02-03 15:58:33] ⚠️ VPN not active. Initiating simulation/fallback.
[2026-02-03 15:58:33] ✅ Simulated VPN activation successful (flag created).
[2026-02-03 15:58:33] ---- Check complete: PASS (Simulated) ----

[2026-02-03 16:13:38] ---- Starting VPN Auto-Detect/Activate check ----
[2026-02-03 16:13:38] Simulating connection to SSID BART-WiFi
[2026-02-03 16:13:38] ⚠️ VPN not active. Initiating simulation/fallback.
[2026-02-03 16:13:38] ✅ Simulated VPN activation successful (flag created).
[2026-02-03 16:13:38] ---- Check complete: PASS (Simulated) ----

[2026-02-03 16:28:43] ---- Starting VPN Auto-Detect/Activate check ----
[2026-02-03 16:28:43] Simulating connection to SSID BART-WiFi
[2026-02-03 16:28:43] ⚠️ VPN not active. Initiating simulation/fallback.
[2026-02-03 16:28:43] ✅ Simulated VPN activation successful (flag created).
[2026-02-03 16:28:43] ---- Check complete: PASS (Simulated) ----

[2026-02-03 16:43:48] ---- Starting VPN Auto-Detect/Activate check ----
[2026-02-03 16:43:48] Simulating connection to SSID BART-WiFi
[2026-02-03 16:43:48] ⚠️ VPN not active. Initiating simulation/fallback.
[2026-02-03 16:43:48] ✅ Simulated VPN activation successful (flag created).
[2026-02-03 16:43:48] ---- Check complete: PASS (Simulated) ----

[2026-02-03 16:58:54] ---- Starting VPN Auto-Detect/Activate check ----
[2026-02-03 16:58:54] Simulating connection to SSID BART-WiFi
[2026-02-03 16:58:54] ⚠️ VPN not active. Initiating simulation/fallback.
[2026-02-03 16:58:54] ✅ Simulated VPN activation successful (flag created).
[2026-02-03 16:58:54] ---- Check complete: PASS (Simulated) ----

[2026-02-03 17:14:01] ---- Starting VPN Auto-Detect/Activate check ----
[2026-02-03 17:14:01] Simulating connection to SSID BART-WiFi
[2026-02-03 17:14:01] ⚠️ VPN not active. Initiating simulation/fallback.
[2026-02-03 17:14:01] ✅ Simulated VPN activation successful (flag created).
[2026-02-03 17:14:01] ---- Check complete: PASS (Simulated) ----

[2026-02-03 17:29:07] ---- Starting VPN Auto-Detect/Activate check ----
[2026-02-03 17:29:07] Simulating connection to SSID BART-WiFi
[2026-02-03 17:29:07] ⚠️ VPN not active. Initiating simulation/fallback.
[2026-02-03 17:29:07] ✅ Simulated VPN activation successful (flag created).
[2026-02-03 17:29:07] ---- Check complete: PASS (Simulated) ----

[2026-02-03 17:44:12] ---- Starting VPN Auto-Detect/Activate check ----
[2026-02-03 17:44:12] Simulating connection to SSID BART-WiFi
[2026-02-03 17:44:12] ⚠️ VPN not active. Initiating simulation/fallback.
[2026-02-03 17:44:12] ✅ Simulated VPN activation successful (flag created).
[2026-02-03 17:44:12] ---- Check complete: PASS (Simulated) ----

[2026-02-03 17:59:21] ---- Starting VPN Auto-Detect/Activate check ----
[2026-02-03 17:59:21] Simulating connection to SSID BART-WiFi
[2026-02-03 17:59:21] ⚠️ VPN not active. Initiating simulation/fallback.
[2026-02-03 17:59:21] ✅ Simulated VPN activation successful (flag created).
[2026-02-03 17:59:21] ---- Check complete: PASS (Simulated) ----

[2026-02-03 18:14:28] ---- Starting VPN Auto-Detect/Activate check ----
[2026-02-03 18:14:28] Simulating connection to SSID BART-WiFi
[2026-02-03 18:14:28] ⚠️ VPN not active. Initiating simulation/fallback.
[2026-02-03 18:14:28] ✅ Simulated VPN activation successful (flag created).
[2026-02-03 18:14:28] ---- Check complete: PASS (Simulated) ----

[2026-02-03 18:29:35] ---- Starting VPN Auto-Detect/Activate check ----
[2026-02-03 18:29:35] Simulating connection to SSID BART-WiFi
[2026-02-03 18:29:35] ⚠️ VPN not active. Initiating simulation/fallback.
[2026-02-03 18:29:35] ✅ Simulated VPN activation successful (flag created).
[2026-02-03 18:29:35] ---- Check complete: PASS (Simulated) ----

[2026-02-03 18:44:40] ---- Starting VPN Auto-Detect/Activate check ----
[2026-02-03 18:44:40] Simulating connection to SSID BART-WiFi
[2026-02-03 18:44:40] ⚠️ VPN not active. Initiating simulation/fallback.
[2026-02-03 18:44:40] ✅ Simulated VPN activation successful (flag created).
[2026-02-03 18:44:40] ---- Check complete: PASS (Simulated) ----

[2026-02-03 18:59:46] ---- Starting VPN Auto-Detect/Activate check ----
[2026-02-03 18:59:46] Simulating connection to SSID BART-WiFi
[2026-02-03 18:59:46] ⚠️ VPN not active. Initiating simulation/fallback.
[2026-02-03 18:59:46] ✅ Simulated VPN activation successful (flag created).
[2026-02-03 18:59:46] ---- Check complete: PASS (Simulated) ----

[2026-02-03 19:14:52] ---- Starting VPN Auto-Detect/Activate check ----
[2026-02-03 19:14:52] Simulating connection to SSID BART-WiFi
[2026-02-03 19:14:52] ⚠️ VPN not active. Initiating simulation/fallback.
[2026-02-03 19:14:52] ✅ Simulated VPN activation successful (flag created).
[2026-02-03 19:14:52] ---- Check complete: PASS (Simulated) ----

[2026-02-03 19:29:58] ---- Starting VPN Auto-Detect/Activate check ----
[2026-02-03 19:29:58] Simulating connection to SSID BART-WiFi
[2026-02-03 19:29:58] ⚠️ VPN not active. Initiating simulation/fallback.
[2026-02-03 19:29:58] ✅ Simulated VPN activation successful (flag created).
[2026-02-03 19:29:58] ---- Check complete: PASS (Simulated) ----

[2026-02-03 19:45:04] ---- Starting VPN Auto-Detect/Activate check ----
[2026-02-03 19:45:04] Simulating connection to SSID BART-WiFi
[2026-02-03 19:45:04] ⚠️ VPN not active. Initiating simulation/fallback.
[2026-02-03 19:45:04] ✅ Simulated VPN activation successful (flag created).
[2026-02-03 19:45:04] ---- Check complete: PASS (Simulated) ----

[2026-02-03 20:00:09] ---- Starting VPN Auto-Detect/Activate check ----
[2026-02-03 20:00:09] Simulating connection to SSID BART-WiFi
[2026-02-03 20:00:09] ⚠️ VPN not active. Initiating simulation/fallback.
[2026-02-03 20:00:09] ✅ Simulated VPN activation successful (flag created).
[2026-02-03 20:00:09] ---- Check complete: PASS (Simulated) ----

[2026-02-03 20:15:13] ---- Starting VPN Auto-Detect/Activate check ----
[2026-02-03 20:15:13] Simulating connection to SSID BART-WiFi
[2026-02-03 20:15:14] ⚠️ VPN not active. Initiating simulation/fallback.
[2026-02-03 20:15:14] ✅ Simulated VPN activation successful (flag created).
[2026-02-03 20:15:14] ---- Check complete: PASS (Simulated) ----

[2026-02-03 20:30:21] ---- Starting VPN Auto-Detect/Activate check ----
[2026-02-03 20:30:21] Simulating connection to SSID BART-WiFi
[2026-02-03 20:30:21] ⚠️ VPN not active. Initiating simulation/fallback.
[2026-02-03 20:30:21] ✅ Simulated VPN activation successful (flag created).
[2026-02-03 20:30:21] ---- Check complete: PASS (Simulated) ----

[2026-02-03 20:45:28] ---- Starting VPN Auto-Detect/Activate check ----
[2026-02-03 20:45:28] Simulating connection to SSID BART-WiFi
[2026-02-03 20:45:28] ⚠️ VPN not active. Initiating simulation/fallback.
[2026-02-03 20:45:28] ✅ Simulated VPN activation successful (flag created).
[2026-02-03 20:45:28] ---- Check complete: PASS (Simulated) ----

[2026-02-03 21:00:35] ---- Starting VPN Auto-Detect/Activate check ----
[2026-02-03 21:00:35] Simulating connection to SSID BART-WiFi
[2026-02-03 21:00:35] ⚠️ VPN not active. Initiating simulation/fallback.
[2026-02-03 21:00:35] ✅ Simulated VPN activation successful (flag created).
[2026-02-03 21:00:35] ---- Check complete: PASS (Simulated) ----

[2026-02-03 21:15:40] ---- Starting VPN Auto-Detect/Activate check ----
[2026-02-03 21:15:40] Simulating connection to SSID BART-WiFi
[2026-02-03 21:15:40] ⚠️ VPN not active. Initiating simulation/fallback.
[2026-02-03 21:15:40] ✅ Simulated VPN activation successful (flag created).
[2026-02-03 21:15:40] ---- Check complete: PASS (Simulated) ----

[2026-02-03 21:30:46] ---- Starting VPN Auto-Detect/Activate check ----
[2026-02-03 21:30:46] Simulating connection to SSID BART-WiFi
[2026-02-03 21:30:46] ⚠️ VPN not active. Initiating simulation/fallback.
[2026-02-03 21:30:46] ✅ Simulated VPN activation successful (flag created).
[2026-02-03 21:30:46] ---- Check complete: PASS (Simulated) ----

[2026-02-03 21:45:52] ---- Starting VPN Auto-Detect/Activate check ----
[2026-02-03 21:45:52] Simulating connection to SSID BART-WiFi
[2026-02-03 21:45:52] ⚠️ VPN not active. Initiating simulation/fallback.
[2026-02-03 21:45:52] ✅ Simulated VPN activation successful (flag created).
[2026-02-03 21:45:52] ---- Check complete: PASS (Simulated) ----

[2026-02-03 22:00:58] ---- Starting VPN Auto-Detect/Activate check ----
[2026-02-03 22:00:58] Simulating connection to SSID BART-WiFi
[2026-02-03 22:00:58] ⚠️ VPN not active. Initiating simulation/fallback.
[2026-02-03 22:00:58] ✅ Simulated VPN activation successful (flag created).
[2026-02-03 22:00:58] ---- Check complete: PASS (Simulated) ----

[2026-02-03 22:16:04] ---- Starting VPN Auto-Detect/Activate check ----
[2026-02-03 22:16:04] Simulating connection to SSID BART-WiFi
[2026-02-03 22:16:04] ⚠️ VPN not active. Initiating simulation/fallback.
[2026-02-03 22:16:04] ✅ Simulated VPN activation successful (flag created).
[2026-02-03 22:16:04] ---- Check complete: PASS (Simulated) ----

[2026-02-03 22:31:10] ---- Starting VPN Auto-Detect/Activate check ----
[2026-02-03 22:31:10] Simulating connection to SSID BART-WiFi
[2026-02-03 22:31:10] ⚠️ VPN not active. Initiating simulation/fallback.
[2026-02-03 22:31:10] ✅ Simulated VPN activation successful (flag created).
[2026-02-03 22:31:10] ---- Check complete: PASS (Simulated) ----

[2026-02-03 22:46:17] ---- Starting VPN Auto-Detect/Activate check ----
[2026-02-03 22:46:17] Simulating connection to SSID BART-WiFi
[2026-02-03 22:46:17] ⚠️ VPN not active. Initiating simulation/fallback.
[2026-02-03 22:46:17] ✅ Simulated VPN activation successful (flag created).
[2026-02-03 22:46:17] ---- Check complete: PASS (Simulated) ----

[2026-02-03 23:01:22] ---- Starting VPN Auto-Detect/Activate check ----
[2026-02-03 23:01:22] Simulating connection to SSID BART-WiFi
[2026-02-03 23:01:22] ⚠️ VPN not active. Initiating simulation/fallback.
[2026-02-03 23:01:22] ✅ Simulated VPN activation successful (flag created).
[2026-02-03 23:01:22] ---- Check complete: PASS (Simulated) ----

[2026-02-03 23:16:27] ---- Starting VPN Auto-Detect/Activate check ----
[2026-02-03 23:16:27] Simulating connection to SSID BART-WiFi
[2026-02-03 23:16:27] ⚠️ VPN not active. Initiating simulation/fallback.
[2026-02-03 23:16:27] ✅ Simulated VPN activation successful (flag created).
[2026-02-03 23:16:27] ---- Check complete: PASS (Simulated) ----

[2026-02-03 23:31:32] ---- Starting VPN Auto-Detect/Activate check ----
[2026-02-03 23:31:32] Simulating connection to SSID BART-WiFi
[2026-02-03 23:31:32] ⚠️ VPN not active. Initiating simulation/fallback.
[2026-02-03 23:31:32] ✅ Simulated VPN activation successful (flag created).
[2026-02-03 23:31:32] ---- Check complete: PASS (Simulated) ----

[2026-02-03 23:46:38] ---- Starting VPN Auto-Detect/Activate check ----
[2026-02-03 23:46:38] Simulating connection to SSID BART-WiFi
[2026-02-03 23:46:38] ⚠️ VPN not active. Initiating simulation/fallback.
[2026-02-03 23:46:38] ✅ Simulated VPN activation successful (flag created).
[2026-02-03 23:46:38] ---- Check complete: PASS (Simulated) ----

[2026-02-04 00:01:44] ---- Starting VPN Auto-Detect/Activate check ----
[2026-02-04 00:01:44] Simulating connection to SSID BART-WiFi
[2026-02-04 00:01:44] ⚠️ VPN not active. Initiating simulation/fallback.
[2026-02-04 00:01:44] ✅ Simulated VPN activation successful (flag created).
[2026-02-04 00:01:44] ---- Check complete: PASS (Simulated) ----

[2026-02-04 00:16:51] ---- Starting VPN Auto-Detect/Activate check ----
[2026-02-04 00:16:51] Simulating connection to SSID BART-WiFi
[2026-02-04 00:16:51] ⚠️ VPN not active. Initiating simulation/fallback.
[2026-02-04 00:16:51] ✅ Simulated VPN activation successful (flag created).
[2026-02-04 00:16:51] ---- Check complete: PASS (Simulated) ----

[2026-02-04 00:31:57] ---- Starting VPN Auto-Detect/Activate check ----
[2026-02-04 00:31:57] Simulating connection to SSID BART-WiFi
[2026-02-04 00:31:57] ⚠️ VPN not active. Initiating simulation/fallback.
[2026-02-04 00:31:57] ✅ Simulated VPN activation successful (flag created).
[2026-02-04 00:31:57] ---- Check complete: PASS (Simulated) ----

[2026-02-04 00:47:03] ---- Starting VPN Auto-Detect/Activate check ----
[2026-02-04 00:47:03] Simulating connection to SSID BART-WiFi
[2026-02-04 00:47:03] ⚠️ VPN not active. Initiating simulation/fallback.
[2026-02-04 00:47:03] ✅ Simulated VPN activation successful (flag created).
[2026-02-04 00:47:03] ---- Check complete: PASS (Simulated) ----

[2026-02-04 01:02:09] ---- Starting VPN Auto-Detect/Activate check ----
[2026-02-04 01:02:09] Simulating connection to SSID BART-WiFi
[2026-02-04 01:02:09] ⚠️ VPN not active. Initiating simulation/fallback.
[2026-02-04 01:02:09] ✅ Simulated VPN activation successful (flag created).
[2026-02-04 01:02:09] ---- Check complete: PASS (Simulated) ----

[2026-02-04 01:17:15] ---- Starting VPN Auto-Detect/Activate check ----
[2026-02-04 01:17:15] Simulating connection to SSID BART-WiFi
[2026-02-04 01:17:15] ⚠️ VPN not active. Initiating simulation/fallback.
[2026-02-04 01:17:15] ✅ Simulated VPN activation successful (flag created).
[2026-02-04 01:17:15] ---- Check complete: PASS (Simulated) ----

[2026-02-04 01:32:22] ---- Starting VPN Auto-Detect/Activate check ----
[2026-02-04 01:32:22] Simulating connection to SSID BART-WiFi
[2026-02-04 01:32:22] ⚠️ VPN not active. Initiating simulation/fallback.
[2026-02-04 01:32:22] ✅ Simulated VPN activation successful (flag created).
[2026-02-04 01:32:22] ---- Check complete: PASS (Simulated) ----

[2026-02-04 01:47:27] ---- Starting VPN Auto-Detect/Activate check ----
[2026-02-04 01:47:27] Simulating connection to SSID BART-WiFi
[2026-02-04 01:47:27] ⚠️ VPN not active. Initiating simulation/fallback.
[2026-02-04 01:47:27] ✅ Simulated VPN activation successful (flag created).
[2026-02-04 01:47:27] ---- Check complete: PASS (Simulated) ----

[2026-02-04 02:02:31] ---- Starting VPN Auto-Detect/Activate check ----
[2026-02-04 02:02:31] Simulating connection to SSID BART-WiFi
[2026-02-04 02:02:31] ⚠️ VPN not active. Initiating simulation/fallback.
[2026-02-04 02:02:32] ✅ Simulated VPN activation successful (flag created).
[2026-02-04 02:02:32] ---- Check complete: PASS (Simulated) ----

[2026-02-04 02:17:37] ---- Starting VPN Auto-Detect/Activate check ----
[2026-02-04 02:17:37] Simulating connection to SSID BART-WiFi
[2026-02-04 02:17:37] ⚠️ VPN not active. Initiating simulation/fallback.
[2026-02-04 02:17:37] ✅ Simulated VPN activation successful (flag created).
[2026-02-04 02:17:37] ---- Check complete: PASS (Simulated) ----

[2026-02-04 02:32:41] ---- Starting VPN Auto-Detect/Activate check ----
[2026-02-04 02:32:41] Simulating connection to SSID BART-WiFi
[2026-02-04 02:32:41] ⚠️ VPN not active. Initiating simulation/fallback.
[2026-02-04 02:32:41] ✅ Simulated VPN activation successful (flag created).
[2026-02-04 02:32:41] ---- Check complete: PASS (Simulated) ----

[2026-02-04 02:47:46] ---- Starting VPN Auto-Detect/Activate check ----
[2026-02-04 02:47:46] Simulating connection to SSID BART-WiFi
[2026-02-04 02:47:46] ⚠️ VPN not active. Initiating simulation/fallback.
[2026-02-04 02:47:46] ✅ Simulated VPN activation successful (flag created).
[2026-02-04 02:47:46] ---- Check complete: PASS (Simulated) ----

[2026-02-04 03:02:51] ---- Starting VPN Auto-Detect/Activate check ----
[2026-02-04 03:02:51] Simulating connection to SSID BART-WiFi
[2026-02-04 03:02:51] ⚠️ VPN not active. Initiating simulation/fallback.
[2026-02-04 03:02:51] ✅ Simulated VPN activation successful (flag created).
[2026-02-04 03:02:51] ---- Check complete: PASS (Simulated) ----

[2026-02-04 03:17:56] ---- Starting VPN Auto-Detect/Activate check ----
[2026-02-04 03:17:56] Simulating connection to SSID BART-WiFi
[2026-02-04 03:17:56] ⚠️ VPN not active. Initiating simulation/fallback.
[2026-02-04 03:17:56] ✅ Simulated VPN activation successful (flag created).
[2026-02-04 03:17:56] ---- Check complete: PASS (Simulated) ----

[2026-02-04 03:33:01] ---- Starting VPN Auto-Detect/Activate check ----
[2026-02-04 03:33:01] Simulating connection to SSID BART-WiFi
[2026-02-04 03:33:01] ⚠️ VPN not active. Initiating simulation/fallback.
[2026-02-04 03:33:01] ✅ Simulated VPN activation successful (flag created).
[2026-02-04 03:33:01] ---- Check complete: PASS (Simulated) ----

[2026-02-04 03:48:07] ---- Starting VPN Auto-Detect/Activate check ----
[2026-02-04 03:48:07] Simulating connection to SSID BART-WiFi
[2026-02-04 03:48:07] ⚠️ VPN not active. Initiating simulation/fallback.
[2026-02-04 03:48:07] ✅ Simulated VPN activation successful (flag created).
[2026-02-04 03:48:07] ---- Check complete: PASS (Simulated) ----

[2026-02-04 04:03:12] ---- Starting VPN Auto-Detect/Activate check ----
[2026-02-04 04:03:12] Simulating connection to SSID BART-WiFi
[2026-02-04 04:03:12] ⚠️ VPN not active. Initiating simulation/fallback.
[2026-02-04 04:03:12] ✅ Simulated VPN activation successful (flag created).
[2026-02-04 04:03:12] ---- Check complete: PASS (Simulated) ----

[2026-02-04 04:18:18] ---- Starting VPN Auto-Detect/Activate check ----
[2026-02-04 04:18:18] Simulating connection to SSID BART-WiFi
[2026-02-04 04:18:18] ⚠️ VPN not active. Initiating simulation/fallback.
[2026-02-04 04:18:18] ✅ Simulated VPN activation successful (flag created).
[2026-02-04 04:18:18] ---- Check complete: PASS (Simulated) ----

[2026-02-04 04:33:23] ---- Starting VPN Auto-Detect/Activate check ----
[2026-02-04 04:33:23] Simulating connection to SSID BART-WiFi
[2026-02-04 04:33:23] ⚠️ VPN not active. Initiating simulation/fallback.
[2026-02-04 04:33:23] ✅ Simulated VPN activation successful (flag created).
[2026-02-04 04:33:23] ---- Check complete: PASS (Simulated) ----

[2026-02-04 04:48:29] ---- Starting VPN Auto-Detect/Activate check ----
[2026-02-04 04:48:29] Simulating connection to SSID BART-WiFi
[2026-02-04 04:48:29] ⚠️ VPN not active. Initiating simulation/fallback.
[2026-02-04 04:48:29] ✅ Simulated VPN activation successful (flag created).
[2026-02-04 04:48:29] ---- Check complete: PASS (Simulated) ----

[2026-02-04 05:03:34] ---- Starting VPN Auto-Detect/Activate check ----
[2026-02-04 05:03:34] Simulating connection to SSID BART-WiFi
[2026-02-04 05:03:34] ⚠️ VPN not active. Initiating simulation/fallback.
[2026-02-04 05:03:34] ✅ Simulated VPN activation successful (flag created).
[2026-02-04 05:03:34] ---- Check complete: PASS (Simulated) ----

[2026-02-04 05:18:39] ---- Starting VPN Auto-Detect/Activate check ----
[2026-02-04 05:18:39] Simulating connection to SSID BART-WiFi
[2026-02-04 05:18:40] ⚠️ VPN not active. Initiating simulation/fallback.
[2026-02-04 05:18:40] ✅ Simulated VPN activation successful (flag created).
[2026-02-04 05:18:40] ---- Check complete: PASS (Simulated) ----

[2026-02-04 05:33:46] ---- Starting VPN Auto-Detect/Activate check ----
[2026-02-04 05:33:46] Simulating connection to SSID BART-WiFi
[2026-02-04 05:33:46] ⚠️ VPN not active. Initiating simulation/fallback.
[2026-02-04 05:33:46] ✅ Simulated VPN activation successful (flag created).
[2026-02-04 05:33:46] ---- Check complete: PASS (Simulated) ----

[2026-02-04 05:48:51] ---- Starting VPN Auto-Detect/Activate check ----
[2026-02-04 05:48:51] Simulating connection to SSID BART-WiFi
[2026-02-04 05:48:51] ⚠️ VPN not active. Initiating simulation/fallback.
[2026-02-04 05:48:51] ✅ Simulated VPN activation successful (flag created).
[2026-02-04 05:48:51] ---- Check complete: PASS (Simulated) ----

[2026-02-04 06:03:56] ---- Starting VPN Auto-Detect/Activate check ----
[2026-02-04 06:03:56] Simulating connection to SSID BART-WiFi
[2026-02-04 06:03:56] ⚠️ VPN not active. Initiating simulation/fallback.
[2026-02-04 06:03:56] ✅ Simulated VPN activation successful (flag created).
[2026-02-04 06:03:56] ---- Check complete: PASS (Simulated) ----

[2026-02-04 06:19:02] ---- Starting VPN Auto-Detect/Activate check ----
[2026-02-04 06:19:02] Simulating connection to SSID BART-WiFi
[2026-02-04 06:19:02] ⚠️ VPN not active. Initiating simulation/fallback.
[2026-02-04 06:19:02] ✅ Simulated VPN activation successful (flag created).
[2026-02-04 06:19:02] ---- Check complete: PASS (Simulated) ----

[2026-02-04 06:34:08] ---- Starting VPN Auto-Detect/Activate check ----
[2026-02-04 06:34:08] Simulating connection to SSID BART-WiFi
[2026-02-04 06:34:08] ⚠️ VPN not active. Initiating simulation/fallback.
[2026-02-04 06:34:08] ✅ Simulated VPN activation successful (flag created).
[2026-02-04 06:34:08] ---- Check complete: PASS (Simulated) ----

[2026-02-04 06:49:13] ---- Starting VPN Auto-Detect/Activate check ----
[2026-02-04 06:49:13] Simulating connection to SSID BART-WiFi
[2026-02-04 06:49:13] ⚠️ VPN not active. Initiating simulation/fallback.
[2026-02-04 06:49:13] ✅ Simulated VPN activation successful (flag created).
[2026-02-04 06:49:13] ---- Check complete: PASS (Simulated) ----

[2026-02-04 07:04:18] ---- Starting VPN Auto-Detect/Activate check ----
[2026-02-04 07:04:18] Simulating connection to SSID BART-WiFi
[2026-02-04 07:04:18] ⚠️ VPN not active. Initiating simulation/fallback.
[2026-02-04 07:04:18] ✅ Simulated VPN activation successful (flag created).
[2026-02-04 07:04:18] ---- Check complete: PASS (Simulated) ----

[2026-02-04 07:19:24] ---- Starting VPN Auto-Detect/Activate check ----
[2026-02-04 07:19:24] Simulating connection to SSID BART-WiFi
[2026-02-04 07:19:24] ⚠️ VPN not active. Initiating simulation/fallback.
[2026-02-04 07:19:24] ✅ Simulated VPN activation successful (flag created).
[2026-02-04 07:19:24] ---- Check complete: PASS (Simulated) ----

[2026-02-04 07:34:30] ---- Starting VPN Auto-Detect/Activate check ----
[2026-02-04 07:34:30] Simulating connection to SSID BART-WiFi
[2026-02-04 07:34:30] ⚠️ VPN not active. Initiating simulation/fallback.
[2026-02-04 07:34:30] ✅ Simulated VPN activation successful (flag created).
[2026-02-04 07:34:30] ---- Check complete: PASS (Simulated) ----

[2026-02-04 07:49:34] ---- Starting VPN Auto-Detect/Activate check ----
[2026-02-04 07:49:34] Simulating connection to SSID BART-WiFi
[2026-02-04 07:49:34] ⚠️ VPN not active. Initiating simulation/fallback.
[2026-02-04 07:49:35] ✅ Simulated VPN activation successful (flag created).
[2026-02-04 07:49:35] ---- Check complete: PASS (Simulated) ----

[2026-02-04 08:04:40] ---- Starting VPN Auto-Detect/Activate check ----
[2026-02-04 08:04:40] Simulating connection to SSID BART-WiFi
[2026-02-04 08:04:40] ⚠️ VPN not active. Initiating simulation/fallback.
[2026-02-04 08:04:40] ✅ Simulated VPN activation successful (flag created).
[2026-02-04 08:04:40] ---- Check complete: PASS (Simulated) ----

[2026-02-04 08:19:45] ---- Starting VPN Auto-Detect/Activate check ----
[2026-02-04 08:19:45] Simulating connection to SSID BART-WiFi
[2026-02-04 08:19:45] ⚠️ VPN not active. Initiating simulation/fallback.
[2026-02-04 08:19:45] ✅ Simulated VPN activation successful (flag created).
[2026-02-04 08:19:45] ---- Check complete: PASS (Simulated) ----

[2026-02-04 08:34:51] ---- Starting VPN Auto-Detect/Activate check ----
[2026-02-04 08:34:51] Simulating connection to SSID BART-WiFi
[2026-02-04 08:34:51] ⚠️ VPN not active. Initiating simulation/fallback.
[2026-02-04 08:34:51] ✅ Simulated VPN activation successful (flag created).
[2026-02-04 08:34:51] ---- Check complete: PASS (Simulated) ----

[2026-02-04 08:49:56] ---- Starting VPN Auto-Detect/Activate check ----
[2026-02-04 08:49:56] Simulating connection to SSID BART-WiFi
[2026-02-04 08:49:56] ⚠️ VPN not active. Initiating simulation/fallback.
[2026-02-04 08:49:56] ✅ Simulated VPN activation successful (flag created).
[2026-02-04 08:49:56] ---- Check complete: PASS (Simulated) ----

[2026-02-04 09:05:01] ---- Starting VPN Auto-Detect/Activate check ----
[2026-02-04 09:05:01] Simulating connection to SSID BART-WiFi
[2026-02-04 09:05:01] ⚠️ VPN not active. Initiating simulation/fallback.
[2026-02-04 09:05:01] ✅ Simulated VPN activation successful (flag created).
[2026-02-04 09:05:01] ---- Check complete: PASS (Simulated) ----

[2026-02-04 09:20:07] ---- Starting VPN Auto-Detect/Activate check ----
[2026-02-04 09:20:07] Simulating connection to SSID BART-WiFi
[2026-02-04 09:20:07] ⚠️ VPN not active. Initiating simulation/fallback.
[2026-02-04 09:20:07] ✅ Simulated VPN activation successful (flag created).
[2026-02-04 09:20:07] ---- Check complete: PASS (Simulated) ----

[2026-02-04 09:35:12] ---- Starting VPN Auto-Detect/Activate check ----
[2026-02-04 09:35:12] Simulating connection to SSID BART-WiFi
[2026-02-04 09:35:12] ⚠️ VPN not active. Initiating simulation/fallback.
[2026-02-04 09:35:12] ✅ Simulated VPN activation successful (flag created).
[2026-02-04 09:35:12] ---- Check complete: PASS (Simulated) ----

[2026-02-04 09:50:17] ---- Starting VPN Auto-Detect/Activate check ----
[2026-02-04 09:50:17] Simulating connection to SSID BART-WiFi
[2026-02-04 09:50:17] ⚠️ VPN not active. Initiating simulation/fallback.
[2026-02-04 09:50:17] ✅ Simulated VPN activation successful (flag created).
[2026-02-04 09:50:17] ---- Check complete: PASS (Simulated) ----

[2026-02-04 10:05:22] ---- Starting VPN Auto-Detect/Activate check ----
[2026-02-04 10:05:22] Simulating connection to SSID BART-WiFi
[2026-02-04 10:05:22] ⚠️ VPN not active. Initiating simulation/fallback.
[2026-02-04 10:05:22] ✅ Simulated VPN activation successful (flag created).
[2026-02-04 10:05:22] ---- Check complete: PASS (Simulated) ----

[2026-02-04 10:20:27] ---- Starting VPN Auto-Detect/Activate check ----
[2026-02-04 10:20:27] Simulating connection to SSID BART-WiFi
[2026-02-04 10:20:27] ⚠️ VPN not active. Initiating simulation/fallback.
[2026-02-04 10:20:27] ✅ Simulated VPN activation successful (flag created).
[2026-02-04 10:20:27] ---- Check complete: PASS (Simulated) ----

[2026-02-04 10:35:31] ---- Starting VPN Auto-Detect/Activate check ----
[2026-02-04 10:35:31] Simulating connection to SSID BART-WiFi
[2026-02-04 10:35:31] ⚠️ VPN not active. Initiating simulation/fallback.
[2026-02-04 10:35:31] ✅ Simulated VPN activation successful (flag created).
[2026-02-04 10:35:31] ---- Check complete: PASS (Simulated) ----

[2026-02-04 10:50:36] ---- Starting VPN Auto-Detect/Activate check ----
[2026-02-04 10:50:36] Simulating connection to SSID BART-WiFi
[2026-02-04 10:50:36] ⚠️ VPN not active. Initiating simulation/fallback.
[2026-02-04 10:50:36] ✅ Simulated VPN activation successful (flag created).
[2026-02-04 10:50:36] ---- Check complete: PASS (Simulated) ----

[2026-02-04 11:05:41] ---- Starting VPN Auto-Detect/Activate check ----
[2026-02-04 11:05:41] Simulating connection to SSID BART-WiFi
[2026-02-04 11:05:41] ⚠️ VPN not active. Initiating simulation/fallback.
[2026-02-04 11:05:42] ✅ Simulated VPN activation successful (flag created).
[2026-02-04 11:05:42] ---- Check complete: PASS (Simulated) ----

[2026-02-04 11:20:47] ---- Starting VPN Auto-Detect/Activate check ----
[2026-02-04 11:20:47] Simulating connection to SSID BART-WiFi
[2026-02-04 11:20:47] ⚠️ VPN not active. Initiating simulation/fallback.
[2026-02-04 11:20:47] ✅ Simulated VPN activation successful (flag created).
[2026-02-04 11:20:47] ---- Check complete: PASS (Simulated) ----

[2026-02-04 11:35:53] ---- Starting VPN Auto-Detect/Activate check ----
[2026-02-04 11:35:53] Simulating connection to SSID BART-WiFi
[2026-02-04 11:35:53] ⚠️ VPN not active. Initiating simulation/fallback.
[2026-02-04 11:35:53] ✅ Simulated VPN activation successful (flag created).
[2026-02-04 11:35:53] ---- Check complete: PASS (Simulated) ----

[2026-02-04 11:50:58] ---- Starting VPN Auto-Detect/Activate check ----
[2026-02-04 11:50:58] Simulating connection to SSID BART-WiFi
[2026-02-04 11:50:58] ⚠️ VPN not active. Initiating simulation/fallback.
[2026-02-04 11:50:58] ✅ Simulated VPN activation successful (flag created).
[2026-02-04 11:50:58] ---- Check complete: PASS (Simulated) ----

[2026-02-04 12:06:06] ---- Starting VPN Auto-Detect/Activate check ----
[2026-02-04 12:06:06] Simulating connection to SSID BART-WiFi
[2026-02-04 12:06:06] ⚠️ VPN not active. Initiating simulation/fallback.
[2026-02-04 12:06:06] ✅ Simulated VPN activation successful (flag created).
[2026-02-04 12:06:06] ---- Check complete: PASS (Simulated) ----

[2026-02-04 12:21:12] ---- Starting VPN Auto-Detect/Activate check ----
[2026-02-04 12:21:12] Simulating connection to SSID BART-WiFi
[2026-02-04 12:21:12] ⚠️ VPN not active. Initiating simulation/fallback.
[2026-02-04 12:21:12] ✅ Simulated VPN activation successful (flag created).
[2026-02-04 12:21:12] ---- Check complete: PASS (Simulated) ----

[2026-02-04 12:36:17] ---- Starting VPN Auto-Detect/Activate check ----
[2026-02-04 12:36:17] Simulating connection to SSID BART-WiFi
[2026-02-04 12:36:17] ⚠️ VPN not active. Initiating simulation/fallback.
[2026-02-04 12:36:17] ✅ Simulated VPN activation successful (flag created).
[2026-02-04 12:36:17] ---- Check complete: PASS (Simulated) ----

[2026-02-04 12:51:22] ---- Starting VPN Auto-Detect/Activate check ----
[2026-02-04 12:51:22] Simulating connection to SSID BART-WiFi
[2026-02-04 12:51:22] ⚠️ VPN not active. Initiating simulation/fallback.
[2026-02-04 12:51:22] ✅ Simulated VPN activation successful (flag created).
[2026-02-04 12:51:22] ---- Check complete: PASS (Simulated) ----

[2026-02-04 13:06:28] ---- Starting VPN Auto-Detect/Activate check ----
[2026-02-04 13:06:28] Simulating connection to SSID BART-WiFi
[2026-02-04 13:06:28] ⚠️ VPN not active. Initiating simulation/fallback.
[2026-02-04 13:06:28] ✅ Simulated VPN activation successful (flag created).
[2026-02-04 13:06:28] ---- Check complete: PASS (Simulated) ----

[2026-02-04 13:21:34] ---- Starting VPN Auto-Detect/Activate check ----
[2026-02-04 13:21:34] Simulating connection to SSID BART-WiFi
[2026-02-04 13:21:34] ⚠️ VPN not active. Initiating simulation/fallback.
[2026-02-04 13:21:34] ✅ Simulated VPN activation successful (flag created).
[2026-02-04 13:21:34] ---- Check complete: PASS (Simulated) ----

[2026-02-04 13:36:39] ---- Starting VPN Auto-Detect/Activate check ----
[2026-02-04 13:36:39] Simulating connection to SSID BART-WiFi
[2026-02-04 13:36:39] ⚠️ VPN not active. Initiating simulation/fallback.
[2026-02-04 13:36:39] ✅ Simulated VPN activation successful (flag created).
[2026-02-04 13:36:39] ---- Check complete: PASS (Simulated) ----

[2026-02-04 13:51:44] ---- Starting VPN Auto-Detect/Activate check ----
[2026-02-04 13:51:44] Simulating connection to SSID BART-WiFi
[2026-02-04 13:51:44] ⚠️ VPN not active. Initiating simulation/fallback.
[2026-02-04 13:51:44] ✅ Simulated VPN activation successful (flag created).
[2026-02-04 13:51:44] ---- Check complete: PASS (Simulated) ----

[2026-02-04 14:06:49] ---- Starting VPN Auto-Detect/Activate check ----
[2026-02-04 14:06:49] Simulating connection to SSID BART-WiFi
[2026-02-04 14:06:49] ⚠️ VPN not active. Initiating simulation/fallback.
[2026-02-04 14:06:49] ✅ Simulated VPN activation successful (flag created).
[2026-02-04 14:06:49] ---- Check complete: PASS (Simulated) ----

[2026-02-04 14:21:55] ---- Starting VPN Auto-Detect/Activate check ----
[2026-02-04 14:21:55] Simulating connection to SSID BART-WiFi
[2026-02-04 14:21:55] ⚠️ VPN not active. Initiating simulation/fallback.
[2026-02-04 14:21:55] ✅ Simulated VPN activation successful (flag created).
[2026-02-04 14:21:55] ---- Check complete: PASS (Simulated) ----

[2026-02-04 14:36:59] ---- Starting VPN Auto-Detect/Activate check ----
[2026-02-04 14:36:59] Simulating connection to SSID BART-WiFi
[2026-02-04 14:36:59] ⚠️ VPN not active. Initiating simulation/fallback.
[2026-02-04 14:36:59] ✅ Simulated VPN activation successful (flag created).
[2026-02-04 14:36:59] ---- Check complete: PASS (Simulated) ----

[2026-02-04 14:52:05] ---- Starting VPN Auto-Detect/Activate check ----
[2026-02-04 14:52:05] Simulating connection to SSID BART-WiFi
[2026-02-04 14:52:05] ⚠️ VPN not active. Initiating simulation/fallback.
[2026-02-04 14:52:05] ✅ Simulated VPN activation successful (flag created).
[2026-02-04 14:52:05] ---- Check complete: PASS (Simulated) ----

[2026-02-04 15:07:10] ---- Starting VPN Auto-Detect/Activate check ----
[2026-02-04 15:07:10] Simulating connection to SSID BART-WiFi
[2026-02-04 15:07:10] ⚠️ VPN not active. Initiating simulation/fallback.
[2026-02-04 15:07:10] ✅ Simulated VPN activation successful (flag created).
[2026-02-04 15:07:10] ---- Check complete: PASS (Simulated) ----

[2026-02-04 15:22:16] ---- Starting VPN Auto-Detect/Activate check ----
[2026-02-04 15:22:16] Simulating connection to SSID BART-WiFi
[2026-02-04 15:22:16] ⚠️ VPN not active. Initiating simulation/fallback.
[2026-02-04 15:22:16] ✅ Simulated VPN activation successful (flag created).
[2026-02-04 15:22:16] ---- Check complete: PASS (Simulated) ----

[2026-02-04 15:37:22] ---- Starting VPN Auto-Detect/Activate check ----
[2026-02-04 15:37:22] Simulating connection to SSID BART-WiFi
[2026-02-04 15:37:22] ⚠️ VPN not active. Initiating simulation/fallback.
[2026-02-04 15:37:22] ✅ Simulated VPN activation successful (flag created).
[2026-02-04 15:37:22] ---- Check complete: PASS (Simulated) ----

[2026-02-04 15:52:28] ---- Starting VPN Auto-Detect/Activate check ----
[2026-02-04 15:52:28] Simulating connection to SSID BART-WiFi
[2026-02-04 15:52:28] ⚠️ VPN not active. Initiating simulation/fallback.
[2026-02-04 15:52:28] ✅ Simulated VPN activation successful (flag created).
[2026-02-04 15:52:28] ---- Check complete: PASS (Simulated) ----

[2026-02-04 16:07:34] ---- Starting VPN Auto-Detect/Activate check ----
[2026-02-04 16:07:34] Simulating connection to SSID BART-WiFi
[2026-02-04 16:07:34] ⚠️ VPN not active. Initiating simulation/fallback.
[2026-02-04 16:07:34] ✅ Simulated VPN activation successful (flag created).
[2026-02-04 16:07:34] ---- Check complete: PASS (Simulated) ----

[2026-02-04 16:22:39] ---- Starting VPN Auto-Detect/Activate check ----
[2026-02-04 16:22:39] Simulating connection to SSID BART-WiFi
[2026-02-04 16:22:39] ⚠️ VPN not active. Initiating simulation/fallback.
[2026-02-04 16:22:39] ✅ Simulated VPN activation successful (flag created).
[2026-02-04 16:22:39] ---- Check complete: PASS (Simulated) ----

[2026-02-04 16:37:45] ---- Starting VPN Auto-Detect/Activate check ----
[2026-02-04 16:37:45] Simulating connection to SSID BART-WiFi
[2026-02-04 16:37:45] ⚠️ VPN not active. Initiating simulation/fallback.
[2026-02-04 16:37:45] ✅ Simulated VPN activation successful (flag created).
[2026-02-04 16:37:45] ---- Check complete: PASS (Simulated) ----

[2026-02-04 16:52:51] ---- Starting VPN Auto-Detect/Activate check ----
[2026-02-04 16:52:51] Simulating connection to SSID BART-WiFi
[2026-02-04 16:52:51] ⚠️ VPN not active. Initiating simulation/fallback.
[2026-02-04 16:52:51] ✅ Simulated VPN activation successful (flag created).
[2026-02-04 16:52:51] ---- Check complete: PASS (Simulated) ----

[2026-02-04 17:07:56] ---- Starting VPN Auto-Detect/Activate check ----
[2026-02-04 17:07:56] Simulating connection to SSID BART-WiFi
[2026-02-04 17:07:56] ⚠️ VPN not active. Initiating simulation/fallback.
[2026-02-04 17:07:56] ✅ Simulated VPN activation successful (flag created).
[2026-02-04 17:07:56] ---- Check complete: PASS (Simulated) ----

[2026-02-04 17:23:02] ---- Starting VPN Auto-Detect/Activate check ----
[2026-02-04 17:23:02] Simulating connection to SSID BART-WiFi
[2026-02-04 17:23:02] ⚠️ VPN not active. Initiating simulation/fallback.
[2026-02-04 17:23:02] ✅ Simulated VPN activation successful (flag created).
[2026-02-04 17:23:02] ---- Check complete: PASS (Simulated) ----

[2026-02-04 17:38:09] ---- Starting VPN Auto-Detect/Activate check ----
[2026-02-04 17:38:09] Simulating connection to SSID BART-WiFi
[2026-02-04 17:38:09] ⚠️ VPN not active. Initiating simulation/fallback.
[2026-02-04 17:38:09] ✅ Simulated VPN activation successful (flag created).
[2026-02-04 17:38:09] ---- Check complete: PASS (Simulated) ----

[2026-02-04 17:53:15] ---- Starting VPN Auto-Detect/Activate check ----
[2026-02-04 17:53:15] Simulating connection to SSID BART-WiFi
[2026-02-04 17:53:15] ⚠️ VPN not active. Initiating simulation/fallback.
[2026-02-04 17:53:15] ✅ Simulated VPN activation successful (flag created).
[2026-02-04 17:53:15] ---- Check complete: PASS (Simulated) ----

[2026-02-04 18:08:22] ---- Starting VPN Auto-Detect/Activate check ----
[2026-02-04 18:08:22] Simulating connection to SSID BART-WiFi
[2026-02-04 18:08:22] ⚠️ VPN not active. Initiating simulation/fallback.
[2026-02-04 18:08:22] ✅ Simulated VPN activation successful (flag created).
[2026-02-04 18:08:22] ---- Check complete: PASS (Simulated) ----

[2026-02-04 18:23:27] ---- Starting VPN Auto-Detect/Activate check ----
[2026-02-04 18:23:27] Simulating connection to SSID BART-WiFi
[2026-02-04 18:23:27] ⚠️ VPN not active. Initiating simulation/fallback.
[2026-02-04 18:23:27] ✅ Simulated VPN activation successful (flag created).
[2026-02-04 18:23:27] ---- Check complete: PASS (Simulated) ----

[2026-02-04 18:38:33] ---- Starting VPN Auto-Detect/Activate check ----
[2026-02-04 18:38:33] Simulating connection to SSID BART-WiFi
[2026-02-04 18:38:33] ⚠️ VPN not active. Initiating simulation/fallback.
[2026-02-04 18:38:33] ✅ Simulated VPN activation successful (flag created).
[2026-02-04 18:38:33] ---- Check complete: PASS (Simulated) ----

[2026-02-04 18:53:37] ---- Starting VPN Auto-Detect/Activate check ----
[2026-02-04 18:53:37] Simulating connection to SSID BART-WiFi
[2026-02-04 18:53:37] ⚠️ VPN not active. Initiating simulation/fallback.
[2026-02-04 18:53:38] ✅ Simulated VPN activation successful (flag created).
[2026-02-04 18:53:38] ---- Check complete: PASS (Simulated) ----

[2026-02-04 19:08:43] ---- Starting VPN Auto-Detect/Activate check ----
[2026-02-04 19:08:43] Simulating connection to SSID BART-WiFi
[2026-02-04 19:08:43] ⚠️ VPN not active. Initiating simulation/fallback.
[2026-02-04 19:08:43] ✅ Simulated VPN activation successful (flag created).
[2026-02-04 19:08:43] ---- Check complete: PASS (Simulated) ----

[2026-02-04 19:23:48] ---- Starting VPN Auto-Detect/Activate check ----
[2026-02-04 19:23:48] Simulating connection to SSID BART-WiFi
[2026-02-04 19:23:48] ⚠️ VPN not active. Initiating simulation/fallback.
[2026-02-04 19:23:48] ✅ Simulated VPN activation successful (flag created).
[2026-02-04 19:23:49] ---- Check complete: PASS (Simulated) ----

[2026-02-04 19:38:53] ---- Starting VPN Auto-Detect/Activate check ----
[2026-02-04 19:38:53] Simulating connection to SSID BART-WiFi
[2026-02-04 19:38:53] ⚠️ VPN not active. Initiating simulation/fallback.
[2026-02-04 19:38:53] ✅ Simulated VPN activation successful (flag created).
[2026-02-04 19:38:53] ---- Check complete: PASS (Simulated) ----

[2026-02-04 19:53:58] ---- Starting VPN Auto-Detect/Activate check ----
[2026-02-04 19:53:58] Simulating connection to SSID BART-WiFi
[2026-02-04 19:53:58] ⚠️ VPN not active. Initiating simulation/fallback.
[2026-02-04 19:53:58] ✅ Simulated VPN activation successful (flag created).
[2026-02-04 19:53:58] ---- Check complete: PASS (Simulated) ----

[2026-02-04 20:09:04] ---- Starting VPN Auto-Detect/Activate check ----
[2026-02-04 20:09:04] Simulating connection to SSID BART-WiFi
[2026-02-04 20:09:04] ⚠️ VPN not active. Initiating simulation/fallback.
[2026-02-04 20:09:04] ✅ Simulated VPN activation successful (flag created).
[2026-02-04 20:09:04] ---- Check complete: PASS (Simulated) ----

[2026-02-04 20:24:09] ---- Starting VPN Auto-Detect/Activate check ----
[2026-02-04 20:24:09] Simulating connection to SSID BART-WiFi
[2026-02-04 20:24:09] ⚠️ VPN not active. Initiating simulation/fallback.
[2026-02-04 20:24:09] ✅ Simulated VPN activation successful (flag created).
[2026-02-04 20:24:09] ---- Check complete: PASS (Simulated) ----

[2026-02-04 20:39:13] ---- Starting VPN Auto-Detect/Activate check ----
[2026-02-04 20:39:13] Simulating connection to SSID BART-WiFi
[2026-02-04 20:39:13] ⚠️ VPN not active. Initiating simulation/fallback.
[2026-02-04 20:39:13] ✅ Simulated VPN activation successful (flag created).
[2026-02-04 20:39:13] ---- Check complete: PASS (Simulated) ----

[2026-02-04 20:54:19] ---- Starting VPN Auto-Detect/Activate check ----
[2026-02-04 20:54:19] Simulating connection to SSID BART-WiFi
[2026-02-04 20:54:19] ⚠️ VPN not active. Initiating simulation/fallback.
[2026-02-04 20:54:19] ✅ Simulated VPN activation successful (flag created).
[2026-02-04 20:54:19] ---- Check complete: PASS (Simulated) ----

[2026-02-04 21:09:24] ---- Starting VPN Auto-Detect/Activate check ----
[2026-02-04 21:09:24] Simulating connection to SSID BART-WiFi
[2026-02-04 21:09:24] ⚠️ VPN not active. Initiating simulation/fallback.
[2026-02-04 21:09:24] ✅ Simulated VPN activation successful (flag created).
[2026-02-04 21:09:24] ---- Check complete: PASS (Simulated) ----

[2026-02-04 21:24:29] ---- Starting VPN Auto-Detect/Activate check ----
[2026-02-04 21:24:29] Simulating connection to SSID BART-WiFi
[2026-02-04 21:24:29] ⚠️ VPN not active. Initiating simulation/fallback.
[2026-02-04 21:24:29] ✅ Simulated VPN activation successful (flag created).
[2026-02-04 21:24:29] ---- Check complete: PASS (Simulated) ----

[2026-02-04 21:39:34] ---- Starting VPN Auto-Detect/Activate check ----
[2026-02-04 21:39:34] Simulating connection to SSID BART-WiFi
[2026-02-04 21:39:34] ⚠️ VPN not active. Initiating simulation/fallback.
[2026-02-04 21:39:34] ✅ Simulated VPN activation successful (flag created).
[2026-02-04 21:39:34] ---- Check complete: PASS (Simulated) ----

[2026-02-04 21:54:39] ---- Starting VPN Auto-Detect/Activate check ----
[2026-02-04 21:54:39] Simulating connection to SSID BART-WiFi
[2026-02-04 21:54:39] ⚠️ VPN not active. Initiating simulation/fallback.
[2026-02-04 21:54:39] ✅ Simulated VPN activation successful (flag created).
[2026-02-04 21:54:39] ---- Check complete: PASS (Simulated) ----

[2026-02-04 22:09:44] ---- Starting VPN Auto-Detect/Activate check ----
[2026-02-04 22:09:44] Simulating connection to SSID BART-WiFi
[2026-02-04 22:09:44] ⚠️ VPN not active. Initiating simulation/fallback.
[2026-02-04 22:09:44] ✅ Simulated VPN activation successful (flag created).
[2026-02-04 22:09:44] ---- Check complete: PASS (Simulated) ----

[2026-02-04 22:24:50] ---- Starting VPN Auto-Detect/Activate check ----
[2026-02-04 22:24:50] Simulating connection to SSID BART-WiFi
[2026-02-04 22:24:50] ⚠️ VPN not active. Initiating simulation/fallback.
[2026-02-04 22:24:50] ✅ Simulated VPN activation successful (flag created).
[2026-02-04 22:24:50] ---- Check complete: PASS (Simulated) ----

[2026-02-04 22:39:55] ---- Starting VPN Auto-Detect/Activate check ----
[2026-02-04 22:39:55] Simulating connection to SSID BART-WiFi
[2026-02-04 22:39:55] ⚠️ VPN not active. Initiating simulation/fallback.
[2026-02-04 22:39:55] ✅ Simulated VPN activation successful (flag created).
[2026-02-04 22:39:55] ---- Check complete: PASS (Simulated) ----

[2026-02-04 22:55:00] ---- Starting VPN Auto-Detect/Activate check ----
[2026-02-04 22:55:00] Simulating connection to SSID BART-WiFi
[2026-02-04 22:55:00] ⚠️ VPN not active. Initiating simulation/fallback.
[2026-02-04 22:55:00] ✅ Simulated VPN activation successful (flag created).
[2026-02-04 22:55:00] ---- Check complete: PASS (Simulated) ----

[2026-02-04 23:10:05] ---- Starting VPN Auto-Detect/Activate check ----
[2026-02-04 23:10:05] Simulating connection to SSID BART-WiFi
[2026-02-04 23:10:06] ⚠️ VPN not active. Initiating simulation/fallback.
[2026-02-04 23:10:06] ✅ Simulated VPN activation successful (flag created).
[2026-02-04 23:10:06] ---- Check complete: PASS (Simulated) ----

[2026-02-04 23:25:11] ---- Starting VPN Auto-Detect/Activate check ----
[2026-02-04 23:25:11] Simulating connection to SSID BART-WiFi
[2026-02-04 23:25:11] ⚠️ VPN not active. Initiating simulation/fallback.
[2026-02-04 23:25:11] ✅ Simulated VPN activation successful (flag created).
[2026-02-04 23:25:11] ---- Check complete: PASS (Simulated) ----

[2026-02-04 23:40:16] ---- Starting VPN Auto-Detect/Activate check ----
[2026-02-04 23:40:17] Simulating connection to SSID BART-WiFi
[2026-02-04 23:40:17] ⚠️ VPN not active. Initiating simulation/fallback.
[2026-02-04 23:40:17] ✅ Simulated VPN activation successful (flag created).
[2026-02-04 23:40:17] ---- Check complete: PASS (Simulated) ----

[2026-02-04 23:55:21] ---- Starting VPN Auto-Detect/Activate check ----
[2026-02-04 23:55:21] Simulating connection to SSID BART-WiFi
[2026-02-04 23:55:21] ⚠️ VPN not active. Initiating simulation/fallback.
[2026-02-04 23:55:21] ✅ Simulated VPN activation successful (flag created).
[2026-02-04 23:55:21] ---- Check complete: PASS (Simulated) ----

[2026-02-05 00:10:27] ---- Starting VPN Auto-Detect/Activate check ----
[2026-02-05 00:10:27] Simulating connection to SSID BART-WiFi
[2026-02-05 00:10:27] ⚠️ VPN not active. Initiating simulation/fallback.
[2026-02-05 00:10:27] ✅ Simulated VPN activation successful (flag created).
[2026-02-05 00:10:27] ---- Check complete: PASS (Simulated) ----

[2026-02-05 00:25:32] ---- Starting VPN Auto-Detect/Activate check ----
[2026-02-05 00:25:32] Simulating connection to SSID BART-WiFi
[2026-02-05 00:25:32] ⚠️ VPN not active. Initiating simulation/fallback.
[2026-02-05 00:25:32] ✅ Simulated VPN activation successful (flag created).
[2026-02-05 00:25:32] ---- Check complete: PASS (Simulated) ----

[2026-02-05 00:40:38] ---- Starting VPN Auto-Detect/Activate check ----
[2026-02-05 00:40:38] Simulating connection to SSID BART-WiFi
[2026-02-05 00:40:38] ⚠️ VPN not active. Initiating simulation/fallback.
[2026-02-05 00:40:38] ✅ Simulated VPN activation successful (flag created).
[2026-02-05 00:40:38] ---- Check complete: PASS (Simulated) ----

[2026-02-05 00:55:43] ---- Starting VPN Auto-Detect/Activate check ----
[2026-02-05 00:55:43] Simulating connection to SSID BART-WiFi
[2026-02-05 00:55:43] ⚠️ VPN not active. Initiating simulation/fallback.
[2026-02-05 00:55:43] ✅ Simulated VPN activation successful (flag created).
[2026-02-05 00:55:43] ---- Check complete: PASS (Simulated) ----

[2026-02-05 01:10:49] ---- Starting VPN Auto-Detect/Activate check ----
[2026-02-05 01:10:49] Simulating connection to SSID BART-WiFi
[2026-02-05 01:10:49] ⚠️ VPN not active. Initiating simulation/fallback.
[2026-02-05 01:10:49] ✅ Simulated VPN activation successful (flag created).
[2026-02-05 01:10:49] ---- Check complete: PASS (Simulated) ----

[2026-02-05 01:25:54] ---- Starting VPN Auto-Detect/Activate check ----
[2026-02-05 01:25:54] Simulating connection to SSID BART-WiFi
[2026-02-05 01:25:54] ⚠️ VPN not active. Initiating simulation/fallback.
[2026-02-05 01:25:54] ✅ Simulated VPN activation successful (flag created).
[2026-02-05 01:25:54] ---- Check complete: PASS (Simulated) ----

[2026-02-05 01:40:59] ---- Starting VPN Auto-Detect/Activate check ----
[2026-02-05 01:40:59] Simulating connection to SSID BART-WiFi
[2026-02-05 01:40:59] ⚠️ VPN not active. Initiating simulation/fallback.
[2026-02-05 01:40:59] ✅ Simulated VPN activation successful (flag created).
[2026-02-05 01:40:59] ---- Check complete: PASS (Simulated) ----

[2026-02-05 01:56:03] ---- Starting VPN Auto-Detect/Activate check ----
[2026-02-05 01:56:03] Simulating connection to SSID BART-WiFi
[2026-02-05 01:56:03] ⚠️ VPN not active. Initiating simulation/fallback.
[2026-02-05 01:56:03] ✅ Simulated VPN activation successful (flag created).
[2026-02-05 01:56:03] ---- Check complete: PASS (Simulated) ----

[2026-02-05 02:11:08] ---- Starting VPN Auto-Detect/Activate check ----
[2026-02-05 02:11:08] Simulating connection to SSID BART-WiFi
[2026-02-05 02:11:08] ⚠️ VPN not active. Initiating simulation/fallback.
[2026-02-05 02:11:08] ✅ Simulated VPN activation successful (flag created).
[2026-02-05 02:11:08] ---- Check complete: PASS (Simulated) ----

[2026-02-05 02:26:13] ---- Starting VPN Auto-Detect/Activate check ----
[2026-02-05 02:26:13] Simulating connection to SSID BART-WiFi
[2026-02-05 02:26:13] ⚠️ VPN not active. Initiating simulation/fallback.
[2026-02-05 02:26:13] ✅ Simulated VPN activation successful (flag created).
[2026-02-05 02:26:13] ---- Check complete: PASS (Simulated) ----

[2026-02-05 02:41:18] ---- Starting VPN Auto-Detect/Activate check ----
[2026-02-05 02:41:18] Simulating connection to SSID BART-WiFi
[2026-02-05 02:41:18] ⚠️ VPN not active. Initiating simulation/fallback.
[2026-02-05 02:41:18] ✅ Simulated VPN activation successful (flag created).
[2026-02-05 02:41:18] ---- Check complete: PASS (Simulated) ----

[2026-02-05 02:56:23] ---- Starting VPN Auto-Detect/Activate check ----
[2026-02-05 02:56:23] Simulating connection to SSID BART-WiFi
[2026-02-05 02:56:23] ⚠️ VPN not active. Initiating simulation/fallback.
[2026-02-05 02:56:23] ✅ Simulated VPN activation successful (flag created).
[2026-02-05 02:56:23] ---- Check complete: PASS (Simulated) ----

[2026-02-05 03:11:28] ---- Starting VPN Auto-Detect/Activate check ----
[2026-02-05 03:11:28] Simulating connection to SSID BART-WiFi
[2026-02-05 03:11:28] ⚠️ VPN not active. Initiating simulation/fallback.
[2026-02-05 03:11:28] ✅ Simulated VPN activation successful (flag created).
[2026-02-05 03:11:28] ---- Check complete: PASS (Simulated) ----

[2026-02-05 03:26:32] ---- Starting VPN Auto-Detect/Activate check ----
[2026-02-05 03:26:32] Simulating connection to SSID BART-WiFi
[2026-02-05 03:26:32] ⚠️ VPN not active. Initiating simulation/fallback.
[2026-02-05 03:26:32] ✅ Simulated VPN activation successful (flag created).
[2026-02-05 03:26:32] ---- Check complete: PASS (Simulated) ----

[2026-02-05 03:41:38] ---- Starting VPN Auto-Detect/Activate check ----
[2026-02-05 03:41:38] Simulating connection to SSID BART-WiFi
[2026-02-05 03:41:38] ⚠️ VPN not active. Initiating simulation/fallback.
[2026-02-05 03:41:38] ✅ Simulated VPN activation successful (flag created).
[2026-02-05 03:41:38] ---- Check complete: PASS (Simulated) ----

[2026-02-05 03:56:45] ---- Starting VPN Auto-Detect/Activate check ----
[2026-02-05 03:56:45] Simulating connection to SSID BART-WiFi
[2026-02-05 03:56:45] ⚠️ VPN not active. Initiating simulation/fallback.
[2026-02-05 03:56:45] ✅ Simulated VPN activation successful (flag created).
[2026-02-05 03:56:45] ---- Check complete: PASS (Simulated) ----

[2026-02-05 04:11:50] ---- Starting VPN Auto-Detect/Activate check ----
[2026-02-05 04:11:50] Simulating connection to SSID BART-WiFi
[2026-02-05 04:11:50] ⚠️ VPN not active. Initiating simulation/fallback.
[2026-02-05 04:11:50] ✅ Simulated VPN activation successful (flag created).
[2026-02-05 04:11:50] ---- Check complete: PASS (Simulated) ----

[2026-02-05 04:26:55] ---- Starting VPN Auto-Detect/Activate check ----
[2026-02-05 04:26:55] Simulating connection to SSID BART-WiFi
[2026-02-05 04:26:55] ⚠️ VPN not active. Initiating simulation/fallback.
[2026-02-05 04:26:55] ✅ Simulated VPN activation successful (flag created).
[2026-02-05 04:26:55] ---- Check complete: PASS (Simulated) ----

[2026-02-05 04:42:01] ---- Starting VPN Auto-Detect/Activate check ----
[2026-02-05 04:42:01] Simulating connection to SSID BART-WiFi
[2026-02-05 04:42:01] ⚠️ VPN not active. Initiating simulation/fallback.
[2026-02-05 04:42:01] ✅ Simulated VPN activation successful (flag created).
[2026-02-05 04:42:01] ---- Check complete: PASS (Simulated) ----

[2026-02-05 04:57:06] ---- Starting VPN Auto-Detect/Activate check ----
[2026-02-05 04:57:06] Simulating connection to SSID BART-WiFi
[2026-02-05 04:57:06] ⚠️ VPN not active. Initiating simulation/fallback.
[2026-02-05 04:57:06] ✅ Simulated VPN activation successful (flag created).
[2026-02-05 04:57:06] ---- Check complete: PASS (Simulated) ----

[2026-02-05 05:12:11] ---- Starting VPN Auto-Detect/Activate check ----
[2026-02-05 05:12:11] Simulating connection to SSID BART-WiFi
[2026-02-05 05:12:11] ⚠️ VPN not active. Initiating simulation/fallback.
[2026-02-05 05:12:11] ✅ Simulated VPN activation successful (flag created).
[2026-02-05 05:12:11] ---- Check complete: PASS (Simulated) ----

[2026-02-05 05:27:16] ---- Starting VPN Auto-Detect/Activate check ----
[2026-02-05 05:27:16] Simulating connection to SSID BART-WiFi
[2026-02-05 05:27:16] ⚠️ VPN not active. Initiating simulation/fallback.
[2026-02-05 05:27:16] ✅ Simulated VPN activation successful (flag created).
[2026-02-05 05:27:16] ---- Check complete: PASS (Simulated) ----

[2026-02-05 05:42:21] ---- Starting VPN Auto-Detect/Activate check ----
[2026-02-05 05:42:21] Simulating connection to SSID BART-WiFi
[2026-02-05 05:42:21] ⚠️ VPN not active. Initiating simulation/fallback.
[2026-02-05 05:42:21] ✅ Simulated VPN activation successful (flag created).
[2026-02-05 05:42:21] ---- Check complete: PASS (Simulated) ----

[2026-02-05 05:57:26] ---- Starting VPN Auto-Detect/Activate check ----
[2026-02-05 05:57:26] Simulating connection to SSID BART-WiFi
[2026-02-05 05:57:26] ⚠️ VPN not active. Initiating simulation/fallback.
[2026-02-05 05:57:26] ✅ Simulated VPN activation successful (flag created).
[2026-02-05 05:57:26] ---- Check complete: PASS (Simulated) ----

[2026-02-05 06:12:31] ---- Starting VPN Auto-Detect/Activate check ----
[2026-02-05 06:12:31] Simulating connection to SSID BART-WiFi
[2026-02-05 06:12:31] ⚠️ VPN not active. Initiating simulation/fallback.
[2026-02-05 06:12:31] ✅ Simulated VPN activation successful (flag created).
[2026-02-05 06:12:31] ---- Check complete: PASS (Simulated) ----

[2026-02-05 06:27:36] ---- Starting VPN Auto-Detect/Activate check ----
[2026-02-05 06:27:36] Simulating connection to SSID BART-WiFi
[2026-02-05 06:27:36] ⚠️ VPN not active. Initiating simulation/fallback.
[2026-02-05 06:27:36] ✅ Simulated VPN activation successful (flag created).
[2026-02-05 06:27:36] ---- Check complete: PASS (Simulated) ----

[2026-02-05 06:42:41] ---- Starting VPN Auto-Detect/Activate check ----
[2026-02-05 06:42:41] Simulating connection to SSID BART-WiFi
[2026-02-05 06:42:41] ⚠️ VPN not active. Initiating simulation/fallback.
[2026-02-05 06:42:41] ✅ Simulated VPN activation successful (flag created).
[2026-02-05 06:42:41] ---- Check complete: PASS (Simulated) ----

[2026-02-05 06:57:47] ---- Starting VPN Auto-Detect/Activate check ----
[2026-02-05 06:57:47] Simulating connection to SSID BART-WiFi
[2026-02-05 06:57:47] ⚠️ VPN not active. Initiating simulation/fallback.
[2026-02-05 06:57:47] ✅ Simulated VPN activation successful (flag created).
[2026-02-05 06:57:47] ---- Check complete: PASS (Simulated) ----

[2026-02-05 07:12:52] ---- Starting VPN Auto-Detect/Activate check ----
[2026-02-05 07:12:52] Simulating connection to SSID BART-WiFi
[2026-02-05 07:12:52] ⚠️ VPN not active. Initiating simulation/fallback.
[2026-02-05 07:12:52] ✅ Simulated VPN activation successful (flag created).
[2026-02-05 07:12:52] ---- Check complete: PASS (Simulated) ----

[2026-02-05 07:27:57] ---- Starting VPN Auto-Detect/Activate check ----
[2026-02-05 07:27:57] Simulating connection to SSID BART-WiFi
[2026-02-05 07:27:57] ⚠️ VPN not active. Initiating simulation/fallback.
[2026-02-05 07:27:57] ✅ Simulated VPN activation successful (flag created).
[2026-02-05 07:27:57] ---- Check complete: PASS (Simulated) ----

[2026-02-05 07:43:02] ---- Starting VPN Auto-Detect/Activate check ----
[2026-02-05 07:43:02] Simulating connection to SSID BART-WiFi
[2026-02-05 07:43:02] ⚠️ VPN not active. Initiating simulation/fallback.
[2026-02-05 07:43:02] ✅ Simulated VPN activation successful (flag created).
[2026-02-05 07:43:02] ---- Check complete: PASS (Simulated) ----

[2026-02-05 07:58:07] ---- Starting VPN Auto-Detect/Activate check ----
[2026-02-05 07:58:07] Simulating connection to SSID BART-WiFi
[2026-02-05 07:58:07] ⚠️ VPN not active. Initiating simulation/fallback.
[2026-02-05 07:58:07] ✅ Simulated VPN activation successful (flag created).
[2026-02-05 07:58:07] ---- Check complete: PASS (Simulated) ----

[2026-02-05 08:13:12] ---- Starting VPN Auto-Detect/Activate check ----
[2026-02-05 08:13:12] Simulating connection to SSID BART-WiFi
[2026-02-05 08:13:12] ⚠️ VPN not active. Initiating simulation/fallback.
[2026-02-05 08:13:12] ✅ Simulated VPN activation successful (flag created).
[2026-02-05 08:13:12] ---- Check complete: PASS (Simulated) ----

[2026-02-05 08:28:18] ---- Starting VPN Auto-Detect/Activate check ----
[2026-02-05 08:28:18] Simulating connection to SSID BART-WiFi
[2026-02-05 08:28:18] ⚠️ VPN not active. Initiating simulation/fallback.
[2026-02-05 08:28:18] ✅ Simulated VPN activation successful (flag created).
[2026-02-05 08:28:18] ---- Check complete: PASS (Simulated) ----

[2026-02-05 08:43:22] ---- Starting VPN Auto-Detect/Activate check ----
[2026-02-05 08:43:22] Simulating connection to SSID BART-WiFi
[2026-02-05 08:43:22] ⚠️ VPN not active. Initiating simulation/fallback.
[2026-02-05 08:43:22] ✅ Simulated VPN activation successful (flag created).
[2026-02-05 08:43:22] ---- Check complete: PASS (Simulated) ----

[2026-02-05 08:58:28] ---- Starting VPN Auto-Detect/Activate check ----
[2026-02-05 08:58:28] Simulating connection to SSID BART-WiFi
[2026-02-05 08:58:28] ⚠️ VPN not active. Initiating simulation/fallback.
[2026-02-05 08:58:28] ✅ Simulated VPN activation successful (flag created).
[2026-02-05 08:58:28] ---- Check complete: PASS (Simulated) ----

[2026-02-05 09:13:34] ---- Starting VPN Auto-Detect/Activate check ----
[2026-02-05 09:13:34] Simulating connection to SSID BART-WiFi
[2026-02-05 09:13:34] ⚠️ VPN not active. Initiating simulation/fallback.
[2026-02-05 09:13:34] ✅ Simulated VPN activation successful (flag created).
[2026-02-05 09:13:34] ---- Check complete: PASS (Simulated) ----

[2026-02-05 09:28:38] ---- Starting VPN Auto-Detect/Activate check ----
[2026-02-05 09:28:38] Simulating connection to SSID BART-WiFi
[2026-02-05 09:28:38] ⚠️ VPN not active. Initiating simulation/fallback.
[2026-02-05 09:28:38] ✅ Simulated VPN activation successful (flag created).
[2026-02-05 09:28:38] ---- Check complete: PASS (Simulated) ----

[2026-02-05 09:43:44] ---- Starting VPN Auto-Detect/Activate check ----
[2026-02-05 09:43:44] Simulating connection to SSID BART-WiFi
[2026-02-05 09:43:44] ⚠️ VPN not active. Initiating simulation/fallback.
[2026-02-05 09:43:44] ✅ Simulated VPN activation successful (flag created).
[2026-02-05 09:43:44] ---- Check complete: PASS (Simulated) ----

[2026-02-05 09:58:51] ---- Starting VPN Auto-Detect/Activate check ----
[2026-02-05 09:58:51] Simulating connection to SSID BART-WiFi
[2026-02-05 09:58:51] ⚠️ VPN not active. Initiating simulation/fallback.
[2026-02-05 09:58:51] ✅ Simulated VPN activation successful (flag created).
[2026-02-05 09:58:51] ---- Check complete: PASS (Simulated) ----

[2026-02-05 10:13:56] ---- Starting VPN Auto-Detect/Activate check ----
[2026-02-05 10:13:56] Simulating connection to SSID BART-WiFi
[2026-02-05 10:13:56] ⚠️ VPN not active. Initiating simulation/fallback.
[2026-02-05 10:13:56] ✅ Simulated VPN activation successful (flag created).
[2026-02-05 10:13:56] ---- Check complete: PASS (Simulated) ----

[2026-02-05 10:29:01] ---- Starting VPN Auto-Detect/Activate check ----
[2026-02-05 10:29:01] Simulating connection to SSID BART-WiFi
[2026-02-05 10:29:01] ⚠️ VPN not active. Initiating simulation/fallback.
[2026-02-05 10:29:01] ✅ Simulated VPN activation successful (flag created).
[2026-02-05 10:29:01] ---- Check complete: PASS (Simulated) ----

[2026-02-05 10:44:06] ---- Starting VPN Auto-Detect/Activate check ----
[2026-02-05 10:44:06] Simulating connection to SSID BART-WiFi
[2026-02-05 10:44:06] ⚠️ VPN not active. Initiating simulation/fallback.
[2026-02-05 10:44:06] ✅ Simulated VPN activation successful (flag created).
[2026-02-05 10:44:06] ---- Check complete: PASS (Simulated) ----

[2026-02-05 10:59:13] ---- Starting VPN Auto-Detect/Activate check ----
[2026-02-05 10:59:13] Simulating connection to SSID BART-WiFi
[2026-02-05 10:59:13] ⚠️ VPN not active. Initiating simulation/fallback.
[2026-02-05 10:59:13] ✅ Simulated VPN activation successful (flag created).
[2026-02-05 10:59:13] ---- Check complete: PASS (Simulated) ----

[2026-02-05 11:14:18] ---- Starting VPN Auto-Detect/Activate check ----
[2026-02-05 11:14:18] Simulating connection to SSID BART-WiFi
[2026-02-05 11:14:18] ⚠️ VPN not active. Initiating simulation/fallback.
[2026-02-05 11:14:18] ✅ Simulated VPN activation successful (flag created).
[2026-02-05 11:14:18] ---- Check complete: PASS (Simulated) ----

[2026-02-05 11:29:23] ---- Starting VPN Auto-Detect/Activate check ----
[2026-02-05 11:29:23] Simulating connection to SSID BART-WiFi
[2026-02-05 11:29:23] ⚠️ VPN not active. Initiating simulation/fallback.
[2026-02-05 11:29:23] ✅ Simulated VPN activation successful (flag created).
[2026-02-05 11:29:23] ---- Check complete: PASS (Simulated) ----

[2026-02-05 11:44:28] ---- Starting VPN Auto-Detect/Activate check ----
[2026-02-05 11:44:28] Simulating connection to SSID BART-WiFi
[2026-02-05 11:44:28] ⚠️ VPN not active. Initiating simulation/fallback.
[2026-02-05 11:44:28] ✅ Simulated VPN activation successful (flag created).
[2026-02-05 11:44:28] ---- Check complete: PASS (Simulated) ----

[2026-02-05 11:59:33] ---- Starting VPN Auto-Detect/Activate check ----
[2026-02-05 11:59:33] Simulating connection to SSID BART-WiFi
[2026-02-05 11:59:33] ⚠️ VPN not active. Initiating simulation/fallback.
[2026-02-05 11:59:33] ✅ Simulated VPN activation successful (flag created).
[2026-02-05 11:59:33] ---- Check complete: PASS (Simulated) ----

[2026-02-05 12:14:37] ---- Starting VPN Auto-Detect/Activate check ----
[2026-02-05 12:14:37] Simulating connection to SSID BART-WiFi
[2026-02-05 12:14:37] ⚠️ VPN not active. Initiating simulation/fallback.
[2026-02-05 12:14:37] ✅ Simulated VPN activation successful (flag created).
[2026-02-05 12:14:37] ---- Check complete: PASS (Simulated) ----

[2026-02-05 12:29:42] ---- Starting VPN Auto-Detect/Activate check ----
[2026-02-05 12:29:42] Simulating connection to SSID BART-WiFi
[2026-02-05 12:29:42] ⚠️ VPN not active. Initiating simulation/fallback.
[2026-02-05 12:29:42] ✅ Simulated VPN activation successful (flag created).
[2026-02-05 12:29:42] ---- Check complete: PASS (Simulated) ----

[2026-02-05 12:44:47] ---- Starting VPN Auto-Detect/Activate check ----
[2026-02-05 12:44:47] Simulating connection to SSID BART-WiFi
[2026-02-05 12:44:47] ⚠️ VPN not active. Initiating simulation/fallback.
[2026-02-05 12:44:47] ✅ Simulated VPN activation successful (flag created).
[2026-02-05 12:44:47] ---- Check complete: PASS (Simulated) ----

[2026-02-05 12:59:52] ---- Starting VPN Auto-Detect/Activate check ----
[2026-02-05 12:59:52] Simulating connection to SSID BART-WiFi
[2026-02-05 12:59:52] ⚠️ VPN not active. Initiating simulation/fallback.
[2026-02-05 12:59:52] ✅ Simulated VPN activation successful (flag created).
[2026-02-05 12:59:52] ---- Check complete: PASS (Simulated) ----

[2026-02-05 13:14:57] ---- Starting VPN Auto-Detect/Activate check ----
[2026-02-05 13:14:57] Simulating connection to SSID BART-WiFi
[2026-02-05 13:14:57] ⚠️ VPN not active. Initiating simulation/fallback.
[2026-02-05 13:14:57] ✅ Simulated VPN activation successful (flag created).
[2026-02-05 13:14:57] ---- Check complete: PASS (Simulated) ----

[2026-02-05 13:30:03] ---- Starting VPN Auto-Detect/Activate check ----
[2026-02-05 13:30:03] Simulating connection to SSID BART-WiFi
[2026-02-05 13:30:03] ⚠️ VPN not active. Initiating simulation/fallback.
[2026-02-05 13:30:03] ✅ Simulated VPN activation successful (flag created).
[2026-02-05 13:30:03] ---- Check complete: PASS (Simulated) ----

[2026-02-05 13:45:09] ---- Starting VPN Auto-Detect/Activate check ----
[2026-02-05 13:45:09] Simulating connection to SSID BART-WiFi
[2026-02-05 13:45:09] ⚠️ VPN not active. Initiating simulation/fallback.
[2026-02-05 13:45:09] ✅ Simulated VPN activation successful (flag created).
[2026-02-05 13:45:09] ---- Check complete: PASS (Simulated) ----

[2026-02-05 14:00:15] ---- Starting VPN Auto-Detect/Activate check ----
[2026-02-05 14:00:15] Simulating connection to SSID BART-WiFi
[2026-02-05 14:00:15] ⚠️ VPN not active. Initiating simulation/fallback.
[2026-02-05 14:00:15] ✅ Simulated VPN activation successful (flag created).
[2026-02-05 14:00:15] ---- Check complete: PASS (Simulated) ----

[2026-02-05 14:15:21] ---- Starting VPN Auto-Detect/Activate check ----
[2026-02-05 14:15:21] Simulating connection to SSID BART-WiFi
[2026-02-05 14:15:21] ⚠️ VPN not active. Initiating simulation/fallback.
[2026-02-05 14:15:21] ✅ Simulated VPN activation successful (flag created).
[2026-02-05 14:15:21] ---- Check complete: PASS (Simulated) ----

[2026-02-05 14:30:26] ---- Starting VPN Auto-Detect/Activate check ----
[2026-02-05 14:30:26] Simulating connection to SSID BART-WiFi
[2026-02-05 14:30:26] ⚠️ VPN not active. Initiating simulation/fallback.
[2026-02-05 14:30:26] ✅ Simulated VPN activation successful (flag created).
[2026-02-05 14:30:26] ---- Check complete: PASS (Simulated) ----

[2026-02-05 14:45:31] ---- Starting VPN Auto-Detect/Activate check ----
[2026-02-05 14:45:31] Simulating connection to SSID BART-WiFi
[2026-02-05 14:45:31] ⚠️ VPN not active. Initiating simulation/fallback.
[2026-02-05 14:45:31] ✅ Simulated VPN activation successful (flag created).
[2026-02-05 14:45:31] ---- Check complete: PASS (Simulated) ----

[2026-02-05 15:00:37] ---- Starting VPN Auto-Detect/Activate check ----
[2026-02-05 15:00:37] Simulating connection to SSID BART-WiFi
[2026-02-05 15:00:37] ⚠️ VPN not active. Initiating simulation/fallback.
[2026-02-05 15:00:37] ✅ Simulated VPN activation successful (flag created).
[2026-02-05 15:00:37] ---- Check complete: PASS (Simulated) ----

[2026-02-05 15:15:42] ---- Starting VPN Auto-Detect/Activate check ----
[2026-02-05 15:15:42] Simulating connection to SSID BART-WiFi
[2026-02-05 15:15:42] ⚠️ VPN not active. Initiating simulation/fallback.
[2026-02-05 15:15:42] ✅ Simulated VPN activation successful (flag created).
[2026-02-05 15:15:42] ---- Check complete: PASS (Simulated) ----

[2026-02-05 15:30:49] ---- Starting VPN Auto-Detect/Activate check ----
[2026-02-05 15:30:49] Simulating connection to SSID BART-WiFi
[2026-02-05 15:30:49] ⚠️ VPN not active. Initiating simulation/fallback.
[2026-02-05 15:30:49] ✅ Simulated VPN activation successful (flag created).
[2026-02-05 15:30:49] ---- Check complete: PASS (Simulated) ----

[2026-02-05 15:45:55] ---- Starting VPN Auto-Detect/Activate check ----
[2026-02-05 15:45:55] Simulating connection to SSID BART-WiFi
[2026-02-05 15:45:56] ⚠️ VPN not active. Initiating simulation/fallback.
[2026-02-05 15:45:56] ✅ Simulated VPN activation successful (flag created).
[2026-02-05 15:45:56] ---- Check complete: PASS (Simulated) ----

[2026-02-05 16:01:01] ---- Starting VPN Auto-Detect/Activate check ----
[2026-02-05 16:01:01] Simulating connection to SSID BART-WiFi
[2026-02-05 16:01:01] ⚠️ VPN not active. Initiating simulation/fallback.
[2026-02-05 16:01:01] ✅ Simulated VPN activation successful (flag created).
[2026-02-05 16:01:01] ---- Check complete: PASS (Simulated) ----

[2026-02-05 16:16:07] ---- Starting VPN Auto-Detect/Activate check ----
[2026-02-05 16:16:07] Simulating connection to SSID BART-WiFi
[2026-02-05 16:16:07] ⚠️ VPN not active. Initiating simulation/fallback.
[2026-02-05 16:16:07] ✅ Simulated VPN activation successful (flag created).
[2026-02-05 16:16:07] ---- Check complete: PASS (Simulated) ----

[2026-02-05 16:31:14] ---- Starting VPN Auto-Detect/Activate check ----
[2026-02-05 16:31:14] Simulating connection to SSID BART-WiFi
[2026-02-05 16:31:14] ⚠️ VPN not active. Initiating simulation/fallback.
[2026-02-05 16:31:14] ✅ Simulated VPN activation successful (flag created).
[2026-02-05 16:31:14] ---- Check complete: PASS (Simulated) ----

[2026-02-05 16:46:21] ---- Starting VPN Auto-Detect/Activate check ----
[2026-02-05 16:46:21] Simulating connection to SSID BART-WiFi
[2026-02-05 16:46:21] ⚠️ VPN not active. Initiating simulation/fallback.
[2026-02-05 16:46:21] ✅ Simulated VPN activation successful (flag created).
[2026-02-05 16:46:21] ---- Check complete: PASS (Simulated) ----

[2026-02-05 17:01:26] ---- Starting VPN Auto-Detect/Activate check ----
[2026-02-05 17:01:26] Simulating connection to SSID BART-WiFi
[2026-02-05 17:01:26] ⚠️ VPN not active. Initiating simulation/fallback.
[2026-02-05 17:01:26] ✅ Simulated VPN activation successful (flag created).
[2026-02-05 17:01:26] ---- Check complete: PASS (Simulated) ----

[2026-02-05 17:16:32] ---- Starting VPN Auto-Detect/Activate check ----
[2026-02-05 17:16:32] Simulating connection to SSID BART-WiFi
[2026-02-05 17:16:32] ⚠️ VPN not active. Initiating simulation/fallback.
[2026-02-05 17:16:32] ✅ Simulated VPN activation successful (flag created).
[2026-02-05 17:16:32] ---- Check complete: PASS (Simulated) ----

[2026-02-05 17:31:38] ---- Starting VPN Auto-Detect/Activate check ----
[2026-02-05 17:31:38] Simulating connection to SSID BART-WiFi
[2026-02-05 17:31:38] ⚠️ VPN not active. Initiating simulation/fallback.
[2026-02-05 17:31:38] ✅ Simulated VPN activation successful (flag created).
[2026-02-05 17:31:38] ---- Check complete: PASS (Simulated) ----

[2026-02-05 17:46:42] ---- Starting VPN Auto-Detect/Activate check ----
[2026-02-05 17:46:42] Simulating connection to SSID BART-WiFi
[2026-02-05 17:46:42] ⚠️ VPN not active. Initiating simulation/fallback.
[2026-02-05 17:46:42] ✅ Simulated VPN activation successful (flag created).
[2026-02-05 17:46:42] ---- Check complete: PASS (Simulated) ----

[2026-02-05 18:01:48] ---- Starting VPN Auto-Detect/Activate check ----
[2026-02-05 18:01:48] Simulating connection to SSID BART-WiFi
[2026-02-05 18:01:48] ⚠️ VPN not active. Initiating simulation/fallback.
[2026-02-05 18:01:48] ✅ Simulated VPN activation successful (flag created).
[2026-02-05 18:01:48] ---- Check complete: PASS (Simulated) ----

[2026-02-05 18:16:54] ---- Starting VPN Auto-Detect/Activate check ----
[2026-02-05 18:16:54] Simulating connection to SSID BART-WiFi
[2026-02-05 18:16:54] ⚠️ VPN not active. Initiating simulation/fallback.
[2026-02-05 18:16:54] ✅ Simulated VPN activation successful (flag created).
[2026-02-05 18:16:54] ---- Check complete: PASS (Simulated) ----

[2026-02-05 18:31:58] ---- Starting VPN Auto-Detect/Activate check ----
[2026-02-05 18:31:58] Simulating connection to SSID BART-WiFi
[2026-02-05 18:31:58] ⚠️ VPN not active. Initiating simulation/fallback.
[2026-02-05 18:31:58] ✅ Simulated VPN activation successful (flag created).
[2026-02-05 18:31:58] ---- Check complete: PASS (Simulated) ----

[2026-02-05 18:47:03] ---- Starting VPN Auto-Detect/Activate check ----
[2026-02-05 18:47:03] Simulating connection to SSID BART-WiFi
[2026-02-05 18:47:03] ⚠️ VPN not active. Initiating simulation/fallback.
[2026-02-05 18:47:03] ✅ Simulated VPN activation successful (flag created).
[2026-02-05 18:47:03] ---- Check complete: PASS (Simulated) ----

[2026-02-05 19:02:08] ---- Starting VPN Auto-Detect/Activate check ----
[2026-02-05 19:02:08] Simulating connection to SSID BART-WiFi
[2026-02-05 19:02:08] ⚠️ VPN not active. Initiating simulation/fallback.
[2026-02-05 19:02:08] ✅ Simulated VPN activation successful (flag created).
[2026-02-05 19:02:08] ---- Check complete: PASS (Simulated) ----

[2026-02-05 19:17:13] ---- Starting VPN Auto-Detect/Activate check ----
[2026-02-05 19:17:13] Simulating connection to SSID BART-WiFi
[2026-02-05 19:17:14] ⚠️ VPN not active. Initiating simulation/fallback.
[2026-02-05 19:17:14] ✅ Simulated VPN activation successful (flag created).
[2026-02-05 19:17:14] ---- Check complete: PASS (Simulated) ----

[2026-02-05 19:32:18] ---- Starting VPN Auto-Detect/Activate check ----
[2026-02-05 19:32:18] Simulating connection to SSID BART-WiFi
[2026-02-05 19:32:18] ⚠️ VPN not active. Initiating simulation/fallback.
[2026-02-05 19:32:18] ✅ Simulated VPN activation successful (flag created).
[2026-02-05 19:32:18] ---- Check complete: PASS (Simulated) ----

[2026-02-05 19:47:23] ---- Starting VPN Auto-Detect/Activate check ----
[2026-02-05 19:47:23] Simulating connection to SSID BART-WiFi
[2026-02-05 19:47:23] ⚠️ VPN not active. Initiating simulation/fallback.
[2026-02-05 19:47:23] ✅ Simulated VPN activation successful (flag created).
[2026-02-05 19:47:23] ---- Check complete: PASS (Simulated) ----

[2026-02-05 20:02:29] ---- Starting VPN Auto-Detect/Activate check ----
[2026-02-05 20:02:29] Simulating connection to SSID BART-WiFi
[2026-02-05 20:02:29] ⚠️ VPN not active. Initiating simulation/fallback.
[2026-02-05 20:02:29] ✅ Simulated VPN activation successful (flag created).
[2026-02-05 20:02:29] ---- Check complete: PASS (Simulated) ----

[2026-02-05 20:17:34] ---- Starting VPN Auto-Detect/Activate check ----
[2026-02-05 20:17:34] Simulating connection to SSID BART-WiFi
[2026-02-05 20:17:34] ⚠️ VPN not active. Initiating simulation/fallback.
[2026-02-05 20:17:34] ✅ Simulated VPN activation successful (flag created).
[2026-02-05 20:17:34] ---- Check complete: PASS (Simulated) ----

[2026-02-05 20:32:38] ---- Starting VPN Auto-Detect/Activate check ----
[2026-02-05 20:32:38] Simulating connection to SSID BART-WiFi
[2026-02-05 20:32:38] ⚠️ VPN not active. Initiating simulation/fallback.
[2026-02-05 20:32:38] ✅ Simulated VPN activation successful (flag created).
[2026-02-05 20:32:38] ---- Check complete: PASS (Simulated) ----

[2026-02-05 20:47:43] ---- Starting VPN Auto-Detect/Activate check ----
[2026-02-05 20:47:43] Simulating connection to SSID BART-WiFi
[2026-02-05 20:47:43] ⚠️ VPN not active. Initiating simulation/fallback.
[2026-02-05 20:47:43] ✅ Simulated VPN activation successful (flag created).
[2026-02-05 20:47:43] ---- Check complete: PASS (Simulated) ----

[2026-02-05 21:02:49] ---- Starting VPN Auto-Detect/Activate check ----
[2026-02-05 21:02:49] Simulating connection to SSID BART-WiFi
[2026-02-05 21:02:49] ⚠️ VPN not active. Initiating simulation/fallback.
[2026-02-05 21:02:49] ✅ Simulated VPN activation successful (flag created).
[2026-02-05 21:02:49] ---- Check complete: PASS (Simulated) ----

[2026-02-05 21:17:54] ---- Starting VPN Auto-Detect/Activate check ----
[2026-02-05 21:17:54] Simulating connection to SSID BART-WiFi
[2026-02-05 21:17:54] ⚠️ VPN not active. Initiating simulation/fallback.
[2026-02-05 21:17:54] ✅ Simulated VPN activation successful (flag created).
[2026-02-05 21:17:54] ---- Check complete: PASS (Simulated) ----

[2026-02-05 21:32:58] ---- Starting VPN Auto-Detect/Activate check ----
[2026-02-05 21:32:59] Simulating connection to SSID BART-WiFi
[2026-02-05 21:32:59] ⚠️ VPN not active. Initiating simulation/fallback.
[2026-02-05 21:32:59] ✅ Simulated VPN activation successful (flag created).
[2026-02-05 21:32:59] ---- Check complete: PASS (Simulated) ----

[2026-02-05 21:48:04] ---- Starting VPN Auto-Detect/Activate check ----
[2026-02-05 21:48:04] Simulating connection to SSID BART-WiFi
[2026-02-05 21:48:04] ⚠️ VPN not active. Initiating simulation/fallback.
[2026-02-05 21:48:04] ✅ Simulated VPN activation successful (flag created).
[2026-02-05 21:48:04] ---- Check complete: PASS (Simulated) ----

[2026-02-05 22:03:09] ---- Starting VPN Auto-Detect/Activate check ----
[2026-02-05 22:03:09] Simulating connection to SSID BART-WiFi
[2026-02-05 22:03:09] ⚠️ VPN not active. Initiating simulation/fallback.
[2026-02-05 22:03:09] ✅ Simulated VPN activation successful (flag created).
[2026-02-05 22:03:09] ---- Check complete: PASS (Simulated) ----

[2026-02-05 22:18:13] ---- Starting VPN Auto-Detect/Activate check ----
[2026-02-05 22:18:13] Simulating connection to SSID BART-WiFi
[2026-02-05 22:18:13] ⚠️ VPN not active. Initiating simulation/fallback.
[2026-02-05 22:18:13] ✅ Simulated VPN activation successful (flag created).
[2026-02-05 22:18:13] ---- Check complete: PASS (Simulated) ----

[2026-02-05 22:33:18] ---- Starting VPN Auto-Detect/Activate check ----
[2026-02-05 22:33:18] Simulating connection to SSID BART-WiFi
[2026-02-05 22:33:18] ⚠️ VPN not active. Initiating simulation/fallback.
[2026-02-05 22:33:18] ✅ Simulated VPN activation successful (flag created).
[2026-02-05 22:33:18] ---- Check complete: PASS (Simulated) ----

[2026-02-05 22:48:23] ---- Starting VPN Auto-Detect/Activate check ----
[2026-02-05 22:48:23] Simulating connection to SSID BART-WiFi
[2026-02-05 22:48:23] ⚠️ VPN not active. Initiating simulation/fallback.
[2026-02-05 22:48:23] ✅ Simulated VPN activation successful (flag created).
[2026-02-05 22:48:23] ---- Check complete: PASS (Simulated) ----

[2026-02-05 23:03:28] ---- Starting VPN Auto-Detect/Activate check ----
[2026-02-05 23:03:28] Simulating connection to SSID BART-WiFi
[2026-02-05 23:03:28] ⚠️ VPN not active. Initiating simulation/fallback.
[2026-02-05 23:03:28] ✅ Simulated VPN activation successful (flag created).
[2026-02-05 23:03:28] ---- Check complete: PASS (Simulated) ----

[2026-02-05 23:18:32] ---- Starting VPN Auto-Detect/Activate check ----
[2026-02-05 23:18:32] Simulating connection to SSID BART-WiFi
[2026-02-05 23:18:32] ⚠️ VPN not active. Initiating simulation/fallback.
[2026-02-05 23:18:32] ✅ Simulated VPN activation successful (flag created).
[2026-02-05 23:18:32] ---- Check complete: PASS (Simulated) ----

[2026-02-05 23:33:37] ---- Starting VPN Auto-Detect/Activate check ----
[2026-02-05 23:33:37] Simulating connection to SSID BART-WiFi
[2026-02-05 23:33:37] ⚠️ VPN not active. Initiating simulation/fallback.
[2026-02-05 23:33:37] ✅ Simulated VPN activation successful (flag created).
[2026-02-05 23:33:37] ---- Check complete: PASS (Simulated) ----

[2026-02-05 23:48:42] ---- Starting VPN Auto-Detect/Activate check ----
[2026-02-05 23:48:42] Simulating connection to SSID BART-WiFi
[2026-02-05 23:48:42] ⚠️ VPN not active. Initiating simulation/fallback.
[2026-02-05 23:48:42] ✅ Simulated VPN activation successful (flag created).
[2026-02-05 23:48:42] ---- Check complete: PASS (Simulated) ----

[2026-02-06 00:03:47] ---- Starting VPN Auto-Detect/Activate check ----
[2026-02-06 00:03:47] Simulating connection to SSID BART-WiFi
[2026-02-06 00:03:47] ⚠️ VPN not active. Initiating simulation/fallback.
[2026-02-06 00:03:47] ✅ Simulated VPN activation successful (flag created).
[2026-02-06 00:03:47] ---- Check complete: PASS (Simulated) ----

[2026-02-06 00:18:52] ---- Starting VPN Auto-Detect/Activate check ----
[2026-02-06 00:18:52] Simulating connection to SSID BART-WiFi
[2026-02-06 00:18:52] ⚠️ VPN not active. Initiating simulation/fallback.
[2026-02-06 00:18:52] ✅ Simulated VPN activation successful (flag created).
[2026-02-06 00:18:52] ---- Check complete: PASS (Simulated) ----

[2026-02-06 00:33:57] ---- Starting VPN Auto-Detect/Activate check ----
[2026-02-06 00:33:57] Simulating connection to SSID BART-WiFi
[2026-02-06 00:33:57] ⚠️ VPN not active. Initiating simulation/fallback.
[2026-02-06 00:33:57] ✅ Simulated VPN activation successful (flag created).
[2026-02-06 00:33:57] ---- Check complete: PASS (Simulated) ----

[2026-02-06 00:49:02] ---- Starting VPN Auto-Detect/Activate check ----
[2026-02-06 00:49:02] Simulating connection to SSID BART-WiFi
[2026-02-06 00:49:02] ⚠️ VPN not active. Initiating simulation/fallback.
[2026-02-06 00:49:02] ✅ Simulated VPN activation successful (flag created).
[2026-02-06 00:49:02] ---- Check complete: PASS (Simulated) ----

[2026-02-06 01:04:07] ---- Starting VPN Auto-Detect/Activate check ----
[2026-02-06 01:04:07] Simulating connection to SSID BART-WiFi
[2026-02-06 01:04:07] ⚠️ VPN not active. Initiating simulation/fallback.
[2026-02-06 01:04:07] ✅ Simulated VPN activation successful (flag created).
[2026-02-06 01:04:07] ---- Check complete: PASS (Simulated) ----

[2026-02-06 01:19:12] ---- Starting VPN Auto-Detect/Activate check ----
[2026-02-06 01:19:12] Simulating connection to SSID BART-WiFi
[2026-02-06 01:19:12] ⚠️ VPN not active. Initiating simulation/fallback.
[2026-02-06 01:19:12] ✅ Simulated VPN activation successful (flag created).
[2026-02-06 01:19:12] ---- Check complete: PASS (Simulated) ----

[2026-02-06 01:34:17] ---- Starting VPN Auto-Detect/Activate check ----
[2026-02-06 01:34:17] Simulating connection to SSID BART-WiFi
[2026-02-06 01:34:17] ⚠️ VPN not active. Initiating simulation/fallback.
[2026-02-06 01:34:17] ✅ Simulated VPN activation successful (flag created).
[2026-02-06 01:34:17] ---- Check complete: PASS (Simulated) ----

[2026-02-06 01:49:22] ---- Starting VPN Auto-Detect/Activate check ----
[2026-02-06 01:49:22] Simulating connection to SSID BART-WiFi
[2026-02-06 01:49:22] ⚠️ VPN not active. Initiating simulation/fallback.
[2026-02-06 01:49:22] ✅ Simulated VPN activation successful (flag created).
[2026-02-06 01:49:22] ---- Check complete: PASS (Simulated) ----

[2026-02-06 02:04:27] ---- Starting VPN Auto-Detect/Activate check ----
[2026-02-06 02:04:27] Simulating connection to SSID BART-WiFi
[2026-02-06 02:04:27] ⚠️ VPN not active. Initiating simulation/fallback.
[2026-02-06 02:04:27] ✅ Simulated VPN activation successful (flag created).
[2026-02-06 02:04:27] ---- Check complete: PASS (Simulated) ----

[2026-02-06 02:19:31] ---- Starting VPN Auto-Detect/Activate check ----
[2026-02-06 02:19:31] Simulating connection to SSID BART-WiFi
[2026-02-06 02:19:31] ⚠️ VPN not active. Initiating simulation/fallback.
[2026-02-06 02:19:31] ✅ Simulated VPN activation successful (flag created).
[2026-02-06 02:19:31] ---- Check complete: PASS (Simulated) ----

[2026-02-06 02:34:35] ---- Starting VPN Auto-Detect/Activate check ----
[2026-02-06 02:34:35] Simulating connection to SSID BART-WiFi
[2026-02-06 02:34:35] ⚠️ VPN not active. Initiating simulation/fallback.
[2026-02-06 02:34:35] ✅ Simulated VPN activation successful (flag created).
[2026-02-06 02:34:35] ---- Check complete: PASS (Simulated) ----

[2026-02-06 02:49:40] ---- Starting VPN Auto-Detect/Activate check ----
[2026-02-06 02:49:40] Simulating connection to SSID BART-WiFi
[2026-02-06 02:49:40] ⚠️ VPN not active. Initiating simulation/fallback.
[2026-02-06 02:49:40] ✅ Simulated VPN activation successful (flag created).
[2026-02-06 02:49:40] ---- Check complete: PASS (Simulated) ----

[2026-02-06 03:04:44] ---- Starting VPN Auto-Detect/Activate check ----
[2026-02-06 03:04:44] Simulating connection to SSID BART-WiFi
[2026-02-06 03:04:44] ⚠️ VPN not active. Initiating simulation/fallback.
[2026-02-06 03:04:44] ✅ Simulated VPN activation successful (flag created).
[2026-02-06 03:04:44] ---- Check complete: PASS (Simulated) ----

[2026-02-06 03:19:49] ---- Starting VPN Auto-Detect/Activate check ----
[2026-02-06 03:19:49] Simulating connection to SSID BART-WiFi
[2026-02-06 03:19:49] ⚠️ VPN not active. Initiating simulation/fallback.
[2026-02-06 03:19:49] ✅ Simulated VPN activation successful (flag created).
[2026-02-06 03:19:49] ---- Check complete: PASS (Simulated) ----

[2026-02-06 03:34:54] ---- Starting VPN Auto-Detect/Activate check ----
[2026-02-06 03:34:54] Simulating connection to SSID BART-WiFi
[2026-02-06 03:34:54] ⚠️ VPN not active. Initiating simulation/fallback.
[2026-02-06 03:34:54] ✅ Simulated VPN activation successful (flag created).
[2026-02-06 03:34:54] ---- Check complete: PASS (Simulated) ----

[2026-02-06 03:49:59] ---- Starting VPN Auto-Detect/Activate check ----
[2026-02-06 03:49:59] Simulating connection to SSID BART-WiFi
[2026-02-06 03:49:59] ⚠️ VPN not active. Initiating simulation/fallback.
[2026-02-06 03:49:59] ✅ Simulated VPN activation successful (flag created).
[2026-02-06 03:49:59] ---- Check complete: PASS (Simulated) ----

[2026-02-06 04:05:04] ---- Starting VPN Auto-Detect/Activate check ----
[2026-02-06 04:05:04] Simulating connection to SSID BART-WiFi
[2026-02-06 04:05:04] ⚠️ VPN not active. Initiating simulation/fallback.
[2026-02-06 04:05:04] ✅ Simulated VPN activation successful (flag created).
[2026-02-06 04:05:04] ---- Check complete: PASS (Simulated) ----

[2026-02-06 04:20:09] ---- Starting VPN Auto-Detect/Activate check ----
[2026-02-06 04:20:09] Simulating connection to SSID BART-WiFi
[2026-02-06 04:20:09] ⚠️ VPN not active. Initiating simulation/fallback.
[2026-02-06 04:20:09] ✅ Simulated VPN activation successful (flag created).
[2026-02-06 04:20:09] ---- Check complete: PASS (Simulated) ----

[2026-02-06 04:35:15] ---- Starting VPN Auto-Detect/Activate check ----
[2026-02-06 04:35:15] Simulating connection to SSID BART-WiFi
[2026-02-06 04:35:15] ⚠️ VPN not active. Initiating simulation/fallback.
[2026-02-06 04:35:15] ✅ Simulated VPN activation successful (flag created).
[2026-02-06 04:35:15] ---- Check complete: PASS (Simulated) ----

[2026-02-06 04:50:20] ---- Starting VPN Auto-Detect/Activate check ----
[2026-02-06 04:50:20] Simulating connection to SSID BART-WiFi
[2026-02-06 04:50:20] ⚠️ VPN not active. Initiating simulation/fallback.
[2026-02-06 04:50:20] ✅ Simulated VPN activation successful (flag created).
[2026-02-06 04:50:20] ---- Check complete: PASS (Simulated) ----

[2026-02-06 05:05:25] ---- Starting VPN Auto-Detect/Activate check ----
[2026-02-06 05:05:25] Simulating connection to SSID BART-WiFi
[2026-02-06 05:05:25] ⚠️ VPN not active. Initiating simulation/fallback.
[2026-02-06 05:05:25] ✅ Simulated VPN activation successful (flag created).
[2026-02-06 05:05:25] ---- Check complete: PASS (Simulated) ----

[2026-02-06 05:20:29] ---- Starting VPN Auto-Detect/Activate check ----
[2026-02-06 05:20:29] Simulating connection to SSID BART-WiFi
[2026-02-06 05:20:29] ⚠️ VPN not active. Initiating simulation/fallback.
[2026-02-06 05:20:29] ✅ Simulated VPN activation successful (flag created).
[2026-02-06 05:20:29] ---- Check complete: PASS (Simulated) ----

[2026-02-06 05:35:34] ---- Starting VPN Auto-Detect/Activate check ----
[2026-02-06 05:35:34] Simulating connection to SSID BART-WiFi
[2026-02-06 05:35:34] ⚠️ VPN not active. Initiating simulation/fallback.
[2026-02-06 05:35:34] ✅ Simulated VPN activation successful (flag created).
[2026-02-06 05:35:34] ---- Check complete: PASS (Simulated) ----

[2026-02-06 05:50:38] ---- Starting VPN Auto-Detect/Activate check ----
[2026-02-06 05:50:38] Simulating connection to SSID BART-WiFi
[2026-02-06 05:50:38] ⚠️ VPN not active. Initiating simulation/fallback.
[2026-02-06 05:50:38] ✅ Simulated VPN activation successful (flag created).
[2026-02-06 05:50:38] ---- Check complete: PASS (Simulated) ----

[2026-02-06 06:05:44] ---- Starting VPN Auto-Detect/Activate check ----
[2026-02-06 06:05:44] Simulating connection to SSID BART-WiFi
[2026-02-06 06:05:44] ⚠️ VPN not active. Initiating simulation/fallback.
[2026-02-06 06:05:44] ✅ Simulated VPN activation successful (flag created).
[2026-02-06 06:05:44] ---- Check complete: PASS (Simulated) ----

[2026-02-06 06:20:50] ---- Starting VPN Auto-Detect/Activate check ----
[2026-02-06 06:20:50] Simulating connection to SSID BART-WiFi
[2026-02-06 06:20:50] ⚠️ VPN not active. Initiating simulation/fallback.
[2026-02-06 06:20:50] ✅ Simulated VPN activation successful (flag created).
[2026-02-06 06:20:50] ---- Check complete: PASS (Simulated) ----

[2026-02-06 06:35:55] ---- Starting VPN Auto-Detect/Activate check ----
[2026-02-06 06:35:55] Simulating connection to SSID BART-WiFi
[2026-02-06 06:35:55] ⚠️ VPN not active. Initiating simulation/fallback.
[2026-02-06 06:35:55] ✅ Simulated VPN activation successful (flag created).
[2026-02-06 06:35:55] ---- Check complete: PASS (Simulated) ----

[2026-02-06 06:51:00] ---- Starting VPN Auto-Detect/Activate check ----
[2026-02-06 06:51:00] Simulating connection to SSID BART-WiFi
[2026-02-06 06:51:00] ⚠️ VPN not active. Initiating simulation/fallback.
[2026-02-06 06:51:00] ✅ Simulated VPN activation successful (flag created).
[2026-02-06 06:51:00] ---- Check complete: PASS (Simulated) ----

[2026-02-06 07:06:05] ---- Starting VPN Auto-Detect/Activate check ----
[2026-02-06 07:06:05] Simulating connection to SSID BART-WiFi
[2026-02-06 07:06:05] ⚠️ VPN not active. Initiating simulation/fallback.
[2026-02-06 07:06:05] ✅ Simulated VPN activation successful (flag created).
[2026-02-06 07:06:05] ---- Check complete: PASS (Simulated) ----

[2026-02-06 07:21:10] ---- Starting VPN Auto-Detect/Activate check ----
[2026-02-06 07:21:10] Simulating connection to SSID BART-WiFi
[2026-02-06 07:21:10] ⚠️ VPN not active. Initiating simulation/fallback.
[2026-02-06 07:21:10] ✅ Simulated VPN activation successful (flag created).
[2026-02-06 07:21:10] ---- Check complete: PASS (Simulated) ----

[2026-02-06 07:36:16] ---- Starting VPN Auto-Detect/Activate check ----
[2026-02-06 07:36:16] Simulating connection to SSID BART-WiFi
[2026-02-06 07:36:16] ⚠️ VPN not active. Initiating simulation/fallback.
[2026-02-06 07:36:16] ✅ Simulated VPN activation successful (flag created).
[2026-02-06 07:36:16] ---- Check complete: PASS (Simulated) ----

[2026-02-06 07:51:24] ---- Starting VPN Auto-Detect/Activate check ----
[2026-02-06 07:51:24] Simulating connection to SSID BART-WiFi
[2026-02-06 07:51:24] ⚠️ VPN not active. Initiating simulation/fallback.
[2026-02-06 07:51:24] ✅ Simulated VPN activation successful (flag created).
[2026-02-06 07:51:24] ---- Check complete: PASS (Simulated) ----

[2026-02-06 08:06:29] ---- Starting VPN Auto-Detect/Activate check ----
[2026-02-06 08:06:29] Simulating connection to SSID BART-WiFi
[2026-02-06 08:06:29] ⚠️ VPN not active. Initiating simulation/fallback.
[2026-02-06 08:06:29] ✅ Simulated VPN activation successful (flag created).
[2026-02-06 08:06:29] ---- Check complete: PASS (Simulated) ----

[2026-02-06 08:21:34] ---- Starting VPN Auto-Detect/Activate check ----
[2026-02-06 08:21:34] Simulating connection to SSID BART-WiFi
[2026-02-06 08:21:34] ⚠️ VPN not active. Initiating simulation/fallback.
[2026-02-06 08:21:34] ✅ Simulated VPN activation successful (flag created).
[2026-02-06 08:21:34] ---- Check complete: PASS (Simulated) ----

[2026-02-06 08:36:39] ---- Starting VPN Auto-Detect/Activate check ----
[2026-02-06 08:36:39] Simulating connection to SSID BART-WiFi
[2026-02-06 08:36:39] ⚠️ VPN not active. Initiating simulation/fallback.
[2026-02-06 08:36:39] ✅ Simulated VPN activation successful (flag created).
[2026-02-06 08:36:39] ---- Check complete: PASS (Simulated) ----

[2026-02-06 08:51:44] ---- Starting VPN Auto-Detect/Activate check ----
[2026-02-06 08:51:44] Simulating connection to SSID BART-WiFi
[2026-02-06 08:51:44] ⚠️ VPN not active. Initiating simulation/fallback.
[2026-02-06 08:51:44] ✅ Simulated VPN activation successful (flag created).
[2026-02-06 08:51:44] ---- Check complete: PASS (Simulated) ----

[2026-02-06 09:06:49] ---- Starting VPN Auto-Detect/Activate check ----
[2026-02-06 09:06:49] Simulating connection to SSID BART-WiFi
[2026-02-06 09:06:49] ⚠️ VPN not active. Initiating simulation/fallback.
[2026-02-06 09:06:49] ✅ Simulated VPN activation successful (flag created).
[2026-02-06 09:06:49] ---- Check complete: PASS (Simulated) ----

[2026-02-06 09:21:54] ---- Starting VPN Auto-Detect/Activate check ----
[2026-02-06 09:21:54] Simulating connection to SSID BART-WiFi
[2026-02-06 09:21:54] ⚠️ VPN not active. Initiating simulation/fallback.
[2026-02-06 09:21:54] ✅ Simulated VPN activation successful (flag created).
[2026-02-06 09:21:54] ---- Check complete: PASS (Simulated) ----

[2026-02-06 09:36:59] ---- Starting VPN Auto-Detect/Activate check ----
[2026-02-06 09:36:59] Simulating connection to SSID BART-WiFi
[2026-02-06 09:36:59] ⚠️ VPN not active. Initiating simulation/fallback.
[2026-02-06 09:36:59] ✅ Simulated VPN activation successful (flag created).
[2026-02-06 09:36:59] ---- Check complete: PASS (Simulated) ----

[2026-02-06 09:52:06] ---- Starting VPN Auto-Detect/Activate check ----
[2026-02-06 09:52:06] Simulating connection to SSID BART-WiFi
[2026-02-06 09:52:06] ⚠️ VPN not active. Initiating simulation/fallback.
[2026-02-06 09:52:06] ✅ Simulated VPN activation successful (flag created).
[2026-02-06 09:52:06] ---- Check complete: PASS (Simulated) ----

[2026-02-06 10:07:10] ---- Starting VPN Auto-Detect/Activate check ----
[2026-02-06 10:07:10] Simulating connection to SSID BART-WiFi
[2026-02-06 10:07:10] ⚠️ VPN not active. Initiating simulation/fallback.
[2026-02-06 10:07:10] ✅ Simulated VPN activation successful (flag created).
[2026-02-06 10:07:10] ---- Check complete: PASS (Simulated) ----

[2026-02-06 10:22:15] ---- Starting VPN Auto-Detect/Activate check ----
[2026-02-06 10:22:15] Simulating connection to SSID BART-WiFi
[2026-02-06 10:22:15] ⚠️ VPN not active. Initiating simulation/fallback.
[2026-02-06 10:22:15] ✅ Simulated VPN activation successful (flag created).
[2026-02-06 10:22:15] ---- Check complete: PASS (Simulated) ----

[2026-02-06 10:37:20] ---- Starting VPN Auto-Detect/Activate check ----
[2026-02-06 10:37:20] Simulating connection to SSID BART-WiFi
[2026-02-06 10:37:20] ⚠️ VPN not active. Initiating simulation/fallback.
[2026-02-06 10:37:20] ✅ Simulated VPN activation successful (flag created).
[2026-02-06 10:37:20] ---- Check complete: PASS (Simulated) ----

[2026-02-06 10:52:25] ---- Starting VPN Auto-Detect/Activate check ----
[2026-02-06 10:52:25] Simulating connection to SSID BART-WiFi
[2026-02-06 10:52:25] ⚠️ VPN not active. Initiating simulation/fallback.
[2026-02-06 10:52:25] ✅ Simulated VPN activation successful (flag created).
[2026-02-06 10:52:25] ---- Check complete: PASS (Simulated) ----

[2026-02-06 11:07:30] ---- Starting VPN Auto-Detect/Activate check ----
[2026-02-06 11:07:30] Simulating connection to SSID BART-WiFi
[2026-02-06 11:07:30] ⚠️ VPN not active. Initiating simulation/fallback.
[2026-02-06 11:07:30] ✅ Simulated VPN activation successful (flag created).
[2026-02-06 11:07:30] ---- Check complete: PASS (Simulated) ----

[2026-02-06 11:22:35] ---- Starting VPN Auto-Detect/Activate check ----
[2026-02-06 11:22:35] Simulating connection to SSID BART-WiFi
[2026-02-06 11:22:35] ⚠️ VPN not active. Initiating simulation/fallback.
[2026-02-06 11:22:35] ✅ Simulated VPN activation successful (flag created).
[2026-02-06 11:22:35] ---- Check complete: PASS (Simulated) ----

[2026-02-06 11:37:41] ---- Starting VPN Auto-Detect/Activate check ----
[2026-02-06 11:37:41] Simulating connection to SSID BART-WiFi
[2026-02-06 11:37:41] ⚠️ VPN not active. Initiating simulation/fallback.
[2026-02-06 11:37:41] ✅ Simulated VPN activation successful (flag created).
[2026-02-06 11:37:41] ---- Check complete: PASS (Simulated) ----

[2026-02-06 11:52:45] ---- Starting VPN Auto-Detect/Activate check ----
[2026-02-06 11:52:45] Simulating connection to SSID BART-WiFi
[2026-02-06 11:52:45] ⚠️ VPN not active. Initiating simulation/fallback.
[2026-02-06 11:52:45] ✅ Simulated VPN activation successful (flag created).
[2026-02-06 11:52:45] ---- Check complete: PASS (Simulated) ----

[2026-02-06 12:07:51] ---- Starting VPN Auto-Detect/Activate check ----
[2026-02-06 12:07:51] Simulating connection to SSID BART-WiFi
[2026-02-06 12:07:51] ⚠️ VPN not active. Initiating simulation/fallback.
[2026-02-06 12:07:51] ✅ Simulated VPN activation successful (flag created).
[2026-02-06 12:07:51] ---- Check complete: PASS (Simulated) ----

[2026-02-06 12:22:56] ---- Starting VPN Auto-Detect/Activate check ----
[2026-02-06 12:22:56] Simulating connection to SSID BART-WiFi
[2026-02-06 12:22:56] ⚠️ VPN not active. Initiating simulation/fallback.
[2026-02-06 12:22:56] ✅ Simulated VPN activation successful (flag created).
[2026-02-06 12:22:56] ---- Check complete: PASS (Simulated) ----

[2026-02-06 12:38:02] ---- Starting VPN Auto-Detect/Activate check ----
[2026-02-06 12:38:02] Simulating connection to SSID BART-WiFi
[2026-02-06 12:38:02] ⚠️ VPN not active. Initiating simulation/fallback.
[2026-02-06 12:38:02] ✅ Simulated VPN activation successful (flag created).
[2026-02-06 12:38:02] ---- Check complete: PASS (Simulated) ----

[2026-02-06 12:53:10] ---- Starting VPN Auto-Detect/Activate check ----
[2026-02-06 12:53:10] Simulating connection to SSID BART-WiFi
[2026-02-06 12:53:10] ⚠️ VPN not active. Initiating simulation/fallback.
[2026-02-06 12:53:10] ✅ Simulated VPN activation successful (flag created).
[2026-02-06 12:53:10] ---- Check complete: PASS (Simulated) ----

[2026-02-06 13:08:16] ---- Starting VPN Auto-Detect/Activate check ----
[2026-02-06 13:08:16] Simulating connection to SSID BART-WiFi
[2026-02-06 13:08:16] ⚠️ VPN not active. Initiating simulation/fallback.
[2026-02-06 13:08:16] ✅ Simulated VPN activation successful (flag created).
[2026-02-06 13:08:16] ---- Check complete: PASS (Simulated) ----

[2026-02-06 13:23:20] ---- Starting VPN Auto-Detect/Activate check ----
[2026-02-06 13:23:20] Simulating connection to SSID BART-WiFi
[2026-02-06 13:23:20] ⚠️ VPN not active. Initiating simulation/fallback.
[2026-02-06 13:23:20] ✅ Simulated VPN activation successful (flag created).
[2026-02-06 13:23:20] ---- Check complete: PASS (Simulated) ----

[2026-02-06 13:38:25] ---- Starting VPN Auto-Detect/Activate check ----
[2026-02-06 13:38:25] Simulating connection to SSID BART-WiFi
[2026-02-06 13:38:25] ⚠️ VPN not active. Initiating simulation/fallback.
[2026-02-06 13:38:25] ✅ Simulated VPN activation successful (flag created).
[2026-02-06 13:38:25] ---- Check complete: PASS (Simulated) ----

[2026-02-06 13:53:30] ---- Starting VPN Auto-Detect/Activate check ----
[2026-02-06 13:53:30] Simulating connection to SSID BART-WiFi
[2026-02-06 13:53:30] ⚠️ VPN not active. Initiating simulation/fallback.
[2026-02-06 13:53:30] ✅ Simulated VPN activation successful (flag created).
[2026-02-06 13:53:30] ---- Check complete: PASS (Simulated) ----

[2026-02-06 14:08:35] ---- Starting VPN Auto-Detect/Activate check ----
[2026-02-06 14:08:35] Simulating connection to SSID BART-WiFi
[2026-02-06 14:08:35] ⚠️ VPN not active. Initiating simulation/fallback.
[2026-02-06 14:08:35] ✅ Simulated VPN activation successful (flag created).
[2026-02-06 14:08:35] ---- Check complete: PASS (Simulated) ----

[2026-02-06 14:23:40] ---- Starting VPN Auto-Detect/Activate check ----
[2026-02-06 14:23:40] Simulating connection to SSID BART-WiFi
[2026-02-06 14:23:40] ⚠️ VPN not active. Initiating simulation/fallback.
[2026-02-06 14:23:40] ✅ Simulated VPN activation successful (flag created).
[2026-02-06 14:23:40] ---- Check complete: PASS (Simulated) ----

[2026-02-06 14:38:46] ---- Starting VPN Auto-Detect/Activate check ----
[2026-02-06 14:38:46] Simulating connection to SSID BART-WiFi
[2026-02-06 14:38:46] ⚠️ VPN not active. Initiating simulation/fallback.
[2026-02-06 14:38:46] ✅ Simulated VPN activation successful (flag created).
[2026-02-06 14:38:46] ---- Check complete: PASS (Simulated) ----

[2026-02-06 14:53:52] ---- Starting VPN Auto-Detect/Activate check ----
[2026-02-06 14:53:52] Simulating connection to SSID BART-WiFi
[2026-02-06 14:53:52] ⚠️ VPN not active. Initiating simulation/fallback.
[2026-02-06 14:53:52] ✅ Simulated VPN activation successful (flag created).
[2026-02-06 14:53:52] ---- Check complete: PASS (Simulated) ----

[2026-02-06 15:08:56] ---- Starting VPN Auto-Detect/Activate check ----
[2026-02-06 15:08:56] Simulating connection to SSID BART-WiFi
[2026-02-06 15:08:56] ⚠️ VPN not active. Initiating simulation/fallback.
[2026-02-06 15:08:56] ✅ Simulated VPN activation successful (flag created).
[2026-02-06 15:08:56] ---- Check complete: PASS (Simulated) ----

[2026-02-06 15:24:02] ---- Starting VPN Auto-Detect/Activate check ----
[2026-02-06 15:24:02] Simulating connection to SSID BART-WiFi
[2026-02-06 15:24:02] ⚠️ VPN not active. Initiating simulation/fallback.
[2026-02-06 15:24:02] ✅ Simulated VPN activation successful (flag created).
[2026-02-06 15:24:02] ---- Check complete: PASS (Simulated) ----

[2026-02-06 15:39:08] ---- Starting VPN Auto-Detect/Activate check ----
[2026-02-06 15:39:08] Simulating connection to SSID BART-WiFi
[2026-02-06 15:39:08] ⚠️ VPN not active. Initiating simulation/fallback.
[2026-02-06 15:39:08] ✅ Simulated VPN activation successful (flag created).
[2026-02-06 15:39:08] ---- Check complete: PASS (Simulated) ----

[2026-02-06 15:54:13] ---- Starting VPN Auto-Detect/Activate check ----
[2026-02-06 15:54:13] Simulating connection to SSID BART-WiFi
[2026-02-06 15:54:13] ⚠️ VPN not active. Initiating simulation/fallback.
[2026-02-06 15:54:13] ✅ Simulated VPN activation successful (flag created).
[2026-02-06 15:54:13] ---- Check complete: PASS (Simulated) ----

[2026-02-06 16:09:18] ---- Starting VPN Auto-Detect/Activate check ----
[2026-02-06 16:09:18] Simulating connection to SSID BART-WiFi
[2026-02-06 16:09:18] ⚠️ VPN not active. Initiating simulation/fallback.
[2026-02-06 16:09:18] ✅ Simulated VPN activation successful (flag created).
[2026-02-06 16:09:18] ---- Check complete: PASS (Simulated) ----

[2026-02-06 16:24:23] ---- Starting VPN Auto-Detect/Activate check ----
[2026-02-06 16:24:23] Simulating connection to SSID BART-WiFi
[2026-02-06 16:24:23] ⚠️ VPN not active. Initiating simulation/fallback.
[2026-02-06 16:24:23] ✅ Simulated VPN activation successful (flag created).
[2026-02-06 16:24:23] ---- Check complete: PASS (Simulated) ----

[2026-02-06 16:39:28] ---- Starting VPN Auto-Detect/Activate check ----
[2026-02-06 16:39:28] Simulating connection to SSID BART-WiFi
[2026-02-06 16:39:28] ⚠️ VPN not active. Initiating simulation/fallback.
[2026-02-06 16:39:28] ✅ Simulated VPN activation successful (flag created).
[2026-02-06 16:39:28] ---- Check complete: PASS (Simulated) ----

[2026-02-06 16:54:33] ---- Starting VPN Auto-Detect/Activate check ----
[2026-02-06 16:54:33] Simulating connection to SSID BART-WiFi
[2026-02-06 16:54:33] ⚠️ VPN not active. Initiating simulation/fallback.
[2026-02-06 16:54:33] ✅ Simulated VPN activation successful (flag created).
[2026-02-06 16:54:33] ---- Check complete: PASS (Simulated) ----

[2026-02-06 17:09:39] ---- Starting VPN Auto-Detect/Activate check ----
[2026-02-06 17:09:39] Simulating connection to SSID BART-WiFi
[2026-02-06 17:09:39] ⚠️ VPN not active. Initiating simulation/fallback.
[2026-02-06 17:09:39] ✅ Simulated VPN activation successful (flag created).
[2026-02-06 17:09:39] ---- Check complete: PASS (Simulated) ----

[2026-02-06 17:24:46] ---- Starting VPN Auto-Detect/Activate check ----
[2026-02-06 17:24:46] Simulating connection to SSID BART-WiFi
[2026-02-06 17:24:46] ⚠️ VPN not active. Initiating simulation/fallback.
[2026-02-06 17:24:46] ✅ Simulated VPN activation successful (flag created).
[2026-02-06 17:24:46] ---- Check complete: PASS (Simulated) ----

[2026-02-06 17:39:51] ---- Starting VPN Auto-Detect/Activate check ----
[2026-02-06 17:39:51] Simulating connection to SSID BART-WiFi
[2026-02-06 17:39:51] ⚠️ VPN not active. Initiating simulation/fallback.
[2026-02-06 17:39:52] ✅ Simulated VPN activation successful (flag created).
[2026-02-06 17:39:52] ---- Check complete: PASS (Simulated) ----

[2026-02-06 17:54:56] ---- Starting VPN Auto-Detect/Activate check ----
[2026-02-06 17:54:56] Simulating connection to SSID BART-WiFi
[2026-02-06 17:54:56] ⚠️ VPN not active. Initiating simulation/fallback.
[2026-02-06 17:54:56] ✅ Simulated VPN activation successful (flag created).
[2026-02-06 17:54:56] ---- Check complete: PASS (Simulated) ----

[2026-02-06 18:10:02] ---- Starting VPN Auto-Detect/Activate check ----
[2026-02-06 18:10:02] Simulating connection to SSID BART-WiFi
[2026-02-06 18:10:02] ⚠️ VPN not active. Initiating simulation/fallback.
[2026-02-06 18:10:02] ✅ Simulated VPN activation successful (flag created).
[2026-02-06 18:10:02] ---- Check complete: PASS (Simulated) ----

[2026-02-06 18:25:08] ---- Starting VPN Auto-Detect/Activate check ----
[2026-02-06 18:25:08] Simulating connection to SSID BART-WiFi
[2026-02-06 18:25:08] ⚠️ VPN not active. Initiating simulation/fallback.
[2026-02-06 18:25:08] ✅ Simulated VPN activation successful (flag created).
[2026-02-06 18:25:08] ---- Check complete: PASS (Simulated) ----

[2026-02-06 18:40:13] ---- Starting VPN Auto-Detect/Activate check ----
[2026-02-06 18:40:13] Simulating connection to SSID BART-WiFi
[2026-02-06 18:40:13] ⚠️ VPN not active. Initiating simulation/fallback.
[2026-02-06 18:40:13] ✅ Simulated VPN activation successful (flag created).
[2026-02-06 18:40:13] ---- Check complete: PASS (Simulated) ----

[2026-02-06 18:55:18] ---- Starting VPN Auto-Detect/Activate check ----
[2026-02-06 18:55:18] Simulating connection to SSID BART-WiFi
[2026-02-06 18:55:18] ⚠️ VPN not active. Initiating simulation/fallback.
[2026-02-06 18:55:18] ✅ Simulated VPN activation successful (flag created).
[2026-02-06 18:55:18] ---- Check complete: PASS (Simulated) ----

[2026-02-06 19:10:23] ---- Starting VPN Auto-Detect/Activate check ----
[2026-02-06 19:10:23] Simulating connection to SSID BART-WiFi
[2026-02-06 19:10:23] ⚠️ VPN not active. Initiating simulation/fallback.
[2026-02-06 19:10:23] ✅ Simulated VPN activation successful (flag created).
[2026-02-06 19:10:23] ---- Check complete: PASS (Simulated) ----

[2026-02-06 19:25:28] ---- Starting VPN Auto-Detect/Activate check ----
[2026-02-06 19:25:28] Simulating connection to SSID BART-WiFi
[2026-02-06 19:25:28] ⚠️ VPN not active. Initiating simulation/fallback.
[2026-02-06 19:25:28] ✅ Simulated VPN activation successful (flag created).
[2026-02-06 19:25:28] ---- Check complete: PASS (Simulated) ----

[2026-02-06 19:40:33] ---- Starting VPN Auto-Detect/Activate check ----
[2026-02-06 19:40:33] Simulating connection to SSID BART-WiFi
[2026-02-06 19:40:33] ⚠️ VPN not active. Initiating simulation/fallback.
[2026-02-06 19:40:33] ✅ Simulated VPN activation successful (flag created).
[2026-02-06 19:40:33] ---- Check complete: PASS (Simulated) ----

[2026-02-06 19:55:38] ---- Starting VPN Auto-Detect/Activate check ----
[2026-02-06 19:55:38] Simulating connection to SSID BART-WiFi
[2026-02-06 19:55:38] ⚠️ VPN not active. Initiating simulation/fallback.
[2026-02-06 19:55:38] ✅ Simulated VPN activation successful (flag created).
[2026-02-06 19:55:38] ---- Check complete: PASS (Simulated) ----

[2026-02-06 20:10:45] ---- Starting VPN Auto-Detect/Activate check ----
[2026-02-06 20:10:45] Simulating connection to SSID BART-WiFi
[2026-02-06 20:10:45] ⚠️ VPN not active. Initiating simulation/fallback.
[2026-02-06 20:10:45] ✅ Simulated VPN activation successful (flag created).
[2026-02-06 20:10:45] ---- Check complete: PASS (Simulated) ----

[2026-02-06 20:25:52] ---- Starting VPN Auto-Detect/Activate check ----
[2026-02-06 20:25:52] Simulating connection to SSID BART-WiFi
[2026-02-06 20:25:52] ⚠️ VPN not active. Initiating simulation/fallback.
[2026-02-06 20:25:52] ✅ Simulated VPN activation successful (flag created).
[2026-02-06 20:25:52] ---- Check complete: PASS (Simulated) ----

[2026-02-06 20:40:58] ---- Starting VPN Auto-Detect/Activate check ----
[2026-02-06 20:40:58] Simulating connection to SSID BART-WiFi
[2026-02-06 20:40:58] ⚠️ VPN not active. Initiating simulation/fallback.
[2026-02-06 20:40:58] ✅ Simulated VPN activation successful (flag created).
[2026-02-06 20:40:58] ---- Check complete: PASS (Simulated) ----

[2026-02-06 20:56:04] ---- Starting VPN Auto-Detect/Activate check ----
[2026-02-06 20:56:04] Simulating connection to SSID BART-WiFi
[2026-02-06 20:56:04] ⚠️ VPN not active. Initiating simulation/fallback.
[2026-02-06 20:56:04] ✅ Simulated VPN activation successful (flag created).
[2026-02-06 20:56:04] ---- Check complete: PASS (Simulated) ----

[2026-02-06 21:11:10] ---- Starting VPN Auto-Detect/Activate check ----
[2026-02-06 21:11:10] Simulating connection to SSID BART-WiFi
[2026-02-06 21:11:10] ⚠️ VPN not active. Initiating simulation/fallback.
[2026-02-06 21:11:10] ✅ Simulated VPN activation successful (flag created).
[2026-02-06 21:11:10] ---- Check complete: PASS (Simulated) ----

[2026-02-06 21:26:15] ---- Starting VPN Auto-Detect/Activate check ----
[2026-02-06 21:26:15] Simulating connection to SSID BART-WiFi
[2026-02-06 21:26:15] ⚠️ VPN not active. Initiating simulation/fallback.
[2026-02-06 21:26:15] ✅ Simulated VPN activation successful (flag created).
[2026-02-06 21:26:15] ---- Check complete: PASS (Simulated) ----

[2026-02-06 21:41:21] ---- Starting VPN Auto-Detect/Activate check ----
[2026-02-06 21:41:21] Simulating connection to SSID BART-WiFi
[2026-02-06 21:41:21] ⚠️ VPN not active. Initiating simulation/fallback.
[2026-02-06 21:41:21] ✅ Simulated VPN activation successful (flag created).
[2026-02-06 21:41:21] ---- Check complete: PASS (Simulated) ----

[2026-02-06 21:56:26] ---- Starting VPN Auto-Detect/Activate check ----
[2026-02-06 21:56:26] Simulating connection to SSID BART-WiFi
[2026-02-06 21:56:26] ⚠️ VPN not active. Initiating simulation/fallback.
[2026-02-06 21:56:26] ✅ Simulated VPN activation successful (flag created).
[2026-02-06 21:56:26] ---- Check complete: PASS (Simulated) ----

[2026-02-06 22:11:32] ---- Starting VPN Auto-Detect/Activate check ----
[2026-02-06 22:11:32] Simulating connection to SSID BART-WiFi
[2026-02-06 22:11:32] ⚠️ VPN not active. Initiating simulation/fallback.
[2026-02-06 22:11:32] ✅ Simulated VPN activation successful (flag created).
[2026-02-06 22:11:32] ---- Check complete: PASS (Simulated) ----

[2026-02-06 22:26:36] ---- Starting VPN Auto-Detect/Activate check ----
[2026-02-06 22:26:36] Simulating connection to SSID BART-WiFi
[2026-02-06 22:26:36] ⚠️ VPN not active. Initiating simulation/fallback.
[2026-02-06 22:26:36] ✅ Simulated VPN activation successful (flag created).
[2026-02-06 22:26:36] ---- Check complete: PASS (Simulated) ----

[2026-02-06 22:41:42] ---- Starting VPN Auto-Detect/Activate check ----
[2026-02-06 22:41:42] Simulating connection to SSID BART-WiFi
[2026-02-06 22:41:42] ⚠️ VPN not active. Initiating simulation/fallback.
[2026-02-06 22:41:42] ✅ Simulated VPN activation successful (flag created).
[2026-02-06 22:41:42] ---- Check complete: PASS (Simulated) ----

[2026-02-06 22:56:48] ---- Starting VPN Auto-Detect/Activate check ----
[2026-02-06 22:56:48] Simulating connection to SSID BART-WiFi
[2026-02-06 22:56:48] ⚠️ VPN not active. Initiating simulation/fallback.
[2026-02-06 22:56:48] ✅ Simulated VPN activation successful (flag created).
[2026-02-06 22:56:48] ---- Check complete: PASS (Simulated) ----

[2026-02-06 23:11:55] ---- Starting VPN Auto-Detect/Activate check ----
[2026-02-06 23:11:55] Simulating connection to SSID BART-WiFi
[2026-02-06 23:11:55] ⚠️ VPN not active. Initiating simulation/fallback.
[2026-02-06 23:11:55] ✅ Simulated VPN activation successful (flag created).
[2026-02-06 23:11:55] ---- Check complete: PASS (Simulated) ----

[2026-02-06 23:27:01] ---- Starting VPN Auto-Detect/Activate check ----
[2026-02-06 23:27:01] Simulating connection to SSID BART-WiFi
[2026-02-06 23:27:01] ⚠️ VPN not active. Initiating simulation/fallback.
[2026-02-06 23:27:01] ✅ Simulated VPN activation successful (flag created).
[2026-02-06 23:27:01] ---- Check complete: PASS (Simulated) ----

[2026-02-06 23:42:07] ---- Starting VPN Auto-Detect/Activate check ----
[2026-02-06 23:42:07] Simulating connection to SSID BART-WiFi
[2026-02-06 23:42:07] ⚠️ VPN not active. Initiating simulation/fallback.
[2026-02-06 23:42:07] ✅ Simulated VPN activation successful (flag created).
[2026-02-06 23:42:07] ---- Check complete: PASS (Simulated) ----

[2026-02-06 23:57:12] ---- Starting VPN Auto-Detect/Activate check ----
[2026-02-06 23:57:12] Simulating connection to SSID BART-WiFi
[2026-02-06 23:57:12] ⚠️ VPN not active. Initiating simulation/fallback.
[2026-02-06 23:57:12] ✅ Simulated VPN activation successful (flag created).
[2026-02-06 23:57:12] ---- Check complete: PASS (Simulated) ----

[2026-02-07 00:12:17] ---- Starting VPN Auto-Detect/Activate check ----
[2026-02-07 00:12:17] Simulating connection to SSID BART-WiFi
[2026-02-07 00:12:17] ⚠️ VPN not active. Initiating simulation/fallback.
[2026-02-07 00:12:17] ✅ Simulated VPN activation successful (flag created).
[2026-02-07 00:12:17] ---- Check complete: PASS (Simulated) ----

[2026-02-07 00:27:24] ---- Starting VPN Auto-Detect/Activate check ----
[2026-02-07 00:27:24] Simulating connection to SSID BART-WiFi
[2026-02-07 00:27:24] ⚠️ VPN not active. Initiating simulation/fallback.
[2026-02-07 00:27:24] ✅ Simulated VPN activation successful (flag created).
[2026-02-07 00:27:24] ---- Check complete: PASS (Simulated) ----

[2026-02-07 00:42:30] ---- Starting VPN Auto-Detect/Activate check ----
[2026-02-07 00:42:30] Simulating connection to SSID BART-WiFi
[2026-02-07 00:42:30] ⚠️ VPN not active. Initiating simulation/fallback.
[2026-02-07 00:42:30] ✅ Simulated VPN activation successful (flag created).
[2026-02-07 00:42:30] ---- Check complete: PASS (Simulated) ----

[2026-02-07 00:57:35] ---- Starting VPN Auto-Detect/Activate check ----
[2026-02-07 00:57:35] Simulating connection to SSID BART-WiFi
[2026-02-07 00:57:35] ⚠️ VPN not active. Initiating simulation/fallback.
[2026-02-07 00:57:35] ✅ Simulated VPN activation successful (flag created).
[2026-02-07 00:57:35] ---- Check complete: PASS (Simulated) ----

[2026-02-07 01:12:41] ---- Starting VPN Auto-Detect/Activate check ----
[2026-02-07 01:12:41] Simulating connection to SSID BART-WiFi
[2026-02-07 01:12:41] ⚠️ VPN not active. Initiating simulation/fallback.
[2026-02-07 01:12:41] ✅ Simulated VPN activation successful (flag created).
[2026-02-07 01:12:41] ---- Check complete: PASS (Simulated) ----

[2026-02-07 01:27:46] ---- Starting VPN Auto-Detect/Activate check ----
[2026-02-07 01:27:46] Simulating connection to SSID BART-WiFi
[2026-02-07 01:27:46] ⚠️ VPN not active. Initiating simulation/fallback.
[2026-02-07 01:27:46] ✅ Simulated VPN activation successful (flag created).
[2026-02-07 01:27:46] ---- Check complete: PASS (Simulated) ----

[2026-02-07 01:42:52] ---- Starting VPN Auto-Detect/Activate check ----
[2026-02-07 01:42:52] Simulating connection to SSID BART-WiFi
[2026-02-07 01:42:52] ⚠️ VPN not active. Initiating simulation/fallback.
[2026-02-07 01:42:52] ✅ Simulated VPN activation successful (flag created).
[2026-02-07 01:42:52] ---- Check complete: PASS (Simulated) ----

[2026-02-07 01:57:57] ---- Starting VPN Auto-Detect/Activate check ----
[2026-02-07 01:57:57] Simulating connection to SSID BART-WiFi
[2026-02-07 01:57:57] ⚠️ VPN not active. Initiating simulation/fallback.
[2026-02-07 01:57:57] ✅ Simulated VPN activation successful (flag created).
[2026-02-07 01:57:57] ---- Check complete: PASS (Simulated) ----

[2026-02-07 02:13:02] ---- Starting VPN Auto-Detect/Activate check ----
[2026-02-07 02:13:02] Simulating connection to SSID BART-WiFi
[2026-02-07 02:13:03] ⚠️ VPN not active. Initiating simulation/fallback.
[2026-02-07 02:13:03] ✅ Simulated VPN activation successful (flag created).
[2026-02-07 02:13:03] ---- Check complete: PASS (Simulated) ----

[2026-02-07 02:28:09] ---- Starting VPN Auto-Detect/Activate check ----
[2026-02-07 02:28:09] Simulating connection to SSID BART-WiFi
[2026-02-07 02:28:09] ⚠️ VPN not active. Initiating simulation/fallback.
[2026-02-07 02:28:09] ✅ Simulated VPN activation successful (flag created).
[2026-02-07 02:28:09] ---- Check complete: PASS (Simulated) ----

[2026-02-07 02:43:14] ---- Starting VPN Auto-Detect/Activate check ----
[2026-02-07 02:43:14] Simulating connection to SSID BART-WiFi
[2026-02-07 02:43:14] ⚠️ VPN not active. Initiating simulation/fallback.
[2026-02-07 02:43:14] ✅ Simulated VPN activation successful (flag created).
[2026-02-07 02:43:14] ---- Check complete: PASS (Simulated) ----

[2026-02-07 02:58:20] ---- Starting VPN Auto-Detect/Activate check ----
[2026-02-07 02:58:20] Simulating connection to SSID BART-WiFi
[2026-02-07 02:58:20] ⚠️ VPN not active. Initiating simulation/fallback.
[2026-02-07 02:58:20] ✅ Simulated VPN activation successful (flag created).
[2026-02-07 02:58:20] ---- Check complete: PASS (Simulated) ----

[2026-02-07 03:13:26] ---- Starting VPN Auto-Detect/Activate check ----
[2026-02-07 03:13:26] Simulating connection to SSID BART-WiFi
[2026-02-07 03:13:26] ⚠️ VPN not active. Initiating simulation/fallback.
[2026-02-07 03:13:26] ✅ Simulated VPN activation successful (flag created).
[2026-02-07 03:13:26] ---- Check complete: PASS (Simulated) ----

[2026-02-07 03:28:31] ---- Starting VPN Auto-Detect/Activate check ----
[2026-02-07 03:28:31] Simulating connection to SSID BART-WiFi
[2026-02-07 03:28:31] ⚠️ VPN not active. Initiating simulation/fallback.
[2026-02-07 03:28:31] ✅ Simulated VPN activation successful (flag created).
[2026-02-07 03:28:31] ---- Check complete: PASS (Simulated) ----

[2026-02-07 03:43:38] ---- Starting VPN Auto-Detect/Activate check ----
[2026-02-07 03:43:38] Simulating connection to SSID BART-WiFi
[2026-02-07 03:43:38] ⚠️ VPN not active. Initiating simulation/fallback.
[2026-02-07 03:43:38] ✅ Simulated VPN activation successful (flag created).
[2026-02-07 03:43:38] ---- Check complete: PASS (Simulated) ----

[2026-02-07 03:58:43] ---- Starting VPN Auto-Detect/Activate check ----
[2026-02-07 03:58:43] Simulating connection to SSID BART-WiFi
[2026-02-07 03:58:43] ⚠️ VPN not active. Initiating simulation/fallback.
[2026-02-07 03:58:43] ✅ Simulated VPN activation successful (flag created).
[2026-02-07 03:58:43] ---- Check complete: PASS (Simulated) ----

[2026-02-07 04:13:51] ---- Starting VPN Auto-Detect/Activate check ----
[2026-02-07 04:13:51] Simulating connection to SSID BART-WiFi
[2026-02-07 04:13:51] ⚠️ VPN not active. Initiating simulation/fallback.
[2026-02-07 04:13:51] ✅ Simulated VPN activation successful (flag created).
[2026-02-07 04:13:51] ---- Check complete: PASS (Simulated) ----

[2026-02-07 04:28:56] ---- Starting VPN Auto-Detect/Activate check ----
[2026-02-07 04:28:56] Simulating connection to SSID BART-WiFi
[2026-02-07 04:28:56] ⚠️ VPN not active. Initiating simulation/fallback.
[2026-02-07 04:28:56] ✅ Simulated VPN activation successful (flag created).
[2026-02-07 04:28:56] ---- Check complete: PASS (Simulated) ----

[2026-02-07 04:44:04] ---- Starting VPN Auto-Detect/Activate check ----
[2026-02-07 04:44:04] Simulating connection to SSID BART-WiFi
[2026-02-07 04:44:04] ⚠️ VPN not active. Initiating simulation/fallback.
[2026-02-07 04:44:04] ✅ Simulated VPN activation successful (flag created).
[2026-02-07 04:44:04] ---- Check complete: PASS (Simulated) ----

[2026-02-07 04:59:11] ---- Starting VPN Auto-Detect/Activate check ----
[2026-02-07 04:59:11] Simulating connection to SSID BART-WiFi
[2026-02-07 04:59:11] ⚠️ VPN not active. Initiating simulation/fallback.
[2026-02-07 04:59:11] ✅ Simulated VPN activation successful (flag created).
[2026-02-07 04:59:11] ---- Check complete: PASS (Simulated) ----

[2026-02-07 05:14:17] ---- Starting VPN Auto-Detect/Activate check ----
[2026-02-07 05:14:17] Simulating connection to SSID BART-WiFi
[2026-02-07 05:14:17] ⚠️ VPN not active. Initiating simulation/fallback.
[2026-02-07 05:14:17] ✅ Simulated VPN activation successful (flag created).
[2026-02-07 05:14:17] ---- Check complete: PASS (Simulated) ----

[2026-02-07 05:29:23] ---- Starting VPN Auto-Detect/Activate check ----
[2026-02-07 05:29:23] Simulating connection to SSID BART-WiFi
[2026-02-07 05:29:23] ⚠️ VPN not active. Initiating simulation/fallback.
[2026-02-07 05:29:23] ✅ Simulated VPN activation successful (flag created).
[2026-02-07 05:29:23] ---- Check complete: PASS (Simulated) ----

[2026-02-07 05:44:29] ---- Starting VPN Auto-Detect/Activate check ----
[2026-02-07 05:44:29] Simulating connection to SSID BART-WiFi
[2026-02-07 05:44:29] ⚠️ VPN not active. Initiating simulation/fallback.
[2026-02-07 05:44:29] ✅ Simulated VPN activation successful (flag created).
[2026-02-07 05:44:29] ---- Check complete: PASS (Simulated) ----

[2026-02-07 05:59:34] ---- Starting VPN Auto-Detect/Activate check ----
[2026-02-07 05:59:34] Simulating connection to SSID BART-WiFi
[2026-02-07 05:59:34] ⚠️ VPN not active. Initiating simulation/fallback.
[2026-02-07 05:59:34] ✅ Simulated VPN activation successful (flag created).
[2026-02-07 05:59:34] ---- Check complete: PASS (Simulated) ----

[2026-02-07 06:14:39] ---- Starting VPN Auto-Detect/Activate check ----
[2026-02-07 06:14:39] Simulating connection to SSID BART-WiFi
[2026-02-07 06:14:39] ⚠️ VPN not active. Initiating simulation/fallback.
[2026-02-07 06:14:39] ✅ Simulated VPN activation successful (flag created).
[2026-02-07 06:14:39] ---- Check complete: PASS (Simulated) ----

[2026-02-07 06:29:46] ---- Starting VPN Auto-Detect/Activate check ----
[2026-02-07 06:29:46] Simulating connection to SSID BART-WiFi
[2026-02-07 06:29:46] ⚠️ VPN not active. Initiating simulation/fallback.
[2026-02-07 06:29:47] ✅ Simulated VPN activation successful (flag created).
[2026-02-07 06:29:47] ---- Check complete: PASS (Simulated) ----

[2026-02-07 06:44:53] ---- Starting VPN Auto-Detect/Activate check ----
[2026-02-07 06:44:53] Simulating connection to SSID BART-WiFi
[2026-02-07 06:44:53] ⚠️ VPN not active. Initiating simulation/fallback.
[2026-02-07 06:44:53] ✅ Simulated VPN activation successful (flag created).
[2026-02-07 06:44:53] ---- Check complete: PASS (Simulated) ----

[2026-02-07 07:00:00] ---- Starting VPN Auto-Detect/Activate check ----
[2026-02-07 07:00:00] Simulating connection to SSID BART-WiFi
[2026-02-07 07:00:00] ⚠️ VPN not active. Initiating simulation/fallback.
[2026-02-07 07:00:00] ✅ Simulated VPN activation successful (flag created).
[2026-02-07 07:00:00] ---- Check complete: PASS (Simulated) ----

[2026-02-07 07:15:07] ---- Starting VPN Auto-Detect/Activate check ----
[2026-02-07 07:15:07] Simulating connection to SSID BART-WiFi
[2026-02-07 07:15:07] ⚠️ VPN not active. Initiating simulation/fallback.
[2026-02-07 07:15:07] ✅ Simulated VPN activation successful (flag created).
[2026-02-07 07:15:07] ---- Check complete: PASS (Simulated) ----

[2026-02-07 07:30:14] ---- Starting VPN Auto-Detect/Activate check ----
[2026-02-07 07:30:14] Simulating connection to SSID BART-WiFi
[2026-02-07 07:30:14] ⚠️ VPN not active. Initiating simulation/fallback.
[2026-02-07 07:30:14] ✅ Simulated VPN activation successful (flag created).
[2026-02-07 07:30:14] ---- Check complete: PASS (Simulated) ----

[2026-02-07 07:45:19] ---- Starting VPN Auto-Detect/Activate check ----
[2026-02-07 07:45:19] Simulating connection to SSID BART-WiFi
[2026-02-07 07:45:19] ⚠️ VPN not active. Initiating simulation/fallback.
[2026-02-07 07:45:19] ✅ Simulated VPN activation successful (flag created).
[2026-02-07 07:45:19] ---- Check complete: PASS (Simulated) ----

[2026-02-07 08:00:26] ---- Starting VPN Auto-Detect/Activate check ----
[2026-02-07 08:00:26] Simulating connection to SSID BART-WiFi
[2026-02-07 08:00:26] ⚠️ VPN not active. Initiating simulation/fallback.
[2026-02-07 08:00:26] ✅ Simulated VPN activation successful (flag created).
[2026-02-07 08:00:26] ---- Check complete: PASS (Simulated) ----

[2026-02-07 08:15:32] ---- Starting VPN Auto-Detect/Activate check ----
[2026-02-07 08:15:32] Simulating connection to SSID BART-WiFi
[2026-02-07 08:15:33] ⚠️ VPN not active. Initiating simulation/fallback.
[2026-02-07 08:15:33] ✅ Simulated VPN activation successful (flag created).
[2026-02-07 08:15:33] ---- Check complete: PASS (Simulated) ----

[2026-02-07 08:30:39] ---- Starting VPN Auto-Detect/Activate check ----
[2026-02-07 08:30:39] Simulating connection to SSID BART-WiFi
[2026-02-07 08:30:39] ⚠️ VPN not active. Initiating simulation/fallback.
[2026-02-07 08:30:39] ✅ Simulated VPN activation successful (flag created).
[2026-02-07 08:30:39] ---- Check complete: PASS (Simulated) ----

[2026-02-07 08:45:45] ---- Starting VPN Auto-Detect/Activate check ----
[2026-02-07 08:45:45] Simulating connection to SSID BART-WiFi
[2026-02-07 08:45:45] ⚠️ VPN not active. Initiating simulation/fallback.
[2026-02-07 08:45:45] ✅ Simulated VPN activation successful (flag created).
[2026-02-07 08:45:45] ---- Check complete: PASS (Simulated) ----

[2026-02-07 09:00:51] ---- Starting VPN Auto-Detect/Activate check ----
[2026-02-07 09:00:51] Simulating connection to SSID BART-WiFi
[2026-02-07 09:00:51] ⚠️ VPN not active. Initiating simulation/fallback.
[2026-02-07 09:00:51] ✅ Simulated VPN activation successful (flag created).
[2026-02-07 09:00:51] ---- Check complete: PASS (Simulated) ----

[2026-02-07 09:15:56] ---- Starting VPN Auto-Detect/Activate check ----
[2026-02-07 09:15:56] Simulating connection to SSID BART-WiFi
[2026-02-07 09:15:56] ⚠️ VPN not active. Initiating simulation/fallback.
[2026-02-07 09:15:56] ✅ Simulated VPN activation successful (flag created).
[2026-02-07 09:15:56] ---- Check complete: PASS (Simulated) ----

[2026-02-07 09:31:02] ---- Starting VPN Auto-Detect/Activate check ----
[2026-02-07 09:31:02] Simulating connection to SSID BART-WiFi
[2026-02-07 09:31:02] ⚠️ VPN not active. Initiating simulation/fallback.
[2026-02-07 09:31:02] ✅ Simulated VPN activation successful (flag created).
[2026-02-07 09:31:02] ---- Check complete: PASS (Simulated) ----

[2026-02-07 09:46:09] ---- Starting VPN Auto-Detect/Activate check ----
[2026-02-07 09:46:09] Simulating connection to SSID BART-WiFi
[2026-02-07 09:46:09] ⚠️ VPN not active. Initiating simulation/fallback.
[2026-02-07 09:46:09] ✅ Simulated VPN activation successful (flag created).
[2026-02-07 09:46:09] ---- Check complete: PASS (Simulated) ----

[2026-02-07 10:01:15] ---- Starting VPN Auto-Detect/Activate check ----
[2026-02-07 10:01:15] Simulating connection to SSID BART-WiFi
[2026-02-07 10:01:15] ⚠️ VPN not active. Initiating simulation/fallback.
[2026-02-07 10:01:15] ✅ Simulated VPN activation successful (flag created).
[2026-02-07 10:01:15] ---- Check complete: PASS (Simulated) ----

[2026-02-07 10:16:22] ---- Starting VPN Auto-Detect/Activate check ----
[2026-02-07 10:16:22] Simulating connection to SSID BART-WiFi
[2026-02-07 10:16:22] ⚠️ VPN not active. Initiating simulation/fallback.
[2026-02-07 10:16:22] ✅ Simulated VPN activation successful (flag created).
[2026-02-07 10:16:22] ---- Check complete: PASS (Simulated) ----

[2026-02-07 10:31:28] ---- Starting VPN Auto-Detect/Activate check ----
[2026-02-07 10:31:28] Simulating connection to SSID BART-WiFi
[2026-02-07 10:31:28] ⚠️ VPN not active. Initiating simulation/fallback.
[2026-02-07 10:31:28] ✅ Simulated VPN activation successful (flag created).
[2026-02-07 10:31:28] ---- Check complete: PASS (Simulated) ----

[2026-02-07 10:46:33] ---- Starting VPN Auto-Detect/Activate check ----
[2026-02-07 10:46:33] Simulating connection to SSID BART-WiFi
[2026-02-07 10:46:33] ⚠️ VPN not active. Initiating simulation/fallback.
[2026-02-07 10:46:33] ✅ Simulated VPN activation successful (flag created).
[2026-02-07 10:46:33] ---- Check complete: PASS (Simulated) ----

[2026-02-07 11:01:38] ---- Starting VPN Auto-Detect/Activate check ----
[2026-02-07 11:01:38] Simulating connection to SSID BART-WiFi
[2026-02-07 11:01:38] ⚠️ VPN not active. Initiating simulation/fallback.
[2026-02-07 11:01:38] ✅ Simulated VPN activation successful (flag created).
[2026-02-07 11:01:38] ---- Check complete: PASS (Simulated) ----

[2026-02-07 11:16:44] ---- Starting VPN Auto-Detect/Activate check ----
[2026-02-07 11:16:44] Simulating connection to SSID BART-WiFi
[2026-02-07 11:16:44] ⚠️ VPN not active. Initiating simulation/fallback.
[2026-02-07 11:16:44] ✅ Simulated VPN activation successful (flag created).
[2026-02-07 11:16:44] ---- Check complete: PASS (Simulated) ----

[2026-02-07 11:31:50] ---- Starting VPN Auto-Detect/Activate check ----
[2026-02-07 11:31:50] Simulating connection to SSID BART-WiFi
[2026-02-07 11:31:50] ⚠️ VPN not active. Initiating simulation/fallback.
[2026-02-07 11:31:50] ✅ Simulated VPN activation successful (flag created).
[2026-02-07 11:31:50] ---- Check complete: PASS (Simulated) ----

[2026-02-07 11:46:58] ---- Starting VPN Auto-Detect/Activate check ----
[2026-02-07 11:46:58] Simulating connection to SSID BART-WiFi
[2026-02-07 11:46:58] ⚠️ VPN not active. Initiating simulation/fallback.
[2026-02-07 11:46:58] ✅ Simulated VPN activation successful (flag created).
[2026-02-07 11:46:58] ---- Check complete: PASS (Simulated) ----

[2026-02-07 12:02:05] ---- Starting VPN Auto-Detect/Activate check ----
[2026-02-07 12:02:05] Simulating connection to SSID BART-WiFi
[2026-02-07 12:02:05] ⚠️ VPN not active. Initiating simulation/fallback.
[2026-02-07 12:02:05] ✅ Simulated VPN activation successful (flag created).
[2026-02-07 12:02:05] ---- Check complete: PASS (Simulated) ----

[2026-02-07 12:17:10] ---- Starting VPN Auto-Detect/Activate check ----
[2026-02-07 12:17:10] Simulating connection to SSID BART-WiFi
[2026-02-07 12:17:10] ⚠️ VPN not active. Initiating simulation/fallback.
[2026-02-07 12:17:10] ✅ Simulated VPN activation successful (flag created).
[2026-02-07 12:17:10] ---- Check complete: PASS (Simulated) ----

[2026-02-07 12:32:17] ---- Starting VPN Auto-Detect/Activate check ----
[2026-02-07 12:32:17] Simulating connection to SSID BART-WiFi
[2026-02-07 12:32:17] ⚠️ VPN not active. Initiating simulation/fallback.
[2026-02-07 12:32:17] ✅ Simulated VPN activation successful (flag created).
[2026-02-07 12:32:17] ---- Check complete: PASS (Simulated) ----

[2026-02-07 12:47:22] ---- Starting VPN Auto-Detect/Activate check ----
[2026-02-07 12:47:22] Simulating connection to SSID BART-WiFi
[2026-02-07 12:47:22] ⚠️ VPN not active. Initiating simulation/fallback.
[2026-02-07 12:47:22] ✅ Simulated VPN activation successful (flag created).
[2026-02-07 12:47:22] ---- Check complete: PASS (Simulated) ----

[2026-02-07 13:02:28] ---- Starting VPN Auto-Detect/Activate check ----
[2026-02-07 13:02:28] Simulating connection to SSID BART-WiFi
[2026-02-07 13:02:28] ⚠️ VPN not active. Initiating simulation/fallback.
[2026-02-07 13:02:28] ✅ Simulated VPN activation successful (flag created).
[2026-02-07 13:02:28] ---- Check complete: PASS (Simulated) ----

[2026-02-07 13:17:34] ---- Starting VPN Auto-Detect/Activate check ----
[2026-02-07 13:17:34] Simulating connection to SSID BART-WiFi
[2026-02-07 13:17:34] ⚠️ VPN not active. Initiating simulation/fallback.
[2026-02-07 13:17:34] ✅ Simulated VPN activation successful (flag created).
[2026-02-07 13:17:34] ---- Check complete: PASS (Simulated) ----

[2026-02-07 13:32:41] ---- Starting VPN Auto-Detect/Activate check ----
[2026-02-07 13:32:41] Simulating connection to SSID BART-WiFi
[2026-02-07 13:32:41] ⚠️ VPN not active. Initiating simulation/fallback.
[2026-02-07 13:32:41] ✅ Simulated VPN activation successful (flag created).
[2026-02-07 13:32:41] ---- Check complete: PASS (Simulated) ----

[2026-02-07 13:47:47] ---- Starting VPN Auto-Detect/Activate check ----
[2026-02-07 13:47:47] Simulating connection to SSID BART-WiFi
[2026-02-07 13:47:47] ⚠️ VPN not active. Initiating simulation/fallback.
[2026-02-07 13:47:47] ✅ Simulated VPN activation successful (flag created).
[2026-02-07 13:47:47] ---- Check complete: PASS (Simulated) ----

[2026-02-07 14:02:53] ---- Starting VPN Auto-Detect/Activate check ----
[2026-02-07 14:02:53] Simulating connection to SSID BART-WiFi
[2026-02-07 14:02:53] ⚠️ VPN not active. Initiating simulation/fallback.
[2026-02-07 14:02:53] ✅ Simulated VPN activation successful (flag created).
[2026-02-07 14:02:53] ---- Check complete: PASS (Simulated) ----

[2026-02-07 14:17:59] ---- Starting VPN Auto-Detect/Activate check ----
[2026-02-07 14:17:59] Simulating connection to SSID BART-WiFi
[2026-02-07 14:17:59] ⚠️ VPN not active. Initiating simulation/fallback.
[2026-02-07 14:17:59] ✅ Simulated VPN activation successful (flag created).
[2026-02-07 14:17:59] ---- Check complete: PASS (Simulated) ----

[2026-02-07 14:33:04] ---- Starting VPN Auto-Detect/Activate check ----
[2026-02-07 14:33:04] Simulating connection to SSID BART-WiFi
[2026-02-07 14:33:04] ⚠️ VPN not active. Initiating simulation/fallback.
[2026-02-07 14:33:04] ✅ Simulated VPN activation successful (flag created).
[2026-02-07 14:33:04] ---- Check complete: PASS (Simulated) ----

[2026-02-07 14:48:10] ---- Starting VPN Auto-Detect/Activate check ----
[2026-02-07 14:48:10] Simulating connection to SSID BART-WiFi
[2026-02-07 14:48:10] ⚠️ VPN not active. Initiating simulation/fallback.
[2026-02-07 14:48:10] ✅ Simulated VPN activation successful (flag created).
[2026-02-07 14:48:10] ---- Check complete: PASS (Simulated) ----

[2026-02-07 15:03:16] ---- Starting VPN Auto-Detect/Activate check ----
[2026-02-07 15:03:16] Simulating connection to SSID BART-WiFi
[2026-02-07 15:03:16] ⚠️ VPN not active. Initiating simulation/fallback.
[2026-02-07 15:03:16] ✅ Simulated VPN activation successful (flag created).
[2026-02-07 15:03:16] ---- Check complete: PASS (Simulated) ----

[2026-02-07 15:18:22] ---- Starting VPN Auto-Detect/Activate check ----
[2026-02-07 15:18:22] Simulating connection to SSID BART-WiFi
[2026-02-07 15:18:22] ⚠️ VPN not active. Initiating simulation/fallback.
[2026-02-07 15:18:22] ✅ Simulated VPN activation successful (flag created).
[2026-02-07 15:18:22] ---- Check complete: PASS (Simulated) ----

[2026-02-07 15:33:27] ---- Starting VPN Auto-Detect/Activate check ----
[2026-02-07 15:33:27] Simulating connection to SSID BART-WiFi
[2026-02-07 15:33:27] ⚠️ VPN not active. Initiating simulation/fallback.
[2026-02-07 15:33:27] ✅ Simulated VPN activation successful (flag created).
[2026-02-07 15:33:27] ---- Check complete: PASS (Simulated) ----

[2026-02-07 15:48:32] ---- Starting VPN Auto-Detect/Activate check ----
[2026-02-07 15:48:32] Simulating connection to SSID BART-WiFi
[2026-02-07 15:48:32] ⚠️ VPN not active. Initiating simulation/fallback.
[2026-02-07 15:48:32] ✅ Simulated VPN activation successful (flag created).
[2026-02-07 15:48:32] ---- Check complete: PASS (Simulated) ----

[2026-02-07 16:03:37] ---- Starting VPN Auto-Detect/Activate check ----
[2026-02-07 16:03:37] Simulating connection to SSID BART-WiFi
[2026-02-07 16:03:37] ⚠️ VPN not active. Initiating simulation/fallback.
[2026-02-07 16:03:37] ✅ Simulated VPN activation successful (flag created).
[2026-02-07 16:03:37] ---- Check complete: PASS (Simulated) ----

[2026-02-07 16:18:42] ---- Starting VPN Auto-Detect/Activate check ----
[2026-02-07 16:18:42] Simulating connection to SSID BART-WiFi
[2026-02-07 16:18:42] ⚠️ VPN not active. Initiating simulation/fallback.
[2026-02-07 16:18:42] ✅ Simulated VPN activation successful (flag created).
[2026-02-07 16:18:42] ---- Check complete: PASS (Simulated) ----

[2026-02-07 16:33:49] ---- Starting VPN Auto-Detect/Activate check ----
[2026-02-07 16:33:49] Simulating connection to SSID BART-WiFi
[2026-02-07 16:33:49] ⚠️ VPN not active. Initiating simulation/fallback.
[2026-02-07 16:33:49] ✅ Simulated VPN activation successful (flag created).
[2026-02-07 16:33:49] ---- Check complete: PASS (Simulated) ----

[2026-02-07 16:48:55] ---- Starting VPN Auto-Detect/Activate check ----
[2026-02-07 16:48:55] Simulating connection to SSID BART-WiFi
[2026-02-07 16:48:55] ⚠️ VPN not active. Initiating simulation/fallback.
[2026-02-07 16:48:55] ✅ Simulated VPN activation successful (flag created).
[2026-02-07 16:48:55] ---- Check complete: PASS (Simulated) ----

[2026-02-07 17:04:01] ---- Starting VPN Auto-Detect/Activate check ----
[2026-02-07 17:04:01] Simulating connection to SSID BART-WiFi
[2026-02-07 17:04:01] ⚠️ VPN not active. Initiating simulation/fallback.
[2026-02-07 17:04:01] ✅ Simulated VPN activation successful (flag created).
[2026-02-07 17:04:01] ---- Check complete: PASS (Simulated) ----

[2026-02-07 17:19:07] ---- Starting VPN Auto-Detect/Activate check ----
[2026-02-07 17:19:07] Simulating connection to SSID BART-WiFi
[2026-02-07 17:19:07] ⚠️ VPN not active. Initiating simulation/fallback.
[2026-02-07 17:19:07] ✅ Simulated VPN activation successful (flag created).
[2026-02-07 17:19:07] ---- Check complete: PASS (Simulated) ----

[2026-02-07 17:34:13] ---- Starting VPN Auto-Detect/Activate check ----
[2026-02-07 17:34:13] Simulating connection to SSID BART-WiFi
[2026-02-07 17:34:13] ⚠️ VPN not active. Initiating simulation/fallback.
[2026-02-07 17:34:13] ✅ Simulated VPN activation successful (flag created).
[2026-02-07 17:34:13] ---- Check complete: PASS (Simulated) ----

[2026-02-07 17:49:21] ---- Starting VPN Auto-Detect/Activate check ----
[2026-02-07 17:49:21] Simulating connection to SSID BART-WiFi
[2026-02-07 17:49:21] ⚠️ VPN not active. Initiating simulation/fallback.
[2026-02-07 17:49:21] ✅ Simulated VPN activation successful (flag created).
[2026-02-07 17:49:21] ---- Check complete: PASS (Simulated) ----

[2026-02-07 18:04:29] ---- Starting VPN Auto-Detect/Activate check ----
[2026-02-07 18:04:29] Simulating connection to SSID BART-WiFi
[2026-02-07 18:04:29] ⚠️ VPN not active. Initiating simulation/fallback.
[2026-02-07 18:04:29] ✅ Simulated VPN activation successful (flag created).
[2026-02-07 18:04:29] ---- Check complete: PASS (Simulated) ----

[2026-02-07 18:19:36] ---- Starting VPN Auto-Detect/Activate check ----
[2026-02-07 18:19:36] Simulating connection to SSID BART-WiFi
[2026-02-07 18:19:36] ⚠️ VPN not active. Initiating simulation/fallback.
[2026-02-07 18:19:36] ✅ Simulated VPN activation successful (flag created).
[2026-02-07 18:19:36] ---- Check complete: PASS (Simulated) ----

[2026-02-07 18:34:42] ---- Starting VPN Auto-Detect/Activate check ----
[2026-02-07 18:34:42] Simulating connection to SSID BART-WiFi
[2026-02-07 18:34:42] ⚠️ VPN not active. Initiating simulation/fallback.
[2026-02-07 18:34:42] ✅ Simulated VPN activation successful (flag created).
[2026-02-07 18:34:42] ---- Check complete: PASS (Simulated) ----

[2026-02-07 18:49:50] ---- Starting VPN Auto-Detect/Activate check ----
[2026-02-07 18:49:50] Simulating connection to SSID BART-WiFi
[2026-02-07 18:49:50] ⚠️ VPN not active. Initiating simulation/fallback.
[2026-02-07 18:49:50] ✅ Simulated VPN activation successful (flag created).
[2026-02-07 18:49:50] ---- Check complete: PASS (Simulated) ----

[2026-02-07 19:04:55] ---- Starting VPN Auto-Detect/Activate check ----
[2026-02-07 19:04:55] Simulating connection to SSID BART-WiFi
[2026-02-07 19:04:55] ⚠️ VPN not active. Initiating simulation/fallback.
[2026-02-07 19:04:55] ✅ Simulated VPN activation successful (flag created).
[2026-02-07 19:04:55] ---- Check complete: PASS (Simulated) ----

[2026-02-07 19:20:00] ---- Starting VPN Auto-Detect/Activate check ----
[2026-02-07 19:20:00] Simulating connection to SSID BART-WiFi
[2026-02-07 19:20:00] ⚠️ VPN not active. Initiating simulation/fallback.
[2026-02-07 19:20:00] ✅ Simulated VPN activation successful (flag created).
[2026-02-07 19:20:00] ---- Check complete: PASS (Simulated) ----

[2026-02-07 19:35:05] ---- Starting VPN Auto-Detect/Activate check ----
[2026-02-07 19:35:05] Simulating connection to SSID BART-WiFi
[2026-02-07 19:35:05] ⚠️ VPN not active. Initiating simulation/fallback.
[2026-02-07 19:35:05] ✅ Simulated VPN activation successful (flag created).
[2026-02-07 19:35:05] ---- Check complete: PASS (Simulated) ----

[2026-02-07 19:50:11] ---- Starting VPN Auto-Detect/Activate check ----
[2026-02-07 19:50:11] Simulating connection to SSID BART-WiFi
[2026-02-07 19:50:11] ⚠️ VPN not active. Initiating simulation/fallback.
[2026-02-07 19:50:11] ✅ Simulated VPN activation successful (flag created).
[2026-02-07 19:50:11] ---- Check complete: PASS (Simulated) ----

[2026-02-07 20:05:16] ---- Starting VPN Auto-Detect/Activate check ----
[2026-02-07 20:05:16] Simulating connection to SSID BART-WiFi
[2026-02-07 20:05:16] ⚠️ VPN not active. Initiating simulation/fallback.
[2026-02-07 20:05:16] ✅ Simulated VPN activation successful (flag created).
[2026-02-07 20:05:16] ---- Check complete: PASS (Simulated) ----

[2026-02-07 20:20:22] ---- Starting VPN Auto-Detect/Activate check ----
[2026-02-07 20:20:22] Simulating connection to SSID BART-WiFi
[2026-02-07 20:20:22] ⚠️ VPN not active. Initiating simulation/fallback.
[2026-02-07 20:20:22] ✅ Simulated VPN activation successful (flag created).
[2026-02-07 20:20:22] ---- Check complete: PASS (Simulated) ----

[2026-02-07 20:35:27] ---- Starting VPN Auto-Detect/Activate check ----
[2026-02-07 20:35:27] Simulating connection to SSID BART-WiFi
[2026-02-07 20:35:27] ⚠️ VPN not active. Initiating simulation/fallback.
[2026-02-07 20:35:27] ✅ Simulated VPN activation successful (flag created).
[2026-02-07 20:35:27] ---- Check complete: PASS (Simulated) ----

[2026-02-07 20:50:31] ---- Starting VPN Auto-Detect/Activate check ----
[2026-02-07 20:50:31] Simulating connection to SSID BART-WiFi
[2026-02-07 20:50:31] ⚠️ VPN not active. Initiating simulation/fallback.
[2026-02-07 20:50:31] ✅ Simulated VPN activation successful (flag created).
[2026-02-07 20:50:31] ---- Check complete: PASS (Simulated) ----

[2026-02-07 21:05:36] ---- Starting VPN Auto-Detect/Activate check ----
[2026-02-07 21:05:36] Simulating connection to SSID BART-WiFi
[2026-02-07 21:05:36] ⚠️ VPN not active. Initiating simulation/fallback.
[2026-02-07 21:05:36] ✅ Simulated VPN activation successful (flag created).
[2026-02-07 21:05:36] ---- Check complete: PASS (Simulated) ----

[2026-02-07 21:20:41] ---- Starting VPN Auto-Detect/Activate check ----
[2026-02-07 21:20:41] Simulating connection to SSID BART-WiFi
[2026-02-07 21:20:41] ⚠️ VPN not active. Initiating simulation/fallback.
[2026-02-07 21:20:41] ✅ Simulated VPN activation successful (flag created).
[2026-02-07 21:20:41] ---- Check complete: PASS (Simulated) ----

[2026-02-07 21:35:46] ---- Starting VPN Auto-Detect/Activate check ----
[2026-02-07 21:35:46] Simulating connection to SSID BART-WiFi
[2026-02-07 21:35:46] ⚠️ VPN not active. Initiating simulation/fallback.
[2026-02-07 21:35:46] ✅ Simulated VPN activation successful (flag created).
[2026-02-07 21:35:46] ---- Check complete: PASS (Simulated) ----

[2026-02-07 21:50:51] ---- Starting VPN Auto-Detect/Activate check ----
[2026-02-07 21:50:51] Simulating connection to SSID BART-WiFi
[2026-02-07 21:50:51] ⚠️ VPN not active. Initiating simulation/fallback.
[2026-02-07 21:50:51] ✅ Simulated VPN activation successful (flag created).
[2026-02-07 21:50:51] ---- Check complete: PASS (Simulated) ----

[2026-02-07 22:05:56] ---- Starting VPN Auto-Detect/Activate check ----
[2026-02-07 22:05:56] Simulating connection to SSID BART-WiFi
[2026-02-07 22:05:56] ⚠️ VPN not active. Initiating simulation/fallback.
[2026-02-07 22:05:56] ✅ Simulated VPN activation successful (flag created).
[2026-02-07 22:05:56] ---- Check complete: PASS (Simulated) ----

[2026-02-07 22:21:01] ---- Starting VPN Auto-Detect/Activate check ----
[2026-02-07 22:21:01] Simulating connection to SSID BART-WiFi
[2026-02-07 22:21:01] ⚠️ VPN not active. Initiating simulation/fallback.
[2026-02-07 22:21:01] ✅ Simulated VPN activation successful (flag created).
[2026-02-07 22:21:01] ---- Check complete: PASS (Simulated) ----

[2026-02-07 22:36:07] ---- Starting VPN Auto-Detect/Activate check ----
[2026-02-07 22:36:07] Simulating connection to SSID BART-WiFi
[2026-02-07 22:36:07] ⚠️ VPN not active. Initiating simulation/fallback.
[2026-02-07 22:36:07] ✅ Simulated VPN activation successful (flag created).
[2026-02-07 22:36:07] ---- Check complete: PASS (Simulated) ----

[2026-02-07 22:51:13] ---- Starting VPN Auto-Detect/Activate check ----
[2026-02-07 22:51:13] Simulating connection to SSID BART-WiFi
[2026-02-07 22:51:13] ⚠️ VPN not active. Initiating simulation/fallback.
[2026-02-07 22:51:13] ✅ Simulated VPN activation successful (flag created).
[2026-02-07 22:51:13] ---- Check complete: PASS (Simulated) ----

[2026-02-07 23:06:20] ---- Starting VPN Auto-Detect/Activate check ----
[2026-02-07 23:06:20] Simulating connection to SSID BART-WiFi
[2026-02-07 23:06:20] ⚠️ VPN not active. Initiating simulation/fallback.
[2026-02-07 23:06:20] ✅ Simulated VPN activation successful (flag created).
[2026-02-07 23:06:20] ---- Check complete: PASS (Simulated) ----

[2026-02-07 23:21:26] ---- Starting VPN Auto-Detect/Activate check ----
[2026-02-07 23:21:26] Simulating connection to SSID BART-WiFi
[2026-02-07 23:21:26] ⚠️ VPN not active. Initiating simulation/fallback.
[2026-02-07 23:21:26] ✅ Simulated VPN activation successful (flag created).
[2026-02-07 23:21:26] ---- Check complete: PASS (Simulated) ----

[2026-02-07 23:36:31] ---- Starting VPN Auto-Detect/Activate check ----
[2026-02-07 23:36:31] Simulating connection to SSID BART-WiFi
[2026-02-07 23:36:31] ⚠️ VPN not active. Initiating simulation/fallback.
[2026-02-07 23:36:31] ✅ Simulated VPN activation successful (flag created).
[2026-02-07 23:36:31] ---- Check complete: PASS (Simulated) ----

[2026-02-07 23:51:37] ---- Starting VPN Auto-Detect/Activate check ----
[2026-02-07 23:51:37] Simulating connection to SSID BART-WiFi
[2026-02-07 23:51:37] ⚠️ VPN not active. Initiating simulation/fallback.
[2026-02-07 23:51:37] ✅ Simulated VPN activation successful (flag created).
[2026-02-07 23:51:37] ---- Check complete: PASS (Simulated) ----

[2026-02-08 00:06:42] ---- Starting VPN Auto-Detect/Activate check ----
[2026-02-08 00:06:42] Simulating connection to SSID BART-WiFi
[2026-02-08 00:06:42] ⚠️ VPN not active. Initiating simulation/fallback.
[2026-02-08 00:06:42] ✅ Simulated VPN activation successful (flag created).
[2026-02-08 00:06:42] ---- Check complete: PASS (Simulated) ----

[2026-02-08 00:21:49] ---- Starting VPN Auto-Detect/Activate check ----
[2026-02-08 00:21:49] Simulating connection to SSID BART-WiFi
[2026-02-08 00:21:49] ⚠️ VPN not active. Initiating simulation/fallback.
[2026-02-08 00:21:49] ✅ Simulated VPN activation successful (flag created).
[2026-02-08 00:21:49] ---- Check complete: PASS (Simulated) ----

[2026-02-08 00:36:56] ---- Starting VPN Auto-Detect/Activate check ----
[2026-02-08 00:36:56] Simulating connection to SSID BART-WiFi
[2026-02-08 00:36:56] ⚠️ VPN not active. Initiating simulation/fallback.
[2026-02-08 00:36:56] ✅ Simulated VPN activation successful (flag created).
[2026-02-08 00:36:56] ---- Check complete: PASS (Simulated) ----

[2026-02-08 00:52:02] ---- Starting VPN Auto-Detect/Activate check ----
[2026-02-08 00:52:02] Simulating connection to SSID BART-WiFi
[2026-02-08 00:52:02] ⚠️ VPN not active. Initiating simulation/fallback.
[2026-02-08 00:52:02] ✅ Simulated VPN activation successful (flag created).
[2026-02-08 00:52:02] ---- Check complete: PASS (Simulated) ----

[2026-02-08 01:07:08] ---- Starting VPN Auto-Detect/Activate check ----
[2026-02-08 01:07:08] Simulating connection to SSID BART-WiFi
[2026-02-08 01:07:08] ⚠️ VPN not active. Initiating simulation/fallback.
[2026-02-08 01:07:08] ✅ Simulated VPN activation successful (flag created).
[2026-02-08 01:07:08] ---- Check complete: PASS (Simulated) ----

[2026-02-08 01:22:16] ---- Starting VPN Auto-Detect/Activate check ----
[2026-02-08 01:22:16] Simulating connection to SSID BART-WiFi
[2026-02-08 01:22:16] ⚠️ VPN not active. Initiating simulation/fallback.
[2026-02-08 01:22:16] ✅ Simulated VPN activation successful (flag created).
[2026-02-08 01:22:16] ---- Check complete: PASS (Simulated) ----

[2026-02-08 01:37:22] ---- Starting VPN Auto-Detect/Activate check ----
[2026-02-08 01:37:22] Simulating connection to SSID BART-WiFi
[2026-02-08 01:37:22] ⚠️ VPN not active. Initiating simulation/fallback.
[2026-02-08 01:37:22] ✅ Simulated VPN activation successful (flag created).
[2026-02-08 01:37:22] ---- Check complete: PASS (Simulated) ----

[2026-02-08 01:52:28] ---- Starting VPN Auto-Detect/Activate check ----
[2026-02-08 01:52:28] Simulating connection to SSID BART-WiFi
[2026-02-08 01:52:28] ⚠️ VPN not active. Initiating simulation/fallback.
[2026-02-08 01:52:28] ✅ Simulated VPN activation successful (flag created).
[2026-02-08 01:52:28] ---- Check complete: PASS (Simulated) ----

[2026-02-08 02:07:34] ---- Starting VPN Auto-Detect/Activate check ----
[2026-02-08 02:07:34] Simulating connection to SSID BART-WiFi
[2026-02-08 02:07:34] ⚠️ VPN not active. Initiating simulation/fallback.
[2026-02-08 02:07:34] ✅ Simulated VPN activation successful (flag created).
[2026-02-08 02:07:34] ---- Check complete: PASS (Simulated) ----

[2026-02-08 02:22:39] ---- Starting VPN Auto-Detect/Activate check ----
[2026-02-08 02:22:39] Simulating connection to SSID BART-WiFi
[2026-02-08 02:22:39] ⚠️ VPN not active. Initiating simulation/fallback.
[2026-02-08 02:22:39] ✅ Simulated VPN activation successful (flag created).
[2026-02-08 02:22:39] ---- Check complete: PASS (Simulated) ----

[2026-02-08 02:37:45] ---- Starting VPN Auto-Detect/Activate check ----
[2026-02-08 02:37:45] Simulating connection to SSID BART-WiFi
[2026-02-08 02:37:45] ⚠️ VPN not active. Initiating simulation/fallback.
[2026-02-08 02:37:45] ✅ Simulated VPN activation successful (flag created).
[2026-02-08 02:37:45] ---- Check complete: PASS (Simulated) ----

[2026-02-08 02:52:52] ---- Starting VPN Auto-Detect/Activate check ----
[2026-02-08 02:52:52] Simulating connection to SSID BART-WiFi
[2026-02-08 02:52:52] ⚠️ VPN not active. Initiating simulation/fallback.
[2026-02-08 02:52:52] ✅ Simulated VPN activation successful (flag created).
[2026-02-08 02:52:52] ---- Check complete: PASS (Simulated) ----

[2026-02-08 03:07:57] ---- Starting VPN Auto-Detect/Activate check ----
[2026-02-08 03:07:57] Simulating connection to SSID BART-WiFi
[2026-02-08 03:07:57] ⚠️ VPN not active. Initiating simulation/fallback.
[2026-02-08 03:07:57] ✅ Simulated VPN activation successful (flag created).
[2026-02-08 03:07:57] ---- Check complete: PASS (Simulated) ----

[2026-02-08 03:23:04] ---- Starting VPN Auto-Detect/Activate check ----
[2026-02-08 03:23:04] Simulating connection to SSID BART-WiFi
[2026-02-08 03:23:04] ⚠️ VPN not active. Initiating simulation/fallback.
[2026-02-08 03:23:04] ✅ Simulated VPN activation successful (flag created).
[2026-02-08 03:23:04] ---- Check complete: PASS (Simulated) ----

[2026-02-08 03:38:10] ---- Starting VPN Auto-Detect/Activate check ----
[2026-02-08 03:38:10] Simulating connection to SSID BART-WiFi
[2026-02-08 03:38:10] ⚠️ VPN not active. Initiating simulation/fallback.
[2026-02-08 03:38:10] ✅ Simulated VPN activation successful (flag created).
[2026-02-08 03:38:10] ---- Check complete: PASS (Simulated) ----

[2026-02-08 03:53:16] ---- Starting VPN Auto-Detect/Activate check ----
[2026-02-08 03:53:16] Simulating connection to SSID BART-WiFi
[2026-02-08 03:53:16] ⚠️ VPN not active. Initiating simulation/fallback.
[2026-02-08 03:53:16] ✅ Simulated VPN activation successful (flag created).
[2026-02-08 03:53:16] ---- Check complete: PASS (Simulated) ----

[2026-02-08 04:08:22] ---- Starting VPN Auto-Detect/Activate check ----
[2026-02-08 04:08:22] Simulating connection to SSID BART-WiFi
[2026-02-08 04:08:22] ⚠️ VPN not active. Initiating simulation/fallback.
[2026-02-08 04:08:22] ✅ Simulated VPN activation successful (flag created).
[2026-02-08 04:08:22] ---- Check complete: PASS (Simulated) ----

[2026-02-08 04:23:29] ---- Starting VPN Auto-Detect/Activate check ----
[2026-02-08 04:23:29] Simulating connection to SSID BART-WiFi
[2026-02-08 04:23:29] ⚠️ VPN not active. Initiating simulation/fallback.
[2026-02-08 04:23:29] ✅ Simulated VPN activation successful (flag created).
[2026-02-08 04:23:29] ---- Check complete: PASS (Simulated) ----

[2026-02-08 04:38:35] ---- Starting VPN Auto-Detect/Activate check ----
[2026-02-08 04:38:35] Simulating connection to SSID BART-WiFi
[2026-02-08 04:38:35] ⚠️ VPN not active. Initiating simulation/fallback.
[2026-02-08 04:38:35] ✅ Simulated VPN activation successful (flag created).
[2026-02-08 04:38:35] ---- Check complete: PASS (Simulated) ----

[2026-02-08 04:53:41] ---- Starting VPN Auto-Detect/Activate check ----
[2026-02-08 04:53:41] Simulating connection to SSID BART-WiFi
[2026-02-08 04:53:41] ⚠️ VPN not active. Initiating simulation/fallback.
[2026-02-08 04:53:41] ✅ Simulated VPN activation successful (flag created).
[2026-02-08 04:53:41] ---- Check complete: PASS (Simulated) ----

[2026-02-08 05:08:48] ---- Starting VPN Auto-Detect/Activate check ----
[2026-02-08 05:08:48] Simulating connection to SSID BART-WiFi
[2026-02-08 05:08:48] ⚠️ VPN not active. Initiating simulation/fallback.
[2026-02-08 05:08:48] ✅ Simulated VPN activation successful (flag created).
[2026-02-08 05:08:48] ---- Check complete: PASS (Simulated) ----

[2026-02-08 05:23:53] ---- Starting VPN Auto-Detect/Activate check ----
[2026-02-08 05:23:53] Simulating connection to SSID BART-WiFi
[2026-02-08 05:23:53] ⚠️ VPN not active. Initiating simulation/fallback.
[2026-02-08 05:23:53] ✅ Simulated VPN activation successful (flag created).
[2026-02-08 05:23:53] ---- Check complete: PASS (Simulated) ----

[2026-02-08 05:38:59] ---- Starting VPN Auto-Detect/Activate check ----
[2026-02-08 05:38:59] Simulating connection to SSID BART-WiFi
[2026-02-08 05:38:59] ⚠️ VPN not active. Initiating simulation/fallback.
[2026-02-08 05:38:59] ✅ Simulated VPN activation successful (flag created).
[2026-02-08 05:38:59] ---- Check complete: PASS (Simulated) ----

[2026-02-08 05:54:05] ---- Starting VPN Auto-Detect/Activate check ----
[2026-02-08 05:54:05] Simulating connection to SSID BART-WiFi
[2026-02-08 05:54:05] ⚠️ VPN not active. Initiating simulation/fallback.
[2026-02-08 05:54:05] ✅ Simulated VPN activation successful (flag created).
[2026-02-08 05:54:05] ---- Check complete: PASS (Simulated) ----

[2026-02-08 06:09:11] ---- Starting VPN Auto-Detect/Activate check ----
[2026-02-08 06:09:11] Simulating connection to SSID BART-WiFi
[2026-02-08 06:09:11] ⚠️ VPN not active. Initiating simulation/fallback.
[2026-02-08 06:09:11] ✅ Simulated VPN activation successful (flag created).
[2026-02-08 06:09:11] ---- Check complete: PASS (Simulated) ----

[2026-02-08 06:24:17] ---- Starting VPN Auto-Detect/Activate check ----
[2026-02-08 06:24:17] Simulating connection to SSID BART-WiFi
[2026-02-08 06:24:17] ⚠️ VPN not active. Initiating simulation/fallback.
[2026-02-08 06:24:17] ✅ Simulated VPN activation successful (flag created).
[2026-02-08 06:24:17] ---- Check complete: PASS (Simulated) ----

[2026-02-08 06:39:25] ---- Starting VPN Auto-Detect/Activate check ----
[2026-02-08 06:39:25] Simulating connection to SSID BART-WiFi
[2026-02-08 06:39:25] ⚠️ VPN not active. Initiating simulation/fallback.
[2026-02-08 06:39:25] ✅ Simulated VPN activation successful (flag created).
[2026-02-08 06:39:25] ---- Check complete: PASS (Simulated) ----

[2026-02-08 06:54:31] ---- Starting VPN Auto-Detect/Activate check ----
[2026-02-08 06:54:31] Simulating connection to SSID BART-WiFi
[2026-02-08 06:54:31] ⚠️ VPN not active. Initiating simulation/fallback.
[2026-02-08 06:54:31] ✅ Simulated VPN activation successful (flag created).
[2026-02-08 06:54:31] ---- Check complete: PASS (Simulated) ----

[2026-02-08 07:09:38] ---- Starting VPN Auto-Detect/Activate check ----
[2026-02-08 07:09:38] Simulating connection to SSID BART-WiFi
[2026-02-08 07:09:38] ⚠️ VPN not active. Initiating simulation/fallback.
[2026-02-08 07:09:38] ✅ Simulated VPN activation successful (flag created).
[2026-02-08 07:09:38] ---- Check complete: PASS (Simulated) ----

[2026-02-08 07:24:44] ---- Starting VPN Auto-Detect/Activate check ----
[2026-02-08 07:24:44] Simulating connection to SSID BART-WiFi
[2026-02-08 07:24:44] ⚠️ VPN not active. Initiating simulation/fallback.
[2026-02-08 07:24:44] ✅ Simulated VPN activation successful (flag created).
[2026-02-08 07:24:44] ---- Check complete: PASS (Simulated) ----

[2026-02-08 07:39:51] ---- Starting VPN Auto-Detect/Activate check ----
[2026-02-08 07:39:51] Simulating connection to SSID BART-WiFi
[2026-02-08 07:39:51] ⚠️ VPN not active. Initiating simulation/fallback.
[2026-02-08 07:39:51] ✅ Simulated VPN activation successful (flag created).
[2026-02-08 07:39:51] ---- Check complete: PASS (Simulated) ----

[2026-02-08 07:54:57] ---- Starting VPN Auto-Detect/Activate check ----
[2026-02-08 07:54:57] Simulating connection to SSID BART-WiFi
[2026-02-08 07:54:57] ⚠️ VPN not active. Initiating simulation/fallback.
[2026-02-08 07:54:57] ✅ Simulated VPN activation successful (flag created).
[2026-02-08 07:54:57] ---- Check complete: PASS (Simulated) ----

[2026-02-08 08:10:03] ---- Starting VPN Auto-Detect/Activate check ----
[2026-02-08 08:10:03] Simulating connection to SSID BART-WiFi
[2026-02-08 08:10:03] ⚠️ VPN not active. Initiating simulation/fallback.
[2026-02-08 08:10:03] ✅ Simulated VPN activation successful (flag created).
[2026-02-08 08:10:03] ---- Check complete: PASS (Simulated) ----

[2026-02-08 08:25:10] ---- Starting VPN Auto-Detect/Activate check ----
[2026-02-08 08:25:10] Simulating connection to SSID BART-WiFi
[2026-02-08 08:25:10] ⚠️ VPN not active. Initiating simulation/fallback.
[2026-02-08 08:25:10] ✅ Simulated VPN activation successful (flag created).
[2026-02-08 08:25:10] ---- Check complete: PASS (Simulated) ----

[2026-02-08 08:40:16] ---- Starting VPN Auto-Detect/Activate check ----
[2026-02-08 08:40:16] Simulating connection to SSID BART-WiFi
[2026-02-08 08:40:16] ⚠️ VPN not active. Initiating simulation/fallback.
[2026-02-08 08:40:16] ✅ Simulated VPN activation successful (flag created).
[2026-02-08 08:40:16] ---- Check complete: PASS (Simulated) ----

[2026-02-08 08:55:22] ---- Starting VPN Auto-Detect/Activate check ----
[2026-02-08 08:55:22] Simulating connection to SSID BART-WiFi
[2026-02-08 08:55:22] ⚠️ VPN not active. Initiating simulation/fallback.
[2026-02-08 08:55:22] ✅ Simulated VPN activation successful (flag created).
[2026-02-08 08:55:22] ---- Check complete: PASS (Simulated) ----

[2026-02-08 09:10:27] ---- Starting VPN Auto-Detect/Activate check ----
[2026-02-08 09:10:27] Simulating connection to SSID BART-WiFi
[2026-02-08 09:10:27] ⚠️ VPN not active. Initiating simulation/fallback.
[2026-02-08 09:10:27] ✅ Simulated VPN activation successful (flag created).
[2026-02-08 09:10:27] ---- Check complete: PASS (Simulated) ----

[2026-02-08 09:25:33] ---- Starting VPN Auto-Detect/Activate check ----
[2026-02-08 09:25:33] Simulating connection to SSID BART-WiFi
[2026-02-08 09:25:33] ⚠️ VPN not active. Initiating simulation/fallback.
[2026-02-08 09:25:33] ✅ Simulated VPN activation successful (flag created).
[2026-02-08 09:25:33] ---- Check complete: PASS (Simulated) ----

[2026-02-08 09:40:38] ---- Starting VPN Auto-Detect/Activate check ----
[2026-02-08 09:40:38] Simulating connection to SSID BART-WiFi
[2026-02-08 09:40:38] ⚠️ VPN not active. Initiating simulation/fallback.
[2026-02-08 09:40:38] ✅ Simulated VPN activation successful (flag created).
[2026-02-08 09:40:38] ---- Check complete: PASS (Simulated) ----

[2026-02-08 09:55:44] ---- Starting VPN Auto-Detect/Activate check ----
[2026-02-08 09:55:44] Simulating connection to SSID BART-WiFi
[2026-02-08 09:55:44] ⚠️ VPN not active. Initiating simulation/fallback.
[2026-02-08 09:55:44] ✅ Simulated VPN activation successful (flag created).
[2026-02-08 09:55:44] ---- Check complete: PASS (Simulated) ----

[2026-02-08 10:10:49] ---- Starting VPN Auto-Detect/Activate check ----
[2026-02-08 10:10:49] Simulating connection to SSID BART-WiFi
[2026-02-08 10:10:50] ⚠️ VPN not active. Initiating simulation/fallback.
[2026-02-08 10:10:50] ✅ Simulated VPN activation successful (flag created).
[2026-02-08 10:10:50] ---- Check complete: PASS (Simulated) ----

[2026-02-08 10:25:55] ---- Starting VPN Auto-Detect/Activate check ----
[2026-02-08 10:25:55] Simulating connection to SSID BART-WiFi
[2026-02-08 10:25:55] ⚠️ VPN not active. Initiating simulation/fallback.
[2026-02-08 10:25:55] ✅ Simulated VPN activation successful (flag created).
[2026-02-08 10:25:55] ---- Check complete: PASS (Simulated) ----

[2026-02-08 10:41:01] ---- Starting VPN Auto-Detect/Activate check ----
[2026-02-08 10:41:01] Simulating connection to SSID BART-WiFi
[2026-02-08 10:41:01] ⚠️ VPN not active. Initiating simulation/fallback.
[2026-02-08 10:41:01] ✅ Simulated VPN activation successful (flag created).
[2026-02-08 10:41:01] ---- Check complete: PASS (Simulated) ----

[2026-02-08 10:56:07] ---- Starting VPN Auto-Detect/Activate check ----
[2026-02-08 10:56:07] Simulating connection to SSID BART-WiFi
[2026-02-08 10:56:07] ⚠️ VPN not active. Initiating simulation/fallback.
[2026-02-08 10:56:07] ✅ Simulated VPN activation successful (flag created).
[2026-02-08 10:56:07] ---- Check complete: PASS (Simulated) ----

[2026-02-08 11:11:13] ---- Starting VPN Auto-Detect/Activate check ----
[2026-02-08 11:11:13] Simulating connection to SSID BART-WiFi
[2026-02-08 11:11:13] ⚠️ VPN not active. Initiating simulation/fallback.
[2026-02-08 11:11:13] ✅ Simulated VPN activation successful (flag created).
[2026-02-08 11:11:13] ---- Check complete: PASS (Simulated) ----

[2026-02-08 11:26:21] ---- Starting VPN Auto-Detect/Activate check ----
[2026-02-08 11:26:21] Simulating connection to SSID BART-WiFi
[2026-02-08 11:26:21] ⚠️ VPN not active. Initiating simulation/fallback.
[2026-02-08 11:26:21] ✅ Simulated VPN activation successful (flag created).
[2026-02-08 11:26:21] ---- Check complete: PASS (Simulated) ----

[2026-02-08 11:41:28] ---- Starting VPN Auto-Detect/Activate check ----
[2026-02-08 11:41:28] Simulating connection to SSID BART-WiFi
[2026-02-08 11:41:28] ⚠️ VPN not active. Initiating simulation/fallback.
[2026-02-08 11:41:28] ✅ Simulated VPN activation successful (flag created).
[2026-02-08 11:41:28] ---- Check complete: PASS (Simulated) ----

[2026-02-08 11:56:33] ---- Starting VPN Auto-Detect/Activate check ----
[2026-02-08 11:56:33] Simulating connection to SSID BART-WiFi
[2026-02-08 11:56:33] ⚠️ VPN not active. Initiating simulation/fallback.
[2026-02-08 11:56:33] ✅ Simulated VPN activation successful (flag created).
[2026-02-08 11:56:33] ---- Check complete: PASS (Simulated) ----

[2026-02-08 12:11:38] ---- Starting VPN Auto-Detect/Activate check ----
[2026-02-08 12:11:38] Simulating connection to SSID BART-WiFi
[2026-02-08 12:11:38] ⚠️ VPN not active. Initiating simulation/fallback.
[2026-02-08 12:11:38] ✅ Simulated VPN activation successful (flag created).
[2026-02-08 12:11:38] ---- Check complete: PASS (Simulated) ----

[2026-02-08 12:26:44] ---- Starting VPN Auto-Detect/Activate check ----
[2026-02-08 12:26:44] Simulating connection to SSID BART-WiFi
[2026-02-08 12:26:45] ⚠️ VPN not active. Initiating simulation/fallback.
[2026-02-08 12:26:45] ✅ Simulated VPN activation successful (flag created).
[2026-02-08 12:26:45] ---- Check complete: PASS (Simulated) ----

[2026-02-08 12:41:50] ---- Starting VPN Auto-Detect/Activate check ----
[2026-02-08 12:41:50] Simulating connection to SSID BART-WiFi
[2026-02-08 12:41:50] ⚠️ VPN not active. Initiating simulation/fallback.
[2026-02-08 12:41:50] ✅ Simulated VPN activation successful (flag created).
[2026-02-08 12:41:50] ---- Check complete: PASS (Simulated) ----

[2026-02-08 12:56:56] ---- Starting VPN Auto-Detect/Activate check ----
[2026-02-08 12:56:56] Simulating connection to SSID BART-WiFi
[2026-02-08 12:56:56] ⚠️ VPN not active. Initiating simulation/fallback.
[2026-02-08 12:56:56] ✅ Simulated VPN activation successful (flag created).
[2026-02-08 12:56:56] ---- Check complete: PASS (Simulated) ----

[2026-02-08 13:12:04] ---- Starting VPN Auto-Detect/Activate check ----
[2026-02-08 13:12:04] Simulating connection to SSID BART-WiFi
[2026-02-08 13:12:04] ⚠️ VPN not active. Initiating simulation/fallback.
[2026-02-08 13:12:04] ✅ Simulated VPN activation successful (flag created).
[2026-02-08 13:12:04] ---- Check complete: PASS (Simulated) ----

[2026-02-08 13:27:11] ---- Starting VPN Auto-Detect/Activate check ----
[2026-02-08 13:27:11] Simulating connection to SSID BART-WiFi
[2026-02-08 13:27:11] ⚠️ VPN not active. Initiating simulation/fallback.
[2026-02-08 13:27:11] ✅ Simulated VPN activation successful (flag created).
[2026-02-08 13:27:11] ---- Check complete: PASS (Simulated) ----

[2026-02-08 13:42:18] ---- Starting VPN Auto-Detect/Activate check ----
[2026-02-08 13:42:18] Simulating connection to SSID BART-WiFi
[2026-02-08 13:42:18] ⚠️ VPN not active. Initiating simulation/fallback.
[2026-02-08 13:42:18] ✅ Simulated VPN activation successful (flag created).
[2026-02-08 13:42:18] ---- Check complete: PASS (Simulated) ----

[2026-02-08 13:57:24] ---- Starting VPN Auto-Detect/Activate check ----
[2026-02-08 13:57:24] Simulating connection to SSID BART-WiFi
[2026-02-08 13:57:24] ⚠️ VPN not active. Initiating simulation/fallback.
[2026-02-08 13:57:24] ✅ Simulated VPN activation successful (flag created).
[2026-02-08 13:57:24] ---- Check complete: PASS (Simulated) ----

[2026-02-08 14:12:29] ---- Starting VPN Auto-Detect/Activate check ----
[2026-02-08 14:12:29] Simulating connection to SSID BART-WiFi
[2026-02-08 14:12:29] ⚠️ VPN not active. Initiating simulation/fallback.
[2026-02-08 14:12:29] ✅ Simulated VPN activation successful (flag created).
[2026-02-08 14:12:29] ---- Check complete: PASS (Simulated) ----

[2026-02-08 14:27:35] ---- Starting VPN Auto-Detect/Activate check ----
[2026-02-08 14:27:35] Simulating connection to SSID BART-WiFi
[2026-02-08 14:27:35] ⚠️ VPN not active. Initiating simulation/fallback.
[2026-02-08 14:27:35] ✅ Simulated VPN activation successful (flag created).
[2026-02-08 14:27:35] ---- Check complete: PASS (Simulated) ----

[2026-02-08 14:42:40] ---- Starting VPN Auto-Detect/Activate check ----
[2026-02-08 14:42:40] Simulating connection to SSID BART-WiFi
[2026-02-08 14:42:40] ⚠️ VPN not active. Initiating simulation/fallback.
[2026-02-08 14:42:40] ✅ Simulated VPN activation successful (flag created).
[2026-02-08 14:42:40] ---- Check complete: PASS (Simulated) ----

[2026-02-08 14:57:46] ---- Starting VPN Auto-Detect/Activate check ----
[2026-02-08 14:57:46] Simulating connection to SSID BART-WiFi
[2026-02-08 14:57:46] ⚠️ VPN not active. Initiating simulation/fallback.
[2026-02-08 14:57:46] ✅ Simulated VPN activation successful (flag created).
[2026-02-08 14:57:46] ---- Check complete: PASS (Simulated) ----

[2026-02-08 15:12:51] ---- Starting VPN Auto-Detect/Activate check ----
[2026-02-08 15:12:51] Simulating connection to SSID BART-WiFi
[2026-02-08 15:12:51] ⚠️ VPN not active. Initiating simulation/fallback.
[2026-02-08 15:12:51] ✅ Simulated VPN activation successful (flag created).
[2026-02-08 15:12:51] ---- Check complete: PASS (Simulated) ----

[2026-02-08 15:27:56] ---- Starting VPN Auto-Detect/Activate check ----
[2026-02-08 15:27:56] Simulating connection to SSID BART-WiFi
[2026-02-08 15:27:56] ⚠️ VPN not active. Initiating simulation/fallback.
[2026-02-08 15:27:56] ✅ Simulated VPN activation successful (flag created).
[2026-02-08 15:27:56] ---- Check complete: PASS (Simulated) ----

[2026-02-08 15:43:01] ---- Starting VPN Auto-Detect/Activate check ----
[2026-02-08 15:43:01] Simulating connection to SSID BART-WiFi
[2026-02-08 15:43:01] ⚠️ VPN not active. Initiating simulation/fallback.
[2026-02-08 15:43:01] ✅ Simulated VPN activation successful (flag created).
[2026-02-08 15:43:01] ---- Check complete: PASS (Simulated) ----

[2026-02-08 15:58:06] ---- Starting VPN Auto-Detect/Activate check ----
[2026-02-08 15:58:06] Simulating connection to SSID BART-WiFi
[2026-02-08 15:58:06] ⚠️ VPN not active. Initiating simulation/fallback.
[2026-02-08 15:58:06] ✅ Simulated VPN activation successful (flag created).
[2026-02-08 15:58:06] ---- Check complete: PASS (Simulated) ----

[2026-02-08 16:13:11] ---- Starting VPN Auto-Detect/Activate check ----
[2026-02-08 16:13:11] Simulating connection to SSID BART-WiFi
[2026-02-08 16:13:11] ⚠️ VPN not active. Initiating simulation/fallback.
[2026-02-08 16:13:11] ✅ Simulated VPN activation successful (flag created).
[2026-02-08 16:13:11] ---- Check complete: PASS (Simulated) ----

[2026-02-08 16:28:16] ---- Starting VPN Auto-Detect/Activate check ----
[2026-02-08 16:28:16] Simulating connection to SSID BART-WiFi
[2026-02-08 16:28:16] ⚠️ VPN not active. Initiating simulation/fallback.
[2026-02-08 16:28:16] ✅ Simulated VPN activation successful (flag created).
[2026-02-08 16:28:16] ---- Check complete: PASS (Simulated) ----

[2026-02-08 16:43:20] ---- Starting VPN Auto-Detect/Activate check ----
[2026-02-08 16:43:20] Simulating connection to SSID BART-WiFi
[2026-02-08 16:43:20] ⚠️ VPN not active. Initiating simulation/fallback.
[2026-02-08 16:43:20] ✅ Simulated VPN activation successful (flag created).
[2026-02-08 16:43:20] ---- Check complete: PASS (Simulated) ----

[2026-02-08 16:58:25] ---- Starting VPN Auto-Detect/Activate check ----
[2026-02-08 16:58:25] Simulating connection to SSID BART-WiFi
[2026-02-08 16:58:25] ⚠️ VPN not active. Initiating simulation/fallback.
[2026-02-08 16:58:25] ✅ Simulated VPN activation successful (flag created).
[2026-02-08 16:58:25] ---- Check complete: PASS (Simulated) ----

[2026-02-08 17:13:29] ---- Starting VPN Auto-Detect/Activate check ----
[2026-02-08 17:13:29] Simulating connection to SSID BART-WiFi
[2026-02-08 17:13:29] ⚠️ VPN not active. Initiating simulation/fallback.
[2026-02-08 17:13:29] ✅ Simulated VPN activation successful (flag created).
[2026-02-08 17:13:29] ---- Check complete: PASS (Simulated) ----

[2026-02-08 17:28:34] ---- Starting VPN Auto-Detect/Activate check ----
[2026-02-08 17:28:34] Simulating connection to SSID BART-WiFi
[2026-02-08 17:28:34] ⚠️ VPN not active. Initiating simulation/fallback.
[2026-02-08 17:28:34] ✅ Simulated VPN activation successful (flag created).
[2026-02-08 17:28:34] ---- Check complete: PASS (Simulated) ----

[2026-02-08 17:43:38] ---- Starting VPN Auto-Detect/Activate check ----
[2026-02-08 17:43:38] Simulating connection to SSID BART-WiFi
[2026-02-08 17:43:38] ⚠️ VPN not active. Initiating simulation/fallback.
[2026-02-08 17:43:38] ✅ Simulated VPN activation successful (flag created).
[2026-02-08 17:43:38] ---- Check complete: PASS (Simulated) ----

[2026-02-08 17:58:43] ---- Starting VPN Auto-Detect/Activate check ----
[2026-02-08 17:58:43] Simulating connection to SSID BART-WiFi
[2026-02-08 17:58:43] ⚠️ VPN not active. Initiating simulation/fallback.
[2026-02-08 17:58:43] ✅ Simulated VPN activation successful (flag created).
[2026-02-08 17:58:43] ---- Check complete: PASS (Simulated) ----

[2026-02-08 18:13:49] ---- Starting VPN Auto-Detect/Activate check ----
[2026-02-08 18:13:49] Simulating connection to SSID BART-WiFi
[2026-02-08 18:13:49] ⚠️ VPN not active. Initiating simulation/fallback.
[2026-02-08 18:13:49] ✅ Simulated VPN activation successful (flag created).
[2026-02-08 18:13:49] ---- Check complete: PASS (Simulated) ----

[2026-02-08 18:28:53] ---- Starting VPN Auto-Detect/Activate check ----
[2026-02-08 18:28:53] Simulating connection to SSID BART-WiFi
[2026-02-08 18:28:53] ⚠️ VPN not active. Initiating simulation/fallback.
[2026-02-08 18:28:53] ✅ Simulated VPN activation successful (flag created).
[2026-02-08 18:28:53] ---- Check complete: PASS (Simulated) ----

[2026-02-08 18:43:58] ---- Starting VPN Auto-Detect/Activate check ----
[2026-02-08 18:43:58] Simulating connection to SSID BART-WiFi
[2026-02-08 18:43:58] ⚠️ VPN not active. Initiating simulation/fallback.
[2026-02-08 18:43:58] ✅ Simulated VPN activation successful (flag created).
[2026-02-08 18:43:58] ---- Check complete: PASS (Simulated) ----

[2026-02-08 18:59:03] ---- Starting VPN Auto-Detect/Activate check ----
[2026-02-08 18:59:03] Simulating connection to SSID BART-WiFi
[2026-02-08 18:59:03] ⚠️ VPN not active. Initiating simulation/fallback.
[2026-02-08 18:59:03] ✅ Simulated VPN activation successful (flag created).
[2026-02-08 18:59:03] ---- Check complete: PASS (Simulated) ----

[2026-02-08 19:14:08] ---- Starting VPN Auto-Detect/Activate check ----
[2026-02-08 19:14:08] Simulating connection to SSID BART-WiFi
[2026-02-08 19:14:08] ⚠️ VPN not active. Initiating simulation/fallback.
[2026-02-08 19:14:08] ✅ Simulated VPN activation successful (flag created).
[2026-02-08 19:14:08] ---- Check complete: PASS (Simulated) ----

[2026-02-08 19:29:13] ---- Starting VPN Auto-Detect/Activate check ----
[2026-02-08 19:29:13] Simulating connection to SSID BART-WiFi
[2026-02-08 19:29:13] ⚠️ VPN not active. Initiating simulation/fallback.
[2026-02-08 19:29:13] ✅ Simulated VPN activation successful (flag created).
[2026-02-08 19:29:13] ---- Check complete: PASS (Simulated) ----

[2026-02-08 19:44:19] ---- Starting VPN Auto-Detect/Activate check ----
[2026-02-08 19:44:19] Simulating connection to SSID BART-WiFi
[2026-02-08 19:44:19] ⚠️ VPN not active. Initiating simulation/fallback.
[2026-02-08 19:44:19] ✅ Simulated VPN activation successful (flag created).
[2026-02-08 19:44:19] ---- Check complete: PASS (Simulated) ----

[2026-02-08 19:59:23] ---- Starting VPN Auto-Detect/Activate check ----
[2026-02-08 19:59:23] Simulating connection to SSID BART-WiFi
[2026-02-08 19:59:23] ⚠️ VPN not active. Initiating simulation/fallback.
[2026-02-08 19:59:23] ✅ Simulated VPN activation successful (flag created).
[2026-02-08 19:59:23] ---- Check complete: PASS (Simulated) ----

[2026-02-08 20:14:28] ---- Starting VPN Auto-Detect/Activate check ----
[2026-02-08 20:14:28] Simulating connection to SSID BART-WiFi
[2026-02-08 20:14:28] ⚠️ VPN not active. Initiating simulation/fallback.
[2026-02-08 20:14:28] ✅ Simulated VPN activation successful (flag created).
[2026-02-08 20:14:28] ---- Check complete: PASS (Simulated) ----

[2026-02-08 20:29:32] ---- Starting VPN Auto-Detect/Activate check ----
[2026-02-08 20:29:32] Simulating connection to SSID BART-WiFi
[2026-02-08 20:29:32] ⚠️ VPN not active. Initiating simulation/fallback.
[2026-02-08 20:29:32] ✅ Simulated VPN activation successful (flag created).
[2026-02-08 20:29:32] ---- Check complete: PASS (Simulated) ----

[2026-02-08 20:44:37] ---- Starting VPN Auto-Detect/Activate check ----
[2026-02-08 20:44:37] Simulating connection to SSID BART-WiFi
[2026-02-08 20:44:37] ⚠️ VPN not active. Initiating simulation/fallback.
[2026-02-08 20:44:37] ✅ Simulated VPN activation successful (flag created).
[2026-02-08 20:44:37] ---- Check complete: PASS (Simulated) ----

[2026-02-08 20:59:42] ---- Starting VPN Auto-Detect/Activate check ----
[2026-02-08 20:59:42] Simulating connection to SSID BART-WiFi
[2026-02-08 20:59:42] ⚠️ VPN not active. Initiating simulation/fallback.
[2026-02-08 20:59:42] ✅ Simulated VPN activation successful (flag created).
[2026-02-08 20:59:42] ---- Check complete: PASS (Simulated) ----

[2026-02-08 21:14:47] ---- Starting VPN Auto-Detect/Activate check ----
[2026-02-08 21:14:47] Simulating connection to SSID BART-WiFi
[2026-02-08 21:14:47] ⚠️ VPN not active. Initiating simulation/fallback.
[2026-02-08 21:14:48] ✅ Simulated VPN activation successful (flag created).
[2026-02-08 21:14:48] ---- Check complete: PASS (Simulated) ----

[2026-02-08 21:29:53] ---- Starting VPN Auto-Detect/Activate check ----
[2026-02-08 21:29:53] Simulating connection to SSID BART-WiFi
[2026-02-08 21:29:53] ⚠️ VPN not active. Initiating simulation/fallback.
[2026-02-08 21:29:53] ✅ Simulated VPN activation successful (flag created).
[2026-02-08 21:29:53] ---- Check complete: PASS (Simulated) ----

[2026-02-08 21:44:59] ---- Starting VPN Auto-Detect/Activate check ----
[2026-02-08 21:44:59] Simulating connection to SSID BART-WiFi
[2026-02-08 21:44:59] ⚠️ VPN not active. Initiating simulation/fallback.
[2026-02-08 21:44:59] ✅ Simulated VPN activation successful (flag created).
[2026-02-08 21:44:59] ---- Check complete: PASS (Simulated) ----

[2026-02-08 22:00:04] ---- Starting VPN Auto-Detect/Activate check ----
[2026-02-08 22:00:04] Simulating connection to SSID BART-WiFi
[2026-02-08 22:00:04] ⚠️ VPN not active. Initiating simulation/fallback.
[2026-02-08 22:00:04] ✅ Simulated VPN activation successful (flag created).
[2026-02-08 22:00:04] ---- Check complete: PASS (Simulated) ----

[2026-02-08 22:15:08] ---- Starting VPN Auto-Detect/Activate check ----
[2026-02-08 22:15:08] Simulating connection to SSID BART-WiFi
[2026-02-08 22:15:08] ⚠️ VPN not active. Initiating simulation/fallback.
[2026-02-08 22:15:08] ✅ Simulated VPN activation successful (flag created).
[2026-02-08 22:15:08] ---- Check complete: PASS (Simulated) ----

[2026-02-08 22:30:14] ---- Starting VPN Auto-Detect/Activate check ----
[2026-02-08 22:30:14] Simulating connection to SSID BART-WiFi
[2026-02-08 22:30:14] ⚠️ VPN not active. Initiating simulation/fallback.
[2026-02-08 22:30:14] ✅ Simulated VPN activation successful (flag created).
[2026-02-08 22:30:14] ---- Check complete: PASS (Simulated) ----

[2026-02-08 22:45:20] ---- Starting VPN Auto-Detect/Activate check ----
[2026-02-08 22:45:20] Simulating connection to SSID BART-WiFi
[2026-02-08 22:45:20] ⚠️ VPN not active. Initiating simulation/fallback.
[2026-02-08 22:45:20] ✅ Simulated VPN activation successful (flag created).
[2026-02-08 22:45:20] ---- Check complete: PASS (Simulated) ----

[2026-02-08 23:00:25] ---- Starting VPN Auto-Detect/Activate check ----
[2026-02-08 23:00:25] Simulating connection to SSID BART-WiFi
[2026-02-08 23:00:25] ⚠️ VPN not active. Initiating simulation/fallback.
[2026-02-08 23:00:25] ✅ Simulated VPN activation successful (flag created).
[2026-02-08 23:00:25] ---- Check complete: PASS (Simulated) ----

[2026-02-08 23:15:30] ---- Starting VPN Auto-Detect/Activate check ----
[2026-02-08 23:15:30] Simulating connection to SSID BART-WiFi
[2026-02-08 23:15:30] ⚠️ VPN not active. Initiating simulation/fallback.
[2026-02-08 23:15:30] ✅ Simulated VPN activation successful (flag created).
[2026-02-08 23:15:30] ---- Check complete: PASS (Simulated) ----

[2026-02-08 23:30:34] ---- Starting VPN Auto-Detect/Activate check ----
[2026-02-08 23:30:34] Simulating connection to SSID BART-WiFi
[2026-02-08 23:30:34] ⚠️ VPN not active. Initiating simulation/fallback.
[2026-02-08 23:30:35] ✅ Simulated VPN activation successful (flag created).
[2026-02-08 23:30:35] ---- Check complete: PASS (Simulated) ----

[2026-02-08 23:45:39] ---- Starting VPN Auto-Detect/Activate check ----
[2026-02-08 23:45:39] Simulating connection to SSID BART-WiFi
[2026-02-08 23:45:39] ⚠️ VPN not active. Initiating simulation/fallback.
[2026-02-08 23:45:39] ✅ Simulated VPN activation successful (flag created).
[2026-02-08 23:45:39] ---- Check complete: PASS (Simulated) ----

[2026-02-09 00:00:44] ---- Starting VPN Auto-Detect/Activate check ----
[2026-02-09 00:00:44] Simulating connection to SSID BART-WiFi
[2026-02-09 00:00:44] ⚠️ VPN not active. Initiating simulation/fallback.
[2026-02-09 00:00:44] ✅ Simulated VPN activation successful (flag created).
[2026-02-09 00:00:44] ---- Check complete: PASS (Simulated) ----

[2026-02-09 00:15:50] ---- Starting VPN Auto-Detect/Activate check ----
[2026-02-09 00:15:50] Simulating connection to SSID BART-WiFi
[2026-02-09 00:15:50] ⚠️ VPN not active. Initiating simulation/fallback.
[2026-02-09 00:15:50] ✅ Simulated VPN activation successful (flag created).
[2026-02-09 00:15:50] ---- Check complete: PASS (Simulated) ----

[2026-02-09 00:30:57] ---- Starting VPN Auto-Detect/Activate check ----
[2026-02-09 00:30:57] Simulating connection to SSID BART-WiFi
[2026-02-09 00:30:57] ⚠️ VPN not active. Initiating simulation/fallback.
[2026-02-09 00:30:57] ✅ Simulated VPN activation successful (flag created).
[2026-02-09 00:30:57] ---- Check complete: PASS (Simulated) ----

[2026-02-09 00:46:04] ---- Starting VPN Auto-Detect/Activate check ----
[2026-02-09 00:46:04] Simulating connection to SSID BART-WiFi
[2026-02-09 00:46:04] ⚠️ VPN not active. Initiating simulation/fallback.
[2026-02-09 00:46:04] ✅ Simulated VPN activation successful (flag created).
[2026-02-09 00:46:04] ---- Check complete: PASS (Simulated) ----

[2026-02-09 01:01:09] ---- Starting VPN Auto-Detect/Activate check ----
[2026-02-09 01:01:09] Simulating connection to SSID BART-WiFi
[2026-02-09 01:01:09] ⚠️ VPN not active. Initiating simulation/fallback.
[2026-02-09 01:01:09] ✅ Simulated VPN activation successful (flag created).
[2026-02-09 01:01:09] ---- Check complete: PASS (Simulated) ----

[2026-02-09 01:16:15] ---- Starting VPN Auto-Detect/Activate check ----
[2026-02-09 01:16:15] Simulating connection to SSID BART-WiFi
[2026-02-09 01:16:15] ⚠️ VPN not active. Initiating simulation/fallback.
[2026-02-09 01:16:15] ✅ Simulated VPN activation successful (flag created).
[2026-02-09 01:16:15] ---- Check complete: PASS (Simulated) ----

[2026-02-09 01:31:20] ---- Starting VPN Auto-Detect/Activate check ----
[2026-02-09 01:31:20] Simulating connection to SSID BART-WiFi
[2026-02-09 01:31:20] ⚠️ VPN not active. Initiating simulation/fallback.
[2026-02-09 01:31:20] ✅ Simulated VPN activation successful (flag created).
[2026-02-09 01:31:20] ---- Check complete: PASS (Simulated) ----

[2026-02-09 01:46:25] ---- Starting VPN Auto-Detect/Activate check ----
[2026-02-09 01:46:25] Simulating connection to SSID BART-WiFi
[2026-02-09 01:46:25] ⚠️ VPN not active. Initiating simulation/fallback.
[2026-02-09 01:46:25] ✅ Simulated VPN activation successful (flag created).
[2026-02-09 01:46:25] ---- Check complete: PASS (Simulated) ----

[2026-02-09 02:01:29] ---- Starting VPN Auto-Detect/Activate check ----
[2026-02-09 02:01:29] Simulating connection to SSID BART-WiFi
[2026-02-09 02:01:29] ⚠️ VPN not active. Initiating simulation/fallback.
[2026-02-09 02:01:29] ✅ Simulated VPN activation successful (flag created).
[2026-02-09 02:01:29] ---- Check complete: PASS (Simulated) ----

[2026-02-09 02:16:34] ---- Starting VPN Auto-Detect/Activate check ----
[2026-02-09 02:16:34] Simulating connection to SSID BART-WiFi
[2026-02-09 02:16:34] ⚠️ VPN not active. Initiating simulation/fallback.
[2026-02-09 02:16:34] ✅ Simulated VPN activation successful (flag created).
[2026-02-09 02:16:34] ---- Check complete: PASS (Simulated) ----

[2026-02-09 02:31:39] ---- Starting VPN Auto-Detect/Activate check ----
[2026-02-09 02:31:39] Simulating connection to SSID BART-WiFi
[2026-02-09 02:31:39] ⚠️ VPN not active. Initiating simulation/fallback.
[2026-02-09 02:31:39] ✅ Simulated VPN activation successful (flag created).
[2026-02-09 02:31:39] ---- Check complete: PASS (Simulated) ----

[2026-02-09 02:46:44] ---- Starting VPN Auto-Detect/Activate check ----
[2026-02-09 02:46:44] Simulating connection to SSID BART-WiFi
[2026-02-09 02:46:44] ⚠️ VPN not active. Initiating simulation/fallback.
[2026-02-09 02:46:44] ✅ Simulated VPN activation successful (flag created).
[2026-02-09 02:46:44] ---- Check complete: PASS (Simulated) ----

[2026-02-09 03:01:49] ---- Starting VPN Auto-Detect/Activate check ----
[2026-02-09 03:01:49] Simulating connection to SSID BART-WiFi
[2026-02-09 03:01:49] ⚠️ VPN not active. Initiating simulation/fallback.
[2026-02-09 03:01:49] ✅ Simulated VPN activation successful (flag created).
[2026-02-09 03:01:49] ---- Check complete: PASS (Simulated) ----

[2026-02-09 03:16:53] ---- Starting VPN Auto-Detect/Activate check ----
[2026-02-09 03:16:53] Simulating connection to SSID BART-WiFi
[2026-02-09 03:16:53] ⚠️ VPN not active. Initiating simulation/fallback.
[2026-02-09 03:16:53] ✅ Simulated VPN activation successful (flag created).
[2026-02-09 03:16:53] ---- Check complete: PASS (Simulated) ----

[2026-02-09 03:31:58] ---- Starting VPN Auto-Detect/Activate check ----
[2026-02-09 03:31:58] Simulating connection to SSID BART-WiFi
[2026-02-09 03:31:58] ⚠️ VPN not active. Initiating simulation/fallback.
[2026-02-09 03:31:58] ✅ Simulated VPN activation successful (flag created).
[2026-02-09 03:31:58] ---- Check complete: PASS (Simulated) ----

[2026-02-09 03:47:03] ---- Starting VPN Auto-Detect/Activate check ----
[2026-02-09 03:47:03] Simulating connection to SSID BART-WiFi
[2026-02-09 03:47:03] ⚠️ VPN not active. Initiating simulation/fallback.
[2026-02-09 03:47:03] ✅ Simulated VPN activation successful (flag created).
[2026-02-09 03:47:03] ---- Check complete: PASS (Simulated) ----

[2026-02-09 04:02:09] ---- Starting VPN Auto-Detect/Activate check ----
[2026-02-09 04:02:09] Simulating connection to SSID BART-WiFi
[2026-02-09 04:02:09] ⚠️ VPN not active. Initiating simulation/fallback.
[2026-02-09 04:02:09] ✅ Simulated VPN activation successful (flag created).
[2026-02-09 04:02:09] ---- Check complete: PASS (Simulated) ----

[2026-02-09 04:17:14] ---- Starting VPN Auto-Detect/Activate check ----
[2026-02-09 04:17:14] Simulating connection to SSID BART-WiFi
[2026-02-09 04:17:14] ⚠️ VPN not active. Initiating simulation/fallback.
[2026-02-09 04:17:14] ✅ Simulated VPN activation successful (flag created).
[2026-02-09 04:17:14] ---- Check complete: PASS (Simulated) ----

[2026-02-09 04:32:19] ---- Starting VPN Auto-Detect/Activate check ----
[2026-02-09 04:32:19] Simulating connection to SSID BART-WiFi
[2026-02-09 04:32:19] ⚠️ VPN not active. Initiating simulation/fallback.
[2026-02-09 04:32:20] ✅ Simulated VPN activation successful (flag created).
[2026-02-09 04:32:20] ---- Check complete: PASS (Simulated) ----

[2026-02-09 04:47:24] ---- Starting VPN Auto-Detect/Activate check ----
[2026-02-09 04:47:24] Simulating connection to SSID BART-WiFi
[2026-02-09 04:47:24] ⚠️ VPN not active. Initiating simulation/fallback.
[2026-02-09 04:47:24] ✅ Simulated VPN activation successful (flag created).
[2026-02-09 04:47:24] ---- Check complete: PASS (Simulated) ----

[2026-02-09 05:02:30] ---- Starting VPN Auto-Detect/Activate check ----
[2026-02-09 05:02:30] Simulating connection to SSID BART-WiFi
[2026-02-09 05:02:30] ⚠️ VPN not active. Initiating simulation/fallback.
[2026-02-09 05:02:30] ✅ Simulated VPN activation successful (flag created).
[2026-02-09 05:02:30] ---- Check complete: PASS (Simulated) ----

[2026-02-09 05:17:36] ---- Starting VPN Auto-Detect/Activate check ----
[2026-02-09 05:17:36] Simulating connection to SSID BART-WiFi
[2026-02-09 05:17:36] ⚠️ VPN not active. Initiating simulation/fallback.
[2026-02-09 05:17:36] ✅ Simulated VPN activation successful (flag created).
[2026-02-09 05:17:36] ---- Check complete: PASS (Simulated) ----

[2026-02-09 05:32:41] ---- Starting VPN Auto-Detect/Activate check ----
[2026-02-09 05:32:41] Simulating connection to SSID BART-WiFi
[2026-02-09 05:32:41] ⚠️ VPN not active. Initiating simulation/fallback.
[2026-02-09 05:32:41] ✅ Simulated VPN activation successful (flag created).
[2026-02-09 05:32:41] ---- Check complete: PASS (Simulated) ----

[2026-02-09 05:47:46] ---- Starting VPN Auto-Detect/Activate check ----
[2026-02-09 05:47:46] Simulating connection to SSID BART-WiFi
[2026-02-09 05:47:46] ⚠️ VPN not active. Initiating simulation/fallback.
[2026-02-09 05:47:46] ✅ Simulated VPN activation successful (flag created).
[2026-02-09 05:47:46] ---- Check complete: PASS (Simulated) ----

[2026-02-09 06:02:52] ---- Starting VPN Auto-Detect/Activate check ----
[2026-02-09 06:02:52] Simulating connection to SSID BART-WiFi
[2026-02-09 06:02:52] ⚠️ VPN not active. Initiating simulation/fallback.
[2026-02-09 06:02:52] ✅ Simulated VPN activation successful (flag created).
[2026-02-09 06:02:52] ---- Check complete: PASS (Simulated) ----

[2026-02-09 06:17:58] ---- Starting VPN Auto-Detect/Activate check ----
[2026-02-09 06:17:58] Simulating connection to SSID BART-WiFi
[2026-02-09 06:17:58] ⚠️ VPN not active. Initiating simulation/fallback.
[2026-02-09 06:17:58] ✅ Simulated VPN activation successful (flag created).
[2026-02-09 06:17:58] ---- Check complete: PASS (Simulated) ----

[2026-02-09 06:33:04] ---- Starting VPN Auto-Detect/Activate check ----
[2026-02-09 06:33:04] Simulating connection to SSID BART-WiFi
[2026-02-09 06:33:04] ⚠️ VPN not active. Initiating simulation/fallback.
[2026-02-09 06:33:04] ✅ Simulated VPN activation successful (flag created).
[2026-02-09 06:33:04] ---- Check complete: PASS (Simulated) ----

[2026-02-09 06:48:10] ---- Starting VPN Auto-Detect/Activate check ----
[2026-02-09 06:48:10] Simulating connection to SSID BART-WiFi
[2026-02-09 06:48:10] ⚠️ VPN not active. Initiating simulation/fallback.
[2026-02-09 06:48:10] ✅ Simulated VPN activation successful (flag created).
[2026-02-09 06:48:10] ---- Check complete: PASS (Simulated) ----

[2026-02-09 07:03:17] ---- Starting VPN Auto-Detect/Activate check ----
[2026-02-09 07:03:17] Simulating connection to SSID BART-WiFi
[2026-02-09 07:03:17] ⚠️ VPN not active. Initiating simulation/fallback.
[2026-02-09 07:03:17] ✅ Simulated VPN activation successful (flag created).
[2026-02-09 07:03:17] ---- Check complete: PASS (Simulated) ----

[2026-02-09 07:18:23] ---- Starting VPN Auto-Detect/Activate check ----
[2026-02-09 07:18:23] Simulating connection to SSID BART-WiFi
[2026-02-09 07:18:23] ⚠️ VPN not active. Initiating simulation/fallback.
[2026-02-09 07:18:23] ✅ Simulated VPN activation successful (flag created).
[2026-02-09 07:18:23] ---- Check complete: PASS (Simulated) ----

[2026-02-09 07:33:29] ---- Starting VPN Auto-Detect/Activate check ----
[2026-02-09 07:33:29] Simulating connection to SSID BART-WiFi
[2026-02-09 07:33:29] ⚠️ VPN not active. Initiating simulation/fallback.
[2026-02-09 07:33:29] ✅ Simulated VPN activation successful (flag created).
[2026-02-09 07:33:29] ---- Check complete: PASS (Simulated) ----

[2026-02-09 07:48:36] ---- Starting VPN Auto-Detect/Activate check ----
[2026-02-09 07:48:36] Simulating connection to SSID BART-WiFi
[2026-02-09 07:48:36] ⚠️ VPN not active. Initiating simulation/fallback.
[2026-02-09 07:48:36] ✅ Simulated VPN activation successful (flag created).
[2026-02-09 07:48:36] ---- Check complete: PASS (Simulated) ----

[2026-02-09 08:03:43] ---- Starting VPN Auto-Detect/Activate check ----
[2026-02-09 08:03:43] Simulating connection to SSID BART-WiFi
[2026-02-09 08:03:43] ⚠️ VPN not active. Initiating simulation/fallback.
[2026-02-09 08:03:43] ✅ Simulated VPN activation successful (flag created).
[2026-02-09 08:03:43] ---- Check complete: PASS (Simulated) ----

[2026-02-09 08:18:49] ---- Starting VPN Auto-Detect/Activate check ----
[2026-02-09 08:18:49] Simulating connection to SSID BART-WiFi
[2026-02-09 08:18:49] ⚠️ VPN not active. Initiating simulation/fallback.
[2026-02-09 08:18:49] ✅ Simulated VPN activation successful (flag created).
[2026-02-09 08:18:49] ---- Check complete: PASS (Simulated) ----

[2026-02-09 08:33:56] ---- Starting VPN Auto-Detect/Activate check ----
[2026-02-09 08:33:56] Simulating connection to SSID BART-WiFi
[2026-02-09 08:33:56] ⚠️ VPN not active. Initiating simulation/fallback.
[2026-02-09 08:33:56] ✅ Simulated VPN activation successful (flag created).
[2026-02-09 08:33:56] ---- Check complete: PASS (Simulated) ----

[2026-02-09 08:49:03] ---- Starting VPN Auto-Detect/Activate check ----
[2026-02-09 08:49:03] Simulating connection to SSID BART-WiFi
[2026-02-09 08:49:03] ⚠️ VPN not active. Initiating simulation/fallback.
[2026-02-09 08:49:03] ✅ Simulated VPN activation successful (flag created).
[2026-02-09 08:49:03] ---- Check complete: PASS (Simulated) ----

[2026-02-09 09:04:10] ---- Starting VPN Auto-Detect/Activate check ----
[2026-02-09 09:04:10] Simulating connection to SSID BART-WiFi
[2026-02-09 09:04:10] ⚠️ VPN not active. Initiating simulation/fallback.
[2026-02-09 09:04:10] ✅ Simulated VPN activation successful (flag created).
[2026-02-09 09:04:10] ---- Check complete: PASS (Simulated) ----

[2026-02-09 09:19:16] ---- Starting VPN Auto-Detect/Activate check ----
[2026-02-09 09:19:16] Simulating connection to SSID BART-WiFi
[2026-02-09 09:19:16] ⚠️ VPN not active. Initiating simulation/fallback.
[2026-02-09 09:19:16] ✅ Simulated VPN activation successful (flag created).
[2026-02-09 09:19:16] ---- Check complete: PASS (Simulated) ----

[2026-02-09 09:34:21] ---- Starting VPN Auto-Detect/Activate check ----
[2026-02-09 09:34:21] Simulating connection to SSID BART-WiFi
[2026-02-09 09:34:21] ⚠️ VPN not active. Initiating simulation/fallback.
[2026-02-09 09:34:21] ✅ Simulated VPN activation successful (flag created).
[2026-02-09 09:34:21] ---- Check complete: PASS (Simulated) ----

[2026-02-09 09:49:27] ---- Starting VPN Auto-Detect/Activate check ----
[2026-02-09 09:49:27] Simulating connection to SSID BART-WiFi
[2026-02-09 09:49:27] ⚠️ VPN not active. Initiating simulation/fallback.
[2026-02-09 09:49:27] ✅ Simulated VPN activation successful (flag created).
[2026-02-09 09:49:27] ---- Check complete: PASS (Simulated) ----

[2026-02-09 10:04:33] ---- Starting VPN Auto-Detect/Activate check ----
[2026-02-09 10:04:33] Simulating connection to SSID BART-WiFi
[2026-02-09 10:04:33] ⚠️ VPN not active. Initiating simulation/fallback.
[2026-02-09 10:04:33] ✅ Simulated VPN activation successful (flag created).
[2026-02-09 10:04:33] ---- Check complete: PASS (Simulated) ----

[2026-02-09 10:19:38] ---- Starting VPN Auto-Detect/Activate check ----
[2026-02-09 10:19:38] Simulating connection to SSID BART-WiFi
[2026-02-09 10:19:38] ⚠️ VPN not active. Initiating simulation/fallback.
[2026-02-09 10:19:38] ✅ Simulated VPN activation successful (flag created).
[2026-02-09 10:19:38] ---- Check complete: PASS (Simulated) ----

[2026-02-09 10:34:44] ---- Starting VPN Auto-Detect/Activate check ----
[2026-02-09 10:34:44] Simulating connection to SSID BART-WiFi
[2026-02-09 10:34:44] ⚠️ VPN not active. Initiating simulation/fallback.
[2026-02-09 10:34:44] ✅ Simulated VPN activation successful (flag created).
[2026-02-09 10:34:44] ---- Check complete: PASS (Simulated) ----

[2026-02-09 10:49:50] ---- Starting VPN Auto-Detect/Activate check ----
[2026-02-09 10:49:50] Simulating connection to SSID BART-WiFi
[2026-02-09 10:49:50] ⚠️ VPN not active. Initiating simulation/fallback.
[2026-02-09 10:49:50] ✅ Simulated VPN activation successful (flag created).
[2026-02-09 10:49:50] ---- Check complete: PASS (Simulated) ----

[2026-02-09 11:04:56] ---- Starting VPN Auto-Detect/Activate check ----
[2026-02-09 11:04:56] Simulating connection to SSID BART-WiFi
[2026-02-09 11:04:56] ⚠️ VPN not active. Initiating simulation/fallback.
[2026-02-09 11:04:56] ✅ Simulated VPN activation successful (flag created).
[2026-02-09 11:04:56] ---- Check complete: PASS (Simulated) ----

[2026-02-09 11:20:02] ---- Starting VPN Auto-Detect/Activate check ----
[2026-02-09 11:20:02] Simulating connection to SSID BART-WiFi
[2026-02-09 11:20:02] ⚠️ VPN not active. Initiating simulation/fallback.
[2026-02-09 11:20:02] ✅ Simulated VPN activation successful (flag created).
[2026-02-09 11:20:02] ---- Check complete: PASS (Simulated) ----

[2026-02-09 11:35:09] ---- Starting VPN Auto-Detect/Activate check ----
[2026-02-09 11:35:09] Simulating connection to SSID BART-WiFi
[2026-02-09 11:35:09] ⚠️ VPN not active. Initiating simulation/fallback.
[2026-02-09 11:35:09] ✅ Simulated VPN activation successful (flag created).
[2026-02-09 11:35:09] ---- Check complete: PASS (Simulated) ----

[2026-02-09 11:50:15] ---- Starting VPN Auto-Detect/Activate check ----
[2026-02-09 11:50:15] Simulating connection to SSID BART-WiFi
[2026-02-09 11:50:15] ⚠️ VPN not active. Initiating simulation/fallback.
[2026-02-09 11:50:15] ✅ Simulated VPN activation successful (flag created).
[2026-02-09 11:50:15] ---- Check complete: PASS (Simulated) ----

[2026-02-09 12:05:20] ---- Starting VPN Auto-Detect/Activate check ----
[2026-02-09 12:05:20] Simulating connection to SSID BART-WiFi
[2026-02-09 12:05:20] ⚠️ VPN not active. Initiating simulation/fallback.
[2026-02-09 12:05:20] ✅ Simulated VPN activation successful (flag created).
[2026-02-09 12:05:20] ---- Check complete: PASS (Simulated) ----

[2026-02-09 12:20:27] ---- Starting VPN Auto-Detect/Activate check ----
[2026-02-09 12:20:27] Simulating connection to SSID BART-WiFi
[2026-02-09 12:20:27] ⚠️ VPN not active. Initiating simulation/fallback.
[2026-02-09 12:20:27] ✅ Simulated VPN activation successful (flag created).
[2026-02-09 12:20:27] ---- Check complete: PASS (Simulated) ----

[2026-02-09 12:35:32] ---- Starting VPN Auto-Detect/Activate check ----
[2026-02-09 12:35:32] Simulating connection to SSID BART-WiFi
[2026-02-09 12:35:32] ⚠️ VPN not active. Initiating simulation/fallback.
[2026-02-09 12:35:32] ✅ Simulated VPN activation successful (flag created).
[2026-02-09 12:35:32] ---- Check complete: PASS (Simulated) ----

[2026-02-09 12:50:38] ---- Starting VPN Auto-Detect/Activate check ----
[2026-02-09 12:50:38] Simulating connection to SSID BART-WiFi
[2026-02-09 12:50:38] ⚠️ VPN not active. Initiating simulation/fallback.
[2026-02-09 12:50:38] ✅ Simulated VPN activation successful (flag created).
[2026-02-09 12:50:38] ---- Check complete: PASS (Simulated) ----

[2026-02-09 13:05:44] ---- Starting VPN Auto-Detect/Activate check ----
[2026-02-09 13:05:44] Simulating connection to SSID BART-WiFi
[2026-02-09 13:05:44] ⚠️ VPN not active. Initiating simulation/fallback.
[2026-02-09 13:05:44] ✅ Simulated VPN activation successful (flag created).
[2026-02-09 13:05:44] ---- Check complete: PASS (Simulated) ----

[2026-02-09 13:20:49] ---- Starting VPN Auto-Detect/Activate check ----
[2026-02-09 13:20:49] Simulating connection to SSID BART-WiFi
[2026-02-09 13:20:49] ⚠️ VPN not active. Initiating simulation/fallback.
[2026-02-09 13:20:49] ✅ Simulated VPN activation successful (flag created).
[2026-02-09 13:20:49] ---- Check complete: PASS (Simulated) ----

[2026-02-09 13:35:54] ---- Starting VPN Auto-Detect/Activate check ----
[2026-02-09 13:35:54] Simulating connection to SSID BART-WiFi
[2026-02-09 13:35:54] ⚠️ VPN not active. Initiating simulation/fallback.
[2026-02-09 13:35:54] ✅ Simulated VPN activation successful (flag created).
[2026-02-09 13:35:54] ---- Check complete: PASS (Simulated) ----

[2026-02-09 13:51:00] ---- Starting VPN Auto-Detect/Activate check ----
[2026-02-09 13:51:00] Simulating connection to SSID BART-WiFi
[2026-02-09 13:51:00] ⚠️ VPN not active. Initiating simulation/fallback.
[2026-02-09 13:51:00] ✅ Simulated VPN activation successful (flag created).
[2026-02-09 13:51:00] ---- Check complete: PASS (Simulated) ----

[2026-02-09 14:06:09] ---- Starting VPN Auto-Detect/Activate check ----
[2026-02-09 14:06:09] Simulating connection to SSID BART-WiFi
[2026-02-09 14:06:09] ⚠️ VPN not active. Initiating simulation/fallback.
[2026-02-09 14:06:09] ✅ Simulated VPN activation successful (flag created).
[2026-02-09 14:06:09] ---- Check complete: PASS (Simulated) ----

[2026-02-09 14:21:16] ---- Starting VPN Auto-Detect/Activate check ----
[2026-02-09 14:21:16] Simulating connection to SSID BART-WiFi
[2026-02-09 14:21:16] ⚠️ VPN not active. Initiating simulation/fallback.
[2026-02-09 14:21:16] ✅ Simulated VPN activation successful (flag created).
[2026-02-09 14:21:16] ---- Check complete: PASS (Simulated) ----

[2026-02-09 14:36:24] ---- Starting VPN Auto-Detect/Activate check ----
[2026-02-09 14:36:24] Simulating connection to SSID BART-WiFi
[2026-02-09 14:36:24] ⚠️ VPN not active. Initiating simulation/fallback.
[2026-02-09 14:36:24] ✅ Simulated VPN activation successful (flag created).
[2026-02-09 14:36:24] ---- Check complete: PASS (Simulated) ----

[2026-02-09 14:51:32] ---- Starting VPN Auto-Detect/Activate check ----
[2026-02-09 14:51:32] Simulating connection to SSID BART-WiFi
[2026-02-09 14:51:32] ⚠️ VPN not active. Initiating simulation/fallback.
[2026-02-09 14:51:32] ✅ Simulated VPN activation successful (flag created).
[2026-02-09 14:51:32] ---- Check complete: PASS (Simulated) ----

[2026-02-09 15:06:40] ---- Starting VPN Auto-Detect/Activate check ----
[2026-02-09 15:06:40] Simulating connection to SSID BART-WiFi
[2026-02-09 15:06:40] ⚠️ VPN not active. Initiating simulation/fallback.
[2026-02-09 15:06:40] ✅ Simulated VPN activation successful (flag created).
[2026-02-09 15:06:40] ---- Check complete: PASS (Simulated) ----

[2026-02-09 15:21:47] ---- Starting VPN Auto-Detect/Activate check ----
[2026-02-09 15:21:47] Simulating connection to SSID BART-WiFi
[2026-02-09 15:21:47] ⚠️ VPN not active. Initiating simulation/fallback.
[2026-02-09 15:21:47] ✅ Simulated VPN activation successful (flag created).
[2026-02-09 15:21:47] ---- Check complete: PASS (Simulated) ----

[2026-02-09 15:36:55] ---- Starting VPN Auto-Detect/Activate check ----
[2026-02-09 15:36:55] Simulating connection to SSID BART-WiFi
[2026-02-09 15:36:55] ⚠️ VPN not active. Initiating simulation/fallback.
[2026-02-09 15:36:55] ✅ Simulated VPN activation successful (flag created).
[2026-02-09 15:36:55] ---- Check complete: PASS (Simulated) ----

[2026-02-09 15:52:02] ---- Starting VPN Auto-Detect/Activate check ----
[2026-02-09 15:52:02] Simulating connection to SSID BART-WiFi
[2026-02-09 15:52:02] ⚠️ VPN not active. Initiating simulation/fallback.
[2026-02-09 15:52:02] ✅ Simulated VPN activation successful (flag created).
[2026-02-09 15:52:02] ---- Check complete: PASS (Simulated) ----

[2026-02-09 16:07:09] ---- Starting VPN Auto-Detect/Activate check ----
[2026-02-09 16:07:09] Simulating connection to SSID BART-WiFi
[2026-02-09 16:07:09] ⚠️ VPN not active. Initiating simulation/fallback.
[2026-02-09 16:07:09] ✅ Simulated VPN activation successful (flag created).
[2026-02-09 16:07:09] ---- Check complete: PASS (Simulated) ----

[2026-02-09 16:22:14] ---- Starting VPN Auto-Detect/Activate check ----
[2026-02-09 16:22:14] Simulating connection to SSID BART-WiFi
[2026-02-09 16:22:14] ⚠️ VPN not active. Initiating simulation/fallback.
[2026-02-09 16:22:14] ✅ Simulated VPN activation successful (flag created).
[2026-02-09 16:22:14] ---- Check complete: PASS (Simulated) ----

[2026-02-09 16:37:20] ---- Starting VPN Auto-Detect/Activate check ----
[2026-02-09 16:37:20] Simulating connection to SSID BART-WiFi
[2026-02-09 16:37:20] ⚠️ VPN not active. Initiating simulation/fallback.
[2026-02-09 16:37:20] ✅ Simulated VPN activation successful (flag created).
[2026-02-09 16:37:20] ---- Check complete: PASS (Simulated) ----

[2026-02-09 16:52:26] ---- Starting VPN Auto-Detect/Activate check ----
[2026-02-09 16:52:26] Simulating connection to SSID BART-WiFi
[2026-02-09 16:52:26] ⚠️ VPN not active. Initiating simulation/fallback.
[2026-02-09 16:52:26] ✅ Simulated VPN activation successful (flag created).
[2026-02-09 16:52:26] ---- Check complete: PASS (Simulated) ----

[2026-02-09 17:07:32] ---- Starting VPN Auto-Detect/Activate check ----
[2026-02-09 17:07:32] Simulating connection to SSID BART-WiFi
[2026-02-09 17:07:32] ⚠️ VPN not active. Initiating simulation/fallback.
[2026-02-09 17:07:32] ✅ Simulated VPN activation successful (flag created).
[2026-02-09 17:07:32] ---- Check complete: PASS (Simulated) ----

[2026-02-09 17:22:38] ---- Starting VPN Auto-Detect/Activate check ----
[2026-02-09 17:22:38] Simulating connection to SSID BART-WiFi
[2026-02-09 17:22:38] ⚠️ VPN not active. Initiating simulation/fallback.
[2026-02-09 17:22:38] ✅ Simulated VPN activation successful (flag created).
[2026-02-09 17:22:38] ---- Check complete: PASS (Simulated) ----

[2026-02-09 17:37:44] ---- Starting VPN Auto-Detect/Activate check ----
[2026-02-09 17:37:44] Simulating connection to SSID BART-WiFi
[2026-02-09 17:37:44] ⚠️ VPN not active. Initiating simulation/fallback.
[2026-02-09 17:37:44] ✅ Simulated VPN activation successful (flag created).
[2026-02-09 17:37:44] ---- Check complete: PASS (Simulated) ----

[2026-02-09 17:52:49] ---- Starting VPN Auto-Detect/Activate check ----
[2026-02-09 17:52:49] Simulating connection to SSID BART-WiFi
[2026-02-09 17:52:49] ⚠️ VPN not active. Initiating simulation/fallback.
[2026-02-09 17:52:49] ✅ Simulated VPN activation successful (flag created).
[2026-02-09 17:52:49] ---- Check complete: PASS (Simulated) ----

[2026-02-09 18:07:55] ---- Starting VPN Auto-Detect/Activate check ----
[2026-02-09 18:07:55] Simulating connection to SSID BART-WiFi
[2026-02-09 18:07:55] ⚠️ VPN not active. Initiating simulation/fallback.
[2026-02-09 18:07:55] ✅ Simulated VPN activation successful (flag created).
[2026-02-09 18:07:55] ---- Check complete: PASS (Simulated) ----

[2026-02-09 18:23:00] ---- Starting VPN Auto-Detect/Activate check ----
[2026-02-09 18:23:00] Simulating connection to SSID BART-WiFi
[2026-02-09 18:23:00] ⚠️ VPN not active. Initiating simulation/fallback.
[2026-02-09 18:23:00] ✅ Simulated VPN activation successful (flag created).
[2026-02-09 18:23:00] ---- Check complete: PASS (Simulated) ----

[2026-02-09 18:38:06] ---- Starting VPN Auto-Detect/Activate check ----
[2026-02-09 18:38:06] Simulating connection to SSID BART-WiFi
[2026-02-09 18:38:06] ⚠️ VPN not active. Initiating simulation/fallback.
[2026-02-09 18:38:06] ✅ Simulated VPN activation successful (flag created).
[2026-02-09 18:38:06] ---- Check complete: PASS (Simulated) ----

[2026-02-09 18:53:14] ---- Starting VPN Auto-Detect/Activate check ----
[2026-02-09 18:53:14] Simulating connection to SSID BART-WiFi
[2026-02-09 18:53:14] ⚠️ VPN not active. Initiating simulation/fallback.
[2026-02-09 18:53:14] ✅ Simulated VPN activation successful (flag created).
[2026-02-09 18:53:14] ---- Check complete: PASS (Simulated) ----

[2026-02-09 19:08:21] ---- Starting VPN Auto-Detect/Activate check ----
[2026-02-09 19:08:21] Simulating connection to SSID BART-WiFi
[2026-02-09 19:08:21] ⚠️ VPN not active. Initiating simulation/fallback.
[2026-02-09 19:08:21] ✅ Simulated VPN activation successful (flag created).
[2026-02-09 19:08:21] ---- Check complete: PASS (Simulated) ----

[2026-02-09 19:23:26] ---- Starting VPN Auto-Detect/Activate check ----
[2026-02-09 19:23:26] Simulating connection to SSID BART-WiFi
[2026-02-09 19:23:26] ⚠️ VPN not active. Initiating simulation/fallback.
[2026-02-09 19:23:26] ✅ Simulated VPN activation successful (flag created).
[2026-02-09 19:23:26] ---- Check complete: PASS (Simulated) ----

[2026-02-09 19:38:30] ---- Starting VPN Auto-Detect/Activate check ----
[2026-02-09 19:38:30] Simulating connection to SSID BART-WiFi
[2026-02-09 19:38:30] ⚠️ VPN not active. Initiating simulation/fallback.
[2026-02-09 19:38:30] ✅ Simulated VPN activation successful (flag created).
[2026-02-09 19:38:30] ---- Check complete: PASS (Simulated) ----

[2026-02-09 19:53:35] ---- Starting VPN Auto-Detect/Activate check ----
[2026-02-09 19:53:35] Simulating connection to SSID BART-WiFi
[2026-02-09 19:53:35] ⚠️ VPN not active. Initiating simulation/fallback.
[2026-02-09 19:53:35] ✅ Simulated VPN activation successful (flag created).
[2026-02-09 19:53:35] ---- Check complete: PASS (Simulated) ----

[2026-02-09 20:08:40] ---- Starting VPN Auto-Detect/Activate check ----
[2026-02-09 20:08:40] Simulating connection to SSID BART-WiFi
[2026-02-09 20:08:40] ⚠️ VPN not active. Initiating simulation/fallback.
[2026-02-09 20:08:40] ✅ Simulated VPN activation successful (flag created).
[2026-02-09 20:08:40] ---- Check complete: PASS (Simulated) ----

[2026-02-09 20:23:45] ---- Starting VPN Auto-Detect/Activate check ----
[2026-02-09 20:23:45] Simulating connection to SSID BART-WiFi
[2026-02-09 20:23:45] ⚠️ VPN not active. Initiating simulation/fallback.
[2026-02-09 20:23:45] ✅ Simulated VPN activation successful (flag created).
[2026-02-09 20:23:45] ---- Check complete: PASS (Simulated) ----

[2026-02-09 20:38:50] ---- Starting VPN Auto-Detect/Activate check ----
[2026-02-09 20:38:50] Simulating connection to SSID BART-WiFi
[2026-02-09 20:38:50] ⚠️ VPN not active. Initiating simulation/fallback.
[2026-02-09 20:38:50] ✅ Simulated VPN activation successful (flag created).
[2026-02-09 20:38:50] ---- Check complete: PASS (Simulated) ----

[2026-02-09 20:53:56] ---- Starting VPN Auto-Detect/Activate check ----
[2026-02-09 20:53:56] Simulating connection to SSID BART-WiFi
[2026-02-09 20:53:56] ⚠️ VPN not active. Initiating simulation/fallback.
[2026-02-09 20:53:56] ✅ Simulated VPN activation successful (flag created).
[2026-02-09 20:53:56] ---- Check complete: PASS (Simulated) ----

[2026-02-09 21:09:01] ---- Starting VPN Auto-Detect/Activate check ----
[2026-02-09 21:09:01] Simulating connection to SSID BART-WiFi
[2026-02-09 21:09:01] ⚠️ VPN not active. Initiating simulation/fallback.
[2026-02-09 21:09:01] ✅ Simulated VPN activation successful (flag created).
[2026-02-09 21:09:01] ---- Check complete: PASS (Simulated) ----

[2026-02-09 21:24:06] ---- Starting VPN Auto-Detect/Activate check ----
[2026-02-09 21:24:06] Simulating connection to SSID BART-WiFi
[2026-02-09 21:24:06] ⚠️ VPN not active. Initiating simulation/fallback.
[2026-02-09 21:24:06] ✅ Simulated VPN activation successful (flag created).
[2026-02-09 21:24:06] ---- Check complete: PASS (Simulated) ----

[2026-02-09 21:39:11] ---- Starting VPN Auto-Detect/Activate check ----
[2026-02-09 21:39:11] Simulating connection to SSID BART-WiFi
[2026-02-09 21:39:11] ⚠️ VPN not active. Initiating simulation/fallback.
[2026-02-09 21:39:11] ✅ Simulated VPN activation successful (flag created).
[2026-02-09 21:39:11] ---- Check complete: PASS (Simulated) ----

[2026-02-09 21:54:17] ---- Starting VPN Auto-Detect/Activate check ----
[2026-02-09 21:54:17] Simulating connection to SSID BART-WiFi
[2026-02-09 21:54:17] ⚠️ VPN not active. Initiating simulation/fallback.
[2026-02-09 21:54:17] ✅ Simulated VPN activation successful (flag created).
[2026-02-09 21:54:17] ---- Check complete: PASS (Simulated) ----

[2026-02-09 22:09:23] ---- Starting VPN Auto-Detect/Activate check ----
[2026-02-09 22:09:23] Simulating connection to SSID BART-WiFi
[2026-02-09 22:09:23] ⚠️ VPN not active. Initiating simulation/fallback.
[2026-02-09 22:09:23] ✅ Simulated VPN activation successful (flag created).
[2026-02-09 22:09:24] ---- Check complete: PASS (Simulated) ----

[2026-02-09 22:24:30] ---- Starting VPN Auto-Detect/Activate check ----
[2026-02-09 22:24:30] Simulating connection to SSID BART-WiFi
[2026-02-09 22:24:30] ⚠️ VPN not active. Initiating simulation/fallback.
[2026-02-09 22:24:30] ✅ Simulated VPN activation successful (flag created).
[2026-02-09 22:24:30] ---- Check complete: PASS (Simulated) ----

[2026-02-09 22:39:35] ---- Starting VPN Auto-Detect/Activate check ----
[2026-02-09 22:39:35] Simulating connection to SSID BART-WiFi
[2026-02-09 22:39:35] ⚠️ VPN not active. Initiating simulation/fallback.
[2026-02-09 22:39:35] ✅ Simulated VPN activation successful (flag created).
[2026-02-09 22:39:35] ---- Check complete: PASS (Simulated) ----

[2026-02-09 22:54:41] ---- Starting VPN Auto-Detect/Activate check ----
[2026-02-09 22:54:41] Simulating connection to SSID BART-WiFi
[2026-02-09 22:54:41] ⚠️ VPN not active. Initiating simulation/fallback.
[2026-02-09 22:54:41] ✅ Simulated VPN activation successful (flag created).
[2026-02-09 22:54:41] ---- Check complete: PASS (Simulated) ----

[2026-02-09 23:09:46] ---- Starting VPN Auto-Detect/Activate check ----
[2026-02-09 23:09:46] Simulating connection to SSID BART-WiFi
[2026-02-09 23:09:46] ⚠️ VPN not active. Initiating simulation/fallback.
[2026-02-09 23:09:46] ✅ Simulated VPN activation successful (flag created).
[2026-02-09 23:09:46] ---- Check complete: PASS (Simulated) ----

[2026-02-09 23:24:51] ---- Starting VPN Auto-Detect/Activate check ----
[2026-02-09 23:24:51] Simulating connection to SSID BART-WiFi
[2026-02-09 23:24:51] ⚠️ VPN not active. Initiating simulation/fallback.
[2026-02-09 23:24:51] ✅ Simulated VPN activation successful (flag created).
[2026-02-09 23:24:51] ---- Check complete: PASS (Simulated) ----

[2026-02-09 23:39:56] ---- Starting VPN Auto-Detect/Activate check ----
[2026-02-09 23:39:56] Simulating connection to SSID BART-WiFi
[2026-02-09 23:39:56] ⚠️ VPN not active. Initiating simulation/fallback.
[2026-02-09 23:39:56] ✅ Simulated VPN activation successful (flag created).
[2026-02-09 23:39:56] ---- Check complete: PASS (Simulated) ----

[2026-02-09 23:55:01] ---- Starting VPN Auto-Detect/Activate check ----
[2026-02-09 23:55:01] Simulating connection to SSID BART-WiFi
[2026-02-09 23:55:01] ⚠️ VPN not active. Initiating simulation/fallback.
[2026-02-09 23:55:01] ✅ Simulated VPN activation successful (flag created).
[2026-02-09 23:55:01] ---- Check complete: PASS (Simulated) ----

[2026-02-10 00:10:07] ---- Starting VPN Auto-Detect/Activate check ----
[2026-02-10 00:10:07] Simulating connection to SSID BART-WiFi
[2026-02-10 00:10:07] ⚠️ VPN not active. Initiating simulation/fallback.
[2026-02-10 00:10:07] ✅ Simulated VPN activation successful (flag created).
[2026-02-10 00:10:07] ---- Check complete: PASS (Simulated) ----

[2026-02-10 00:25:12] ---- Starting VPN Auto-Detect/Activate check ----
[2026-02-10 00:25:12] Simulating connection to SSID BART-WiFi
[2026-02-10 00:25:12] ⚠️ VPN not active. Initiating simulation/fallback.
[2026-02-10 00:25:12] ✅ Simulated VPN activation successful (flag created).
[2026-02-10 00:25:12] ---- Check complete: PASS (Simulated) ----

[2026-02-10 00:40:17] ---- Starting VPN Auto-Detect/Activate check ----
[2026-02-10 00:40:17] Simulating connection to SSID BART-WiFi
[2026-02-10 00:40:17] ⚠️ VPN not active. Initiating simulation/fallback.
[2026-02-10 00:40:17] ✅ Simulated VPN activation successful (flag created).
[2026-02-10 00:40:17] ---- Check complete: PASS (Simulated) ----

[2026-02-10 00:55:22] ---- Starting VPN Auto-Detect/Activate check ----
[2026-02-10 00:55:22] Simulating connection to SSID BART-WiFi
[2026-02-10 00:55:22] ⚠️ VPN not active. Initiating simulation/fallback.
[2026-02-10 00:55:22] ✅ Simulated VPN activation successful (flag created).
[2026-02-10 00:55:22] ---- Check complete: PASS (Simulated) ----

[2026-02-10 01:10:27] ---- Starting VPN Auto-Detect/Activate check ----
[2026-02-10 01:10:27] Simulating connection to SSID BART-WiFi
[2026-02-10 01:10:27] ⚠️ VPN not active. Initiating simulation/fallback.
[2026-02-10 01:10:27] ✅ Simulated VPN activation successful (flag created).
[2026-02-10 01:10:27] ---- Check complete: PASS (Simulated) ----

[2026-02-10 01:25:32] ---- Starting VPN Auto-Detect/Activate check ----
[2026-02-10 01:25:32] Simulating connection to SSID BART-WiFi
[2026-02-10 01:25:32] ⚠️ VPN not active. Initiating simulation/fallback.
[2026-02-10 01:25:32] ✅ Simulated VPN activation successful (flag created).
[2026-02-10 01:25:32] ---- Check complete: PASS (Simulated) ----

[2026-02-10 01:40:36] ---- Starting VPN Auto-Detect/Activate check ----
[2026-02-10 01:40:36] Simulating connection to SSID BART-WiFi
[2026-02-10 01:40:36] ⚠️ VPN not active. Initiating simulation/fallback.
[2026-02-10 01:40:36] ✅ Simulated VPN activation successful (flag created).
[2026-02-10 01:40:36] ---- Check complete: PASS (Simulated) ----

[2026-02-10 01:55:42] ---- Starting VPN Auto-Detect/Activate check ----
[2026-02-10 01:55:42] Simulating connection to SSID BART-WiFi
[2026-02-10 01:55:42] ⚠️ VPN not active. Initiating simulation/fallback.
[2026-02-10 01:55:42] ✅ Simulated VPN activation successful (flag created).
[2026-02-10 01:55:42] ---- Check complete: PASS (Simulated) ----

[2026-02-10 02:10:47] ---- Starting VPN Auto-Detect/Activate check ----
[2026-02-10 02:10:47] Simulating connection to SSID BART-WiFi
[2026-02-10 02:10:47] ⚠️ VPN not active. Initiating simulation/fallback.
[2026-02-10 02:10:47] ✅ Simulated VPN activation successful (flag created).
[2026-02-10 02:10:47] ---- Check complete: PASS (Simulated) ----

[2026-02-10 02:25:52] ---- Starting VPN Auto-Detect/Activate check ----
[2026-02-10 02:25:52] Simulating connection to SSID BART-WiFi
[2026-02-10 02:25:52] ⚠️ VPN not active. Initiating simulation/fallback.
[2026-02-10 02:25:52] ✅ Simulated VPN activation successful (flag created).
[2026-02-10 02:25:52] ---- Check complete: PASS (Simulated) ----

[2026-02-10 02:40:58] ---- Starting VPN Auto-Detect/Activate check ----
[2026-02-10 02:40:58] Simulating connection to SSID BART-WiFi
[2026-02-10 02:40:58] ⚠️ VPN not active. Initiating simulation/fallback.
[2026-02-10 02:40:58] ✅ Simulated VPN activation successful (flag created).
[2026-02-10 02:40:58] ---- Check complete: PASS (Simulated) ----

[2026-02-10 02:56:03] ---- Starting VPN Auto-Detect/Activate check ----
[2026-02-10 02:56:03] Simulating connection to SSID BART-WiFi
[2026-02-10 02:56:03] ⚠️ VPN not active. Initiating simulation/fallback.
[2026-02-10 02:56:03] ✅ Simulated VPN activation successful (flag created).
[2026-02-10 02:56:03] ---- Check complete: PASS (Simulated) ----

[2026-02-10 03:11:08] ---- Starting VPN Auto-Detect/Activate check ----
[2026-02-10 03:11:08] Simulating connection to SSID BART-WiFi
[2026-02-10 03:11:08] ⚠️ VPN not active. Initiating simulation/fallback.
[2026-02-10 03:11:08] ✅ Simulated VPN activation successful (flag created).
[2026-02-10 03:11:08] ---- Check complete: PASS (Simulated) ----

[2026-02-10 03:26:12] ---- Starting VPN Auto-Detect/Activate check ----
[2026-02-10 03:26:12] Simulating connection to SSID BART-WiFi
[2026-02-10 03:26:12] ⚠️ VPN not active. Initiating simulation/fallback.
[2026-02-10 03:26:12] ✅ Simulated VPN activation successful (flag created).
[2026-02-10 03:26:12] ---- Check complete: PASS (Simulated) ----

[2026-02-10 03:41:18] ---- Starting VPN Auto-Detect/Activate check ----
[2026-02-10 03:41:18] Simulating connection to SSID BART-WiFi
[2026-02-10 03:41:18] ⚠️ VPN not active. Initiating simulation/fallback.
[2026-02-10 03:41:18] ✅ Simulated VPN activation successful (flag created).
[2026-02-10 03:41:18] ---- Check complete: PASS (Simulated) ----

[2026-02-10 03:56:24] ---- Starting VPN Auto-Detect/Activate check ----
[2026-02-10 03:56:24] Simulating connection to SSID BART-WiFi
[2026-02-10 03:56:24] ⚠️ VPN not active. Initiating simulation/fallback.
[2026-02-10 03:56:24] ✅ Simulated VPN activation successful (flag created).
[2026-02-10 03:56:24] ---- Check complete: PASS (Simulated) ----

[2026-02-10 04:11:29] ---- Starting VPN Auto-Detect/Activate check ----
[2026-02-10 04:11:29] Simulating connection to SSID BART-WiFi
[2026-02-10 04:11:29] ⚠️ VPN not active. Initiating simulation/fallback.
[2026-02-10 04:11:29] ✅ Simulated VPN activation successful (flag created).
[2026-02-10 04:11:29] ---- Check complete: PASS (Simulated) ----

[2026-02-10 04:26:34] ---- Starting VPN Auto-Detect/Activate check ----
[2026-02-10 04:26:34] Simulating connection to SSID BART-WiFi
[2026-02-10 04:26:34] ⚠️ VPN not active. Initiating simulation/fallback.
[2026-02-10 04:26:34] ✅ Simulated VPN activation successful (flag created).
[2026-02-10 04:26:34] ---- Check complete: PASS (Simulated) ----

[2026-02-10 04:41:39] ---- Starting VPN Auto-Detect/Activate check ----
[2026-02-10 04:41:39] Simulating connection to SSID BART-WiFi
[2026-02-10 04:41:39] ⚠️ VPN not active. Initiating simulation/fallback.
[2026-02-10 04:41:39] ✅ Simulated VPN activation successful (flag created).
[2026-02-10 04:41:39] ---- Check complete: PASS (Simulated) ----

[2026-02-10 04:56:44] ---- Starting VPN Auto-Detect/Activate check ----
[2026-02-10 04:56:44] Simulating connection to SSID BART-WiFi
[2026-02-10 04:56:44] ⚠️ VPN not active. Initiating simulation/fallback.
[2026-02-10 04:56:44] ✅ Simulated VPN activation successful (flag created).
[2026-02-10 04:56:44] ---- Check complete: PASS (Simulated) ----

[2026-02-10 05:11:50] ---- Starting VPN Auto-Detect/Activate check ----
[2026-02-10 05:11:50] Simulating connection to SSID BART-WiFi
[2026-02-10 05:11:50] ⚠️ VPN not active. Initiating simulation/fallback.
[2026-02-10 05:11:50] ✅ Simulated VPN activation successful (flag created).
[2026-02-10 05:11:50] ---- Check complete: PASS (Simulated) ----

[2026-02-10 05:26:55] ---- Starting VPN Auto-Detect/Activate check ----
[2026-02-10 05:26:55] Simulating connection to SSID BART-WiFi
[2026-02-10 05:26:55] ⚠️ VPN not active. Initiating simulation/fallback.
[2026-02-10 05:26:55] ✅ Simulated VPN activation successful (flag created).
[2026-02-10 05:26:55] ---- Check complete: PASS (Simulated) ----

[2026-02-10 05:42:00] ---- Starting VPN Auto-Detect/Activate check ----
[2026-02-10 05:42:00] Simulating connection to SSID BART-WiFi
[2026-02-10 05:42:00] ⚠️ VPN not active. Initiating simulation/fallback.
[2026-02-10 05:42:00] ✅ Simulated VPN activation successful (flag created).
[2026-02-10 05:42:00] ---- Check complete: PASS (Simulated) ----

[2026-02-10 05:57:05] ---- Starting VPN Auto-Detect/Activate check ----
[2026-02-10 05:57:05] Simulating connection to SSID BART-WiFi
[2026-02-10 05:57:05] ⚠️ VPN not active. Initiating simulation/fallback.
[2026-02-10 05:57:05] ✅ Simulated VPN activation successful (flag created).
[2026-02-10 05:57:05] ---- Check complete: PASS (Simulated) ----

[2026-02-10 06:12:10] ---- Starting VPN Auto-Detect/Activate check ----
[2026-02-10 06:12:10] Simulating connection to SSID BART-WiFi
[2026-02-10 06:12:10] ⚠️ VPN not active. Initiating simulation/fallback.
[2026-02-10 06:12:11] ✅ Simulated VPN activation successful (flag created).
[2026-02-10 06:12:11] ---- Check complete: PASS (Simulated) ----

[2026-02-10 06:27:15] ---- Starting VPN Auto-Detect/Activate check ----
[2026-02-10 06:27:15] Simulating connection to SSID BART-WiFi
[2026-02-10 06:27:15] ⚠️ VPN not active. Initiating simulation/fallback.
[2026-02-10 06:27:15] ✅ Simulated VPN activation successful (flag created).
[2026-02-10 06:27:15] ---- Check complete: PASS (Simulated) ----

[2026-02-10 06:42:21] ---- Starting VPN Auto-Detect/Activate check ----
[2026-02-10 06:42:21] Simulating connection to SSID BART-WiFi
[2026-02-10 06:42:21] ⚠️ VPN not active. Initiating simulation/fallback.
[2026-02-10 06:42:21] ✅ Simulated VPN activation successful (flag created).
[2026-02-10 06:42:21] ---- Check complete: PASS (Simulated) ----

[2026-02-10 06:57:26] ---- Starting VPN Auto-Detect/Activate check ----
[2026-02-10 06:57:26] Simulating connection to SSID BART-WiFi
[2026-02-10 06:57:26] ⚠️ VPN not active. Initiating simulation/fallback.
[2026-02-10 06:57:26] ✅ Simulated VPN activation successful (flag created).
[2026-02-10 06:57:26] ---- Check complete: PASS (Simulated) ----

[2026-02-10 07:12:30] ---- Starting VPN Auto-Detect/Activate check ----
[2026-02-10 07:12:30] Simulating connection to SSID BART-WiFi
[2026-02-10 07:12:30] ⚠️ VPN not active. Initiating simulation/fallback.
[2026-02-10 07:12:30] ✅ Simulated VPN activation successful (flag created).
[2026-02-10 07:12:30] ---- Check complete: PASS (Simulated) ----

[2026-02-10 07:27:36] ---- Starting VPN Auto-Detect/Activate check ----
[2026-02-10 07:27:36] Simulating connection to SSID BART-WiFi
[2026-02-10 07:27:36] ⚠️ VPN not active. Initiating simulation/fallback.
[2026-02-10 07:27:36] ✅ Simulated VPN activation successful (flag created).
[2026-02-10 07:27:36] ---- Check complete: PASS (Simulated) ----

[2026-02-10 07:42:42] ---- Starting VPN Auto-Detect/Activate check ----
[2026-02-10 07:42:42] Simulating connection to SSID BART-WiFi
[2026-02-10 07:42:42] ⚠️ VPN not active. Initiating simulation/fallback.
[2026-02-10 07:42:42] ✅ Simulated VPN activation successful (flag created).
[2026-02-10 07:42:42] ---- Check complete: PASS (Simulated) ----

[2026-02-10 07:57:48] ---- Starting VPN Auto-Detect/Activate check ----
[2026-02-10 07:57:48] Simulating connection to SSID BART-WiFi
[2026-02-10 07:57:48] ⚠️ VPN not active. Initiating simulation/fallback.
[2026-02-10 07:57:48] ✅ Simulated VPN activation successful (flag created).
[2026-02-10 07:57:48] ---- Check complete: PASS (Simulated) ----

[2026-02-10 08:12:53] ---- Starting VPN Auto-Detect/Activate check ----
[2026-02-10 08:12:53] Simulating connection to SSID BART-WiFi
[2026-02-10 08:12:53] ⚠️ VPN not active. Initiating simulation/fallback.
[2026-02-10 08:12:53] ✅ Simulated VPN activation successful (flag created).
[2026-02-10 08:12:53] ---- Check complete: PASS (Simulated) ----

[2026-02-10 08:27:58] ---- Starting VPN Auto-Detect/Activate check ----
[2026-02-10 08:27:58] Simulating connection to SSID BART-WiFi
[2026-02-10 08:27:58] ⚠️ VPN not active. Initiating simulation/fallback.
[2026-02-10 08:27:58] ✅ Simulated VPN activation successful (flag created).
[2026-02-10 08:27:58] ---- Check complete: PASS (Simulated) ----

[2026-02-10 08:43:03] ---- Starting VPN Auto-Detect/Activate check ----
[2026-02-10 08:43:03] Simulating connection to SSID BART-WiFi
[2026-02-10 08:43:03] ⚠️ VPN not active. Initiating simulation/fallback.
[2026-02-10 08:43:03] ✅ Simulated VPN activation successful (flag created).
[2026-02-10 08:43:03] ---- Check complete: PASS (Simulated) ----

[2026-02-10 08:58:08] ---- Starting VPN Auto-Detect/Activate check ----
[2026-02-10 08:58:08] Simulating connection to SSID BART-WiFi
[2026-02-10 08:58:08] ⚠️ VPN not active. Initiating simulation/fallback.
[2026-02-10 08:58:08] ✅ Simulated VPN activation successful (flag created).
[2026-02-10 08:58:08] ---- Check complete: PASS (Simulated) ----

[2026-02-10 09:13:14] ---- Starting VPN Auto-Detect/Activate check ----
[2026-02-10 09:13:14] Simulating connection to SSID BART-WiFi
[2026-02-10 09:13:14] ⚠️ VPN not active. Initiating simulation/fallback.
[2026-02-10 09:13:14] ✅ Simulated VPN activation successful (flag created).
[2026-02-10 09:13:14] ---- Check complete: PASS (Simulated) ----

[2026-02-10 09:28:20] ---- Starting VPN Auto-Detect/Activate check ----
[2026-02-10 09:28:20] Simulating connection to SSID BART-WiFi
[2026-02-10 09:28:20] ⚠️ VPN not active. Initiating simulation/fallback.
[2026-02-10 09:28:20] ✅ Simulated VPN activation successful (flag created).
[2026-02-10 09:28:20] ---- Check complete: PASS (Simulated) ----

[2026-02-10 09:43:25] ---- Starting VPN Auto-Detect/Activate check ----
[2026-02-10 09:43:25] Simulating connection to SSID BART-WiFi
[2026-02-10 09:43:25] ⚠️ VPN not active. Initiating simulation/fallback.
[2026-02-10 09:43:25] ✅ Simulated VPN activation successful (flag created).
[2026-02-10 09:43:25] ---- Check complete: PASS (Simulated) ----

[2026-02-10 09:58:30] ---- Starting VPN Auto-Detect/Activate check ----
[2026-02-10 09:58:30] Simulating connection to SSID BART-WiFi
[2026-02-10 09:58:30] ⚠️ VPN not active. Initiating simulation/fallback.
[2026-02-10 09:58:30] ✅ Simulated VPN activation successful (flag created).
[2026-02-10 09:58:30] ---- Check complete: PASS (Simulated) ----

[2026-02-10 10:13:35] ---- Starting VPN Auto-Detect/Activate check ----
[2026-02-10 10:13:35] Simulating connection to SSID BART-WiFi
[2026-02-10 10:13:35] ⚠️ VPN not active. Initiating simulation/fallback.
[2026-02-10 10:13:35] ✅ Simulated VPN activation successful (flag created).
[2026-02-10 10:13:35] ---- Check complete: PASS (Simulated) ----

[2026-02-10 10:28:40] ---- Starting VPN Auto-Detect/Activate check ----
[2026-02-10 10:28:40] Simulating connection to SSID BART-WiFi
[2026-02-10 10:28:40] ⚠️ VPN not active. Initiating simulation/fallback.
[2026-02-10 10:28:40] ✅ Simulated VPN activation successful (flag created).
[2026-02-10 10:28:40] ---- Check complete: PASS (Simulated) ----

[2026-02-10 10:43:45] ---- Starting VPN Auto-Detect/Activate check ----
[2026-02-10 10:43:45] Simulating connection to SSID BART-WiFi
[2026-02-10 10:43:45] ⚠️ VPN not active. Initiating simulation/fallback.
[2026-02-10 10:43:45] ✅ Simulated VPN activation successful (flag created).
[2026-02-10 10:43:45] ---- Check complete: PASS (Simulated) ----

[2026-02-10 10:58:53] ---- Starting VPN Auto-Detect/Activate check ----
[2026-02-10 10:58:53] Simulating connection to SSID BART-WiFi
[2026-02-10 10:58:53] ⚠️ VPN not active. Initiating simulation/fallback.
[2026-02-10 10:58:53] ✅ Simulated VPN activation successful (flag created).
[2026-02-10 10:58:53] ---- Check complete: PASS (Simulated) ----

[2026-02-10 11:13:59] ---- Starting VPN Auto-Detect/Activate check ----
[2026-02-10 11:13:59] Simulating connection to SSID BART-WiFi
[2026-02-10 11:13:59] ⚠️ VPN not active. Initiating simulation/fallback.
[2026-02-10 11:13:59] ✅ Simulated VPN activation successful (flag created).
[2026-02-10 11:13:59] ---- Check complete: PASS (Simulated) ----

[2026-02-10 11:29:05] ---- Starting VPN Auto-Detect/Activate check ----
[2026-02-10 11:29:05] Simulating connection to SSID BART-WiFi
[2026-02-10 11:29:05] ⚠️ VPN not active. Initiating simulation/fallback.
[2026-02-10 11:29:05] ✅ Simulated VPN activation successful (flag created).
[2026-02-10 11:29:05] ---- Check complete: PASS (Simulated) ----

[2026-02-10 11:44:10] ---- Starting VPN Auto-Detect/Activate check ----
[2026-02-10 11:44:10] Simulating connection to SSID BART-WiFi
[2026-02-10 11:44:10] ⚠️ VPN not active. Initiating simulation/fallback.
[2026-02-10 11:44:10] ✅ Simulated VPN activation successful (flag created).
[2026-02-10 11:44:10] ---- Check complete: PASS (Simulated) ----

[2026-02-10 11:59:14] ---- Starting VPN Auto-Detect/Activate check ----
[2026-02-10 11:59:14] Simulating connection to SSID BART-WiFi
[2026-02-10 11:59:14] ⚠️ VPN not active. Initiating simulation/fallback.
[2026-02-10 11:59:14] ✅ Simulated VPN activation successful (flag created).
[2026-02-10 11:59:14] ---- Check complete: PASS (Simulated) ----

[2026-02-10 12:14:19] ---- Starting VPN Auto-Detect/Activate check ----
[2026-02-10 12:14:19] Simulating connection to SSID BART-WiFi
[2026-02-10 12:14:19] ⚠️ VPN not active. Initiating simulation/fallback.
[2026-02-10 12:14:19] ✅ Simulated VPN activation successful (flag created).
[2026-02-10 12:14:19] ---- Check complete: PASS (Simulated) ----

[2026-02-10 12:29:24] ---- Starting VPN Auto-Detect/Activate check ----
[2026-02-10 12:29:24] Simulating connection to SSID BART-WiFi
[2026-02-10 12:29:24] ⚠️ VPN not active. Initiating simulation/fallback.
[2026-02-10 12:29:24] ✅ Simulated VPN activation successful (flag created).
[2026-02-10 12:29:24] ---- Check complete: PASS (Simulated) ----

[2026-02-10 12:44:29] ---- Starting VPN Auto-Detect/Activate check ----
[2026-02-10 12:44:29] Simulating connection to SSID BART-WiFi
[2026-02-10 12:44:29] ⚠️ VPN not active. Initiating simulation/fallback.
[2026-02-10 12:44:29] ✅ Simulated VPN activation successful (flag created).
[2026-02-10 12:44:29] ---- Check complete: PASS (Simulated) ----

[2026-02-10 12:59:34] ---- Starting VPN Auto-Detect/Activate check ----
[2026-02-10 12:59:34] Simulating connection to SSID BART-WiFi
[2026-02-10 12:59:34] ⚠️ VPN not active. Initiating simulation/fallback.
[2026-02-10 12:59:34] ✅ Simulated VPN activation successful (flag created).
[2026-02-10 12:59:34] ---- Check complete: PASS (Simulated) ----

[2026-02-10 13:14:39] ---- Starting VPN Auto-Detect/Activate check ----
[2026-02-10 13:14:39] Simulating connection to SSID BART-WiFi
[2026-02-10 13:14:39] ⚠️ VPN not active. Initiating simulation/fallback.
[2026-02-10 13:14:39] ✅ Simulated VPN activation successful (flag created).
[2026-02-10 13:14:39] ---- Check complete: PASS (Simulated) ----

[2026-02-10 13:29:44] ---- Starting VPN Auto-Detect/Activate check ----
[2026-02-10 13:29:44] Simulating connection to SSID BART-WiFi
[2026-02-10 13:29:44] ⚠️ VPN not active. Initiating simulation/fallback.
[2026-02-10 13:29:44] ✅ Simulated VPN activation successful (flag created).
[2026-02-10 13:29:44] ---- Check complete: PASS (Simulated) ----

[2026-02-10 13:44:48] ---- Starting VPN Auto-Detect/Activate check ----
[2026-02-10 13:44:48] Simulating connection to SSID BART-WiFi
[2026-02-10 13:44:49] ⚠️ VPN not active. Initiating simulation/fallback.
[2026-02-10 13:44:49] ✅ Simulated VPN activation successful (flag created).
[2026-02-10 13:44:49] ---- Check complete: PASS (Simulated) ----

[2026-02-10 13:59:53] ---- Starting VPN Auto-Detect/Activate check ----
[2026-02-10 13:59:53] Simulating connection to SSID BART-WiFi
[2026-02-10 13:59:53] ⚠️ VPN not active. Initiating simulation/fallback.
[2026-02-10 13:59:53] ✅ Simulated VPN activation successful (flag created).
[2026-02-10 13:59:53] ---- Check complete: PASS (Simulated) ----

[2026-02-10 14:14:58] ---- Starting VPN Auto-Detect/Activate check ----
[2026-02-10 14:14:58] Simulating connection to SSID BART-WiFi
[2026-02-10 14:14:58] ⚠️ VPN not active. Initiating simulation/fallback.
[2026-02-10 14:14:58] ✅ Simulated VPN activation successful (flag created).
[2026-02-10 14:14:58] ---- Check complete: PASS (Simulated) ----

[2026-02-10 14:30:04] ---- Starting VPN Auto-Detect/Activate check ----
[2026-02-10 14:30:04] Simulating connection to SSID BART-WiFi
[2026-02-10 14:30:04] ⚠️ VPN not active. Initiating simulation/fallback.
[2026-02-10 14:30:04] ✅ Simulated VPN activation successful (flag created).
[2026-02-10 14:30:04] ---- Check complete: PASS (Simulated) ----

[2026-02-10 14:45:09] ---- Starting VPN Auto-Detect/Activate check ----
[2026-02-10 14:45:09] Simulating connection to SSID BART-WiFi
[2026-02-10 14:45:09] ⚠️ VPN not active. Initiating simulation/fallback.
[2026-02-10 14:45:09] ✅ Simulated VPN activation successful (flag created).
[2026-02-10 14:45:09] ---- Check complete: PASS (Simulated) ----

[2026-02-10 15:00:15] ---- Starting VPN Auto-Detect/Activate check ----
[2026-02-10 15:00:15] Simulating connection to SSID BART-WiFi
[2026-02-10 15:00:15] ⚠️ VPN not active. Initiating simulation/fallback.
[2026-02-10 15:00:15] ✅ Simulated VPN activation successful (flag created).
[2026-02-10 15:00:15] ---- Check complete: PASS (Simulated) ----

[2026-02-10 15:15:21] ---- Starting VPN Auto-Detect/Activate check ----
[2026-02-10 15:15:21] Simulating connection to SSID BART-WiFi
[2026-02-10 15:15:21] ⚠️ VPN not active. Initiating simulation/fallback.
[2026-02-10 15:15:21] ✅ Simulated VPN activation successful (flag created).
[2026-02-10 15:15:21] ---- Check complete: PASS (Simulated) ----

[2026-02-10 15:30:26] ---- Starting VPN Auto-Detect/Activate check ----
[2026-02-10 15:30:26] Simulating connection to SSID BART-WiFi
[2026-02-10 15:30:26] ⚠️ VPN not active. Initiating simulation/fallback.
[2026-02-10 15:30:26] ✅ Simulated VPN activation successful (flag created).
[2026-02-10 15:30:26] ---- Check complete: PASS (Simulated) ----

[2026-02-10 15:45:32] ---- Starting VPN Auto-Detect/Activate check ----
[2026-02-10 15:45:32] Simulating connection to SSID BART-WiFi
[2026-02-10 15:45:32] ⚠️ VPN not active. Initiating simulation/fallback.
[2026-02-10 15:45:32] ✅ Simulated VPN activation successful (flag created).
[2026-02-10 15:45:32] ---- Check complete: PASS (Simulated) ----

[2026-02-10 16:00:39] ---- Starting VPN Auto-Detect/Activate check ----
[2026-02-10 16:00:39] Simulating connection to SSID BART-WiFi
[2026-02-10 16:00:39] ⚠️ VPN not active. Initiating simulation/fallback.
[2026-02-10 16:00:39] ✅ Simulated VPN activation successful (flag created).
[2026-02-10 16:00:39] ---- Check complete: PASS (Simulated) ----

[2026-02-10 16:15:45] ---- Starting VPN Auto-Detect/Activate check ----
[2026-02-10 16:15:45] Simulating connection to SSID BART-WiFi
[2026-02-10 16:15:45] ⚠️ VPN not active. Initiating simulation/fallback.
[2026-02-10 16:15:45] ✅ Simulated VPN activation successful (flag created).
[2026-02-10 16:15:45] ---- Check complete: PASS (Simulated) ----

[2026-02-10 16:30:51] ---- Starting VPN Auto-Detect/Activate check ----
[2026-02-10 16:30:51] Simulating connection to SSID BART-WiFi
[2026-02-10 16:30:51] ⚠️ VPN not active. Initiating simulation/fallback.
[2026-02-10 16:30:51] ✅ Simulated VPN activation successful (flag created).
[2026-02-10 16:30:52] ---- Check complete: PASS (Simulated) ----

[2026-02-10 16:45:58] ---- Starting VPN Auto-Detect/Activate check ----
[2026-02-10 16:45:58] Simulating connection to SSID BART-WiFi
[2026-02-10 16:45:58] ⚠️ VPN not active. Initiating simulation/fallback.
[2026-02-10 16:45:58] ✅ Simulated VPN activation successful (flag created).
[2026-02-10 16:45:58] ---- Check complete: PASS (Simulated) ----

[2026-02-10 17:01:05] ---- Starting VPN Auto-Detect/Activate check ----
[2026-02-10 17:01:05] Simulating connection to SSID BART-WiFi
[2026-02-10 17:01:05] ⚠️ VPN not active. Initiating simulation/fallback.
[2026-02-10 17:01:05] ✅ Simulated VPN activation successful (flag created).
[2026-02-10 17:01:05] ---- Check complete: PASS (Simulated) ----

[2026-02-10 17:16:11] ---- Starting VPN Auto-Detect/Activate check ----
[2026-02-10 17:16:11] Simulating connection to SSID BART-WiFi
[2026-02-10 17:16:11] ⚠️ VPN not active. Initiating simulation/fallback.
[2026-02-10 17:16:11] ✅ Simulated VPN activation successful (flag created).
[2026-02-10 17:16:11] ---- Check complete: PASS (Simulated) ----

[2026-02-10 17:31:16] ---- Starting VPN Auto-Detect/Activate check ----
[2026-02-10 17:31:16] Simulating connection to SSID BART-WiFi
[2026-02-10 17:31:16] ⚠️ VPN not active. Initiating simulation/fallback.
[2026-02-10 17:31:16] ✅ Simulated VPN activation successful (flag created).
[2026-02-10 17:31:17] ---- Check complete: PASS (Simulated) ----

[2026-02-10 17:46:21] ---- Starting VPN Auto-Detect/Activate check ----
[2026-02-10 17:46:21] Simulating connection to SSID BART-WiFi
[2026-02-10 17:46:21] ⚠️ VPN not active. Initiating simulation/fallback.
[2026-02-10 17:46:21] ✅ Simulated VPN activation successful (flag created).
[2026-02-10 17:46:21] ---- Check complete: PASS (Simulated) ----

[2026-02-10 18:01:27] ---- Starting VPN Auto-Detect/Activate check ----
[2026-02-10 18:01:27] Simulating connection to SSID BART-WiFi
[2026-02-10 18:01:27] ⚠️ VPN not active. Initiating simulation/fallback.
[2026-02-10 18:01:27] ✅ Simulated VPN activation successful (flag created).
[2026-02-10 18:01:27] ---- Check complete: PASS (Simulated) ----

[2026-02-10 18:16:32] ---- Starting VPN Auto-Detect/Activate check ----
[2026-02-10 18:16:32] Simulating connection to SSID BART-WiFi
[2026-02-10 18:16:32] ⚠️ VPN not active. Initiating simulation/fallback.
[2026-02-10 18:16:32] ✅ Simulated VPN activation successful (flag created).
[2026-02-10 18:16:32] ---- Check complete: PASS (Simulated) ----

[2026-02-10 18:31:37] ---- Starting VPN Auto-Detect/Activate check ----
[2026-02-10 18:31:37] Simulating connection to SSID BART-WiFi
[2026-02-10 18:31:37] ⚠️ VPN not active. Initiating simulation/fallback.
[2026-02-10 18:31:37] ✅ Simulated VPN activation successful (flag created).
[2026-02-10 18:31:38] ---- Check complete: PASS (Simulated) ----

[2026-02-10 18:46:43] ---- Starting VPN Auto-Detect/Activate check ----
[2026-02-10 18:46:43] Simulating connection to SSID BART-WiFi
[2026-02-10 18:46:44] ⚠️ VPN not active. Initiating simulation/fallback.
[2026-02-10 18:46:44] ✅ Simulated VPN activation successful (flag created).
[2026-02-10 18:46:44] ---- Check complete: PASS (Simulated) ----

[2026-02-10 19:01:50] ---- Starting VPN Auto-Detect/Activate check ----
[2026-02-10 19:01:50] Simulating connection to SSID BART-WiFi
[2026-02-10 19:01:50] ⚠️ VPN not active. Initiating simulation/fallback.
[2026-02-10 19:01:50] ✅ Simulated VPN activation successful (flag created).
[2026-02-10 19:01:50] ---- Check complete: PASS (Simulated) ----

[2026-02-10 19:16:56] ---- Starting VPN Auto-Detect/Activate check ----
[2026-02-10 19:16:56] Simulating connection to SSID BART-WiFi
[2026-02-10 19:16:56] ⚠️ VPN not active. Initiating simulation/fallback.
[2026-02-10 19:16:56] ✅ Simulated VPN activation successful (flag created).
[2026-02-10 19:16:56] ---- Check complete: PASS (Simulated) ----

[2026-02-10 19:32:01] ---- Starting VPN Auto-Detect/Activate check ----
[2026-02-10 19:32:01] Simulating connection to SSID BART-WiFi
[2026-02-10 19:32:01] ⚠️ VPN not active. Initiating simulation/fallback.
[2026-02-10 19:32:01] ✅ Simulated VPN activation successful (flag created).
[2026-02-10 19:32:01] ---- Check complete: PASS (Simulated) ----

[2026-02-10 19:47:06] ---- Starting VPN Auto-Detect/Activate check ----
[2026-02-10 19:47:06] Simulating connection to SSID BART-WiFi
[2026-02-10 19:47:06] ⚠️ VPN not active. Initiating simulation/fallback.
[2026-02-10 19:47:06] ✅ Simulated VPN activation successful (flag created).
[2026-02-10 19:47:06] ---- Check complete: PASS (Simulated) ----

[2026-02-10 20:02:11] ---- Starting VPN Auto-Detect/Activate check ----
[2026-02-10 20:02:11] Simulating connection to SSID BART-WiFi
[2026-02-10 20:02:11] ⚠️ VPN not active. Initiating simulation/fallback.
[2026-02-10 20:02:11] ✅ Simulated VPN activation successful (flag created).
[2026-02-10 20:02:11] ---- Check complete: PASS (Simulated) ----

[2026-02-10 20:17:17] ---- Starting VPN Auto-Detect/Activate check ----
[2026-02-10 20:17:17] Simulating connection to SSID BART-WiFi
[2026-02-10 20:17:17] ⚠️ VPN not active. Initiating simulation/fallback.
[2026-02-10 20:17:17] ✅ Simulated VPN activation successful (flag created).
[2026-02-10 20:17:17] ---- Check complete: PASS (Simulated) ----

[2026-02-10 20:32:22] ---- Starting VPN Auto-Detect/Activate check ----
[2026-02-10 20:32:22] Simulating connection to SSID BART-WiFi
[2026-02-10 20:32:22] ⚠️ VPN not active. Initiating simulation/fallback.
[2026-02-10 20:32:22] ✅ Simulated VPN activation successful (flag created).
[2026-02-10 20:32:22] ---- Check complete: PASS (Simulated) ----

[2026-02-10 20:47:27] ---- Starting VPN Auto-Detect/Activate check ----
[2026-02-10 20:47:27] Simulating connection to SSID BART-WiFi
[2026-02-10 20:47:27] ⚠️ VPN not active. Initiating simulation/fallback.
[2026-02-10 20:47:27] ✅ Simulated VPN activation successful (flag created).
[2026-02-10 20:47:27] ---- Check complete: PASS (Simulated) ----

[2026-02-10 21:02:32] ---- Starting VPN Auto-Detect/Activate check ----
[2026-02-10 21:02:32] Simulating connection to SSID BART-WiFi
[2026-02-10 21:02:32] ⚠️ VPN not active. Initiating simulation/fallback.
[2026-02-10 21:02:32] ✅ Simulated VPN activation successful (flag created).
[2026-02-10 21:02:32] ---- Check complete: PASS (Simulated) ----

[2026-02-10 21:17:37] ---- Starting VPN Auto-Detect/Activate check ----
[2026-02-10 21:17:37] Simulating connection to SSID BART-WiFi
[2026-02-10 21:17:37] ⚠️ VPN not active. Initiating simulation/fallback.
[2026-02-10 21:17:37] ✅ Simulated VPN activation successful (flag created).
[2026-02-10 21:17:37] ---- Check complete: PASS (Simulated) ----

[2026-02-10 21:32:42] ---- Starting VPN Auto-Detect/Activate check ----
[2026-02-10 21:32:42] Simulating connection to SSID BART-WiFi
[2026-02-10 21:32:42] ⚠️ VPN not active. Initiating simulation/fallback.
[2026-02-10 21:32:42] ✅ Simulated VPN activation successful (flag created).
[2026-02-10 21:32:42] ---- Check complete: PASS (Simulated) ----

[2026-02-10 21:47:47] ---- Starting VPN Auto-Detect/Activate check ----
[2026-02-10 21:47:47] Simulating connection to SSID BART-WiFi
[2026-02-10 21:47:47] ⚠️ VPN not active. Initiating simulation/fallback.
[2026-02-10 21:47:47] ✅ Simulated VPN activation successful (flag created).
[2026-02-10 21:47:47] ---- Check complete: PASS (Simulated) ----

[2026-02-10 22:02:51] ---- Starting VPN Auto-Detect/Activate check ----
[2026-02-10 22:02:51] Simulating connection to SSID BART-WiFi
[2026-02-10 22:02:51] ⚠️ VPN not active. Initiating simulation/fallback.
[2026-02-10 22:02:51] ✅ Simulated VPN activation successful (flag created).
[2026-02-10 22:02:51] ---- Check complete: PASS (Simulated) ----

[2026-02-10 22:17:56] ---- Starting VPN Auto-Detect/Activate check ----
[2026-02-10 22:17:56] Simulating connection to SSID BART-WiFi
[2026-02-10 22:17:56] ⚠️ VPN not active. Initiating simulation/fallback.
[2026-02-10 22:17:56] ✅ Simulated VPN activation successful (flag created).
[2026-02-10 22:17:56] ---- Check complete: PASS (Simulated) ----

[2026-02-10 22:33:01] ---- Starting VPN Auto-Detect/Activate check ----
[2026-02-10 22:33:01] Simulating connection to SSID BART-WiFi
[2026-02-10 22:33:01] ⚠️ VPN not active. Initiating simulation/fallback.
[2026-02-10 22:33:01] ✅ Simulated VPN activation successful (flag created).
[2026-02-10 22:33:01] ---- Check complete: PASS (Simulated) ----

[2026-02-10 22:48:06] ---- Starting VPN Auto-Detect/Activate check ----
[2026-02-10 22:48:06] Simulating connection to SSID BART-WiFi
[2026-02-10 22:48:06] ⚠️ VPN not active. Initiating simulation/fallback.
[2026-02-10 22:48:06] ✅ Simulated VPN activation successful (flag created).
[2026-02-10 22:48:06] ---- Check complete: PASS (Simulated) ----

[2026-02-10 23:03:12] ---- Starting VPN Auto-Detect/Activate check ----
[2026-02-10 23:03:12] Simulating connection to SSID BART-WiFi
[2026-02-10 23:03:12] ⚠️ VPN not active. Initiating simulation/fallback.
[2026-02-10 23:03:12] ✅ Simulated VPN activation successful (flag created).
[2026-02-10 23:03:12] ---- Check complete: PASS (Simulated) ----

[2026-02-10 23:18:17] ---- Starting VPN Auto-Detect/Activate check ----
[2026-02-10 23:18:17] Simulating connection to SSID BART-WiFi
[2026-02-10 23:18:17] ⚠️ VPN not active. Initiating simulation/fallback.
[2026-02-10 23:18:17] ✅ Simulated VPN activation successful (flag created).
[2026-02-10 23:18:17] ---- Check complete: PASS (Simulated) ----

[2026-02-10 23:33:21] ---- Starting VPN Auto-Detect/Activate check ----
[2026-02-10 23:33:21] Simulating connection to SSID BART-WiFi
[2026-02-10 23:33:21] ⚠️ VPN not active. Initiating simulation/fallback.
[2026-02-10 23:33:22] ✅ Simulated VPN activation successful (flag created).
[2026-02-10 23:33:22] ---- Check complete: PASS (Simulated) ----

[2026-02-10 23:48:26] ---- Starting VPN Auto-Detect/Activate check ----
[2026-02-10 23:48:26] Simulating connection to SSID BART-WiFi
[2026-02-10 23:48:26] ⚠️ VPN not active. Initiating simulation/fallback.
[2026-02-10 23:48:26] ✅ Simulated VPN activation successful (flag created).
[2026-02-10 23:48:26] ---- Check complete: PASS (Simulated) ----

[2026-02-11 00:03:32] ---- Starting VPN Auto-Detect/Activate check ----
[2026-02-11 00:03:32] Simulating connection to SSID BART-WiFi
[2026-02-11 00:03:32] ⚠️ VPN not active. Initiating simulation/fallback.
[2026-02-11 00:03:32] ✅ Simulated VPN activation successful (flag created).
[2026-02-11 00:03:32] ---- Check complete: PASS (Simulated) ----

[2026-02-11 00:18:37] ---- Starting VPN Auto-Detect/Activate check ----
[2026-02-11 00:18:37] Simulating connection to SSID BART-WiFi
[2026-02-11 00:18:37] ⚠️ VPN not active. Initiating simulation/fallback.
[2026-02-11 00:18:37] ✅ Simulated VPN activation successful (flag created).
[2026-02-11 00:18:37] ---- Check complete: PASS (Simulated) ----

[2026-02-11 00:33:42] ---- Starting VPN Auto-Detect/Activate check ----
[2026-02-11 00:33:42] Simulating connection to SSID BART-WiFi
[2026-02-11 00:33:42] ⚠️ VPN not active. Initiating simulation/fallback.
[2026-02-11 00:33:42] ✅ Simulated VPN activation successful (flag created).
[2026-02-11 00:33:42] ---- Check complete: PASS (Simulated) ----

[2026-02-11 00:48:47] ---- Starting VPN Auto-Detect/Activate check ----
[2026-02-11 00:48:47] Simulating connection to SSID BART-WiFi
[2026-02-11 00:48:47] ⚠️ VPN not active. Initiating simulation/fallback.
[2026-02-11 00:48:47] ✅ Simulated VPN activation successful (flag created).
[2026-02-11 00:48:47] ---- Check complete: PASS (Simulated) ----

[2026-02-11 01:03:53] ---- Starting VPN Auto-Detect/Activate check ----
[2026-02-11 01:03:53] Simulating connection to SSID BART-WiFi
[2026-02-11 01:03:53] ⚠️ VPN not active. Initiating simulation/fallback.
[2026-02-11 01:03:53] ✅ Simulated VPN activation successful (flag created).
[2026-02-11 01:03:53] ---- Check complete: PASS (Simulated) ----

[2026-02-11 01:18:58] ---- Starting VPN Auto-Detect/Activate check ----
[2026-02-11 01:18:58] Simulating connection to SSID BART-WiFi
[2026-02-11 01:18:58] ⚠️ VPN not active. Initiating simulation/fallback.
[2026-02-11 01:18:58] ✅ Simulated VPN activation successful (flag created).
[2026-02-11 01:18:58] ---- Check complete: PASS (Simulated) ----

[2026-02-11 01:34:02] ---- Starting VPN Auto-Detect/Activate check ----
[2026-02-11 01:34:02] Simulating connection to SSID BART-WiFi
[2026-02-11 01:34:02] ⚠️ VPN not active. Initiating simulation/fallback.
[2026-02-11 01:34:02] ✅ Simulated VPN activation successful (flag created).
[2026-02-11 01:34:02] ---- Check complete: PASS (Simulated) ----

[2026-02-11 01:49:07] ---- Starting VPN Auto-Detect/Activate check ----
[2026-02-11 01:49:07] Simulating connection to SSID BART-WiFi
[2026-02-11 01:49:07] ⚠️ VPN not active. Initiating simulation/fallback.
[2026-02-11 01:49:07] ✅ Simulated VPN activation successful (flag created).
[2026-02-11 01:49:07] ---- Check complete: PASS (Simulated) ----

[2026-02-11 02:04:12] ---- Starting VPN Auto-Detect/Activate check ----
[2026-02-11 02:04:12] Simulating connection to SSID BART-WiFi
[2026-02-11 02:04:12] ⚠️ VPN not active. Initiating simulation/fallback.
[2026-02-11 02:04:12] ✅ Simulated VPN activation successful (flag created).
[2026-02-11 02:04:12] ---- Check complete: PASS (Simulated) ----

[2026-02-11 02:19:17] ---- Starting VPN Auto-Detect/Activate check ----
[2026-02-11 02:19:17] Simulating connection to SSID BART-WiFi
[2026-02-11 02:19:17] ⚠️ VPN not active. Initiating simulation/fallback.
[2026-02-11 02:19:17] ✅ Simulated VPN activation successful (flag created).
[2026-02-11 02:19:17] ---- Check complete: PASS (Simulated) ----

[2026-02-11 02:34:22] ---- Starting VPN Auto-Detect/Activate check ----
[2026-02-11 02:34:22] Simulating connection to SSID BART-WiFi
[2026-02-11 02:34:22] ⚠️ VPN not active. Initiating simulation/fallback.
[2026-02-11 02:34:22] ✅ Simulated VPN activation successful (flag created).
[2026-02-11 02:34:22] ---- Check complete: PASS (Simulated) ----

[2026-02-11 02:49:26] ---- Starting VPN Auto-Detect/Activate check ----
[2026-02-11 02:49:26] Simulating connection to SSID BART-WiFi
[2026-02-11 02:49:26] ⚠️ VPN not active. Initiating simulation/fallback.
[2026-02-11 02:49:27] ✅ Simulated VPN activation successful (flag created).
[2026-02-11 02:49:27] ---- Check complete: PASS (Simulated) ----

[2026-02-11 03:04:31] ---- Starting VPN Auto-Detect/Activate check ----
[2026-02-11 03:04:31] Simulating connection to SSID BART-WiFi
[2026-02-11 03:04:31] ⚠️ VPN not active. Initiating simulation/fallback.
[2026-02-11 03:04:31] ✅ Simulated VPN activation successful (flag created).
[2026-02-11 03:04:31] ---- Check complete: PASS (Simulated) ----

[2026-02-11 03:19:36] ---- Starting VPN Auto-Detect/Activate check ----
[2026-02-11 03:19:36] Simulating connection to SSID BART-WiFi
[2026-02-11 03:19:36] ⚠️ VPN not active. Initiating simulation/fallback.
[2026-02-11 03:19:36] ✅ Simulated VPN activation successful (flag created).
[2026-02-11 03:19:36] ---- Check complete: PASS (Simulated) ----

[2026-02-11 03:34:41] ---- Starting VPN Auto-Detect/Activate check ----
[2026-02-11 03:34:41] Simulating connection to SSID BART-WiFi
[2026-02-11 03:34:41] ⚠️ VPN not active. Initiating simulation/fallback.
[2026-02-11 03:34:41] ✅ Simulated VPN activation successful (flag created).
[2026-02-11 03:34:41] ---- Check complete: PASS (Simulated) ----

[2026-02-11 03:49:46] ---- Starting VPN Auto-Detect/Activate check ----
[2026-02-11 03:49:46] Simulating connection to SSID BART-WiFi
[2026-02-11 03:49:46] ⚠️ VPN not active. Initiating simulation/fallback.
[2026-02-11 03:49:46] ✅ Simulated VPN activation successful (flag created).
[2026-02-11 03:49:46] ---- Check complete: PASS (Simulated) ----

[2026-02-11 04:04:50] ---- Starting VPN Auto-Detect/Activate check ----
[2026-02-11 04:04:51] Simulating connection to SSID BART-WiFi
[2026-02-11 04:04:51] ⚠️ VPN not active. Initiating simulation/fallback.
[2026-02-11 04:04:51] ✅ Simulated VPN activation successful (flag created).
[2026-02-11 04:04:51] ---- Check complete: PASS (Simulated) ----

[2026-02-11 04:19:55] ---- Starting VPN Auto-Detect/Activate check ----
[2026-02-11 04:19:55] Simulating connection to SSID BART-WiFi
[2026-02-11 04:19:55] ⚠️ VPN not active. Initiating simulation/fallback.
[2026-02-11 04:19:55] ✅ Simulated VPN activation successful (flag created).
[2026-02-11 04:19:55] ---- Check complete: PASS (Simulated) ----

[2026-02-11 04:35:00] ---- Starting VPN Auto-Detect/Activate check ----
[2026-02-11 04:35:00] Simulating connection to SSID BART-WiFi
[2026-02-11 04:35:00] ⚠️ VPN not active. Initiating simulation/fallback.
[2026-02-11 04:35:00] ✅ Simulated VPN activation successful (flag created).
[2026-02-11 04:35:00] ---- Check complete: PASS (Simulated) ----

[2026-02-11 04:50:06] ---- Starting VPN Auto-Detect/Activate check ----
[2026-02-11 04:50:06] Simulating connection to SSID BART-WiFi
[2026-02-11 04:50:06] ⚠️ VPN not active. Initiating simulation/fallback.
[2026-02-11 04:50:06] ✅ Simulated VPN activation successful (flag created).
[2026-02-11 04:50:06] ---- Check complete: PASS (Simulated) ----

[2026-02-11 05:05:11] ---- Starting VPN Auto-Detect/Activate check ----
[2026-02-11 05:05:11] Simulating connection to SSID BART-WiFi
[2026-02-11 05:05:11] ⚠️ VPN not active. Initiating simulation/fallback.
[2026-02-11 05:05:11] ✅ Simulated VPN activation successful (flag created).
[2026-02-11 05:05:11] ---- Check complete: PASS (Simulated) ----

[2026-02-11 05:20:16] ---- Starting VPN Auto-Detect/Activate check ----
[2026-02-11 05:20:16] Simulating connection to SSID BART-WiFi
[2026-02-11 05:20:16] ⚠️ VPN not active. Initiating simulation/fallback.
[2026-02-11 05:20:16] ✅ Simulated VPN activation successful (flag created).
[2026-02-11 05:20:16] ---- Check complete: PASS (Simulated) ----

[2026-02-11 05:35:21] ---- Starting VPN Auto-Detect/Activate check ----
[2026-02-11 05:35:21] Simulating connection to SSID BART-WiFi
[2026-02-11 05:35:21] ⚠️ VPN not active. Initiating simulation/fallback.
[2026-02-11 05:35:21] ✅ Simulated VPN activation successful (flag created).
[2026-02-11 05:35:21] ---- Check complete: PASS (Simulated) ----

[2026-02-11 05:50:26] ---- Starting VPN Auto-Detect/Activate check ----
[2026-02-11 05:50:26] Simulating connection to SSID BART-WiFi
[2026-02-11 05:50:26] ⚠️ VPN not active. Initiating simulation/fallback.
[2026-02-11 05:50:26] ✅ Simulated VPN activation successful (flag created).
[2026-02-11 05:50:26] ---- Check complete: PASS (Simulated) ----

[2026-02-11 06:05:31] ---- Starting VPN Auto-Detect/Activate check ----
[2026-02-11 06:05:31] Simulating connection to SSID BART-WiFi
[2026-02-11 06:05:31] ⚠️ VPN not active. Initiating simulation/fallback.
[2026-02-11 06:05:31] ✅ Simulated VPN activation successful (flag created).
[2026-02-11 06:05:31] ---- Check complete: PASS (Simulated) ----

[2026-02-11 06:20:36] ---- Starting VPN Auto-Detect/Activate check ----
[2026-02-11 06:20:36] Simulating connection to SSID BART-WiFi
[2026-02-11 06:20:36] ⚠️ VPN not active. Initiating simulation/fallback.
[2026-02-11 06:20:36] ✅ Simulated VPN activation successful (flag created).
[2026-02-11 06:20:36] ---- Check complete: PASS (Simulated) ----

[2026-02-11 06:35:41] ---- Starting VPN Auto-Detect/Activate check ----
[2026-02-11 06:35:41] Simulating connection to SSID BART-WiFi
[2026-02-11 06:35:41] ⚠️ VPN not active. Initiating simulation/fallback.
[2026-02-11 06:35:41] ✅ Simulated VPN activation successful (flag created).
[2026-02-11 06:35:41] ---- Check complete: PASS (Simulated) ----

[2026-02-11 06:50:46] ---- Starting VPN Auto-Detect/Activate check ----
[2026-02-11 06:50:46] Simulating connection to SSID BART-WiFi
[2026-02-11 06:50:46] ⚠️ VPN not active. Initiating simulation/fallback.
[2026-02-11 06:50:46] ✅ Simulated VPN activation successful (flag created).
[2026-02-11 06:50:46] ---- Check complete: PASS (Simulated) ----

[2026-02-11 07:05:51] ---- Starting VPN Auto-Detect/Activate check ----
[2026-02-11 07:05:51] Simulating connection to SSID BART-WiFi
[2026-02-11 07:05:51] ⚠️ VPN not active. Initiating simulation/fallback.
[2026-02-11 07:05:51] ✅ Simulated VPN activation successful (flag created).
[2026-02-11 07:05:51] ---- Check complete: PASS (Simulated) ----

[2026-02-11 07:20:56] ---- Starting VPN Auto-Detect/Activate check ----
[2026-02-11 07:20:56] Simulating connection to SSID BART-WiFi
[2026-02-11 07:20:56] ⚠️ VPN not active. Initiating simulation/fallback.
[2026-02-11 07:20:56] ✅ Simulated VPN activation successful (flag created).
[2026-02-11 07:20:56] ---- Check complete: PASS (Simulated) ----

[2026-02-11 07:36:00] ---- Starting VPN Auto-Detect/Activate check ----
[2026-02-11 07:36:00] Simulating connection to SSID BART-WiFi
[2026-02-11 07:36:00] ⚠️ VPN not active. Initiating simulation/fallback.
[2026-02-11 07:36:00] ✅ Simulated VPN activation successful (flag created).
[2026-02-11 07:36:00] ---- Check complete: PASS (Simulated) ----

[2026-02-11 07:51:06] ---- Starting VPN Auto-Detect/Activate check ----
[2026-02-11 07:51:06] Simulating connection to SSID BART-WiFi
[2026-02-11 07:51:06] ⚠️ VPN not active. Initiating simulation/fallback.
[2026-02-11 07:51:06] ✅ Simulated VPN activation successful (flag created).
[2026-02-11 07:51:06] ---- Check complete: PASS (Simulated) ----

[2026-02-11 08:06:11] ---- Starting VPN Auto-Detect/Activate check ----
[2026-02-11 08:06:11] Simulating connection to SSID BART-WiFi
[2026-02-11 08:06:11] ⚠️ VPN not active. Initiating simulation/fallback.
[2026-02-11 08:06:11] ✅ Simulated VPN activation successful (flag created).
[2026-02-11 08:06:11] ---- Check complete: PASS (Simulated) ----

[2026-02-11 08:21:16] ---- Starting VPN Auto-Detect/Activate check ----
[2026-02-11 08:21:16] Simulating connection to SSID BART-WiFi
[2026-02-11 08:21:16] ⚠️ VPN not active. Initiating simulation/fallback.
[2026-02-11 08:21:16] ✅ Simulated VPN activation successful (flag created).
[2026-02-11 08:21:16] ---- Check complete: PASS (Simulated) ----

[2026-02-11 08:36:21] ---- Starting VPN Auto-Detect/Activate check ----
[2026-02-11 08:36:21] Simulating connection to SSID BART-WiFi
[2026-02-11 08:36:21] ⚠️ VPN not active. Initiating simulation/fallback.
[2026-02-11 08:36:21] ✅ Simulated VPN activation successful (flag created).
[2026-02-11 08:36:21] ---- Check complete: PASS (Simulated) ----

[2026-02-11 08:51:26] ---- Starting VPN Auto-Detect/Activate check ----
[2026-02-11 08:51:26] Simulating connection to SSID BART-WiFi
[2026-02-11 08:51:26] ⚠️ VPN not active. Initiating simulation/fallback.
[2026-02-11 08:51:26] ✅ Simulated VPN activation successful (flag created).
[2026-02-11 08:51:26] ---- Check complete: PASS (Simulated) ----

[2026-02-11 09:06:31] ---- Starting VPN Auto-Detect/Activate check ----
[2026-02-11 09:06:31] Simulating connection to SSID BART-WiFi
[2026-02-11 09:06:31] ⚠️ VPN not active. Initiating simulation/fallback.
[2026-02-11 09:06:31] ✅ Simulated VPN activation successful (flag created).
[2026-02-11 09:06:31] ---- Check complete: PASS (Simulated) ----

[2026-02-11 09:21:35] ---- Starting VPN Auto-Detect/Activate check ----
[2026-02-11 09:21:35] Simulating connection to SSID BART-WiFi
[2026-02-11 09:21:35] ⚠️ VPN not active. Initiating simulation/fallback.
[2026-02-11 09:21:35] ✅ Simulated VPN activation successful (flag created).
[2026-02-11 09:21:35] ---- Check complete: PASS (Simulated) ----

[2026-02-11 09:36:40] ---- Starting VPN Auto-Detect/Activate check ----
[2026-02-11 09:36:40] Simulating connection to SSID BART-WiFi
[2026-02-11 09:36:40] ⚠️ VPN not active. Initiating simulation/fallback.
[2026-02-11 09:36:40] ✅ Simulated VPN activation successful (flag created).
[2026-02-11 09:36:40] ---- Check complete: PASS (Simulated) ----

[2026-02-11 09:51:46] ---- Starting VPN Auto-Detect/Activate check ----
[2026-02-11 09:51:46] Simulating connection to SSID BART-WiFi
[2026-02-11 09:51:46] ⚠️ VPN not active. Initiating simulation/fallback.
[2026-02-11 09:51:46] ✅ Simulated VPN activation successful (flag created).
[2026-02-11 09:51:46] ---- Check complete: PASS (Simulated) ----

[2026-02-11 10:06:51] ---- Starting VPN Auto-Detect/Activate check ----
[2026-02-11 10:06:51] Simulating connection to SSID BART-WiFi
[2026-02-11 10:06:51] ⚠️ VPN not active. Initiating simulation/fallback.
[2026-02-11 10:06:51] ✅ Simulated VPN activation successful (flag created).
[2026-02-11 10:06:51] ---- Check complete: PASS (Simulated) ----

[2026-02-11 10:21:56] ---- Starting VPN Auto-Detect/Activate check ----
[2026-02-11 10:21:56] Simulating connection to SSID BART-WiFi
[2026-02-11 10:21:56] ⚠️ VPN not active. Initiating simulation/fallback.
[2026-02-11 10:21:56] ✅ Simulated VPN activation successful (flag created).
[2026-02-11 10:21:56] ---- Check complete: PASS (Simulated) ----

[2026-02-11 10:37:02] ---- Starting VPN Auto-Detect/Activate check ----
[2026-02-11 10:37:02] Simulating connection to SSID BART-WiFi
[2026-02-11 10:37:02] ⚠️ VPN not active. Initiating simulation/fallback.
[2026-02-11 10:37:02] ✅ Simulated VPN activation successful (flag created).
[2026-02-11 10:37:02] ---- Check complete: PASS (Simulated) ----

[2026-02-11 10:52:08] ---- Starting VPN Auto-Detect/Activate check ----
[2026-02-11 10:52:08] Simulating connection to SSID BART-WiFi
[2026-02-11 10:52:08] ⚠️ VPN not active. Initiating simulation/fallback.
[2026-02-11 10:52:08] ✅ Simulated VPN activation successful (flag created).
[2026-02-11 10:52:08] ---- Check complete: PASS (Simulated) ----

[2026-02-11 11:07:12] ---- Starting VPN Auto-Detect/Activate check ----
[2026-02-11 11:07:12] Simulating connection to SSID BART-WiFi
[2026-02-11 11:07:12] ⚠️ VPN not active. Initiating simulation/fallback.
[2026-02-11 11:07:12] ✅ Simulated VPN activation successful (flag created).
[2026-02-11 11:07:12] ---- Check complete: PASS (Simulated) ----

[2026-02-11 11:22:17] ---- Starting VPN Auto-Detect/Activate check ----
[2026-02-11 11:22:18] Simulating connection to SSID BART-WiFi
[2026-02-11 11:22:18] ⚠️ VPN not active. Initiating simulation/fallback.
[2026-02-11 11:22:18] ✅ Simulated VPN activation successful (flag created).
[2026-02-11 11:22:18] ---- Check complete: PASS (Simulated) ----

[2026-02-11 11:37:22] ---- Starting VPN Auto-Detect/Activate check ----
[2026-02-11 11:37:22] Simulating connection to SSID BART-WiFi
[2026-02-11 11:37:22] ⚠️ VPN not active. Initiating simulation/fallback.
[2026-02-11 11:37:22] ✅ Simulated VPN activation successful (flag created).
[2026-02-11 11:37:22] ---- Check complete: PASS (Simulated) ----

[2026-02-11 11:52:27] ---- Starting VPN Auto-Detect/Activate check ----
[2026-02-11 11:52:27] Simulating connection to SSID BART-WiFi
[2026-02-11 11:52:27] ⚠️ VPN not active. Initiating simulation/fallback.
[2026-02-11 11:52:27] ✅ Simulated VPN activation successful (flag created).
[2026-02-11 11:52:27] ---- Check complete: PASS (Simulated) ----

[2026-02-11 12:07:33] ---- Starting VPN Auto-Detect/Activate check ----
[2026-02-11 12:07:33] Simulating connection to SSID BART-WiFi
[2026-02-11 12:07:33] ⚠️ VPN not active. Initiating simulation/fallback.
[2026-02-11 12:07:33] ✅ Simulated VPN activation successful (flag created).
[2026-02-11 12:07:33] ---- Check complete: PASS (Simulated) ----

[2026-02-11 12:22:38] ---- Starting VPN Auto-Detect/Activate check ----
[2026-02-11 12:22:38] Simulating connection to SSID BART-WiFi
[2026-02-11 12:22:38] ⚠️ VPN not active. Initiating simulation/fallback.
[2026-02-11 12:22:38] ✅ Simulated VPN activation successful (flag created).
[2026-02-11 12:22:38] ---- Check complete: PASS (Simulated) ----

[2026-02-11 12:37:42] ---- Starting VPN Auto-Detect/Activate check ----
[2026-02-11 12:37:42] Simulating connection to SSID BART-WiFi
[2026-02-11 12:37:42] ⚠️ VPN not active. Initiating simulation/fallback.
[2026-02-11 12:37:42] ✅ Simulated VPN activation successful (flag created).
[2026-02-11 12:37:42] ---- Check complete: PASS (Simulated) ----

[2026-02-11 12:52:47] ---- Starting VPN Auto-Detect/Activate check ----
[2026-02-11 12:52:47] Simulating connection to SSID BART-WiFi
[2026-02-11 12:52:47] ⚠️ VPN not active. Initiating simulation/fallback.
[2026-02-11 12:52:47] ✅ Simulated VPN activation successful (flag created).
[2026-02-11 12:52:47] ---- Check complete: PASS (Simulated) ----

[2026-02-11 13:07:52] ---- Starting VPN Auto-Detect/Activate check ----
[2026-02-11 13:07:52] Simulating connection to SSID BART-WiFi
[2026-02-11 13:07:52] ⚠️ VPN not active. Initiating simulation/fallback.
[2026-02-11 13:07:52] ✅ Simulated VPN activation successful (flag created).
[2026-02-11 13:07:52] ---- Check complete: PASS (Simulated) ----

[2026-02-11 13:22:56] ---- Starting VPN Auto-Detect/Activate check ----
[2026-02-11 13:22:56] Simulating connection to SSID BART-WiFi
[2026-02-11 13:22:56] ⚠️ VPN not active. Initiating simulation/fallback.
[2026-02-11 13:22:56] ✅ Simulated VPN activation successful (flag created).
[2026-02-11 13:22:56] ---- Check complete: PASS (Simulated) ----

[2026-02-11 13:38:02] ---- Starting VPN Auto-Detect/Activate check ----
[2026-02-11 13:38:02] Simulating connection to SSID BART-WiFi
[2026-02-11 13:38:02] ⚠️ VPN not active. Initiating simulation/fallback.
[2026-02-11 13:38:02] ✅ Simulated VPN activation successful (flag created).
[2026-02-11 13:38:02] ---- Check complete: PASS (Simulated) ----

[2026-02-11 13:53:08] ---- Starting VPN Auto-Detect/Activate check ----
[2026-02-11 13:53:08] Simulating connection to SSID BART-WiFi
[2026-02-11 13:53:08] ⚠️ VPN not active. Initiating simulation/fallback.
[2026-02-11 13:53:08] ✅ Simulated VPN activation successful (flag created).
[2026-02-11 13:53:08] ---- Check complete: PASS (Simulated) ----

[2026-02-11 14:08:13] ---- Starting VPN Auto-Detect/Activate check ----
[2026-02-11 14:08:13] Simulating connection to SSID BART-WiFi
[2026-02-11 14:08:13] ⚠️ VPN not active. Initiating simulation/fallback.
[2026-02-11 14:08:13] ✅ Simulated VPN activation successful (flag created).
[2026-02-11 14:08:13] ---- Check complete: PASS (Simulated) ----

[2026-02-11 14:23:18] ---- Starting VPN Auto-Detect/Activate check ----
[2026-02-11 14:23:18] Simulating connection to SSID BART-WiFi
[2026-02-11 14:23:18] ⚠️ VPN not active. Initiating simulation/fallback.
[2026-02-11 14:23:18] ✅ Simulated VPN activation successful (flag created).
[2026-02-11 14:23:18] ---- Check complete: PASS (Simulated) ----

[2026-02-11 14:38:23] ---- Starting VPN Auto-Detect/Activate check ----
[2026-02-11 14:38:23] Simulating connection to SSID BART-WiFi
[2026-02-11 14:38:23] ⚠️ VPN not active. Initiating simulation/fallback.
[2026-02-11 14:38:23] ✅ Simulated VPN activation successful (flag created).
[2026-02-11 14:38:23] ---- Check complete: PASS (Simulated) ----

[2026-02-11 14:53:28] ---- Starting VPN Auto-Detect/Activate check ----
[2026-02-11 14:53:28] Simulating connection to SSID BART-WiFi
[2026-02-11 14:53:28] ⚠️ VPN not active. Initiating simulation/fallback.
[2026-02-11 14:53:29] ✅ Simulated VPN activation successful (flag created).
[2026-02-11 14:53:29] ---- Check complete: PASS (Simulated) ----

[2026-02-11 15:08:33] ---- Starting VPN Auto-Detect/Activate check ----
[2026-02-11 15:08:33] Simulating connection to SSID BART-WiFi
[2026-02-11 15:08:33] ⚠️ VPN not active. Initiating simulation/fallback.
[2026-02-11 15:08:33] ✅ Simulated VPN activation successful (flag created).
[2026-02-11 15:08:33] ---- Check complete: PASS (Simulated) ----

[2026-02-11 15:23:38] ---- Starting VPN Auto-Detect/Activate check ----
[2026-02-11 15:23:38] Simulating connection to SSID BART-WiFi
[2026-02-11 15:23:38] ⚠️ VPN not active. Initiating simulation/fallback.
[2026-02-11 15:23:38] ✅ Simulated VPN activation successful (flag created).
[2026-02-11 15:23:38] ---- Check complete: PASS (Simulated) ----

[2026-02-11 15:38:44] ---- Starting VPN Auto-Detect/Activate check ----
[2026-02-11 15:38:44] Simulating connection to SSID BART-WiFi
[2026-02-11 15:38:44] ⚠️ VPN not active. Initiating simulation/fallback.
[2026-02-11 15:38:44] ✅ Simulated VPN activation successful (flag created).
[2026-02-11 15:38:44] ---- Check complete: PASS (Simulated) ----

[2026-02-11 15:53:50] ---- Starting VPN Auto-Detect/Activate check ----
[2026-02-11 15:53:50] Simulating connection to SSID BART-WiFi
[2026-02-11 15:53:50] ⚠️ VPN not active. Initiating simulation/fallback.
[2026-02-11 15:53:50] ✅ Simulated VPN activation successful (flag created).
[2026-02-11 15:53:50] ---- Check complete: PASS (Simulated) ----

[2026-02-11 16:08:54] ---- Starting VPN Auto-Detect/Activate check ----
[2026-02-11 16:08:54] Simulating connection to SSID BART-WiFi
[2026-02-11 16:08:54] ⚠️ VPN not active. Initiating simulation/fallback.
[2026-02-11 16:08:54] ✅ Simulated VPN activation successful (flag created).
[2026-02-11 16:08:54] ---- Check complete: PASS (Simulated) ----

[2026-02-11 16:23:59] ---- Starting VPN Auto-Detect/Activate check ----
[2026-02-11 16:23:59] Simulating connection to SSID BART-WiFi
[2026-02-11 16:23:59] ⚠️ VPN not active. Initiating simulation/fallback.
[2026-02-11 16:23:59] ✅ Simulated VPN activation successful (flag created).
[2026-02-11 16:23:59] ---- Check complete: PASS (Simulated) ----

[2026-02-11 16:39:05] ---- Starting VPN Auto-Detect/Activate check ----
[2026-02-11 16:39:05] Simulating connection to SSID BART-WiFi
[2026-02-11 16:39:05] ⚠️ VPN not active. Initiating simulation/fallback.
[2026-02-11 16:39:05] ✅ Simulated VPN activation successful (flag created).
[2026-02-11 16:39:05] ---- Check complete: PASS (Simulated) ----

[2026-02-11 16:54:09] ---- Starting VPN Auto-Detect/Activate check ----
[2026-02-11 16:54:09] Simulating connection to SSID BART-WiFi
[2026-02-11 16:54:09] ⚠️ VPN not active. Initiating simulation/fallback.
[2026-02-11 16:54:09] ✅ Simulated VPN activation successful (flag created).
[2026-02-11 16:54:09] ---- Check complete: PASS (Simulated) ----

[2026-02-11 17:09:14] ---- Starting VPN Auto-Detect/Activate check ----
[2026-02-11 17:09:14] Simulating connection to SSID BART-WiFi
[2026-02-11 17:09:14] ⚠️ VPN not active. Initiating simulation/fallback.
[2026-02-11 17:09:14] ✅ Simulated VPN activation successful (flag created).
[2026-02-11 17:09:14] ---- Check complete: PASS (Simulated) ----

[2026-02-11 17:24:20] ---- Starting VPN Auto-Detect/Activate check ----
[2026-02-11 17:24:20] Simulating connection to SSID BART-WiFi
[2026-02-11 17:24:20] ⚠️ VPN not active. Initiating simulation/fallback.
[2026-02-11 17:24:20] ✅ Simulated VPN activation successful (flag created).
[2026-02-11 17:24:20] ---- Check complete: PASS (Simulated) ----

[2026-02-11 17:39:25] ---- Starting VPN Auto-Detect/Activate check ----
[2026-02-11 17:39:25] Simulating connection to SSID BART-WiFi
[2026-02-11 17:39:25] ⚠️ VPN not active. Initiating simulation/fallback.
[2026-02-11 17:39:25] ✅ Simulated VPN activation successful (flag created).
[2026-02-11 17:39:25] ---- Check complete: PASS (Simulated) ----

[2026-02-11 17:54:31] ---- Starting VPN Auto-Detect/Activate check ----
[2026-02-11 17:54:31] Simulating connection to SSID BART-WiFi
[2026-02-11 17:54:31] ⚠️ VPN not active. Initiating simulation/fallback.
[2026-02-11 17:54:31] ✅ Simulated VPN activation successful (flag created).
[2026-02-11 17:54:31] ---- Check complete: PASS (Simulated) ----

[2026-02-11 18:09:37] ---- Starting VPN Auto-Detect/Activate check ----
[2026-02-11 18:09:37] Simulating connection to SSID BART-WiFi
[2026-02-11 18:09:37] ⚠️ VPN not active. Initiating simulation/fallback.
[2026-02-11 18:09:37] ✅ Simulated VPN activation successful (flag created).
[2026-02-11 18:09:37] ---- Check complete: PASS (Simulated) ----

[2026-02-11 18:24:43] ---- Starting VPN Auto-Detect/Activate check ----
[2026-02-11 18:24:43] Simulating connection to SSID BART-WiFi
[2026-02-11 18:24:43] ⚠️ VPN not active. Initiating simulation/fallback.
[2026-02-11 18:24:43] ✅ Simulated VPN activation successful (flag created).
[2026-02-11 18:24:43] ---- Check complete: PASS (Simulated) ----

[2026-02-11 18:39:48] ---- Starting VPN Auto-Detect/Activate check ----
[2026-02-11 18:39:48] Simulating connection to SSID BART-WiFi
[2026-02-11 18:39:48] ⚠️ VPN not active. Initiating simulation/fallback.
[2026-02-11 18:39:48] ✅ Simulated VPN activation successful (flag created).
[2026-02-11 18:39:48] ---- Check complete: PASS (Simulated) ----

[2026-02-11 18:54:53] ---- Starting VPN Auto-Detect/Activate check ----
[2026-02-11 18:54:53] Simulating connection to SSID BART-WiFi
[2026-02-11 18:54:53] ⚠️ VPN not active. Initiating simulation/fallback.
[2026-02-11 18:54:53] ✅ Simulated VPN activation successful (flag created).
[2026-02-11 18:54:53] ---- Check complete: PASS (Simulated) ----

[2026-02-11 19:09:58] ---- Starting VPN Auto-Detect/Activate check ----
[2026-02-11 19:09:58] Simulating connection to SSID BART-WiFi
[2026-02-11 19:09:58] ⚠️ VPN not active. Initiating simulation/fallback.
[2026-02-11 19:09:58] ✅ Simulated VPN activation successful (flag created).
[2026-02-11 19:09:58] ---- Check complete: PASS (Simulated) ----

[2026-02-11 19:25:03] ---- Starting VPN Auto-Detect/Activate check ----
[2026-02-11 19:25:03] Simulating connection to SSID BART-WiFi
[2026-02-11 19:25:03] ⚠️ VPN not active. Initiating simulation/fallback.
[2026-02-11 19:25:03] ✅ Simulated VPN activation successful (flag created).
[2026-02-11 19:25:03] ---- Check complete: PASS (Simulated) ----

[2026-02-11 19:40:07] ---- Starting VPN Auto-Detect/Activate check ----
[2026-02-11 19:40:07] Simulating connection to SSID BART-WiFi
[2026-02-11 19:40:07] ⚠️ VPN not active. Initiating simulation/fallback.
[2026-02-11 19:40:07] ✅ Simulated VPN activation successful (flag created).
[2026-02-11 19:40:07] ---- Check complete: PASS (Simulated) ----

[2026-02-11 19:55:12] ---- Starting VPN Auto-Detect/Activate check ----
[2026-02-11 19:55:12] Simulating connection to SSID BART-WiFi
[2026-02-11 19:55:12] ⚠️ VPN not active. Initiating simulation/fallback.
[2026-02-11 19:55:12] ✅ Simulated VPN activation successful (flag created).
[2026-02-11 19:55:12] ---- Check complete: PASS (Simulated) ----

[2026-02-11 20:10:17] ---- Starting VPN Auto-Detect/Activate check ----
[2026-02-11 20:10:17] Simulating connection to SSID BART-WiFi
[2026-02-11 20:10:17] ⚠️ VPN not active. Initiating simulation/fallback.
[2026-02-11 20:10:17] ✅ Simulated VPN activation successful (flag created).
[2026-02-11 20:10:17] ---- Check complete: PASS (Simulated) ----

[2026-02-11 20:25:22] ---- Starting VPN Auto-Detect/Activate check ----
[2026-02-11 20:25:22] Simulating connection to SSID BART-WiFi
[2026-02-11 20:25:22] ⚠️ VPN not active. Initiating simulation/fallback.
[2026-02-11 20:25:22] ✅ Simulated VPN activation successful (flag created).
[2026-02-11 20:25:22] ---- Check complete: PASS (Simulated) ----

[2026-02-11 20:40:27] ---- Starting VPN Auto-Detect/Activate check ----
[2026-02-11 20:40:27] Simulating connection to SSID BART-WiFi
[2026-02-11 20:40:27] ⚠️ VPN not active. Initiating simulation/fallback.
[2026-02-11 20:40:27] ✅ Simulated VPN activation successful (flag created).
[2026-02-11 20:40:27] ---- Check complete: PASS (Simulated) ----

[2026-02-11 20:55:32] ---- Starting VPN Auto-Detect/Activate check ----
[2026-02-11 20:55:32] Simulating connection to SSID BART-WiFi
[2026-02-11 20:55:32] ⚠️ VPN not active. Initiating simulation/fallback.
[2026-02-11 20:55:32] ✅ Simulated VPN activation successful (flag created).
[2026-02-11 20:55:32] ---- Check complete: PASS (Simulated) ----

[2026-02-11 21:10:37] ---- Starting VPN Auto-Detect/Activate check ----
[2026-02-11 21:10:37] Simulating connection to SSID BART-WiFi
[2026-02-11 21:10:37] ⚠️ VPN not active. Initiating simulation/fallback.
[2026-02-11 21:10:37] ✅ Simulated VPN activation successful (flag created).
[2026-02-11 21:10:37] ---- Check complete: PASS (Simulated) ----

[2026-02-11 21:25:42] ---- Starting VPN Auto-Detect/Activate check ----
[2026-02-11 21:25:42] Simulating connection to SSID BART-WiFi
[2026-02-11 21:25:42] ⚠️ VPN not active. Initiating simulation/fallback.
[2026-02-11 21:25:42] ✅ Simulated VPN activation successful (flag created).
[2026-02-11 21:25:42] ---- Check complete: PASS (Simulated) ----

[2026-02-11 21:40:48] ---- Starting VPN Auto-Detect/Activate check ----
[2026-02-11 21:40:48] Simulating connection to SSID BART-WiFi
[2026-02-11 21:40:48] ⚠️ VPN not active. Initiating simulation/fallback.
[2026-02-11 21:40:48] ✅ Simulated VPN activation successful (flag created).
[2026-02-11 21:40:48] ---- Check complete: PASS (Simulated) ----

[2026-02-11 21:55:54] ---- Starting VPN Auto-Detect/Activate check ----
[2026-02-11 21:55:54] Simulating connection to SSID BART-WiFi
[2026-02-11 21:55:54] ⚠️ VPN not active. Initiating simulation/fallback.
[2026-02-11 21:55:54] ✅ Simulated VPN activation successful (flag created).
[2026-02-11 21:55:54] ---- Check complete: PASS (Simulated) ----

[2026-02-11 22:10:58] ---- Starting VPN Auto-Detect/Activate check ----
[2026-02-11 22:10:58] Simulating connection to SSID BART-WiFi
[2026-02-11 22:10:58] ⚠️ VPN not active. Initiating simulation/fallback.
[2026-02-11 22:10:58] ✅ Simulated VPN activation successful (flag created).
[2026-02-11 22:10:58] ---- Check complete: PASS (Simulated) ----

[2026-02-11 22:26:04] ---- Starting VPN Auto-Detect/Activate check ----
[2026-02-11 22:26:04] Simulating connection to SSID BART-WiFi
[2026-02-11 22:26:04] ⚠️ VPN not active. Initiating simulation/fallback.
[2026-02-11 22:26:04] ✅ Simulated VPN activation successful (flag created).
[2026-02-11 22:26:04] ---- Check complete: PASS (Simulated) ----

[2026-02-11 22:41:09] ---- Starting VPN Auto-Detect/Activate check ----
[2026-02-11 22:41:09] Simulating connection to SSID BART-WiFi
[2026-02-11 22:41:09] ⚠️ VPN not active. Initiating simulation/fallback.
[2026-02-11 22:41:09] ✅ Simulated VPN activation successful (flag created).
[2026-02-11 22:41:09] ---- Check complete: PASS (Simulated) ----

[2026-02-11 22:56:13] ---- Starting VPN Auto-Detect/Activate check ----
[2026-02-11 22:56:13] Simulating connection to SSID BART-WiFi
[2026-02-11 22:56:13] ⚠️ VPN not active. Initiating simulation/fallback.
[2026-02-11 22:56:13] ✅ Simulated VPN activation successful (flag created).
[2026-02-11 22:56:13] ---- Check complete: PASS (Simulated) ----

[2026-02-11 23:11:18] ---- Starting VPN Auto-Detect/Activate check ----
[2026-02-11 23:11:18] Simulating connection to SSID BART-WiFi
[2026-02-11 23:11:18] ⚠️ VPN not active. Initiating simulation/fallback.
[2026-02-11 23:11:18] ✅ Simulated VPN activation successful (flag created).
[2026-02-11 23:11:18] ---- Check complete: PASS (Simulated) ----

[2026-02-11 23:26:22] ---- Starting VPN Auto-Detect/Activate check ----
[2026-02-11 23:26:22] Simulating connection to SSID BART-WiFi
[2026-02-11 23:26:22] ⚠️ VPN not active. Initiating simulation/fallback.
[2026-02-11 23:26:22] ✅ Simulated VPN activation successful (flag created).
[2026-02-11 23:26:22] ---- Check complete: PASS (Simulated) ----

[2026-02-11 23:41:27] ---- Starting VPN Auto-Detect/Activate check ----
[2026-02-11 23:41:27] Simulating connection to SSID BART-WiFi
[2026-02-11 23:41:27] ⚠️ VPN not active. Initiating simulation/fallback.
[2026-02-11 23:41:27] ✅ Simulated VPN activation successful (flag created).
[2026-02-11 23:41:27] ---- Check complete: PASS (Simulated) ----

[2026-02-11 23:56:32] ---- Starting VPN Auto-Detect/Activate check ----
[2026-02-11 23:56:32] Simulating connection to SSID BART-WiFi
[2026-02-11 23:56:32] ⚠️ VPN not active. Initiating simulation/fallback.
[2026-02-11 23:56:32] ✅ Simulated VPN activation successful (flag created).
[2026-02-11 23:56:32] ---- Check complete: PASS (Simulated) ----

[2026-02-12 00:11:37] ---- Starting VPN Auto-Detect/Activate check ----
[2026-02-12 00:11:37] Simulating connection to SSID BART-WiFi
[2026-02-12 00:11:37] ⚠️ VPN not active. Initiating simulation/fallback.
[2026-02-12 00:11:37] ✅ Simulated VPN activation successful (flag created).
[2026-02-12 00:11:37] ---- Check complete: PASS (Simulated) ----

[2026-02-12 00:26:42] ---- Starting VPN Auto-Detect/Activate check ----
[2026-02-12 00:26:42] Simulating connection to SSID BART-WiFi
[2026-02-12 00:26:42] ⚠️ VPN not active. Initiating simulation/fallback.
[2026-02-12 00:26:42] ✅ Simulated VPN activation successful (flag created).
[2026-02-12 00:26:42] ---- Check complete: PASS (Simulated) ----

[2026-02-12 00:41:47] ---- Starting VPN Auto-Detect/Activate check ----
[2026-02-12 00:41:47] Simulating connection to SSID BART-WiFi
[2026-02-12 00:41:47] ⚠️ VPN not active. Initiating simulation/fallback.
[2026-02-12 00:41:47] ✅ Simulated VPN activation successful (flag created).
[2026-02-12 00:41:47] ---- Check complete: PASS (Simulated) ----

[2026-02-12 00:56:52] ---- Starting VPN Auto-Detect/Activate check ----
[2026-02-12 00:56:52] Simulating connection to SSID BART-WiFi
[2026-02-12 00:56:52] ⚠️ VPN not active. Initiating simulation/fallback.
[2026-02-12 00:56:52] ✅ Simulated VPN activation successful (flag created).
[2026-02-12 00:56:52] ---- Check complete: PASS (Simulated) ----

[2026-02-12 01:11:58] ---- Starting VPN Auto-Detect/Activate check ----
[2026-02-12 01:11:58] Simulating connection to SSID BART-WiFi
[2026-02-12 01:11:58] ⚠️ VPN not active. Initiating simulation/fallback.
[2026-02-12 01:11:58] ✅ Simulated VPN activation successful (flag created).
[2026-02-12 01:11:58] ---- Check complete: PASS (Simulated) ----

[2026-02-12 01:27:03] ---- Starting VPN Auto-Detect/Activate check ----
[2026-02-12 01:27:03] Simulating connection to SSID BART-WiFi
[2026-02-12 01:27:03] ⚠️ VPN not active. Initiating simulation/fallback.
[2026-02-12 01:27:03] ✅ Simulated VPN activation successful (flag created).
[2026-02-12 01:27:03] ---- Check complete: PASS (Simulated) ----

[2026-02-12 01:42:08] ---- Starting VPN Auto-Detect/Activate check ----
[2026-02-12 01:42:08] Simulating connection to SSID BART-WiFi
[2026-02-12 01:42:08] ⚠️ VPN not active. Initiating simulation/fallback.
[2026-02-12 01:42:08] ✅ Simulated VPN activation successful (flag created).
[2026-02-12 01:42:08] ---- Check complete: PASS (Simulated) ----

[2026-02-12 01:57:13] ---- Starting VPN Auto-Detect/Activate check ----
[2026-02-12 01:57:13] Simulating connection to SSID BART-WiFi
[2026-02-12 01:57:13] ⚠️ VPN not active. Initiating simulation/fallback.
[2026-02-12 01:57:13] ✅ Simulated VPN activation successful (flag created).
[2026-02-12 01:57:13] ---- Check complete: PASS (Simulated) ----

[2026-02-12 02:12:18] ---- Starting VPN Auto-Detect/Activate check ----
[2026-02-12 02:12:18] Simulating connection to SSID BART-WiFi
[2026-02-12 02:12:18] ⚠️ VPN not active. Initiating simulation/fallback.
[2026-02-12 02:12:18] ✅ Simulated VPN activation successful (flag created).
[2026-02-12 02:12:18] ---- Check complete: PASS (Simulated) ----

[2026-02-12 02:27:23] ---- Starting VPN Auto-Detect/Activate check ----
[2026-02-12 02:27:23] Simulating connection to SSID BART-WiFi
[2026-02-12 02:27:23] ⚠️ VPN not active. Initiating simulation/fallback.
[2026-02-12 02:27:23] ✅ Simulated VPN activation successful (flag created).
[2026-02-12 02:27:23] ---- Check complete: PASS (Simulated) ----

[2026-02-12 02:42:27] ---- Starting VPN Auto-Detect/Activate check ----
[2026-02-12 02:42:27] Simulating connection to SSID BART-WiFi
[2026-02-12 02:42:27] ⚠️ VPN not active. Initiating simulation/fallback.
[2026-02-12 02:42:27] ✅ Simulated VPN activation successful (flag created).
[2026-02-12 02:42:27] ---- Check complete: PASS (Simulated) ----

[2026-02-12 02:57:32] ---- Starting VPN Auto-Detect/Activate check ----
[2026-02-12 02:57:32] Simulating connection to SSID BART-WiFi
[2026-02-12 02:57:32] ⚠️ VPN not active. Initiating simulation/fallback.
[2026-02-12 02:57:32] ✅ Simulated VPN activation successful (flag created).
[2026-02-12 02:57:32] ---- Check complete: PASS (Simulated) ----

[2026-02-12 03:12:37] ---- Starting VPN Auto-Detect/Activate check ----
[2026-02-12 03:12:37] Simulating connection to SSID BART-WiFi
[2026-02-12 03:12:37] ⚠️ VPN not active. Initiating simulation/fallback.
[2026-02-12 03:12:37] ✅ Simulated VPN activation successful (flag created).
[2026-02-12 03:12:38] ---- Check complete: PASS (Simulated) ----

[2026-02-12 03:27:42] ---- Starting VPN Auto-Detect/Activate check ----
[2026-02-12 03:27:42] Simulating connection to SSID BART-WiFi
[2026-02-12 03:27:42] ⚠️ VPN not active. Initiating simulation/fallback.
[2026-02-12 03:27:42] ✅ Simulated VPN activation successful (flag created).
[2026-02-12 03:27:42] ---- Check complete: PASS (Simulated) ----

[2026-02-12 03:42:48] ---- Starting VPN Auto-Detect/Activate check ----
[2026-02-12 03:42:48] Simulating connection to SSID BART-WiFi
[2026-02-12 03:42:48] ⚠️ VPN not active. Initiating simulation/fallback.
[2026-02-12 03:42:48] ✅ Simulated VPN activation successful (flag created).
[2026-02-12 03:42:48] ---- Check complete: PASS (Simulated) ----

[2026-02-12 03:57:54] ---- Starting VPN Auto-Detect/Activate check ----
[2026-02-12 03:57:54] Simulating connection to SSID BART-WiFi
[2026-02-12 03:57:54] ⚠️ VPN not active. Initiating simulation/fallback.
[2026-02-12 03:57:54] ✅ Simulated VPN activation successful (flag created).
[2026-02-12 03:57:54] ---- Check complete: PASS (Simulated) ----

[2026-02-12 04:12:59] ---- Starting VPN Auto-Detect/Activate check ----
[2026-02-12 04:12:59] Simulating connection to SSID BART-WiFi
[2026-02-12 04:12:59] ⚠️ VPN not active. Initiating simulation/fallback.
[2026-02-12 04:12:59] ✅ Simulated VPN activation successful (flag created).
[2026-02-12 04:12:59] ---- Check complete: PASS (Simulated) ----

[2026-02-12 04:28:05] ---- Starting VPN Auto-Detect/Activate check ----
[2026-02-12 04:28:05] Simulating connection to SSID BART-WiFi
[2026-02-12 04:28:05] ⚠️ VPN not active. Initiating simulation/fallback.
[2026-02-12 04:28:05] ✅ Simulated VPN activation successful (flag created).
[2026-02-12 04:28:05] ---- Check complete: PASS (Simulated) ----

[2026-02-12 04:43:10] ---- Starting VPN Auto-Detect/Activate check ----
[2026-02-12 04:43:10] Simulating connection to SSID BART-WiFi
[2026-02-12 04:43:10] ⚠️ VPN not active. Initiating simulation/fallback.
[2026-02-12 04:43:10] ✅ Simulated VPN activation successful (flag created).
[2026-02-12 04:43:10] ---- Check complete: PASS (Simulated) ----

[2026-02-12 04:58:14] ---- Starting VPN Auto-Detect/Activate check ----
[2026-02-12 04:58:14] Simulating connection to SSID BART-WiFi
[2026-02-12 04:58:14] ⚠️ VPN not active. Initiating simulation/fallback.
[2026-02-12 04:58:14] ✅ Simulated VPN activation successful (flag created).
[2026-02-12 04:58:14] ---- Check complete: PASS (Simulated) ----

[2026-02-12 05:13:19] ---- Starting VPN Auto-Detect/Activate check ----
[2026-02-12 05:13:19] Simulating connection to SSID BART-WiFi
[2026-02-12 05:13:19] ⚠️ VPN not active. Initiating simulation/fallback.
[2026-02-12 05:13:19] ✅ Simulated VPN activation successful (flag created).
[2026-02-12 05:13:19] ---- Check complete: PASS (Simulated) ----

[2026-02-12 05:28:25] ---- Starting VPN Auto-Detect/Activate check ----
[2026-02-12 05:28:25] Simulating connection to SSID BART-WiFi
[2026-02-12 05:28:25] ⚠️ VPN not active. Initiating simulation/fallback.
[2026-02-12 05:28:25] ✅ Simulated VPN activation successful (flag created).
[2026-02-12 05:28:25] ---- Check complete: PASS (Simulated) ----

[2026-02-12 05:43:30] ---- Starting VPN Auto-Detect/Activate check ----
[2026-02-12 05:43:30] Simulating connection to SSID BART-WiFi
[2026-02-12 05:43:30] ⚠️ VPN not active. Initiating simulation/fallback.
[2026-02-12 05:43:30] ✅ Simulated VPN activation successful (flag created).
[2026-02-12 05:43:30] ---- Check complete: PASS (Simulated) ----

[2026-02-12 05:58:34] ---- Starting VPN Auto-Detect/Activate check ----
[2026-02-12 05:58:34] Simulating connection to SSID BART-WiFi
[2026-02-12 05:58:35] ⚠️ VPN not active. Initiating simulation/fallback.
[2026-02-12 05:58:35] ✅ Simulated VPN activation successful (flag created).
[2026-02-12 05:58:35] ---- Check complete: PASS (Simulated) ----

[2026-02-12 06:13:39] ---- Starting VPN Auto-Detect/Activate check ----
[2026-02-12 06:13:39] Simulating connection to SSID BART-WiFi
[2026-02-12 06:13:39] ⚠️ VPN not active. Initiating simulation/fallback.
[2026-02-12 06:13:39] ✅ Simulated VPN activation successful (flag created).
[2026-02-12 06:13:39] ---- Check complete: PASS (Simulated) ----

[2026-02-12 06:28:44] ---- Starting VPN Auto-Detect/Activate check ----
[2026-02-12 06:28:44] Simulating connection to SSID BART-WiFi
[2026-02-12 06:28:44] ⚠️ VPN not active. Initiating simulation/fallback.
[2026-02-12 06:28:44] ✅ Simulated VPN activation successful (flag created).
[2026-02-12 06:28:44] ---- Check complete: PASS (Simulated) ----

[2026-02-12 06:43:49] ---- Starting VPN Auto-Detect/Activate check ----
[2026-02-12 06:43:49] Simulating connection to SSID BART-WiFi
[2026-02-12 06:43:49] ⚠️ VPN not active. Initiating simulation/fallback.
[2026-02-12 06:43:49] ✅ Simulated VPN activation successful (flag created).
[2026-02-12 06:43:49] ---- Check complete: PASS (Simulated) ----

[2026-02-12 06:58:54] ---- Starting VPN Auto-Detect/Activate check ----
[2026-02-12 06:58:54] Simulating connection to SSID BART-WiFi
[2026-02-12 06:58:54] ⚠️ VPN not active. Initiating simulation/fallback.
[2026-02-12 06:58:54] ✅ Simulated VPN activation successful (flag created).
[2026-02-12 06:58:54] ---- Check complete: PASS (Simulated) ----

[2026-02-12 07:13:59] ---- Starting VPN Auto-Detect/Activate check ----
[2026-02-12 07:13:59] Simulating connection to SSID BART-WiFi
[2026-02-12 07:13:59] ⚠️ VPN not active. Initiating simulation/fallback.
[2026-02-12 07:13:59] ✅ Simulated VPN activation successful (flag created).
[2026-02-12 07:13:59] ---- Check complete: PASS (Simulated) ----

[2026-02-12 07:29:05] ---- Starting VPN Auto-Detect/Activate check ----
[2026-02-12 07:29:05] Simulating connection to SSID BART-WiFi
[2026-02-12 07:29:05] ⚠️ VPN not active. Initiating simulation/fallback.
[2026-02-12 07:29:05] ✅ Simulated VPN activation successful (flag created).
[2026-02-12 07:29:05] ---- Check complete: PASS (Simulated) ----

[2026-02-12 07:44:10] ---- Starting VPN Auto-Detect/Activate check ----
[2026-02-12 07:44:10] Simulating connection to SSID BART-WiFi
[2026-02-12 07:44:10] ⚠️ VPN not active. Initiating simulation/fallback.
[2026-02-12 07:44:10] ✅ Simulated VPN activation successful (flag created).
[2026-02-12 07:44:10] ---- Check complete: PASS (Simulated) ----

[2026-02-12 07:59:15] ---- Starting VPN Auto-Detect/Activate check ----
[2026-02-12 07:59:15] Simulating connection to SSID BART-WiFi
[2026-02-12 07:59:15] ⚠️ VPN not active. Initiating simulation/fallback.
[2026-02-12 07:59:15] ✅ Simulated VPN activation successful (flag created).
[2026-02-12 07:59:15] ---- Check complete: PASS (Simulated) ----

[2026-02-12 08:14:20] ---- Starting VPN Auto-Detect/Activate check ----
[2026-02-12 08:14:20] Simulating connection to SSID BART-WiFi
[2026-02-12 08:14:21] ⚠️ VPN not active. Initiating simulation/fallback.
[2026-02-12 08:14:21] ✅ Simulated VPN activation successful (flag created).
[2026-02-12 08:14:21] ---- Check complete: PASS (Simulated) ----

[2026-02-12 08:29:25] ---- Starting VPN Auto-Detect/Activate check ----
[2026-02-12 08:29:25] Simulating connection to SSID BART-WiFi
[2026-02-12 08:29:25] ⚠️ VPN not active. Initiating simulation/fallback.
[2026-02-12 08:29:25] ✅ Simulated VPN activation successful (flag created).
[2026-02-12 08:29:25] ---- Check complete: PASS (Simulated) ----

[2026-02-12 08:44:30] ---- Starting VPN Auto-Detect/Activate check ----
[2026-02-12 08:44:30] Simulating connection to SSID BART-WiFi
[2026-02-12 08:44:30] ⚠️ VPN not active. Initiating simulation/fallback.
[2026-02-12 08:44:30] ✅ Simulated VPN activation successful (flag created).
[2026-02-12 08:44:30] ---- Check complete: PASS (Simulated) ----

[2026-02-12 08:59:35] ---- Starting VPN Auto-Detect/Activate check ----
[2026-02-12 08:59:35] Simulating connection to SSID BART-WiFi
[2026-02-12 08:59:35] ⚠️ VPN not active. Initiating simulation/fallback.
[2026-02-12 08:59:35] ✅ Simulated VPN activation successful (flag created).
[2026-02-12 08:59:35] ---- Check complete: PASS (Simulated) ----

[2026-02-12 09:14:40] ---- Starting VPN Auto-Detect/Activate check ----
[2026-02-12 09:14:40] Simulating connection to SSID BART-WiFi
[2026-02-12 09:14:40] ⚠️ VPN not active. Initiating simulation/fallback.
[2026-02-12 09:14:40] ✅ Simulated VPN activation successful (flag created).
[2026-02-12 09:14:40] ---- Check complete: PASS (Simulated) ----

[2026-02-12 09:29:45] ---- Starting VPN Auto-Detect/Activate check ----
[2026-02-12 09:29:45] Simulating connection to SSID BART-WiFi
[2026-02-12 09:29:45] ⚠️ VPN not active. Initiating simulation/fallback.
[2026-02-12 09:29:45] ✅ Simulated VPN activation successful (flag created).
[2026-02-12 09:29:45] ---- Check complete: PASS (Simulated) ----

[2026-02-12 09:44:50] ---- Starting VPN Auto-Detect/Activate check ----
[2026-02-12 09:44:50] Simulating connection to SSID BART-WiFi
[2026-02-12 09:44:50] ⚠️ VPN not active. Initiating simulation/fallback.
[2026-02-12 09:44:50] ✅ Simulated VPN activation successful (flag created).
[2026-02-12 09:44:50] ---- Check complete: PASS (Simulated) ----

[2026-02-12 09:59:55] ---- Starting VPN Auto-Detect/Activate check ----
[2026-02-12 09:59:55] Simulating connection to SSID BART-WiFi
[2026-02-12 09:59:55] ⚠️ VPN not active. Initiating simulation/fallback.
[2026-02-12 09:59:55] ✅ Simulated VPN activation successful (flag created).
[2026-02-12 09:59:55] ---- Check complete: PASS (Simulated) ----

[2026-02-12 10:14:59] ---- Starting VPN Auto-Detect/Activate check ----
[2026-02-12 10:14:59] Simulating connection to SSID BART-WiFi
[2026-02-12 10:14:59] ⚠️ VPN not active. Initiating simulation/fallback.
[2026-02-12 10:14:59] ✅ Simulated VPN activation successful (flag created).
[2026-02-12 10:14:59] ---- Check complete: PASS (Simulated) ----

[2026-02-12 10:30:04] ---- Starting VPN Auto-Detect/Activate check ----
[2026-02-12 10:30:04] Simulating connection to SSID BART-WiFi
[2026-02-12 10:30:04] ⚠️ VPN not active. Initiating simulation/fallback.
[2026-02-12 10:30:04] ✅ Simulated VPN activation successful (flag created).
[2026-02-12 10:30:04] ---- Check complete: PASS (Simulated) ----

[2026-02-12 10:45:09] ---- Starting VPN Auto-Detect/Activate check ----
[2026-02-12 10:45:09] Simulating connection to SSID BART-WiFi
[2026-02-12 10:45:09] ⚠️ VPN not active. Initiating simulation/fallback.
[2026-02-12 10:45:09] ✅ Simulated VPN activation successful (flag created).
[2026-02-12 10:45:09] ---- Check complete: PASS (Simulated) ----

[2026-02-12 11:00:13] ---- Starting VPN Auto-Detect/Activate check ----
[2026-02-12 11:00:13] Simulating connection to SSID BART-WiFi
[2026-02-12 11:00:14] ⚠️ VPN not active. Initiating simulation/fallback.
[2026-02-12 11:00:14] ✅ Simulated VPN activation successful (flag created).
[2026-02-12 11:00:14] ---- Check complete: PASS (Simulated) ----

[2026-02-12 11:15:19] ---- Starting VPN Auto-Detect/Activate check ----
[2026-02-12 11:15:19] Simulating connection to SSID BART-WiFi
[2026-02-12 11:15:19] ⚠️ VPN not active. Initiating simulation/fallback.
[2026-02-12 11:15:19] ✅ Simulated VPN activation successful (flag created).
[2026-02-12 11:15:19] ---- Check complete: PASS (Simulated) ----

[2026-02-12 11:30:25] ---- Starting VPN Auto-Detect/Activate check ----
[2026-02-12 11:30:25] Simulating connection to SSID BART-WiFi
[2026-02-12 11:30:25] ⚠️ VPN not active. Initiating simulation/fallback.
[2026-02-12 11:30:25] ✅ Simulated VPN activation successful (flag created).
[2026-02-12 11:30:25] ---- Check complete: PASS (Simulated) ----

[2026-02-12 11:45:30] ---- Starting VPN Auto-Detect/Activate check ----
[2026-02-12 11:45:30] Simulating connection to SSID BART-WiFi
[2026-02-12 11:45:30] ⚠️ VPN not active. Initiating simulation/fallback.
[2026-02-12 11:45:30] ✅ Simulated VPN activation successful (flag created).
[2026-02-12 11:45:30] ---- Check complete: PASS (Simulated) ----

[2026-02-12 12:00:35] ---- Starting VPN Auto-Detect/Activate check ----
[2026-02-12 12:00:35] Simulating connection to SSID BART-WiFi
[2026-02-12 12:00:35] ⚠️ VPN not active. Initiating simulation/fallback.
[2026-02-12 12:00:35] ✅ Simulated VPN activation successful (flag created).
[2026-02-12 12:00:35] ---- Check complete: PASS (Simulated) ----

[2026-02-12 12:15:41] ---- Starting VPN Auto-Detect/Activate check ----
[2026-02-12 12:15:41] Simulating connection to SSID BART-WiFi
[2026-02-12 12:15:41] ⚠️ VPN not active. Initiating simulation/fallback.
[2026-02-12 12:15:41] ✅ Simulated VPN activation successful (flag created).
[2026-02-12 12:15:41] ---- Check complete: PASS (Simulated) ----

[2026-02-12 12:30:46] ---- Starting VPN Auto-Detect/Activate check ----
[2026-02-12 12:30:46] Simulating connection to SSID BART-WiFi
[2026-02-12 12:30:46] ⚠️ VPN not active. Initiating simulation/fallback.
[2026-02-12 12:30:46] ✅ Simulated VPN activation successful (flag created).
[2026-02-12 12:30:46] ---- Check complete: PASS (Simulated) ----

[2026-02-12 12:45:51] ---- Starting VPN Auto-Detect/Activate check ----
[2026-02-12 12:45:51] Simulating connection to SSID BART-WiFi
[2026-02-12 12:45:51] ⚠️ VPN not active. Initiating simulation/fallback.
[2026-02-12 12:45:51] ✅ Simulated VPN activation successful (flag created).
[2026-02-12 12:45:51] ---- Check complete: PASS (Simulated) ----

[2026-02-12 13:00:57] ---- Starting VPN Auto-Detect/Activate check ----
[2026-02-12 13:00:57] Simulating connection to SSID BART-WiFi
[2026-02-12 13:00:57] ⚠️ VPN not active. Initiating simulation/fallback.
[2026-02-12 13:00:57] ✅ Simulated VPN activation successful (flag created).
[2026-02-12 13:00:57] ---- Check complete: PASS (Simulated) ----

[2026-02-12 13:16:04] ---- Starting VPN Auto-Detect/Activate check ----
[2026-02-12 13:16:04] Simulating connection to SSID BART-WiFi
[2026-02-12 13:16:04] ⚠️ VPN not active. Initiating simulation/fallback.
[2026-02-12 13:16:04] ✅ Simulated VPN activation successful (flag created).
[2026-02-12 13:16:04] ---- Check complete: PASS (Simulated) ----

[2026-02-12 13:31:10] ---- Starting VPN Auto-Detect/Activate check ----
[2026-02-12 13:31:10] Simulating connection to SSID BART-WiFi
[2026-02-12 13:31:10] ⚠️ VPN not active. Initiating simulation/fallback.
[2026-02-12 13:31:10] ✅ Simulated VPN activation successful (flag created).
[2026-02-12 13:31:10] ---- Check complete: PASS (Simulated) ----

[2026-02-12 13:46:15] ---- Starting VPN Auto-Detect/Activate check ----
[2026-02-12 13:46:15] Simulating connection to SSID BART-WiFi
[2026-02-12 13:46:15] ⚠️ VPN not active. Initiating simulation/fallback.
[2026-02-12 13:46:15] ✅ Simulated VPN activation successful (flag created).
[2026-02-12 13:46:15] ---- Check complete: PASS (Simulated) ----

[2026-02-12 14:01:21] ---- Starting VPN Auto-Detect/Activate check ----
[2026-02-12 14:01:21] Simulating connection to SSID BART-WiFi
[2026-02-12 14:01:21] ⚠️ VPN not active. Initiating simulation/fallback.
[2026-02-12 14:01:21] ✅ Simulated VPN activation successful (flag created).
[2026-02-12 14:01:21] ---- Check complete: PASS (Simulated) ----

[2026-02-12 14:16:26] ---- Starting VPN Auto-Detect/Activate check ----
[2026-02-12 14:16:26] Simulating connection to SSID BART-WiFi
[2026-02-12 14:16:26] ⚠️ VPN not active. Initiating simulation/fallback.
[2026-02-12 14:16:26] ✅ Simulated VPN activation successful (flag created).
[2026-02-12 14:16:26] ---- Check complete: PASS (Simulated) ----

[2026-02-12 14:31:32] ---- Starting VPN Auto-Detect/Activate check ----
[2026-02-12 14:31:32] Simulating connection to SSID BART-WiFi
[2026-02-12 14:31:32] ⚠️ VPN not active. Initiating simulation/fallback.
[2026-02-12 14:31:32] ✅ Simulated VPN activation successful (flag created).
[2026-02-12 14:31:32] ---- Check complete: PASS (Simulated) ----

[2026-02-12 14:46:37] ---- Starting VPN Auto-Detect/Activate check ----
[2026-02-12 14:46:37] Simulating connection to SSID BART-WiFi
[2026-02-12 14:46:37] ⚠️ VPN not active. Initiating simulation/fallback.
[2026-02-12 14:46:37] ✅ Simulated VPN activation successful (flag created).
[2026-02-12 14:46:37] ---- Check complete: PASS (Simulated) ----

[2026-02-12 15:01:42] ---- Starting VPN Auto-Detect/Activate check ----
[2026-02-12 15:01:42] Simulating connection to SSID BART-WiFi
[2026-02-12 15:01:42] ⚠️ VPN not active. Initiating simulation/fallback.
[2026-02-12 15:01:42] ✅ Simulated VPN activation successful (flag created).
[2026-02-12 15:01:42] ---- Check complete: PASS (Simulated) ----

[2026-02-12 15:16:47] ---- Starting VPN Auto-Detect/Activate check ----
[2026-02-12 15:16:47] Simulating connection to SSID BART-WiFi
[2026-02-12 15:16:47] ⚠️ VPN not active. Initiating simulation/fallback.
[2026-02-12 15:16:47] ✅ Simulated VPN activation successful (flag created).
[2026-02-12 15:16:47] ---- Check complete: PASS (Simulated) ----

[2026-02-12 15:31:52] ---- Starting VPN Auto-Detect/Activate check ----
[2026-02-12 15:31:52] Simulating connection to SSID BART-WiFi
[2026-02-12 15:31:52] ⚠️ VPN not active. Initiating simulation/fallback.
[2026-02-12 15:31:52] ✅ Simulated VPN activation successful (flag created).
[2026-02-12 15:31:52] ---- Check complete: PASS (Simulated) ----

[2026-02-12 15:46:57] ---- Starting VPN Auto-Detect/Activate check ----
[2026-02-12 15:46:57] Simulating connection to SSID BART-WiFi
[2026-02-12 15:46:57] ⚠️ VPN not active. Initiating simulation/fallback.
[2026-02-12 15:46:57] ✅ Simulated VPN activation successful (flag created).
[2026-02-12 15:46:57] ---- Check complete: PASS (Simulated) ----

[2026-02-12 16:02:02] ---- Starting VPN Auto-Detect/Activate check ----
[2026-02-12 16:02:02] Simulating connection to SSID BART-WiFi
[2026-02-12 16:02:02] ⚠️ VPN not active. Initiating simulation/fallback.
[2026-02-12 16:02:02] ✅ Simulated VPN activation successful (flag created).
[2026-02-12 16:02:02] ---- Check complete: PASS (Simulated) ----

[2026-02-12 16:17:08] ---- Starting VPN Auto-Detect/Activate check ----
[2026-02-12 16:17:08] Simulating connection to SSID BART-WiFi
[2026-02-12 16:17:08] ⚠️ VPN not active. Initiating simulation/fallback.
[2026-02-12 16:17:08] ✅ Simulated VPN activation successful (flag created).
[2026-02-12 16:17:08] ---- Check complete: PASS (Simulated) ----

[2026-02-12 16:32:13] ---- Starting VPN Auto-Detect/Activate check ----
[2026-02-12 16:32:13] Simulating connection to SSID BART-WiFi
[2026-02-12 16:32:13] ⚠️ VPN not active. Initiating simulation/fallback.
[2026-02-12 16:32:13] ✅ Simulated VPN activation successful (flag created).
[2026-02-12 16:32:13] ---- Check complete: PASS (Simulated) ----

[2026-02-12 16:47:18] ---- Starting VPN Auto-Detect/Activate check ----
[2026-02-12 16:47:18] Simulating connection to SSID BART-WiFi
[2026-02-12 16:47:18] ⚠️ VPN not active. Initiating simulation/fallback.
[2026-02-12 16:47:18] ✅ Simulated VPN activation successful (flag created).
[2026-02-12 16:47:18] ---- Check complete: PASS (Simulated) ----

[2026-02-12 17:02:24] ---- Starting VPN Auto-Detect/Activate check ----
[2026-02-12 17:02:24] Simulating connection to SSID BART-WiFi
[2026-02-12 17:02:24] ⚠️ VPN not active. Initiating simulation/fallback.
[2026-02-12 17:02:24] ✅ Simulated VPN activation successful (flag created).
[2026-02-12 17:02:24] ---- Check complete: PASS (Simulated) ----

[2026-02-12 17:17:28] ---- Starting VPN Auto-Detect/Activate check ----
[2026-02-12 17:17:28] Simulating connection to SSID BART-WiFi
[2026-02-12 17:17:28] ⚠️ VPN not active. Initiating simulation/fallback.
[2026-02-12 17:17:28] ✅ Simulated VPN activation successful (flag created).
[2026-02-12 17:17:28] ---- Check complete: PASS (Simulated) ----

[2026-02-12 17:32:33] ---- Starting VPN Auto-Detect/Activate check ----
[2026-02-12 17:32:33] Simulating connection to SSID BART-WiFi
[2026-02-12 17:32:33] ⚠️ VPN not active. Initiating simulation/fallback.
[2026-02-12 17:32:33] ✅ Simulated VPN activation successful (flag created).
[2026-02-12 17:32:33] ---- Check complete: PASS (Simulated) ----

[2026-02-12 17:47:38] ---- Starting VPN Auto-Detect/Activate check ----
[2026-02-12 17:47:38] Simulating connection to SSID BART-WiFi
[2026-02-12 17:47:38] ⚠️ VPN not active. Initiating simulation/fallback.
[2026-02-12 17:47:38] ✅ Simulated VPN activation successful (flag created).
[2026-02-12 17:47:38] ---- Check complete: PASS (Simulated) ----

[2026-02-12 18:02:43] ---- Starting VPN Auto-Detect/Activate check ----
[2026-02-12 18:02:43] Simulating connection to SSID BART-WiFi
[2026-02-12 18:02:43] ⚠️ VPN not active. Initiating simulation/fallback.
[2026-02-12 18:02:43] ✅ Simulated VPN activation successful (flag created).
[2026-02-12 18:02:43] ---- Check complete: PASS (Simulated) ----

[2026-02-12 18:17:47] ---- Starting VPN Auto-Detect/Activate check ----
[2026-02-12 18:17:48] Simulating connection to SSID BART-WiFi
[2026-02-12 18:17:48] ⚠️ VPN not active. Initiating simulation/fallback.
[2026-02-12 18:17:48] ✅ Simulated VPN activation successful (flag created).
[2026-02-12 18:17:48] ---- Check complete: PASS (Simulated) ----

[2026-02-12 18:32:52] ---- Starting VPN Auto-Detect/Activate check ----
[2026-02-12 18:32:52] Simulating connection to SSID BART-WiFi
[2026-02-12 18:32:52] ⚠️ VPN not active. Initiating simulation/fallback.
[2026-02-12 18:32:52] ✅ Simulated VPN activation successful (flag created).
[2026-02-12 18:32:52] ---- Check complete: PASS (Simulated) ----

[2026-02-12 18:47:57] ---- Starting VPN Auto-Detect/Activate check ----
[2026-02-12 18:47:57] Simulating connection to SSID BART-WiFi
[2026-02-12 18:47:57] ⚠️ VPN not active. Initiating simulation/fallback.
[2026-02-12 18:47:57] ✅ Simulated VPN activation successful (flag created).
[2026-02-12 18:47:57] ---- Check complete: PASS (Simulated) ----

[2026-02-12 19:03:02] ---- Starting VPN Auto-Detect/Activate check ----
[2026-02-12 19:03:02] Simulating connection to SSID BART-WiFi
[2026-02-12 19:03:02] ⚠️ VPN not active. Initiating simulation/fallback.
[2026-02-12 19:03:02] ✅ Simulated VPN activation successful (flag created).
[2026-02-12 19:03:02] ---- Check complete: PASS (Simulated) ----

[2026-02-12 19:18:07] ---- Starting VPN Auto-Detect/Activate check ----
[2026-02-12 19:18:07] Simulating connection to SSID BART-WiFi
[2026-02-12 19:18:07] ⚠️ VPN not active. Initiating simulation/fallback.
[2026-02-12 19:18:07] ✅ Simulated VPN activation successful (flag created).
[2026-02-12 19:18:07] ---- Check complete: PASS (Simulated) ----

[2026-02-12 19:33:12] ---- Starting VPN Auto-Detect/Activate check ----
[2026-02-12 19:33:12] Simulating connection to SSID BART-WiFi
[2026-02-12 19:33:12] ⚠️ VPN not active. Initiating simulation/fallback.
[2026-02-12 19:33:12] ✅ Simulated VPN activation successful (flag created).
[2026-02-12 19:33:12] ---- Check complete: PASS (Simulated) ----

[2026-02-12 19:48:18] ---- Starting VPN Auto-Detect/Activate check ----
[2026-02-12 19:48:18] Simulating connection to SSID BART-WiFi
[2026-02-12 19:48:18] ⚠️ VPN not active. Initiating simulation/fallback.
[2026-02-12 19:48:18] ✅ Simulated VPN activation successful (flag created).
[2026-02-12 19:48:18] ---- Check complete: PASS (Simulated) ----

[2026-02-12 20:03:24] ---- Starting VPN Auto-Detect/Activate check ----
[2026-02-12 20:03:24] Simulating connection to SSID BART-WiFi
[2026-02-12 20:03:24] ⚠️ VPN not active. Initiating simulation/fallback.
[2026-02-12 20:03:24] ✅ Simulated VPN activation successful (flag created).
[2026-02-12 20:03:24] ---- Check complete: PASS (Simulated) ----

[2026-02-12 20:18:28] ---- Starting VPN Auto-Detect/Activate check ----
[2026-02-12 20:18:28] Simulating connection to SSID BART-WiFi
[2026-02-12 20:18:28] ⚠️ VPN not active. Initiating simulation/fallback.
[2026-02-12 20:18:28] ✅ Simulated VPN activation successful (flag created).
[2026-02-12 20:18:28] ---- Check complete: PASS (Simulated) ----

[2026-02-12 20:33:34] ---- Starting VPN Auto-Detect/Activate check ----
[2026-02-12 20:33:34] Simulating connection to SSID BART-WiFi
[2026-02-12 20:33:34] ⚠️ VPN not active. Initiating simulation/fallback.
[2026-02-12 20:33:34] ✅ Simulated VPN activation successful (flag created).
[2026-02-12 20:33:34] ---- Check complete: PASS (Simulated) ----

[2026-02-12 20:48:39] ---- Starting VPN Auto-Detect/Activate check ----
[2026-02-12 20:48:39] Simulating connection to SSID BART-WiFi
[2026-02-12 20:48:39] ⚠️ VPN not active. Initiating simulation/fallback.
[2026-02-12 20:48:39] ✅ Simulated VPN activation successful (flag created).
[2026-02-12 20:48:39] ---- Check complete: PASS (Simulated) ----

[2026-02-12 21:03:43] ---- Starting VPN Auto-Detect/Activate check ----
[2026-02-12 21:03:43] Simulating connection to SSID BART-WiFi
[2026-02-12 21:03:43] ⚠️ VPN not active. Initiating simulation/fallback.
[2026-02-12 21:03:43] ✅ Simulated VPN activation successful (flag created).
[2026-02-12 21:03:43] ---- Check complete: PASS (Simulated) ----

[2026-02-12 21:18:49] ---- Starting VPN Auto-Detect/Activate check ----
[2026-02-12 21:18:49] Simulating connection to SSID BART-WiFi
[2026-02-12 21:18:49] ⚠️ VPN not active. Initiating simulation/fallback.
[2026-02-12 21:18:49] ✅ Simulated VPN activation successful (flag created).
[2026-02-12 21:18:49] ---- Check complete: PASS (Simulated) ----

[2026-02-12 21:33:54] ---- Starting VPN Auto-Detect/Activate check ----
[2026-02-12 21:33:54] Simulating connection to SSID BART-WiFi
[2026-02-12 21:33:54] ⚠️ VPN not active. Initiating simulation/fallback.
[2026-02-12 21:33:54] ✅ Simulated VPN activation successful (flag created).
[2026-02-12 21:33:54] ---- Check complete: PASS (Simulated) ----

[2026-02-12 21:48:58] ---- Starting VPN Auto-Detect/Activate check ----
[2026-02-12 21:48:58] Simulating connection to SSID BART-WiFi
[2026-02-12 21:48:58] ⚠️ VPN not active. Initiating simulation/fallback.
[2026-02-12 21:48:58] ✅ Simulated VPN activation successful (flag created).
[2026-02-12 21:48:58] ---- Check complete: PASS (Simulated) ----

[2026-02-12 22:04:04] ---- Starting VPN Auto-Detect/Activate check ----
[2026-02-12 22:04:04] Simulating connection to SSID BART-WiFi
[2026-02-12 22:04:04] ⚠️ VPN not active. Initiating simulation/fallback.
[2026-02-12 22:04:04] ✅ Simulated VPN activation successful (flag created).
[2026-02-12 22:04:04] ---- Check complete: PASS (Simulated) ----

[2026-02-12 22:19:09] ---- Starting VPN Auto-Detect/Activate check ----
[2026-02-12 22:19:09] Simulating connection to SSID BART-WiFi
[2026-02-12 22:19:09] ⚠️ VPN not active. Initiating simulation/fallback.
[2026-02-12 22:19:09] ✅ Simulated VPN activation successful (flag created).
[2026-02-12 22:19:09] ---- Check complete: PASS (Simulated) ----

[2026-02-12 22:34:14] ---- Starting VPN Auto-Detect/Activate check ----
[2026-02-12 22:34:14] Simulating connection to SSID BART-WiFi
[2026-02-12 22:34:14] ⚠️ VPN not active. Initiating simulation/fallback.
[2026-02-12 22:34:14] ✅ Simulated VPN activation successful (flag created).
[2026-02-12 22:34:14] ---- Check complete: PASS (Simulated) ----

[2026-02-12 22:49:18] ---- Starting VPN Auto-Detect/Activate check ----
[2026-02-12 22:49:18] Simulating connection to SSID BART-WiFi
[2026-02-12 22:49:18] ⚠️ VPN not active. Initiating simulation/fallback.
[2026-02-12 22:49:18] ✅ Simulated VPN activation successful (flag created).
[2026-02-12 22:49:18] ---- Check complete: PASS (Simulated) ----

[2026-02-12 23:04:23] ---- Starting VPN Auto-Detect/Activate check ----
[2026-02-12 23:04:23] Simulating connection to SSID BART-WiFi
[2026-02-12 23:04:23] ⚠️ VPN not active. Initiating simulation/fallback.
[2026-02-12 23:04:23] ✅ Simulated VPN activation successful (flag created).
[2026-02-12 23:04:23] ---- Check complete: PASS (Simulated) ----

[2026-02-12 23:19:28] ---- Starting VPN Auto-Detect/Activate check ----
[2026-02-12 23:19:28] Simulating connection to SSID BART-WiFi
[2026-02-12 23:19:28] ⚠️ VPN not active. Initiating simulation/fallback.
[2026-02-12 23:19:28] ✅ Simulated VPN activation successful (flag created).
[2026-02-12 23:19:28] ---- Check complete: PASS (Simulated) ----

[2026-02-12 23:34:32] ---- Starting VPN Auto-Detect/Activate check ----
[2026-02-12 23:34:32] Simulating connection to SSID BART-WiFi
[2026-02-12 23:34:32] ⚠️ VPN not active. Initiating simulation/fallback.
[2026-02-12 23:34:32] ✅ Simulated VPN activation successful (flag created).
[2026-02-12 23:34:32] ---- Check complete: PASS (Simulated) ----

[2026-02-12 23:49:38] ---- Starting VPN Auto-Detect/Activate check ----
[2026-02-12 23:49:38] Simulating connection to SSID BART-WiFi
[2026-02-12 23:49:38] ⚠️ VPN not active. Initiating simulation/fallback.
[2026-02-12 23:49:38] ✅ Simulated VPN activation successful (flag created).
[2026-02-12 23:49:38] ---- Check complete: PASS (Simulated) ----

[2026-02-13 00:04:43] ---- Starting VPN Auto-Detect/Activate check ----
[2026-02-13 00:04:43] Simulating connection to SSID BART-WiFi
[2026-02-13 00:04:43] ⚠️ VPN not active. Initiating simulation/fallback.
[2026-02-13 00:04:43] ✅ Simulated VPN activation successful (flag created).
[2026-02-13 00:04:43] ---- Check complete: PASS (Simulated) ----

[2026-02-13 00:19:48] ---- Starting VPN Auto-Detect/Activate check ----
[2026-02-13 00:19:48] Simulating connection to SSID BART-WiFi
[2026-02-13 00:19:48] ⚠️ VPN not active. Initiating simulation/fallback.
[2026-02-13 00:19:48] ✅ Simulated VPN activation successful (flag created).
[2026-02-13 00:19:48] ---- Check complete: PASS (Simulated) ----

[2026-02-13 00:34:52] ---- Starting VPN Auto-Detect/Activate check ----
[2026-02-13 00:34:52] Simulating connection to SSID BART-WiFi
[2026-02-13 00:34:52] ⚠️ VPN not active. Initiating simulation/fallback.
[2026-02-13 00:34:52] ✅ Simulated VPN activation successful (flag created).
[2026-02-13 00:34:52] ---- Check complete: PASS (Simulated) ----

[2026-02-13 00:49:56] ---- Starting VPN Auto-Detect/Activate check ----
[2026-02-13 00:49:56] Simulating connection to SSID BART-WiFi
[2026-02-13 00:49:56] ⚠️ VPN not active. Initiating simulation/fallback.
[2026-02-13 00:49:56] ✅ Simulated VPN activation successful (flag created).
[2026-02-13 00:49:56] ---- Check complete: PASS (Simulated) ----

[2026-02-13 01:05:01] ---- Starting VPN Auto-Detect/Activate check ----
[2026-02-13 01:05:01] Simulating connection to SSID BART-WiFi
[2026-02-13 01:05:01] ⚠️ VPN not active. Initiating simulation/fallback.
[2026-02-13 01:05:01] ✅ Simulated VPN activation successful (flag created).
[2026-02-13 01:05:01] ---- Check complete: PASS (Simulated) ----

[2026-02-13 01:20:06] ---- Starting VPN Auto-Detect/Activate check ----
[2026-02-13 01:20:06] Simulating connection to SSID BART-WiFi
[2026-02-13 01:20:06] ⚠️ VPN not active. Initiating simulation/fallback.
[2026-02-13 01:20:06] ✅ Simulated VPN activation successful (flag created).
[2026-02-13 01:20:06] ---- Check complete: PASS (Simulated) ----

[2026-02-13 01:35:11] ---- Starting VPN Auto-Detect/Activate check ----
[2026-02-13 01:35:11] Simulating connection to SSID BART-WiFi
[2026-02-13 01:35:11] ⚠️ VPN not active. Initiating simulation/fallback.
[2026-02-13 01:35:11] ✅ Simulated VPN activation successful (flag created).
[2026-02-13 01:35:11] ---- Check complete: PASS (Simulated) ----

[2026-02-13 01:50:16] ---- Starting VPN Auto-Detect/Activate check ----
[2026-02-13 01:50:16] Simulating connection to SSID BART-WiFi
[2026-02-13 01:50:16] ⚠️ VPN not active. Initiating simulation/fallback.
[2026-02-13 01:50:16] ✅ Simulated VPN activation successful (flag created).
[2026-02-13 01:50:16] ---- Check complete: PASS (Simulated) ----

[2026-02-13 02:05:22] ---- Starting VPN Auto-Detect/Activate check ----
[2026-02-13 02:05:22] Simulating connection to SSID BART-WiFi
[2026-02-13 02:05:22] ⚠️ VPN not active. Initiating simulation/fallback.
[2026-02-13 02:05:22] ✅ Simulated VPN activation successful (flag created).
[2026-02-13 02:05:22] ---- Check complete: PASS (Simulated) ----

[2026-02-13 02:20:26] ---- Starting VPN Auto-Detect/Activate check ----
[2026-02-13 02:20:26] Simulating connection to SSID BART-WiFi
[2026-02-13 02:20:26] ⚠️ VPN not active. Initiating simulation/fallback.
[2026-02-13 02:20:26] ✅ Simulated VPN activation successful (flag created).
[2026-02-13 02:20:26] ---- Check complete: PASS (Simulated) ----

[2026-02-13 02:35:31] ---- Starting VPN Auto-Detect/Activate check ----
[2026-02-13 02:35:31] Simulating connection to SSID BART-WiFi
[2026-02-13 02:35:31] ⚠️ VPN not active. Initiating simulation/fallback.
[2026-02-13 02:35:31] ✅ Simulated VPN activation successful (flag created).
[2026-02-13 02:35:31] ---- Check complete: PASS (Simulated) ----

[2026-02-13 02:50:35] ---- Starting VPN Auto-Detect/Activate check ----
[2026-02-13 02:50:35] Simulating connection to SSID BART-WiFi
[2026-02-13 02:50:36] ⚠️ VPN not active. Initiating simulation/fallback.
[2026-02-13 02:50:36] ✅ Simulated VPN activation successful (flag created).
[2026-02-13 02:50:36] ---- Check complete: PASS (Simulated) ----

[2026-02-13 03:05:40] ---- Starting VPN Auto-Detect/Activate check ----
[2026-02-13 03:05:40] Simulating connection to SSID BART-WiFi
[2026-02-13 03:05:40] ⚠️ VPN not active. Initiating simulation/fallback.
[2026-02-13 03:05:40] ✅ Simulated VPN activation successful (flag created).
[2026-02-13 03:05:40] ---- Check complete: PASS (Simulated) ----

[2026-02-13 03:20:45] ---- Starting VPN Auto-Detect/Activate check ----
[2026-02-13 03:20:45] Simulating connection to SSID BART-WiFi
[2026-02-13 03:20:45] ⚠️ VPN not active. Initiating simulation/fallback.
[2026-02-13 03:20:45] ✅ Simulated VPN activation successful (flag created).
[2026-02-13 03:20:45] ---- Check complete: PASS (Simulated) ----

[2026-02-13 03:35:50] ---- Starting VPN Auto-Detect/Activate check ----
[2026-02-13 03:35:50] Simulating connection to SSID BART-WiFi
[2026-02-13 03:35:50] ⚠️ VPN not active. Initiating simulation/fallback.
[2026-02-13 03:35:50] ✅ Simulated VPN activation successful (flag created).
[2026-02-13 03:35:50] ---- Check complete: PASS (Simulated) ----

[2026-02-13 03:50:54] ---- Starting VPN Auto-Detect/Activate check ----
[2026-02-13 03:50:54] Simulating connection to SSID BART-WiFi
[2026-02-13 03:50:54] ⚠️ VPN not active. Initiating simulation/fallback.
[2026-02-13 03:50:54] ✅ Simulated VPN activation successful (flag created).
[2026-02-13 03:50:54] ---- Check complete: PASS (Simulated) ----

[2026-02-13 04:05:59] ---- Starting VPN Auto-Detect/Activate check ----
[2026-02-13 04:05:59] Simulating connection to SSID BART-WiFi
[2026-02-13 04:05:59] ⚠️ VPN not active. Initiating simulation/fallback.
[2026-02-13 04:05:59] ✅ Simulated VPN activation successful (flag created).
[2026-02-13 04:05:59] ---- Check complete: PASS (Simulated) ----

[2026-02-13 04:21:05] ---- Starting VPN Auto-Detect/Activate check ----
[2026-02-13 04:21:05] Simulating connection to SSID BART-WiFi
[2026-02-13 04:21:05] ⚠️ VPN not active. Initiating simulation/fallback.
[2026-02-13 04:21:05] ✅ Simulated VPN activation successful (flag created).
[2026-02-13 04:21:05] ---- Check complete: PASS (Simulated) ----

[2026-02-13 04:36:10] ---- Starting VPN Auto-Detect/Activate check ----
[2026-02-13 04:36:10] Simulating connection to SSID BART-WiFi
[2026-02-13 04:36:10] ⚠️ VPN not active. Initiating simulation/fallback.
[2026-02-13 04:36:10] ✅ Simulated VPN activation successful (flag created).
[2026-02-13 04:36:10] ---- Check complete: PASS (Simulated) ----

[2026-02-13 04:51:15] ---- Starting VPN Auto-Detect/Activate check ----
[2026-02-13 04:51:15] Simulating connection to SSID BART-WiFi
[2026-02-13 04:51:15] ⚠️ VPN not active. Initiating simulation/fallback.
[2026-02-13 04:51:15] ✅ Simulated VPN activation successful (flag created).
[2026-02-13 04:51:15] ---- Check complete: PASS (Simulated) ----

[2026-02-13 05:06:19] ---- Starting VPN Auto-Detect/Activate check ----
[2026-02-13 05:06:19] Simulating connection to SSID BART-WiFi
[2026-02-13 05:06:19] ⚠️ VPN not active. Initiating simulation/fallback.
[2026-02-13 05:06:19] ✅ Simulated VPN activation successful (flag created).
[2026-02-13 05:06:19] ---- Check complete: PASS (Simulated) ----

[2026-02-13 05:21:24] ---- Starting VPN Auto-Detect/Activate check ----
[2026-02-13 05:21:24] Simulating connection to SSID BART-WiFi
[2026-02-13 05:21:24] ⚠️ VPN not active. Initiating simulation/fallback.
[2026-02-13 05:21:24] ✅ Simulated VPN activation successful (flag created).
[2026-02-13 05:21:24] ---- Check complete: PASS (Simulated) ----

[2026-02-13 05:36:28] ---- Starting VPN Auto-Detect/Activate check ----
[2026-02-13 05:36:28] Simulating connection to SSID BART-WiFi
[2026-02-13 05:36:28] ⚠️ VPN not active. Initiating simulation/fallback.
[2026-02-13 05:36:28] ✅ Simulated VPN activation successful (flag created).
[2026-02-13 05:36:28] ---- Check complete: PASS (Simulated) ----

[2026-02-13 05:51:33] ---- Starting VPN Auto-Detect/Activate check ----
[2026-02-13 05:51:33] Simulating connection to SSID BART-WiFi
[2026-02-13 05:51:33] ⚠️ VPN not active. Initiating simulation/fallback.
[2026-02-13 05:51:33] ✅ Simulated VPN activation successful (flag created).
[2026-02-13 05:51:33] ---- Check complete: PASS (Simulated) ----

[2026-02-13 06:06:38] ---- Starting VPN Auto-Detect/Activate check ----
[2026-02-13 06:06:38] Simulating connection to SSID BART-WiFi
[2026-02-13 06:06:38] ⚠️ VPN not active. Initiating simulation/fallback.
[2026-02-13 06:06:38] ✅ Simulated VPN activation successful (flag created).
[2026-02-13 06:06:38] ---- Check complete: PASS (Simulated) ----

[2026-02-13 06:21:42] ---- Starting VPN Auto-Detect/Activate check ----
[2026-02-13 06:21:42] Simulating connection to SSID BART-WiFi
[2026-02-13 06:21:42] ⚠️ VPN not active. Initiating simulation/fallback.
[2026-02-13 06:21:42] ✅ Simulated VPN activation successful (flag created).
[2026-02-13 06:21:42] ---- Check complete: PASS (Simulated) ----

[2026-02-13 06:36:46] ---- Starting VPN Auto-Detect/Activate check ----
[2026-02-13 06:36:46] Simulating connection to SSID BART-WiFi
[2026-02-13 06:36:46] ⚠️ VPN not active. Initiating simulation/fallback.
[2026-02-13 06:36:46] ✅ Simulated VPN activation successful (flag created).
[2026-02-13 06:36:46] ---- Check complete: PASS (Simulated) ----

[2026-02-13 06:51:51] ---- Starting VPN Auto-Detect/Activate check ----
[2026-02-13 06:51:51] Simulating connection to SSID BART-WiFi
[2026-02-13 06:51:51] ⚠️ VPN not active. Initiating simulation/fallback.
[2026-02-13 06:51:51] ✅ Simulated VPN activation successful (flag created).
[2026-02-13 06:51:51] ---- Check complete: PASS (Simulated) ----

[2026-02-13 07:06:56] ---- Starting VPN Auto-Detect/Activate check ----
[2026-02-13 07:06:56] Simulating connection to SSID BART-WiFi
[2026-02-13 07:06:56] ⚠️ VPN not active. Initiating simulation/fallback.
[2026-02-13 07:06:56] ✅ Simulated VPN activation successful (flag created).
[2026-02-13 07:06:56] ---- Check complete: PASS (Simulated) ----

[2026-02-13 07:22:00] ---- Starting VPN Auto-Detect/Activate check ----
[2026-02-13 07:22:00] Simulating connection to SSID BART-WiFi
[2026-02-13 07:22:00] ⚠️ VPN not active. Initiating simulation/fallback.
[2026-02-13 07:22:00] ✅ Simulated VPN activation successful (flag created).
[2026-02-13 07:22:00] ---- Check complete: PASS (Simulated) ----

[2026-02-13 07:37:06] ---- Starting VPN Auto-Detect/Activate check ----
[2026-02-13 07:37:06] Simulating connection to SSID BART-WiFi
[2026-02-13 07:37:06] ⚠️ VPN not active. Initiating simulation/fallback.
[2026-02-13 07:37:06] ✅ Simulated VPN activation successful (flag created).
[2026-02-13 07:37:06] ---- Check complete: PASS (Simulated) ----

[2026-02-13 07:52:10] ---- Starting VPN Auto-Detect/Activate check ----
[2026-02-13 07:52:10] Simulating connection to SSID BART-WiFi
[2026-02-13 07:52:10] ⚠️ VPN not active. Initiating simulation/fallback.
[2026-02-13 07:52:10] ✅ Simulated VPN activation successful (flag created).
[2026-02-13 07:52:10] ---- Check complete: PASS (Simulated) ----

[2026-02-13 08:07:15] ---- Starting VPN Auto-Detect/Activate check ----
[2026-02-13 08:07:15] Simulating connection to SSID BART-WiFi
[2026-02-13 08:07:15] ⚠️ VPN not active. Initiating simulation/fallback.
[2026-02-13 08:07:15] ✅ Simulated VPN activation successful (flag created).
[2026-02-13 08:07:15] ---- Check complete: PASS (Simulated) ----

[2026-02-13 08:22:19] ---- Starting VPN Auto-Detect/Activate check ----
[2026-02-13 08:22:19] Simulating connection to SSID BART-WiFi
[2026-02-13 08:22:19] ⚠️ VPN not active. Initiating simulation/fallback.
[2026-02-13 08:22:19] ✅ Simulated VPN activation successful (flag created).
[2026-02-13 08:22:19] ---- Check complete: PASS (Simulated) ----

[2026-02-13 08:37:24] ---- Starting VPN Auto-Detect/Activate check ----
[2026-02-13 08:37:24] Simulating connection to SSID BART-WiFi
[2026-02-13 08:37:24] ⚠️ VPN not active. Initiating simulation/fallback.
[2026-02-13 08:37:24] ✅ Simulated VPN activation successful (flag created).
[2026-02-13 08:37:24] ---- Check complete: PASS (Simulated) ----

[2026-02-13 08:52:29] ---- Starting VPN Auto-Detect/Activate check ----
[2026-02-13 08:52:29] Simulating connection to SSID BART-WiFi
[2026-02-13 08:52:29] ⚠️ VPN not active. Initiating simulation/fallback.
[2026-02-13 08:52:29] ✅ Simulated VPN activation successful (flag created).
[2026-02-13 08:52:29] ---- Check complete: PASS (Simulated) ----

[2026-02-13 09:07:34] ---- Starting VPN Auto-Detect/Activate check ----
[2026-02-13 09:07:34] Simulating connection to SSID BART-WiFi
[2026-02-13 09:07:34] ⚠️ VPN not active. Initiating simulation/fallback.
[2026-02-13 09:07:34] ✅ Simulated VPN activation successful (flag created).
[2026-02-13 09:07:34] ---- Check complete: PASS (Simulated) ----

[2026-02-13 09:22:38] ---- Starting VPN Auto-Detect/Activate check ----
[2026-02-13 09:22:38] Simulating connection to SSID BART-WiFi
[2026-02-13 09:22:38] ⚠️ VPN not active. Initiating simulation/fallback.
[2026-02-13 09:22:38] ✅ Simulated VPN activation successful (flag created).
[2026-02-13 09:22:38] ---- Check complete: PASS (Simulated) ----

[2026-02-13 09:37:43] ---- Starting VPN Auto-Detect/Activate check ----
[2026-02-13 09:37:43] Simulating connection to SSID BART-WiFi
[2026-02-13 09:37:43] ⚠️ VPN not active. Initiating simulation/fallback.
[2026-02-13 09:37:43] ✅ Simulated VPN activation successful (flag created).
[2026-02-13 09:37:43] ---- Check complete: PASS (Simulated) ----

[2026-02-13 09:52:47] ---- Starting VPN Auto-Detect/Activate check ----
[2026-02-13 09:52:47] Simulating connection to SSID BART-WiFi
[2026-02-13 09:52:47] ⚠️ VPN not active. Initiating simulation/fallback.
[2026-02-13 09:52:47] ✅ Simulated VPN activation successful (flag created).
[2026-02-13 09:52:47] ---- Check complete: PASS (Simulated) ----

[2026-02-13 10:07:52] ---- Starting VPN Auto-Detect/Activate check ----
[2026-02-13 10:07:52] Simulating connection to SSID BART-WiFi
[2026-02-13 10:07:53] ⚠️ VPN not active. Initiating simulation/fallback.
[2026-02-13 10:07:53] ✅ Simulated VPN activation successful (flag created).
[2026-02-13 10:07:53] ---- Check complete: PASS (Simulated) ----

[2026-02-13 10:22:57] ---- Starting VPN Auto-Detect/Activate check ----
[2026-02-13 10:22:57] Simulating connection to SSID BART-WiFi
[2026-02-13 10:22:57] ⚠️ VPN not active. Initiating simulation/fallback.
[2026-02-13 10:22:57] ✅ Simulated VPN activation successful (flag created).
[2026-02-13 10:22:57] ---- Check complete: PASS (Simulated) ----

[2026-02-13 10:38:02] ---- Starting VPN Auto-Detect/Activate check ----
[2026-02-13 10:38:02] Simulating connection to SSID BART-WiFi
[2026-02-13 10:38:02] ⚠️ VPN not active. Initiating simulation/fallback.
[2026-02-13 10:38:02] ✅ Simulated VPN activation successful (flag created).
[2026-02-13 10:38:02] ---- Check complete: PASS (Simulated) ----

[2026-02-13 10:53:07] ---- Starting VPN Auto-Detect/Activate check ----
[2026-02-13 10:53:07] Simulating connection to SSID BART-WiFi
[2026-02-13 10:53:07] ⚠️ VPN not active. Initiating simulation/fallback.
[2026-02-13 10:53:07] ✅ Simulated VPN activation successful (flag created).
[2026-02-13 10:53:07] ---- Check complete: PASS (Simulated) ----

[2026-02-13 11:08:12] ---- Starting VPN Auto-Detect/Activate check ----
[2026-02-13 11:08:12] Simulating connection to SSID BART-WiFi
[2026-02-13 11:08:12] ⚠️ VPN not active. Initiating simulation/fallback.
[2026-02-13 11:08:12] ✅ Simulated VPN activation successful (flag created).
[2026-02-13 11:08:12] ---- Check complete: PASS (Simulated) ----

[2026-02-13 11:23:17] ---- Starting VPN Auto-Detect/Activate check ----
[2026-02-13 11:23:17] Simulating connection to SSID BART-WiFi
[2026-02-13 11:23:17] ⚠️ VPN not active. Initiating simulation/fallback.
[2026-02-13 11:23:17] ✅ Simulated VPN activation successful (flag created).
[2026-02-13 11:23:17] ---- Check complete: PASS (Simulated) ----

[2026-02-13 11:38:21] ---- Starting VPN Auto-Detect/Activate check ----
[2026-02-13 11:38:21] Simulating connection to SSID BART-WiFi
[2026-02-13 11:38:21] ⚠️ VPN not active. Initiating simulation/fallback.
[2026-02-13 11:38:21] ✅ Simulated VPN activation successful (flag created).
[2026-02-13 11:38:21] ---- Check complete: PASS (Simulated) ----

[2026-02-13 11:53:26] ---- Starting VPN Auto-Detect/Activate check ----
[2026-02-13 11:53:26] Simulating connection to SSID BART-WiFi
[2026-02-13 11:53:26] ⚠️ VPN not active. Initiating simulation/fallback.
[2026-02-13 11:53:26] ✅ Simulated VPN activation successful (flag created).
[2026-02-13 11:53:26] ---- Check complete: PASS (Simulated) ----

[2026-02-13 12:08:31] ---- Starting VPN Auto-Detect/Activate check ----
[2026-02-13 12:08:31] Simulating connection to SSID BART-WiFi
[2026-02-13 12:08:31] ⚠️ VPN not active. Initiating simulation/fallback.
[2026-02-13 12:08:31] ✅ Simulated VPN activation successful (flag created).
[2026-02-13 12:08:31] ---- Check complete: PASS (Simulated) ----

[2026-02-13 12:23:35] ---- Starting VPN Auto-Detect/Activate check ----
[2026-02-13 12:23:35] Simulating connection to SSID BART-WiFi
[2026-02-13 12:23:35] ⚠️ VPN not active. Initiating simulation/fallback.
[2026-02-13 12:23:35] ✅ Simulated VPN activation successful (flag created).
[2026-02-13 12:23:35] ---- Check complete: PASS (Simulated) ----

[2026-02-13 12:38:40] ---- Starting VPN Auto-Detect/Activate check ----
[2026-02-13 12:38:40] Simulating connection to SSID BART-WiFi
[2026-02-13 12:38:40] ⚠️ VPN not active. Initiating simulation/fallback.
[2026-02-13 12:38:40] ✅ Simulated VPN activation successful (flag created).
[2026-02-13 12:38:40] ---- Check complete: PASS (Simulated) ----

[2026-02-13 12:53:45] ---- Starting VPN Auto-Detect/Activate check ----
[2026-02-13 12:53:45] Simulating connection to SSID BART-WiFi
[2026-02-13 12:53:45] ⚠️ VPN not active. Initiating simulation/fallback.
[2026-02-13 12:53:45] ✅ Simulated VPN activation successful (flag created).
[2026-02-13 12:53:45] ---- Check complete: PASS (Simulated) ----

[2026-02-13 13:08:49] ---- Starting VPN Auto-Detect/Activate check ----
[2026-02-13 13:08:49] Simulating connection to SSID BART-WiFi
[2026-02-13 13:08:49] ⚠️ VPN not active. Initiating simulation/fallback.
[2026-02-13 13:08:49] ✅ Simulated VPN activation successful (flag created).
[2026-02-13 13:08:49] ---- Check complete: PASS (Simulated) ----

[2026-02-13 13:23:54] ---- Starting VPN Auto-Detect/Activate check ----
[2026-02-13 13:23:54] Simulating connection to SSID BART-WiFi
[2026-02-13 13:23:54] ⚠️ VPN not active. Initiating simulation/fallback.
[2026-02-13 13:23:54] ✅ Simulated VPN activation successful (flag created).
[2026-02-13 13:23:54] ---- Check complete: PASS (Simulated) ----

[2026-02-13 13:38:58] ---- Starting VPN Auto-Detect/Activate check ----
[2026-02-13 13:38:58] Simulating connection to SSID BART-WiFi
[2026-02-13 13:38:58] ⚠️ VPN not active. Initiating simulation/fallback.
[2026-02-13 13:38:58] ✅ Simulated VPN activation successful (flag created).
[2026-02-13 13:38:58] ---- Check complete: PASS (Simulated) ----

[2026-02-13 13:54:05] ---- Starting VPN Auto-Detect/Activate check ----
[2026-02-13 13:54:05] Simulating connection to SSID BART-WiFi
[2026-02-13 13:54:05] ⚠️ VPN not active. Initiating simulation/fallback.
[2026-02-13 13:54:05] ✅ Simulated VPN activation successful (flag created).
[2026-02-13 13:54:05] ---- Check complete: PASS (Simulated) ----

[2026-02-13 14:09:10] ---- Starting VPN Auto-Detect/Activate check ----
[2026-02-13 14:09:10] Simulating connection to SSID BART-WiFi
[2026-02-13 14:09:10] ⚠️ VPN not active. Initiating simulation/fallback.
[2026-02-13 14:09:10] ✅ Simulated VPN activation successful (flag created).
[2026-02-13 14:09:10] ---- Check complete: PASS (Simulated) ----

[2026-02-13 14:24:15] ---- Starting VPN Auto-Detect/Activate check ----
[2026-02-13 14:24:15] Simulating connection to SSID BART-WiFi
[2026-02-13 14:24:15] ⚠️ VPN not active. Initiating simulation/fallback.
[2026-02-13 14:24:15] ✅ Simulated VPN activation successful (flag created).
[2026-02-13 14:24:15] ---- Check complete: PASS (Simulated) ----

[2026-02-13 14:39:20] ---- Starting VPN Auto-Detect/Activate check ----
[2026-02-13 14:39:20] Simulating connection to SSID BART-WiFi
[2026-02-13 14:39:20] ⚠️ VPN not active. Initiating simulation/fallback.
[2026-02-13 14:39:20] ✅ Simulated VPN activation successful (flag created).
[2026-02-13 14:39:20] ---- Check complete: PASS (Simulated) ----

[2026-02-13 14:54:25] ---- Starting VPN Auto-Detect/Activate check ----
[2026-02-13 14:54:25] Simulating connection to SSID BART-WiFi
[2026-02-13 14:54:25] ⚠️ VPN not active. Initiating simulation/fallback.
[2026-02-13 14:54:25] ✅ Simulated VPN activation successful (flag created).
[2026-02-13 14:54:25] ---- Check complete: PASS (Simulated) ----

[2026-02-13 15:09:29] ---- Starting VPN Auto-Detect/Activate check ----
[2026-02-13 15:09:29] Simulating connection to SSID BART-WiFi
[2026-02-13 15:09:29] ⚠️ VPN not active. Initiating simulation/fallback.
[2026-02-13 15:09:29] ✅ Simulated VPN activation successful (flag created).
[2026-02-13 15:09:29] ---- Check complete: PASS (Simulated) ----

[2026-02-13 15:24:34] ---- Starting VPN Auto-Detect/Activate check ----
[2026-02-13 15:24:34] Simulating connection to SSID BART-WiFi
[2026-02-13 15:24:34] ⚠️ VPN not active. Initiating simulation/fallback.
[2026-02-13 15:24:34] ✅ Simulated VPN activation successful (flag created).
[2026-02-13 15:24:34] ---- Check complete: PASS (Simulated) ----

[2026-02-13 15:39:39] ---- Starting VPN Auto-Detect/Activate check ----
[2026-02-13 15:39:39] Simulating connection to SSID BART-WiFi
[2026-02-13 15:39:39] ⚠️ VPN not active. Initiating simulation/fallback.
[2026-02-13 15:39:39] ✅ Simulated VPN activation successful (flag created).
[2026-02-13 15:39:39] ---- Check complete: PASS (Simulated) ----

[2026-02-13 15:54:44] ---- Starting VPN Auto-Detect/Activate check ----
[2026-02-13 15:54:44] Simulating connection to SSID BART-WiFi
[2026-02-13 15:54:44] ⚠️ VPN not active. Initiating simulation/fallback.
[2026-02-13 15:54:44] ✅ Simulated VPN activation successful (flag created).
[2026-02-13 15:54:44] ---- Check complete: PASS (Simulated) ----

[2026-02-13 16:09:49] ---- Starting VPN Auto-Detect/Activate check ----
[2026-02-13 16:09:49] Simulating connection to SSID BART-WiFi
[2026-02-13 16:09:49] ⚠️ VPN not active. Initiating simulation/fallback.
[2026-02-13 16:09:49] ✅ Simulated VPN activation successful (flag created).
[2026-02-13 16:09:49] ---- Check complete: PASS (Simulated) ----

[2026-02-13 16:24:54] ---- Starting VPN Auto-Detect/Activate check ----
[2026-02-13 16:24:54] Simulating connection to SSID BART-WiFi
[2026-02-13 16:24:54] ⚠️ VPN not active. Initiating simulation/fallback.
[2026-02-13 16:24:54] ✅ Simulated VPN activation successful (flag created).
[2026-02-13 16:24:54] ---- Check complete: PASS (Simulated) ----

[2026-02-13 16:39:58] ---- Starting VPN Auto-Detect/Activate check ----
[2026-02-13 16:39:58] Simulating connection to SSID BART-WiFi
[2026-02-13 16:39:58] ⚠️ VPN not active. Initiating simulation/fallback.
[2026-02-13 16:39:58] ✅ Simulated VPN activation successful (flag created).
[2026-02-13 16:39:58] ---- Check complete: PASS (Simulated) ----

[2026-02-13 16:55:04] ---- Starting VPN Auto-Detect/Activate check ----
[2026-02-13 16:55:04] Simulating connection to SSID BART-WiFi
[2026-02-13 16:55:04] ⚠️ VPN not active. Initiating simulation/fallback.
[2026-02-13 16:55:04] ✅ Simulated VPN activation successful (flag created).
[2026-02-13 16:55:04] ---- Check complete: PASS (Simulated) ----

[2026-02-13 17:10:09] ---- Starting VPN Auto-Detect/Activate check ----
[2026-02-13 17:10:09] Simulating connection to SSID BART-WiFi
[2026-02-13 17:10:09] ⚠️ VPN not active. Initiating simulation/fallback.
[2026-02-13 17:10:09] ✅ Simulated VPN activation successful (flag created).
[2026-02-13 17:10:09] ---- Check complete: PASS (Simulated) ----

[2026-02-13 17:25:13] ---- Starting VPN Auto-Detect/Activate check ----
[2026-02-13 17:25:13] Simulating connection to SSID BART-WiFi
[2026-02-13 17:25:13] ⚠️ VPN not active. Initiating simulation/fallback.
[2026-02-13 17:25:13] ✅ Simulated VPN activation successful (flag created).
[2026-02-13 17:25:13] ---- Check complete: PASS (Simulated) ----

[2026-02-13 17:40:18] ---- Starting VPN Auto-Detect/Activate check ----
[2026-02-13 17:40:18] Simulating connection to SSID BART-WiFi
[2026-02-13 17:40:18] ⚠️ VPN not active. Initiating simulation/fallback.
[2026-02-13 17:40:18] ✅ Simulated VPN activation successful (flag created).
[2026-02-13 17:40:18] ---- Check complete: PASS (Simulated) ----

[2026-02-13 17:55:23] ---- Starting VPN Auto-Detect/Activate check ----
[2026-02-13 17:55:23] Simulating connection to SSID BART-WiFi
[2026-02-13 17:55:23] ⚠️ VPN not active. Initiating simulation/fallback.
[2026-02-13 17:55:23] ✅ Simulated VPN activation successful (flag created).
[2026-02-13 17:55:23] ---- Check complete: PASS (Simulated) ----

[2026-02-13 18:10:29] ---- Starting VPN Auto-Detect/Activate check ----
[2026-02-13 18:10:29] Simulating connection to SSID BART-WiFi
[2026-02-13 18:10:29] ⚠️ VPN not active. Initiating simulation/fallback.
[2026-02-13 18:10:29] ✅ Simulated VPN activation successful (flag created).
[2026-02-13 18:10:29] ---- Check complete: PASS (Simulated) ----

[2026-02-13 18:25:33] ---- Starting VPN Auto-Detect/Activate check ----
[2026-02-13 18:25:33] Simulating connection to SSID BART-WiFi
[2026-02-13 18:25:33] ⚠️ VPN not active. Initiating simulation/fallback.
[2026-02-13 18:25:33] ✅ Simulated VPN activation successful (flag created).
[2026-02-13 18:25:33] ---- Check complete: PASS (Simulated) ----

[2026-02-13 18:40:38] ---- Starting VPN Auto-Detect/Activate check ----
[2026-02-13 18:40:38] Simulating connection to SSID BART-WiFi
[2026-02-13 18:40:38] ⚠️ VPN not active. Initiating simulation/fallback.
[2026-02-13 18:40:38] ✅ Simulated VPN activation successful (flag created).
[2026-02-13 18:40:38] ---- Check complete: PASS (Simulated) ----

[2026-02-13 18:55:43] ---- Starting VPN Auto-Detect/Activate check ----
[2026-02-13 18:55:43] Simulating connection to SSID BART-WiFi
[2026-02-13 18:55:43] ⚠️ VPN not active. Initiating simulation/fallback.
[2026-02-13 18:55:43] ✅ Simulated VPN activation successful (flag created).
[2026-02-13 18:55:43] ---- Check complete: PASS (Simulated) ----

[2026-02-13 19:10:47] ---- Starting VPN Auto-Detect/Activate check ----
[2026-02-13 19:10:47] Simulating connection to SSID BART-WiFi
[2026-02-13 19:10:47] ⚠️ VPN not active. Initiating simulation/fallback.
[2026-02-13 19:10:47] ✅ Simulated VPN activation successful (flag created).
[2026-02-13 19:10:47] ---- Check complete: PASS (Simulated) ----

[2026-02-13 19:25:52] ---- Starting VPN Auto-Detect/Activate check ----
[2026-02-13 19:25:52] Simulating connection to SSID BART-WiFi
[2026-02-13 19:25:52] ⚠️ VPN not active. Initiating simulation/fallback.
[2026-02-13 19:25:52] ✅ Simulated VPN activation successful (flag created).
[2026-02-13 19:25:52] ---- Check complete: PASS (Simulated) ----

[2026-02-13 19:40:57] ---- Starting VPN Auto-Detect/Activate check ----
[2026-02-13 19:40:57] Simulating connection to SSID BART-WiFi
[2026-02-13 19:40:57] ⚠️ VPN not active. Initiating simulation/fallback.
[2026-02-13 19:40:57] ✅ Simulated VPN activation successful (flag created).
[2026-02-13 19:40:57] ---- Check complete: PASS (Simulated) ----

[2026-02-13 19:56:03] ---- Starting VPN Auto-Detect/Activate check ----
[2026-02-13 19:56:03] Simulating connection to SSID BART-WiFi
[2026-02-13 19:56:03] ⚠️ VPN not active. Initiating simulation/fallback.
[2026-02-13 19:56:03] ✅ Simulated VPN activation successful (flag created).
[2026-02-13 19:56:03] ---- Check complete: PASS (Simulated) ----

[2026-02-13 20:11:07] ---- Starting VPN Auto-Detect/Activate check ----
[2026-02-13 20:11:07] Simulating connection to SSID BART-WiFi
[2026-02-13 20:11:07] ⚠️ VPN not active. Initiating simulation/fallback.
[2026-02-13 20:11:07] ✅ Simulated VPN activation successful (flag created).
[2026-02-13 20:11:07] ---- Check complete: PASS (Simulated) ----

[2026-02-13 20:26:12] ---- Starting VPN Auto-Detect/Activate check ----
[2026-02-13 20:26:12] Simulating connection to SSID BART-WiFi
[2026-02-13 20:26:12] ⚠️ VPN not active. Initiating simulation/fallback.
[2026-02-13 20:26:12] ✅ Simulated VPN activation successful (flag created).
[2026-02-13 20:26:12] ---- Check complete: PASS (Simulated) ----

[2026-02-13 20:41:16] ---- Starting VPN Auto-Detect/Activate check ----
[2026-02-13 20:41:16] Simulating connection to SSID BART-WiFi
[2026-02-13 20:41:16] ⚠️ VPN not active. Initiating simulation/fallback.
[2026-02-13 20:41:16] ✅ Simulated VPN activation successful (flag created).
[2026-02-13 20:41:16] ---- Check complete: PASS (Simulated) ----

[2026-02-13 20:56:21] ---- Starting VPN Auto-Detect/Activate check ----
[2026-02-13 20:56:21] Simulating connection to SSID BART-WiFi
[2026-02-13 20:56:21] ⚠️ VPN not active. Initiating simulation/fallback.
[2026-02-13 20:56:21] ✅ Simulated VPN activation successful (flag created).
[2026-02-13 20:56:21] ---- Check complete: PASS (Simulated) ----

[2026-02-13 21:11:26] ---- Starting VPN Auto-Detect/Activate check ----
[2026-02-13 21:11:26] Simulating connection to SSID BART-WiFi
[2026-02-13 21:11:26] ⚠️ VPN not active. Initiating simulation/fallback.
[2026-02-13 21:11:26] ✅ Simulated VPN activation successful (flag created).
[2026-02-13 21:11:26] ---- Check complete: PASS (Simulated) ----

[2026-02-13 21:26:30] ---- Starting VPN Auto-Detect/Activate check ----
[2026-02-13 21:26:30] Simulating connection to SSID BART-WiFi
[2026-02-13 21:26:30] ⚠️ VPN not active. Initiating simulation/fallback.
[2026-02-13 21:26:30] ✅ Simulated VPN activation successful (flag created).
[2026-02-13 21:26:30] ---- Check complete: PASS (Simulated) ----

[2026-02-13 21:41:35] ---- Starting VPN Auto-Detect/Activate check ----
[2026-02-13 21:41:35] Simulating connection to SSID BART-WiFi
[2026-02-13 21:41:35] ⚠️ VPN not active. Initiating simulation/fallback.
[2026-02-13 21:41:35] ✅ Simulated VPN activation successful (flag created).
[2026-02-13 21:41:35] ---- Check complete: PASS (Simulated) ----

[2026-02-13 21:56:39] ---- Starting VPN Auto-Detect/Activate check ----
[2026-02-13 21:56:39] Simulating connection to SSID BART-WiFi
[2026-02-13 21:56:39] ⚠️ VPN not active. Initiating simulation/fallback.
[2026-02-13 21:56:39] ✅ Simulated VPN activation successful (flag created).
[2026-02-13 21:56:39] ---- Check complete: PASS (Simulated) ----

[2026-02-13 22:11:44] ---- Starting VPN Auto-Detect/Activate check ----
[2026-02-13 22:11:44] Simulating connection to SSID BART-WiFi
[2026-02-13 22:11:44] ⚠️ VPN not active. Initiating simulation/fallback.
[2026-02-13 22:11:44] ✅ Simulated VPN activation successful (flag created).
[2026-02-13 22:11:44] ---- Check complete: PASS (Simulated) ----

[2026-02-13 22:26:49] ---- Starting VPN Auto-Detect/Activate check ----
[2026-02-13 22:26:49] Simulating connection to SSID BART-WiFi
[2026-02-13 22:26:49] ⚠️ VPN not active. Initiating simulation/fallback.
[2026-02-13 22:26:49] ✅ Simulated VPN activation successful (flag created).
[2026-02-13 22:26:49] ---- Check complete: PASS (Simulated) ----

[2026-02-13 22:41:53] ---- Starting VPN Auto-Detect/Activate check ----
[2026-02-13 22:41:53] Simulating connection to SSID BART-WiFi
[2026-02-13 22:41:53] ⚠️ VPN not active. Initiating simulation/fallback.
[2026-02-13 22:41:53] ✅ Simulated VPN activation successful (flag created).
[2026-02-13 22:41:53] ---- Check complete: PASS (Simulated) ----

[2026-02-13 22:56:58] ---- Starting VPN Auto-Detect/Activate check ----
[2026-02-13 22:56:58] Simulating connection to SSID BART-WiFi
[2026-02-13 22:56:58] ⚠️ VPN not active. Initiating simulation/fallback.
[2026-02-13 22:56:58] ✅ Simulated VPN activation successful (flag created).
[2026-02-13 22:56:58] ---- Check complete: PASS (Simulated) ----

[2026-02-13 23:12:03] ---- Starting VPN Auto-Detect/Activate check ----
[2026-02-13 23:12:03] Simulating connection to SSID BART-WiFi
[2026-02-13 23:12:03] ⚠️ VPN not active. Initiating simulation/fallback.
[2026-02-13 23:12:03] ✅ Simulated VPN activation successful (flag created).
[2026-02-13 23:12:03] ---- Check complete: PASS (Simulated) ----

[2026-02-13 23:27:08] ---- Starting VPN Auto-Detect/Activate check ----
[2026-02-13 23:27:08] Simulating connection to SSID BART-WiFi
[2026-02-13 23:27:08] ⚠️ VPN not active. Initiating simulation/fallback.
[2026-02-13 23:27:08] ✅ Simulated VPN activation successful (flag created).
[2026-02-13 23:27:08] ---- Check complete: PASS (Simulated) ----

[2026-02-13 23:42:12] ---- Starting VPN Auto-Detect/Activate check ----
[2026-02-13 23:42:12] Simulating connection to SSID BART-WiFi
[2026-02-13 23:42:12] ⚠️ VPN not active. Initiating simulation/fallback.
[2026-02-13 23:42:12] ✅ Simulated VPN activation successful (flag created).
[2026-02-13 23:42:12] ---- Check complete: PASS (Simulated) ----

[2026-02-13 23:57:17] ---- Starting VPN Auto-Detect/Activate check ----
[2026-02-13 23:57:17] Simulating connection to SSID BART-WiFi
[2026-02-13 23:57:17] ⚠️ VPN not active. Initiating simulation/fallback.
[2026-02-13 23:57:17] ✅ Simulated VPN activation successful (flag created).
[2026-02-13 23:57:17] ---- Check complete: PASS (Simulated) ----

[2026-02-14 00:12:21] ---- Starting VPN Auto-Detect/Activate check ----
[2026-02-14 00:12:21] Simulating connection to SSID BART-WiFi
[2026-02-14 00:12:21] ⚠️ VPN not active. Initiating simulation/fallback.
[2026-02-14 00:12:21] ✅ Simulated VPN activation successful (flag created).
[2026-02-14 00:12:21] ---- Check complete: PASS (Simulated) ----

[2026-02-14 00:27:26] ---- Starting VPN Auto-Detect/Activate check ----
[2026-02-14 00:27:26] Simulating connection to SSID BART-WiFi
[2026-02-14 00:27:26] ⚠️ VPN not active. Initiating simulation/fallback.
[2026-02-14 00:27:26] ✅ Simulated VPN activation successful (flag created).
[2026-02-14 00:27:26] ---- Check complete: PASS (Simulated) ----

[2026-02-14 00:42:30] ---- Starting VPN Auto-Detect/Activate check ----
[2026-02-14 00:42:30] Simulating connection to SSID BART-WiFi
[2026-02-14 00:42:31] ⚠️ VPN not active. Initiating simulation/fallback.
[2026-02-14 00:42:31] ✅ Simulated VPN activation successful (flag created).
[2026-02-14 00:42:31] ---- Check complete: PASS (Simulated) ----

[2026-02-14 00:57:36] ---- Starting VPN Auto-Detect/Activate check ----
[2026-02-14 00:57:36] Simulating connection to SSID BART-WiFi
[2026-02-14 00:57:36] ⚠️ VPN not active. Initiating simulation/fallback.
[2026-02-14 00:57:36] ✅ Simulated VPN activation successful (flag created).
[2026-02-14 00:57:36] ---- Check complete: PASS (Simulated) ----

[2026-02-14 01:12:40] ---- Starting VPN Auto-Detect/Activate check ----
[2026-02-14 01:12:40] Simulating connection to SSID BART-WiFi
[2026-02-14 01:12:40] ⚠️ VPN not active. Initiating simulation/fallback.
[2026-02-14 01:12:40] ✅ Simulated VPN activation successful (flag created).
[2026-02-14 01:12:40] ---- Check complete: PASS (Simulated) ----

[2026-02-14 01:27:44] ---- Starting VPN Auto-Detect/Activate check ----
[2026-02-14 01:27:44] Simulating connection to SSID BART-WiFi
[2026-02-14 01:27:45] ⚠️ VPN not active. Initiating simulation/fallback.
[2026-02-14 01:27:45] ✅ Simulated VPN activation successful (flag created).
[2026-02-14 01:27:45] ---- Check complete: PASS (Simulated) ----

[2026-02-14 01:42:49] ---- Starting VPN Auto-Detect/Activate check ----
[2026-02-14 01:42:49] Simulating connection to SSID BART-WiFi
[2026-02-14 01:42:49] ⚠️ VPN not active. Initiating simulation/fallback.
[2026-02-14 01:42:49] ✅ Simulated VPN activation successful (flag created).
[2026-02-14 01:42:49] ---- Check complete: PASS (Simulated) ----

[2026-02-14 01:57:53] ---- Starting VPN Auto-Detect/Activate check ----
[2026-02-14 01:57:53] Simulating connection to SSID BART-WiFi
[2026-02-14 01:57:53] ⚠️ VPN not active. Initiating simulation/fallback.
[2026-02-14 01:57:53] ✅ Simulated VPN activation successful (flag created).
[2026-02-14 01:57:54] ---- Check complete: PASS (Simulated) ----

[2026-02-14 02:12:58] ---- Starting VPN Auto-Detect/Activate check ----
[2026-02-14 02:12:58] Simulating connection to SSID BART-WiFi
[2026-02-14 02:12:58] ⚠️ VPN not active. Initiating simulation/fallback.
[2026-02-14 02:12:58] ✅ Simulated VPN activation successful (flag created).
[2026-02-14 02:12:58] ---- Check complete: PASS (Simulated) ----

[2026-02-14 02:28:03] ---- Starting VPN Auto-Detect/Activate check ----
[2026-02-14 02:28:03] Simulating connection to SSID BART-WiFi
[2026-02-14 02:28:03] ⚠️ VPN not active. Initiating simulation/fallback.
[2026-02-14 02:28:03] ✅ Simulated VPN activation successful (flag created).
[2026-02-14 02:28:03] ---- Check complete: PASS (Simulated) ----

[2026-02-14 02:43:07] ---- Starting VPN Auto-Detect/Activate check ----
[2026-02-14 02:43:07] Simulating connection to SSID BART-WiFi
[2026-02-14 02:43:07] ⚠️ VPN not active. Initiating simulation/fallback.
[2026-02-14 02:43:07] ✅ Simulated VPN activation successful (flag created).
[2026-02-14 02:43:07] ---- Check complete: PASS (Simulated) ----

[2026-02-14 02:58:12] ---- Starting VPN Auto-Detect/Activate check ----
[2026-02-14 02:58:12] Simulating connection to SSID BART-WiFi
[2026-02-14 02:58:12] ⚠️ VPN not active. Initiating simulation/fallback.
[2026-02-14 02:58:12] ✅ Simulated VPN activation successful (flag created).
[2026-02-14 02:58:12] ---- Check complete: PASS (Simulated) ----

[2026-02-14 03:13:16] ---- Starting VPN Auto-Detect/Activate check ----
[2026-02-14 03:13:16] Simulating connection to SSID BART-WiFi
[2026-02-14 03:13:16] ⚠️ VPN not active. Initiating simulation/fallback.
[2026-02-14 03:13:16] ✅ Simulated VPN activation successful (flag created).
[2026-02-14 03:13:16] ---- Check complete: PASS (Simulated) ----

[2026-02-14 03:28:21] ---- Starting VPN Auto-Detect/Activate check ----
[2026-02-14 03:28:21] Simulating connection to SSID BART-WiFi
[2026-02-14 03:28:21] ⚠️ VPN not active. Initiating simulation/fallback.
[2026-02-14 03:28:21] ✅ Simulated VPN activation successful (flag created).
[2026-02-14 03:28:21] ---- Check complete: PASS (Simulated) ----

[2026-02-14 03:43:26] ---- Starting VPN Auto-Detect/Activate check ----
[2026-02-14 03:43:26] Simulating connection to SSID BART-WiFi
[2026-02-14 03:43:26] ⚠️ VPN not active. Initiating simulation/fallback.
[2026-02-14 03:43:26] ✅ Simulated VPN activation successful (flag created).
[2026-02-14 03:43:26] ---- Check complete: PASS (Simulated) ----

[2026-02-14 03:58:31] ---- Starting VPN Auto-Detect/Activate check ----
[2026-02-14 03:58:31] Simulating connection to SSID BART-WiFi
[2026-02-14 03:58:31] ⚠️ VPN not active. Initiating simulation/fallback.
[2026-02-14 03:58:31] ✅ Simulated VPN activation successful (flag created).
[2026-02-14 03:58:31] ---- Check complete: PASS (Simulated) ----

[2026-02-14 04:13:35] ---- Starting VPN Auto-Detect/Activate check ----
[2026-02-14 04:13:35] Simulating connection to SSID BART-WiFi
[2026-02-14 04:13:36] ⚠️ VPN not active. Initiating simulation/fallback.
[2026-02-14 04:13:36] ✅ Simulated VPN activation successful (flag created).
[2026-02-14 04:13:36] ---- Check complete: PASS (Simulated) ----

[2026-02-14 04:28:40] ---- Starting VPN Auto-Detect/Activate check ----
[2026-02-14 04:28:40] Simulating connection to SSID BART-WiFi
[2026-02-14 04:28:40] ⚠️ VPN not active. Initiating simulation/fallback.
[2026-02-14 04:28:40] ✅ Simulated VPN activation successful (flag created).
[2026-02-14 04:28:40] ---- Check complete: PASS (Simulated) ----

[2026-02-14 04:43:45] ---- Starting VPN Auto-Detect/Activate check ----
[2026-02-14 04:43:45] Simulating connection to SSID BART-WiFi
[2026-02-14 04:43:45] ⚠️ VPN not active. Initiating simulation/fallback.
[2026-02-14 04:43:45] ✅ Simulated VPN activation successful (flag created).
[2026-02-14 04:43:45] ---- Check complete: PASS (Simulated) ----

[2026-02-14 04:58:49] ---- Starting VPN Auto-Detect/Activate check ----
[2026-02-14 04:58:49] Simulating connection to SSID BART-WiFi
[2026-02-14 04:58:49] ⚠️ VPN not active. Initiating simulation/fallback.
[2026-02-14 04:58:49] ✅ Simulated VPN activation successful (flag created).
[2026-02-14 04:58:49] ---- Check complete: PASS (Simulated) ----

[2026-02-14 05:13:54] ---- Starting VPN Auto-Detect/Activate check ----
[2026-02-14 05:13:54] Simulating connection to SSID BART-WiFi
[2026-02-14 05:13:54] ⚠️ VPN not active. Initiating simulation/fallback.
[2026-02-14 05:13:54] ✅ Simulated VPN activation successful (flag created).
[2026-02-14 05:13:54] ---- Check complete: PASS (Simulated) ----

[2026-02-14 05:28:59] ---- Starting VPN Auto-Detect/Activate check ----
[2026-02-14 05:28:59] Simulating connection to SSID BART-WiFi
[2026-02-14 05:28:59] ⚠️ VPN not active. Initiating simulation/fallback.
[2026-02-14 05:28:59] ✅ Simulated VPN activation successful (flag created).
[2026-02-14 05:28:59] ---- Check complete: PASS (Simulated) ----

[2026-02-14 05:44:04] ---- Starting VPN Auto-Detect/Activate check ----
[2026-02-14 05:44:04] Simulating connection to SSID BART-WiFi
[2026-02-14 05:44:04] ⚠️ VPN not active. Initiating simulation/fallback.
[2026-02-14 05:44:04] ✅ Simulated VPN activation successful (flag created).
[2026-02-14 05:44:04] ---- Check complete: PASS (Simulated) ----

[2026-02-14 05:59:09] ---- Starting VPN Auto-Detect/Activate check ----
[2026-02-14 05:59:09] Simulating connection to SSID BART-WiFi
[2026-02-14 05:59:09] ⚠️ VPN not active. Initiating simulation/fallback.
[2026-02-14 05:59:09] ✅ Simulated VPN activation successful (flag created).
[2026-02-14 05:59:09] ---- Check complete: PASS (Simulated) ----

[2026-02-14 06:14:13] ---- Starting VPN Auto-Detect/Activate check ----
[2026-02-14 06:14:13] Simulating connection to SSID BART-WiFi
[2026-02-14 06:14:13] ⚠️ VPN not active. Initiating simulation/fallback.
[2026-02-14 06:14:13] ✅ Simulated VPN activation successful (flag created).
[2026-02-14 06:14:13] ---- Check complete: PASS (Simulated) ----

[2026-02-14 06:29:18] ---- Starting VPN Auto-Detect/Activate check ----
[2026-02-14 06:29:18] Simulating connection to SSID BART-WiFi
[2026-02-14 06:29:18] ⚠️ VPN not active. Initiating simulation/fallback.
[2026-02-14 06:29:18] ✅ Simulated VPN activation successful (flag created).
[2026-02-14 06:29:18] ---- Check complete: PASS (Simulated) ----

[2026-02-14 06:44:22] ---- Starting VPN Auto-Detect/Activate check ----
[2026-02-14 06:44:22] Simulating connection to SSID BART-WiFi
[2026-02-14 06:44:22] ⚠️ VPN not active. Initiating simulation/fallback.
[2026-02-14 06:44:22] ✅ Simulated VPN activation successful (flag created).
[2026-02-14 06:44:22] ---- Check complete: PASS (Simulated) ----

[2026-02-14 06:59:27] ---- Starting VPN Auto-Detect/Activate check ----
[2026-02-14 06:59:27] Simulating connection to SSID BART-WiFi
[2026-02-14 06:59:27] ⚠️ VPN not active. Initiating simulation/fallback.
[2026-02-14 06:59:27] ✅ Simulated VPN activation successful (flag created).
[2026-02-14 06:59:27] ---- Check complete: PASS (Simulated) ----

[2026-02-14 07:14:31] ---- Starting VPN Auto-Detect/Activate check ----
[2026-02-14 07:14:31] Simulating connection to SSID BART-WiFi
[2026-02-14 07:14:31] ⚠️ VPN not active. Initiating simulation/fallback.
[2026-02-14 07:14:31] ✅ Simulated VPN activation successful (flag created).
[2026-02-14 07:14:31] ---- Check complete: PASS (Simulated) ----

[2026-02-14 07:29:36] ---- Starting VPN Auto-Detect/Activate check ----
[2026-02-14 07:29:36] Simulating connection to SSID BART-WiFi
[2026-02-14 07:29:36] ⚠️ VPN not active. Initiating simulation/fallback.
[2026-02-14 07:29:36] ✅ Simulated VPN activation successful (flag created).
[2026-02-14 07:29:36] ---- Check complete: PASS (Simulated) ----

[2026-02-14 07:44:40] ---- Starting VPN Auto-Detect/Activate check ----
[2026-02-14 07:44:40] Simulating connection to SSID BART-WiFi
[2026-02-14 07:44:40] ⚠️ VPN not active. Initiating simulation/fallback.
[2026-02-14 07:44:40] ✅ Simulated VPN activation successful (flag created).
[2026-02-14 07:44:40] ---- Check complete: PASS (Simulated) ----

[2026-02-14 07:59:45] ---- Starting VPN Auto-Detect/Activate check ----
[2026-02-14 07:59:45] Simulating connection to SSID BART-WiFi
[2026-02-14 07:59:45] ⚠️ VPN not active. Initiating simulation/fallback.
[2026-02-14 07:59:45] ✅ Simulated VPN activation successful (flag created).
[2026-02-14 07:59:45] ---- Check complete: PASS (Simulated) ----

[2026-02-14 08:14:49] ---- Starting VPN Auto-Detect/Activate check ----
[2026-02-14 08:14:49] Simulating connection to SSID BART-WiFi
[2026-02-14 08:14:49] ⚠️ VPN not active. Initiating simulation/fallback.
[2026-02-14 08:14:49] ✅ Simulated VPN activation successful (flag created).
[2026-02-14 08:14:49] ---- Check complete: PASS (Simulated) ----

[2026-02-14 08:29:54] ---- Starting VPN Auto-Detect/Activate check ----
[2026-02-14 08:29:54] Simulating connection to SSID BART-WiFi
[2026-02-14 08:29:54] ⚠️ VPN not active. Initiating simulation/fallback.
[2026-02-14 08:29:54] ✅ Simulated VPN activation successful (flag created).
[2026-02-14 08:29:54] ---- Check complete: PASS (Simulated) ----

[2026-02-14 08:44:58] ---- Starting VPN Auto-Detect/Activate check ----
[2026-02-14 08:44:58] Simulating connection to SSID BART-WiFi
[2026-02-14 08:44:58] ⚠️ VPN not active. Initiating simulation/fallback.
[2026-02-14 08:44:58] ✅ Simulated VPN activation successful (flag created).
[2026-02-14 08:44:58] ---- Check complete: PASS (Simulated) ----

[2026-02-14 09:00:03] ---- Starting VPN Auto-Detect/Activate check ----
[2026-02-14 09:00:03] Simulating connection to SSID BART-WiFi
[2026-02-14 09:00:03] ⚠️ VPN not active. Initiating simulation/fallback.
[2026-02-14 09:00:03] ✅ Simulated VPN activation successful (flag created).
[2026-02-14 09:00:03] ---- Check complete: PASS (Simulated) ----

[2026-02-14 09:15:08] ---- Starting VPN Auto-Detect/Activate check ----
[2026-02-14 09:15:08] Simulating connection to SSID BART-WiFi
[2026-02-14 09:15:08] ⚠️ VPN not active. Initiating simulation/fallback.
[2026-02-14 09:15:08] ✅ Simulated VPN activation successful (flag created).
[2026-02-14 09:15:08] ---- Check complete: PASS (Simulated) ----

[2026-02-14 09:30:13] ---- Starting VPN Auto-Detect/Activate check ----
[2026-02-14 09:30:13] Simulating connection to SSID BART-WiFi
[2026-02-14 09:30:13] ⚠️ VPN not active. Initiating simulation/fallback.
[2026-02-14 09:30:13] ✅ Simulated VPN activation successful (flag created).
[2026-02-14 09:30:13] ---- Check complete: PASS (Simulated) ----

[2026-02-14 09:45:18] ---- Starting VPN Auto-Detect/Activate check ----
[2026-02-14 09:45:18] Simulating connection to SSID BART-WiFi
[2026-02-14 09:45:18] ⚠️ VPN not active. Initiating simulation/fallback.
[2026-02-14 09:45:18] ✅ Simulated VPN activation successful (flag created).
[2026-02-14 09:45:18] ---- Check complete: PASS (Simulated) ----

[2026-02-14 10:00:24] ---- Starting VPN Auto-Detect/Activate check ----
[2026-02-14 10:00:24] Simulating connection to SSID BART-WiFi
[2026-02-14 10:00:24] ⚠️ VPN not active. Initiating simulation/fallback.
[2026-02-14 10:00:24] ✅ Simulated VPN activation successful (flag created).
[2026-02-14 10:00:24] ---- Check complete: PASS (Simulated) ----

[2026-02-14 10:15:30] ---- Starting VPN Auto-Detect/Activate check ----
[2026-02-14 10:15:30] Simulating connection to SSID BART-WiFi
[2026-02-14 10:15:30] ⚠️ VPN not active. Initiating simulation/fallback.
[2026-02-14 10:15:30] ✅ Simulated VPN activation successful (flag created).
[2026-02-14 10:15:30] ---- Check complete: PASS (Simulated) ----

[2026-02-14 10:30:35] ---- Starting VPN Auto-Detect/Activate check ----
[2026-02-14 10:30:35] Simulating connection to SSID BART-WiFi
[2026-02-14 10:30:35] ⚠️ VPN not active. Initiating simulation/fallback.
[2026-02-14 10:30:35] ✅ Simulated VPN activation successful (flag created).
[2026-02-14 10:30:35] ---- Check complete: PASS (Simulated) ----

[2026-02-14 10:45:40] ---- Starting VPN Auto-Detect/Activate check ----
[2026-02-14 10:45:40] Simulating connection to SSID BART-WiFi
[2026-02-14 10:45:40] ⚠️ VPN not active. Initiating simulation/fallback.
[2026-02-14 10:45:40] ✅ Simulated VPN activation successful (flag created).
[2026-02-14 10:45:40] ---- Check complete: PASS (Simulated) ----

[2026-02-14 11:00:45] ---- Starting VPN Auto-Detect/Activate check ----
[2026-02-14 11:00:45] Simulating connection to SSID BART-WiFi
[2026-02-14 11:00:45] ⚠️ VPN not active. Initiating simulation/fallback.
[2026-02-14 11:00:45] ✅ Simulated VPN activation successful (flag created).
[2026-02-14 11:00:45] ---- Check complete: PASS (Simulated) ----

[2026-02-14 11:15:50] ---- Starting VPN Auto-Detect/Activate check ----
[2026-02-14 11:15:50] Simulating connection to SSID BART-WiFi
[2026-02-14 11:15:50] ⚠️ VPN not active. Initiating simulation/fallback.
[2026-02-14 11:15:50] ✅ Simulated VPN activation successful (flag created).
[2026-02-14 11:15:50] ---- Check complete: PASS (Simulated) ----

[2026-02-14 11:30:56] ---- Starting VPN Auto-Detect/Activate check ----
[2026-02-14 11:30:56] Simulating connection to SSID BART-WiFi
[2026-02-14 11:30:56] ⚠️ VPN not active. Initiating simulation/fallback.
[2026-02-14 11:30:56] ✅ Simulated VPN activation successful (flag created).
[2026-02-14 11:30:56] ---- Check complete: PASS (Simulated) ----

[2026-02-14 11:46:01] ---- Starting VPN Auto-Detect/Activate check ----
[2026-02-14 11:46:01] Simulating connection to SSID BART-WiFi
[2026-02-14 11:46:01] ⚠️ VPN not active. Initiating simulation/fallback.
[2026-02-14 11:46:01] ✅ Simulated VPN activation successful (flag created).
[2026-02-14 11:46:01] ---- Check complete: PASS (Simulated) ----

[2026-02-14 12:01:06] ---- Starting VPN Auto-Detect/Activate check ----
[2026-02-14 12:01:06] Simulating connection to SSID BART-WiFi
[2026-02-14 12:01:06] ⚠️ VPN not active. Initiating simulation/fallback.
[2026-02-14 12:01:06] ✅ Simulated VPN activation successful (flag created).
[2026-02-14 12:01:06] ---- Check complete: PASS (Simulated) ----

[2026-02-14 12:16:12] ---- Starting VPN Auto-Detect/Activate check ----
[2026-02-14 12:16:12] Simulating connection to SSID BART-WiFi
[2026-02-14 12:16:12] ⚠️ VPN not active. Initiating simulation/fallback.
[2026-02-14 12:16:12] ✅ Simulated VPN activation successful (flag created).
[2026-02-14 12:16:12] ---- Check complete: PASS (Simulated) ----

[2026-02-14 12:31:17] ---- Starting VPN Auto-Detect/Activate check ----
[2026-02-14 12:31:17] Simulating connection to SSID BART-WiFi
[2026-02-14 12:31:17] ⚠️ VPN not active. Initiating simulation/fallback.
[2026-02-14 12:31:17] ✅ Simulated VPN activation successful (flag created).
[2026-02-14 12:31:17] ---- Check complete: PASS (Simulated) ----

[2026-02-14 12:46:22] ---- Starting VPN Auto-Detect/Activate check ----
[2026-02-14 12:46:22] Simulating connection to SSID BART-WiFi
[2026-02-14 12:46:22] ⚠️ VPN not active. Initiating simulation/fallback.
[2026-02-14 12:46:22] ✅ Simulated VPN activation successful (flag created).
[2026-02-14 12:46:22] ---- Check complete: PASS (Simulated) ----

[2026-02-14 13:01:26] ---- Starting VPN Auto-Detect/Activate check ----
[2026-02-14 13:01:26] Simulating connection to SSID BART-WiFi
[2026-02-14 13:01:26] ⚠️ VPN not active. Initiating simulation/fallback.
[2026-02-14 13:01:26] ✅ Simulated VPN activation successful (flag created).
[2026-02-14 13:01:26] ---- Check complete: PASS (Simulated) ----

[2026-02-14 13:16:31] ---- Starting VPN Auto-Detect/Activate check ----
[2026-02-14 13:16:31] Simulating connection to SSID BART-WiFi
[2026-02-14 13:16:31] ⚠️ VPN not active. Initiating simulation/fallback.
[2026-02-14 13:16:31] ✅ Simulated VPN activation successful (flag created).
[2026-02-14 13:16:31] ---- Check complete: PASS (Simulated) ----

[2026-02-14 13:31:36] ---- Starting VPN Auto-Detect/Activate check ----
[2026-02-14 13:31:36] Simulating connection to SSID BART-WiFi
[2026-02-14 13:31:36] ⚠️ VPN not active. Initiating simulation/fallback.
[2026-02-14 13:31:36] ✅ Simulated VPN activation successful (flag created).
[2026-02-14 13:31:36] ---- Check complete: PASS (Simulated) ----

[2026-02-14 13:46:40] ---- Starting VPN Auto-Detect/Activate check ----
[2026-02-14 13:46:40] Simulating connection to SSID BART-WiFi
[2026-02-14 13:46:40] ⚠️ VPN not active. Initiating simulation/fallback.
[2026-02-14 13:46:40] ✅ Simulated VPN activation successful (flag created).
[2026-02-14 13:46:40] ---- Check complete: PASS (Simulated) ----

[2026-02-14 14:01:45] ---- Starting VPN Auto-Detect/Activate check ----
[2026-02-14 14:01:45] Simulating connection to SSID BART-WiFi
[2026-02-14 14:01:45] ⚠️ VPN not active. Initiating simulation/fallback.
[2026-02-14 14:01:45] ✅ Simulated VPN activation successful (flag created).
[2026-02-14 14:01:45] ---- Check complete: PASS (Simulated) ----

[2026-02-14 14:16:51] ---- Starting VPN Auto-Detect/Activate check ----
[2026-02-14 14:16:51] Simulating connection to SSID BART-WiFi
[2026-02-14 14:16:51] ⚠️ VPN not active. Initiating simulation/fallback.
[2026-02-14 14:16:51] ✅ Simulated VPN activation successful (flag created).
[2026-02-14 14:16:51] ---- Check complete: PASS (Simulated) ----

[2026-02-14 14:31:56] ---- Starting VPN Auto-Detect/Activate check ----
[2026-02-14 14:31:56] Simulating connection to SSID BART-WiFi
[2026-02-14 14:31:56] ⚠️ VPN not active. Initiating simulation/fallback.
[2026-02-14 14:31:56] ✅ Simulated VPN activation successful (flag created).
[2026-02-14 14:31:56] ---- Check complete: PASS (Simulated) ----

[2026-02-14 14:47:01] ---- Starting VPN Auto-Detect/Activate check ----
[2026-02-14 14:47:01] Simulating connection to SSID BART-WiFi
[2026-02-14 14:47:01] ⚠️ VPN not active. Initiating simulation/fallback.
[2026-02-14 14:47:01] ✅ Simulated VPN activation successful (flag created).
[2026-02-14 14:47:01] ---- Check complete: PASS (Simulated) ----

[2026-02-14 15:02:06] ---- Starting VPN Auto-Detect/Activate check ----
[2026-02-14 15:02:06] Simulating connection to SSID BART-WiFi
[2026-02-14 15:02:06] ⚠️ VPN not active. Initiating simulation/fallback.
[2026-02-14 15:02:06] ✅ Simulated VPN activation successful (flag created).
[2026-02-14 15:02:06] ---- Check complete: PASS (Simulated) ----

[2026-02-14 15:17:11] ---- Starting VPN Auto-Detect/Activate check ----
[2026-02-14 15:17:11] Simulating connection to SSID BART-WiFi
[2026-02-14 15:17:11] ⚠️ VPN not active. Initiating simulation/fallback.
[2026-02-14 15:17:11] ✅ Simulated VPN activation successful (flag created).
[2026-02-14 15:17:11] ---- Check complete: PASS (Simulated) ----

[2026-02-14 15:32:15] ---- Starting VPN Auto-Detect/Activate check ----
[2026-02-14 15:32:15] Simulating connection to SSID BART-WiFi
[2026-02-14 15:32:15] ⚠️ VPN not active. Initiating simulation/fallback.
[2026-02-14 15:32:15] ✅ Simulated VPN activation successful (flag created).
[2026-02-14 15:32:15] ---- Check complete: PASS (Simulated) ----

[2026-02-14 15:47:20] ---- Starting VPN Auto-Detect/Activate check ----
[2026-02-14 15:47:20] Simulating connection to SSID BART-WiFi
[2026-02-14 15:47:20] ⚠️ VPN not active. Initiating simulation/fallback.
[2026-02-14 15:47:20] ✅ Simulated VPN activation successful (flag created).
[2026-02-14 15:47:20] ---- Check complete: PASS (Simulated) ----

[2026-02-14 16:02:24] ---- Starting VPN Auto-Detect/Activate check ----
[2026-02-14 16:02:24] Simulating connection to SSID BART-WiFi
[2026-02-14 16:02:25] ⚠️ VPN not active. Initiating simulation/fallback.
[2026-02-14 16:02:25] ✅ Simulated VPN activation successful (flag created).
[2026-02-14 16:02:25] ---- Check complete: PASS (Simulated) ----

[2026-02-14 16:17:29] ---- Starting VPN Auto-Detect/Activate check ----
[2026-02-14 16:17:29] Simulating connection to SSID BART-WiFi
[2026-02-14 16:17:29] ⚠️ VPN not active. Initiating simulation/fallback.
[2026-02-14 16:17:29] ✅ Simulated VPN activation successful (flag created).
[2026-02-14 16:17:29] ---- Check complete: PASS (Simulated) ----

[2026-02-14 16:32:34] ---- Starting VPN Auto-Detect/Activate check ----
[2026-02-14 16:32:34] Simulating connection to SSID BART-WiFi
[2026-02-14 16:32:34] ⚠️ VPN not active. Initiating simulation/fallback.
[2026-02-14 16:32:34] ✅ Simulated VPN activation successful (flag created).
[2026-02-14 16:32:34] ---- Check complete: PASS (Simulated) ----

[2026-02-14 16:47:39] ---- Starting VPN Auto-Detect/Activate check ----
[2026-02-14 16:47:39] Simulating connection to SSID BART-WiFi
[2026-02-14 16:47:39] ⚠️ VPN not active. Initiating simulation/fallback.
[2026-02-14 16:47:39] ✅ Simulated VPN activation successful (flag created).
[2026-02-14 16:47:39] ---- Check complete: PASS (Simulated) ----

[2026-02-14 17:02:44] ---- Starting VPN Auto-Detect/Activate check ----
[2026-02-14 17:02:44] Simulating connection to SSID BART-WiFi
[2026-02-14 17:02:44] ⚠️ VPN not active. Initiating simulation/fallback.
[2026-02-14 17:02:44] ✅ Simulated VPN activation successful (flag created).
[2026-02-14 17:02:44] ---- Check complete: PASS (Simulated) ----

[2026-02-14 17:17:48] ---- Starting VPN Auto-Detect/Activate check ----
[2026-02-14 17:17:48] Simulating connection to SSID BART-WiFi
[2026-02-14 17:17:48] ⚠️ VPN not active. Initiating simulation/fallback.
[2026-02-14 17:17:48] ✅ Simulated VPN activation successful (flag created).
[2026-02-14 17:17:48] ---- Check complete: PASS (Simulated) ----

[2026-02-14 17:32:53] ---- Starting VPN Auto-Detect/Activate check ----
[2026-02-14 17:32:53] Simulating connection to SSID BART-WiFi
[2026-02-14 17:32:53] ⚠️ VPN not active. Initiating simulation/fallback.
[2026-02-14 17:32:53] ✅ Simulated VPN activation successful (flag created).
[2026-02-14 17:32:53] ---- Check complete: PASS (Simulated) ----

[2026-02-14 17:47:58] ---- Starting VPN Auto-Detect/Activate check ----
[2026-02-14 17:47:58] Simulating connection to SSID BART-WiFi
[2026-02-14 17:47:58] ⚠️ VPN not active. Initiating simulation/fallback.
[2026-02-14 17:47:58] ✅ Simulated VPN activation successful (flag created).
[2026-02-14 17:47:58] ---- Check complete: PASS (Simulated) ----

[2026-02-14 18:03:02] ---- Starting VPN Auto-Detect/Activate check ----
[2026-02-14 18:03:02] Simulating connection to SSID BART-WiFi
[2026-02-14 18:03:02] ⚠️ VPN not active. Initiating simulation/fallback.
[2026-02-14 18:03:02] ✅ Simulated VPN activation successful (flag created).
[2026-02-14 18:03:02] ---- Check complete: PASS (Simulated) ----

[2026-02-14 18:18:07] ---- Starting VPN Auto-Detect/Activate check ----
[2026-02-14 18:18:07] Simulating connection to SSID BART-WiFi
[2026-02-14 18:18:07] ⚠️ VPN not active. Initiating simulation/fallback.
[2026-02-14 18:18:07] ✅ Simulated VPN activation successful (flag created).
[2026-02-14 18:18:07] ---- Check complete: PASS (Simulated) ----

[2026-02-14 18:33:12] ---- Starting VPN Auto-Detect/Activate check ----
[2026-02-14 18:33:12] Simulating connection to SSID BART-WiFi
[2026-02-14 18:33:12] ⚠️ VPN not active. Initiating simulation/fallback.
[2026-02-14 18:33:12] ✅ Simulated VPN activation successful (flag created).
[2026-02-14 18:33:12] ---- Check complete: PASS (Simulated) ----

[2026-02-14 18:48:16] ---- Starting VPN Auto-Detect/Activate check ----
[2026-02-14 18:48:16] Simulating connection to SSID BART-WiFi
[2026-02-14 18:48:16] ⚠️ VPN not active. Initiating simulation/fallback.
[2026-02-14 18:48:16] ✅ Simulated VPN activation successful (flag created).
[2026-02-14 18:48:16] ---- Check complete: PASS (Simulated) ----

[2026-02-14 19:03:21] ---- Starting VPN Auto-Detect/Activate check ----
[2026-02-14 19:03:21] Simulating connection to SSID BART-WiFi
[2026-02-14 19:03:21] ⚠️ VPN not active. Initiating simulation/fallback.
[2026-02-14 19:03:21] ✅ Simulated VPN activation successful (flag created).
[2026-02-14 19:03:21] ---- Check complete: PASS (Simulated) ----

[2026-02-14 19:18:25] ---- Starting VPN Auto-Detect/Activate check ----
[2026-02-14 19:18:25] Simulating connection to SSID BART-WiFi
[2026-02-14 19:18:25] ⚠️ VPN not active. Initiating simulation/fallback.
[2026-02-14 19:18:25] ✅ Simulated VPN activation successful (flag created).
[2026-02-14 19:18:25] ---- Check complete: PASS (Simulated) ----

[2026-02-14 19:33:30] ---- Starting VPN Auto-Detect/Activate check ----
[2026-02-14 19:33:30] Simulating connection to SSID BART-WiFi
[2026-02-14 19:33:30] ⚠️ VPN not active. Initiating simulation/fallback.
[2026-02-14 19:33:30] ✅ Simulated VPN activation successful (flag created).
[2026-02-14 19:33:30] ---- Check complete: PASS (Simulated) ----

[2026-02-14 19:48:35] ---- Starting VPN Auto-Detect/Activate check ----
[2026-02-14 19:48:35] Simulating connection to SSID BART-WiFi
[2026-02-14 19:48:35] ⚠️ VPN not active. Initiating simulation/fallback.
[2026-02-14 19:48:35] ✅ Simulated VPN activation successful (flag created).
[2026-02-14 19:48:35] ---- Check complete: PASS (Simulated) ----

[2026-02-14 20:03:40] ---- Starting VPN Auto-Detect/Activate check ----
[2026-02-14 20:03:40] Simulating connection to SSID BART-WiFi
[2026-02-14 20:03:40] ⚠️ VPN not active. Initiating simulation/fallback.
[2026-02-14 20:03:40] ✅ Simulated VPN activation successful (flag created).
[2026-02-14 20:03:40] ---- Check complete: PASS (Simulated) ----

[2026-02-14 20:18:44] ---- Starting VPN Auto-Detect/Activate check ----
[2026-02-14 20:18:44] Simulating connection to SSID BART-WiFi
[2026-02-14 20:18:44] ⚠️ VPN not active. Initiating simulation/fallback.
[2026-02-14 20:18:44] ✅ Simulated VPN activation successful (flag created).
[2026-02-14 20:18:44] ---- Check complete: PASS (Simulated) ----

[2026-02-14 20:33:49] ---- Starting VPN Auto-Detect/Activate check ----
[2026-02-14 20:33:49] Simulating connection to SSID BART-WiFi
[2026-02-14 20:33:49] ⚠️ VPN not active. Initiating simulation/fallback.
[2026-02-14 20:33:49] ✅ Simulated VPN activation successful (flag created).
[2026-02-14 20:33:49] ---- Check complete: PASS (Simulated) ----

[2026-02-14 20:48:53] ---- Starting VPN Auto-Detect/Activate check ----
[2026-02-14 20:48:53] Simulating connection to SSID BART-WiFi
[2026-02-14 20:48:53] ⚠️ VPN not active. Initiating simulation/fallback.
[2026-02-14 20:48:53] ✅ Simulated VPN activation successful (flag created).
[2026-02-14 20:48:53] ---- Check complete: PASS (Simulated) ----

[2026-02-14 21:03:57] ---- Starting VPN Auto-Detect/Activate check ----
[2026-02-14 21:03:57] Simulating connection to SSID BART-WiFi
[2026-02-14 21:03:58] ⚠️ VPN not active. Initiating simulation/fallback.
[2026-02-14 21:03:58] ✅ Simulated VPN activation successful (flag created).
[2026-02-14 21:03:58] ---- Check complete: PASS (Simulated) ----

[2026-02-14 21:19:04] ---- Starting VPN Auto-Detect/Activate check ----
[2026-02-14 21:19:04] Simulating connection to SSID BART-WiFi
[2026-02-14 21:19:04] ⚠️ VPN not active. Initiating simulation/fallback.
[2026-02-14 21:19:04] ✅ Simulated VPN activation successful (flag created).
[2026-02-14 21:19:04] ---- Check complete: PASS (Simulated) ----

[2026-02-14 21:34:10] ---- Starting VPN Auto-Detect/Activate check ----
[2026-02-14 21:34:10] Simulating connection to SSID BART-WiFi
[2026-02-14 21:34:10] ⚠️ VPN not active. Initiating simulation/fallback.
[2026-02-14 21:34:10] ✅ Simulated VPN activation successful (flag created).
[2026-02-14 21:34:10] ---- Check complete: PASS (Simulated) ----

[2026-02-14 21:49:14] ---- Starting VPN Auto-Detect/Activate check ----
[2026-02-14 21:49:14] Simulating connection to SSID BART-WiFi
[2026-02-14 21:49:14] ⚠️ VPN not active. Initiating simulation/fallback.
[2026-02-14 21:49:14] ✅ Simulated VPN activation successful (flag created).
[2026-02-14 21:49:14] ---- Check complete: PASS (Simulated) ----

[2026-02-14 22:04:19] ---- Starting VPN Auto-Detect/Activate check ----
[2026-02-14 22:04:19] Simulating connection to SSID BART-WiFi
[2026-02-14 22:04:19] ⚠️ VPN not active. Initiating simulation/fallback.
[2026-02-14 22:04:19] ✅ Simulated VPN activation successful (flag created).
[2026-02-14 22:04:19] ---- Check complete: PASS (Simulated) ----

[2026-02-14 22:19:24] ---- Starting VPN Auto-Detect/Activate check ----
[2026-02-14 22:19:24] Simulating connection to SSID BART-WiFi
[2026-02-14 22:19:24] ⚠️ VPN not active. Initiating simulation/fallback.
[2026-02-14 22:19:24] ✅ Simulated VPN activation successful (flag created).
[2026-02-14 22:19:24] ---- Check complete: PASS (Simulated) ----

[2026-02-14 22:34:29] ---- Starting VPN Auto-Detect/Activate check ----
[2026-02-14 22:34:29] Simulating connection to SSID BART-WiFi
[2026-02-14 22:34:29] ⚠️ VPN not active. Initiating simulation/fallback.
[2026-02-14 22:34:29] ✅ Simulated VPN activation successful (flag created).
[2026-02-14 22:34:29] ---- Check complete: PASS (Simulated) ----

[2026-02-14 22:49:34] ---- Starting VPN Auto-Detect/Activate check ----
[2026-02-14 22:49:34] Simulating connection to SSID BART-WiFi
[2026-02-14 22:49:34] ⚠️ VPN not active. Initiating simulation/fallback.
[2026-02-14 22:49:34] ✅ Simulated VPN activation successful (flag created).
[2026-02-14 22:49:34] ---- Check complete: PASS (Simulated) ----

[2026-02-14 23:04:38] ---- Starting VPN Auto-Detect/Activate check ----
[2026-02-14 23:04:38] Simulating connection to SSID BART-WiFi
[2026-02-14 23:04:38] ⚠️ VPN not active. Initiating simulation/fallback.
[2026-02-14 23:04:38] ✅ Simulated VPN activation successful (flag created).
[2026-02-14 23:04:38] ---- Check complete: PASS (Simulated) ----

[2026-02-14 23:19:43] ---- Starting VPN Auto-Detect/Activate check ----
[2026-02-14 23:19:43] Simulating connection to SSID BART-WiFi
[2026-02-14 23:19:43] ⚠️ VPN not active. Initiating simulation/fallback.
[2026-02-14 23:19:43] ✅ Simulated VPN activation successful (flag created).
[2026-02-14 23:19:43] ---- Check complete: PASS (Simulated) ----

[2026-02-14 23:34:48] ---- Starting VPN Auto-Detect/Activate check ----
[2026-02-14 23:34:48] Simulating connection to SSID BART-WiFi
[2026-02-14 23:34:48] ⚠️ VPN not active. Initiating simulation/fallback.
[2026-02-14 23:34:48] ✅ Simulated VPN activation successful (flag created).
[2026-02-14 23:34:48] ---- Check complete: PASS (Simulated) ----

[2026-02-14 23:49:52] ---- Starting VPN Auto-Detect/Activate check ----
[2026-02-14 23:49:52] Simulating connection to SSID BART-WiFi
[2026-02-14 23:49:52] ⚠️ VPN not active. Initiating simulation/fallback.
[2026-02-14 23:49:52] ✅ Simulated VPN activation successful (flag created).
[2026-02-14 23:49:52] ---- Check complete: PASS (Simulated) ----

[2026-02-15 00:04:57] ---- Starting VPN Auto-Detect/Activate check ----
[2026-02-15 00:04:57] Simulating connection to SSID BART-WiFi
[2026-02-15 00:04:57] ⚠️ VPN not active. Initiating simulation/fallback.
[2026-02-15 00:04:57] ✅ Simulated VPN activation successful (flag created).
[2026-02-15 00:04:57] ---- Check complete: PASS (Simulated) ----

[2026-02-15 00:20:02] ---- Starting VPN Auto-Detect/Activate check ----
[2026-02-15 00:20:02] Simulating connection to SSID BART-WiFi
[2026-02-15 00:20:02] ⚠️ VPN not active. Initiating simulation/fallback.
[2026-02-15 00:20:02] ✅ Simulated VPN activation successful (flag created).
[2026-02-15 00:20:02] ---- Check complete: PASS (Simulated) ----

[2026-02-15 00:35:07] ---- Starting VPN Auto-Detect/Activate check ----
[2026-02-15 00:35:07] Simulating connection to SSID BART-WiFi
[2026-02-15 00:35:07] ⚠️ VPN not active. Initiating simulation/fallback.
[2026-02-15 00:35:07] ✅ Simulated VPN activation successful (flag created).
[2026-02-15 00:35:07] ---- Check complete: PASS (Simulated) ----

[2026-02-15 00:50:11] ---- Starting VPN Auto-Detect/Activate check ----
[2026-02-15 00:50:11] Simulating connection to SSID BART-WiFi
[2026-02-15 00:50:11] ⚠️ VPN not active. Initiating simulation/fallback.
[2026-02-15 00:50:11] ✅ Simulated VPN activation successful (flag created).
[2026-02-15 00:50:11] ---- Check complete: PASS (Simulated) ----

[2026-02-15 01:05:16] ---- Starting VPN Auto-Detect/Activate check ----
[2026-02-15 01:05:16] Simulating connection to SSID BART-WiFi
[2026-02-15 01:05:16] ⚠️ VPN not active. Initiating simulation/fallback.
[2026-02-15 01:05:16] ✅ Simulated VPN activation successful (flag created).
[2026-02-15 01:05:16] ---- Check complete: PASS (Simulated) ----

[2026-02-15 01:20:21] ---- Starting VPN Auto-Detect/Activate check ----
[2026-02-15 01:20:21] Simulating connection to SSID BART-WiFi
[2026-02-15 01:20:21] ⚠️ VPN not active. Initiating simulation/fallback.
[2026-02-15 01:20:21] ✅ Simulated VPN activation successful (flag created).
[2026-02-15 01:20:21] ---- Check complete: PASS (Simulated) ----

[2026-02-15 01:35:25] ---- Starting VPN Auto-Detect/Activate check ----
[2026-02-15 01:35:26] Simulating connection to SSID BART-WiFi
[2026-02-15 01:35:26] ⚠️ VPN not active. Initiating simulation/fallback.
[2026-02-15 01:35:26] ✅ Simulated VPN activation successful (flag created).
[2026-02-15 01:35:26] ---- Check complete: PASS (Simulated) ----

[2026-02-15 01:50:30] ---- Starting VPN Auto-Detect/Activate check ----
[2026-02-15 01:50:30] Simulating connection to SSID BART-WiFi
[2026-02-15 01:50:30] ⚠️ VPN not active. Initiating simulation/fallback.
[2026-02-15 01:50:30] ✅ Simulated VPN activation successful (flag created).
[2026-02-15 01:50:30] ---- Check complete: PASS (Simulated) ----

[2026-02-15 02:05:35] ---- Starting VPN Auto-Detect/Activate check ----
[2026-02-15 02:05:35] Simulating connection to SSID BART-WiFi
[2026-02-15 02:05:35] ⚠️ VPN not active. Initiating simulation/fallback.
[2026-02-15 02:05:35] ✅ Simulated VPN activation successful (flag created).
[2026-02-15 02:05:35] ---- Check complete: PASS (Simulated) ----

[2026-02-15 02:20:39] ---- Starting VPN Auto-Detect/Activate check ----
[2026-02-15 02:20:39] Simulating connection to SSID BART-WiFi
[2026-02-15 02:20:39] ⚠️ VPN not active. Initiating simulation/fallback.
[2026-02-15 02:20:39] ✅ Simulated VPN activation successful (flag created).
[2026-02-15 02:20:39] ---- Check complete: PASS (Simulated) ----

[2026-02-15 02:35:44] ---- Starting VPN Auto-Detect/Activate check ----
[2026-02-15 02:35:44] Simulating connection to SSID BART-WiFi
[2026-02-15 02:35:44] ⚠️ VPN not active. Initiating simulation/fallback.
[2026-02-15 02:35:44] ✅ Simulated VPN activation successful (flag created).
[2026-02-15 02:35:44] ---- Check complete: PASS (Simulated) ----

[2026-02-15 02:50:49] ---- Starting VPN Auto-Detect/Activate check ----
[2026-02-15 02:50:49] Simulating connection to SSID BART-WiFi
[2026-02-15 02:50:49] ⚠️ VPN not active. Initiating simulation/fallback.
[2026-02-15 02:50:49] ✅ Simulated VPN activation successful (flag created).
[2026-02-15 02:50:49] ---- Check complete: PASS (Simulated) ----

[2026-02-15 03:05:54] ---- Starting VPN Auto-Detect/Activate check ----
[2026-02-15 03:05:54] Simulating connection to SSID BART-WiFi
[2026-02-15 03:05:54] ⚠️ VPN not active. Initiating simulation/fallback.
[2026-02-15 03:05:54] ✅ Simulated VPN activation successful (flag created).
[2026-02-15 03:05:54] ---- Check complete: PASS (Simulated) ----

[2026-02-15 03:20:58] ---- Starting VPN Auto-Detect/Activate check ----
[2026-02-15 03:20:58] Simulating connection to SSID BART-WiFi
[2026-02-15 03:20:58] ⚠️ VPN not active. Initiating simulation/fallback.
[2026-02-15 03:20:58] ✅ Simulated VPN activation successful (flag created).
[2026-02-15 03:20:58] ---- Check complete: PASS (Simulated) ----

[2026-02-15 03:36:04] ---- Starting VPN Auto-Detect/Activate check ----
[2026-02-15 03:36:04] Simulating connection to SSID BART-WiFi
[2026-02-15 03:36:04] ⚠️ VPN not active. Initiating simulation/fallback.
[2026-02-15 03:36:04] ✅ Simulated VPN activation successful (flag created).
[2026-02-15 03:36:04] ---- Check complete: PASS (Simulated) ----

[2026-02-15 03:51:09] ---- Starting VPN Auto-Detect/Activate check ----
[2026-02-15 03:51:09] Simulating connection to SSID BART-WiFi
[2026-02-15 03:51:09] ⚠️ VPN not active. Initiating simulation/fallback.
[2026-02-15 03:51:09] ✅ Simulated VPN activation successful (flag created).
[2026-02-15 03:51:09] ---- Check complete: PASS (Simulated) ----

[2026-02-15 04:06:13] ---- Starting VPN Auto-Detect/Activate check ----
[2026-02-15 04:06:13] Simulating connection to SSID BART-WiFi
[2026-02-15 04:06:13] ⚠️ VPN not active. Initiating simulation/fallback.
[2026-02-15 04:06:13] ✅ Simulated VPN activation successful (flag created).
[2026-02-15 04:06:13] ---- Check complete: PASS (Simulated) ----

[2026-02-15 04:21:18] ---- Starting VPN Auto-Detect/Activate check ----
[2026-02-15 04:21:18] Simulating connection to SSID BART-WiFi
[2026-02-15 04:21:18] ⚠️ VPN not active. Initiating simulation/fallback.
[2026-02-15 04:21:18] ✅ Simulated VPN activation successful (flag created).
[2026-02-15 04:21:18] ---- Check complete: PASS (Simulated) ----

[2026-02-15 04:36:22] ---- Starting VPN Auto-Detect/Activate check ----
[2026-02-15 04:36:22] Simulating connection to SSID BART-WiFi
[2026-02-15 04:36:22] ⚠️ VPN not active. Initiating simulation/fallback.
[2026-02-15 04:36:22] ✅ Simulated VPN activation successful (flag created).
[2026-02-15 04:36:22] ---- Check complete: PASS (Simulated) ----

[2026-02-15 04:51:27] ---- Starting VPN Auto-Detect/Activate check ----
[2026-02-15 04:51:27] Simulating connection to SSID BART-WiFi
[2026-02-15 04:51:27] ⚠️ VPN not active. Initiating simulation/fallback.
[2026-02-15 04:51:27] ✅ Simulated VPN activation successful (flag created).
[2026-02-15 04:51:27] ---- Check complete: PASS (Simulated) ----

[2026-02-15 05:06:31] ---- Starting VPN Auto-Detect/Activate check ----
[2026-02-15 05:06:31] Simulating connection to SSID BART-WiFi
[2026-02-15 05:06:32] ⚠️ VPN not active. Initiating simulation/fallback.
[2026-02-15 05:06:32] ✅ Simulated VPN activation successful (flag created).
[2026-02-15 05:06:32] ---- Check complete: PASS (Simulated) ----

[2026-02-15 05:21:36] ---- Starting VPN Auto-Detect/Activate check ----
[2026-02-15 05:21:36] Simulating connection to SSID BART-WiFi
[2026-02-15 05:21:36] ⚠️ VPN not active. Initiating simulation/fallback.
[2026-02-15 05:21:36] ✅ Simulated VPN activation successful (flag created).
[2026-02-15 05:21:36] ---- Check complete: PASS (Simulated) ----

[2026-02-15 05:36:41] ---- Starting VPN Auto-Detect/Activate check ----
[2026-02-15 05:36:41] Simulating connection to SSID BART-WiFi
[2026-02-15 05:36:41] ⚠️ VPN not active. Initiating simulation/fallback.
[2026-02-15 05:36:41] ✅ Simulated VPN activation successful (flag created).
[2026-02-15 05:36:41] ---- Check complete: PASS (Simulated) ----

[2026-02-15 05:51:46] ---- Starting VPN Auto-Detect/Activate check ----
[2026-02-15 05:51:46] Simulating connection to SSID BART-WiFi
[2026-02-15 05:51:46] ⚠️ VPN not active. Initiating simulation/fallback.
[2026-02-15 05:51:46] ✅ Simulated VPN activation successful (flag created).
[2026-02-15 05:51:46] ---- Check complete: PASS (Simulated) ----

[2026-02-15 06:06:51] ---- Starting VPN Auto-Detect/Activate check ----
[2026-02-15 06:06:51] Simulating connection to SSID BART-WiFi
[2026-02-15 06:06:51] ⚠️ VPN not active. Initiating simulation/fallback.
[2026-02-15 06:06:51] ✅ Simulated VPN activation successful (flag created).
[2026-02-15 06:06:51] ---- Check complete: PASS (Simulated) ----

[2026-02-15 06:21:56] ---- Starting VPN Auto-Detect/Activate check ----
[2026-02-15 06:21:56] Simulating connection to SSID BART-WiFi
[2026-02-15 06:21:56] ⚠️ VPN not active. Initiating simulation/fallback.
[2026-02-15 06:21:56] ✅ Simulated VPN activation successful (flag created).
[2026-02-15 06:21:56] ---- Check complete: PASS (Simulated) ----

[2026-02-15 06:37:01] ---- Starting VPN Auto-Detect/Activate check ----
[2026-02-15 06:37:01] Simulating connection to SSID BART-WiFi
[2026-02-15 06:37:01] ⚠️ VPN not active. Initiating simulation/fallback.
[2026-02-15 06:37:01] ✅ Simulated VPN activation successful (flag created).
[2026-02-15 06:37:01] ---- Check complete: PASS (Simulated) ----

[2026-02-15 06:52:06] ---- Starting VPN Auto-Detect/Activate check ----
[2026-02-15 06:52:06] Simulating connection to SSID BART-WiFi
[2026-02-15 06:52:06] ⚠️ VPN not active. Initiating simulation/fallback.
[2026-02-15 06:52:06] ✅ Simulated VPN activation successful (flag created).
[2026-02-15 06:52:06] ---- Check complete: PASS (Simulated) ----

[2026-02-15 07:07:10] ---- Starting VPN Auto-Detect/Activate check ----
[2026-02-15 07:07:10] Simulating connection to SSID BART-WiFi
[2026-02-15 07:07:11] ⚠️ VPN not active. Initiating simulation/fallback.
[2026-02-15 07:07:11] ✅ Simulated VPN activation successful (flag created).
[2026-02-15 07:07:11] ---- Check complete: PASS (Simulated) ----

[2026-02-15 07:22:15] ---- Starting VPN Auto-Detect/Activate check ----
[2026-02-15 07:22:15] Simulating connection to SSID BART-WiFi
[2026-02-15 07:22:15] ⚠️ VPN not active. Initiating simulation/fallback.
[2026-02-15 07:22:15] ✅ Simulated VPN activation successful (flag created).
[2026-02-15 07:22:15] ---- Check complete: PASS (Simulated) ----

[2026-02-15 07:37:20] ---- Starting VPN Auto-Detect/Activate check ----
[2026-02-15 07:37:20] Simulating connection to SSID BART-WiFi
[2026-02-15 07:37:20] ⚠️ VPN not active. Initiating simulation/fallback.
[2026-02-15 07:37:20] ✅ Simulated VPN activation successful (flag created).
[2026-02-15 07:37:20] ---- Check complete: PASS (Simulated) ----

[2026-02-15 07:52:24] ---- Starting VPN Auto-Detect/Activate check ----
[2026-02-15 07:52:24] Simulating connection to SSID BART-WiFi
[2026-02-15 07:52:24] ⚠️ VPN not active. Initiating simulation/fallback.
[2026-02-15 07:52:24] ✅ Simulated VPN activation successful (flag created).
[2026-02-15 07:52:24] ---- Check complete: PASS (Simulated) ----

[2026-02-15 08:07:29] ---- Starting VPN Auto-Detect/Activate check ----
[2026-02-15 08:07:29] Simulating connection to SSID BART-WiFi
[2026-02-15 08:07:29] ⚠️ VPN not active. Initiating simulation/fallback.
[2026-02-15 08:07:29] ✅ Simulated VPN activation successful (flag created).
[2026-02-15 08:07:29] ---- Check complete: PASS (Simulated) ----

[2026-02-15 08:22:33] ---- Starting VPN Auto-Detect/Activate check ----
[2026-02-15 08:22:33] Simulating connection to SSID BART-WiFi
[2026-02-15 08:22:33] ⚠️ VPN not active. Initiating simulation/fallback.
[2026-02-15 08:22:33] ✅ Simulated VPN activation successful (flag created).
[2026-02-15 08:22:33] ---- Check complete: PASS (Simulated) ----

[2026-02-15 08:37:38] ---- Starting VPN Auto-Detect/Activate check ----
[2026-02-15 08:37:38] Simulating connection to SSID BART-WiFi
[2026-02-15 08:37:38] ⚠️ VPN not active. Initiating simulation/fallback.
[2026-02-15 08:37:38] ✅ Simulated VPN activation successful (flag created).
[2026-02-15 08:37:38] ---- Check complete: PASS (Simulated) ----

[2026-02-15 08:52:42] ---- Starting VPN Auto-Detect/Activate check ----
[2026-02-15 08:52:42] Simulating connection to SSID BART-WiFi
[2026-02-15 08:52:42] ⚠️ VPN not active. Initiating simulation/fallback.
[2026-02-15 08:52:42] ✅ Simulated VPN activation successful (flag created).
[2026-02-15 08:52:42] ---- Check complete: PASS (Simulated) ----

[2026-02-15 09:07:47] ---- Starting VPN Auto-Detect/Activate check ----
[2026-02-15 09:07:47] Simulating connection to SSID BART-WiFi
[2026-02-15 09:07:47] ⚠️ VPN not active. Initiating simulation/fallback.
[2026-02-15 09:07:47] ✅ Simulated VPN activation successful (flag created).
[2026-02-15 09:07:47] ---- Check complete: PASS (Simulated) ----

[2026-02-15 09:22:52] ---- Starting VPN Auto-Detect/Activate check ----
[2026-02-15 09:22:52] Simulating connection to SSID BART-WiFi
[2026-02-15 09:22:52] ⚠️ VPN not active. Initiating simulation/fallback.
[2026-02-15 09:22:52] ✅ Simulated VPN activation successful (flag created).
[2026-02-15 09:22:52] ---- Check complete: PASS (Simulated) ----

[2026-02-15 09:37:57] ---- Starting VPN Auto-Detect/Activate check ----
[2026-02-15 09:37:57] Simulating connection to SSID BART-WiFi
[2026-02-15 09:37:57] ⚠️ VPN not active. Initiating simulation/fallback.
[2026-02-15 09:37:57] ✅ Simulated VPN activation successful (flag created).
[2026-02-15 09:37:57] ---- Check complete: PASS (Simulated) ----

[2026-02-15 09:53:02] ---- Starting VPN Auto-Detect/Activate check ----
[2026-02-15 09:53:02] Simulating connection to SSID BART-WiFi
[2026-02-15 09:53:02] ⚠️ VPN not active. Initiating simulation/fallback.
[2026-02-15 09:53:02] ✅ Simulated VPN activation successful (flag created).
[2026-02-15 09:53:02] ---- Check complete: PASS (Simulated) ----

[2026-02-15 10:08:07] ---- Starting VPN Auto-Detect/Activate check ----
[2026-02-15 10:08:07] Simulating connection to SSID BART-WiFi
[2026-02-15 10:08:07] ⚠️ VPN not active. Initiating simulation/fallback.
[2026-02-15 10:08:07] ✅ Simulated VPN activation successful (flag created).
[2026-02-15 10:08:07] ---- Check complete: PASS (Simulated) ----

[2026-02-15 10:23:12] ---- Starting VPN Auto-Detect/Activate check ----
[2026-02-15 10:23:12] Simulating connection to SSID BART-WiFi
[2026-02-15 10:23:12] ⚠️ VPN not active. Initiating simulation/fallback.
[2026-02-15 10:23:12] ✅ Simulated VPN activation successful (flag created).
[2026-02-15 10:23:12] ---- Check complete: PASS (Simulated) ----

[2026-02-15 10:38:17] ---- Starting VPN Auto-Detect/Activate check ----
[2026-02-15 10:38:17] Simulating connection to SSID BART-WiFi
[2026-02-15 10:38:17] ⚠️ VPN not active. Initiating simulation/fallback.
[2026-02-15 10:38:17] ✅ Simulated VPN activation successful (flag created).
[2026-02-15 10:38:17] ---- Check complete: PASS (Simulated) ----

[2026-02-15 10:53:21] ---- Starting VPN Auto-Detect/Activate check ----
[2026-02-15 10:53:21] Simulating connection to SSID BART-WiFi
[2026-02-15 10:53:21] ⚠️ VPN not active. Initiating simulation/fallback.
[2026-02-15 10:53:21] ✅ Simulated VPN activation successful (flag created).
[2026-02-15 10:53:21] ---- Check complete: PASS (Simulated) ----

[2026-02-15 11:08:26] ---- Starting VPN Auto-Detect/Activate check ----
[2026-02-15 11:08:26] Simulating connection to SSID BART-WiFi
[2026-02-15 11:08:26] ⚠️ VPN not active. Initiating simulation/fallback.
[2026-02-15 11:08:26] ✅ Simulated VPN activation successful (flag created).
[2026-02-15 11:08:26] ---- Check complete: PASS (Simulated) ----

[2026-02-15 11:23:31] ---- Starting VPN Auto-Detect/Activate check ----
[2026-02-15 11:23:31] Simulating connection to SSID BART-WiFi
[2026-02-15 11:23:31] ⚠️ VPN not active. Initiating simulation/fallback.
[2026-02-15 11:23:31] ✅ Simulated VPN activation successful (flag created).
[2026-02-15 11:23:31] ---- Check complete: PASS (Simulated) ----

[2026-02-15 11:38:36] ---- Starting VPN Auto-Detect/Activate check ----
[2026-02-15 11:38:36] Simulating connection to SSID BART-WiFi
[2026-02-15 11:38:36] ⚠️ VPN not active. Initiating simulation/fallback.
[2026-02-15 11:38:36] ✅ Simulated VPN activation successful (flag created).
[2026-02-15 11:38:36] ---- Check complete: PASS (Simulated) ----

[2026-02-15 11:53:41] ---- Starting VPN Auto-Detect/Activate check ----
[2026-02-15 11:53:41] Simulating connection to SSID BART-WiFi
[2026-02-15 11:53:41] ⚠️ VPN not active. Initiating simulation/fallback.
[2026-02-15 11:53:41] ✅ Simulated VPN activation successful (flag created).
[2026-02-15 11:53:41] ---- Check complete: PASS (Simulated) ----

[2026-02-15 12:08:46] ---- Starting VPN Auto-Detect/Activate check ----
[2026-02-15 12:08:46] Simulating connection to SSID BART-WiFi
[2026-02-15 12:08:46] ⚠️ VPN not active. Initiating simulation/fallback.
[2026-02-15 12:08:46] ✅ Simulated VPN activation successful (flag created).
[2026-02-15 12:08:46] ---- Check complete: PASS (Simulated) ----

[2026-02-15 12:23:50] ---- Starting VPN Auto-Detect/Activate check ----
[2026-02-15 12:23:50] Simulating connection to SSID BART-WiFi
[2026-02-15 12:23:50] ⚠️ VPN not active. Initiating simulation/fallback.
[2026-02-15 12:23:50] ✅ Simulated VPN activation successful (flag created).
[2026-02-15 12:23:50] ---- Check complete: PASS (Simulated) ----

[2026-02-15 12:38:55] ---- Starting VPN Auto-Detect/Activate check ----
[2026-02-15 12:38:55] Simulating connection to SSID BART-WiFi
[2026-02-15 12:38:55] ⚠️ VPN not active. Initiating simulation/fallback.
[2026-02-15 12:38:55] ✅ Simulated VPN activation successful (flag created).
[2026-02-15 12:38:55] ---- Check complete: PASS (Simulated) ----

[2026-02-15 12:54:00] ---- Starting VPN Auto-Detect/Activate check ----
[2026-02-15 12:54:00] Simulating connection to SSID BART-WiFi
[2026-02-15 12:54:00] ⚠️ VPN not active. Initiating simulation/fallback.
[2026-02-15 12:54:00] ✅ Simulated VPN activation successful (flag created).
[2026-02-15 12:54:00] ---- Check complete: PASS (Simulated) ----

[2026-02-15 13:09:06] ---- Starting VPN Auto-Detect/Activate check ----
[2026-02-15 13:09:06] Simulating connection to SSID BART-WiFi
[2026-02-15 13:09:06] ⚠️ VPN not active. Initiating simulation/fallback.
[2026-02-15 13:09:06] ✅ Simulated VPN activation successful (flag created).
[2026-02-15 13:09:06] ---- Check complete: PASS (Simulated) ----

[2026-02-15 13:24:11] ---- Starting VPN Auto-Detect/Activate check ----
[2026-02-15 13:24:11] Simulating connection to SSID BART-WiFi
[2026-02-15 13:24:11] ⚠️ VPN not active. Initiating simulation/fallback.
[2026-02-15 13:24:11] ✅ Simulated VPN activation successful (flag created).
[2026-02-15 13:24:11] ---- Check complete: PASS (Simulated) ----

[2026-02-15 13:39:17] ---- Starting VPN Auto-Detect/Activate check ----
[2026-02-15 13:39:17] Simulating connection to SSID BART-WiFi
[2026-02-15 13:39:17] ⚠️ VPN not active. Initiating simulation/fallback.
[2026-02-15 13:39:17] ✅ Simulated VPN activation successful (flag created).
[2026-02-15 13:39:17] ---- Check complete: PASS (Simulated) ----

[2026-02-15 13:54:21] ---- Starting VPN Auto-Detect/Activate check ----
[2026-02-15 13:54:21] Simulating connection to SSID BART-WiFi
[2026-02-15 13:54:21] ⚠️ VPN not active. Initiating simulation/fallback.
[2026-02-15 13:54:21] ✅ Simulated VPN activation successful (flag created).
[2026-02-15 13:54:21] ---- Check complete: PASS (Simulated) ----

[2026-02-15 14:09:26] ---- Starting VPN Auto-Detect/Activate check ----
[2026-02-15 14:09:26] Simulating connection to SSID BART-WiFi
[2026-02-15 14:09:26] ⚠️ VPN not active. Initiating simulation/fallback.
[2026-02-15 14:09:26] ✅ Simulated VPN activation successful (flag created).
[2026-02-15 14:09:26] ---- Check complete: PASS (Simulated) ----

[2026-02-15 14:24:30] ---- Starting VPN Auto-Detect/Activate check ----
[2026-02-15 14:24:30] Simulating connection to SSID BART-WiFi
[2026-02-15 14:24:30] ⚠️ VPN not active. Initiating simulation/fallback.
[2026-02-15 14:24:30] ✅ Simulated VPN activation successful (flag created).
[2026-02-15 14:24:30] ---- Check complete: PASS (Simulated) ----

[2026-02-15 14:39:35] ---- Starting VPN Auto-Detect/Activate check ----
[2026-02-15 14:39:35] Simulating connection to SSID BART-WiFi
[2026-02-15 14:39:35] ⚠️ VPN not active. Initiating simulation/fallback.
[2026-02-15 14:39:35] ✅ Simulated VPN activation successful (flag created).
[2026-02-15 14:39:35] ---- Check complete: PASS (Simulated) ----

[2026-02-15 14:54:40] ---- Starting VPN Auto-Detect/Activate check ----
[2026-02-15 14:54:40] Simulating connection to SSID BART-WiFi
[2026-02-15 14:54:40] ⚠️ VPN not active. Initiating simulation/fallback.
[2026-02-15 14:54:40] ✅ Simulated VPN activation successful (flag created).
[2026-02-15 14:54:40] ---- Check complete: PASS (Simulated) ----

[2026-02-15 15:09:45] ---- Starting VPN Auto-Detect/Activate check ----
[2026-02-15 15:09:45] Simulating connection to SSID BART-WiFi
[2026-02-15 15:09:45] ⚠️ VPN not active. Initiating simulation/fallback.
[2026-02-15 15:09:45] ✅ Simulated VPN activation successful (flag created).
[2026-02-15 15:09:45] ---- Check complete: PASS (Simulated) ----

[2026-02-15 15:24:50] ---- Starting VPN Auto-Detect/Activate check ----
[2026-02-15 15:24:50] Simulating connection to SSID BART-WiFi
[2026-02-15 15:24:50] ⚠️ VPN not active. Initiating simulation/fallback.
[2026-02-15 15:24:50] ✅ Simulated VPN activation successful (flag created).
[2026-02-15 15:24:50] ---- Check complete: PASS (Simulated) ----

[2026-02-15 15:39:55] ---- Starting VPN Auto-Detect/Activate check ----
[2026-02-15 15:39:55] Simulating connection to SSID BART-WiFi
[2026-02-15 15:39:55] ⚠️ VPN not active. Initiating simulation/fallback.
[2026-02-15 15:39:55] ✅ Simulated VPN activation successful (flag created).
[2026-02-15 15:39:55] ---- Check complete: PASS (Simulated) ----

[2026-02-15 15:54:59] ---- Starting VPN Auto-Detect/Activate check ----
[2026-02-15 15:54:59] Simulating connection to SSID BART-WiFi
[2026-02-15 15:54:59] ⚠️ VPN not active. Initiating simulation/fallback.
[2026-02-15 15:54:59] ✅ Simulated VPN activation successful (flag created).
[2026-02-15 15:54:59] ---- Check complete: PASS (Simulated) ----

[2026-02-15 16:10:05] ---- Starting VPN Auto-Detect/Activate check ----
[2026-02-15 16:10:05] Simulating connection to SSID BART-WiFi
[2026-02-15 16:10:05] ⚠️ VPN not active. Initiating simulation/fallback.
[2026-02-15 16:10:05] ✅ Simulated VPN activation successful (flag created).
[2026-02-15 16:10:05] ---- Check complete: PASS (Simulated) ----

[2026-02-15 16:25:10] ---- Starting VPN Auto-Detect/Activate check ----
[2026-02-15 16:25:10] Simulating connection to SSID BART-WiFi
[2026-02-15 16:25:10] ⚠️ VPN not active. Initiating simulation/fallback.
[2026-02-15 16:25:10] ✅ Simulated VPN activation successful (flag created).
[2026-02-15 16:25:10] ---- Check complete: PASS (Simulated) ----

[2026-02-15 16:40:15] ---- Starting VPN Auto-Detect/Activate check ----
[2026-02-15 16:40:15] Simulating connection to SSID BART-WiFi
[2026-02-15 16:40:15] ⚠️ VPN not active. Initiating simulation/fallback.
[2026-02-15 16:40:15] ✅ Simulated VPN activation successful (flag created).
[2026-02-15 16:40:15] ---- Check complete: PASS (Simulated) ----

[2026-02-15 16:55:19] ---- Starting VPN Auto-Detect/Activate check ----
[2026-02-15 16:55:19] Simulating connection to SSID BART-WiFi
[2026-02-15 16:55:19] ⚠️ VPN not active. Initiating simulation/fallback.
[2026-02-15 16:55:19] ✅ Simulated VPN activation successful (flag created).
[2026-02-15 16:55:19] ---- Check complete: PASS (Simulated) ----

[2026-02-15 17:10:24] ---- Starting VPN Auto-Detect/Activate check ----
[2026-02-15 17:10:24] Simulating connection to SSID BART-WiFi
[2026-02-15 17:10:24] ⚠️ VPN not active. Initiating simulation/fallback.
[2026-02-15 17:10:24] ✅ Simulated VPN activation successful (flag created).
[2026-02-15 17:10:24] ---- Check complete: PASS (Simulated) ----

[2026-02-15 17:25:29] ---- Starting VPN Auto-Detect/Activate check ----
[2026-02-15 17:25:29] Simulating connection to SSID BART-WiFi
[2026-02-15 17:25:29] ⚠️ VPN not active. Initiating simulation/fallback.
[2026-02-15 17:25:29] ✅ Simulated VPN activation successful (flag created).
[2026-02-15 17:25:29] ---- Check complete: PASS (Simulated) ----

[2026-02-15 17:40:33] ---- Starting VPN Auto-Detect/Activate check ----
[2026-02-15 17:40:33] Simulating connection to SSID BART-WiFi
[2026-02-15 17:40:33] ⚠️ VPN not active. Initiating simulation/fallback.
[2026-02-15 17:40:33] ✅ Simulated VPN activation successful (flag created).
[2026-02-15 17:40:33] ---- Check complete: PASS (Simulated) ----

[2026-02-15 17:55:38] ---- Starting VPN Auto-Detect/Activate check ----
[2026-02-15 17:55:38] Simulating connection to SSID BART-WiFi
[2026-02-15 17:55:38] ⚠️ VPN not active. Initiating simulation/fallback.
[2026-02-15 17:55:38] ✅ Simulated VPN activation successful (flag created).
[2026-02-15 17:55:38] ---- Check complete: PASS (Simulated) ----

[2026-02-15 18:10:43] ---- Starting VPN Auto-Detect/Activate check ----
[2026-02-15 18:10:43] Simulating connection to SSID BART-WiFi
[2026-02-15 18:10:43] ⚠️ VPN not active. Initiating simulation/fallback.
[2026-02-15 18:10:43] ✅ Simulated VPN activation successful (flag created).
[2026-02-15 18:10:43] ---- Check complete: PASS (Simulated) ----

[2026-02-15 18:25:48] ---- Starting VPN Auto-Detect/Activate check ----
[2026-02-15 18:25:48] Simulating connection to SSID BART-WiFi
[2026-02-15 18:25:48] ⚠️ VPN not active. Initiating simulation/fallback.
[2026-02-15 18:25:48] ✅ Simulated VPN activation successful (flag created).
[2026-02-15 18:25:48] ---- Check complete: PASS (Simulated) ----

[2026-02-15 18:40:52] ---- Starting VPN Auto-Detect/Activate check ----
[2026-02-15 18:40:52] Simulating connection to SSID BART-WiFi
[2026-02-15 18:40:52] ⚠️ VPN not active. Initiating simulation/fallback.
[2026-02-15 18:40:52] ✅ Simulated VPN activation successful (flag created).
[2026-02-15 18:40:52] ---- Check complete: PASS (Simulated) ----

[2026-02-15 18:55:57] ---- Starting VPN Auto-Detect/Activate check ----
[2026-02-15 18:55:57] Simulating connection to SSID BART-WiFi
[2026-02-15 18:55:57] ⚠️ VPN not active. Initiating simulation/fallback.
[2026-02-15 18:55:57] ✅ Simulated VPN activation successful (flag created).
[2026-02-15 18:55:57] ---- Check complete: PASS (Simulated) ----

[2026-02-15 19:11:03] ---- Starting VPN Auto-Detect/Activate check ----
[2026-02-15 19:11:03] Simulating connection to SSID BART-WiFi
[2026-02-15 19:11:03] ⚠️ VPN not active. Initiating simulation/fallback.
[2026-02-15 19:11:03] ✅ Simulated VPN activation successful (flag created).
[2026-02-15 19:11:03] ---- Check complete: PASS (Simulated) ----

[2026-02-15 19:26:07] ---- Starting VPN Auto-Detect/Activate check ----
[2026-02-15 19:26:07] Simulating connection to SSID BART-WiFi
[2026-02-15 19:26:07] ⚠️ VPN not active. Initiating simulation/fallback.
[2026-02-15 19:26:07] ✅ Simulated VPN activation successful (flag created).
[2026-02-15 19:26:07] ---- Check complete: PASS (Simulated) ----

[2026-02-15 19:41:12] ---- Starting VPN Auto-Detect/Activate check ----
[2026-02-15 19:41:12] Simulating connection to SSID BART-WiFi
[2026-02-15 19:41:12] ⚠️ VPN not active. Initiating simulation/fallback.
[2026-02-15 19:41:12] ✅ Simulated VPN activation successful (flag created).
[2026-02-15 19:41:12] ---- Check complete: PASS (Simulated) ----

[2026-02-15 19:56:17] ---- Starting VPN Auto-Detect/Activate check ----
[2026-02-15 19:56:17] Simulating connection to SSID BART-WiFi
[2026-02-15 19:56:17] ⚠️ VPN not active. Initiating simulation/fallback.
[2026-02-15 19:56:17] ✅ Simulated VPN activation successful (flag created).
[2026-02-15 19:56:17] ---- Check complete: PASS (Simulated) ----

[2026-02-15 20:11:21] ---- Starting VPN Auto-Detect/Activate check ----
[2026-02-15 20:11:21] Simulating connection to SSID BART-WiFi
[2026-02-15 20:11:21] ⚠️ VPN not active. Initiating simulation/fallback.
[2026-02-15 20:11:21] ✅ Simulated VPN activation successful (flag created).
[2026-02-15 20:11:21] ---- Check complete: PASS (Simulated) ----

[2026-02-15 20:26:26] ---- Starting VPN Auto-Detect/Activate check ----
[2026-02-15 20:26:26] Simulating connection to SSID BART-WiFi
[2026-02-15 20:26:26] ⚠️ VPN not active. Initiating simulation/fallback.
[2026-02-15 20:26:26] ✅ Simulated VPN activation successful (flag created).
[2026-02-15 20:26:26] ---- Check complete: PASS (Simulated) ----

[2026-02-15 20:41:31] ---- Starting VPN Auto-Detect/Activate check ----
[2026-02-15 20:41:31] Simulating connection to SSID BART-WiFi
[2026-02-15 20:41:31] ⚠️ VPN not active. Initiating simulation/fallback.
[2026-02-15 20:41:31] ✅ Simulated VPN activation successful (flag created).
[2026-02-15 20:41:31] ---- Check complete: PASS (Simulated) ----

[2026-02-15 20:56:36] ---- Starting VPN Auto-Detect/Activate check ----
[2026-02-15 20:56:36] Simulating connection to SSID BART-WiFi
[2026-02-15 20:56:36] ⚠️ VPN not active. Initiating simulation/fallback.
[2026-02-15 20:56:36] ✅ Simulated VPN activation successful (flag created).
[2026-02-15 20:56:36] ---- Check complete: PASS (Simulated) ----

[2026-02-15 21:11:40] ---- Starting VPN Auto-Detect/Activate check ----
[2026-02-15 21:11:40] Simulating connection to SSID BART-WiFi
[2026-02-15 21:11:40] ⚠️ VPN not active. Initiating simulation/fallback.
[2026-02-15 21:11:40] ✅ Simulated VPN activation successful (flag created).
[2026-02-15 21:11:40] ---- Check complete: PASS (Simulated) ----

[2026-02-15 21:26:45] ---- Starting VPN Auto-Detect/Activate check ----
[2026-02-15 21:26:45] Simulating connection to SSID BART-WiFi
[2026-02-15 21:26:45] ⚠️ VPN not active. Initiating simulation/fallback.
[2026-02-15 21:26:45] ✅ Simulated VPN activation successful (flag created).
[2026-02-15 21:26:45] ---- Check complete: PASS (Simulated) ----

[2026-02-15 21:41:50] ---- Starting VPN Auto-Detect/Activate check ----
[2026-02-15 21:41:50] Simulating connection to SSID BART-WiFi
[2026-02-15 21:41:50] ⚠️ VPN not active. Initiating simulation/fallback.
[2026-02-15 21:41:50] ✅ Simulated VPN activation successful (flag created).
[2026-02-15 21:41:50] ---- Check complete: PASS (Simulated) ----

[2026-02-15 21:56:54] ---- Starting VPN Auto-Detect/Activate check ----
[2026-02-15 21:56:54] Simulating connection to SSID BART-WiFi
[2026-02-15 21:56:54] ⚠️ VPN not active. Initiating simulation/fallback.
[2026-02-15 21:56:54] ✅ Simulated VPN activation successful (flag created).
[2026-02-15 21:56:54] ---- Check complete: PASS (Simulated) ----

[2026-02-15 22:11:59] ---- Starting VPN Auto-Detect/Activate check ----
[2026-02-15 22:11:59] Simulating connection to SSID BART-WiFi
[2026-02-15 22:11:59] ⚠️ VPN not active. Initiating simulation/fallback.
[2026-02-15 22:11:59] ✅ Simulated VPN activation successful (flag created).
[2026-02-15 22:11:59] ---- Check complete: PASS (Simulated) ----

[2026-02-15 22:27:03] ---- Starting VPN Auto-Detect/Activate check ----
[2026-02-15 22:27:03] Simulating connection to SSID BART-WiFi
[2026-02-15 22:27:03] ⚠️ VPN not active. Initiating simulation/fallback.
[2026-02-15 22:27:03] ✅ Simulated VPN activation successful (flag created).
[2026-02-15 22:27:03] ---- Check complete: PASS (Simulated) ----

[2026-02-15 22:42:08] ---- Starting VPN Auto-Detect/Activate check ----
[2026-02-15 22:42:08] Simulating connection to SSID BART-WiFi
[2026-02-15 22:42:08] ⚠️ VPN not active. Initiating simulation/fallback.
[2026-02-15 22:42:08] ✅ Simulated VPN activation successful (flag created).
[2026-02-15 22:42:08] ---- Check complete: PASS (Simulated) ----

[2026-02-15 22:57:12] ---- Starting VPN Auto-Detect/Activate check ----
[2026-02-15 22:57:12] Simulating connection to SSID BART-WiFi
[2026-02-15 22:57:12] ⚠️ VPN not active. Initiating simulation/fallback.
[2026-02-15 22:57:12] ✅ Simulated VPN activation successful (flag created).
[2026-02-15 22:57:12] ---- Check complete: PASS (Simulated) ----

[2026-02-15 23:12:17] ---- Starting VPN Auto-Detect/Activate check ----
[2026-02-15 23:12:17] Simulating connection to SSID BART-WiFi
[2026-02-15 23:12:17] ⚠️ VPN not active. Initiating simulation/fallback.
[2026-02-15 23:12:17] ✅ Simulated VPN activation successful (flag created).
[2026-02-15 23:12:17] ---- Check complete: PASS (Simulated) ----

[2026-02-15 23:27:22] ---- Starting VPN Auto-Detect/Activate check ----
[2026-02-15 23:27:22] Simulating connection to SSID BART-WiFi
[2026-02-15 23:27:22] ⚠️ VPN not active. Initiating simulation/fallback.
[2026-02-15 23:27:22] ✅ Simulated VPN activation successful (flag created).
[2026-02-15 23:27:22] ---- Check complete: PASS (Simulated) ----

[2026-02-15 23:42:26] ---- Starting VPN Auto-Detect/Activate check ----
[2026-02-15 23:42:26] Simulating connection to SSID BART-WiFi
[2026-02-15 23:42:26] ⚠️ VPN not active. Initiating simulation/fallback.
[2026-02-15 23:42:26] ✅ Simulated VPN activation successful (flag created).
[2026-02-15 23:42:26] ---- Check complete: PASS (Simulated) ----

[2026-02-15 23:57:31] ---- Starting VPN Auto-Detect/Activate check ----
[2026-02-15 23:57:31] Simulating connection to SSID BART-WiFi
[2026-02-15 23:57:31] ⚠️ VPN not active. Initiating simulation/fallback.
[2026-02-15 23:57:31] ✅ Simulated VPN activation successful (flag created).
[2026-02-15 23:57:31] ---- Check complete: PASS (Simulated) ----

[2026-02-16 00:12:35] ---- Starting VPN Auto-Detect/Activate check ----
[2026-02-16 00:12:35] Simulating connection to SSID BART-WiFi
[2026-02-16 00:12:35] ⚠️ VPN not active. Initiating simulation/fallback.
[2026-02-16 00:12:35] ✅ Simulated VPN activation successful (flag created).
[2026-02-16 00:12:35] ---- Check complete: PASS (Simulated) ----

[2026-02-16 00:27:40] ---- Starting VPN Auto-Detect/Activate check ----
[2026-02-16 00:27:40] Simulating connection to SSID BART-WiFi
[2026-02-16 00:27:40] ⚠️ VPN not active. Initiating simulation/fallback.
[2026-02-16 00:27:40] ✅ Simulated VPN activation successful (flag created).
[2026-02-16 00:27:40] ---- Check complete: PASS (Simulated) ----

[2026-02-16 00:42:45] ---- Starting VPN Auto-Detect/Activate check ----
[2026-02-16 00:42:45] Simulating connection to SSID BART-WiFi
[2026-02-16 00:42:45] ⚠️ VPN not active. Initiating simulation/fallback.
[2026-02-16 00:42:45] ✅ Simulated VPN activation successful (flag created).
[2026-02-16 00:42:45] ---- Check complete: PASS (Simulated) ----

[2026-02-16 00:57:49] ---- Starting VPN Auto-Detect/Activate check ----
[2026-02-16 00:57:49] Simulating connection to SSID BART-WiFi
[2026-02-16 00:57:49] ⚠️ VPN not active. Initiating simulation/fallback.
[2026-02-16 00:57:49] ✅ Simulated VPN activation successful (flag created).
[2026-02-16 00:57:49] ---- Check complete: PASS (Simulated) ----

[2026-02-16 01:12:54] ---- Starting VPN Auto-Detect/Activate check ----
[2026-02-16 01:12:54] Simulating connection to SSID BART-WiFi
[2026-02-16 01:12:54] ⚠️ VPN not active. Initiating simulation/fallback.
[2026-02-16 01:12:54] ✅ Simulated VPN activation successful (flag created).
[2026-02-16 01:12:54] ---- Check complete: PASS (Simulated) ----

[2026-02-16 01:27:59] ---- Starting VPN Auto-Detect/Activate check ----
[2026-02-16 01:27:59] Simulating connection to SSID BART-WiFi
[2026-02-16 01:27:59] ⚠️ VPN not active. Initiating simulation/fallback.
[2026-02-16 01:27:59] ✅ Simulated VPN activation successful (flag created).
[2026-02-16 01:27:59] ---- Check complete: PASS (Simulated) ----

[2026-02-16 01:43:04] ---- Starting VPN Auto-Detect/Activate check ----
[2026-02-16 01:43:04] Simulating connection to SSID BART-WiFi
[2026-02-16 01:43:04] ⚠️ VPN not active. Initiating simulation/fallback.
[2026-02-16 01:43:04] ✅ Simulated VPN activation successful (flag created).
[2026-02-16 01:43:04] ---- Check complete: PASS (Simulated) ----

[2026-02-16 01:58:08] ---- Starting VPN Auto-Detect/Activate check ----
[2026-02-16 01:58:08] Simulating connection to SSID BART-WiFi
[2026-02-16 01:58:08] ⚠️ VPN not active. Initiating simulation/fallback.
[2026-02-16 01:58:08] ✅ Simulated VPN activation successful (flag created).
[2026-02-16 01:58:08] ---- Check complete: PASS (Simulated) ----

[2026-02-16 02:13:13] ---- Starting VPN Auto-Detect/Activate check ----
[2026-02-16 02:13:13] Simulating connection to SSID BART-WiFi
[2026-02-16 02:13:13] ⚠️ VPN not active. Initiating simulation/fallback.
[2026-02-16 02:13:13] ✅ Simulated VPN activation successful (flag created).
[2026-02-16 02:13:13] ---- Check complete: PASS (Simulated) ----

[2026-02-16 02:28:18] ---- Starting VPN Auto-Detect/Activate check ----
[2026-02-16 02:28:18] Simulating connection to SSID BART-WiFi
[2026-02-16 02:28:18] ⚠️ VPN not active. Initiating simulation/fallback.
[2026-02-16 02:28:18] ✅ Simulated VPN activation successful (flag created).
[2026-02-16 02:28:18] ---- Check complete: PASS (Simulated) ----

[2026-02-16 02:43:23] ---- Starting VPN Auto-Detect/Activate check ----
[2026-02-16 02:43:23] Simulating connection to SSID BART-WiFi
[2026-02-16 02:43:23] ⚠️ VPN not active. Initiating simulation/fallback.
[2026-02-16 02:43:23] ✅ Simulated VPN activation successful (flag created).
[2026-02-16 02:43:23] ---- Check complete: PASS (Simulated) ----

[2026-02-16 02:58:27] ---- Starting VPN Auto-Detect/Activate check ----
[2026-02-16 02:58:27] Simulating connection to SSID BART-WiFi
[2026-02-16 02:58:27] ⚠️ VPN not active. Initiating simulation/fallback.
[2026-02-16 02:58:27] ✅ Simulated VPN activation successful (flag created).
[2026-02-16 02:58:27] ---- Check complete: PASS (Simulated) ----

[2026-02-16 03:13:32] ---- Starting VPN Auto-Detect/Activate check ----
[2026-02-16 03:13:32] Simulating connection to SSID BART-WiFi
[2026-02-16 03:13:32] ⚠️ VPN not active. Initiating simulation/fallback.
[2026-02-16 03:13:32] ✅ Simulated VPN activation successful (flag created).
[2026-02-16 03:13:32] ---- Check complete: PASS (Simulated) ----

[2026-02-16 03:28:36] ---- Starting VPN Auto-Detect/Activate check ----
[2026-02-16 03:28:36] Simulating connection to SSID BART-WiFi
[2026-02-16 03:28:36] ⚠️ VPN not active. Initiating simulation/fallback.
[2026-02-16 03:28:36] ✅ Simulated VPN activation successful (flag created).
[2026-02-16 03:28:36] ---- Check complete: PASS (Simulated) ----

[2026-02-16 03:43:41] ---- Starting VPN Auto-Detect/Activate check ----
[2026-02-16 03:43:41] Simulating connection to SSID BART-WiFi
[2026-02-16 03:43:41] ⚠️ VPN not active. Initiating simulation/fallback.
[2026-02-16 03:43:41] ✅ Simulated VPN activation successful (flag created).
[2026-02-16 03:43:41] ---- Check complete: PASS (Simulated) ----

[2026-02-16 03:58:47] ---- Starting VPN Auto-Detect/Activate check ----
[2026-02-16 03:58:47] Simulating connection to SSID BART-WiFi
[2026-02-16 03:58:47] ⚠️ VPN not active. Initiating simulation/fallback.
[2026-02-16 03:58:47] ✅ Simulated VPN activation successful (flag created).
[2026-02-16 03:58:47] ---- Check complete: PASS (Simulated) ----

[2026-02-16 04:13:51] ---- Starting VPN Auto-Detect/Activate check ----
[2026-02-16 04:13:51] Simulating connection to SSID BART-WiFi
[2026-02-16 04:13:51] ⚠️ VPN not active. Initiating simulation/fallback.
[2026-02-16 04:13:51] ✅ Simulated VPN activation successful (flag created).
[2026-02-16 04:13:51] ---- Check complete: PASS (Simulated) ----

[2026-02-16 04:28:56] ---- Starting VPN Auto-Detect/Activate check ----
[2026-02-16 04:28:56] Simulating connection to SSID BART-WiFi
[2026-02-16 04:28:56] ⚠️ VPN not active. Initiating simulation/fallback.
[2026-02-16 04:28:56] ✅ Simulated VPN activation successful (flag created).
[2026-02-16 04:28:56] ---- Check complete: PASS (Simulated) ----

[2026-02-16 04:44:02] ---- Starting VPN Auto-Detect/Activate check ----
[2026-02-16 04:44:02] Simulating connection to SSID BART-WiFi
[2026-02-16 04:44:02] ⚠️ VPN not active. Initiating simulation/fallback.
[2026-02-16 04:44:02] ✅ Simulated VPN activation successful (flag created).
[2026-02-16 04:44:02] ---- Check complete: PASS (Simulated) ----

[2026-02-16 04:59:07] ---- Starting VPN Auto-Detect/Activate check ----
[2026-02-16 04:59:07] Simulating connection to SSID BART-WiFi
[2026-02-16 04:59:07] ⚠️ VPN not active. Initiating simulation/fallback.
[2026-02-16 04:59:07] ✅ Simulated VPN activation successful (flag created).
[2026-02-16 04:59:07] ---- Check complete: PASS (Simulated) ----

[2026-02-16 05:14:12] ---- Starting VPN Auto-Detect/Activate check ----
[2026-02-16 05:14:12] Simulating connection to SSID BART-WiFi
[2026-02-16 05:14:12] ⚠️ VPN not active. Initiating simulation/fallback.
[2026-02-16 05:14:12] ✅ Simulated VPN activation successful (flag created).
[2026-02-16 05:14:12] ---- Check complete: PASS (Simulated) ----

[2026-02-16 05:29:17] ---- Starting VPN Auto-Detect/Activate check ----
[2026-02-16 05:29:17] Simulating connection to SSID BART-WiFi
[2026-02-16 05:29:17] ⚠️ VPN not active. Initiating simulation/fallback.
[2026-02-16 05:29:17] ✅ Simulated VPN activation successful (flag created).
[2026-02-16 05:29:17] ---- Check complete: PASS (Simulated) ----

[2026-02-16 05:44:21] ---- Starting VPN Auto-Detect/Activate check ----
[2026-02-16 05:44:21] Simulating connection to SSID BART-WiFi
[2026-02-16 05:44:21] ⚠️ VPN not active. Initiating simulation/fallback.
[2026-02-16 05:44:21] ✅ Simulated VPN activation successful (flag created).
[2026-02-16 05:44:21] ---- Check complete: PASS (Simulated) ----

[2026-02-16 05:59:26] ---- Starting VPN Auto-Detect/Activate check ----
[2026-02-16 05:59:26] Simulating connection to SSID BART-WiFi
[2026-02-16 05:59:26] ⚠️ VPN not active. Initiating simulation/fallback.
[2026-02-16 05:59:26] ✅ Simulated VPN activation successful (flag created).
[2026-02-16 05:59:26] ---- Check complete: PASS (Simulated) ----

[2026-02-16 06:14:30] ---- Starting VPN Auto-Detect/Activate check ----
[2026-02-16 06:14:30] Simulating connection to SSID BART-WiFi
[2026-02-16 06:14:30] ⚠️ VPN not active. Initiating simulation/fallback.
[2026-02-16 06:14:30] ✅ Simulated VPN activation successful (flag created).
[2026-02-16 06:14:30] ---- Check complete: PASS (Simulated) ----

[2026-02-16 06:29:35] ---- Starting VPN Auto-Detect/Activate check ----
[2026-02-16 06:29:35] Simulating connection to SSID BART-WiFi
[2026-02-16 06:29:35] ⚠️ VPN not active. Initiating simulation/fallback.
[2026-02-16 06:29:35] ✅ Simulated VPN activation successful (flag created).
[2026-02-16 06:29:35] ---- Check complete: PASS (Simulated) ----

[2026-02-16 06:44:40] ---- Starting VPN Auto-Detect/Activate check ----
[2026-02-16 06:44:40] Simulating connection to SSID BART-WiFi
[2026-02-16 06:44:40] ⚠️ VPN not active. Initiating simulation/fallback.
[2026-02-16 06:44:40] ✅ Simulated VPN activation successful (flag created).
[2026-02-16 06:44:40] ---- Check complete: PASS (Simulated) ----

[2026-02-16 06:59:44] ---- Starting VPN Auto-Detect/Activate check ----
[2026-02-16 06:59:44] Simulating connection to SSID BART-WiFi
[2026-02-16 06:59:44] ⚠️ VPN not active. Initiating simulation/fallback.
[2026-02-16 06:59:44] ✅ Simulated VPN activation successful (flag created).
[2026-02-16 06:59:44] ---- Check complete: PASS (Simulated) ----

[2026-02-16 07:14:49] ---- Starting VPN Auto-Detect/Activate check ----
[2026-02-16 07:14:49] Simulating connection to SSID BART-WiFi
[2026-02-16 07:14:49] ⚠️ VPN not active. Initiating simulation/fallback.
[2026-02-16 07:14:49] ✅ Simulated VPN activation successful (flag created).
[2026-02-16 07:14:49] ---- Check complete: PASS (Simulated) ----

[2026-02-16 07:29:53] ---- Starting VPN Auto-Detect/Activate check ----
[2026-02-16 07:29:54] Simulating connection to SSID BART-WiFi
[2026-02-16 07:29:54] ⚠️ VPN not active. Initiating simulation/fallback.
[2026-02-16 07:29:54] ✅ Simulated VPN activation successful (flag created).
[2026-02-16 07:29:54] ---- Check complete: PASS (Simulated) ----

[2026-02-16 07:44:58] ---- Starting VPN Auto-Detect/Activate check ----
[2026-02-16 07:44:58] Simulating connection to SSID BART-WiFi
[2026-02-16 07:44:58] ⚠️ VPN not active. Initiating simulation/fallback.
[2026-02-16 07:44:58] ✅ Simulated VPN activation successful (flag created).
[2026-02-16 07:44:58] ---- Check complete: PASS (Simulated) ----

[2026-02-16 08:00:03] ---- Starting VPN Auto-Detect/Activate check ----
[2026-02-16 08:00:03] Simulating connection to SSID BART-WiFi
[2026-02-16 08:00:03] ⚠️ VPN not active. Initiating simulation/fallback.
[2026-02-16 08:00:03] ✅ Simulated VPN activation successful (flag created).
[2026-02-16 08:00:03] ---- Check complete: PASS (Simulated) ----

[2026-02-16 08:15:08] ---- Starting VPN Auto-Detect/Activate check ----
[2026-02-16 08:15:08] Simulating connection to SSID BART-WiFi
[2026-02-16 08:15:08] ⚠️ VPN not active. Initiating simulation/fallback.
[2026-02-16 08:15:08] ✅ Simulated VPN activation successful (flag created).
[2026-02-16 08:15:08] ---- Check complete: PASS (Simulated) ----

[2026-02-16 08:30:13] ---- Starting VPN Auto-Detect/Activate check ----
[2026-02-16 08:30:13] Simulating connection to SSID BART-WiFi
[2026-02-16 08:30:13] ⚠️ VPN not active. Initiating simulation/fallback.
[2026-02-16 08:30:13] ✅ Simulated VPN activation successful (flag created).
[2026-02-16 08:30:13] ---- Check complete: PASS (Simulated) ----

[2026-02-16 08:45:18] ---- Starting VPN Auto-Detect/Activate check ----
[2026-02-16 08:45:18] Simulating connection to SSID BART-WiFi
[2026-02-16 08:45:18] ⚠️ VPN not active. Initiating simulation/fallback.
[2026-02-16 08:45:18] ✅ Simulated VPN activation successful (flag created).
[2026-02-16 08:45:18] ---- Check complete: PASS (Simulated) ----

[2026-02-16 09:00:23] ---- Starting VPN Auto-Detect/Activate check ----
[2026-02-16 09:00:23] Simulating connection to SSID BART-WiFi
[2026-02-16 09:00:23] ⚠️ VPN not active. Initiating simulation/fallback.
[2026-02-16 09:00:23] ✅ Simulated VPN activation successful (flag created).
[2026-02-16 09:00:23] ---- Check complete: PASS (Simulated) ----

[2026-02-16 09:15:28] ---- Starting VPN Auto-Detect/Activate check ----
[2026-02-16 09:15:28] Simulating connection to SSID BART-WiFi
[2026-02-16 09:15:28] ⚠️ VPN not active. Initiating simulation/fallback.
[2026-02-16 09:15:28] ✅ Simulated VPN activation successful (flag created).
[2026-02-16 09:15:28] ---- Check complete: PASS (Simulated) ----

[2026-02-16 09:30:33] ---- Starting VPN Auto-Detect/Activate check ----
[2026-02-16 09:30:33] Simulating connection to SSID BART-WiFi
[2026-02-16 09:30:33] ⚠️ VPN not active. Initiating simulation/fallback.
[2026-02-16 09:30:33] ✅ Simulated VPN activation successful (flag created).
[2026-02-16 09:30:33] ---- Check complete: PASS (Simulated) ----

[2026-02-16 09:45:38] ---- Starting VPN Auto-Detect/Activate check ----
[2026-02-16 09:45:38] Simulating connection to SSID BART-WiFi
[2026-02-16 09:45:38] ⚠️ VPN not active. Initiating simulation/fallback.
[2026-02-16 09:45:38] ✅ Simulated VPN activation successful (flag created).
[2026-02-16 09:45:38] ---- Check complete: PASS (Simulated) ----

[2026-02-16 10:00:43] ---- Starting VPN Auto-Detect/Activate check ----
[2026-02-16 10:00:43] Simulating connection to SSID BART-WiFi
[2026-02-16 10:00:43] ⚠️ VPN not active. Initiating simulation/fallback.
[2026-02-16 10:00:43] ✅ Simulated VPN activation successful (flag created).
[2026-02-16 10:00:43] ---- Check complete: PASS (Simulated) ----

[2026-02-16 10:15:48] ---- Starting VPN Auto-Detect/Activate check ----
[2026-02-16 10:15:48] Simulating connection to SSID BART-WiFi
[2026-02-16 10:15:48] ⚠️ VPN not active. Initiating simulation/fallback.
[2026-02-16 10:15:48] ✅ Simulated VPN activation successful (flag created).
[2026-02-16 10:15:48] ---- Check complete: PASS (Simulated) ----

[2026-02-16 10:30:53] ---- Starting VPN Auto-Detect/Activate check ----
[2026-02-16 10:30:53] Simulating connection to SSID BART-WiFi
[2026-02-16 10:30:53] ⚠️ VPN not active. Initiating simulation/fallback.
[2026-02-16 10:30:53] ✅ Simulated VPN activation successful (flag created).
[2026-02-16 10:30:53] ---- Check complete: PASS (Simulated) ----

[2026-02-16 10:45:58] ---- Starting VPN Auto-Detect/Activate check ----
[2026-02-16 10:45:58] Simulating connection to SSID BART-WiFi
[2026-02-16 10:45:58] ⚠️ VPN not active. Initiating simulation/fallback.
[2026-02-16 10:45:58] ✅ Simulated VPN activation successful (flag created).
[2026-02-16 10:45:58] ---- Check complete: PASS (Simulated) ----

[2026-02-16 11:01:03] ---- Starting VPN Auto-Detect/Activate check ----
[2026-02-16 11:01:03] Simulating connection to SSID BART-WiFi
[2026-02-16 11:01:03] ⚠️ VPN not active. Initiating simulation/fallback.
[2026-02-16 11:01:03] ✅ Simulated VPN activation successful (flag created).
[2026-02-16 11:01:03] ---- Check complete: PASS (Simulated) ----

[2026-02-16 11:16:08] ---- Starting VPN Auto-Detect/Activate check ----
[2026-02-16 11:16:08] Simulating connection to SSID BART-WiFi
[2026-02-16 11:16:08] ⚠️ VPN not active. Initiating simulation/fallback.
[2026-02-16 11:16:08] ✅ Simulated VPN activation successful (flag created).
[2026-02-16 11:16:08] ---- Check complete: PASS (Simulated) ----

[2026-02-16 11:31:13] ---- Starting VPN Auto-Detect/Activate check ----
[2026-02-16 11:31:13] Simulating connection to SSID BART-WiFi
[2026-02-16 11:31:14] ⚠️ VPN not active. Initiating simulation/fallback.
[2026-02-16 11:31:14] ✅ Simulated VPN activation successful (flag created).
[2026-02-16 11:31:14] ---- Check complete: PASS (Simulated) ----

[2026-02-16 11:46:19] ---- Starting VPN Auto-Detect/Activate check ----
[2026-02-16 11:46:19] Simulating connection to SSID BART-WiFi
[2026-02-16 11:46:19] ⚠️ VPN not active. Initiating simulation/fallback.
[2026-02-16 11:46:19] ✅ Simulated VPN activation successful (flag created).
[2026-02-16 11:46:19] ---- Check complete: PASS (Simulated) ----

[2026-02-16 12:01:24] ---- Starting VPN Auto-Detect/Activate check ----
[2026-02-16 12:01:24] Simulating connection to SSID BART-WiFi
[2026-02-16 12:01:24] ⚠️ VPN not active. Initiating simulation/fallback.
[2026-02-16 12:01:24] ✅ Simulated VPN activation successful (flag created).
[2026-02-16 12:01:24] ---- Check complete: PASS (Simulated) ----

[2026-02-16 12:16:29] ---- Starting VPN Auto-Detect/Activate check ----
[2026-02-16 12:16:29] Simulating connection to SSID BART-WiFi
[2026-02-16 12:16:29] ⚠️ VPN not active. Initiating simulation/fallback.
[2026-02-16 12:16:29] ✅ Simulated VPN activation successful (flag created).
[2026-02-16 12:16:29] ---- Check complete: PASS (Simulated) ----

[2026-02-16 12:31:33] ---- Starting VPN Auto-Detect/Activate check ----
[2026-02-16 12:31:33] Simulating connection to SSID BART-WiFi
[2026-02-16 12:31:33] ⚠️ VPN not active. Initiating simulation/fallback.
[2026-02-16 12:31:33] ✅ Simulated VPN activation successful (flag created).
[2026-02-16 12:31:33] ---- Check complete: PASS (Simulated) ----

[2026-02-16 12:46:38] ---- Starting VPN Auto-Detect/Activate check ----
[2026-02-16 12:46:38] Simulating connection to SSID BART-WiFi
[2026-02-16 12:46:38] ⚠️ VPN not active. Initiating simulation/fallback.
[2026-02-16 12:46:38] ✅ Simulated VPN activation successful (flag created).
[2026-02-16 12:46:38] ---- Check complete: PASS (Simulated) ----

[2026-02-16 13:01:43] ---- Starting VPN Auto-Detect/Activate check ----
[2026-02-16 13:01:43] Simulating connection to SSID BART-WiFi
[2026-02-16 13:01:43] ⚠️ VPN not active. Initiating simulation/fallback.
[2026-02-16 13:01:43] ✅ Simulated VPN activation successful (flag created).
[2026-02-16 13:01:43] ---- Check complete: PASS (Simulated) ----

[2026-02-16 13:16:48] ---- Starting VPN Auto-Detect/Activate check ----
[2026-02-16 13:16:48] Simulating connection to SSID BART-WiFi
[2026-02-16 13:16:48] ⚠️ VPN not active. Initiating simulation/fallback.
[2026-02-16 13:16:48] ✅ Simulated VPN activation successful (flag created).
[2026-02-16 13:16:48] ---- Check complete: PASS (Simulated) ----

[2026-02-16 13:31:52] ---- Starting VPN Auto-Detect/Activate check ----
[2026-02-16 13:31:52] Simulating connection to SSID BART-WiFi
[2026-02-16 13:31:52] ⚠️ VPN not active. Initiating simulation/fallback.
[2026-02-16 13:31:52] ✅ Simulated VPN activation successful (flag created).
[2026-02-16 13:31:52] ---- Check complete: PASS (Simulated) ----

[2026-02-16 13:46:57] ---- Starting VPN Auto-Detect/Activate check ----
[2026-02-16 13:46:57] Simulating connection to SSID BART-WiFi
[2026-02-16 13:46:57] ⚠️ VPN not active. Initiating simulation/fallback.
[2026-02-16 13:46:57] ✅ Simulated VPN activation successful (flag created).
[2026-02-16 13:46:57] ---- Check complete: PASS (Simulated) ----

[2026-02-16 14:02:03] ---- Starting VPN Auto-Detect/Activate check ----
[2026-02-16 14:02:03] Simulating connection to SSID BART-WiFi
[2026-02-16 14:02:03] ⚠️ VPN not active. Initiating simulation/fallback.
[2026-02-16 14:02:03] ✅ Simulated VPN activation successful (flag created).
[2026-02-16 14:02:03] ---- Check complete: PASS (Simulated) ----

[2026-02-16 14:17:07] ---- Starting VPN Auto-Detect/Activate check ----
[2026-02-16 14:17:07] Simulating connection to SSID BART-WiFi
[2026-02-16 14:17:07] ⚠️ VPN not active. Initiating simulation/fallback.
[2026-02-16 14:17:07] ✅ Simulated VPN activation successful (flag created).
[2026-02-16 14:17:07] ---- Check complete: PASS (Simulated) ----

[2026-02-16 14:32:12] ---- Starting VPN Auto-Detect/Activate check ----
[2026-02-16 14:32:12] Simulating connection to SSID BART-WiFi
[2026-02-16 14:32:12] ⚠️ VPN not active. Initiating simulation/fallback.
[2026-02-16 14:32:12] ✅ Simulated VPN activation successful (flag created).
[2026-02-16 14:32:12] ---- Check complete: PASS (Simulated) ----

[2026-02-16 14:47:17] ---- Starting VPN Auto-Detect/Activate check ----
[2026-02-16 14:47:17] Simulating connection to SSID BART-WiFi
[2026-02-16 14:47:17] ⚠️ VPN not active. Initiating simulation/fallback.
[2026-02-16 14:47:17] ✅ Simulated VPN activation successful (flag created).
[2026-02-16 14:47:17] ---- Check complete: PASS (Simulated) ----

[2026-02-16 15:02:22] ---- Starting VPN Auto-Detect/Activate check ----
[2026-02-16 15:02:22] Simulating connection to SSID BART-WiFi
[2026-02-16 15:02:22] ⚠️ VPN not active. Initiating simulation/fallback.
[2026-02-16 15:02:22] ✅ Simulated VPN activation successful (flag created).
[2026-02-16 15:02:22] ---- Check complete: PASS (Simulated) ----

[2026-02-16 15:17:27] ---- Starting VPN Auto-Detect/Activate check ----
[2026-02-16 15:17:27] Simulating connection to SSID BART-WiFi
[2026-02-16 15:17:27] ⚠️ VPN not active. Initiating simulation/fallback.
[2026-02-16 15:17:27] ✅ Simulated VPN activation successful (flag created).
[2026-02-16 15:17:27] ---- Check complete: PASS (Simulated) ----

[2026-02-16 15:32:31] ---- Starting VPN Auto-Detect/Activate check ----
[2026-02-16 15:32:31] Simulating connection to SSID BART-WiFi
[2026-02-16 15:32:31] ⚠️ VPN not active. Initiating simulation/fallback.
[2026-02-16 15:32:31] ✅ Simulated VPN activation successful (flag created).
[2026-02-16 15:32:32] ---- Check complete: PASS (Simulated) ----

[2026-02-16 15:47:36] ---- Starting VPN Auto-Detect/Activate check ----
[2026-02-16 15:47:36] Simulating connection to SSID BART-WiFi
[2026-02-16 15:47:36] ⚠️ VPN not active. Initiating simulation/fallback.
[2026-02-16 15:47:36] ✅ Simulated VPN activation successful (flag created).
[2026-02-16 15:47:36] ---- Check complete: PASS (Simulated) ----

[2026-02-16 16:02:41] ---- Starting VPN Auto-Detect/Activate check ----
[2026-02-16 16:02:41] Simulating connection to SSID BART-WiFi
[2026-02-16 16:02:41] ⚠️ VPN not active. Initiating simulation/fallback.
[2026-02-16 16:02:41] ✅ Simulated VPN activation successful (flag created).
[2026-02-16 16:02:41] ---- Check complete: PASS (Simulated) ----

[2026-02-16 16:17:46] ---- Starting VPN Auto-Detect/Activate check ----
[2026-02-16 16:17:46] Simulating connection to SSID BART-WiFi
[2026-02-16 16:17:46] ⚠️ VPN not active. Initiating simulation/fallback.
[2026-02-16 16:17:46] ✅ Simulated VPN activation successful (flag created).
[2026-02-16 16:17:46] ---- Check complete: PASS (Simulated) ----

[2026-02-16 16:32:50] ---- Starting VPN Auto-Detect/Activate check ----
[2026-02-16 16:32:50] Simulating connection to SSID BART-WiFi
[2026-02-16 16:32:50] ⚠️ VPN not active. Initiating simulation/fallback.
[2026-02-16 16:32:50] ✅ Simulated VPN activation successful (flag created).
[2026-02-16 16:32:51] ---- Check complete: PASS (Simulated) ----

[2026-02-16 16:47:55] ---- Starting VPN Auto-Detect/Activate check ----
[2026-02-16 16:47:55] Simulating connection to SSID BART-WiFi
[2026-02-16 16:47:55] ⚠️ VPN not active. Initiating simulation/fallback.
[2026-02-16 16:47:55] ✅ Simulated VPN activation successful (flag created).
[2026-02-16 16:47:55] ---- Check complete: PASS (Simulated) ----

[2026-02-16 17:03:00] ---- Starting VPN Auto-Detect/Activate check ----
[2026-02-16 17:03:00] Simulating connection to SSID BART-WiFi
[2026-02-16 17:03:00] ⚠️ VPN not active. Initiating simulation/fallback.
[2026-02-16 17:03:00] ✅ Simulated VPN activation successful (flag created).
[2026-02-16 17:03:00] ---- Check complete: PASS (Simulated) ----

[2026-02-16 17:18:05] ---- Starting VPN Auto-Detect/Activate check ----
[2026-02-16 17:18:05] Simulating connection to SSID BART-WiFi
[2026-02-16 17:18:05] ⚠️ VPN not active. Initiating simulation/fallback.
[2026-02-16 17:18:05] ✅ Simulated VPN activation successful (flag created).
[2026-02-16 17:18:05] ---- Check complete: PASS (Simulated) ----

[2026-02-16 17:33:10] ---- Starting VPN Auto-Detect/Activate check ----
[2026-02-16 17:33:10] Simulating connection to SSID BART-WiFi
[2026-02-16 17:33:10] ⚠️ VPN not active. Initiating simulation/fallback.
[2026-02-16 17:33:10] ✅ Simulated VPN activation successful (flag created).
[2026-02-16 17:33:10] ---- Check complete: PASS (Simulated) ----

[2026-02-16 17:48:14] ---- Starting VPN Auto-Detect/Activate check ----
[2026-02-16 17:48:14] Simulating connection to SSID BART-WiFi
[2026-02-16 17:48:14] ⚠️ VPN not active. Initiating simulation/fallback.
[2026-02-16 17:48:14] ✅ Simulated VPN activation successful (flag created).
[2026-02-16 17:48:14] ---- Check complete: PASS (Simulated) ----

[2026-02-16 18:03:19] ---- Starting VPN Auto-Detect/Activate check ----
[2026-02-16 18:03:19] Simulating connection to SSID BART-WiFi
[2026-02-16 18:03:19] ⚠️ VPN not active. Initiating simulation/fallback.
[2026-02-16 18:03:19] ✅ Simulated VPN activation successful (flag created).
[2026-02-16 18:03:19] ---- Check complete: PASS (Simulated) ----

[2026-02-16 18:18:23] ---- Starting VPN Auto-Detect/Activate check ----
[2026-02-16 18:18:23] Simulating connection to SSID BART-WiFi
[2026-02-16 18:18:23] ⚠️ VPN not active. Initiating simulation/fallback.
[2026-02-16 18:18:23] ✅ Simulated VPN activation successful (flag created).
[2026-02-16 18:18:23] ---- Check complete: PASS (Simulated) ----

[2026-02-16 18:33:30] ---- Starting VPN Auto-Detect/Activate check ----
[2026-02-16 18:33:30] Simulating connection to SSID BART-WiFi
[2026-02-16 18:33:30] ⚠️ VPN not active. Initiating simulation/fallback.
[2026-02-16 18:33:30] ✅ Simulated VPN activation successful (flag created).
[2026-02-16 18:33:30] ---- Check complete: PASS (Simulated) ----

[2026-02-16 18:48:34] ---- Starting VPN Auto-Detect/Activate check ----
[2026-02-16 18:48:34] Simulating connection to SSID BART-WiFi
[2026-02-16 18:48:34] ⚠️ VPN not active. Initiating simulation/fallback.
[2026-02-16 18:48:34] ✅ Simulated VPN activation successful (flag created).
[2026-02-16 18:48:34] ---- Check complete: PASS (Simulated) ----

[2026-02-16 19:03:39] ---- Starting VPN Auto-Detect/Activate check ----
[2026-02-16 19:03:39] Simulating connection to SSID BART-WiFi
[2026-02-16 19:03:39] ⚠️ VPN not active. Initiating simulation/fallback.
[2026-02-16 19:03:39] ✅ Simulated VPN activation successful (flag created).
[2026-02-16 19:03:39] ---- Check complete: PASS (Simulated) ----

[2026-02-16 19:18:44] ---- Starting VPN Auto-Detect/Activate check ----
[2026-02-16 19:18:44] Simulating connection to SSID BART-WiFi
[2026-02-16 19:18:44] ⚠️ VPN not active. Initiating simulation/fallback.
[2026-02-16 19:18:44] ✅ Simulated VPN activation successful (flag created).
[2026-02-16 19:18:44] ---- Check complete: PASS (Simulated) ----

[2026-02-16 19:33:48] ---- Starting VPN Auto-Detect/Activate check ----
[2026-02-16 19:33:48] Simulating connection to SSID BART-WiFi
[2026-02-16 19:33:48] ⚠️ VPN not active. Initiating simulation/fallback.
[2026-02-16 19:33:48] ✅ Simulated VPN activation successful (flag created).
[2026-02-16 19:33:48] ---- Check complete: PASS (Simulated) ----

[2026-02-16 19:48:52] ---- Starting VPN Auto-Detect/Activate check ----
[2026-02-16 19:48:52] Simulating connection to SSID BART-WiFi
[2026-02-16 19:48:52] ⚠️ VPN not active. Initiating simulation/fallback.
[2026-02-16 19:48:52] ✅ Simulated VPN activation successful (flag created).
[2026-02-16 19:48:52] ---- Check complete: PASS (Simulated) ----

[2026-02-16 20:03:57] ---- Starting VPN Auto-Detect/Activate check ----
[2026-02-16 20:03:57] Simulating connection to SSID BART-WiFi
[2026-02-16 20:03:57] ⚠️ VPN not active. Initiating simulation/fallback.
[2026-02-16 20:03:57] ✅ Simulated VPN activation successful (flag created).
[2026-02-16 20:03:57] ---- Check complete: PASS (Simulated) ----

[2026-02-16 20:19:02] ---- Starting VPN Auto-Detect/Activate check ----
[2026-02-16 20:19:02] Simulating connection to SSID BART-WiFi
[2026-02-16 20:19:02] ⚠️ VPN not active. Initiating simulation/fallback.
[2026-02-16 20:19:02] ✅ Simulated VPN activation successful (flag created).
[2026-02-16 20:19:02] ---- Check complete: PASS (Simulated) ----

[2026-02-16 20:34:07] ---- Starting VPN Auto-Detect/Activate check ----
[2026-02-16 20:34:07] Simulating connection to SSID BART-WiFi
[2026-02-16 20:34:07] ⚠️ VPN not active. Initiating simulation/fallback.
[2026-02-16 20:34:07] ✅ Simulated VPN activation successful (flag created).
[2026-02-16 20:34:07] ---- Check complete: PASS (Simulated) ----

[2026-02-16 20:49:12] ---- Starting VPN Auto-Detect/Activate check ----
[2026-02-16 20:49:12] Simulating connection to SSID BART-WiFi
[2026-02-16 20:49:12] ⚠️ VPN not active. Initiating simulation/fallback.
[2026-02-16 20:49:12] ✅ Simulated VPN activation successful (flag created).
[2026-02-16 20:49:12] ---- Check complete: PASS (Simulated) ----

[2026-02-16 21:04:16] ---- Starting VPN Auto-Detect/Activate check ----
[2026-02-16 21:04:16] Simulating connection to SSID BART-WiFi
[2026-02-16 21:04:16] ⚠️ VPN not active. Initiating simulation/fallback.
[2026-02-16 21:04:16] ✅ Simulated VPN activation successful (flag created).
[2026-02-16 21:04:16] ---- Check complete: PASS (Simulated) ----

[2026-02-16 21:19:21] ---- Starting VPN Auto-Detect/Activate check ----
[2026-02-16 21:19:21] Simulating connection to SSID BART-WiFi
[2026-02-16 21:19:21] ⚠️ VPN not active. Initiating simulation/fallback.
[2026-02-16 21:19:21] ✅ Simulated VPN activation successful (flag created).
[2026-02-16 21:19:21] ---- Check complete: PASS (Simulated) ----

[2026-02-16 21:34:26] ---- Starting VPN Auto-Detect/Activate check ----
[2026-02-16 21:34:26] Simulating connection to SSID BART-WiFi
[2026-02-16 21:34:26] ⚠️ VPN not active. Initiating simulation/fallback.
[2026-02-16 21:34:26] ✅ Simulated VPN activation successful (flag created).
[2026-02-16 21:34:26] ---- Check complete: PASS (Simulated) ----

[2026-02-16 21:49:30] ---- Starting VPN Auto-Detect/Activate check ----
[2026-02-16 21:49:30] Simulating connection to SSID BART-WiFi
[2026-02-16 21:49:30] ⚠️ VPN not active. Initiating simulation/fallback.
[2026-02-16 21:49:30] ✅ Simulated VPN activation successful (flag created).
[2026-02-16 21:49:30] ---- Check complete: PASS (Simulated) ----

[2026-02-16 22:04:35] ---- Starting VPN Auto-Detect/Activate check ----
[2026-02-16 22:04:35] Simulating connection to SSID BART-WiFi
[2026-02-16 22:04:35] ⚠️ VPN not active. Initiating simulation/fallback.
[2026-02-16 22:04:35] ✅ Simulated VPN activation successful (flag created).
[2026-02-16 22:04:35] ---- Check complete: PASS (Simulated) ----

[2026-02-16 22:19:40] ---- Starting VPN Auto-Detect/Activate check ----
[2026-02-16 22:19:40] Simulating connection to SSID BART-WiFi
[2026-02-16 22:19:40] ⚠️ VPN not active. Initiating simulation/fallback.
[2026-02-16 22:19:40] ✅ Simulated VPN activation successful (flag created).
[2026-02-16 22:19:40] ---- Check complete: PASS (Simulated) ----

[2026-02-16 22:34:44] ---- Starting VPN Auto-Detect/Activate check ----
[2026-02-16 22:34:45] Simulating connection to SSID BART-WiFi
[2026-02-16 22:34:45] ⚠️ VPN not active. Initiating simulation/fallback.
[2026-02-16 22:34:45] ✅ Simulated VPN activation successful (flag created).
[2026-02-16 22:34:45] ---- Check complete: PASS (Simulated) ----

[2026-02-16 22:49:49] ---- Starting VPN Auto-Detect/Activate check ----
[2026-02-16 22:49:49] Simulating connection to SSID BART-WiFi
[2026-02-16 22:49:49] ⚠️ VPN not active. Initiating simulation/fallback.
[2026-02-16 22:49:49] ✅ Simulated VPN activation successful (flag created).
[2026-02-16 22:49:49] ---- Check complete: PASS (Simulated) ----

[2026-02-16 23:04:54] ---- Starting VPN Auto-Detect/Activate check ----
[2026-02-16 23:04:54] Simulating connection to SSID BART-WiFi
[2026-02-16 23:04:54] ⚠️ VPN not active. Initiating simulation/fallback.
[2026-02-16 23:04:54] ✅ Simulated VPN activation successful (flag created).
[2026-02-16 23:04:54] ---- Check complete: PASS (Simulated) ----

[2026-02-16 23:19:59] ---- Starting VPN Auto-Detect/Activate check ----
[2026-02-16 23:19:59] Simulating connection to SSID BART-WiFi
[2026-02-16 23:19:59] ⚠️ VPN not active. Initiating simulation/fallback.
[2026-02-16 23:19:59] ✅ Simulated VPN activation successful (flag created).
[2026-02-16 23:19:59] ---- Check complete: PASS (Simulated) ----

[2026-02-16 23:35:04] ---- Starting VPN Auto-Detect/Activate check ----
[2026-02-16 23:35:04] Simulating connection to SSID BART-WiFi
[2026-02-16 23:35:04] ⚠️ VPN not active. Initiating simulation/fallback.
[2026-02-16 23:35:04] ✅ Simulated VPN activation successful (flag created).
[2026-02-16 23:35:04] ---- Check complete: PASS (Simulated) ----

[2026-02-16 23:50:09] ---- Starting VPN Auto-Detect/Activate check ----
[2026-02-16 23:50:09] Simulating connection to SSID BART-WiFi
[2026-02-16 23:50:09] ⚠️ VPN not active. Initiating simulation/fallback.
[2026-02-16 23:50:09] ✅ Simulated VPN activation successful (flag created).
[2026-02-16 23:50:09] ---- Check complete: PASS (Simulated) ----

[2026-02-17 00:05:14] ---- Starting VPN Auto-Detect/Activate check ----
[2026-02-17 00:05:14] Simulating connection to SSID BART-WiFi
[2026-02-17 00:05:14] ⚠️ VPN not active. Initiating simulation/fallback.
[2026-02-17 00:05:14] ✅ Simulated VPN activation successful (flag created).
[2026-02-17 00:05:14] ---- Check complete: PASS (Simulated) ----

[2026-02-17 00:20:19] ---- Starting VPN Auto-Detect/Activate check ----
[2026-02-17 00:20:19] Simulating connection to SSID BART-WiFi
[2026-02-17 00:20:19] ⚠️ VPN not active. Initiating simulation/fallback.
[2026-02-17 00:20:19] ✅ Simulated VPN activation successful (flag created).
[2026-02-17 00:20:19] ---- Check complete: PASS (Simulated) ----

[2026-02-17 00:35:24] ---- Starting VPN Auto-Detect/Activate check ----
[2026-02-17 00:35:24] Simulating connection to SSID BART-WiFi
[2026-02-17 00:35:24] ⚠️ VPN not active. Initiating simulation/fallback.
[2026-02-17 00:35:24] ✅ Simulated VPN activation successful (flag created).
[2026-02-17 00:35:24] ---- Check complete: PASS (Simulated) ----

[2026-02-17 00:50:29] ---- Starting VPN Auto-Detect/Activate check ----
[2026-02-17 00:50:29] Simulating connection to SSID BART-WiFi
[2026-02-17 00:50:29] ⚠️ VPN not active. Initiating simulation/fallback.
[2026-02-17 00:50:29] ✅ Simulated VPN activation successful (flag created).
[2026-02-17 00:50:29] ---- Check complete: PASS (Simulated) ----

[2026-02-17 01:05:34] ---- Starting VPN Auto-Detect/Activate check ----
[2026-02-17 01:05:34] Simulating connection to SSID BART-WiFi
[2026-02-17 01:05:34] ⚠️ VPN not active. Initiating simulation/fallback.
[2026-02-17 01:05:34] ✅ Simulated VPN activation successful (flag created).
[2026-02-17 01:05:34] ---- Check complete: PASS (Simulated) ----

[2026-02-17 01:20:38] ---- Starting VPN Auto-Detect/Activate check ----
[2026-02-17 01:20:38] Simulating connection to SSID BART-WiFi
[2026-02-17 01:20:38] ⚠️ VPN not active. Initiating simulation/fallback.
[2026-02-17 01:20:38] ✅ Simulated VPN activation successful (flag created).
[2026-02-17 01:20:38] ---- Check complete: PASS (Simulated) ----

[2026-02-17 01:35:43] ---- Starting VPN Auto-Detect/Activate check ----
[2026-02-17 01:35:43] Simulating connection to SSID BART-WiFi
[2026-02-17 01:35:43] ⚠️ VPN not active. Initiating simulation/fallback.
[2026-02-17 01:35:43] ✅ Simulated VPN activation successful (flag created).
[2026-02-17 01:35:43] ---- Check complete: PASS (Simulated) ----

[2026-02-17 01:50:49] ---- Starting VPN Auto-Detect/Activate check ----
[2026-02-17 01:50:49] Simulating connection to SSID BART-WiFi
[2026-02-17 01:50:49] ⚠️ VPN not active. Initiating simulation/fallback.
[2026-02-17 01:50:49] ✅ Simulated VPN activation successful (flag created).
[2026-02-17 01:50:49] ---- Check complete: PASS (Simulated) ----

[2026-02-17 02:05:54] ---- Starting VPN Auto-Detect/Activate check ----
[2026-02-17 02:05:55] Simulating connection to SSID BART-WiFi
[2026-02-17 02:05:55] ⚠️ VPN not active. Initiating simulation/fallback.
[2026-02-17 02:05:55] ✅ Simulated VPN activation successful (flag created).
[2026-02-17 02:05:55] ---- Check complete: PASS (Simulated) ----

[2026-02-17 02:20:59] ---- Starting VPN Auto-Detect/Activate check ----
[2026-02-17 02:20:59] Simulating connection to SSID BART-WiFi
[2026-02-17 02:20:59] ⚠️ VPN not active. Initiating simulation/fallback.
[2026-02-17 02:20:59] ✅ Simulated VPN activation successful (flag created).
[2026-02-17 02:20:59] ---- Check complete: PASS (Simulated) ----

[2026-02-17 02:36:04] ---- Starting VPN Auto-Detect/Activate check ----
[2026-02-17 02:36:04] Simulating connection to SSID BART-WiFi
[2026-02-17 02:36:04] ⚠️ VPN not active. Initiating simulation/fallback.
[2026-02-17 02:36:04] ✅ Simulated VPN activation successful (flag created).
[2026-02-17 02:36:04] ---- Check complete: PASS (Simulated) ----

[2026-02-17 02:51:10] ---- Starting VPN Auto-Detect/Activate check ----
[2026-02-17 02:51:10] Simulating connection to SSID BART-WiFi
[2026-02-17 02:51:10] ⚠️ VPN not active. Initiating simulation/fallback.
[2026-02-17 02:51:10] ✅ Simulated VPN activation successful (flag created).
[2026-02-17 02:51:10] ---- Check complete: PASS (Simulated) ----

[2026-02-17 03:06:15] ---- Starting VPN Auto-Detect/Activate check ----
[2026-02-17 03:06:15] Simulating connection to SSID BART-WiFi
[2026-02-17 03:06:15] ⚠️ VPN not active. Initiating simulation/fallback.
[2026-02-17 03:06:15] ✅ Simulated VPN activation successful (flag created).
[2026-02-17 03:06:15] ---- Check complete: PASS (Simulated) ----

[2026-02-17 03:21:20] ---- Starting VPN Auto-Detect/Activate check ----
[2026-02-17 03:21:20] Simulating connection to SSID BART-WiFi
[2026-02-17 03:21:20] ⚠️ VPN not active. Initiating simulation/fallback.
[2026-02-17 03:21:20] ✅ Simulated VPN activation successful (flag created).
[2026-02-17 03:21:20] ---- Check complete: PASS (Simulated) ----

[2026-02-17 03:36:25] ---- Starting VPN Auto-Detect/Activate check ----
[2026-02-17 03:36:25] Simulating connection to SSID BART-WiFi
[2026-02-17 03:36:25] ⚠️ VPN not active. Initiating simulation/fallback.
[2026-02-17 03:36:25] ✅ Simulated VPN activation successful (flag created).
[2026-02-17 03:36:25] ---- Check complete: PASS (Simulated) ----

[2026-02-17 03:51:29] ---- Starting VPN Auto-Detect/Activate check ----
[2026-02-17 03:51:29] Simulating connection to SSID BART-WiFi
[2026-02-17 03:51:29] ⚠️ VPN not active. Initiating simulation/fallback.
[2026-02-17 03:51:29] ✅ Simulated VPN activation successful (flag created).
[2026-02-17 03:51:29] ---- Check complete: PASS (Simulated) ----

[2026-02-17 04:06:34] ---- Starting VPN Auto-Detect/Activate check ----
[2026-02-17 04:06:34] Simulating connection to SSID BART-WiFi
[2026-02-17 04:06:34] ⚠️ VPN not active. Initiating simulation/fallback.
[2026-02-17 04:06:34] ✅ Simulated VPN activation successful (flag created).
[2026-02-17 04:06:34] ---- Check complete: PASS (Simulated) ----

[2026-02-17 04:21:39] ---- Starting VPN Auto-Detect/Activate check ----
[2026-02-17 04:21:39] Simulating connection to SSID BART-WiFi
[2026-02-17 04:21:39] ⚠️ VPN not active. Initiating simulation/fallback.
[2026-02-17 04:21:39] ✅ Simulated VPN activation successful (flag created).
[2026-02-17 04:21:39] ---- Check complete: PASS (Simulated) ----

[2026-02-17 04:36:43] ---- Starting VPN Auto-Detect/Activate check ----
[2026-02-17 04:36:43] Simulating connection to SSID BART-WiFi
[2026-02-17 04:36:43] ⚠️ VPN not active. Initiating simulation/fallback.
[2026-02-17 04:36:43] ✅ Simulated VPN activation successful (flag created).
[2026-02-17 04:36:43] ---- Check complete: PASS (Simulated) ----

[2026-02-17 04:51:48] ---- Starting VPN Auto-Detect/Activate check ----
[2026-02-17 04:51:48] Simulating connection to SSID BART-WiFi
[2026-02-17 04:51:48] ⚠️ VPN not active. Initiating simulation/fallback.
[2026-02-17 04:51:48] ✅ Simulated VPN activation successful (flag created).
[2026-02-17 04:51:48] ---- Check complete: PASS (Simulated) ----

[2026-02-17 05:06:52] ---- Starting VPN Auto-Detect/Activate check ----
[2026-02-17 05:06:52] Simulating connection to SSID BART-WiFi
[2026-02-17 05:06:53] ⚠️ VPN not active. Initiating simulation/fallback.
[2026-02-17 05:06:53] ✅ Simulated VPN activation successful (flag created).
[2026-02-17 05:06:53] ---- Check complete: PASS (Simulated) ----

[2026-02-17 05:21:58] ---- Starting VPN Auto-Detect/Activate check ----
[2026-02-17 05:21:58] Simulating connection to SSID BART-WiFi
[2026-02-17 05:21:58] ⚠️ VPN not active. Initiating simulation/fallback.
[2026-02-17 05:21:58] ✅ Simulated VPN activation successful (flag created).
[2026-02-17 05:21:58] ---- Check complete: PASS (Simulated) ----

[2026-02-17 05:37:04] ---- Starting VPN Auto-Detect/Activate check ----
[2026-02-17 05:37:04] Simulating connection to SSID BART-WiFi
[2026-02-17 05:37:04] ⚠️ VPN not active. Initiating simulation/fallback.
[2026-02-17 05:37:04] ✅ Simulated VPN activation successful (flag created).
[2026-02-17 05:37:04] ---- Check complete: PASS (Simulated) ----

[2026-02-17 05:52:09] ---- Starting VPN Auto-Detect/Activate check ----
[2026-02-17 05:52:09] Simulating connection to SSID BART-WiFi
[2026-02-17 05:52:09] ⚠️ VPN not active. Initiating simulation/fallback.
[2026-02-17 05:52:09] ✅ Simulated VPN activation successful (flag created).
[2026-02-17 05:52:09] ---- Check complete: PASS (Simulated) ----

[2026-02-17 06:07:13] ---- Starting VPN Auto-Detect/Activate check ----
[2026-02-17 06:07:13] Simulating connection to SSID BART-WiFi
[2026-02-17 06:07:13] ⚠️ VPN not active. Initiating simulation/fallback.
[2026-02-17 06:07:13] ✅ Simulated VPN activation successful (flag created).
[2026-02-17 06:07:13] ---- Check complete: PASS (Simulated) ----

[2026-02-17 06:22:18] ---- Starting VPN Auto-Detect/Activate check ----
[2026-02-17 06:22:18] Simulating connection to SSID BART-WiFi
[2026-02-17 06:22:18] ⚠️ VPN not active. Initiating simulation/fallback.
[2026-02-17 06:22:18] ✅ Simulated VPN activation successful (flag created).
[2026-02-17 06:22:18] ---- Check complete: PASS (Simulated) ----

[2026-02-17 06:37:23] ---- Starting VPN Auto-Detect/Activate check ----
[2026-02-17 06:37:23] Simulating connection to SSID BART-WiFi
[2026-02-17 06:37:23] ⚠️ VPN not active. Initiating simulation/fallback.
[2026-02-17 06:37:23] ✅ Simulated VPN activation successful (flag created).
[2026-02-17 06:37:23] ---- Check complete: PASS (Simulated) ----

[2026-02-17 06:52:28] ---- Starting VPN Auto-Detect/Activate check ----
[2026-02-17 06:52:28] Simulating connection to SSID BART-WiFi
[2026-02-17 06:52:28] ⚠️ VPN not active. Initiating simulation/fallback.
[2026-02-17 06:52:28] ✅ Simulated VPN activation successful (flag created).
[2026-02-17 06:52:28] ---- Check complete: PASS (Simulated) ----

[2026-02-17 07:07:32] ---- Starting VPN Auto-Detect/Activate check ----
[2026-02-17 07:07:32] Simulating connection to SSID BART-WiFi
[2026-02-17 07:07:32] ⚠️ VPN not active. Initiating simulation/fallback.
[2026-02-17 07:07:32] ✅ Simulated VPN activation successful (flag created).
[2026-02-17 07:07:32] ---- Check complete: PASS (Simulated) ----

[2026-02-17 07:22:37] ---- Starting VPN Auto-Detect/Activate check ----
[2026-02-17 07:22:37] Simulating connection to SSID BART-WiFi
[2026-02-17 07:22:37] ⚠️ VPN not active. Initiating simulation/fallback.
[2026-02-17 07:22:37] ✅ Simulated VPN activation successful (flag created).
[2026-02-17 07:22:37] ---- Check complete: PASS (Simulated) ----

[2026-02-17 07:37:42] ---- Starting VPN Auto-Detect/Activate check ----
[2026-02-17 07:37:42] Simulating connection to SSID BART-WiFi
[2026-02-17 07:37:42] ⚠️ VPN not active. Initiating simulation/fallback.
[2026-02-17 07:37:42] ✅ Simulated VPN activation successful (flag created).
[2026-02-17 07:37:42] ---- Check complete: PASS (Simulated) ----

[2026-02-17 07:52:47] ---- Starting VPN Auto-Detect/Activate check ----
[2026-02-17 07:52:47] Simulating connection to SSID BART-WiFi
[2026-02-17 07:52:47] ⚠️ VPN not active. Initiating simulation/fallback.
[2026-02-17 07:52:47] ✅ Simulated VPN activation successful (flag created).
[2026-02-17 07:52:47] ---- Check complete: PASS (Simulated) ----

[2026-02-17 08:07:51] ---- Starting VPN Auto-Detect/Activate check ----
[2026-02-17 08:07:51] Simulating connection to SSID BART-WiFi
[2026-02-17 08:07:51] ⚠️ VPN not active. Initiating simulation/fallback.
[2026-02-17 08:07:52] ✅ Simulated VPN activation successful (flag created).
[2026-02-17 08:07:52] ---- Check complete: PASS (Simulated) ----

[2026-02-17 08:22:56] ---- Starting VPN Auto-Detect/Activate check ----
[2026-02-17 08:22:56] Simulating connection to SSID BART-WiFi
[2026-02-17 08:22:56] ⚠️ VPN not active. Initiating simulation/fallback.
[2026-02-17 08:22:56] ✅ Simulated VPN activation successful (flag created).
[2026-02-17 08:22:56] ---- Check complete: PASS (Simulated) ----

[2026-02-17 08:38:02] ---- Starting VPN Auto-Detect/Activate check ----
[2026-02-17 08:38:02] Simulating connection to SSID BART-WiFi
[2026-02-17 08:38:02] ⚠️ VPN not active. Initiating simulation/fallback.
[2026-02-17 08:38:02] ✅ Simulated VPN activation successful (flag created).
[2026-02-17 08:38:02] ---- Check complete: PASS (Simulated) ----

[2026-02-17 08:53:07] ---- Starting VPN Auto-Detect/Activate check ----
[2026-02-17 08:53:07] Simulating connection to SSID BART-WiFi
[2026-02-17 08:53:07] ⚠️ VPN not active. Initiating simulation/fallback.
[2026-02-17 08:53:07] ✅ Simulated VPN activation successful (flag created).
[2026-02-17 08:53:07] ---- Check complete: PASS (Simulated) ----

[2026-02-17 09:08:11] ---- Starting VPN Auto-Detect/Activate check ----
[2026-02-17 09:08:11] Simulating connection to SSID BART-WiFi
[2026-02-17 09:08:11] ⚠️ VPN not active. Initiating simulation/fallback.
[2026-02-17 09:08:11] ✅ Simulated VPN activation successful (flag created).
[2026-02-17 09:08:11] ---- Check complete: PASS (Simulated) ----

[2026-02-17 09:23:17] ---- Starting VPN Auto-Detect/Activate check ----
[2026-02-17 09:23:17] Simulating connection to SSID BART-WiFi
[2026-02-17 09:23:17] ⚠️ VPN not active. Initiating simulation/fallback.
[2026-02-17 09:23:17] ✅ Simulated VPN activation successful (flag created).
[2026-02-17 09:23:17] ---- Check complete: PASS (Simulated) ----

[2026-02-17 09:38:22] ---- Starting VPN Auto-Detect/Activate check ----
[2026-02-17 09:38:22] Simulating connection to SSID BART-WiFi
[2026-02-17 09:38:22] ⚠️ VPN not active. Initiating simulation/fallback.
[2026-02-17 09:38:22] ✅ Simulated VPN activation successful (flag created).
[2026-02-17 09:38:22] ---- Check complete: PASS (Simulated) ----

[2026-02-17 09:53:27] ---- Starting VPN Auto-Detect/Activate check ----
[2026-02-17 09:53:27] Simulating connection to SSID BART-WiFi
[2026-02-17 09:53:27] ⚠️ VPN not active. Initiating simulation/fallback.
[2026-02-17 09:53:27] ✅ Simulated VPN activation successful (flag created).
[2026-02-17 09:53:27] ---- Check complete: PASS (Simulated) ----

[2026-02-17 10:08:32] ---- Starting VPN Auto-Detect/Activate check ----
[2026-02-17 10:08:32] Simulating connection to SSID BART-WiFi
[2026-02-17 10:08:32] ⚠️ VPN not active. Initiating simulation/fallback.
[2026-02-17 10:08:32] ✅ Simulated VPN activation successful (flag created).
[2026-02-17 10:08:32] ---- Check complete: PASS (Simulated) ----

[2026-02-17 10:23:37] ---- Starting VPN Auto-Detect/Activate check ----
[2026-02-17 10:23:37] Simulating connection to SSID BART-WiFi
[2026-02-17 10:23:37] ⚠️ VPN not active. Initiating simulation/fallback.
[2026-02-17 10:23:37] ✅ Simulated VPN activation successful (flag created).
[2026-02-17 10:23:37] ---- Check complete: PASS (Simulated) ----

[2026-02-17 10:38:43] ---- Starting VPN Auto-Detect/Activate check ----
[2026-02-17 10:38:43] Simulating connection to SSID BART-WiFi
[2026-02-17 10:38:43] ⚠️ VPN not active. Initiating simulation/fallback.
[2026-02-17 10:38:43] ✅ Simulated VPN activation successful (flag created).
[2026-02-17 10:38:43] ---- Check complete: PASS (Simulated) ----

[2026-02-17 10:53:48] ---- Starting VPN Auto-Detect/Activate check ----
[2026-02-17 10:53:48] Simulating connection to SSID BART-WiFi
[2026-02-17 10:53:48] ⚠️ VPN not active. Initiating simulation/fallback.
[2026-02-17 10:53:48] ✅ Simulated VPN activation successful (flag created).
[2026-02-17 10:53:48] ---- Check complete: PASS (Simulated) ----

[2026-02-17 11:08:53] ---- Starting VPN Auto-Detect/Activate check ----
[2026-02-17 11:08:53] Simulating connection to SSID BART-WiFi
[2026-02-17 11:08:53] ⚠️ VPN not active. Initiating simulation/fallback.
[2026-02-17 11:08:53] ✅ Simulated VPN activation successful (flag created).
[2026-02-17 11:08:53] ---- Check complete: PASS (Simulated) ----

[2026-02-17 11:23:57] ---- Starting VPN Auto-Detect/Activate check ----
[2026-02-17 11:23:57] Simulating connection to SSID BART-WiFi
[2026-02-17 11:23:57] ⚠️ VPN not active. Initiating simulation/fallback.
[2026-02-17 11:23:57] ✅ Simulated VPN activation successful (flag created).
[2026-02-17 11:23:57] ---- Check complete: PASS (Simulated) ----

[2026-02-17 11:39:04] ---- Starting VPN Auto-Detect/Activate check ----
[2026-02-17 11:39:04] Simulating connection to SSID BART-WiFi
[2026-02-17 11:39:04] ⚠️ VPN not active. Initiating simulation/fallback.
[2026-02-17 11:39:04] ✅ Simulated VPN activation successful (flag created).
[2026-02-17 11:39:04] ---- Check complete: PASS (Simulated) ----

[2026-02-17 11:54:08] ---- Starting VPN Auto-Detect/Activate check ----
[2026-02-17 11:54:08] Simulating connection to SSID BART-WiFi
[2026-02-17 11:54:08] ⚠️ VPN not active. Initiating simulation/fallback.
[2026-02-17 11:54:08] ✅ Simulated VPN activation successful (flag created).
[2026-02-17 11:54:08] ---- Check complete: PASS (Simulated) ----

[2026-02-17 12:09:13] ---- Starting VPN Auto-Detect/Activate check ----
[2026-02-17 12:09:13] Simulating connection to SSID BART-WiFi
[2026-02-17 12:09:13] ⚠️ VPN not active. Initiating simulation/fallback.
[2026-02-17 12:09:13] ✅ Simulated VPN activation successful (flag created).
[2026-02-17 12:09:13] ---- Check complete: PASS (Simulated) ----

[2026-02-17 12:24:18] ---- Starting VPN Auto-Detect/Activate check ----
[2026-02-17 12:24:18] Simulating connection to SSID BART-WiFi
[2026-02-17 12:24:18] ⚠️ VPN not active. Initiating simulation/fallback.
[2026-02-17 12:24:18] ✅ Simulated VPN activation successful (flag created).
[2026-02-17 12:24:18] ---- Check complete: PASS (Simulated) ----

[2026-02-17 12:39:23] ---- Starting VPN Auto-Detect/Activate check ----
[2026-02-17 12:39:23] Simulating connection to SSID BART-WiFi
[2026-02-17 12:39:23] ⚠️ VPN not active. Initiating simulation/fallback.
[2026-02-17 12:39:23] ✅ Simulated VPN activation successful (flag created).
[2026-02-17 12:39:23] ---- Check complete: PASS (Simulated) ----

[2026-02-17 12:54:28] ---- Starting VPN Auto-Detect/Activate check ----
[2026-02-17 12:54:28] Simulating connection to SSID BART-WiFi
[2026-02-17 12:54:28] ⚠️ VPN not active. Initiating simulation/fallback.
[2026-02-17 12:54:28] ✅ Simulated VPN activation successful (flag created).
[2026-02-17 12:54:28] ---- Check complete: PASS (Simulated) ----

[2026-02-17 13:09:32] ---- Starting VPN Auto-Detect/Activate check ----
[2026-02-17 13:09:32] Simulating connection to SSID BART-WiFi
[2026-02-17 13:09:32] ⚠️ VPN not active. Initiating simulation/fallback.
[2026-02-17 13:09:32] ✅ Simulated VPN activation successful (flag created).
[2026-02-17 13:09:32] ---- Check complete: PASS (Simulated) ----

[2026-02-17 13:24:37] ---- Starting VPN Auto-Detect/Activate check ----
[2026-02-17 13:24:37] Simulating connection to SSID BART-WiFi
[2026-02-17 13:24:37] ⚠️ VPN not active. Initiating simulation/fallback.
[2026-02-17 13:24:37] ✅ Simulated VPN activation successful (flag created).
[2026-02-17 13:24:37] ---- Check complete: PASS (Simulated) ----

[2026-02-17 13:39:42] ---- Starting VPN Auto-Detect/Activate check ----
[2026-02-17 13:39:42] Simulating connection to SSID BART-WiFi
[2026-02-17 13:39:42] ⚠️ VPN not active. Initiating simulation/fallback.
[2026-02-17 13:39:42] ✅ Simulated VPN activation successful (flag created).
[2026-02-17 13:39:42] ---- Check complete: PASS (Simulated) ----

[2026-02-17 13:54:47] ---- Starting VPN Auto-Detect/Activate check ----
[2026-02-17 13:54:47] Simulating connection to SSID BART-WiFi
[2026-02-17 13:54:47] ⚠️ VPN not active. Initiating simulation/fallback.
[2026-02-17 13:54:47] ✅ Simulated VPN activation successful (flag created).
[2026-02-17 13:54:47] ---- Check complete: PASS (Simulated) ----

[2026-02-17 14:09:51] ---- Starting VPN Auto-Detect/Activate check ----
[2026-02-17 14:09:51] Simulating connection to SSID BART-WiFi
[2026-02-17 14:09:51] ⚠️ VPN not active. Initiating simulation/fallback.
[2026-02-17 14:09:51] ✅ Simulated VPN activation successful (flag created).
[2026-02-17 14:09:51] ---- Check complete: PASS (Simulated) ----

[2026-02-17 14:24:56] ---- Starting VPN Auto-Detect/Activate check ----
[2026-02-17 14:24:56] Simulating connection to SSID BART-WiFi
[2026-02-17 14:24:56] ⚠️ VPN not active. Initiating simulation/fallback.
[2026-02-17 14:24:56] ✅ Simulated VPN activation successful (flag created).
[2026-02-17 14:24:56] ---- Check complete: PASS (Simulated) ----

[2026-02-17 14:40:01] ---- Starting VPN Auto-Detect/Activate check ----
[2026-02-17 14:40:01] Simulating connection to SSID BART-WiFi
[2026-02-17 14:40:01] ⚠️ VPN not active. Initiating simulation/fallback.
[2026-02-17 14:40:01] ✅ Simulated VPN activation successful (flag created).
[2026-02-17 14:40:01] ---- Check complete: PASS (Simulated) ----

[2026-02-17 14:55:06] ---- Starting VPN Auto-Detect/Activate check ----
[2026-02-17 14:55:06] Simulating connection to SSID BART-WiFi
[2026-02-17 14:55:06] ⚠️ VPN not active. Initiating simulation/fallback.
[2026-02-17 14:55:06] ✅ Simulated VPN activation successful (flag created).
[2026-02-17 14:55:06] ---- Check complete: PASS (Simulated) ----

[2026-02-17 15:10:11] ---- Starting VPN Auto-Detect/Activate check ----
[2026-02-17 15:10:11] Simulating connection to SSID BART-WiFi
[2026-02-17 15:10:11] ⚠️ VPN not active. Initiating simulation/fallback.
[2026-02-17 15:10:11] ✅ Simulated VPN activation successful (flag created).
[2026-02-17 15:10:11] ---- Check complete: PASS (Simulated) ----

[2026-02-17 15:25:16] ---- Starting VPN Auto-Detect/Activate check ----
[2026-02-17 15:25:16] Simulating connection to SSID BART-WiFi
[2026-02-17 15:25:16] ⚠️ VPN not active. Initiating simulation/fallback.
[2026-02-17 15:25:16] ✅ Simulated VPN activation successful (flag created).
[2026-02-17 15:25:16] ---- Check complete: PASS (Simulated) ----

[2026-02-17 15:40:20] ---- Starting VPN Auto-Detect/Activate check ----
[2026-02-17 15:40:20] Simulating connection to SSID BART-WiFi
[2026-02-17 15:40:20] ⚠️ VPN not active. Initiating simulation/fallback.
[2026-02-17 15:40:20] ✅ Simulated VPN activation successful (flag created).
[2026-02-17 15:40:20] ---- Check complete: PASS (Simulated) ----

[2026-02-17 15:55:26] ---- Starting VPN Auto-Detect/Activate check ----
[2026-02-17 15:55:26] Simulating connection to SSID BART-WiFi
[2026-02-17 15:55:26] ⚠️ VPN not active. Initiating simulation/fallback.
[2026-02-17 15:55:26] ✅ Simulated VPN activation successful (flag created).
[2026-02-17 15:55:26] ---- Check complete: PASS (Simulated) ----

[2026-02-17 16:10:31] ---- Starting VPN Auto-Detect/Activate check ----
[2026-02-17 16:10:31] Simulating connection to SSID BART-WiFi
[2026-02-17 16:10:31] ⚠️ VPN not active. Initiating simulation/fallback.
[2026-02-17 16:10:31] ✅ Simulated VPN activation successful (flag created).
[2026-02-17 16:10:31] ---- Check complete: PASS (Simulated) ----

[2026-02-17 16:25:36] ---- Starting VPN Auto-Detect/Activate check ----
[2026-02-17 16:25:36] Simulating connection to SSID BART-WiFi
[2026-02-17 16:25:36] ⚠️ VPN not active. Initiating simulation/fallback.
[2026-02-17 16:25:36] ✅ Simulated VPN activation successful (flag created).
[2026-02-17 16:25:36] ---- Check complete: PASS (Simulated) ----

[2026-02-17 16:40:41] ---- Starting VPN Auto-Detect/Activate check ----
[2026-02-17 16:40:41] Simulating connection to SSID BART-WiFi
[2026-02-17 16:40:41] ⚠️ VPN not active. Initiating simulation/fallback.
[2026-02-17 16:40:41] ✅ Simulated VPN activation successful (flag created).
[2026-02-17 16:40:41] ---- Check complete: PASS (Simulated) ----

[2026-02-17 16:55:45] ---- Starting VPN Auto-Detect/Activate check ----
[2026-02-17 16:55:45] Simulating connection to SSID BART-WiFi
[2026-02-17 16:55:45] ⚠️ VPN not active. Initiating simulation/fallback.
[2026-02-17 16:55:45] ✅ Simulated VPN activation successful (flag created).
[2026-02-17 16:55:45] ---- Check complete: PASS (Simulated) ----

[2026-02-17 17:10:50] ---- Starting VPN Auto-Detect/Activate check ----
[2026-02-17 17:10:50] Simulating connection to SSID BART-WiFi
[2026-02-17 17:10:50] ⚠️ VPN not active. Initiating simulation/fallback.
[2026-02-17 17:10:50] ✅ Simulated VPN activation successful (flag created).
[2026-02-17 17:10:50] ---- Check complete: PASS (Simulated) ----

[2026-02-17 17:25:54] ---- Starting VPN Auto-Detect/Activate check ----
[2026-02-17 17:25:54] Simulating connection to SSID BART-WiFi
[2026-02-17 17:25:54] ⚠️ VPN not active. Initiating simulation/fallback.
[2026-02-17 17:25:54] ✅ Simulated VPN activation successful (flag created).
[2026-02-17 17:25:54] ---- Check complete: PASS (Simulated) ----

[2026-02-17 17:41:00] ---- Starting VPN Auto-Detect/Activate check ----
[2026-02-17 17:41:00] Simulating connection to SSID BART-WiFi
[2026-02-17 17:41:00] ⚠️ VPN not active. Initiating simulation/fallback.
[2026-02-17 17:41:00] ✅ Simulated VPN activation successful (flag created).
[2026-02-17 17:41:00] ---- Check complete: PASS (Simulated) ----

[2026-02-17 17:56:06] ---- Starting VPN Auto-Detect/Activate check ----
[2026-02-17 17:56:06] Simulating connection to SSID BART-WiFi
[2026-02-17 17:56:06] ⚠️ VPN not active. Initiating simulation/fallback.
[2026-02-17 17:56:06] ✅ Simulated VPN activation successful (flag created).
[2026-02-17 17:56:06] ---- Check complete: PASS (Simulated) ----

[2026-02-17 18:11:11] ---- Starting VPN Auto-Detect/Activate check ----
[2026-02-17 18:11:11] Simulating connection to SSID BART-WiFi
[2026-02-17 18:11:11] ⚠️ VPN not active. Initiating simulation/fallback.
[2026-02-17 18:11:11] ✅ Simulated VPN activation successful (flag created).
[2026-02-17 18:11:11] ---- Check complete: PASS (Simulated) ----

[2026-02-17 18:26:16] ---- Starting VPN Auto-Detect/Activate check ----
[2026-02-17 18:26:16] Simulating connection to SSID BART-WiFi
[2026-02-17 18:26:16] ⚠️ VPN not active. Initiating simulation/fallback.
[2026-02-17 18:26:16] ✅ Simulated VPN activation successful (flag created).
[2026-02-17 18:26:16] ---- Check complete: PASS (Simulated) ----

[2026-02-17 18:41:20] ---- Starting VPN Auto-Detect/Activate check ----
[2026-02-17 18:41:21] Simulating connection to SSID BART-WiFi
[2026-02-17 18:41:21] ⚠️ VPN not active. Initiating simulation/fallback.
[2026-02-17 18:41:21] ✅ Simulated VPN activation successful (flag created).
[2026-02-17 18:41:21] ---- Check complete: PASS (Simulated) ----

[2026-02-17 18:56:25] ---- Starting VPN Auto-Detect/Activate check ----
[2026-02-17 18:56:25] Simulating connection to SSID BART-WiFi
[2026-02-17 18:56:25] ⚠️ VPN not active. Initiating simulation/fallback.
[2026-02-17 18:56:25] ✅ Simulated VPN activation successful (flag created).
[2026-02-17 18:56:25] ---- Check complete: PASS (Simulated) ----

[2026-02-17 19:11:30] ---- Starting VPN Auto-Detect/Activate check ----
[2026-02-17 19:11:30] Simulating connection to SSID BART-WiFi
[2026-02-17 19:11:30] ⚠️ VPN not active. Initiating simulation/fallback.
[2026-02-17 19:11:30] ✅ Simulated VPN activation successful (flag created).
[2026-02-17 19:11:30] ---- Check complete: PASS (Simulated) ----

[2026-02-17 19:26:34] ---- Starting VPN Auto-Detect/Activate check ----
[2026-02-17 19:26:34] Simulating connection to SSID BART-WiFi
[2026-02-17 19:26:34] ⚠️ VPN not active. Initiating simulation/fallback.
[2026-02-17 19:26:34] ✅ Simulated VPN activation successful (flag created).
[2026-02-17 19:26:34] ---- Check complete: PASS (Simulated) ----

[2026-02-17 19:41:39] ---- Starting VPN Auto-Detect/Activate check ----
[2026-02-17 19:41:39] Simulating connection to SSID BART-WiFi
[2026-02-17 19:41:39] ⚠️ VPN not active. Initiating simulation/fallback.
[2026-02-17 19:41:39] ✅ Simulated VPN activation successful (flag created).
[2026-02-17 19:41:39] ---- Check complete: PASS (Simulated) ----

[2026-02-17 19:56:44] ---- Starting VPN Auto-Detect/Activate check ----
[2026-02-17 19:56:44] Simulating connection to SSID BART-WiFi
[2026-02-17 19:56:44] ⚠️ VPN not active. Initiating simulation/fallback.
[2026-02-17 19:56:44] ✅ Simulated VPN activation successful (flag created).
[2026-02-17 19:56:44] ---- Check complete: PASS (Simulated) ----

[2026-02-17 20:11:49] ---- Starting VPN Auto-Detect/Activate check ----
[2026-02-17 20:11:49] Simulating connection to SSID BART-WiFi
[2026-02-17 20:11:49] ⚠️ VPN not active. Initiating simulation/fallback.
[2026-02-17 20:11:49] ✅ Simulated VPN activation successful (flag created).
[2026-02-17 20:11:49] ---- Check complete: PASS (Simulated) ----

[2026-02-17 20:26:54] ---- Starting VPN Auto-Detect/Activate check ----
[2026-02-17 20:26:54] Simulating connection to SSID BART-WiFi
[2026-02-17 20:26:54] ⚠️ VPN not active. Initiating simulation/fallback.
[2026-02-17 20:26:54] ✅ Simulated VPN activation successful (flag created).
[2026-02-17 20:26:54] ---- Check complete: PASS (Simulated) ----

[2026-02-17 20:41:59] ---- Starting VPN Auto-Detect/Activate check ----
[2026-02-17 20:41:59] Simulating connection to SSID BART-WiFi
[2026-02-17 20:41:59] ⚠️ VPN not active. Initiating simulation/fallback.
[2026-02-17 20:41:59] ✅ Simulated VPN activation successful (flag created).
[2026-02-17 20:41:59] ---- Check complete: PASS (Simulated) ----

[2026-02-17 20:57:04] ---- Starting VPN Auto-Detect/Activate check ----
[2026-02-17 20:57:04] Simulating connection to SSID BART-WiFi
[2026-02-17 20:57:04] ⚠️ VPN not active. Initiating simulation/fallback.
[2026-02-17 20:57:04] ✅ Simulated VPN activation successful (flag created).
[2026-02-17 20:57:04] ---- Check complete: PASS (Simulated) ----

[2026-02-17 21:12:09] ---- Starting VPN Auto-Detect/Activate check ----
[2026-02-17 21:12:09] Simulating connection to SSID BART-WiFi
[2026-02-17 21:12:09] ⚠️ VPN not active. Initiating simulation/fallback.
[2026-02-17 21:12:09] ✅ Simulated VPN activation successful (flag created).
[2026-02-17 21:12:09] ---- Check complete: PASS (Simulated) ----

[2026-02-17 21:27:14] ---- Starting VPN Auto-Detect/Activate check ----
[2026-02-17 21:27:14] Simulating connection to SSID BART-WiFi
[2026-02-17 21:27:14] ⚠️ VPN not active. Initiating simulation/fallback.
[2026-02-17 21:27:14] ✅ Simulated VPN activation successful (flag created).
[2026-02-17 21:27:14] ---- Check complete: PASS (Simulated) ----

[2026-02-17 21:42:18] ---- Starting VPN Auto-Detect/Activate check ----
[2026-02-17 21:42:18] Simulating connection to SSID BART-WiFi
[2026-02-17 21:42:18] ⚠️ VPN not active. Initiating simulation/fallback.
[2026-02-17 21:42:18] ✅ Simulated VPN activation successful (flag created).
[2026-02-17 21:42:18] ---- Check complete: PASS (Simulated) ----

[2026-02-17 21:57:23] ---- Starting VPN Auto-Detect/Activate check ----
[2026-02-17 21:57:23] Simulating connection to SSID BART-WiFi
[2026-02-17 21:57:23] ⚠️ VPN not active. Initiating simulation/fallback.
[2026-02-17 21:57:23] ✅ Simulated VPN activation successful (flag created).
[2026-02-17 21:57:23] ---- Check complete: PASS (Simulated) ----

[2026-02-17 22:12:28] ---- Starting VPN Auto-Detect/Activate check ----
[2026-02-17 22:12:28] Simulating connection to SSID BART-WiFi
[2026-02-17 22:12:28] ⚠️ VPN not active. Initiating simulation/fallback.
[2026-02-17 22:12:28] ✅ Simulated VPN activation successful (flag created).
[2026-02-17 22:12:28] ---- Check complete: PASS (Simulated) ----

[2026-02-17 22:27:32] ---- Starting VPN Auto-Detect/Activate check ----
[2026-02-17 22:27:32] Simulating connection to SSID BART-WiFi
[2026-02-17 22:27:32] ⚠️ VPN not active. Initiating simulation/fallback.
[2026-02-17 22:27:33] ✅ Simulated VPN activation successful (flag created).
[2026-02-17 22:27:33] ---- Check complete: PASS (Simulated) ----

[2026-02-17 22:42:37] ---- Starting VPN Auto-Detect/Activate check ----
[2026-02-17 22:42:37] Simulating connection to SSID BART-WiFi
[2026-02-17 22:42:37] ⚠️ VPN not active. Initiating simulation/fallback.
[2026-02-17 22:42:37] ✅ Simulated VPN activation successful (flag created).
[2026-02-17 22:42:37] ---- Check complete: PASS (Simulated) ----

[2026-02-17 22:57:42] ---- Starting VPN Auto-Detect/Activate check ----
[2026-02-17 22:57:42] Simulating connection to SSID BART-WiFi
[2026-02-17 22:57:42] ⚠️ VPN not active. Initiating simulation/fallback.
[2026-02-17 22:57:42] ✅ Simulated VPN activation successful (flag created).
[2026-02-17 22:57:42] ---- Check complete: PASS (Simulated) ----

[2026-02-17 23:12:47] ---- Starting VPN Auto-Detect/Activate check ----
[2026-02-17 23:12:47] Simulating connection to SSID BART-WiFi
[2026-02-17 23:12:47] ⚠️ VPN not active. Initiating simulation/fallback.
[2026-02-17 23:12:47] ✅ Simulated VPN activation successful (flag created).
[2026-02-17 23:12:47] ---- Check complete: PASS (Simulated) ----

[2026-02-17 23:27:52] ---- Starting VPN Auto-Detect/Activate check ----
[2026-02-17 23:27:52] Simulating connection to SSID BART-WiFi
[2026-02-17 23:27:52] ⚠️ VPN not active. Initiating simulation/fallback.
[2026-02-17 23:27:52] ✅ Simulated VPN activation successful (flag created).
[2026-02-17 23:27:52] ---- Check complete: PASS (Simulated) ----

[2026-02-17 23:42:57] ---- Starting VPN Auto-Detect/Activate check ----
[2026-02-17 23:42:57] Simulating connection to SSID BART-WiFi
[2026-02-17 23:42:57] ⚠️ VPN not active. Initiating simulation/fallback.
[2026-02-17 23:42:57] ✅ Simulated VPN activation successful (flag created).
[2026-02-17 23:42:57] ---- Check complete: PASS (Simulated) ----

[2026-02-17 23:58:02] ---- Starting VPN Auto-Detect/Activate check ----
[2026-02-17 23:58:02] Simulating connection to SSID BART-WiFi
[2026-02-17 23:58:02] ⚠️ VPN not active. Initiating simulation/fallback.
[2026-02-17 23:58:02] ✅ Simulated VPN activation successful (flag created).
[2026-02-17 23:58:02] ---- Check complete: PASS (Simulated) ----

[2026-02-18 00:13:07] ---- Starting VPN Auto-Detect/Activate check ----
[2026-02-18 00:13:07] Simulating connection to SSID BART-WiFi
[2026-02-18 00:13:07] ⚠️ VPN not active. Initiating simulation/fallback.
[2026-02-18 00:13:07] ✅ Simulated VPN activation successful (flag created).
[2026-02-18 00:13:07] ---- Check complete: PASS (Simulated) ----

[2026-02-18 00:28:12] ---- Starting VPN Auto-Detect/Activate check ----
[2026-02-18 00:28:12] Simulating connection to SSID BART-WiFi
[2026-02-18 00:28:12] ⚠️ VPN not active. Initiating simulation/fallback.
[2026-02-18 00:28:12] ✅ Simulated VPN activation successful (flag created).
[2026-02-18 00:28:12] ---- Check complete: PASS (Simulated) ----

[2026-02-18 00:43:17] ---- Starting VPN Auto-Detect/Activate check ----
[2026-02-18 00:43:17] Simulating connection to SSID BART-WiFi
[2026-02-18 00:43:17] ⚠️ VPN not active. Initiating simulation/fallback.
[2026-02-18 00:43:17] ✅ Simulated VPN activation successful (flag created).
[2026-02-18 00:43:17] ---- Check complete: PASS (Simulated) ----

[2026-02-18 00:58:21] ---- Starting VPN Auto-Detect/Activate check ----
[2026-02-18 00:58:21] Simulating connection to SSID BART-WiFi
[2026-02-18 00:58:21] ⚠️ VPN not active. Initiating simulation/fallback.
[2026-02-18 00:58:21] ✅ Simulated VPN activation successful (flag created).
[2026-02-18 00:58:21] ---- Check complete: PASS (Simulated) ----

[2026-02-18 01:13:26] ---- Starting VPN Auto-Detect/Activate check ----
[2026-02-18 01:13:26] Simulating connection to SSID BART-WiFi
[2026-02-18 01:13:26] ⚠️ VPN not active. Initiating simulation/fallback.
[2026-02-18 01:13:26] ✅ Simulated VPN activation successful (flag created).
[2026-02-18 01:13:26] ---- Check complete: PASS (Simulated) ----

[2026-02-18 01:28:31] ---- Starting VPN Auto-Detect/Activate check ----
[2026-02-18 01:28:31] Simulating connection to SSID BART-WiFi
[2026-02-18 01:28:31] ⚠️ VPN not active. Initiating simulation/fallback.
[2026-02-18 01:28:31] ✅ Simulated VPN activation successful (flag created).
[2026-02-18 01:28:31] ---- Check complete: PASS (Simulated) ----

[2026-02-18 01:43:36] ---- Starting VPN Auto-Detect/Activate check ----
[2026-02-18 01:43:36] Simulating connection to SSID BART-WiFi
[2026-02-18 01:43:36] ⚠️ VPN not active. Initiating simulation/fallback.
[2026-02-18 01:43:36] ✅ Simulated VPN activation successful (flag created).
[2026-02-18 01:43:36] ---- Check complete: PASS (Simulated) ----

[2026-02-18 01:58:41] ---- Starting VPN Auto-Detect/Activate check ----
[2026-02-18 01:58:41] Simulating connection to SSID BART-WiFi
[2026-02-18 01:58:41] ⚠️ VPN not active. Initiating simulation/fallback.
[2026-02-18 01:58:41] ✅ Simulated VPN activation successful (flag created).
[2026-02-18 01:58:41] ---- Check complete: PASS (Simulated) ----

[2026-02-18 02:13:45] ---- Starting VPN Auto-Detect/Activate check ----
[2026-02-18 02:13:45] Simulating connection to SSID BART-WiFi
[2026-02-18 02:13:45] ⚠️ VPN not active. Initiating simulation/fallback.
[2026-02-18 02:13:45] ✅ Simulated VPN activation successful (flag created).
[2026-02-18 02:13:45] ---- Check complete: PASS (Simulated) ----

[2026-02-18 02:28:50] ---- Starting VPN Auto-Detect/Activate check ----
[2026-02-18 02:28:50] Simulating connection to SSID BART-WiFi
[2026-02-18 02:28:50] ⚠️ VPN not active. Initiating simulation/fallback.
[2026-02-18 02:28:50] ✅ Simulated VPN activation successful (flag created).
[2026-02-18 02:28:50] ---- Check complete: PASS (Simulated) ----

[2026-02-18 02:43:55] ---- Starting VPN Auto-Detect/Activate check ----
[2026-02-18 02:43:55] Simulating connection to SSID BART-WiFi
[2026-02-18 02:43:55] ⚠️ VPN not active. Initiating simulation/fallback.
[2026-02-18 02:43:55] ✅ Simulated VPN activation successful (flag created).
[2026-02-18 02:43:55] ---- Check complete: PASS (Simulated) ----

[2026-02-18 02:58:59] ---- Starting VPN Auto-Detect/Activate check ----
[2026-02-18 02:58:59] Simulating connection to SSID BART-WiFi
[2026-02-18 02:58:59] ⚠️ VPN not active. Initiating simulation/fallback.
[2026-02-18 02:58:59] ✅ Simulated VPN activation successful (flag created).
[2026-02-18 02:58:59] ---- Check complete: PASS (Simulated) ----

[2026-02-18 03:14:04] ---- Starting VPN Auto-Detect/Activate check ----
[2026-02-18 03:14:04] Simulating connection to SSID BART-WiFi
[2026-02-18 03:14:04] ⚠️ VPN not active. Initiating simulation/fallback.
[2026-02-18 03:14:04] ✅ Simulated VPN activation successful (flag created).
[2026-02-18 03:14:04] ---- Check complete: PASS (Simulated) ----

[2026-02-18 03:29:09] ---- Starting VPN Auto-Detect/Activate check ----
[2026-02-18 03:29:09] Simulating connection to SSID BART-WiFi
[2026-02-18 03:29:09] ⚠️ VPN not active. Initiating simulation/fallback.
[2026-02-18 03:29:09] ✅ Simulated VPN activation successful (flag created).
[2026-02-18 03:29:09] ---- Check complete: PASS (Simulated) ----

[2026-02-18 03:44:15] ---- Starting VPN Auto-Detect/Activate check ----
[2026-02-18 03:44:15] Simulating connection to SSID BART-WiFi
[2026-02-18 03:44:15] ⚠️ VPN not active. Initiating simulation/fallback.
[2026-02-18 03:44:15] ✅ Simulated VPN activation successful (flag created).
[2026-02-18 03:44:15] ---- Check complete: PASS (Simulated) ----

[2026-02-18 03:59:21] ---- Starting VPN Auto-Detect/Activate check ----
[2026-02-18 03:59:21] Simulating connection to SSID BART-WiFi
[2026-02-18 03:59:21] ⚠️ VPN not active. Initiating simulation/fallback.
[2026-02-18 03:59:21] ✅ Simulated VPN activation successful (flag created).
[2026-02-18 03:59:21] ---- Check complete: PASS (Simulated) ----

[2026-02-18 04:14:25] ---- Starting VPN Auto-Detect/Activate check ----
[2026-02-18 04:14:25] Simulating connection to SSID BART-WiFi
[2026-02-18 04:14:25] ⚠️ VPN not active. Initiating simulation/fallback.
[2026-02-18 04:14:25] ✅ Simulated VPN activation successful (flag created).
[2026-02-18 04:14:25] ---- Check complete: PASS (Simulated) ----

[2026-02-18 04:29:30] ---- Starting VPN Auto-Detect/Activate check ----
[2026-02-18 04:29:30] Simulating connection to SSID BART-WiFi
[2026-02-18 04:29:30] ⚠️ VPN not active. Initiating simulation/fallback.
[2026-02-18 04:29:30] ✅ Simulated VPN activation successful (flag created).
[2026-02-18 04:29:30] ---- Check complete: PASS (Simulated) ----

[2026-02-18 04:44:35] ---- Starting VPN Auto-Detect/Activate check ----
[2026-02-18 04:44:35] Simulating connection to SSID BART-WiFi
[2026-02-18 04:44:35] ⚠️ VPN not active. Initiating simulation/fallback.
[2026-02-18 04:44:35] ✅ Simulated VPN activation successful (flag created).
[2026-02-18 04:44:35] ---- Check complete: PASS (Simulated) ----

[2026-02-18 04:59:39] ---- Starting VPN Auto-Detect/Activate check ----
[2026-02-18 04:59:39] Simulating connection to SSID BART-WiFi
[2026-02-18 04:59:39] ⚠️ VPN not active. Initiating simulation/fallback.
[2026-02-18 04:59:39] ✅ Simulated VPN activation successful (flag created).
[2026-02-18 04:59:39] ---- Check complete: PASS (Simulated) ----

[2026-02-18 05:14:44] ---- Starting VPN Auto-Detect/Activate check ----
[2026-02-18 05:14:44] Simulating connection to SSID BART-WiFi
[2026-02-18 05:14:44] ⚠️ VPN not active. Initiating simulation/fallback.
[2026-02-18 05:14:44] ✅ Simulated VPN activation successful (flag created).
[2026-02-18 05:14:44] ---- Check complete: PASS (Simulated) ----

[2026-02-18 05:29:48] ---- Starting VPN Auto-Detect/Activate check ----
[2026-02-18 05:29:48] Simulating connection to SSID BART-WiFi
[2026-02-18 05:29:48] ⚠️ VPN not active. Initiating simulation/fallback.
[2026-02-18 05:29:48] ✅ Simulated VPN activation successful (flag created).
[2026-02-18 05:29:48] ---- Check complete: PASS (Simulated) ----

[2026-02-18 05:44:53] ---- Starting VPN Auto-Detect/Activate check ----
[2026-02-18 05:44:53] Simulating connection to SSID BART-WiFi
[2026-02-18 05:44:53] ⚠️ VPN not active. Initiating simulation/fallback.
[2026-02-18 05:44:53] ✅ Simulated VPN activation successful (flag created).
[2026-02-18 05:44:53] ---- Check complete: PASS (Simulated) ----

[2026-02-18 05:59:58] ---- Starting VPN Auto-Detect/Activate check ----
[2026-02-18 05:59:58] Simulating connection to SSID BART-WiFi
[2026-02-18 05:59:58] ⚠️ VPN not active. Initiating simulation/fallback.
[2026-02-18 05:59:58] ✅ Simulated VPN activation successful (flag created).
[2026-02-18 05:59:58] ---- Check complete: PASS (Simulated) ----

[2026-02-18 06:15:02] ---- Starting VPN Auto-Detect/Activate check ----
[2026-02-18 06:15:02] Simulating connection to SSID BART-WiFi
[2026-02-18 06:15:02] ⚠️ VPN not active. Initiating simulation/fallback.
[2026-02-18 06:15:03] ✅ Simulated VPN activation successful (flag created).
[2026-02-18 06:15:03] ---- Check complete: PASS (Simulated) ----

[2026-02-18 06:30:08] ---- Starting VPN Auto-Detect/Activate check ----
[2026-02-18 06:30:08] Simulating connection to SSID BART-WiFi
[2026-02-18 06:30:08] ⚠️ VPN not active. Initiating simulation/fallback.
[2026-02-18 06:30:08] ✅ Simulated VPN activation successful (flag created).
[2026-02-18 06:30:08] ---- Check complete: PASS (Simulated) ----

[2026-02-18 06:45:12] ---- Starting VPN Auto-Detect/Activate check ----
[2026-02-18 06:45:12] Simulating connection to SSID BART-WiFi
[2026-02-18 06:45:12] ⚠️ VPN not active. Initiating simulation/fallback.
[2026-02-18 06:45:12] ✅ Simulated VPN activation successful (flag created).
[2026-02-18 06:45:12] ---- Check complete: PASS (Simulated) ----

[2026-02-18 07:00:17] ---- Starting VPN Auto-Detect/Activate check ----
[2026-02-18 07:00:17] Simulating connection to SSID BART-WiFi
[2026-02-18 07:00:17] ⚠️ VPN not active. Initiating simulation/fallback.
[2026-02-18 07:00:17] ✅ Simulated VPN activation successful (flag created).
[2026-02-18 07:00:17] ---- Check complete: PASS (Simulated) ----

[2026-02-18 07:15:23] ---- Starting VPN Auto-Detect/Activate check ----
[2026-02-18 07:15:23] Simulating connection to SSID BART-WiFi
[2026-02-18 07:15:23] ⚠️ VPN not active. Initiating simulation/fallback.
[2026-02-18 07:15:23] ✅ Simulated VPN activation successful (flag created).
[2026-02-18 07:15:23] ---- Check complete: PASS (Simulated) ----

[2026-02-18 07:30:27] ---- Starting VPN Auto-Detect/Activate check ----
[2026-02-18 07:30:27] Simulating connection to SSID BART-WiFi
[2026-02-18 07:30:27] ⚠️ VPN not active. Initiating simulation/fallback.
[2026-02-18 07:30:27] ✅ Simulated VPN activation successful (flag created).
[2026-02-18 07:30:27] ---- Check complete: PASS (Simulated) ----

[2026-02-18 07:45:32] ---- Starting VPN Auto-Detect/Activate check ----
[2026-02-18 07:45:32] Simulating connection to SSID BART-WiFi
[2026-02-18 07:45:32] ⚠️ VPN not active. Initiating simulation/fallback.
[2026-02-18 07:45:32] ✅ Simulated VPN activation successful (flag created).
[2026-02-18 07:45:32] ---- Check complete: PASS (Simulated) ----

[2026-02-18 08:00:38] ---- Starting VPN Auto-Detect/Activate check ----
[2026-02-18 08:00:38] Simulating connection to SSID BART-WiFi
[2026-02-18 08:00:38] ⚠️ VPN not active. Initiating simulation/fallback.
[2026-02-18 08:00:38] ✅ Simulated VPN activation successful (flag created).
[2026-02-18 08:00:38] ---- Check complete: PASS (Simulated) ----

[2026-02-18 08:15:43] ---- Starting VPN Auto-Detect/Activate check ----
[2026-02-18 08:15:43] Simulating connection to SSID BART-WiFi
[2026-02-18 08:15:43] ⚠️ VPN not active. Initiating simulation/fallback.
[2026-02-18 08:15:43] ✅ Simulated VPN activation successful (flag created).
[2026-02-18 08:15:43] ---- Check complete: PASS (Simulated) ----

[2026-02-18 08:30:48] ---- Starting VPN Auto-Detect/Activate check ----
[2026-02-18 08:30:48] Simulating connection to SSID BART-WiFi
[2026-02-18 08:30:48] ⚠️ VPN not active. Initiating simulation/fallback.
[2026-02-18 08:30:48] ✅ Simulated VPN activation successful (flag created).
[2026-02-18 08:30:48] ---- Check complete: PASS (Simulated) ----

[2026-02-18 08:45:54] ---- Starting VPN Auto-Detect/Activate check ----
[2026-02-18 08:45:54] Simulating connection to SSID BART-WiFi
[2026-02-18 08:45:54] ⚠️ VPN not active. Initiating simulation/fallback.
[2026-02-18 08:45:54] ✅ Simulated VPN activation successful (flag created).
[2026-02-18 08:45:54] ---- Check complete: PASS (Simulated) ----

[2026-02-18 09:01:00] ---- Starting VPN Auto-Detect/Activate check ----
[2026-02-18 09:01:00] Simulating connection to SSID BART-WiFi
[2026-02-18 09:01:00] ⚠️ VPN not active. Initiating simulation/fallback.
[2026-02-18 09:01:00] ✅ Simulated VPN activation successful (flag created).
[2026-02-18 09:01:00] ---- Check complete: PASS (Simulated) ----

[2026-02-18 09:16:05] ---- Starting VPN Auto-Detect/Activate check ----
[2026-02-18 09:16:05] Simulating connection to SSID BART-WiFi
[2026-02-18 09:16:05] ⚠️ VPN not active. Initiating simulation/fallback.
[2026-02-18 09:16:05] ✅ Simulated VPN activation successful (flag created).
[2026-02-18 09:16:05] ---- Check complete: PASS (Simulated) ----

[2026-02-18 09:31:10] ---- Starting VPN Auto-Detect/Activate check ----
[2026-02-18 09:31:10] Simulating connection to SSID BART-WiFi
[2026-02-18 09:31:10] ⚠️ VPN not active. Initiating simulation/fallback.
[2026-02-18 09:31:10] ✅ Simulated VPN activation successful (flag created).
[2026-02-18 09:31:10] ---- Check complete: PASS (Simulated) ----

[2026-02-18 09:46:15] ---- Starting VPN Auto-Detect/Activate check ----
[2026-02-18 09:46:15] Simulating connection to SSID BART-WiFi
[2026-02-18 09:46:15] ⚠️ VPN not active. Initiating simulation/fallback.
[2026-02-18 09:46:15] ✅ Simulated VPN activation successful (flag created).
[2026-02-18 09:46:15] ---- Check complete: PASS (Simulated) ----

[2026-02-18 10:01:20] ---- Starting VPN Auto-Detect/Activate check ----
[2026-02-18 10:01:20] Simulating connection to SSID BART-WiFi
[2026-02-18 10:01:20] ⚠️ VPN not active. Initiating simulation/fallback.
[2026-02-18 10:01:20] ✅ Simulated VPN activation successful (flag created).
[2026-02-18 10:01:20] ---- Check complete: PASS (Simulated) ----

[2026-02-18 10:16:25] ---- Starting VPN Auto-Detect/Activate check ----
[2026-02-18 10:16:25] Simulating connection to SSID BART-WiFi
[2026-02-18 10:16:25] ⚠️ VPN not active. Initiating simulation/fallback.
[2026-02-18 10:16:25] ✅ Simulated VPN activation successful (flag created).
[2026-02-18 10:16:25] ---- Check complete: PASS (Simulated) ----

[2026-02-18 10:31:30] ---- Starting VPN Auto-Detect/Activate check ----
[2026-02-18 10:31:30] Simulating connection to SSID BART-WiFi
[2026-02-18 10:31:30] ⚠️ VPN not active. Initiating simulation/fallback.
[2026-02-18 10:31:30] ✅ Simulated VPN activation successful (flag created).
[2026-02-18 10:31:30] ---- Check complete: PASS (Simulated) ----

[2026-02-18 10:46:35] ---- Starting VPN Auto-Detect/Activate check ----
[2026-02-18 10:46:35] Simulating connection to SSID BART-WiFi
[2026-02-18 10:46:35] ⚠️ VPN not active. Initiating simulation/fallback.
[2026-02-18 10:46:35] ✅ Simulated VPN activation successful (flag created).
[2026-02-18 10:46:35] ---- Check complete: PASS (Simulated) ----

[2026-02-18 11:01:40] ---- Starting VPN Auto-Detect/Activate check ----
[2026-02-18 11:01:40] Simulating connection to SSID BART-WiFi
[2026-02-18 11:01:41] ⚠️ VPN not active. Initiating simulation/fallback.
[2026-02-18 11:01:41] ✅ Simulated VPN activation successful (flag created).
[2026-02-18 11:01:41] ---- Check complete: PASS (Simulated) ----

[2026-02-18 11:16:45] ---- Starting VPN Auto-Detect/Activate check ----
[2026-02-18 11:16:45] Simulating connection to SSID BART-WiFi
[2026-02-18 11:16:45] ⚠️ VPN not active. Initiating simulation/fallback.
[2026-02-18 11:16:45] ✅ Simulated VPN activation successful (flag created).
[2026-02-18 11:16:45] ---- Check complete: PASS (Simulated) ----

[2026-02-18 11:31:50] ---- Starting VPN Auto-Detect/Activate check ----
[2026-02-18 11:31:50] Simulating connection to SSID BART-WiFi
[2026-02-18 11:31:50] ⚠️ VPN not active. Initiating simulation/fallback.
[2026-02-18 11:31:50] ✅ Simulated VPN activation successful (flag created).
[2026-02-18 11:31:50] ---- Check complete: PASS (Simulated) ----

[2026-02-18 11:46:55] ---- Starting VPN Auto-Detect/Activate check ----
[2026-02-18 11:46:55] Simulating connection to SSID BART-WiFi
[2026-02-18 11:46:55] ⚠️ VPN not active. Initiating simulation/fallback.
[2026-02-18 11:46:55] ✅ Simulated VPN activation successful (flag created).
[2026-02-18 11:46:55] ---- Check complete: PASS (Simulated) ----

[2026-02-18 12:01:59] ---- Starting VPN Auto-Detect/Activate check ----
[2026-02-18 12:01:59] Simulating connection to SSID BART-WiFi
[2026-02-18 12:01:59] ⚠️ VPN not active. Initiating simulation/fallback.
[2026-02-18 12:01:59] ✅ Simulated VPN activation successful (flag created).
[2026-02-18 12:01:59] ---- Check complete: PASS (Simulated) ----

[2026-02-18 12:17:05] ---- Starting VPN Auto-Detect/Activate check ----
[2026-02-18 12:17:05] Simulating connection to SSID BART-WiFi
[2026-02-18 12:17:05] ⚠️ VPN not active. Initiating simulation/fallback.
[2026-02-18 12:17:05] ✅ Simulated VPN activation successful (flag created).
[2026-02-18 12:17:05] ---- Check complete: PASS (Simulated) ----

[2026-02-18 12:32:10] ---- Starting VPN Auto-Detect/Activate check ----
[2026-02-18 12:32:10] Simulating connection to SSID BART-WiFi
[2026-02-18 12:32:10] ⚠️ VPN not active. Initiating simulation/fallback.
[2026-02-18 12:32:10] ✅ Simulated VPN activation successful (flag created).
[2026-02-18 12:32:10] ---- Check complete: PASS (Simulated) ----

[2026-02-18 12:47:14] ---- Starting VPN Auto-Detect/Activate check ----
[2026-02-18 12:47:14] Simulating connection to SSID BART-WiFi
[2026-02-18 12:47:14] ⚠️ VPN not active. Initiating simulation/fallback.
[2026-02-18 12:47:14] ✅ Simulated VPN activation successful (flag created).
[2026-02-18 12:47:14] ---- Check complete: PASS (Simulated) ----

[2026-02-18 13:02:19] ---- Starting VPN Auto-Detect/Activate check ----
[2026-02-18 13:02:19] Simulating connection to SSID BART-WiFi
[2026-02-18 13:02:20] ⚠️ VPN not active. Initiating simulation/fallback.
[2026-02-18 13:02:20] ✅ Simulated VPN activation successful (flag created).
[2026-02-18 13:02:20] ---- Check complete: PASS (Simulated) ----

[2026-02-18 13:17:25] ---- Starting VPN Auto-Detect/Activate check ----
[2026-02-18 13:17:25] Simulating connection to SSID BART-WiFi
[2026-02-18 13:17:25] ⚠️ VPN not active. Initiating simulation/fallback.
[2026-02-18 13:17:25] ✅ Simulated VPN activation successful (flag created).
[2026-02-18 13:17:25] ---- Check complete: PASS (Simulated) ----

[2026-02-18 13:32:30] ---- Starting VPN Auto-Detect/Activate check ----
[2026-02-18 13:32:30] Simulating connection to SSID BART-WiFi
[2026-02-18 13:32:30] ⚠️ VPN not active. Initiating simulation/fallback.
[2026-02-18 13:32:30] ✅ Simulated VPN activation successful (flag created).
[2026-02-18 13:32:30] ---- Check complete: PASS (Simulated) ----

[2026-02-18 13:47:35] ---- Starting VPN Auto-Detect/Activate check ----
[2026-02-18 13:47:35] Simulating connection to SSID BART-WiFi
[2026-02-18 13:47:35] ⚠️ VPN not active. Initiating simulation/fallback.
[2026-02-18 13:47:35] ✅ Simulated VPN activation successful (flag created).
[2026-02-18 13:47:35] ---- Check complete: PASS (Simulated) ----

[2026-02-18 14:02:40] ---- Starting VPN Auto-Detect/Activate check ----
[2026-02-18 14:02:40] Simulating connection to SSID BART-WiFi
[2026-02-18 14:02:40] ⚠️ VPN not active. Initiating simulation/fallback.
[2026-02-18 14:02:40] ✅ Simulated VPN activation successful (flag created).
[2026-02-18 14:02:40] ---- Check complete: PASS (Simulated) ----

[2026-02-18 14:17:45] ---- Starting VPN Auto-Detect/Activate check ----
[2026-02-18 14:17:45] Simulating connection to SSID BART-WiFi
[2026-02-18 14:17:45] ⚠️ VPN not active. Initiating simulation/fallback.
[2026-02-18 14:17:45] ✅ Simulated VPN activation successful (flag created).
[2026-02-18 14:17:45] ---- Check complete: PASS (Simulated) ----

[2026-02-18 14:32:50] ---- Starting VPN Auto-Detect/Activate check ----
[2026-02-18 14:32:50] Simulating connection to SSID BART-WiFi
[2026-02-18 14:32:50] ⚠️ VPN not active. Initiating simulation/fallback.
[2026-02-18 14:32:50] ✅ Simulated VPN activation successful (flag created).
[2026-02-18 14:32:50] ---- Check complete: PASS (Simulated) ----

[2026-02-18 14:47:55] ---- Starting VPN Auto-Detect/Activate check ----
[2026-02-18 14:47:55] Simulating connection to SSID BART-WiFi
[2026-02-18 14:47:55] ⚠️ VPN not active. Initiating simulation/fallback.
[2026-02-18 14:47:55] ✅ Simulated VPN activation successful (flag created).
[2026-02-18 14:47:55] ---- Check complete: PASS (Simulated) ----

[2026-02-18 15:03:03] ---- Starting VPN Auto-Detect/Activate check ----
[2026-02-18 15:03:03] Simulating connection to SSID BART-WiFi
[2026-02-18 15:03:03] ⚠️ VPN not active. Initiating simulation/fallback.
[2026-02-18 15:03:03] ✅ Simulated VPN activation successful (flag created).
[2026-02-18 15:03:03] ---- Check complete: PASS (Simulated) ----

[2026-02-18 15:18:10] ---- Starting VPN Auto-Detect/Activate check ----
[2026-02-18 15:18:10] Simulating connection to SSID BART-WiFi
[2026-02-18 15:18:10] ⚠️ VPN not active. Initiating simulation/fallback.
[2026-02-18 15:18:10] ✅ Simulated VPN activation successful (flag created).
[2026-02-18 15:18:10] ---- Check complete: PASS (Simulated) ----

[2026-02-18 15:33:15] ---- Starting VPN Auto-Detect/Activate check ----
[2026-02-18 15:33:15] Simulating connection to SSID BART-WiFi
[2026-02-18 15:33:15] ⚠️ VPN not active. Initiating simulation/fallback.
[2026-02-18 15:33:15] ✅ Simulated VPN activation successful (flag created).
[2026-02-18 15:33:15] ---- Check complete: PASS (Simulated) ----

[2026-02-18 15:48:20] ---- Starting VPN Auto-Detect/Activate check ----
[2026-02-18 15:48:20] Simulating connection to SSID BART-WiFi
[2026-02-18 15:48:20] ⚠️ VPN not active. Initiating simulation/fallback.
[2026-02-18 15:48:20] ✅ Simulated VPN activation successful (flag created).
[2026-02-18 15:48:20] ---- Check complete: PASS (Simulated) ----

[2026-02-18 16:03:25] ---- Starting VPN Auto-Detect/Activate check ----
[2026-02-18 16:03:25] Simulating connection to SSID BART-WiFi
[2026-02-18 16:03:25] ⚠️ VPN not active. Initiating simulation/fallback.
[2026-02-18 16:03:25] ✅ Simulated VPN activation successful (flag created).
[2026-02-18 16:03:25] ---- Check complete: PASS (Simulated) ----

[2026-02-18 16:18:29] ---- Starting VPN Auto-Detect/Activate check ----
[2026-02-18 16:18:29] Simulating connection to SSID BART-WiFi
[2026-02-18 16:18:29] ⚠️ VPN not active. Initiating simulation/fallback.
[2026-02-18 16:18:29] ✅ Simulated VPN activation successful (flag created).
[2026-02-18 16:18:29] ---- Check complete: PASS (Simulated) ----

[2026-02-18 16:33:34] ---- Starting VPN Auto-Detect/Activate check ----
[2026-02-18 16:33:34] Simulating connection to SSID BART-WiFi
[2026-02-18 16:33:34] ⚠️ VPN not active. Initiating simulation/fallback.
[2026-02-18 16:33:34] ✅ Simulated VPN activation successful (flag created).
[2026-02-18 16:33:34] ---- Check complete: PASS (Simulated) ----

[2026-02-18 16:48:38] ---- Starting VPN Auto-Detect/Activate check ----
[2026-02-18 16:48:38] Simulating connection to SSID BART-WiFi
[2026-02-18 16:48:38] ⚠️ VPN not active. Initiating simulation/fallback.
[2026-02-18 16:48:38] ✅ Simulated VPN activation successful (flag created).
[2026-02-18 16:48:38] ---- Check complete: PASS (Simulated) ----

[2026-02-18 17:03:43] ---- Starting VPN Auto-Detect/Activate check ----
[2026-02-18 17:03:43] Simulating connection to SSID BART-WiFi
[2026-02-18 17:03:44] ⚠️ VPN not active. Initiating simulation/fallback.
[2026-02-18 17:03:44] ✅ Simulated VPN activation successful (flag created).
[2026-02-18 17:03:44] ---- Check complete: PASS (Simulated) ----

[2026-02-18 17:18:48] ---- Starting VPN Auto-Detect/Activate check ----
[2026-02-18 17:18:48] Simulating connection to SSID BART-WiFi
[2026-02-18 17:18:48] ⚠️ VPN not active. Initiating simulation/fallback.
[2026-02-18 17:18:48] ✅ Simulated VPN activation successful (flag created).
[2026-02-18 17:18:48] ---- Check complete: PASS (Simulated) ----

[2026-02-18 17:33:53] ---- Starting VPN Auto-Detect/Activate check ----
[2026-02-18 17:33:53] Simulating connection to SSID BART-WiFi
[2026-02-18 17:33:53] ⚠️ VPN not active. Initiating simulation/fallback.
[2026-02-18 17:33:53] ✅ Simulated VPN activation successful (flag created).
[2026-02-18 17:33:53] ---- Check complete: PASS (Simulated) ----

[2026-02-18 17:48:59] ---- Starting VPN Auto-Detect/Activate check ----
[2026-02-18 17:48:59] Simulating connection to SSID BART-WiFi
[2026-02-18 17:48:59] ⚠️ VPN not active. Initiating simulation/fallback.
[2026-02-18 17:48:59] ✅ Simulated VPN activation successful (flag created).
[2026-02-18 17:48:59] ---- Check complete: PASS (Simulated) ----

[2026-02-18 18:04:05] ---- Starting VPN Auto-Detect/Activate check ----
[2026-02-18 18:04:05] Simulating connection to SSID BART-WiFi
[2026-02-18 18:04:05] ⚠️ VPN not active. Initiating simulation/fallback.
[2026-02-18 18:04:05] ✅ Simulated VPN activation successful (flag created).
[2026-02-18 18:04:05] ---- Check complete: PASS (Simulated) ----

[2026-02-18 18:19:10] ---- Starting VPN Auto-Detect/Activate check ----
[2026-02-18 18:19:10] Simulating connection to SSID BART-WiFi
[2026-02-18 18:19:10] ⚠️ VPN not active. Initiating simulation/fallback.
[2026-02-18 18:19:10] ✅ Simulated VPN activation successful (flag created).
[2026-02-18 18:19:10] ---- Check complete: PASS (Simulated) ----

[2026-02-18 18:34:15] ---- Starting VPN Auto-Detect/Activate check ----
[2026-02-18 18:34:15] Simulating connection to SSID BART-WiFi
[2026-02-18 18:34:15] ⚠️ VPN not active. Initiating simulation/fallback.
[2026-02-18 18:34:15] ✅ Simulated VPN activation successful (flag created).
[2026-02-18 18:34:15] ---- Check complete: PASS (Simulated) ----

[2026-02-18 18:49:20] ---- Starting VPN Auto-Detect/Activate check ----
[2026-02-18 18:49:20] Simulating connection to SSID BART-WiFi
[2026-02-18 18:49:20] ⚠️ VPN not active. Initiating simulation/fallback.
[2026-02-18 18:49:20] ✅ Simulated VPN activation successful (flag created).
[2026-02-18 18:49:20] ---- Check complete: PASS (Simulated) ----

[2026-02-18 19:04:25] ---- Starting VPN Auto-Detect/Activate check ----
[2026-02-18 19:04:25] Simulating connection to SSID BART-WiFi
[2026-02-18 19:04:25] ⚠️ VPN not active. Initiating simulation/fallback.
[2026-02-18 19:04:26] ✅ Simulated VPN activation successful (flag created).
[2026-02-18 19:04:26] ---- Check complete: PASS (Simulated) ----

[2026-02-18 19:19:30] ---- Starting VPN Auto-Detect/Activate check ----
[2026-02-18 19:19:30] Simulating connection to SSID BART-WiFi
[2026-02-18 19:19:30] ⚠️ VPN not active. Initiating simulation/fallback.
[2026-02-18 19:19:30] ✅ Simulated VPN activation successful (flag created).
[2026-02-18 19:19:30] ---- Check complete: PASS (Simulated) ----

[2026-02-18 19:34:35] ---- Starting VPN Auto-Detect/Activate check ----
[2026-02-18 19:34:35] Simulating connection to SSID BART-WiFi
[2026-02-18 19:34:35] ⚠️ VPN not active. Initiating simulation/fallback.
[2026-02-18 19:34:35] ✅ Simulated VPN activation successful (flag created).
[2026-02-18 19:34:35] ---- Check complete: PASS (Simulated) ----

[2026-02-18 19:49:40] ---- Starting VPN Auto-Detect/Activate check ----
[2026-02-18 19:49:40] Simulating connection to SSID BART-WiFi
[2026-02-18 19:49:40] ⚠️ VPN not active. Initiating simulation/fallback.
[2026-02-18 19:49:40] ✅ Simulated VPN activation successful (flag created).
[2026-02-18 19:49:40] ---- Check complete: PASS (Simulated) ----

[2026-02-18 20:04:45] ---- Starting VPN Auto-Detect/Activate check ----
[2026-02-18 20:04:45] Simulating connection to SSID BART-WiFi
[2026-02-18 20:04:45] ⚠️ VPN not active. Initiating simulation/fallback.
[2026-02-18 20:04:45] ✅ Simulated VPN activation successful (flag created).
[2026-02-18 20:04:45] ---- Check complete: PASS (Simulated) ----

[2026-02-18 20:19:49] ---- Starting VPN Auto-Detect/Activate check ----
[2026-02-18 20:19:49] Simulating connection to SSID BART-WiFi
[2026-02-18 20:19:49] ⚠️ VPN not active. Initiating simulation/fallback.
[2026-02-18 20:19:49] ✅ Simulated VPN activation successful (flag created).
[2026-02-18 20:19:50] ---- Check complete: PASS (Simulated) ----

[2026-02-18 20:34:54] ---- Starting VPN Auto-Detect/Activate check ----
[2026-02-18 20:34:54] Simulating connection to SSID BART-WiFi
[2026-02-18 20:34:54] ⚠️ VPN not active. Initiating simulation/fallback.
[2026-02-18 20:34:54] ✅ Simulated VPN activation successful (flag created).
[2026-02-18 20:34:54] ---- Check complete: PASS (Simulated) ----

[2026-02-18 20:49:59] ---- Starting VPN Auto-Detect/Activate check ----
[2026-02-18 20:49:59] Simulating connection to SSID BART-WiFi
[2026-02-18 20:49:59] ⚠️ VPN not active. Initiating simulation/fallback.
[2026-02-18 20:49:59] ✅ Simulated VPN activation successful (flag created).
[2026-02-18 20:49:59] ---- Check complete: PASS (Simulated) ----

[2026-02-18 21:05:04] ---- Starting VPN Auto-Detect/Activate check ----
[2026-02-18 21:05:04] Simulating connection to SSID BART-WiFi
[2026-02-18 21:05:04] ⚠️ VPN not active. Initiating simulation/fallback.
[2026-02-18 21:05:04] ✅ Simulated VPN activation successful (flag created).
[2026-02-18 21:05:04] ---- Check complete: PASS (Simulated) ----

[2026-02-18 21:20:10] ---- Starting VPN Auto-Detect/Activate check ----
[2026-02-18 21:20:10] Simulating connection to SSID BART-WiFi
[2026-02-18 21:20:10] ⚠️ VPN not active. Initiating simulation/fallback.
[2026-02-18 21:20:10] ✅ Simulated VPN activation successful (flag created).
[2026-02-18 21:20:10] ---- Check complete: PASS (Simulated) ----

[2026-02-18 21:35:15] ---- Starting VPN Auto-Detect/Activate check ----
[2026-02-18 21:35:15] Simulating connection to SSID BART-WiFi
[2026-02-18 21:35:15] ⚠️ VPN not active. Initiating simulation/fallback.
[2026-02-18 21:35:15] ✅ Simulated VPN activation successful (flag created).
[2026-02-18 21:35:15] ---- Check complete: PASS (Simulated) ----

[2026-02-18 21:50:20] ---- Starting VPN Auto-Detect/Activate check ----
[2026-02-18 21:50:20] Simulating connection to SSID BART-WiFi
[2026-02-18 21:50:20] ⚠️ VPN not active. Initiating simulation/fallback.
[2026-02-18 21:50:20] ✅ Simulated VPN activation successful (flag created).
[2026-02-18 21:50:20] ---- Check complete: PASS (Simulated) ----

[2026-02-18 22:05:25] ---- Starting VPN Auto-Detect/Activate check ----
[2026-02-18 22:05:25] Simulating connection to SSID BART-WiFi
[2026-02-18 22:05:25] ⚠️ VPN not active. Initiating simulation/fallback.
[2026-02-18 22:05:25] ✅ Simulated VPN activation successful (flag created).
[2026-02-18 22:05:25] ---- Check complete: PASS (Simulated) ----

[2026-02-18 22:20:30] ---- Starting VPN Auto-Detect/Activate check ----
[2026-02-18 22:20:30] Simulating connection to SSID BART-WiFi
[2026-02-18 22:20:30] ⚠️ VPN not active. Initiating simulation/fallback.
[2026-02-18 22:20:30] ✅ Simulated VPN activation successful (flag created).
[2026-02-18 22:20:30] ---- Check complete: PASS (Simulated) ----

[2026-02-18 22:35:34] ---- Starting VPN Auto-Detect/Activate check ----
[2026-02-18 22:35:34] Simulating connection to SSID BART-WiFi
[2026-02-18 22:35:34] ⚠️ VPN not active. Initiating simulation/fallback.
[2026-02-18 22:35:34] ✅ Simulated VPN activation successful (flag created).
[2026-02-18 22:35:34] ---- Check complete: PASS (Simulated) ----

[2026-02-18 22:50:39] ---- Starting VPN Auto-Detect/Activate check ----
[2026-02-18 22:50:39] Simulating connection to SSID BART-WiFi
[2026-02-18 22:50:39] ⚠️ VPN not active. Initiating simulation/fallback.
[2026-02-18 22:50:39] ✅ Simulated VPN activation successful (flag created).
[2026-02-18 22:50:39] ---- Check complete: PASS (Simulated) ----

[2026-02-18 23:05:43] ---- Starting VPN Auto-Detect/Activate check ----
[2026-02-18 23:05:43] Simulating connection to SSID BART-WiFi
[2026-02-18 23:05:43] ⚠️ VPN not active. Initiating simulation/fallback.
[2026-02-18 23:05:43] ✅ Simulated VPN activation successful (flag created).
[2026-02-18 23:05:43] ---- Check complete: PASS (Simulated) ----

[2026-02-18 23:20:48] ---- Starting VPN Auto-Detect/Activate check ----
[2026-02-18 23:20:48] Simulating connection to SSID BART-WiFi
[2026-02-18 23:20:48] ⚠️ VPN not active. Initiating simulation/fallback.
[2026-02-18 23:20:48] ✅ Simulated VPN activation successful (flag created).
[2026-02-18 23:20:48] ---- Check complete: PASS (Simulated) ----

[2026-02-18 23:35:53] ---- Starting VPN Auto-Detect/Activate check ----
[2026-02-18 23:35:53] Simulating connection to SSID BART-WiFi
[2026-02-18 23:35:53] ⚠️ VPN not active. Initiating simulation/fallback.
[2026-02-18 23:35:53] ✅ Simulated VPN activation successful (flag created).
[2026-02-18 23:35:53] ---- Check complete: PASS (Simulated) ----

[2026-02-18 23:50:58] ---- Starting VPN Auto-Detect/Activate check ----
[2026-02-18 23:50:58] Simulating connection to SSID BART-WiFi
[2026-02-18 23:50:58] ⚠️ VPN not active. Initiating simulation/fallback.
[2026-02-18 23:50:58] ✅ Simulated VPN activation successful (flag created).
[2026-02-18 23:50:58] ---- Check complete: PASS (Simulated) ----

[2026-02-19 00:06:02] ---- Starting VPN Auto-Detect/Activate check ----
[2026-02-19 00:06:02] Simulating connection to SSID BART-WiFi
[2026-02-19 00:06:03] ⚠️ VPN not active. Initiating simulation/fallback.
[2026-02-19 00:06:03] ✅ Simulated VPN activation successful (flag created).
[2026-02-19 00:06:03] ---- Check complete: PASS (Simulated) ----

[2026-02-19 00:21:08] ---- Starting VPN Auto-Detect/Activate check ----
[2026-02-19 00:21:08] Simulating connection to SSID BART-WiFi
[2026-02-19 00:21:08] ⚠️ VPN not active. Initiating simulation/fallback.
[2026-02-19 00:21:08] ✅ Simulated VPN activation successful (flag created).
[2026-02-19 00:21:08] ---- Check complete: PASS (Simulated) ----

[2026-02-19 00:36:13] ---- Starting VPN Auto-Detect/Activate check ----
[2026-02-19 00:36:13] Simulating connection to SSID BART-WiFi
[2026-02-19 00:36:13] ⚠️ VPN not active. Initiating simulation/fallback.
[2026-02-19 00:36:13] ✅ Simulated VPN activation successful (flag created).
[2026-02-19 00:36:13] ---- Check complete: PASS (Simulated) ----

[2026-02-19 00:51:18] ---- Starting VPN Auto-Detect/Activate check ----
[2026-02-19 00:51:18] Simulating connection to SSID BART-WiFi
[2026-02-19 00:51:18] ⚠️ VPN not active. Initiating simulation/fallback.
[2026-02-19 00:51:18] ✅ Simulated VPN activation successful (flag created).
[2026-02-19 00:51:18] ---- Check complete: PASS (Simulated) ----

[2026-02-19 01:06:23] ---- Starting VPN Auto-Detect/Activate check ----
[2026-02-19 01:06:23] Simulating connection to SSID BART-WiFi
[2026-02-19 01:06:23] ⚠️ VPN not active. Initiating simulation/fallback.
[2026-02-19 01:06:23] ✅ Simulated VPN activation successful (flag created).
[2026-02-19 01:06:23] ---- Check complete: PASS (Simulated) ----

[2026-02-19 01:21:27] ---- Starting VPN Auto-Detect/Activate check ----
[2026-02-19 01:21:27] Simulating connection to SSID BART-WiFi
[2026-02-19 01:21:27] ⚠️ VPN not active. Initiating simulation/fallback.
[2026-02-19 01:21:27] ✅ Simulated VPN activation successful (flag created).
[2026-02-19 01:21:27] ---- Check complete: PASS (Simulated) ----

[2026-02-19 01:36:32] ---- Starting VPN Auto-Detect/Activate check ----
[2026-02-19 01:36:32] Simulating connection to SSID BART-WiFi
[2026-02-19 01:36:32] ⚠️ VPN not active. Initiating simulation/fallback.
[2026-02-19 01:36:32] ✅ Simulated VPN activation successful (flag created).
[2026-02-19 01:36:32] ---- Check complete: PASS (Simulated) ----

[2026-02-19 01:51:37] ---- Starting VPN Auto-Detect/Activate check ----
[2026-02-19 01:51:37] Simulating connection to SSID BART-WiFi
[2026-02-19 01:51:37] ⚠️ VPN not active. Initiating simulation/fallback.
[2026-02-19 01:51:37] ✅ Simulated VPN activation successful (flag created).
[2026-02-19 01:51:37] ---- Check complete: PASS (Simulated) ----

[2026-02-19 02:06:41] ---- Starting VPN Auto-Detect/Activate check ----
[2026-02-19 02:06:41] Simulating connection to SSID BART-WiFi
[2026-02-19 02:06:41] ⚠️ VPN not active. Initiating simulation/fallback.
[2026-02-19 02:06:41] ✅ Simulated VPN activation successful (flag created).
[2026-02-19 02:06:41] ---- Check complete: PASS (Simulated) ----

[2026-02-19 02:21:46] ---- Starting VPN Auto-Detect/Activate check ----
[2026-02-19 02:21:46] Simulating connection to SSID BART-WiFi
[2026-02-19 02:21:46] ⚠️ VPN not active. Initiating simulation/fallback.
[2026-02-19 02:21:46] ✅ Simulated VPN activation successful (flag created).
[2026-02-19 02:21:46] ---- Check complete: PASS (Simulated) ----

[2026-02-19 02:36:51] ---- Starting VPN Auto-Detect/Activate check ----
[2026-02-19 02:36:51] Simulating connection to SSID BART-WiFi
[2026-02-19 02:36:51] ⚠️ VPN not active. Initiating simulation/fallback.
[2026-02-19 02:36:51] ✅ Simulated VPN activation successful (flag created).
[2026-02-19 02:36:51] ---- Check complete: PASS (Simulated) ----

[2026-02-19 02:51:55] ---- Starting VPN Auto-Detect/Activate check ----
[2026-02-19 02:51:55] Simulating connection to SSID BART-WiFi
[2026-02-19 02:51:55] ⚠️ VPN not active. Initiating simulation/fallback.
[2026-02-19 02:51:55] ✅ Simulated VPN activation successful (flag created).
[2026-02-19 02:51:55] ---- Check complete: PASS (Simulated) ----

[2026-02-19 03:07:00] ---- Starting VPN Auto-Detect/Activate check ----
[2026-02-19 03:07:00] Simulating connection to SSID BART-WiFi
[2026-02-19 03:07:00] ⚠️ VPN not active. Initiating simulation/fallback.
[2026-02-19 03:07:00] ✅ Simulated VPN activation successful (flag created).
[2026-02-19 03:07:00] ---- Check complete: PASS (Simulated) ----

[2026-02-19 03:22:05] ---- Starting VPN Auto-Detect/Activate check ----
[2026-02-19 03:22:05] Simulating connection to SSID BART-WiFi
[2026-02-19 03:22:05] ⚠️ VPN not active. Initiating simulation/fallback.
[2026-02-19 03:22:05] ✅ Simulated VPN activation successful (flag created).
[2026-02-19 03:22:05] ---- Check complete: PASS (Simulated) ----

[2026-02-19 03:37:09] ---- Starting VPN Auto-Detect/Activate check ----
[2026-02-19 03:37:09] Simulating connection to SSID BART-WiFi
[2026-02-19 03:37:09] ⚠️ VPN not active. Initiating simulation/fallback.
[2026-02-19 03:37:09] ✅ Simulated VPN activation successful (flag created).
[2026-02-19 03:37:09] ---- Check complete: PASS (Simulated) ----

[2026-02-19 03:52:14] ---- Starting VPN Auto-Detect/Activate check ----
[2026-02-19 03:52:14] Simulating connection to SSID BART-WiFi
[2026-02-19 03:52:14] ⚠️ VPN not active. Initiating simulation/fallback.
[2026-02-19 03:52:14] ✅ Simulated VPN activation successful (flag created).
[2026-02-19 03:52:14] ---- Check complete: PASS (Simulated) ----

[2026-02-19 04:07:19] ---- Starting VPN Auto-Detect/Activate check ----
[2026-02-19 04:07:19] Simulating connection to SSID BART-WiFi
[2026-02-19 04:07:19] ⚠️ VPN not active. Initiating simulation/fallback.
[2026-02-19 04:07:19] ✅ Simulated VPN activation successful (flag created).
[2026-02-19 04:07:19] ---- Check complete: PASS (Simulated) ----

[2026-02-19 04:22:23] ---- Starting VPN Auto-Detect/Activate check ----
[2026-02-19 04:22:23] Simulating connection to SSID BART-WiFi
[2026-02-19 04:22:23] ⚠️ VPN not active. Initiating simulation/fallback.
[2026-02-19 04:22:24] ✅ Simulated VPN activation successful (flag created).
[2026-02-19 04:22:24] ---- Check complete: PASS (Simulated) ----

[2026-02-19 04:37:28] ---- Starting VPN Auto-Detect/Activate check ----
[2026-02-19 04:37:28] Simulating connection to SSID BART-WiFi
[2026-02-19 04:37:28] ⚠️ VPN not active. Initiating simulation/fallback.
[2026-02-19 04:37:28] ✅ Simulated VPN activation successful (flag created).
[2026-02-19 04:37:28] ---- Check complete: PASS (Simulated) ----

[2026-02-19 04:52:33] ---- Starting VPN Auto-Detect/Activate check ----
[2026-02-19 04:52:33] Simulating connection to SSID BART-WiFi
[2026-02-19 04:52:33] ⚠️ VPN not active. Initiating simulation/fallback.
[2026-02-19 04:52:33] ✅ Simulated VPN activation successful (flag created).
[2026-02-19 04:52:33] ---- Check complete: PASS (Simulated) ----

[2026-02-19 05:07:37] ---- Starting VPN Auto-Detect/Activate check ----
[2026-02-19 05:07:37] Simulating connection to SSID BART-WiFi
[2026-02-19 05:07:37] ⚠️ VPN not active. Initiating simulation/fallback.
[2026-02-19 05:07:37] ✅ Simulated VPN activation successful (flag created).
[2026-02-19 05:07:37] ---- Check complete: PASS (Simulated) ----

[2026-02-19 05:22:42] ---- Starting VPN Auto-Detect/Activate check ----
[2026-02-19 05:22:42] Simulating connection to SSID BART-WiFi
[2026-02-19 05:22:42] ⚠️ VPN not active. Initiating simulation/fallback.
[2026-02-19 05:22:42] ✅ Simulated VPN activation successful (flag created).
[2026-02-19 05:22:42] ---- Check complete: PASS (Simulated) ----

[2026-02-19 05:37:47] ---- Starting VPN Auto-Detect/Activate check ----
[2026-02-19 05:37:47] Simulating connection to SSID BART-WiFi
[2026-02-19 05:37:47] ⚠️ VPN not active. Initiating simulation/fallback.
[2026-02-19 05:37:47] ✅ Simulated VPN activation successful (flag created).
[2026-02-19 05:37:47] ---- Check complete: PASS (Simulated) ----

[2026-02-19 05:52:52] ---- Starting VPN Auto-Detect/Activate check ----
[2026-02-19 05:52:52] Simulating connection to SSID BART-WiFi
[2026-02-19 05:52:52] ⚠️ VPN not active. Initiating simulation/fallback.
[2026-02-19 05:52:52] ✅ Simulated VPN activation successful (flag created).
[2026-02-19 05:52:52] ---- Check complete: PASS (Simulated) ----

[2026-02-19 06:07:56] ---- Starting VPN Auto-Detect/Activate check ----
[2026-02-19 06:07:56] Simulating connection to SSID BART-WiFi
[2026-02-19 06:07:56] ⚠️ VPN not active. Initiating simulation/fallback.
[2026-02-19 06:07:56] ✅ Simulated VPN activation successful (flag created).
[2026-02-19 06:07:56] ---- Check complete: PASS (Simulated) ----

[2026-02-19 06:23:03] ---- Starting VPN Auto-Detect/Activate check ----
[2026-02-19 06:23:03] Simulating connection to SSID BART-WiFi
[2026-02-19 06:23:03] ⚠️ VPN not active. Initiating simulation/fallback.
[2026-02-19 06:23:03] ✅ Simulated VPN activation successful (flag created).
[2026-02-19 06:23:03] ---- Check complete: PASS (Simulated) ----

[2026-02-19 06:38:10] ---- Starting VPN Auto-Detect/Activate check ----
[2026-02-19 06:38:10] Simulating connection to SSID BART-WiFi
[2026-02-19 06:38:10] ⚠️ VPN not active. Initiating simulation/fallback.
[2026-02-19 06:38:10] ✅ Simulated VPN activation successful (flag created).
[2026-02-19 06:38:10] ---- Check complete: PASS (Simulated) ----

[2026-02-19 06:53:15] ---- Starting VPN Auto-Detect/Activate check ----
[2026-02-19 06:53:15] Simulating connection to SSID BART-WiFi
[2026-02-19 06:53:15] ⚠️ VPN not active. Initiating simulation/fallback.
[2026-02-19 06:53:15] ✅ Simulated VPN activation successful (flag created).
[2026-02-19 06:53:15] ---- Check complete: PASS (Simulated) ----

[2026-02-19 07:08:20] ---- Starting VPN Auto-Detect/Activate check ----
[2026-02-19 07:08:20] Simulating connection to SSID BART-WiFi
[2026-02-19 07:08:20] ⚠️ VPN not active. Initiating simulation/fallback.
[2026-02-19 07:08:20] ✅ Simulated VPN activation successful (flag created).
[2026-02-19 07:08:20] ---- Check complete: PASS (Simulated) ----

[2026-02-19 07:23:25] ---- Starting VPN Auto-Detect/Activate check ----
[2026-02-19 07:23:25] Simulating connection to SSID BART-WiFi
[2026-02-19 07:23:25] ⚠️ VPN not active. Initiating simulation/fallback.
[2026-02-19 07:23:25] ✅ Simulated VPN activation successful (flag created).
[2026-02-19 07:23:25] ---- Check complete: PASS (Simulated) ----

[2026-02-19 07:38:30] ---- Starting VPN Auto-Detect/Activate check ----
[2026-02-19 07:38:30] Simulating connection to SSID BART-WiFi
[2026-02-19 07:38:30] ⚠️ VPN not active. Initiating simulation/fallback.
[2026-02-19 07:38:30] ✅ Simulated VPN activation successful (flag created).
[2026-02-19 07:38:30] ---- Check complete: PASS (Simulated) ----

[2026-02-19 07:53:35] ---- Starting VPN Auto-Detect/Activate check ----
[2026-02-19 07:53:35] Simulating connection to SSID BART-WiFi
[2026-02-19 07:53:35] ⚠️ VPN not active. Initiating simulation/fallback.
[2026-02-19 07:53:35] ✅ Simulated VPN activation successful (flag created).
[2026-02-19 07:53:35] ---- Check complete: PASS (Simulated) ----

[2026-02-19 08:08:39] ---- Starting VPN Auto-Detect/Activate check ----
[2026-02-19 08:08:39] Simulating connection to SSID BART-WiFi
[2026-02-19 08:08:39] ⚠️ VPN not active. Initiating simulation/fallback.
[2026-02-19 08:08:39] ✅ Simulated VPN activation successful (flag created).
[2026-02-19 08:08:39] ---- Check complete: PASS (Simulated) ----

[2026-02-19 08:23:44] ---- Starting VPN Auto-Detect/Activate check ----
[2026-02-19 08:23:44] Simulating connection to SSID BART-WiFi
[2026-02-19 08:23:44] ⚠️ VPN not active. Initiating simulation/fallback.
[2026-02-19 08:23:44] ✅ Simulated VPN activation successful (flag created).
[2026-02-19 08:23:44] ---- Check complete: PASS (Simulated) ----

[2026-02-19 08:38:49] ---- Starting VPN Auto-Detect/Activate check ----
[2026-02-19 08:38:49] Simulating connection to SSID BART-WiFi
[2026-02-19 08:38:49] ⚠️ VPN not active. Initiating simulation/fallback.
[2026-02-19 08:38:49] ✅ Simulated VPN activation successful (flag created).
[2026-02-19 08:38:49] ---- Check complete: PASS (Simulated) ----

[2026-02-19 08:53:54] ---- Starting VPN Auto-Detect/Activate check ----
[2026-02-19 08:53:54] Simulating connection to SSID BART-WiFi
[2026-02-19 08:53:54] ⚠️ VPN not active. Initiating simulation/fallback.
[2026-02-19 08:53:54] ✅ Simulated VPN activation successful (flag created).
[2026-02-19 08:53:54] ---- Check complete: PASS (Simulated) ----

[2026-02-19 09:08:58] ---- Starting VPN Auto-Detect/Activate check ----
[2026-02-19 09:08:58] Simulating connection to SSID BART-WiFi
[2026-02-19 09:08:58] ⚠️ VPN not active. Initiating simulation/fallback.
[2026-02-19 09:08:58] ✅ Simulated VPN activation successful (flag created).
[2026-02-19 09:08:58] ---- Check complete: PASS (Simulated) ----

[2026-02-19 09:24:03] ---- Starting VPN Auto-Detect/Activate check ----
[2026-02-19 09:24:03] Simulating connection to SSID BART-WiFi
[2026-02-19 09:24:03] ⚠️ VPN not active. Initiating simulation/fallback.
[2026-02-19 09:24:03] ✅ Simulated VPN activation successful (flag created).
[2026-02-19 09:24:03] ---- Check complete: PASS (Simulated) ----

[2026-02-19 09:39:10] ---- Starting VPN Auto-Detect/Activate check ----
[2026-02-19 09:39:10] Simulating connection to SSID BART-WiFi
[2026-02-19 09:39:10] ⚠️ VPN not active. Initiating simulation/fallback.
[2026-02-19 09:39:10] ✅ Simulated VPN activation successful (flag created).
[2026-02-19 09:39:10] ---- Check complete: PASS (Simulated) ----

[2026-02-19 09:54:17] ---- Starting VPN Auto-Detect/Activate check ----
[2026-02-19 09:54:17] Simulating connection to SSID BART-WiFi
[2026-02-19 09:54:17] ⚠️ VPN not active. Initiating simulation/fallback.
[2026-02-19 09:54:17] ✅ Simulated VPN activation successful (flag created).
[2026-02-19 09:54:17] ---- Check complete: PASS (Simulated) ----

[2026-02-19 10:09:22] ---- Starting VPN Auto-Detect/Activate check ----
[2026-02-19 10:09:22] Simulating connection to SSID BART-WiFi
[2026-02-19 10:09:22] ⚠️ VPN not active. Initiating simulation/fallback.
[2026-02-19 10:09:22] ✅ Simulated VPN activation successful (flag created).
[2026-02-19 10:09:22] ---- Check complete: PASS (Simulated) ----

[2026-02-19 10:24:27] ---- Starting VPN Auto-Detect/Activate check ----
[2026-02-19 10:24:27] Simulating connection to SSID BART-WiFi
[2026-02-19 10:24:27] ⚠️ VPN not active. Initiating simulation/fallback.
[2026-02-19 10:24:27] ✅ Simulated VPN activation successful (flag created).
[2026-02-19 10:24:27] ---- Check complete: PASS (Simulated) ----

[2026-02-19 10:39:32] ---- Starting VPN Auto-Detect/Activate check ----
[2026-02-19 10:39:32] Simulating connection to SSID BART-WiFi
[2026-02-19 10:39:32] ⚠️ VPN not active. Initiating simulation/fallback.
[2026-02-19 10:39:32] ✅ Simulated VPN activation successful (flag created).
[2026-02-19 10:39:32] ---- Check complete: PASS (Simulated) ----

[2026-02-19 10:54:36] ---- Starting VPN Auto-Detect/Activate check ----
[2026-02-19 10:54:36] Simulating connection to SSID BART-WiFi
[2026-02-19 10:54:36] ⚠️ VPN not active. Initiating simulation/fallback.
[2026-02-19 10:54:36] ✅ Simulated VPN activation successful (flag created).
[2026-02-19 10:54:36] ---- Check complete: PASS (Simulated) ----

[2026-02-19 11:09:41] ---- Starting VPN Auto-Detect/Activate check ----
[2026-02-19 11:09:41] Simulating connection to SSID BART-WiFi
[2026-02-19 11:09:41] ⚠️ VPN not active. Initiating simulation/fallback.
[2026-02-19 11:09:41] ✅ Simulated VPN activation successful (flag created).
[2026-02-19 11:09:41] ---- Check complete: PASS (Simulated) ----

[2026-02-19 11:24:46] ---- Starting VPN Auto-Detect/Activate check ----
[2026-02-19 11:24:46] Simulating connection to SSID BART-WiFi
[2026-02-19 11:24:46] ⚠️ VPN not active. Initiating simulation/fallback.
[2026-02-19 11:24:46] ✅ Simulated VPN activation successful (flag created).
[2026-02-19 11:24:46] ---- Check complete: PASS (Simulated) ----

[2026-02-19 11:39:50] ---- Starting VPN Auto-Detect/Activate check ----
[2026-02-19 11:39:50] Simulating connection to SSID BART-WiFi
[2026-02-19 11:39:50] ⚠️ VPN not active. Initiating simulation/fallback.
[2026-02-19 11:39:50] ✅ Simulated VPN activation successful (flag created).
[2026-02-19 11:39:50] ---- Check complete: PASS (Simulated) ----

[2026-02-19 11:54:55] ---- Starting VPN Auto-Detect/Activate check ----
[2026-02-19 11:54:55] Simulating connection to SSID BART-WiFi
[2026-02-19 11:54:55] ⚠️ VPN not active. Initiating simulation/fallback.
[2026-02-19 11:54:55] ✅ Simulated VPN activation successful (flag created).
[2026-02-19 11:54:55] ---- Check complete: PASS (Simulated) ----

[2026-02-19 12:10:00] ---- Starting VPN Auto-Detect/Activate check ----
[2026-02-19 12:10:00] Simulating connection to SSID BART-WiFi
[2026-02-19 12:10:00] ⚠️ VPN not active. Initiating simulation/fallback.
[2026-02-19 12:10:00] ✅ Simulated VPN activation successful (flag created).
[2026-02-19 12:10:00] ---- Check complete: PASS (Simulated) ----

[2026-02-19 12:25:06] ---- Starting VPN Auto-Detect/Activate check ----
[2026-02-19 12:25:06] Simulating connection to SSID BART-WiFi
[2026-02-19 12:25:06] ⚠️ VPN not active. Initiating simulation/fallback.
[2026-02-19 12:25:06] ✅ Simulated VPN activation successful (flag created).
[2026-02-19 12:25:06] ---- Check complete: PASS (Simulated) ----

[2026-02-19 12:40:11] ---- Starting VPN Auto-Detect/Activate check ----
[2026-02-19 12:40:11] Simulating connection to SSID BART-WiFi
[2026-02-19 12:40:11] ⚠️ VPN not active. Initiating simulation/fallback.
[2026-02-19 12:40:11] ✅ Simulated VPN activation successful (flag created).
[2026-02-19 12:40:11] ---- Check complete: PASS (Simulated) ----

[2026-02-19 12:55:18] ---- Starting VPN Auto-Detect/Activate check ----
[2026-02-19 12:55:18] Simulating connection to SSID BART-WiFi
[2026-02-19 12:55:18] ⚠️ VPN not active. Initiating simulation/fallback.
[2026-02-19 12:55:18] ✅ Simulated VPN activation successful (flag created).
[2026-02-19 12:55:18] ---- Check complete: PASS (Simulated) ----

[2026-02-19 13:10:24] ---- Starting VPN Auto-Detect/Activate check ----
[2026-02-19 13:10:24] Simulating connection to SSID BART-WiFi
[2026-02-19 13:10:24] ⚠️ VPN not active. Initiating simulation/fallback.
[2026-02-19 13:10:24] ✅ Simulated VPN activation successful (flag created).
[2026-02-19 13:10:24] ---- Check complete: PASS (Simulated) ----

[2026-02-19 13:25:29] ---- Starting VPN Auto-Detect/Activate check ----
[2026-02-19 13:25:29] Simulating connection to SSID BART-WiFi
[2026-02-19 13:25:29] ⚠️ VPN not active. Initiating simulation/fallback.
[2026-02-19 13:25:29] ✅ Simulated VPN activation successful (flag created).
[2026-02-19 13:25:29] ---- Check complete: PASS (Simulated) ----

[2026-02-19 13:40:34] ---- Starting VPN Auto-Detect/Activate check ----
[2026-02-19 13:40:34] Simulating connection to SSID BART-WiFi
[2026-02-19 13:40:34] ⚠️ VPN not active. Initiating simulation/fallback.
[2026-02-19 13:40:34] ✅ Simulated VPN activation successful (flag created).
[2026-02-19 13:40:34] ---- Check complete: PASS (Simulated) ----

[2026-02-19 13:55:38] ---- Starting VPN Auto-Detect/Activate check ----
[2026-02-19 13:55:38] Simulating connection to SSID BART-WiFi
[2026-02-19 13:55:38] ⚠️ VPN not active. Initiating simulation/fallback.
[2026-02-19 13:55:38] ✅ Simulated VPN activation successful (flag created).
[2026-02-19 13:55:38] ---- Check complete: PASS (Simulated) ----

[2026-02-19 14:10:43] ---- Starting VPN Auto-Detect/Activate check ----
[2026-02-19 14:10:43] Simulating connection to SSID BART-WiFi
[2026-02-19 14:10:43] ⚠️ VPN not active. Initiating simulation/fallback.
[2026-02-19 14:10:43] ✅ Simulated VPN activation successful (flag created).
[2026-02-19 14:10:43] ---- Check complete: PASS (Simulated) ----

[2026-02-19 14:25:48] ---- Starting VPN Auto-Detect/Activate check ----
[2026-02-19 14:25:48] Simulating connection to SSID BART-WiFi
[2026-02-19 14:25:48] ⚠️ VPN not active. Initiating simulation/fallback.
[2026-02-19 14:25:48] ✅ Simulated VPN activation successful (flag created).
[2026-02-19 14:25:48] ---- Check complete: PASS (Simulated) ----

[2026-02-19 14:40:52] ---- Starting VPN Auto-Detect/Activate check ----
[2026-02-19 14:40:52] Simulating connection to SSID BART-WiFi
[2026-02-19 14:40:52] ⚠️ VPN not active. Initiating simulation/fallback.
[2026-02-19 14:40:52] ✅ Simulated VPN activation successful (flag created).
[2026-02-19 14:40:52] ---- Check complete: PASS (Simulated) ----

[2026-02-19 14:55:57] ---- Starting VPN Auto-Detect/Activate check ----
[2026-02-19 14:55:57] Simulating connection to SSID BART-WiFi
[2026-02-19 14:55:57] ⚠️ VPN not active. Initiating simulation/fallback.
[2026-02-19 14:55:57] ✅ Simulated VPN activation successful (flag created).
[2026-02-19 14:55:57] ---- Check complete: PASS (Simulated) ----

[2026-02-19 15:11:02] ---- Starting VPN Auto-Detect/Activate check ----
[2026-02-19 15:11:02] Simulating connection to SSID BART-WiFi
[2026-02-19 15:11:02] ⚠️ VPN not active. Initiating simulation/fallback.
[2026-02-19 15:11:02] ✅ Simulated VPN activation successful (flag created).
[2026-02-19 15:11:02] ---- Check complete: PASS (Simulated) ----

[2026-02-19 15:26:08] ---- Starting VPN Auto-Detect/Activate check ----
[2026-02-19 15:26:08] Simulating connection to SSID BART-WiFi
[2026-02-19 15:26:08] ⚠️ VPN not active. Initiating simulation/fallback.
[2026-02-19 15:26:08] ✅ Simulated VPN activation successful (flag created).
[2026-02-19 15:26:08] ---- Check complete: PASS (Simulated) ----

[2026-02-19 15:41:13] ---- Starting VPN Auto-Detect/Activate check ----
[2026-02-19 15:41:13] Simulating connection to SSID BART-WiFi
[2026-02-19 15:41:13] ⚠️ VPN not active. Initiating simulation/fallback.
[2026-02-19 15:41:13] ✅ Simulated VPN activation successful (flag created).
[2026-02-19 15:41:13] ---- Check complete: PASS (Simulated) ----

[2026-02-19 15:56:19] ---- Starting VPN Auto-Detect/Activate check ----
[2026-02-19 15:56:19] Simulating connection to SSID BART-WiFi
[2026-02-19 15:56:19] ⚠️ VPN not active. Initiating simulation/fallback.
[2026-02-19 15:56:19] ✅ Simulated VPN activation successful (flag created).
[2026-02-19 15:56:19] ---- Check complete: PASS (Simulated) ----

[2026-02-19 16:11:25] ---- Starting VPN Auto-Detect/Activate check ----
[2026-02-19 16:11:25] Simulating connection to SSID BART-WiFi
[2026-02-19 16:11:25] ⚠️ VPN not active. Initiating simulation/fallback.
[2026-02-19 16:11:25] ✅ Simulated VPN activation successful (flag created).
[2026-02-19 16:11:26] ---- Check complete: PASS (Simulated) ----

[2026-02-19 16:26:31] ---- Starting VPN Auto-Detect/Activate check ----
[2026-02-19 16:26:31] Simulating connection to SSID BART-WiFi
[2026-02-19 16:26:31] ⚠️ VPN not active. Initiating simulation/fallback.
[2026-02-19 16:26:31] ✅ Simulated VPN activation successful (flag created).
[2026-02-19 16:26:31] ---- Check complete: PASS (Simulated) ----

[2026-02-19 16:41:36] ---- Starting VPN Auto-Detect/Activate check ----
[2026-02-19 16:41:36] Simulating connection to SSID BART-WiFi
[2026-02-19 16:41:36] ⚠️ VPN not active. Initiating simulation/fallback.
[2026-02-19 16:41:36] ✅ Simulated VPN activation successful (flag created).
[2026-02-19 16:41:36] ---- Check complete: PASS (Simulated) ----

[2026-02-19 16:56:41] ---- Starting VPN Auto-Detect/Activate check ----
[2026-02-19 16:56:41] Simulating connection to SSID BART-WiFi
[2026-02-19 16:56:41] ⚠️ VPN not active. Initiating simulation/fallback.
[2026-02-19 16:56:41] ✅ Simulated VPN activation successful (flag created).
[2026-02-19 16:56:41] ---- Check complete: PASS (Simulated) ----

[2026-02-19 17:11:45] ---- Starting VPN Auto-Detect/Activate check ----
[2026-02-19 17:11:45] Simulating connection to SSID BART-WiFi
[2026-02-19 17:11:45] ⚠️ VPN not active. Initiating simulation/fallback.
[2026-02-19 17:11:45] ✅ Simulated VPN activation successful (flag created).
[2026-02-19 17:11:45] ---- Check complete: PASS (Simulated) ----

[2026-02-19 17:26:50] ---- Starting VPN Auto-Detect/Activate check ----
[2026-02-19 17:26:50] Simulating connection to SSID BART-WiFi
[2026-02-19 17:26:50] ⚠️ VPN not active. Initiating simulation/fallback.
[2026-02-19 17:26:50] ✅ Simulated VPN activation successful (flag created).
[2026-02-19 17:26:50] ---- Check complete: PASS (Simulated) ----

[2026-02-19 17:41:56] ---- Starting VPN Auto-Detect/Activate check ----
[2026-02-19 17:41:56] Simulating connection to SSID BART-WiFi
[2026-02-19 17:41:56] ⚠️ VPN not active. Initiating simulation/fallback.
[2026-02-19 17:41:56] ✅ Simulated VPN activation successful (flag created).
[2026-02-19 17:41:56] ---- Check complete: PASS (Simulated) ----

[2026-02-19 17:57:02] ---- Starting VPN Auto-Detect/Activate check ----
[2026-02-19 17:57:02] Simulating connection to SSID BART-WiFi
[2026-02-19 17:57:02] ⚠️ VPN not active. Initiating simulation/fallback.
[2026-02-19 17:57:02] ✅ Simulated VPN activation successful (flag created).
[2026-02-19 17:57:02] ---- Check complete: PASS (Simulated) ----

[2026-02-19 18:12:06] ---- Starting VPN Auto-Detect/Activate check ----
[2026-02-19 18:12:06] Simulating connection to SSID BART-WiFi
[2026-02-19 18:12:06] ⚠️ VPN not active. Initiating simulation/fallback.
[2026-02-19 18:12:06] ✅ Simulated VPN activation successful (flag created).
[2026-02-19 18:12:06] ---- Check complete: PASS (Simulated) ----

[2026-02-19 18:27:14] ---- Starting VPN Auto-Detect/Activate check ----
[2026-02-19 18:27:14] Simulating connection to SSID BART-WiFi
[2026-02-19 18:27:14] ⚠️ VPN not active. Initiating simulation/fallback.
[2026-02-19 18:27:14] ✅ Simulated VPN activation successful (flag created).
[2026-02-19 18:27:14] ---- Check complete: PASS (Simulated) ----

[2026-02-19 18:42:21] ---- Starting VPN Auto-Detect/Activate check ----
[2026-02-19 18:42:21] Simulating connection to SSID BART-WiFi
[2026-02-19 18:42:21] ⚠️ VPN not active. Initiating simulation/fallback.
[2026-02-19 18:42:21] ✅ Simulated VPN activation successful (flag created).
[2026-02-19 18:42:21] ---- Check complete: PASS (Simulated) ----

[2026-02-19 18:57:26] ---- Starting VPN Auto-Detect/Activate check ----
[2026-02-19 18:57:26] Simulating connection to SSID BART-WiFi
[2026-02-19 18:57:26] ⚠️ VPN not active. Initiating simulation/fallback.
[2026-02-19 18:57:26] ✅ Simulated VPN activation successful (flag created).
[2026-02-19 18:57:26] ---- Check complete: PASS (Simulated) ----

[2026-02-19 19:12:31] ---- Starting VPN Auto-Detect/Activate check ----
[2026-02-19 19:12:31] Simulating connection to SSID BART-WiFi
[2026-02-19 19:12:31] ⚠️ VPN not active. Initiating simulation/fallback.
[2026-02-19 19:12:31] ✅ Simulated VPN activation successful (flag created).
[2026-02-19 19:12:31] ---- Check complete: PASS (Simulated) ----

[2026-02-19 19:27:36] ---- Starting VPN Auto-Detect/Activate check ----
[2026-02-19 19:27:36] Simulating connection to SSID BART-WiFi
[2026-02-19 19:27:36] ⚠️ VPN not active. Initiating simulation/fallback.
[2026-02-19 19:27:36] ✅ Simulated VPN activation successful (flag created).
[2026-02-19 19:27:36] ---- Check complete: PASS (Simulated) ----

[2026-02-19 19:42:41] ---- Starting VPN Auto-Detect/Activate check ----
[2026-02-19 19:42:41] Simulating connection to SSID BART-WiFi
[2026-02-19 19:42:41] ⚠️ VPN not active. Initiating simulation/fallback.
[2026-02-19 19:42:41] ✅ Simulated VPN activation successful (flag created).
[2026-02-19 19:42:41] ---- Check complete: PASS (Simulated) ----

[2026-02-19 19:57:46] ---- Starting VPN Auto-Detect/Activate check ----
[2026-02-19 19:57:46] Simulating connection to SSID BART-WiFi
[2026-02-19 19:57:46] ⚠️ VPN not active. Initiating simulation/fallback.
[2026-02-19 19:57:46] ✅ Simulated VPN activation successful (flag created).
[2026-02-19 19:57:46] ---- Check complete: PASS (Simulated) ----

[2026-02-19 20:12:50] ---- Starting VPN Auto-Detect/Activate check ----
[2026-02-19 20:12:50] Simulating connection to SSID BART-WiFi
[2026-02-19 20:12:50] ⚠️ VPN not active. Initiating simulation/fallback.
[2026-02-19 20:12:50] ✅ Simulated VPN activation successful (flag created).
[2026-02-19 20:12:50] ---- Check complete: PASS (Simulated) ----

[2026-02-19 20:27:55] ---- Starting VPN Auto-Detect/Activate check ----
[2026-02-19 20:27:55] Simulating connection to SSID BART-WiFi
[2026-02-19 20:27:55] ⚠️ VPN not active. Initiating simulation/fallback.
[2026-02-19 20:27:55] ✅ Simulated VPN activation successful (flag created).
[2026-02-19 20:27:55] ---- Check complete: PASS (Simulated) ----

[2026-02-19 20:42:59] ---- Starting VPN Auto-Detect/Activate check ----
[2026-02-19 20:42:59] Simulating connection to SSID BART-WiFi
[2026-02-19 20:42:59] ⚠️ VPN not active. Initiating simulation/fallback.
[2026-02-19 20:42:59] ✅ Simulated VPN activation successful (flag created).
[2026-02-19 20:42:59] ---- Check complete: PASS (Simulated) ----

[2026-02-19 20:58:04] ---- Starting VPN Auto-Detect/Activate check ----
[2026-02-19 20:58:04] Simulating connection to SSID BART-WiFi
[2026-02-19 20:58:04] ⚠️ VPN not active. Initiating simulation/fallback.
[2026-02-19 20:58:04] ✅ Simulated VPN activation successful (flag created).
[2026-02-19 20:58:04] ---- Check complete: PASS (Simulated) ----

[2026-02-19 21:13:09] ---- Starting VPN Auto-Detect/Activate check ----
[2026-02-19 21:13:09] Simulating connection to SSID BART-WiFi
[2026-02-19 21:13:09] ⚠️ VPN not active. Initiating simulation/fallback.
[2026-02-19 21:13:09] ✅ Simulated VPN activation successful (flag created).
[2026-02-19 21:13:09] ---- Check complete: PASS (Simulated) ----

[2026-02-19 21:28:14] ---- Starting VPN Auto-Detect/Activate check ----
[2026-02-19 21:28:14] Simulating connection to SSID BART-WiFi
[2026-02-19 21:28:14] ⚠️ VPN not active. Initiating simulation/fallback.
[2026-02-19 21:28:14] ✅ Simulated VPN activation successful (flag created).
[2026-02-19 21:28:14] ---- Check complete: PASS (Simulated) ----

[2026-02-19 21:43:18] ---- Starting VPN Auto-Detect/Activate check ----
[2026-02-19 21:43:18] Simulating connection to SSID BART-WiFi
[2026-02-19 21:43:18] ⚠️ VPN not active. Initiating simulation/fallback.
[2026-02-19 21:43:18] ✅ Simulated VPN activation successful (flag created).
[2026-02-19 21:43:18] ---- Check complete: PASS (Simulated) ----

[2026-02-19 21:58:23] ---- Starting VPN Auto-Detect/Activate check ----
[2026-02-19 21:58:23] Simulating connection to SSID BART-WiFi
[2026-02-19 21:58:23] ⚠️ VPN not active. Initiating simulation/fallback.
[2026-02-19 21:58:23] ✅ Simulated VPN activation successful (flag created).
[2026-02-19 21:58:23] ---- Check complete: PASS (Simulated) ----

[2026-02-19 22:13:28] ---- Starting VPN Auto-Detect/Activate check ----
[2026-02-19 22:13:28] Simulating connection to SSID BART-WiFi
[2026-02-19 22:13:28] ⚠️ VPN not active. Initiating simulation/fallback.
[2026-02-19 22:13:28] ✅ Simulated VPN activation successful (flag created).
[2026-02-19 22:13:28] ---- Check complete: PASS (Simulated) ----

[2026-02-19 22:28:32] ---- Starting VPN Auto-Detect/Activate check ----
[2026-02-19 22:28:32] Simulating connection to SSID BART-WiFi
[2026-02-19 22:28:32] ⚠️ VPN not active. Initiating simulation/fallback.
[2026-02-19 22:28:32] ✅ Simulated VPN activation successful (flag created).
[2026-02-19 22:28:32] ---- Check complete: PASS (Simulated) ----

[2026-02-19 22:43:37] ---- Starting VPN Auto-Detect/Activate check ----
[2026-02-19 22:43:37] Simulating connection to SSID BART-WiFi
[2026-02-19 22:43:37] ⚠️ VPN not active. Initiating simulation/fallback.
[2026-02-19 22:43:37] ✅ Simulated VPN activation successful (flag created).
[2026-02-19 22:43:37] ---- Check complete: PASS (Simulated) ----

[2026-02-19 22:58:42] ---- Starting VPN Auto-Detect/Activate check ----
[2026-02-19 22:58:42] Simulating connection to SSID BART-WiFi
[2026-02-19 22:58:42] ⚠️ VPN not active. Initiating simulation/fallback.
[2026-02-19 22:58:42] ✅ Simulated VPN activation successful (flag created).
[2026-02-19 22:58:42] ---- Check complete: PASS (Simulated) ----

[2026-02-19 23:13:46] ---- Starting VPN Auto-Detect/Activate check ----
[2026-02-19 23:13:46] Simulating connection to SSID BART-WiFi
[2026-02-19 23:13:46] ⚠️ VPN not active. Initiating simulation/fallback.
[2026-02-19 23:13:46] ✅ Simulated VPN activation successful (flag created).
[2026-02-19 23:13:46] ---- Check complete: PASS (Simulated) ----

[2026-02-19 23:28:51] ---- Starting VPN Auto-Detect/Activate check ----
[2026-02-19 23:28:51] Simulating connection to SSID BART-WiFi
[2026-02-19 23:28:51] ⚠️ VPN not active. Initiating simulation/fallback.
[2026-02-19 23:28:51] ✅ Simulated VPN activation successful (flag created).
[2026-02-19 23:28:51] ---- Check complete: PASS (Simulated) ----

[2026-02-19 23:43:56] ---- Starting VPN Auto-Detect/Activate check ----
[2026-02-19 23:43:56] Simulating connection to SSID BART-WiFi
[2026-02-19 23:43:56] ⚠️ VPN not active. Initiating simulation/fallback.
[2026-02-19 23:43:56] ✅ Simulated VPN activation successful (flag created).
[2026-02-19 23:43:56] ---- Check complete: PASS (Simulated) ----

[2026-02-19 23:59:00] ---- Starting VPN Auto-Detect/Activate check ----
[2026-02-19 23:59:00] Simulating connection to SSID BART-WiFi
[2026-02-19 23:59:00] ⚠️ VPN not active. Initiating simulation/fallback.
[2026-02-19 23:59:00] ✅ Simulated VPN activation successful (flag created).
[2026-02-19 23:59:00] ---- Check complete: PASS (Simulated) ----

[2026-02-20 00:14:05] ---- Starting VPN Auto-Detect/Activate check ----
[2026-02-20 00:14:05] Simulating connection to SSID BART-WiFi
[2026-02-20 00:14:05] ⚠️ VPN not active. Initiating simulation/fallback.
[2026-02-20 00:14:05] ✅ Simulated VPN activation successful (flag created).
[2026-02-20 00:14:05] ---- Check complete: PASS (Simulated) ----

[2026-02-20 00:29:10] ---- Starting VPN Auto-Detect/Activate check ----
[2026-02-20 00:29:10] Simulating connection to SSID BART-WiFi
[2026-02-20 00:29:10] ⚠️ VPN not active. Initiating simulation/fallback.
[2026-02-20 00:29:10] ✅ Simulated VPN activation successful (flag created).
[2026-02-20 00:29:10] ---- Check complete: PASS (Simulated) ----

[2026-02-20 00:44:15] ---- Starting VPN Auto-Detect/Activate check ----
[2026-02-20 00:44:15] Simulating connection to SSID BART-WiFi
[2026-02-20 00:44:15] ⚠️ VPN not active. Initiating simulation/fallback.
[2026-02-20 00:44:15] ✅ Simulated VPN activation successful (flag created).
[2026-02-20 00:44:15] ---- Check complete: PASS (Simulated) ----

[2026-02-20 00:59:19] ---- Starting VPN Auto-Detect/Activate check ----
[2026-02-20 00:59:19] Simulating connection to SSID BART-WiFi
[2026-02-20 00:59:19] ⚠️ VPN not active. Initiating simulation/fallback.
[2026-02-20 00:59:19] ✅ Simulated VPN activation successful (flag created).
[2026-02-20 00:59:19] ---- Check complete: PASS (Simulated) ----

[2026-02-20 01:14:24] ---- Starting VPN Auto-Detect/Activate check ----
[2026-02-20 01:14:24] Simulating connection to SSID BART-WiFi
[2026-02-20 01:14:24] ⚠️ VPN not active. Initiating simulation/fallback.
[2026-02-20 01:14:24] ✅ Simulated VPN activation successful (flag created).
[2026-02-20 01:14:24] ---- Check complete: PASS (Simulated) ----

[2026-02-20 01:29:29] ---- Starting VPN Auto-Detect/Activate check ----
[2026-02-20 01:29:29] Simulating connection to SSID BART-WiFi
[2026-02-20 01:29:29] ⚠️ VPN not active. Initiating simulation/fallback.
[2026-02-20 01:29:29] ✅ Simulated VPN activation successful (flag created).
[2026-02-20 01:29:29] ---- Check complete: PASS (Simulated) ----

[2026-02-20 01:44:33] ---- Starting VPN Auto-Detect/Activate check ----
[2026-02-20 01:44:33] Simulating connection to SSID BART-WiFi
[2026-02-20 01:44:33] ⚠️ VPN not active. Initiating simulation/fallback.
[2026-02-20 01:44:33] ✅ Simulated VPN activation successful (flag created).
[2026-02-20 01:44:33] ---- Check complete: PASS (Simulated) ----

[2026-02-20 01:59:38] ---- Starting VPN Auto-Detect/Activate check ----
[2026-02-20 01:59:38] Simulating connection to SSID BART-WiFi
[2026-02-20 01:59:38] ⚠️ VPN not active. Initiating simulation/fallback.
[2026-02-20 01:59:38] ✅ Simulated VPN activation successful (flag created).
[2026-02-20 01:59:38] ---- Check complete: PASS (Simulated) ----

[2026-02-20 02:14:43] ---- Starting VPN Auto-Detect/Activate check ----
[2026-02-20 02:14:43] Simulating connection to SSID BART-WiFi
[2026-02-20 02:14:43] ⚠️ VPN not active. Initiating simulation/fallback.
[2026-02-20 02:14:43] ✅ Simulated VPN activation successful (flag created).
[2026-02-20 02:14:43] ---- Check complete: PASS (Simulated) ----

[2026-02-20 02:29:47] ---- Starting VPN Auto-Detect/Activate check ----
[2026-02-20 02:29:47] Simulating connection to SSID BART-WiFi
[2026-02-20 02:29:47] ⚠️ VPN not active. Initiating simulation/fallback.
[2026-02-20 02:29:47] ✅ Simulated VPN activation successful (flag created).
[2026-02-20 02:29:47] ---- Check complete: PASS (Simulated) ----

[2026-02-20 02:44:52] ---- Starting VPN Auto-Detect/Activate check ----
[2026-02-20 02:44:52] Simulating connection to SSID BART-WiFi
[2026-02-20 02:44:52] ⚠️ VPN not active. Initiating simulation/fallback.
[2026-02-20 02:44:52] ✅ Simulated VPN activation successful (flag created).
[2026-02-20 02:44:52] ---- Check complete: PASS (Simulated) ----

[2026-02-20 02:59:56] ---- Starting VPN Auto-Detect/Activate check ----
[2026-02-20 02:59:56] Simulating connection to SSID BART-WiFi
[2026-02-20 02:59:56] ⚠️ VPN not active. Initiating simulation/fallback.
[2026-02-20 02:59:56] ✅ Simulated VPN activation successful (flag created).
[2026-02-20 02:59:56] ---- Check complete: PASS (Simulated) ----

[2026-02-20 03:15:01] ---- Starting VPN Auto-Detect/Activate check ----
[2026-02-20 03:15:01] Simulating connection to SSID BART-WiFi
[2026-02-20 03:15:01] ⚠️ VPN not active. Initiating simulation/fallback.
[2026-02-20 03:15:01] ✅ Simulated VPN activation successful (flag created).
[2026-02-20 03:15:01] ---- Check complete: PASS (Simulated) ----

[2026-02-20 03:30:07] ---- Starting VPN Auto-Detect/Activate check ----
[2026-02-20 03:30:07] Simulating connection to SSID BART-WiFi
[2026-02-20 03:30:07] ⚠️ VPN not active. Initiating simulation/fallback.
[2026-02-20 03:30:07] ✅ Simulated VPN activation successful (flag created).
[2026-02-20 03:30:07] ---- Check complete: PASS (Simulated) ----

[2026-02-20 03:45:11] ---- Starting VPN Auto-Detect/Activate check ----
[2026-02-20 03:45:11] Simulating connection to SSID BART-WiFi
[2026-02-20 03:45:11] ⚠️ VPN not active. Initiating simulation/fallback.
[2026-02-20 03:45:11] ✅ Simulated VPN activation successful (flag created).
[2026-02-20 03:45:11] ---- Check complete: PASS (Simulated) ----

[2026-02-20 04:00:16] ---- Starting VPN Auto-Detect/Activate check ----
[2026-02-20 04:00:16] Simulating connection to SSID BART-WiFi
[2026-02-20 04:00:16] ⚠️ VPN not active. Initiating simulation/fallback.
[2026-02-20 04:00:16] ✅ Simulated VPN activation successful (flag created).
[2026-02-20 04:00:16] ---- Check complete: PASS (Simulated) ----

[2026-02-20 04:15:23] ---- Starting VPN Auto-Detect/Activate check ----
[2026-02-20 04:15:23] Simulating connection to SSID BART-WiFi
[2026-02-20 04:15:23] ⚠️ VPN not active. Initiating simulation/fallback.
[2026-02-20 04:15:23] ✅ Simulated VPN activation successful (flag created).
[2026-02-20 04:15:23] ---- Check complete: PASS (Simulated) ----

[2026-02-20 04:30:30] ---- Starting VPN Auto-Detect/Activate check ----
[2026-02-20 04:30:30] Simulating connection to SSID BART-WiFi
[2026-02-20 04:30:30] ⚠️ VPN not active. Initiating simulation/fallback.
[2026-02-20 04:30:30] ✅ Simulated VPN activation successful (flag created).
[2026-02-20 04:30:30] ---- Check complete: PASS (Simulated) ----

[2026-02-20 04:45:35] ---- Starting VPN Auto-Detect/Activate check ----
[2026-02-20 04:45:35] Simulating connection to SSID BART-WiFi
[2026-02-20 04:45:35] ⚠️ VPN not active. Initiating simulation/fallback.
[2026-02-20 04:45:35] ✅ Simulated VPN activation successful (flag created).
[2026-02-20 04:45:35] ---- Check complete: PASS (Simulated) ----

[2026-02-20 05:00:42] ---- Starting VPN Auto-Detect/Activate check ----
[2026-02-20 05:00:42] Simulating connection to SSID BART-WiFi
[2026-02-20 05:00:42] ⚠️ VPN not active. Initiating simulation/fallback.
[2026-02-20 05:00:42] ✅ Simulated VPN activation successful (flag created).
[2026-02-20 05:00:42] ---- Check complete: PASS (Simulated) ----

[2026-02-20 05:15:49] ---- Starting VPN Auto-Detect/Activate check ----
[2026-02-20 05:15:49] Simulating connection to SSID BART-WiFi
[2026-02-20 05:15:49] ⚠️ VPN not active. Initiating simulation/fallback.
[2026-02-20 05:15:49] ✅ Simulated VPN activation successful (flag created).
[2026-02-20 05:15:49] ---- Check complete: PASS (Simulated) ----

[2026-02-20 05:30:53] ---- Starting VPN Auto-Detect/Activate check ----
[2026-02-20 05:30:53] Simulating connection to SSID BART-WiFi
[2026-02-20 05:30:53] ⚠️ VPN not active. Initiating simulation/fallback.
[2026-02-20 05:30:53] ✅ Simulated VPN activation successful (flag created).
[2026-02-20 05:30:53] ---- Check complete: PASS (Simulated) ----

[2026-02-20 05:45:58] ---- Starting VPN Auto-Detect/Activate check ----
[2026-02-20 05:45:58] Simulating connection to SSID BART-WiFi
[2026-02-20 05:45:58] ⚠️ VPN not active. Initiating simulation/fallback.
[2026-02-20 05:45:58] ✅ Simulated VPN activation successful (flag created).
[2026-02-20 05:45:58] ---- Check complete: PASS (Simulated) ----

[2026-02-20 06:01:04] ---- Starting VPN Auto-Detect/Activate check ----
[2026-02-20 06:01:04] Simulating connection to SSID BART-WiFi
[2026-02-20 06:01:04] ⚠️ VPN not active. Initiating simulation/fallback.
[2026-02-20 06:01:04] ✅ Simulated VPN activation successful (flag created).
[2026-02-20 06:01:04] ---- Check complete: PASS (Simulated) ----

[2026-02-20 06:16:09] ---- Starting VPN Auto-Detect/Activate check ----
[2026-02-20 06:16:09] Simulating connection to SSID BART-WiFi
[2026-02-20 06:16:09] ⚠️ VPN not active. Initiating simulation/fallback.
[2026-02-20 06:16:09] ✅ Simulated VPN activation successful (flag created).
[2026-02-20 06:16:09] ---- Check complete: PASS (Simulated) ----

[2026-02-20 06:31:14] ---- Starting VPN Auto-Detect/Activate check ----
[2026-02-20 06:31:14] Simulating connection to SSID BART-WiFi
[2026-02-20 06:31:14] ⚠️ VPN not active. Initiating simulation/fallback.
[2026-02-20 06:31:14] ✅ Simulated VPN activation successful (flag created).
[2026-02-20 06:31:14] ---- Check complete: PASS (Simulated) ----

[2026-02-20 06:46:19] ---- Starting VPN Auto-Detect/Activate check ----
[2026-02-20 06:46:19] Simulating connection to SSID BART-WiFi
[2026-02-20 06:46:19] ⚠️ VPN not active. Initiating simulation/fallback.
[2026-02-20 06:46:19] ✅ Simulated VPN activation successful (flag created).
[2026-02-20 06:46:19] ---- Check complete: PASS (Simulated) ----

[2026-02-20 07:01:23] ---- Starting VPN Auto-Detect/Activate check ----
[2026-02-20 07:01:23] Simulating connection to SSID BART-WiFi
[2026-02-20 07:01:23] ⚠️ VPN not active. Initiating simulation/fallback.
[2026-02-20 07:01:23] ✅ Simulated VPN activation successful (flag created).
[2026-02-20 07:01:23] ---- Check complete: PASS (Simulated) ----

[2026-02-20 07:16:28] ---- Starting VPN Auto-Detect/Activate check ----
[2026-02-20 07:16:28] Simulating connection to SSID BART-WiFi
[2026-02-20 07:16:28] ⚠️ VPN not active. Initiating simulation/fallback.
[2026-02-20 07:16:28] ✅ Simulated VPN activation successful (flag created).
[2026-02-20 07:16:28] ---- Check complete: PASS (Simulated) ----

[2026-02-20 07:31:33] ---- Starting VPN Auto-Detect/Activate check ----
[2026-02-20 07:31:33] Simulating connection to SSID BART-WiFi
[2026-02-20 07:31:33] ⚠️ VPN not active. Initiating simulation/fallback.
[2026-02-20 07:31:33] ✅ Simulated VPN activation successful (flag created).
[2026-02-20 07:31:33] ---- Check complete: PASS (Simulated) ----

[2026-02-20 07:46:38] ---- Starting VPN Auto-Detect/Activate check ----
[2026-02-20 07:46:38] Simulating connection to SSID BART-WiFi
[2026-02-20 07:46:38] ⚠️ VPN not active. Initiating simulation/fallback.
[2026-02-20 07:46:38] ✅ Simulated VPN activation successful (flag created).
[2026-02-20 07:46:38] ---- Check complete: PASS (Simulated) ----

[2026-02-20 08:01:43] ---- Starting VPN Auto-Detect/Activate check ----
[2026-02-20 08:01:43] Simulating connection to SSID BART-WiFi
[2026-02-20 08:01:43] ⚠️ VPN not active. Initiating simulation/fallback.
[2026-02-20 08:01:43] ✅ Simulated VPN activation successful (flag created).
[2026-02-20 08:01:43] ---- Check complete: PASS (Simulated) ----

[2026-02-20 08:16:48] ---- Starting VPN Auto-Detect/Activate check ----
[2026-02-20 08:16:48] Simulating connection to SSID BART-WiFi
[2026-02-20 08:16:48] ⚠️ VPN not active. Initiating simulation/fallback.
[2026-02-20 08:16:48] ✅ Simulated VPN activation successful (flag created).
[2026-02-20 08:16:48] ---- Check complete: PASS (Simulated) ----

[2026-02-20 08:31:53] ---- Starting VPN Auto-Detect/Activate check ----
[2026-02-20 08:31:53] Simulating connection to SSID BART-WiFi
[2026-02-20 08:31:53] ⚠️ VPN not active. Initiating simulation/fallback.
[2026-02-20 08:31:53] ✅ Simulated VPN activation successful (flag created).
[2026-02-20 08:31:53] ---- Check complete: PASS (Simulated) ----

[2026-02-20 08:46:57] ---- Starting VPN Auto-Detect/Activate check ----
[2026-02-20 08:46:57] Simulating connection to SSID BART-WiFi
[2026-02-20 08:46:57] ⚠️ VPN not active. Initiating simulation/fallback.
[2026-02-20 08:46:57] ✅ Simulated VPN activation successful (flag created).
[2026-02-20 08:46:57] ---- Check complete: PASS (Simulated) ----

[2026-02-20 09:02:02] ---- Starting VPN Auto-Detect/Activate check ----
[2026-02-20 09:02:02] Simulating connection to SSID BART-WiFi
[2026-02-20 09:02:02] ⚠️ VPN not active. Initiating simulation/fallback.
[2026-02-20 09:02:02] ✅ Simulated VPN activation successful (flag created).
[2026-02-20 09:02:02] ---- Check complete: PASS (Simulated) ----

[2026-02-20 09:17:08] ---- Starting VPN Auto-Detect/Activate check ----
[2026-02-20 09:17:08] Simulating connection to SSID BART-WiFi
[2026-02-20 09:17:08] ⚠️ VPN not active. Initiating simulation/fallback.
[2026-02-20 09:17:08] ✅ Simulated VPN activation successful (flag created).
[2026-02-20 09:17:08] ---- Check complete: PASS (Simulated) ----

[2026-02-20 09:32:12] ---- Starting VPN Auto-Detect/Activate check ----
[2026-02-20 09:32:12] Simulating connection to SSID BART-WiFi
[2026-02-20 09:32:12] ⚠️ VPN not active. Initiating simulation/fallback.
[2026-02-20 09:32:12] ✅ Simulated VPN activation successful (flag created).
[2026-02-20 09:32:12] ---- Check complete: PASS (Simulated) ----

[2026-02-20 09:47:17] ---- Starting VPN Auto-Detect/Activate check ----
[2026-02-20 09:47:17] Simulating connection to SSID BART-WiFi
[2026-02-20 09:47:17] ⚠️ VPN not active. Initiating simulation/fallback.
[2026-02-20 09:47:17] ✅ Simulated VPN activation successful (flag created).
[2026-02-20 09:47:17] ---- Check complete: PASS (Simulated) ----

[2026-02-20 10:02:22] ---- Starting VPN Auto-Detect/Activate check ----
[2026-02-20 10:02:22] Simulating connection to SSID BART-WiFi
[2026-02-20 10:02:22] ⚠️ VPN not active. Initiating simulation/fallback.
[2026-02-20 10:02:22] ✅ Simulated VPN activation successful (flag created).
[2026-02-20 10:02:22] ---- Check complete: PASS (Simulated) ----

[2026-02-20 10:17:27] ---- Starting VPN Auto-Detect/Activate check ----
[2026-02-20 10:17:27] Simulating connection to SSID BART-WiFi
[2026-02-20 10:17:27] ⚠️ VPN not active. Initiating simulation/fallback.
[2026-02-20 10:17:27] ✅ Simulated VPN activation successful (flag created).
[2026-02-20 10:17:27] ---- Check complete: PASS (Simulated) ----

[2026-02-20 10:32:31] ---- Starting VPN Auto-Detect/Activate check ----
[2026-02-20 10:32:31] Simulating connection to SSID BART-WiFi
[2026-02-20 10:32:31] ⚠️ VPN not active. Initiating simulation/fallback.
[2026-02-20 10:32:31] ✅ Simulated VPN activation successful (flag created).
[2026-02-20 10:32:31] ---- Check complete: PASS (Simulated) ----

[2026-02-20 10:47:36] ---- Starting VPN Auto-Detect/Activate check ----
[2026-02-20 10:47:36] Simulating connection to SSID BART-WiFi
[2026-02-20 10:47:36] ⚠️ VPN not active. Initiating simulation/fallback.
[2026-02-20 10:47:36] ✅ Simulated VPN activation successful (flag created).
[2026-02-20 10:47:36] ---- Check complete: PASS (Simulated) ----

[2026-02-20 11:02:41] ---- Starting VPN Auto-Detect/Activate check ----
[2026-02-20 11:02:41] Simulating connection to SSID BART-WiFi
[2026-02-20 11:02:41] ⚠️ VPN not active. Initiating simulation/fallback.
[2026-02-20 11:02:41] ✅ Simulated VPN activation successful (flag created).
[2026-02-20 11:02:41] ---- Check complete: PASS (Simulated) ----

[2026-02-20 11:17:45] ---- Starting VPN Auto-Detect/Activate check ----
[2026-02-20 11:17:45] Simulating connection to SSID BART-WiFi
[2026-02-20 11:17:45] ⚠️ VPN not active. Initiating simulation/fallback.
[2026-02-20 11:17:45] ✅ Simulated VPN activation successful (flag created).
[2026-02-20 11:17:45] ---- Check complete: PASS (Simulated) ----

[2026-02-20 11:32:50] ---- Starting VPN Auto-Detect/Activate check ----
[2026-02-20 11:32:50] Simulating connection to SSID BART-WiFi
[2026-02-20 11:32:50] ⚠️ VPN not active. Initiating simulation/fallback.
[2026-02-20 11:32:50] ✅ Simulated VPN activation successful (flag created).
[2026-02-20 11:32:50] ---- Check complete: PASS (Simulated) ----

[2026-02-20 11:47:55] ---- Starting VPN Auto-Detect/Activate check ----
[2026-02-20 11:47:55] Simulating connection to SSID BART-WiFi
[2026-02-20 11:47:55] ⚠️ VPN not active. Initiating simulation/fallback.
[2026-02-20 11:47:55] ✅ Simulated VPN activation successful (flag created).
[2026-02-20 11:47:55] ---- Check complete: PASS (Simulated) ----

[2026-02-20 12:02:59] ---- Starting VPN Auto-Detect/Activate check ----
[2026-02-20 12:02:59] Simulating connection to SSID BART-WiFi
[2026-02-20 12:02:59] ⚠️ VPN not active. Initiating simulation/fallback.
[2026-02-20 12:02:59] ✅ Simulated VPN activation successful (flag created).
[2026-02-20 12:02:59] ---- Check complete: PASS (Simulated) ----

[2026-02-20 12:18:05] ---- Starting VPN Auto-Detect/Activate check ----
[2026-02-20 12:18:05] Simulating connection to SSID BART-WiFi
[2026-02-20 12:18:05] ⚠️ VPN not active. Initiating simulation/fallback.
[2026-02-20 12:18:05] ✅ Simulated VPN activation successful (flag created).
[2026-02-20 12:18:05] ---- Check complete: PASS (Simulated) ----

[2026-02-20 12:33:09] ---- Starting VPN Auto-Detect/Activate check ----
[2026-02-20 12:33:09] Simulating connection to SSID BART-WiFi
[2026-02-20 12:33:09] ⚠️ VPN not active. Initiating simulation/fallback.
[2026-02-20 12:33:09] ✅ Simulated VPN activation successful (flag created).
[2026-02-20 12:33:09] ---- Check complete: PASS (Simulated) ----

[2026-02-20 12:48:14] ---- Starting VPN Auto-Detect/Activate check ----
[2026-02-20 12:48:14] Simulating connection to SSID BART-WiFi
[2026-02-20 12:48:14] ⚠️ VPN not active. Initiating simulation/fallback.
[2026-02-20 12:48:14] ✅ Simulated VPN activation successful (flag created).
[2026-02-20 12:48:14] ---- Check complete: PASS (Simulated) ----

[2026-02-20 13:03:19] ---- Starting VPN Auto-Detect/Activate check ----
[2026-02-20 13:03:19] Simulating connection to SSID BART-WiFi
[2026-02-20 13:03:19] ⚠️ VPN not active. Initiating simulation/fallback.
[2026-02-20 13:03:19] ✅ Simulated VPN activation successful (flag created).
[2026-02-20 13:03:19] ---- Check complete: PASS (Simulated) ----

[2026-02-20 13:18:23] ---- Starting VPN Auto-Detect/Activate check ----
[2026-02-20 13:18:23] Simulating connection to SSID BART-WiFi
[2026-02-20 13:18:23] ⚠️ VPN not active. Initiating simulation/fallback.
[2026-02-20 13:18:23] ✅ Simulated VPN activation successful (flag created).
[2026-02-20 13:18:23] ---- Check complete: PASS (Simulated) ----

[2026-02-20 13:33:28] ---- Starting VPN Auto-Detect/Activate check ----
[2026-02-20 13:33:28] Simulating connection to SSID BART-WiFi
[2026-02-20 13:33:28] ⚠️ VPN not active. Initiating simulation/fallback.
[2026-02-20 13:33:28] ✅ Simulated VPN activation successful (flag created).
[2026-02-20 13:33:28] ---- Check complete: PASS (Simulated) ----

[2026-02-20 13:48:33] ---- Starting VPN Auto-Detect/Activate check ----
[2026-02-20 13:48:33] Simulating connection to SSID BART-WiFi
[2026-02-20 13:48:33] ⚠️ VPN not active. Initiating simulation/fallback.
[2026-02-20 13:48:33] ✅ Simulated VPN activation successful (flag created).
[2026-02-20 13:48:33] ---- Check complete: PASS (Simulated) ----

[2026-02-20 14:03:38] ---- Starting VPN Auto-Detect/Activate check ----
[2026-02-20 14:03:38] Simulating connection to SSID BART-WiFi
[2026-02-20 14:03:38] ⚠️ VPN not active. Initiating simulation/fallback.
[2026-02-20 14:03:38] ✅ Simulated VPN activation successful (flag created).
[2026-02-20 14:03:38] ---- Check complete: PASS (Simulated) ----

[2026-02-20 14:18:43] ---- Starting VPN Auto-Detect/Activate check ----
[2026-02-20 14:18:43] Simulating connection to SSID BART-WiFi
[2026-02-20 14:18:43] ⚠️ VPN not active. Initiating simulation/fallback.
[2026-02-20 14:18:43] ✅ Simulated VPN activation successful (flag created).
[2026-02-20 14:18:43] ---- Check complete: PASS (Simulated) ----

[2026-02-20 14:33:48] ---- Starting VPN Auto-Detect/Activate check ----
[2026-02-20 14:33:48] Simulating connection to SSID BART-WiFi
[2026-02-20 14:33:48] ⚠️ VPN not active. Initiating simulation/fallback.
[2026-02-20 14:33:48] ✅ Simulated VPN activation successful (flag created).
[2026-02-20 14:33:48] ---- Check complete: PASS (Simulated) ----

[2026-02-20 14:48:53] ---- Starting VPN Auto-Detect/Activate check ----
[2026-02-20 14:48:53] Simulating connection to SSID BART-WiFi
[2026-02-20 14:48:53] ⚠️ VPN not active. Initiating simulation/fallback.
[2026-02-20 14:48:53] ✅ Simulated VPN activation successful (flag created).
[2026-02-20 14:48:53] ---- Check complete: PASS (Simulated) ----

[2026-02-20 15:03:58] ---- Starting VPN Auto-Detect/Activate check ----
[2026-02-20 15:03:58] Simulating connection to SSID BART-WiFi
[2026-02-20 15:03:58] ⚠️ VPN not active. Initiating simulation/fallback.
[2026-02-20 15:03:58] ✅ Simulated VPN activation successful (flag created).
[2026-02-20 15:03:58] ---- Check complete: PASS (Simulated) ----

[2026-02-20 15:19:03] ---- Starting VPN Auto-Detect/Activate check ----
[2026-02-20 15:19:03] Simulating connection to SSID BART-WiFi
[2026-02-20 15:19:03] ⚠️ VPN not active. Initiating simulation/fallback.
[2026-02-20 15:19:03] ✅ Simulated VPN activation successful (flag created).
[2026-02-20 15:19:03] ---- Check complete: PASS (Simulated) ----

[2026-02-20 15:34:08] ---- Starting VPN Auto-Detect/Activate check ----
[2026-02-20 15:34:08] Simulating connection to SSID BART-WiFi
[2026-02-20 15:34:08] ⚠️ VPN not active. Initiating simulation/fallback.
[2026-02-20 15:34:08] ✅ Simulated VPN activation successful (flag created).
[2026-02-20 15:34:08] ---- Check complete: PASS (Simulated) ----

[2026-02-20 15:49:13] ---- Starting VPN Auto-Detect/Activate check ----
[2026-02-20 15:49:13] Simulating connection to SSID BART-WiFi
[2026-02-20 15:49:13] ⚠️ VPN not active. Initiating simulation/fallback.
[2026-02-20 15:49:13] ✅ Simulated VPN activation successful (flag created).
[2026-02-20 15:49:13] ---- Check complete: PASS (Simulated) ----

[2026-02-20 16:04:18] ---- Starting VPN Auto-Detect/Activate check ----
[2026-02-20 16:04:18] Simulating connection to SSID BART-WiFi
[2026-02-20 16:04:18] ⚠️ VPN not active. Initiating simulation/fallback.
[2026-02-20 16:04:18] ✅ Simulated VPN activation successful (flag created).
[2026-02-20 16:04:18] ---- Check complete: PASS (Simulated) ----

[2026-02-20 16:19:24] ---- Starting VPN Auto-Detect/Activate check ----
[2026-02-20 16:19:24] Simulating connection to SSID BART-WiFi
[2026-02-20 16:19:24] ⚠️ VPN not active. Initiating simulation/fallback.
[2026-02-20 16:19:24] ✅ Simulated VPN activation successful (flag created).
[2026-02-20 16:19:24] ---- Check complete: PASS (Simulated) ----

[2026-02-20 16:34:29] ---- Starting VPN Auto-Detect/Activate check ----
[2026-02-20 16:34:29] Simulating connection to SSID BART-WiFi
[2026-02-20 16:34:29] ⚠️ VPN not active. Initiating simulation/fallback.
[2026-02-20 16:34:29] ✅ Simulated VPN activation successful (flag created).
[2026-02-20 16:34:29] ---- Check complete: PASS (Simulated) ----

[2026-02-20 16:49:34] ---- Starting VPN Auto-Detect/Activate check ----
[2026-02-20 16:49:34] Simulating connection to SSID BART-WiFi
[2026-02-20 16:49:34] ⚠️ VPN not active. Initiating simulation/fallback.
[2026-02-20 16:49:34] ✅ Simulated VPN activation successful (flag created).
[2026-02-20 16:49:34] ---- Check complete: PASS (Simulated) ----

[2026-02-20 17:04:39] ---- Starting VPN Auto-Detect/Activate check ----
[2026-02-20 17:04:39] Simulating connection to SSID BART-WiFi
[2026-02-20 17:04:39] ⚠️ VPN not active. Initiating simulation/fallback.
[2026-02-20 17:04:39] ✅ Simulated VPN activation successful (flag created).
[2026-02-20 17:04:39] ---- Check complete: PASS (Simulated) ----

[2026-02-20 17:19:45] ---- Starting VPN Auto-Detect/Activate check ----
[2026-02-20 17:19:45] Simulating connection to SSID BART-WiFi
[2026-02-20 17:19:45] ⚠️ VPN not active. Initiating simulation/fallback.
[2026-02-20 17:19:45] ✅ Simulated VPN activation successful (flag created).
[2026-02-20 17:19:45] ---- Check complete: PASS (Simulated) ----

[2026-02-20 17:34:50] ---- Starting VPN Auto-Detect/Activate check ----
[2026-02-20 17:34:50] Simulating connection to SSID BART-WiFi
[2026-02-20 17:34:50] ⚠️ VPN not active. Initiating simulation/fallback.
[2026-02-20 17:34:50] ✅ Simulated VPN activation successful (flag created).
[2026-02-20 17:34:50] ---- Check complete: PASS (Simulated) ----

[2026-02-20 17:49:55] ---- Starting VPN Auto-Detect/Activate check ----
[2026-02-20 17:49:55] Simulating connection to SSID BART-WiFi
[2026-02-20 17:49:55] ⚠️ VPN not active. Initiating simulation/fallback.
[2026-02-20 17:49:55] ✅ Simulated VPN activation successful (flag created).
[2026-02-20 17:49:55] ---- Check complete: PASS (Simulated) ----

[2026-02-20 18:05:00] ---- Starting VPN Auto-Detect/Activate check ----
[2026-02-20 18:05:00] Simulating connection to SSID BART-WiFi
[2026-02-20 18:05:00] ⚠️ VPN not active. Initiating simulation/fallback.
[2026-02-20 18:05:00] ✅ Simulated VPN activation successful (flag created).
[2026-02-20 18:05:00] ---- Check complete: PASS (Simulated) ----

[2026-02-20 18:20:05] ---- Starting VPN Auto-Detect/Activate check ----
[2026-02-20 18:20:05] Simulating connection to SSID BART-WiFi
[2026-02-20 18:20:05] ⚠️ VPN not active. Initiating simulation/fallback.
[2026-02-20 18:20:05] ✅ Simulated VPN activation successful (flag created).
[2026-02-20 18:20:05] ---- Check complete: PASS (Simulated) ----

[2026-02-20 18:35:10] ---- Starting VPN Auto-Detect/Activate check ----
[2026-02-20 18:35:10] Simulating connection to SSID BART-WiFi
[2026-02-20 18:35:10] ⚠️ VPN not active. Initiating simulation/fallback.
[2026-02-20 18:35:10] ✅ Simulated VPN activation successful (flag created).
[2026-02-20 18:35:10] ---- Check complete: PASS (Simulated) ----

[2026-02-20 18:50:16] ---- Starting VPN Auto-Detect/Activate check ----
[2026-02-20 18:50:16] Simulating connection to SSID BART-WiFi
[2026-02-20 18:50:16] ⚠️ VPN not active. Initiating simulation/fallback.
[2026-02-20 18:50:16] ✅ Simulated VPN activation successful (flag created).
[2026-02-20 18:50:16] ---- Check complete: PASS (Simulated) ----

[2026-02-20 19:05:21] ---- Starting VPN Auto-Detect/Activate check ----
[2026-02-20 19:05:21] Simulating connection to SSID BART-WiFi
[2026-02-20 19:05:21] ⚠️ VPN not active. Initiating simulation/fallback.
[2026-02-20 19:05:21] ✅ Simulated VPN activation successful (flag created).
[2026-02-20 19:05:21] ---- Check complete: PASS (Simulated) ----

[2026-02-20 19:20:27] ---- Starting VPN Auto-Detect/Activate check ----
[2026-02-20 19:20:27] Simulating connection to SSID BART-WiFi
[2026-02-20 19:20:27] ⚠️ VPN not active. Initiating simulation/fallback.
[2026-02-20 19:20:27] ✅ Simulated VPN activation successful (flag created).
[2026-02-20 19:20:27] ---- Check complete: PASS (Simulated) ----

[2026-02-20 19:35:32] ---- Starting VPN Auto-Detect/Activate check ----
[2026-02-20 19:35:32] Simulating connection to SSID BART-WiFi
[2026-02-20 19:35:32] ⚠️ VPN not active. Initiating simulation/fallback.
[2026-02-20 19:35:32] ✅ Simulated VPN activation successful (flag created).
[2026-02-20 19:35:32] ---- Check complete: PASS (Simulated) ----

[2026-02-20 19:50:37] ---- Starting VPN Auto-Detect/Activate check ----
[2026-02-20 19:50:37] Simulating connection to SSID BART-WiFi
[2026-02-20 19:50:37] ⚠️ VPN not active. Initiating simulation/fallback.
[2026-02-20 19:50:37] ✅ Simulated VPN activation successful (flag created).
[2026-02-20 19:50:37] ---- Check complete: PASS (Simulated) ----

[2026-02-20 20:05:42] ---- Starting VPN Auto-Detect/Activate check ----
[2026-02-20 20:05:42] Simulating connection to SSID BART-WiFi
[2026-02-20 20:05:42] ⚠️ VPN not active. Initiating simulation/fallback.
[2026-02-20 20:05:42] ✅ Simulated VPN activation successful (flag created).
[2026-02-20 20:05:42] ---- Check complete: PASS (Simulated) ----

[2026-02-20 20:20:47] ---- Starting VPN Auto-Detect/Activate check ----
[2026-02-20 20:20:47] Simulating connection to SSID BART-WiFi
[2026-02-20 20:20:47] ⚠️ VPN not active. Initiating simulation/fallback.
[2026-02-20 20:20:47] ✅ Simulated VPN activation successful (flag created).
[2026-02-20 20:20:47] ---- Check complete: PASS (Simulated) ----

[2026-02-20 20:35:51] ---- Starting VPN Auto-Detect/Activate check ----
[2026-02-20 20:35:51] Simulating connection to SSID BART-WiFi
[2026-02-20 20:35:51] ⚠️ VPN not active. Initiating simulation/fallback.
[2026-02-20 20:35:51] ✅ Simulated VPN activation successful (flag created).
[2026-02-20 20:35:51] ---- Check complete: PASS (Simulated) ----

[2026-02-20 20:50:57] ---- Starting VPN Auto-Detect/Activate check ----
[2026-02-20 20:50:57] Simulating connection to SSID BART-WiFi
[2026-02-20 20:50:57] ⚠️ VPN not active. Initiating simulation/fallback.
[2026-02-20 20:50:57] ✅ Simulated VPN activation successful (flag created).
[2026-02-20 20:50:57] ---- Check complete: PASS (Simulated) ----

[2026-02-20 21:06:02] ---- Starting VPN Auto-Detect/Activate check ----
[2026-02-20 21:06:02] Simulating connection to SSID BART-WiFi
[2026-02-20 21:06:02] ⚠️ VPN not active. Initiating simulation/fallback.
[2026-02-20 21:06:02] ✅ Simulated VPN activation successful (flag created).
[2026-02-20 21:06:02] ---- Check complete: PASS (Simulated) ----

[2026-02-20 21:21:08] ---- Starting VPN Auto-Detect/Activate check ----
[2026-02-20 21:21:08] Simulating connection to SSID BART-WiFi
[2026-02-20 21:21:08] ⚠️ VPN not active. Initiating simulation/fallback.
[2026-02-20 21:21:08] ✅ Simulated VPN activation successful (flag created).
[2026-02-20 21:21:08] ---- Check complete: PASS (Simulated) ----

[2026-02-20 21:36:14] ---- Starting VPN Auto-Detect/Activate check ----
[2026-02-20 21:36:14] Simulating connection to SSID BART-WiFi
[2026-02-20 21:36:14] ⚠️ VPN not active. Initiating simulation/fallback.
[2026-02-20 21:36:14] ✅ Simulated VPN activation successful (flag created).
[2026-02-20 21:36:14] ---- Check complete: PASS (Simulated) ----

[2026-02-20 21:51:19] ---- Starting VPN Auto-Detect/Activate check ----
[2026-02-20 21:51:19] Simulating connection to SSID BART-WiFi
[2026-02-20 21:51:19] ⚠️ VPN not active. Initiating simulation/fallback.
[2026-02-20 21:51:19] ✅ Simulated VPN activation successful (flag created).
[2026-02-20 21:51:19] ---- Check complete: PASS (Simulated) ----

[2026-02-20 22:06:24] ---- Starting VPN Auto-Detect/Activate check ----
[2026-02-20 22:06:24] Simulating connection to SSID BART-WiFi
[2026-02-20 22:06:24] ⚠️ VPN not active. Initiating simulation/fallback.
[2026-02-20 22:06:24] ✅ Simulated VPN activation successful (flag created).
[2026-02-20 22:06:24] ---- Check complete: PASS (Simulated) ----

[2026-02-20 22:21:29] ---- Starting VPN Auto-Detect/Activate check ----
[2026-02-20 22:21:29] Simulating connection to SSID BART-WiFi
[2026-02-20 22:21:29] ⚠️ VPN not active. Initiating simulation/fallback.
[2026-02-20 22:21:29] ✅ Simulated VPN activation successful (flag created).
[2026-02-20 22:21:29] ---- Check complete: PASS (Simulated) ----

[2026-02-20 22:36:33] ---- Starting VPN Auto-Detect/Activate check ----
[2026-02-20 22:36:33] Simulating connection to SSID BART-WiFi
[2026-02-20 22:36:33] ⚠️ VPN not active. Initiating simulation/fallback.
[2026-02-20 22:36:33] ✅ Simulated VPN activation successful (flag created).
[2026-02-20 22:36:33] ---- Check complete: PASS (Simulated) ----

[2026-02-20 22:51:38] ---- Starting VPN Auto-Detect/Activate check ----
[2026-02-20 22:51:38] Simulating connection to SSID BART-WiFi
[2026-02-20 22:51:38] ⚠️ VPN not active. Initiating simulation/fallback.
[2026-02-20 22:51:38] ✅ Simulated VPN activation successful (flag created).
[2026-02-20 22:51:38] ---- Check complete: PASS (Simulated) ----

[2026-02-20 23:06:43] ---- Starting VPN Auto-Detect/Activate check ----
[2026-02-20 23:06:43] Simulating connection to SSID BART-WiFi
[2026-02-20 23:06:43] ⚠️ VPN not active. Initiating simulation/fallback.
[2026-02-20 23:06:43] ✅ Simulated VPN activation successful (flag created).
[2026-02-20 23:06:43] ---- Check complete: PASS (Simulated) ----

[2026-02-20 23:21:48] ---- Starting VPN Auto-Detect/Activate check ----
[2026-02-20 23:21:48] Simulating connection to SSID BART-WiFi
[2026-02-20 23:21:48] ⚠️ VPN not active. Initiating simulation/fallback.
[2026-02-20 23:21:48] ✅ Simulated VPN activation successful (flag created).
[2026-02-20 23:21:48] ---- Check complete: PASS (Simulated) ----

[2026-02-20 23:36:53] ---- Starting VPN Auto-Detect/Activate check ----
[2026-02-20 23:36:53] Simulating connection to SSID BART-WiFi
[2026-02-20 23:36:53] ⚠️ VPN not active. Initiating simulation/fallback.
[2026-02-20 23:36:53] ✅ Simulated VPN activation successful (flag created).
[2026-02-20 23:36:53] ---- Check complete: PASS (Simulated) ----

[2026-02-20 23:51:58] ---- Starting VPN Auto-Detect/Activate check ----
[2026-02-20 23:51:58] Simulating connection to SSID BART-WiFi
[2026-02-20 23:51:58] ⚠️ VPN not active. Initiating simulation/fallback.
[2026-02-20 23:51:58] ✅ Simulated VPN activation successful (flag created).
[2026-02-20 23:51:58] ---- Check complete: PASS (Simulated) ----

[2026-02-21 00:07:03] ---- Starting VPN Auto-Detect/Activate check ----
[2026-02-21 00:07:03] Simulating connection to SSID BART-WiFi
[2026-02-21 00:07:03] ⚠️ VPN not active. Initiating simulation/fallback.
[2026-02-21 00:07:03] ✅ Simulated VPN activation successful (flag created).
[2026-02-21 00:07:03] ---- Check complete: PASS (Simulated) ----

[2026-02-21 00:22:08] ---- Starting VPN Auto-Detect/Activate check ----
[2026-02-21 00:22:08] Simulating connection to SSID BART-WiFi
[2026-02-21 00:22:08] ⚠️ VPN not active. Initiating simulation/fallback.
[2026-02-21 00:22:08] ✅ Simulated VPN activation successful (flag created).
[2026-02-21 00:22:08] ---- Check complete: PASS (Simulated) ----

[2026-02-21 00:37:13] ---- Starting VPN Auto-Detect/Activate check ----
[2026-02-21 00:37:13] Simulating connection to SSID BART-WiFi
[2026-02-21 00:37:13] ⚠️ VPN not active. Initiating simulation/fallback.
[2026-02-21 00:37:13] ✅ Simulated VPN activation successful (flag created).
[2026-02-21 00:37:13] ---- Check complete: PASS (Simulated) ----

[2026-02-21 00:52:18] ---- Starting VPN Auto-Detect/Activate check ----
[2026-02-21 00:52:18] Simulating connection to SSID BART-WiFi
[2026-02-21 00:52:18] ⚠️ VPN not active. Initiating simulation/fallback.
[2026-02-21 00:52:18] ✅ Simulated VPN activation successful (flag created).
[2026-02-21 00:52:18] ---- Check complete: PASS (Simulated) ----

[2026-02-21 01:07:23] ---- Starting VPN Auto-Detect/Activate check ----
[2026-02-21 01:07:23] Simulating connection to SSID BART-WiFi
[2026-02-21 01:07:23] ⚠️ VPN not active. Initiating simulation/fallback.
[2026-02-21 01:07:23] ✅ Simulated VPN activation successful (flag created).
[2026-02-21 01:07:23] ---- Check complete: PASS (Simulated) ----

[2026-02-21 01:22:27] ---- Starting VPN Auto-Detect/Activate check ----
[2026-02-21 01:22:27] Simulating connection to SSID BART-WiFi
[2026-02-21 01:22:28] ⚠️ VPN not active. Initiating simulation/fallback.
[2026-02-21 01:22:28] ✅ Simulated VPN activation successful (flag created).
[2026-02-21 01:22:28] ---- Check complete: PASS (Simulated) ----

[2026-02-21 01:37:32] ---- Starting VPN Auto-Detect/Activate check ----
[2026-02-21 01:37:32] Simulating connection to SSID BART-WiFi
[2026-02-21 01:37:33] ⚠️ VPN not active. Initiating simulation/fallback.
[2026-02-21 01:37:33] ✅ Simulated VPN activation successful (flag created).
[2026-02-21 01:37:33] ---- Check complete: PASS (Simulated) ----

[2026-02-21 01:52:37] ---- Starting VPN Auto-Detect/Activate check ----
[2026-02-21 01:52:37] Simulating connection to SSID BART-WiFi
[2026-02-21 01:52:37] ⚠️ VPN not active. Initiating simulation/fallback.
[2026-02-21 01:52:37] ✅ Simulated VPN activation successful (flag created).
[2026-02-21 01:52:37] ---- Check complete: PASS (Simulated) ----

[2026-02-21 02:07:42] ---- Starting VPN Auto-Detect/Activate check ----
[2026-02-21 02:07:42] Simulating connection to SSID BART-WiFi
[2026-02-21 02:07:42] ⚠️ VPN not active. Initiating simulation/fallback.
[2026-02-21 02:07:42] ✅ Simulated VPN activation successful (flag created).
[2026-02-21 02:07:42] ---- Check complete: PASS (Simulated) ----

[2026-02-21 02:22:47] ---- Starting VPN Auto-Detect/Activate check ----
[2026-02-21 02:22:47] Simulating connection to SSID BART-WiFi
[2026-02-21 02:22:47] ⚠️ VPN not active. Initiating simulation/fallback.
[2026-02-21 02:22:47] ✅ Simulated VPN activation successful (flag created).
[2026-02-21 02:22:47] ---- Check complete: PASS (Simulated) ----

[2026-02-21 02:37:52] ---- Starting VPN Auto-Detect/Activate check ----
[2026-02-21 02:37:52] Simulating connection to SSID BART-WiFi
[2026-02-21 02:37:52] ⚠️ VPN not active. Initiating simulation/fallback.
[2026-02-21 02:37:52] ✅ Simulated VPN activation successful (flag created).
[2026-02-21 02:37:52] ---- Check complete: PASS (Simulated) ----

[2026-02-21 02:52:56] ---- Starting VPN Auto-Detect/Activate check ----
[2026-02-21 02:52:56] Simulating connection to SSID BART-WiFi
[2026-02-21 02:52:56] ⚠️ VPN not active. Initiating simulation/fallback.
[2026-02-21 02:52:56] ✅ Simulated VPN activation successful (flag created).
[2026-02-21 02:52:56] ---- Check complete: PASS (Simulated) ----

[2026-02-21 03:08:02] ---- Starting VPN Auto-Detect/Activate check ----
[2026-02-21 03:08:02] Simulating connection to SSID BART-WiFi
[2026-02-21 03:08:02] ⚠️ VPN not active. Initiating simulation/fallback.
[2026-02-21 03:08:02] ✅ Simulated VPN activation successful (flag created).
[2026-02-21 03:08:02] ---- Check complete: PASS (Simulated) ----

[2026-02-21 03:23:07] ---- Starting VPN Auto-Detect/Activate check ----
[2026-02-21 03:23:07] Simulating connection to SSID BART-WiFi
[2026-02-21 03:23:07] ⚠️ VPN not active. Initiating simulation/fallback.
[2026-02-21 03:23:07] ✅ Simulated VPN activation successful (flag created).
[2026-02-21 03:23:07] ---- Check complete: PASS (Simulated) ----

[2026-02-21 03:38:13] ---- Starting VPN Auto-Detect/Activate check ----
[2026-02-21 03:38:13] Simulating connection to SSID BART-WiFi
[2026-02-21 03:38:13] ⚠️ VPN not active. Initiating simulation/fallback.
[2026-02-21 03:38:13] ✅ Simulated VPN activation successful (flag created).
[2026-02-21 03:38:13] ---- Check complete: PASS (Simulated) ----

[2026-02-21 03:53:18] ---- Starting VPN Auto-Detect/Activate check ----
[2026-02-21 03:53:18] Simulating connection to SSID BART-WiFi
[2026-02-21 03:53:18] ⚠️ VPN not active. Initiating simulation/fallback.
[2026-02-21 03:53:18] ✅ Simulated VPN activation successful (flag created).
[2026-02-21 03:53:18] ---- Check complete: PASS (Simulated) ----

[2026-02-21 04:08:23] ---- Starting VPN Auto-Detect/Activate check ----
[2026-02-21 04:08:23] Simulating connection to SSID BART-WiFi
[2026-02-21 04:08:23] ⚠️ VPN not active. Initiating simulation/fallback.
[2026-02-21 04:08:23] ✅ Simulated VPN activation successful (flag created).
[2026-02-21 04:08:23] ---- Check complete: PASS (Simulated) ----

[2026-02-21 04:23:28] ---- Starting VPN Auto-Detect/Activate check ----
[2026-02-21 04:23:28] Simulating connection to SSID BART-WiFi
[2026-02-21 04:23:28] ⚠️ VPN not active. Initiating simulation/fallback.
[2026-02-21 04:23:28] ✅ Simulated VPN activation successful (flag created).
[2026-02-21 04:23:28] ---- Check complete: PASS (Simulated) ----

[2026-02-21 04:38:33] ---- Starting VPN Auto-Detect/Activate check ----
[2026-02-21 04:38:33] Simulating connection to SSID BART-WiFi
[2026-02-21 04:38:33] ⚠️ VPN not active. Initiating simulation/fallback.
[2026-02-21 04:38:33] ✅ Simulated VPN activation successful (flag created).
[2026-02-21 04:38:33] ---- Check complete: PASS (Simulated) ----

[2026-02-21 04:53:38] ---- Starting VPN Auto-Detect/Activate check ----
[2026-02-21 04:53:38] Simulating connection to SSID BART-WiFi
[2026-02-21 04:53:38] ⚠️ VPN not active. Initiating simulation/fallback.
[2026-02-21 04:53:38] ✅ Simulated VPN activation successful (flag created).
[2026-02-21 04:53:38] ---- Check complete: PASS (Simulated) ----

[2026-02-21 05:08:43] ---- Starting VPN Auto-Detect/Activate check ----
[2026-02-21 05:08:43] Simulating connection to SSID BART-WiFi
[2026-02-21 05:08:43] ⚠️ VPN not active. Initiating simulation/fallback.
[2026-02-21 05:08:43] ✅ Simulated VPN activation successful (flag created).
[2026-02-21 05:08:43] ---- Check complete: PASS (Simulated) ----

[2026-02-21 05:23:48] ---- Starting VPN Auto-Detect/Activate check ----
[2026-02-21 05:23:48] Simulating connection to SSID BART-WiFi
[2026-02-21 05:23:48] ⚠️ VPN not active. Initiating simulation/fallback.
[2026-02-21 05:23:48] ✅ Simulated VPN activation successful (flag created).
[2026-02-21 05:23:48] ---- Check complete: PASS (Simulated) ----

[2026-02-21 05:38:53] ---- Starting VPN Auto-Detect/Activate check ----
[2026-02-21 05:38:53] Simulating connection to SSID BART-WiFi
[2026-02-21 05:38:53] ⚠️ VPN not active. Initiating simulation/fallback.
[2026-02-21 05:38:53] ✅ Simulated VPN activation successful (flag created).
[2026-02-21 05:38:53] ---- Check complete: PASS (Simulated) ----

[2026-02-21 05:53:58] ---- Starting VPN Auto-Detect/Activate check ----
[2026-02-21 05:53:58] Simulating connection to SSID BART-WiFi
[2026-02-21 05:53:58] ⚠️ VPN not active. Initiating simulation/fallback.
[2026-02-21 05:53:58] ✅ Simulated VPN activation successful (flag created).
[2026-02-21 05:53:58] ---- Check complete: PASS (Simulated) ----

[2026-02-21 06:09:04] ---- Starting VPN Auto-Detect/Activate check ----
[2026-02-21 06:09:04] Simulating connection to SSID BART-WiFi
[2026-02-21 06:09:04] ⚠️ VPN not active. Initiating simulation/fallback.
[2026-02-21 06:09:04] ✅ Simulated VPN activation successful (flag created).
[2026-02-21 06:09:04] ---- Check complete: PASS (Simulated) ----

[2026-02-21 06:24:08] ---- Starting VPN Auto-Detect/Activate check ----
[2026-02-21 06:24:08] Simulating connection to SSID BART-WiFi
[2026-02-21 06:24:08] ⚠️ VPN not active. Initiating simulation/fallback.
[2026-02-21 06:24:08] ✅ Simulated VPN activation successful (flag created).
[2026-02-21 06:24:08] ---- Check complete: PASS (Simulated) ----

[2026-02-21 06:39:13] ---- Starting VPN Auto-Detect/Activate check ----
[2026-02-21 06:39:13] Simulating connection to SSID BART-WiFi
[2026-02-21 06:39:13] ⚠️ VPN not active. Initiating simulation/fallback.
[2026-02-21 06:39:13] ✅ Simulated VPN activation successful (flag created).
[2026-02-21 06:39:13] ---- Check complete: PASS (Simulated) ----

[2026-02-21 06:54:18] ---- Starting VPN Auto-Detect/Activate check ----
[2026-02-21 06:54:18] Simulating connection to SSID BART-WiFi
[2026-02-21 06:54:18] ⚠️ VPN not active. Initiating simulation/fallback.
[2026-02-21 06:54:18] ✅ Simulated VPN activation successful (flag created).
[2026-02-21 06:54:18] ---- Check complete: PASS (Simulated) ----

[2026-02-21 07:09:24] ---- Starting VPN Auto-Detect/Activate check ----
[2026-02-21 07:09:24] Simulating connection to SSID BART-WiFi
[2026-02-21 07:09:24] ⚠️ VPN not active. Initiating simulation/fallback.
[2026-02-21 07:09:24] ✅ Simulated VPN activation successful (flag created).
[2026-02-21 07:09:24] ---- Check complete: PASS (Simulated) ----

[2026-02-21 07:24:29] ---- Starting VPN Auto-Detect/Activate check ----
[2026-02-21 07:24:29] Simulating connection to SSID BART-WiFi
[2026-02-21 07:24:29] ⚠️ VPN not active. Initiating simulation/fallback.
[2026-02-21 07:24:29] ✅ Simulated VPN activation successful (flag created).
[2026-02-21 07:24:29] ---- Check complete: PASS (Simulated) ----

[2026-02-21 07:39:34] ---- Starting VPN Auto-Detect/Activate check ----
[2026-02-21 07:39:34] Simulating connection to SSID BART-WiFi
[2026-02-21 07:39:34] ⚠️ VPN not active. Initiating simulation/fallback.
[2026-02-21 07:39:34] ✅ Simulated VPN activation successful (flag created).
[2026-02-21 07:39:34] ---- Check complete: PASS (Simulated) ----

[2026-02-21 07:54:39] ---- Starting VPN Auto-Detect/Activate check ----
[2026-02-21 07:54:39] Simulating connection to SSID BART-WiFi
[2026-02-21 07:54:39] ⚠️ VPN not active. Initiating simulation/fallback.
[2026-02-21 07:54:39] ✅ Simulated VPN activation successful (flag created).
[2026-02-21 07:54:39] ---- Check complete: PASS (Simulated) ----

[2026-02-21 08:09:44] ---- Starting VPN Auto-Detect/Activate check ----
[2026-02-21 08:09:44] Simulating connection to SSID BART-WiFi
[2026-02-21 08:09:44] ⚠️ VPN not active. Initiating simulation/fallback.
[2026-02-21 08:09:44] ✅ Simulated VPN activation successful (flag created).
[2026-02-21 08:09:44] ---- Check complete: PASS (Simulated) ----

[2026-02-21 08:24:49] ---- Starting VPN Auto-Detect/Activate check ----
[2026-02-21 08:24:49] Simulating connection to SSID BART-WiFi
[2026-02-21 08:24:49] ⚠️ VPN not active. Initiating simulation/fallback.
[2026-02-21 08:24:49] ✅ Simulated VPN activation successful (flag created).
[2026-02-21 08:24:49] ---- Check complete: PASS (Simulated) ----

[2026-02-21 08:39:54] ---- Starting VPN Auto-Detect/Activate check ----
[2026-02-21 08:39:54] Simulating connection to SSID BART-WiFi
[2026-02-21 08:39:54] ⚠️ VPN not active. Initiating simulation/fallback.
[2026-02-21 08:39:54] ✅ Simulated VPN activation successful (flag created).
[2026-02-21 08:39:54] ---- Check complete: PASS (Simulated) ----

[2026-02-21 08:54:59] ---- Starting VPN Auto-Detect/Activate check ----
[2026-02-21 08:54:59] Simulating connection to SSID BART-WiFi
[2026-02-21 08:54:59] ⚠️ VPN not active. Initiating simulation/fallback.
[2026-02-21 08:54:59] ✅ Simulated VPN activation successful (flag created).
[2026-02-21 08:54:59] ---- Check complete: PASS (Simulated) ----

[2026-02-21 09:10:05] ---- Starting VPN Auto-Detect/Activate check ----
[2026-02-21 09:10:05] Simulating connection to SSID BART-WiFi
[2026-02-21 09:10:05] ⚠️ VPN not active. Initiating simulation/fallback.
[2026-02-21 09:10:05] ✅ Simulated VPN activation successful (flag created).
[2026-02-21 09:10:05] ---- Check complete: PASS (Simulated) ----

[2026-02-21 09:25:11] ---- Starting VPN Auto-Detect/Activate check ----
[2026-02-21 09:25:11] Simulating connection to SSID BART-WiFi
[2026-02-21 09:25:11] ⚠️ VPN not active. Initiating simulation/fallback.
[2026-02-21 09:25:11] ✅ Simulated VPN activation successful (flag created).
[2026-02-21 09:25:11] ---- Check complete: PASS (Simulated) ----

[2026-02-21 09:40:16] ---- Starting VPN Auto-Detect/Activate check ----
[2026-02-21 09:40:16] Simulating connection to SSID BART-WiFi
[2026-02-21 09:40:16] ⚠️ VPN not active. Initiating simulation/fallback.
[2026-02-21 09:40:16] ✅ Simulated VPN activation successful (flag created).
[2026-02-21 09:40:16] ---- Check complete: PASS (Simulated) ----

[2026-02-21 09:55:21] ---- Starting VPN Auto-Detect/Activate check ----
[2026-02-21 09:55:21] Simulating connection to SSID BART-WiFi
[2026-02-21 09:55:21] ⚠️ VPN not active. Initiating simulation/fallback.
[2026-02-21 09:55:21] ✅ Simulated VPN activation successful (flag created).
[2026-02-21 09:55:21] ---- Check complete: PASS (Simulated) ----

[2026-02-21 10:10:27] ---- Starting VPN Auto-Detect/Activate check ----
[2026-02-21 10:10:27] Simulating connection to SSID BART-WiFi
[2026-02-21 10:10:27] ⚠️ VPN not active. Initiating simulation/fallback.
[2026-02-21 10:10:27] ✅ Simulated VPN activation successful (flag created).
[2026-02-21 10:10:27] ---- Check complete: PASS (Simulated) ----

[2026-02-21 10:25:32] ---- Starting VPN Auto-Detect/Activate check ----
[2026-02-21 10:25:32] Simulating connection to SSID BART-WiFi
[2026-02-21 10:25:32] ⚠️ VPN not active. Initiating simulation/fallback.
[2026-02-21 10:25:32] ✅ Simulated VPN activation successful (flag created).
[2026-02-21 10:25:32] ---- Check complete: PASS (Simulated) ----

[2026-02-21 10:40:38] ---- Starting VPN Auto-Detect/Activate check ----
[2026-02-21 10:40:38] Simulating connection to SSID BART-WiFi
[2026-02-21 10:40:38] ⚠️ VPN not active. Initiating simulation/fallback.
[2026-02-21 10:40:38] ✅ Simulated VPN activation successful (flag created).
[2026-02-21 10:40:38] ---- Check complete: PASS (Simulated) ----

[2026-02-21 10:55:43] ---- Starting VPN Auto-Detect/Activate check ----
[2026-02-21 10:55:43] Simulating connection to SSID BART-WiFi
[2026-02-21 10:55:43] ⚠️ VPN not active. Initiating simulation/fallback.
[2026-02-21 10:55:43] ✅ Simulated VPN activation successful (flag created).
[2026-02-21 10:55:43] ---- Check complete: PASS (Simulated) ----

[2026-02-21 11:10:48] ---- Starting VPN Auto-Detect/Activate check ----
[2026-02-21 11:10:48] Simulating connection to SSID BART-WiFi
[2026-02-21 11:10:48] ⚠️ VPN not active. Initiating simulation/fallback.
[2026-02-21 11:10:48] ✅ Simulated VPN activation successful (flag created).
[2026-02-21 11:10:48] ---- Check complete: PASS (Simulated) ----

[2026-02-21 11:25:54] ---- Starting VPN Auto-Detect/Activate check ----
[2026-02-21 11:25:54] Simulating connection to SSID BART-WiFi
[2026-02-21 11:25:54] ⚠️ VPN not active. Initiating simulation/fallback.
[2026-02-21 11:25:54] ✅ Simulated VPN activation successful (flag created).
[2026-02-21 11:25:54] ---- Check complete: PASS (Simulated) ----

[2026-02-21 11:41:00] ---- Starting VPN Auto-Detect/Activate check ----
[2026-02-21 11:41:00] Simulating connection to SSID BART-WiFi
[2026-02-21 11:41:00] ⚠️ VPN not active. Initiating simulation/fallback.
[2026-02-21 11:41:00] ✅ Simulated VPN activation successful (flag created).
[2026-02-21 11:41:00] ---- Check complete: PASS (Simulated) ----

[2026-02-21 11:56:06] ---- Starting VPN Auto-Detect/Activate check ----
[2026-02-21 11:56:06] Simulating connection to SSID BART-WiFi
[2026-02-21 11:56:06] ⚠️ VPN not active. Initiating simulation/fallback.
[2026-02-21 11:56:06] ✅ Simulated VPN activation successful (flag created).
[2026-02-21 11:56:06] ---- Check complete: PASS (Simulated) ----

[2026-02-21 12:11:11] ---- Starting VPN Auto-Detect/Activate check ----
[2026-02-21 12:11:11] Simulating connection to SSID BART-WiFi
[2026-02-21 12:11:11] ⚠️ VPN not active. Initiating simulation/fallback.
[2026-02-21 12:11:11] ✅ Simulated VPN activation successful (flag created).
[2026-02-21 12:11:11] ---- Check complete: PASS (Simulated) ----

[2026-02-21 12:26:16] ---- Starting VPN Auto-Detect/Activate check ----
[2026-02-21 12:26:16] Simulating connection to SSID BART-WiFi
[2026-02-21 12:26:16] ⚠️ VPN not active. Initiating simulation/fallback.
[2026-02-21 12:26:16] ✅ Simulated VPN activation successful (flag created).
[2026-02-21 12:26:16] ---- Check complete: PASS (Simulated) ----

[2026-02-21 12:41:22] ---- Starting VPN Auto-Detect/Activate check ----
[2026-02-21 12:41:22] Simulating connection to SSID BART-WiFi
[2026-02-21 12:41:22] ⚠️ VPN not active. Initiating simulation/fallback.
[2026-02-21 12:41:22] ✅ Simulated VPN activation successful (flag created).
[2026-02-21 12:41:22] ---- Check complete: PASS (Simulated) ----

[2026-02-21 12:56:28] ---- Starting VPN Auto-Detect/Activate check ----
[2026-02-21 12:56:28] Simulating connection to SSID BART-WiFi
[2026-02-21 12:56:28] ⚠️ VPN not active. Initiating simulation/fallback.
[2026-02-21 12:56:28] ✅ Simulated VPN activation successful (flag created).
[2026-02-21 12:56:28] ---- Check complete: PASS (Simulated) ----

[2026-02-21 13:11:33] ---- Starting VPN Auto-Detect/Activate check ----
[2026-02-21 13:11:33] Simulating connection to SSID BART-WiFi
[2026-02-21 13:11:33] ⚠️ VPN not active. Initiating simulation/fallback.
[2026-02-21 13:11:33] ✅ Simulated VPN activation successful (flag created).
[2026-02-21 13:11:33] ---- Check complete: PASS (Simulated) ----

[2026-02-21 13:26:39] ---- Starting VPN Auto-Detect/Activate check ----
[2026-02-21 13:26:39] Simulating connection to SSID BART-WiFi
[2026-02-21 13:26:39] ⚠️ VPN not active. Initiating simulation/fallback.
[2026-02-21 13:26:39] ✅ Simulated VPN activation successful (flag created).
[2026-02-21 13:26:39] ---- Check complete: PASS (Simulated) ----

[2026-02-21 13:41:44] ---- Starting VPN Auto-Detect/Activate check ----
[2026-02-21 13:41:44] Simulating connection to SSID BART-WiFi
[2026-02-21 13:41:44] ⚠️ VPN not active. Initiating simulation/fallback.
[2026-02-21 13:41:44] ✅ Simulated VPN activation successful (flag created).
[2026-02-21 13:41:44] ---- Check complete: PASS (Simulated) ----

[2026-02-21 13:56:50] ---- Starting VPN Auto-Detect/Activate check ----
[2026-02-21 13:56:50] Simulating connection to SSID BART-WiFi
[2026-02-21 13:56:50] ⚠️ VPN not active. Initiating simulation/fallback.
[2026-02-21 13:56:50] ✅ Simulated VPN activation successful (flag created).
[2026-02-21 13:56:50] ---- Check complete: PASS (Simulated) ----

[2026-02-21 14:11:57] ---- Starting VPN Auto-Detect/Activate check ----
[2026-02-21 14:11:57] Simulating connection to SSID BART-WiFi
[2026-02-21 14:11:57] ⚠️ VPN not active. Initiating simulation/fallback.
[2026-02-21 14:11:57] ✅ Simulated VPN activation successful (flag created).
[2026-02-21 14:11:57] ---- Check complete: PASS (Simulated) ----

[2026-02-21 14:27:02] ---- Starting VPN Auto-Detect/Activate check ----
[2026-02-21 14:27:02] Simulating connection to SSID BART-WiFi
[2026-02-21 14:27:02] ⚠️ VPN not active. Initiating simulation/fallback.
[2026-02-21 14:27:02] ✅ Simulated VPN activation successful (flag created).
[2026-02-21 14:27:02] ---- Check complete: PASS (Simulated) ----

[2026-02-21 14:42:07] ---- Starting VPN Auto-Detect/Activate check ----
[2026-02-21 14:42:07] Simulating connection to SSID BART-WiFi
[2026-02-21 14:42:07] ⚠️ VPN not active. Initiating simulation/fallback.
[2026-02-21 14:42:07] ✅ Simulated VPN activation successful (flag created).
[2026-02-21 14:42:07] ---- Check complete: PASS (Simulated) ----

[2026-02-21 14:57:12] ---- Starting VPN Auto-Detect/Activate check ----
[2026-02-21 14:57:12] Simulating connection to SSID BART-WiFi
[2026-02-21 14:57:12] ⚠️ VPN not active. Initiating simulation/fallback.
[2026-02-21 14:57:12] ✅ Simulated VPN activation successful (flag created).
[2026-02-21 14:57:12] ---- Check complete: PASS (Simulated) ----

[2026-02-21 15:12:18] ---- Starting VPN Auto-Detect/Activate check ----
[2026-02-21 15:12:18] Simulating connection to SSID BART-WiFi
[2026-02-21 15:12:18] ⚠️ VPN not active. Initiating simulation/fallback.
[2026-02-21 15:12:18] ✅ Simulated VPN activation successful (flag created).
[2026-02-21 15:12:18] ---- Check complete: PASS (Simulated) ----

[2026-02-21 15:27:23] ---- Starting VPN Auto-Detect/Activate check ----
[2026-02-21 15:27:23] Simulating connection to SSID BART-WiFi
[2026-02-21 15:27:23] ⚠️ VPN not active. Initiating simulation/fallback.
[2026-02-21 15:27:23] ✅ Simulated VPN activation successful (flag created).
[2026-02-21 15:27:23] ---- Check complete: PASS (Simulated) ----

[2026-02-21 15:42:28] ---- Starting VPN Auto-Detect/Activate check ----
[2026-02-21 15:42:28] Simulating connection to SSID BART-WiFi
[2026-02-21 15:42:28] ⚠️ VPN not active. Initiating simulation/fallback.
[2026-02-21 15:42:28] ✅ Simulated VPN activation successful (flag created).
[2026-02-21 15:42:28] ---- Check complete: PASS (Simulated) ----

[2026-02-21 15:57:33] ---- Starting VPN Auto-Detect/Activate check ----
[2026-02-21 15:57:33] Simulating connection to SSID BART-WiFi
[2026-02-21 15:57:33] ⚠️ VPN not active. Initiating simulation/fallback.
[2026-02-21 15:57:33] ✅ Simulated VPN activation successful (flag created).
[2026-02-21 15:57:33] ---- Check complete: PASS (Simulated) ----

[2026-02-21 16:12:38] ---- Starting VPN Auto-Detect/Activate check ----
[2026-02-21 16:12:38] Simulating connection to SSID BART-WiFi
[2026-02-21 16:12:38] ⚠️ VPN not active. Initiating simulation/fallback.
[2026-02-21 16:12:38] ✅ Simulated VPN activation successful (flag created).
[2026-02-21 16:12:38] ---- Check complete: PASS (Simulated) ----

[2026-02-21 16:27:44] ---- Starting VPN Auto-Detect/Activate check ----
[2026-02-21 16:27:44] Simulating connection to SSID BART-WiFi
[2026-02-21 16:27:44] ⚠️ VPN not active. Initiating simulation/fallback.
[2026-02-21 16:27:44] ✅ Simulated VPN activation successful (flag created).
[2026-02-21 16:27:44] ---- Check complete: PASS (Simulated) ----

[2026-02-21 16:42:49] ---- Starting VPN Auto-Detect/Activate check ----
[2026-02-21 16:42:49] Simulating connection to SSID BART-WiFi
[2026-02-21 16:42:49] ⚠️ VPN not active. Initiating simulation/fallback.
[2026-02-21 16:42:49] ✅ Simulated VPN activation successful (flag created).
[2026-02-21 16:42:49] ---- Check complete: PASS (Simulated) ----

[2026-02-21 16:57:54] ---- Starting VPN Auto-Detect/Activate check ----
[2026-02-21 16:57:54] Simulating connection to SSID BART-WiFi
[2026-02-21 16:57:54] ⚠️ VPN not active. Initiating simulation/fallback.
[2026-02-21 16:57:54] ✅ Simulated VPN activation successful (flag created).
[2026-02-21 16:57:54] ---- Check complete: PASS (Simulated) ----

[2026-02-21 17:12:59] ---- Starting VPN Auto-Detect/Activate check ----
[2026-02-21 17:12:59] Simulating connection to SSID BART-WiFi
[2026-02-21 17:12:59] ⚠️ VPN not active. Initiating simulation/fallback.
[2026-02-21 17:12:59] ✅ Simulated VPN activation successful (flag created).
[2026-02-21 17:12:59] ---- Check complete: PASS (Simulated) ----

[2026-02-21 17:28:05] ---- Starting VPN Auto-Detect/Activate check ----
[2026-02-21 17:28:05] Simulating connection to SSID BART-WiFi
[2026-02-21 17:28:06] ⚠️ VPN not active. Initiating simulation/fallback.
[2026-02-21 17:28:06] ✅ Simulated VPN activation successful (flag created).
[2026-02-21 17:28:06] ---- Check complete: PASS (Simulated) ----

[2026-02-21 17:43:11] ---- Starting VPN Auto-Detect/Activate check ----
[2026-02-21 17:43:11] Simulating connection to SSID BART-WiFi
[2026-02-21 17:43:11] ⚠️ VPN not active. Initiating simulation/fallback.
[2026-02-21 17:43:11] ✅ Simulated VPN activation successful (flag created).
[2026-02-21 17:43:11] ---- Check complete: PASS (Simulated) ----

[2026-02-21 17:58:17] ---- Starting VPN Auto-Detect/Activate check ----
[2026-02-21 17:58:17] Simulating connection to SSID BART-WiFi
[2026-02-21 17:58:17] ⚠️ VPN not active. Initiating simulation/fallback.
[2026-02-21 17:58:17] ✅ Simulated VPN activation successful (flag created).
[2026-02-21 17:58:17] ---- Check complete: PASS (Simulated) ----

[2026-02-21 18:13:22] ---- Starting VPN Auto-Detect/Activate check ----
[2026-02-21 18:13:22] Simulating connection to SSID BART-WiFi
[2026-02-21 18:13:22] ⚠️ VPN not active. Initiating simulation/fallback.
[2026-02-21 18:13:22] ✅ Simulated VPN activation successful (flag created).
[2026-02-21 18:13:22] ---- Check complete: PASS (Simulated) ----

[2026-02-21 18:28:27] ---- Starting VPN Auto-Detect/Activate check ----
[2026-02-21 18:28:27] Simulating connection to SSID BART-WiFi
[2026-02-21 18:28:27] ⚠️ VPN not active. Initiating simulation/fallback.
[2026-02-21 18:28:27] ✅ Simulated VPN activation successful (flag created).
[2026-02-21 18:28:27] ---- Check complete: PASS (Simulated) ----

[2026-02-21 18:43:33] ---- Starting VPN Auto-Detect/Activate check ----
[2026-02-21 18:43:33] Simulating connection to SSID BART-WiFi
[2026-02-21 18:43:33] ⚠️ VPN not active. Initiating simulation/fallback.
[2026-02-21 18:43:33] ✅ Simulated VPN activation successful (flag created).
[2026-02-21 18:43:33] ---- Check complete: PASS (Simulated) ----

[2026-02-21 18:58:39] ---- Starting VPN Auto-Detect/Activate check ----
[2026-02-21 18:58:39] Simulating connection to SSID BART-WiFi
[2026-02-21 18:58:39] ⚠️ VPN not active. Initiating simulation/fallback.
[2026-02-21 18:58:39] ✅ Simulated VPN activation successful (flag created).
[2026-02-21 18:58:39] ---- Check complete: PASS (Simulated) ----

[2026-02-21 19:13:44] ---- Starting VPN Auto-Detect/Activate check ----
[2026-02-21 19:13:44] Simulating connection to SSID BART-WiFi
[2026-02-21 19:13:44] ⚠️ VPN not active. Initiating simulation/fallback.
[2026-02-21 19:13:44] ✅ Simulated VPN activation successful (flag created).
[2026-02-21 19:13:44] ---- Check complete: PASS (Simulated) ----

[2026-02-21 19:28:49] ---- Starting VPN Auto-Detect/Activate check ----
[2026-02-21 19:28:49] Simulating connection to SSID BART-WiFi
[2026-02-21 19:28:49] ⚠️ VPN not active. Initiating simulation/fallback.
[2026-02-21 19:28:49] ✅ Simulated VPN activation successful (flag created).
[2026-02-21 19:28:49] ---- Check complete: PASS (Simulated) ----

[2026-02-21 19:43:54] ---- Starting VPN Auto-Detect/Activate check ----
[2026-02-21 19:43:54] Simulating connection to SSID BART-WiFi
[2026-02-21 19:43:54] ⚠️ VPN not active. Initiating simulation/fallback.
[2026-02-21 19:43:54] ✅ Simulated VPN activation successful (flag created).
[2026-02-21 19:43:54] ---- Check complete: PASS (Simulated) ----

[2026-02-21 19:58:59] ---- Starting VPN Auto-Detect/Activate check ----
[2026-02-21 19:58:59] Simulating connection to SSID BART-WiFi
[2026-02-21 19:58:59] ⚠️ VPN not active. Initiating simulation/fallback.
[2026-02-21 19:58:59] ✅ Simulated VPN activation successful (flag created).
[2026-02-21 19:58:59] ---- Check complete: PASS (Simulated) ----

[2026-02-21 20:14:04] ---- Starting VPN Auto-Detect/Activate check ----
[2026-02-21 20:14:04] Simulating connection to SSID BART-WiFi
[2026-02-21 20:14:04] ⚠️ VPN not active. Initiating simulation/fallback.
[2026-02-21 20:14:04] ✅ Simulated VPN activation successful (flag created).
[2026-02-21 20:14:04] ---- Check complete: PASS (Simulated) ----

[2026-02-21 20:29:09] ---- Starting VPN Auto-Detect/Activate check ----
[2026-02-21 20:29:09] Simulating connection to SSID BART-WiFi
[2026-02-21 20:29:09] ⚠️ VPN not active. Initiating simulation/fallback.
[2026-02-21 20:29:09] ✅ Simulated VPN activation successful (flag created).
[2026-02-21 20:29:09] ---- Check complete: PASS (Simulated) ----

[2026-02-21 20:44:15] ---- Starting VPN Auto-Detect/Activate check ----
[2026-02-21 20:44:15] Simulating connection to SSID BART-WiFi
[2026-02-21 20:44:15] ⚠️ VPN not active. Initiating simulation/fallback.
[2026-02-21 20:44:15] ✅ Simulated VPN activation successful (flag created).
[2026-02-21 20:44:15] ---- Check complete: PASS (Simulated) ----

[2026-02-21 20:59:20] ---- Starting VPN Auto-Detect/Activate check ----
[2026-02-21 20:59:20] Simulating connection to SSID BART-WiFi
[2026-02-21 20:59:20] ⚠️ VPN not active. Initiating simulation/fallback.
[2026-02-21 20:59:20] ✅ Simulated VPN activation successful (flag created).
[2026-02-21 20:59:20] ---- Check complete: PASS (Simulated) ----

[2026-02-21 21:14:25] ---- Starting VPN Auto-Detect/Activate check ----
[2026-02-21 21:14:25] Simulating connection to SSID BART-WiFi
[2026-02-21 21:14:25] ⚠️ VPN not active. Initiating simulation/fallback.
[2026-02-21 21:14:25] ✅ Simulated VPN activation successful (flag created).
[2026-02-21 21:14:25] ---- Check complete: PASS (Simulated) ----

[2026-02-21 21:29:30] ---- Starting VPN Auto-Detect/Activate check ----
[2026-02-21 21:29:30] Simulating connection to SSID BART-WiFi
[2026-02-21 21:29:30] ⚠️ VPN not active. Initiating simulation/fallback.
[2026-02-21 21:29:30] ✅ Simulated VPN activation successful (flag created).
[2026-02-21 21:29:30] ---- Check complete: PASS (Simulated) ----

[2026-02-21 21:44:35] ---- Starting VPN Auto-Detect/Activate check ----
[2026-02-21 21:44:35] Simulating connection to SSID BART-WiFi
[2026-02-21 21:44:35] ⚠️ VPN not active. Initiating simulation/fallback.
[2026-02-21 21:44:35] ✅ Simulated VPN activation successful (flag created).
[2026-02-21 21:44:35] ---- Check complete: PASS (Simulated) ----

[2026-02-21 21:59:41] ---- Starting VPN Auto-Detect/Activate check ----
[2026-02-21 21:59:41] Simulating connection to SSID BART-WiFi
[2026-02-21 21:59:41] ⚠️ VPN not active. Initiating simulation/fallback.
[2026-02-21 21:59:41] ✅ Simulated VPN activation successful (flag created).
[2026-02-21 21:59:41] ---- Check complete: PASS (Simulated) ----

[2026-02-21 22:14:47] ---- Starting VPN Auto-Detect/Activate check ----
[2026-02-21 22:14:47] Simulating connection to SSID BART-WiFi
[2026-02-21 22:14:47] ⚠️ VPN not active. Initiating simulation/fallback.
[2026-02-21 22:14:47] ✅ Simulated VPN activation successful (flag created).
[2026-02-21 22:14:47] ---- Check complete: PASS (Simulated) ----

[2026-02-21 22:29:52] ---- Starting VPN Auto-Detect/Activate check ----
[2026-02-21 22:29:52] Simulating connection to SSID BART-WiFi
[2026-02-21 22:29:52] ⚠️ VPN not active. Initiating simulation/fallback.
[2026-02-21 22:29:52] ✅ Simulated VPN activation successful (flag created).
[2026-02-21 22:29:52] ---- Check complete: PASS (Simulated) ----

[2026-02-21 22:44:57] ---- Starting VPN Auto-Detect/Activate check ----
[2026-02-21 22:44:57] Simulating connection to SSID BART-WiFi
[2026-02-21 22:44:57] ⚠️ VPN not active. Initiating simulation/fallback.
[2026-02-21 22:44:57] ✅ Simulated VPN activation successful (flag created).
[2026-02-21 22:44:57] ---- Check complete: PASS (Simulated) ----

[2026-02-21 23:00:02] ---- Starting VPN Auto-Detect/Activate check ----
[2026-02-21 23:00:02] Simulating connection to SSID BART-WiFi
[2026-02-21 23:00:02] ⚠️ VPN not active. Initiating simulation/fallback.
[2026-02-21 23:00:02] ✅ Simulated VPN activation successful (flag created).
[2026-02-21 23:00:02] ---- Check complete: PASS (Simulated) ----

[2026-02-21 23:15:08] ---- Starting VPN Auto-Detect/Activate check ----
[2026-02-21 23:15:08] Simulating connection to SSID BART-WiFi
[2026-02-21 23:15:08] ⚠️ VPN not active. Initiating simulation/fallback.
[2026-02-21 23:15:08] ✅ Simulated VPN activation successful (flag created).
[2026-02-21 23:15:08] ---- Check complete: PASS (Simulated) ----

[2026-02-21 23:30:13] ---- Starting VPN Auto-Detect/Activate check ----
[2026-02-21 23:30:13] Simulating connection to SSID BART-WiFi
[2026-02-21 23:30:13] ⚠️ VPN not active. Initiating simulation/fallback.
[2026-02-21 23:30:13] ✅ Simulated VPN activation successful (flag created).
[2026-02-21 23:30:13] ---- Check complete: PASS (Simulated) ----

[2026-02-21 23:45:18] ---- Starting VPN Auto-Detect/Activate check ----
[2026-02-21 23:45:18] Simulating connection to SSID BART-WiFi
[2026-02-21 23:45:18] ⚠️ VPN not active. Initiating simulation/fallback.
[2026-02-21 23:45:18] ✅ Simulated VPN activation successful (flag created).
[2026-02-21 23:45:18] ---- Check complete: PASS (Simulated) ----

[2026-02-22 00:00:24] ---- Starting VPN Auto-Detect/Activate check ----
[2026-02-22 00:00:24] Simulating connection to SSID BART-WiFi
[2026-02-22 00:00:24] ⚠️ VPN not active. Initiating simulation/fallback.
[2026-02-22 00:00:24] ✅ Simulated VPN activation successful (flag created).
[2026-02-22 00:00:24] ---- Check complete: PASS (Simulated) ----

[2026-02-22 00:15:30] ---- Starting VPN Auto-Detect/Activate check ----
[2026-02-22 00:15:30] Simulating connection to SSID BART-WiFi
[2026-02-22 00:15:30] ⚠️ VPN not active. Initiating simulation/fallback.
[2026-02-22 00:15:30] ✅ Simulated VPN activation successful (flag created).
[2026-02-22 00:15:30] ---- Check complete: PASS (Simulated) ----

[2026-02-22 00:30:35] ---- Starting VPN Auto-Detect/Activate check ----
[2026-02-22 00:30:35] Simulating connection to SSID BART-WiFi
[2026-02-22 00:30:35] ⚠️ VPN not active. Initiating simulation/fallback.
[2026-02-22 00:30:35] ✅ Simulated VPN activation successful (flag created).
[2026-02-22 00:30:35] ---- Check complete: PASS (Simulated) ----

[2026-02-22 00:45:40] ---- Starting VPN Auto-Detect/Activate check ----
[2026-02-22 00:45:40] Simulating connection to SSID BART-WiFi
[2026-02-22 00:45:41] ⚠️ VPN not active. Initiating simulation/fallback.
[2026-02-22 00:45:41] ✅ Simulated VPN activation successful (flag created).
[2026-02-22 00:45:41] ---- Check complete: PASS (Simulated) ----

[2026-02-22 01:00:46] ---- Starting VPN Auto-Detect/Activate check ----
[2026-02-22 01:00:46] Simulating connection to SSID BART-WiFi
[2026-02-22 01:00:46] ⚠️ VPN not active. Initiating simulation/fallback.
[2026-02-22 01:00:46] ✅ Simulated VPN activation successful (flag created).
[2026-02-22 01:00:46] ---- Check complete: PASS (Simulated) ----

[2026-02-22 01:15:52] ---- Starting VPN Auto-Detect/Activate check ----
[2026-02-22 01:15:52] Simulating connection to SSID BART-WiFi
[2026-02-22 01:15:52] ⚠️ VPN not active. Initiating simulation/fallback.
[2026-02-22 01:15:52] ✅ Simulated VPN activation successful (flag created).
[2026-02-22 01:15:52] ---- Check complete: PASS (Simulated) ----

[2026-02-22 01:30:57] ---- Starting VPN Auto-Detect/Activate check ----
[2026-02-22 01:30:57] Simulating connection to SSID BART-WiFi
[2026-02-22 01:30:57] ⚠️ VPN not active. Initiating simulation/fallback.
[2026-02-22 01:30:57] ✅ Simulated VPN activation successful (flag created).
[2026-02-22 01:30:57] ---- Check complete: PASS (Simulated) ----

[2026-02-22 01:46:04] ---- Starting VPN Auto-Detect/Activate check ----
[2026-02-22 01:46:04] Simulating connection to SSID BART-WiFi
[2026-02-22 01:46:04] ⚠️ VPN not active. Initiating simulation/fallback.
[2026-02-22 01:46:04] ✅ Simulated VPN activation successful (flag created).
[2026-02-22 01:46:04] ---- Check complete: PASS (Simulated) ----

[2026-02-22 02:01:10] ---- Starting VPN Auto-Detect/Activate check ----
[2026-02-22 02:01:10] Simulating connection to SSID BART-WiFi
[2026-02-22 02:01:10] ⚠️ VPN not active. Initiating simulation/fallback.
[2026-02-22 02:01:10] ✅ Simulated VPN activation successful (flag created).
[2026-02-22 02:01:10] ---- Check complete: PASS (Simulated) ----

[2026-02-22 02:16:15] ---- Starting VPN Auto-Detect/Activate check ----
[2026-02-22 02:16:15] Simulating connection to SSID BART-WiFi
[2026-02-22 02:16:15] ⚠️ VPN not active. Initiating simulation/fallback.
[2026-02-22 02:16:15] ✅ Simulated VPN activation successful (flag created).
[2026-02-22 02:16:15] ---- Check complete: PASS (Simulated) ----

[2026-02-22 02:31:20] ---- Starting VPN Auto-Detect/Activate check ----
[2026-02-22 02:31:20] Simulating connection to SSID BART-WiFi
[2026-02-22 02:31:20] ⚠️ VPN not active. Initiating simulation/fallback.
[2026-02-22 02:31:20] ✅ Simulated VPN activation successful (flag created).
[2026-02-22 02:31:20] ---- Check complete: PASS (Simulated) ----

[2026-02-22 02:46:26] ---- Starting VPN Auto-Detect/Activate check ----
[2026-02-22 02:46:26] Simulating connection to SSID BART-WiFi
[2026-02-22 02:46:26] ⚠️ VPN not active. Initiating simulation/fallback.
[2026-02-22 02:46:26] ✅ Simulated VPN activation successful (flag created).
[2026-02-22 02:46:26] ---- Check complete: PASS (Simulated) ----

[2026-02-22 03:01:32] ---- Starting VPN Auto-Detect/Activate check ----
[2026-02-22 03:01:32] Simulating connection to SSID BART-WiFi
[2026-02-22 03:01:32] ⚠️ VPN not active. Initiating simulation/fallback.
[2026-02-22 03:01:32] ✅ Simulated VPN activation successful (flag created).
[2026-02-22 03:01:32] ---- Check complete: PASS (Simulated) ----

[2026-02-22 03:16:37] ---- Starting VPN Auto-Detect/Activate check ----
[2026-02-22 03:16:37] Simulating connection to SSID BART-WiFi
[2026-02-22 03:16:37] ⚠️ VPN not active. Initiating simulation/fallback.
[2026-02-22 03:16:37] ✅ Simulated VPN activation successful (flag created).
[2026-02-22 03:16:37] ---- Check complete: PASS (Simulated) ----

[2026-02-22 03:31:42] ---- Starting VPN Auto-Detect/Activate check ----
[2026-02-22 03:31:42] Simulating connection to SSID BART-WiFi
[2026-02-22 03:31:42] ⚠️ VPN not active. Initiating simulation/fallback.
[2026-02-22 03:31:42] ✅ Simulated VPN activation successful (flag created).
[2026-02-22 03:31:42] ---- Check complete: PASS (Simulated) ----

[2026-02-22 03:46:48] ---- Starting VPN Auto-Detect/Activate check ----
[2026-02-22 03:46:48] Simulating connection to SSID BART-WiFi
[2026-02-22 03:46:48] ⚠️ VPN not active. Initiating simulation/fallback.
[2026-02-22 03:46:48] ✅ Simulated VPN activation successful (flag created).
[2026-02-22 03:46:48] ---- Check complete: PASS (Simulated) ----

[2026-02-22 04:01:54] ---- Starting VPN Auto-Detect/Activate check ----
[2026-02-22 04:01:54] Simulating connection to SSID BART-WiFi
[2026-02-22 04:01:54] ⚠️ VPN not active. Initiating simulation/fallback.
[2026-02-22 04:01:54] ✅ Simulated VPN activation successful (flag created).
[2026-02-22 04:01:54] ---- Check complete: PASS (Simulated) ----

[2026-02-22 04:17:00] ---- Starting VPN Auto-Detect/Activate check ----
[2026-02-22 04:17:00] Simulating connection to SSID BART-WiFi
[2026-02-22 04:17:00] ⚠️ VPN not active. Initiating simulation/fallback.
[2026-02-22 04:17:00] ✅ Simulated VPN activation successful (flag created).
[2026-02-22 04:17:00] ---- Check complete: PASS (Simulated) ----

[2026-02-22 04:32:06] ---- Starting VPN Auto-Detect/Activate check ----
[2026-02-22 04:32:06] Simulating connection to SSID BART-WiFi
[2026-02-22 04:32:06] ⚠️ VPN not active. Initiating simulation/fallback.
[2026-02-22 04:32:06] ✅ Simulated VPN activation successful (flag created).
[2026-02-22 04:32:06] ---- Check complete: PASS (Simulated) ----

[2026-02-22 04:47:12] ---- Starting VPN Auto-Detect/Activate check ----
[2026-02-22 04:47:12] Simulating connection to SSID BART-WiFi
[2026-02-22 04:47:12] ⚠️ VPN not active. Initiating simulation/fallback.
[2026-02-22 04:47:12] ✅ Simulated VPN activation successful (flag created).
[2026-02-22 04:47:12] ---- Check complete: PASS (Simulated) ----

[2026-02-22 05:02:18] ---- Starting VPN Auto-Detect/Activate check ----
[2026-02-22 05:02:18] Simulating connection to SSID BART-WiFi
[2026-02-22 05:02:18] ⚠️ VPN not active. Initiating simulation/fallback.
[2026-02-22 05:02:18] ✅ Simulated VPN activation successful (flag created).
[2026-02-22 05:02:18] ---- Check complete: PASS (Simulated) ----

[2026-02-22 05:17:24] ---- Starting VPN Auto-Detect/Activate check ----
[2026-02-22 05:17:24] Simulating connection to SSID BART-WiFi
[2026-02-22 05:17:24] ⚠️ VPN not active. Initiating simulation/fallback.
[2026-02-22 05:17:24] ✅ Simulated VPN activation successful (flag created).
[2026-02-22 05:17:24] ---- Check complete: PASS (Simulated) ----

[2026-02-22 05:32:30] ---- Starting VPN Auto-Detect/Activate check ----
[2026-02-22 05:32:30] Simulating connection to SSID BART-WiFi
[2026-02-22 05:32:30] ⚠️ VPN not active. Initiating simulation/fallback.
[2026-02-22 05:32:30] ✅ Simulated VPN activation successful (flag created).
[2026-02-22 05:32:30] ---- Check complete: PASS (Simulated) ----

[2026-02-22 05:47:35] ---- Starting VPN Auto-Detect/Activate check ----
[2026-02-22 05:47:35] Simulating connection to SSID BART-WiFi
[2026-02-22 05:47:35] ⚠️ VPN not active. Initiating simulation/fallback.
[2026-02-22 05:47:35] ✅ Simulated VPN activation successful (flag created).
[2026-02-22 05:47:35] ---- Check complete: PASS (Simulated) ----

[2026-02-22 06:02:40] ---- Starting VPN Auto-Detect/Activate check ----
[2026-02-22 06:02:40] Simulating connection to SSID BART-WiFi
[2026-02-22 06:02:40] ⚠️ VPN not active. Initiating simulation/fallback.
[2026-02-22 06:02:40] ✅ Simulated VPN activation successful (flag created).
[2026-02-22 06:02:40] ---- Check complete: PASS (Simulated) ----

[2026-02-22 06:17:46] ---- Starting VPN Auto-Detect/Activate check ----
[2026-02-22 06:17:46] Simulating connection to SSID BART-WiFi
[2026-02-22 06:17:46] ⚠️ VPN not active. Initiating simulation/fallback.
[2026-02-22 06:17:46] ✅ Simulated VPN activation successful (flag created).
[2026-02-22 06:17:46] ---- Check complete: PASS (Simulated) ----

[2026-02-22 06:32:52] ---- Starting VPN Auto-Detect/Activate check ----
[2026-02-22 06:32:52] Simulating connection to SSID BART-WiFi
[2026-02-22 06:32:52] ⚠️ VPN not active. Initiating simulation/fallback.
[2026-02-22 06:32:52] ✅ Simulated VPN activation successful (flag created).
[2026-02-22 06:32:52] ---- Check complete: PASS (Simulated) ----

[2026-02-22 06:47:57] ---- Starting VPN Auto-Detect/Activate check ----
[2026-02-22 06:47:57] Simulating connection to SSID BART-WiFi
[2026-02-22 06:47:57] ⚠️ VPN not active. Initiating simulation/fallback.
[2026-02-22 06:47:57] ✅ Simulated VPN activation successful (flag created).
[2026-02-22 06:47:57] ---- Check complete: PASS (Simulated) ----

[2026-02-22 07:03:04] ---- Starting VPN Auto-Detect/Activate check ----
[2026-02-22 07:03:04] Simulating connection to SSID BART-WiFi
[2026-02-22 07:03:04] ⚠️ VPN not active. Initiating simulation/fallback.
[2026-02-22 07:03:04] ✅ Simulated VPN activation successful (flag created).
[2026-02-22 07:03:04] ---- Check complete: PASS (Simulated) ----

[2026-02-22 07:18:10] ---- Starting VPN Auto-Detect/Activate check ----
[2026-02-22 07:18:10] Simulating connection to SSID BART-WiFi
[2026-02-22 07:18:10] ⚠️ VPN not active. Initiating simulation/fallback.
[2026-02-22 07:18:10] ✅ Simulated VPN activation successful (flag created).
[2026-02-22 07:18:10] ---- Check complete: PASS (Simulated) ----

[2026-02-22 07:33:16] ---- Starting VPN Auto-Detect/Activate check ----
[2026-02-22 07:33:16] Simulating connection to SSID BART-WiFi
[2026-02-22 07:33:16] ⚠️ VPN not active. Initiating simulation/fallback.
[2026-02-22 07:33:16] ✅ Simulated VPN activation successful (flag created).
[2026-02-22 07:33:16] ---- Check complete: PASS (Simulated) ----

[2026-02-22 07:48:21] ---- Starting VPN Auto-Detect/Activate check ----
[2026-02-22 07:48:21] Simulating connection to SSID BART-WiFi
[2026-02-22 07:48:21] ⚠️ VPN not active. Initiating simulation/fallback.
[2026-02-22 07:48:21] ✅ Simulated VPN activation successful (flag created).
[2026-02-22 07:48:21] ---- Check complete: PASS (Simulated) ----

[2026-02-22 08:03:27] ---- Starting VPN Auto-Detect/Activate check ----
[2026-02-22 08:03:27] Simulating connection to SSID BART-WiFi
[2026-02-22 08:03:27] ⚠️ VPN not active. Initiating simulation/fallback.
[2026-02-22 08:03:27] ✅ Simulated VPN activation successful (flag created).
[2026-02-22 08:03:27] ---- Check complete: PASS (Simulated) ----

[2026-02-22 08:18:31] ---- Starting VPN Auto-Detect/Activate check ----
[2026-02-22 08:18:31] Simulating connection to SSID BART-WiFi
[2026-02-22 08:18:31] ⚠️ VPN not active. Initiating simulation/fallback.
[2026-02-22 08:18:31] ✅ Simulated VPN activation successful (flag created).
[2026-02-22 08:18:31] ---- Check complete: PASS (Simulated) ----

[2026-02-22 08:33:36] ---- Starting VPN Auto-Detect/Activate check ----
[2026-02-22 08:33:36] Simulating connection to SSID BART-WiFi
[2026-02-22 08:33:36] ⚠️ VPN not active. Initiating simulation/fallback.
[2026-02-22 08:33:36] ✅ Simulated VPN activation successful (flag created).
[2026-02-22 08:33:36] ---- Check complete: PASS (Simulated) ----

[2026-02-22 08:48:42] ---- Starting VPN Auto-Detect/Activate check ----
[2026-02-22 08:48:42] Simulating connection to SSID BART-WiFi
[2026-02-22 08:48:42] ⚠️ VPN not active. Initiating simulation/fallback.
[2026-02-22 08:48:42] ✅ Simulated VPN activation successful (flag created).
[2026-02-22 08:48:42] ---- Check complete: PASS (Simulated) ----

[2026-02-22 09:03:48] ---- Starting VPN Auto-Detect/Activate check ----
[2026-02-22 09:03:48] Simulating connection to SSID BART-WiFi
[2026-02-22 09:03:48] ⚠️ VPN not active. Initiating simulation/fallback.
[2026-02-22 09:03:48] ✅ Simulated VPN activation successful (flag created).
[2026-02-22 09:03:48] ---- Check complete: PASS (Simulated) ----

[2026-02-22 09:18:52] ---- Starting VPN Auto-Detect/Activate check ----
[2026-02-22 09:18:52] Simulating connection to SSID BART-WiFi
[2026-02-22 09:18:52] ⚠️ VPN not active. Initiating simulation/fallback.
[2026-02-22 09:18:52] ✅ Simulated VPN activation successful (flag created).
[2026-02-22 09:18:52] ---- Check complete: PASS (Simulated) ----

[2026-02-22 09:33:57] ---- Starting VPN Auto-Detect/Activate check ----
[2026-02-22 09:33:57] Simulating connection to SSID BART-WiFi
[2026-02-22 09:33:57] ⚠️ VPN not active. Initiating simulation/fallback.
[2026-02-22 09:33:57] ✅ Simulated VPN activation successful (flag created).
[2026-02-22 09:33:57] ---- Check complete: PASS (Simulated) ----

[2026-02-22 09:49:03] ---- Starting VPN Auto-Detect/Activate check ----
[2026-02-22 09:49:03] Simulating connection to SSID BART-WiFi
[2026-02-22 09:49:03] ⚠️ VPN not active. Initiating simulation/fallback.
[2026-02-22 09:49:03] ✅ Simulated VPN activation successful (flag created).
[2026-02-22 09:49:03] ---- Check complete: PASS (Simulated) ----

[2026-02-22 10:04:08] ---- Starting VPN Auto-Detect/Activate check ----
[2026-02-22 10:04:08] Simulating connection to SSID BART-WiFi
[2026-02-22 10:04:08] ⚠️ VPN not active. Initiating simulation/fallback.
[2026-02-22 10:04:08] ✅ Simulated VPN activation successful (flag created).
[2026-02-22 10:04:08] ---- Check complete: PASS (Simulated) ----

[2026-02-22 10:19:14] ---- Starting VPN Auto-Detect/Activate check ----
[2026-02-22 10:19:14] Simulating connection to SSID BART-WiFi
[2026-02-22 10:19:14] ⚠️ VPN not active. Initiating simulation/fallback.
[2026-02-22 10:19:14] ✅ Simulated VPN activation successful (flag created).
[2026-02-22 10:19:14] ---- Check complete: PASS (Simulated) ----

[2026-02-22 10:34:18] ---- Starting VPN Auto-Detect/Activate check ----
[2026-02-22 10:34:18] Simulating connection to SSID BART-WiFi
[2026-02-22 10:34:18] ⚠️ VPN not active. Initiating simulation/fallback.
[2026-02-22 10:34:18] ✅ Simulated VPN activation successful (flag created).
[2026-02-22 10:34:18] ---- Check complete: PASS (Simulated) ----

[2026-02-22 10:49:23] ---- Starting VPN Auto-Detect/Activate check ----
[2026-02-22 10:49:23] Simulating connection to SSID BART-WiFi
[2026-02-22 10:49:23] ⚠️ VPN not active. Initiating simulation/fallback.
[2026-02-22 10:49:23] ✅ Simulated VPN activation successful (flag created).
[2026-02-22 10:49:23] ---- Check complete: PASS (Simulated) ----

[2026-02-22 11:04:28] ---- Starting VPN Auto-Detect/Activate check ----
[2026-02-22 11:04:28] Simulating connection to SSID BART-WiFi
[2026-02-22 11:04:28] ⚠️ VPN not active. Initiating simulation/fallback.
[2026-02-22 11:04:28] ✅ Simulated VPN activation successful (flag created).
[2026-02-22 11:04:28] ---- Check complete: PASS (Simulated) ----

[2026-02-22 11:19:33] ---- Starting VPN Auto-Detect/Activate check ----
[2026-02-22 11:19:33] Simulating connection to SSID BART-WiFi
[2026-02-22 11:19:34] ⚠️ VPN not active. Initiating simulation/fallback.
[2026-02-22 11:19:34] ✅ Simulated VPN activation successful (flag created).
[2026-02-22 11:19:34] ---- Check complete: PASS (Simulated) ----

[2026-02-22 11:34:40] ---- Starting VPN Auto-Detect/Activate check ----
[2026-02-22 11:34:40] Simulating connection to SSID BART-WiFi
[2026-02-22 11:34:40] ⚠️ VPN not active. Initiating simulation/fallback.
[2026-02-22 11:34:40] ✅ Simulated VPN activation successful (flag created).
[2026-02-22 11:34:40] ---- Check complete: PASS (Simulated) ----

[2026-02-22 11:49:45] ---- Starting VPN Auto-Detect/Activate check ----
[2026-02-22 11:49:45] Simulating connection to SSID BART-WiFi
[2026-02-22 11:49:45] ⚠️ VPN not active. Initiating simulation/fallback.
[2026-02-22 11:49:45] ✅ Simulated VPN activation successful (flag created).
[2026-02-22 11:49:45] ---- Check complete: PASS (Simulated) ----

[2026-02-22 12:04:50] ---- Starting VPN Auto-Detect/Activate check ----
[2026-02-22 12:04:50] Simulating connection to SSID BART-WiFi
[2026-02-22 12:04:50] ⚠️ VPN not active. Initiating simulation/fallback.
[2026-02-22 12:04:50] ✅ Simulated VPN activation successful (flag created).
[2026-02-22 12:04:50] ---- Check complete: PASS (Simulated) ----

[2026-02-22 12:19:55] ---- Starting VPN Auto-Detect/Activate check ----
[2026-02-22 12:19:55] Simulating connection to SSID BART-WiFi
[2026-02-22 12:19:55] ⚠️ VPN not active. Initiating simulation/fallback.
[2026-02-22 12:19:55] ✅ Simulated VPN activation successful (flag created).
[2026-02-22 12:19:55] ---- Check complete: PASS (Simulated) ----

[2026-02-22 12:35:00] ---- Starting VPN Auto-Detect/Activate check ----
[2026-02-22 12:35:00] Simulating connection to SSID BART-WiFi
[2026-02-22 12:35:00] ⚠️ VPN not active. Initiating simulation/fallback.
[2026-02-22 12:35:00] ✅ Simulated VPN activation successful (flag created).
[2026-02-22 12:35:00] ---- Check complete: PASS (Simulated) ----

[2026-02-22 12:50:06] ---- Starting VPN Auto-Detect/Activate check ----
[2026-02-22 12:50:06] Simulating connection to SSID BART-WiFi
[2026-02-22 12:50:06] ⚠️ VPN not active. Initiating simulation/fallback.
[2026-02-22 12:50:06] ✅ Simulated VPN activation successful (flag created).
[2026-02-22 12:50:06] ---- Check complete: PASS (Simulated) ----

[2026-02-22 13:05:11] ---- Starting VPN Auto-Detect/Activate check ----
[2026-02-22 13:05:11] Simulating connection to SSID BART-WiFi
[2026-02-22 13:05:11] ⚠️ VPN not active. Initiating simulation/fallback.
[2026-02-22 13:05:11] ✅ Simulated VPN activation successful (flag created).
[2026-02-22 13:05:11] ---- Check complete: PASS (Simulated) ----

[2026-02-22 13:20:17] ---- Starting VPN Auto-Detect/Activate check ----
[2026-02-22 13:20:17] Simulating connection to SSID BART-WiFi
[2026-02-22 13:20:17] ⚠️ VPN not active. Initiating simulation/fallback.
[2026-02-22 13:20:17] ✅ Simulated VPN activation successful (flag created).
[2026-02-22 13:20:17] ---- Check complete: PASS (Simulated) ----

[2026-02-22 13:35:22] ---- Starting VPN Auto-Detect/Activate check ----
[2026-02-22 13:35:22] Simulating connection to SSID BART-WiFi
[2026-02-22 13:35:22] ⚠️ VPN not active. Initiating simulation/fallback.
[2026-02-22 13:35:22] ✅ Simulated VPN activation successful (flag created).
[2026-02-22 13:35:22] ---- Check complete: PASS (Simulated) ----

[2026-02-22 13:50:27] ---- Starting VPN Auto-Detect/Activate check ----
[2026-02-22 13:50:27] Simulating connection to SSID BART-WiFi
[2026-02-22 13:50:27] ⚠️ VPN not active. Initiating simulation/fallback.
[2026-02-22 13:50:27] ✅ Simulated VPN activation successful (flag created).
[2026-02-22 13:50:27] ---- Check complete: PASS (Simulated) ----

[2026-02-22 14:05:32] ---- Starting VPN Auto-Detect/Activate check ----
[2026-02-22 14:05:32] Simulating connection to SSID BART-WiFi
[2026-02-22 14:05:32] ⚠️ VPN not active. Initiating simulation/fallback.
[2026-02-22 14:05:32] ✅ Simulated VPN activation successful (flag created).
[2026-02-22 14:05:32] ---- Check complete: PASS (Simulated) ----

[2026-02-22 14:20:38] ---- Starting VPN Auto-Detect/Activate check ----
[2026-02-22 14:20:38] Simulating connection to SSID BART-WiFi
[2026-02-22 14:20:38] ⚠️ VPN not active. Initiating simulation/fallback.
[2026-02-22 14:20:38] ✅ Simulated VPN activation successful (flag created).
[2026-02-22 14:20:38] ---- Check complete: PASS (Simulated) ----

[2026-02-22 14:35:43] ---- Starting VPN Auto-Detect/Activate check ----
[2026-02-22 14:35:43] Simulating connection to SSID BART-WiFi
[2026-02-22 14:35:44] ⚠️ VPN not active. Initiating simulation/fallback.
[2026-02-22 14:35:44] ✅ Simulated VPN activation successful (flag created).
[2026-02-22 14:35:44] ---- Check complete: PASS (Simulated) ----

[2026-02-22 14:50:49] ---- Starting VPN Auto-Detect/Activate check ----
[2026-02-22 14:50:49] Simulating connection to SSID BART-WiFi
[2026-02-22 14:50:49] ⚠️ VPN not active. Initiating simulation/fallback.
[2026-02-22 14:50:49] ✅ Simulated VPN activation successful (flag created).
[2026-02-22 14:50:49] ---- Check complete: PASS (Simulated) ----

[2026-02-22 15:05:54] ---- Starting VPN Auto-Detect/Activate check ----
[2026-02-22 15:05:54] Simulating connection to SSID BART-WiFi
[2026-02-22 15:05:54] ⚠️ VPN not active. Initiating simulation/fallback.
[2026-02-22 15:05:54] ✅ Simulated VPN activation successful (flag created).
[2026-02-22 15:05:54] ---- Check complete: PASS (Simulated) ----

[2026-02-22 15:20:59] ---- Starting VPN Auto-Detect/Activate check ----
[2026-02-22 15:20:59] Simulating connection to SSID BART-WiFi
[2026-02-22 15:20:59] ⚠️ VPN not active. Initiating simulation/fallback.
[2026-02-22 15:20:59] ✅ Simulated VPN activation successful (flag created).
[2026-02-22 15:20:59] ---- Check complete: PASS (Simulated) ----

[2026-02-22 15:36:05] ---- Starting VPN Auto-Detect/Activate check ----
[2026-02-22 15:36:05] Simulating connection to SSID BART-WiFi
[2026-02-22 15:36:05] ⚠️ VPN not active. Initiating simulation/fallback.
[2026-02-22 15:36:05] ✅ Simulated VPN activation successful (flag created).
[2026-02-22 15:36:05] ---- Check complete: PASS (Simulated) ----

[2026-02-22 15:51:09] ---- Starting VPN Auto-Detect/Activate check ----
[2026-02-22 15:51:09] Simulating connection to SSID BART-WiFi
[2026-02-22 15:51:09] ⚠️ VPN not active. Initiating simulation/fallback.
[2026-02-22 15:51:09] ✅ Simulated VPN activation successful (flag created).
[2026-02-22 15:51:09] ---- Check complete: PASS (Simulated) ----

[2026-02-22 16:06:14] ---- Starting VPN Auto-Detect/Activate check ----
[2026-02-22 16:06:14] Simulating connection to SSID BART-WiFi
[2026-02-22 16:06:14] ⚠️ VPN not active. Initiating simulation/fallback.
[2026-02-22 16:06:14] ✅ Simulated VPN activation successful (flag created).
[2026-02-22 16:06:14] ---- Check complete: PASS (Simulated) ----

[2026-02-22 16:21:19] ---- Starting VPN Auto-Detect/Activate check ----
[2026-02-22 16:21:19] Simulating connection to SSID BART-WiFi
[2026-02-22 16:21:19] ⚠️ VPN not active. Initiating simulation/fallback.
[2026-02-22 16:21:19] ✅ Simulated VPN activation successful (flag created).
[2026-02-22 16:21:19] ---- Check complete: PASS (Simulated) ----

[2026-02-22 16:36:24] ---- Starting VPN Auto-Detect/Activate check ----
[2026-02-22 16:36:24] Simulating connection to SSID BART-WiFi
[2026-02-22 16:36:24] ⚠️ VPN not active. Initiating simulation/fallback.
[2026-02-22 16:36:24] ✅ Simulated VPN activation successful (flag created).
[2026-02-22 16:36:24] ---- Check complete: PASS (Simulated) ----

[2026-02-22 16:51:29] ---- Starting VPN Auto-Detect/Activate check ----
[2026-02-22 16:51:29] Simulating connection to SSID BART-WiFi
[2026-02-22 16:51:29] ⚠️ VPN not active. Initiating simulation/fallback.
[2026-02-22 16:51:29] ✅ Simulated VPN activation successful (flag created).
[2026-02-22 16:51:29] ---- Check complete: PASS (Simulated) ----

[2026-02-22 17:06:34] ---- Starting VPN Auto-Detect/Activate check ----
[2026-02-22 17:06:34] Simulating connection to SSID BART-WiFi
[2026-02-22 17:06:34] ⚠️ VPN not active. Initiating simulation/fallback.
[2026-02-22 17:06:34] ✅ Simulated VPN activation successful (flag created).
[2026-02-22 17:06:34] ---- Check complete: PASS (Simulated) ----

[2026-02-22 17:21:38] ---- Starting VPN Auto-Detect/Activate check ----
[2026-02-22 17:21:38] Simulating connection to SSID BART-WiFi
[2026-02-22 17:21:38] ⚠️ VPN not active. Initiating simulation/fallback.
[2026-02-22 17:21:38] ✅ Simulated VPN activation successful (flag created).
[2026-02-22 17:21:38] ---- Check complete: PASS (Simulated) ----

[2026-02-22 17:36:43] ---- Starting VPN Auto-Detect/Activate check ----
[2026-02-22 17:36:43] Simulating connection to SSID BART-WiFi
[2026-02-22 17:36:43] ⚠️ VPN not active. Initiating simulation/fallback.
[2026-02-22 17:36:43] ✅ Simulated VPN activation successful (flag created).
[2026-02-22 17:36:43] ---- Check complete: PASS (Simulated) ----

[2026-02-22 17:51:49] ---- Starting VPN Auto-Detect/Activate check ----
[2026-02-22 17:51:49] Simulating connection to SSID BART-WiFi
[2026-02-22 17:51:49] ⚠️ VPN not active. Initiating simulation/fallback.
[2026-02-22 17:51:49] ✅ Simulated VPN activation successful (flag created).
[2026-02-22 17:51:49] ---- Check complete: PASS (Simulated) ----

[2026-02-22 18:06:54] ---- Starting VPN Auto-Detect/Activate check ----
[2026-02-22 18:06:54] Simulating connection to SSID BART-WiFi
[2026-02-22 18:06:54] ⚠️ VPN not active. Initiating simulation/fallback.
[2026-02-22 18:06:54] ✅ Simulated VPN activation successful (flag created).
[2026-02-22 18:06:54] ---- Check complete: PASS (Simulated) ----

[2026-02-22 18:21:59] ---- Starting VPN Auto-Detect/Activate check ----
[2026-02-22 18:21:59] Simulating connection to SSID BART-WiFi
[2026-02-22 18:21:59] ⚠️ VPN not active. Initiating simulation/fallback.
[2026-02-22 18:21:59] ✅ Simulated VPN activation successful (flag created).
[2026-02-22 18:21:59] ---- Check complete: PASS (Simulated) ----

[2026-02-22 18:37:04] ---- Starting VPN Auto-Detect/Activate check ----
[2026-02-22 18:37:04] Simulating connection to SSID BART-WiFi
[2026-02-22 18:37:04] ⚠️ VPN not active. Initiating simulation/fallback.
[2026-02-22 18:37:04] ✅ Simulated VPN activation successful (flag created).
[2026-02-22 18:37:04] ---- Check complete: PASS (Simulated) ----

[2026-02-22 18:52:09] ---- Starting VPN Auto-Detect/Activate check ----
[2026-02-22 18:52:09] Simulating connection to SSID BART-WiFi
[2026-02-22 18:52:09] ⚠️ VPN not active. Initiating simulation/fallback.
[2026-02-22 18:52:09] ✅ Simulated VPN activation successful (flag created).
[2026-02-22 18:52:09] ---- Check complete: PASS (Simulated) ----

[2026-02-22 19:07:14] ---- Starting VPN Auto-Detect/Activate check ----
[2026-02-22 19:07:14] Simulating connection to SSID BART-WiFi
[2026-02-22 19:07:14] ⚠️ VPN not active. Initiating simulation/fallback.
[2026-02-22 19:07:14] ✅ Simulated VPN activation successful (flag created).
[2026-02-22 19:07:14] ---- Check complete: PASS (Simulated) ----

[2026-02-22 19:22:19] ---- Starting VPN Auto-Detect/Activate check ----
[2026-02-22 19:22:19] Simulating connection to SSID BART-WiFi
[2026-02-22 19:22:19] ⚠️ VPN not active. Initiating simulation/fallback.
[2026-02-22 19:22:19] ✅ Simulated VPN activation successful (flag created).
[2026-02-22 19:22:19] ---- Check complete: PASS (Simulated) ----

[2026-02-22 19:37:24] ---- Starting VPN Auto-Detect/Activate check ----
[2026-02-22 19:37:24] Simulating connection to SSID BART-WiFi
[2026-02-22 19:37:24] ⚠️ VPN not active. Initiating simulation/fallback.
[2026-02-22 19:37:24] ✅ Simulated VPN activation successful (flag created).
[2026-02-22 19:37:24] ---- Check complete: PASS (Simulated) ----

[2026-02-22 19:52:30] ---- Starting VPN Auto-Detect/Activate check ----
[2026-02-22 19:52:30] Simulating connection to SSID BART-WiFi
[2026-02-22 19:52:30] ⚠️ VPN not active. Initiating simulation/fallback.
[2026-02-22 19:52:30] ✅ Simulated VPN activation successful (flag created).
[2026-02-22 19:52:30] ---- Check complete: PASS (Simulated) ----

[2026-02-22 20:07:35] ---- Starting VPN Auto-Detect/Activate check ----
[2026-02-22 20:07:35] Simulating connection to SSID BART-WiFi
[2026-02-22 20:07:35] ⚠️ VPN not active. Initiating simulation/fallback.
[2026-02-22 20:07:35] ✅ Simulated VPN activation successful (flag created).
[2026-02-22 20:07:35] ---- Check complete: PASS (Simulated) ----

[2026-02-22 20:22:40] ---- Starting VPN Auto-Detect/Activate check ----
[2026-02-22 20:22:40] Simulating connection to SSID BART-WiFi
[2026-02-22 20:22:40] ⚠️ VPN not active. Initiating simulation/fallback.
[2026-02-22 20:22:40] ✅ Simulated VPN activation successful (flag created).
[2026-02-22 20:22:40] ---- Check complete: PASS (Simulated) ----

[2026-02-22 20:37:45] ---- Starting VPN Auto-Detect/Activate check ----
[2026-02-22 20:37:45] Simulating connection to SSID BART-WiFi
[2026-02-22 20:37:45] ⚠️ VPN not active. Initiating simulation/fallback.
[2026-02-22 20:37:45] ✅ Simulated VPN activation successful (flag created).
[2026-02-22 20:37:45] ---- Check complete: PASS (Simulated) ----

[2026-02-22 20:52:50] ---- Starting VPN Auto-Detect/Activate check ----
[2026-02-22 20:52:50] Simulating connection to SSID BART-WiFi
[2026-02-22 20:52:50] ⚠️ VPN not active. Initiating simulation/fallback.
[2026-02-22 20:52:50] ✅ Simulated VPN activation successful (flag created).
[2026-02-22 20:52:50] ---- Check complete: PASS (Simulated) ----

[2026-02-22 21:07:55] ---- Starting VPN Auto-Detect/Activate check ----
[2026-02-22 21:07:55] Simulating connection to SSID BART-WiFi
[2026-02-22 21:07:55] ⚠️ VPN not active. Initiating simulation/fallback.
[2026-02-22 21:07:55] ✅ Simulated VPN activation successful (flag created).
[2026-02-22 21:07:55] ---- Check complete: PASS (Simulated) ----

[2026-02-22 21:23:00] ---- Starting VPN Auto-Detect/Activate check ----
[2026-02-22 21:23:00] Simulating connection to SSID BART-WiFi
[2026-02-22 21:23:00] ⚠️ VPN not active. Initiating simulation/fallback.
[2026-02-22 21:23:00] ✅ Simulated VPN activation successful (flag created).
[2026-02-22 21:23:00] ---- Check complete: PASS (Simulated) ----

[2026-02-22 21:38:05] ---- Starting VPN Auto-Detect/Activate check ----
[2026-02-22 21:38:05] Simulating connection to SSID BART-WiFi
[2026-02-22 21:38:05] ⚠️ VPN not active. Initiating simulation/fallback.
[2026-02-22 21:38:05] ✅ Simulated VPN activation successful (flag created).
[2026-02-22 21:38:05] ---- Check complete: PASS (Simulated) ----

[2026-02-22 21:53:10] ---- Starting VPN Auto-Detect/Activate check ----
[2026-02-22 21:53:10] Simulating connection to SSID BART-WiFi
[2026-02-22 21:53:10] ⚠️ VPN not active. Initiating simulation/fallback.
[2026-02-22 21:53:10] ✅ Simulated VPN activation successful (flag created).
[2026-02-22 21:53:10] ---- Check complete: PASS (Simulated) ----

[2026-02-22 22:08:15] ---- Starting VPN Auto-Detect/Activate check ----
[2026-02-22 22:08:15] Simulating connection to SSID BART-WiFi
[2026-02-22 22:08:15] ⚠️ VPN not active. Initiating simulation/fallback.
[2026-02-22 22:08:15] ✅ Simulated VPN activation successful (flag created).
[2026-02-22 22:08:15] ---- Check complete: PASS (Simulated) ----

[2026-02-22 22:23:20] ---- Starting VPN Auto-Detect/Activate check ----
[2026-02-22 22:23:20] Simulating connection to SSID BART-WiFi
[2026-02-22 22:23:20] ⚠️ VPN not active. Initiating simulation/fallback.
[2026-02-22 22:23:20] ✅ Simulated VPN activation successful (flag created).
[2026-02-22 22:23:20] ---- Check complete: PASS (Simulated) ----

[2026-02-22 22:38:24] ---- Starting VPN Auto-Detect/Activate check ----
[2026-02-22 22:38:24] Simulating connection to SSID BART-WiFi
[2026-02-22 22:38:24] ⚠️ VPN not active. Initiating simulation/fallback.
[2026-02-22 22:38:24] ✅ Simulated VPN activation successful (flag created).
[2026-02-22 22:38:24] ---- Check complete: PASS (Simulated) ----

[2026-02-22 22:53:29] ---- Starting VPN Auto-Detect/Activate check ----
[2026-02-22 22:53:29] Simulating connection to SSID BART-WiFi
[2026-02-22 22:53:29] ⚠️ VPN not active. Initiating simulation/fallback.
[2026-02-22 22:53:29] ✅ Simulated VPN activation successful (flag created).
[2026-02-22 22:53:29] ---- Check complete: PASS (Simulated) ----

[2026-02-22 23:08:35] ---- Starting VPN Auto-Detect/Activate check ----
[2026-02-22 23:08:35] Simulating connection to SSID BART-WiFi
[2026-02-22 23:08:35] ⚠️ VPN not active. Initiating simulation/fallback.
[2026-02-22 23:08:35] ✅ Simulated VPN activation successful (flag created).
[2026-02-22 23:08:35] ---- Check complete: PASS (Simulated) ----

[2026-02-22 23:23:40] ---- Starting VPN Auto-Detect/Activate check ----
[2026-02-22 23:23:40] Simulating connection to SSID BART-WiFi
[2026-02-22 23:23:40] ⚠️ VPN not active. Initiating simulation/fallback.
[2026-02-22 23:23:40] ✅ Simulated VPN activation successful (flag created).
[2026-02-22 23:23:40] ---- Check complete: PASS (Simulated) ----

[2026-02-22 23:38:45] ---- Starting VPN Auto-Detect/Activate check ----
[2026-02-22 23:38:45] Simulating connection to SSID BART-WiFi
[2026-02-22 23:38:45] ⚠️ VPN not active. Initiating simulation/fallback.
[2026-02-22 23:38:45] ✅ Simulated VPN activation successful (flag created).
[2026-02-22 23:38:45] ---- Check complete: PASS (Simulated) ----

[2026-02-22 23:53:51] ---- Starting VPN Auto-Detect/Activate check ----
[2026-02-22 23:53:51] Simulating connection to SSID BART-WiFi
[2026-02-22 23:53:51] ⚠️ VPN not active. Initiating simulation/fallback.
[2026-02-22 23:53:51] ✅ Simulated VPN activation successful (flag created).
[2026-02-22 23:53:51] ---- Check complete: PASS (Simulated) ----

[2026-02-23 00:08:56] ---- Starting VPN Auto-Detect/Activate check ----
[2026-02-23 00:08:56] Simulating connection to SSID BART-WiFi
[2026-02-23 00:08:56] ⚠️ VPN not active. Initiating simulation/fallback.
[2026-02-23 00:08:56] ✅ Simulated VPN activation successful (flag created).
[2026-02-23 00:08:56] ---- Check complete: PASS (Simulated) ----

[2026-02-23 00:24:00] ---- Starting VPN Auto-Detect/Activate check ----
[2026-02-23 00:24:00] Simulating connection to SSID BART-WiFi
[2026-02-23 00:24:00] ⚠️ VPN not active. Initiating simulation/fallback.
[2026-02-23 00:24:00] ✅ Simulated VPN activation successful (flag created).
[2026-02-23 00:24:00] ---- Check complete: PASS (Simulated) ----

[2026-02-23 00:39:06] ---- Starting VPN Auto-Detect/Activate check ----
[2026-02-23 00:39:06] Simulating connection to SSID BART-WiFi
[2026-02-23 00:39:06] ⚠️ VPN not active. Initiating simulation/fallback.
[2026-02-23 00:39:06] ✅ Simulated VPN activation successful (flag created).
[2026-02-23 00:39:06] ---- Check complete: PASS (Simulated) ----

[2026-02-23 00:54:11] ---- Starting VPN Auto-Detect/Activate check ----
[2026-02-23 00:54:11] Simulating connection to SSID BART-WiFi
[2026-02-23 00:54:11] ⚠️ VPN not active. Initiating simulation/fallback.
[2026-02-23 00:54:11] ✅ Simulated VPN activation successful (flag created).
[2026-02-23 00:54:11] ---- Check complete: PASS (Simulated) ----

[2026-02-23 01:09:15] ---- Starting VPN Auto-Detect/Activate check ----
[2026-02-23 01:09:15] Simulating connection to SSID BART-WiFi
[2026-02-23 01:09:15] ⚠️ VPN not active. Initiating simulation/fallback.
[2026-02-23 01:09:15] ✅ Simulated VPN activation successful (flag created).
[2026-02-23 01:09:15] ---- Check complete: PASS (Simulated) ----

[2026-02-23 01:24:20] ---- Starting VPN Auto-Detect/Activate check ----
[2026-02-23 01:24:20] Simulating connection to SSID BART-WiFi
[2026-02-23 01:24:21] ⚠️ VPN not active. Initiating simulation/fallback.
[2026-02-23 01:24:21] ✅ Simulated VPN activation successful (flag created).
[2026-02-23 01:24:21] ---- Check complete: PASS (Simulated) ----

[2026-02-23 01:39:25] ---- Starting VPN Auto-Detect/Activate check ----
[2026-02-23 01:39:25] Simulating connection to SSID BART-WiFi
[2026-02-23 01:39:25] ⚠️ VPN not active. Initiating simulation/fallback.
[2026-02-23 01:39:25] ✅ Simulated VPN activation successful (flag created).
[2026-02-23 01:39:25] ---- Check complete: PASS (Simulated) ----

[2026-02-23 01:54:30] ---- Starting VPN Auto-Detect/Activate check ----
[2026-02-23 01:54:30] Simulating connection to SSID BART-WiFi
[2026-02-23 01:54:30] ⚠️ VPN not active. Initiating simulation/fallback.
[2026-02-23 01:54:30] ✅ Simulated VPN activation successful (flag created).
[2026-02-23 01:54:30] ---- Check complete: PASS (Simulated) ----

[2026-02-23 02:09:36] ---- Starting VPN Auto-Detect/Activate check ----
[2026-02-23 02:09:36] Simulating connection to SSID BART-WiFi
[2026-02-23 02:09:36] ⚠️ VPN not active. Initiating simulation/fallback.
[2026-02-23 02:09:36] ✅ Simulated VPN activation successful (flag created).
[2026-02-23 02:09:36] ---- Check complete: PASS (Simulated) ----

[2026-02-23 02:24:42] ---- Starting VPN Auto-Detect/Activate check ----
[2026-02-23 02:24:42] Simulating connection to SSID BART-WiFi
[2026-02-23 02:24:42] ⚠️ VPN not active. Initiating simulation/fallback.
[2026-02-23 02:24:42] ✅ Simulated VPN activation successful (flag created).
[2026-02-23 02:24:42] ---- Check complete: PASS (Simulated) ----

[2026-02-23 02:39:48] ---- Starting VPN Auto-Detect/Activate check ----
[2026-02-23 02:39:48] Simulating connection to SSID BART-WiFi
[2026-02-23 02:39:48] ⚠️ VPN not active. Initiating simulation/fallback.
[2026-02-23 02:39:48] ✅ Simulated VPN activation successful (flag created).
[2026-02-23 02:39:48] ---- Check complete: PASS (Simulated) ----

[2026-02-23 02:54:52] ---- Starting VPN Auto-Detect/Activate check ----
[2026-02-23 02:54:52] Simulating connection to SSID BART-WiFi
[2026-02-23 02:54:52] ⚠️ VPN not active. Initiating simulation/fallback.
[2026-02-23 02:54:52] ✅ Simulated VPN activation successful (flag created).
[2026-02-23 02:54:53] ---- Check complete: PASS (Simulated) ----

[2026-02-23 03:09:57] ---- Starting VPN Auto-Detect/Activate check ----
[2026-02-23 03:09:57] Simulating connection to SSID BART-WiFi
[2026-02-23 03:09:57] ⚠️ VPN not active. Initiating simulation/fallback.
[2026-02-23 03:09:57] ✅ Simulated VPN activation successful (flag created).
[2026-02-23 03:09:57] ---- Check complete: PASS (Simulated) ----

[2026-02-23 03:25:03] ---- Starting VPN Auto-Detect/Activate check ----
[2026-02-23 03:25:03] Simulating connection to SSID BART-WiFi
[2026-02-23 03:25:03] ⚠️ VPN not active. Initiating simulation/fallback.
[2026-02-23 03:25:03] ✅ Simulated VPN activation successful (flag created).
[2026-02-23 03:25:03] ---- Check complete: PASS (Simulated) ----

[2026-02-23 03:40:08] ---- Starting VPN Auto-Detect/Activate check ----
[2026-02-23 03:40:08] Simulating connection to SSID BART-WiFi
[2026-02-23 03:40:08] ⚠️ VPN not active. Initiating simulation/fallback.
[2026-02-23 03:40:08] ✅ Simulated VPN activation successful (flag created).
[2026-02-23 03:40:08] ---- Check complete: PASS (Simulated) ----

[2026-02-23 03:55:13] ---- Starting VPN Auto-Detect/Activate check ----
[2026-02-23 03:55:13] Simulating connection to SSID BART-WiFi
[2026-02-23 03:55:13] ⚠️ VPN not active. Initiating simulation/fallback.
[2026-02-23 03:55:13] ✅ Simulated VPN activation successful (flag created).
[2026-02-23 03:55:13] ---- Check complete: PASS (Simulated) ----

[2026-02-23 04:10:18] ---- Starting VPN Auto-Detect/Activate check ----
[2026-02-23 04:10:18] Simulating connection to SSID BART-WiFi
[2026-02-23 04:10:18] ⚠️ VPN not active. Initiating simulation/fallback.
[2026-02-23 04:10:18] ✅ Simulated VPN activation successful (flag created).
[2026-02-23 04:10:18] ---- Check complete: PASS (Simulated) ----

[2026-02-23 04:25:23] ---- Starting VPN Auto-Detect/Activate check ----
[2026-02-23 04:25:23] Simulating connection to SSID BART-WiFi
[2026-02-23 04:25:23] ⚠️ VPN not active. Initiating simulation/fallback.
[2026-02-23 04:25:23] ✅ Simulated VPN activation successful (flag created).
[2026-02-23 04:25:23] ---- Check complete: PASS (Simulated) ----

[2026-02-23 04:40:29] ---- Starting VPN Auto-Detect/Activate check ----
[2026-02-23 04:40:29] Simulating connection to SSID BART-WiFi
[2026-02-23 04:40:30] ⚠️ VPN not active. Initiating simulation/fallback.
[2026-02-23 04:40:30] ✅ Simulated VPN activation successful (flag created).
[2026-02-23 04:40:30] ---- Check complete: PASS (Simulated) ----

[2026-02-23 04:55:35] ---- Starting VPN Auto-Detect/Activate check ----
[2026-02-23 04:55:35] Simulating connection to SSID BART-WiFi
[2026-02-23 04:55:35] ⚠️ VPN not active. Initiating simulation/fallback.
[2026-02-23 04:55:35] ✅ Simulated VPN activation successful (flag created).
[2026-02-23 04:55:35] ---- Check complete: PASS (Simulated) ----

[2026-02-23 05:10:40] ---- Starting VPN Auto-Detect/Activate check ----
[2026-02-23 05:10:40] Simulating connection to SSID BART-WiFi
[2026-02-23 05:10:40] ⚠️ VPN not active. Initiating simulation/fallback.
[2026-02-23 05:10:40] ✅ Simulated VPN activation successful (flag created).
[2026-02-23 05:10:40] ---- Check complete: PASS (Simulated) ----

[2026-02-23 05:25:45] ---- Starting VPN Auto-Detect/Activate check ----
[2026-02-23 05:25:45] Simulating connection to SSID BART-WiFi
[2026-02-23 05:25:45] ⚠️ VPN not active. Initiating simulation/fallback.
[2026-02-23 05:25:45] ✅ Simulated VPN activation successful (flag created).
[2026-02-23 05:25:45] ---- Check complete: PASS (Simulated) ----

[2026-02-23 05:40:50] ---- Starting VPN Auto-Detect/Activate check ----
[2026-02-23 05:40:50] Simulating connection to SSID BART-WiFi
[2026-02-23 05:40:50] ⚠️ VPN not active. Initiating simulation/fallback.
[2026-02-23 05:40:50] ✅ Simulated VPN activation successful (flag created).
[2026-02-23 05:40:50] ---- Check complete: PASS (Simulated) ----

[2026-02-23 05:55:55] ---- Starting VPN Auto-Detect/Activate check ----
[2026-02-23 05:55:55] Simulating connection to SSID BART-WiFi
[2026-02-23 05:55:55] ⚠️ VPN not active. Initiating simulation/fallback.
[2026-02-23 05:55:55] ✅ Simulated VPN activation successful (flag created).
[2026-02-23 05:55:55] ---- Check complete: PASS (Simulated) ----

[2026-02-23 06:11:00] ---- Starting VPN Auto-Detect/Activate check ----
[2026-02-23 06:11:00] Simulating connection to SSID BART-WiFi
[2026-02-23 06:11:00] ⚠️ VPN not active. Initiating simulation/fallback.
[2026-02-23 06:11:00] ✅ Simulated VPN activation successful (flag created).
[2026-02-23 06:11:00] ---- Check complete: PASS (Simulated) ----

[2026-02-23 06:26:06] ---- Starting VPN Auto-Detect/Activate check ----
[2026-02-23 06:26:06] Simulating connection to SSID BART-WiFi
[2026-02-23 06:26:06] ⚠️ VPN not active. Initiating simulation/fallback.
[2026-02-23 06:26:06] ✅ Simulated VPN activation successful (flag created).
[2026-02-23 06:26:06] ---- Check complete: PASS (Simulated) ----

[2026-02-23 06:41:11] ---- Starting VPN Auto-Detect/Activate check ----
[2026-02-23 06:41:11] Simulating connection to SSID BART-WiFi
[2026-02-23 06:41:11] ⚠️ VPN not active. Initiating simulation/fallback.
[2026-02-23 06:41:11] ✅ Simulated VPN activation successful (flag created).
[2026-02-23 06:41:11] ---- Check complete: PASS (Simulated) ----

[2026-02-23 06:56:16] ---- Starting VPN Auto-Detect/Activate check ----
[2026-02-23 06:56:16] Simulating connection to SSID BART-WiFi
[2026-02-23 06:56:16] ⚠️ VPN not active. Initiating simulation/fallback.
[2026-02-23 06:56:16] ✅ Simulated VPN activation successful (flag created).
[2026-02-23 06:56:16] ---- Check complete: PASS (Simulated) ----

[2026-02-23 07:11:21] ---- Starting VPN Auto-Detect/Activate check ----
[2026-02-23 07:11:21] Simulating connection to SSID BART-WiFi
[2026-02-23 07:11:21] ⚠️ VPN not active. Initiating simulation/fallback.
[2026-02-23 07:11:21] ✅ Simulated VPN activation successful (flag created).
[2026-02-23 07:11:21] ---- Check complete: PASS (Simulated) ----

[2026-02-23 07:26:26] ---- Starting VPN Auto-Detect/Activate check ----
[2026-02-23 07:26:26] Simulating connection to SSID BART-WiFi
[2026-02-23 07:26:26] ⚠️ VPN not active. Initiating simulation/fallback.
[2026-02-23 07:26:26] ✅ Simulated VPN activation successful (flag created).
[2026-02-23 07:26:26] ---- Check complete: PASS (Simulated) ----

[2026-02-23 07:41:31] ---- Starting VPN Auto-Detect/Activate check ----
[2026-02-23 07:41:31] Simulating connection to SSID BART-WiFi
[2026-02-23 07:41:31] ⚠️ VPN not active. Initiating simulation/fallback.
[2026-02-23 07:41:31] ✅ Simulated VPN activation successful (flag created).
[2026-02-23 07:41:31] ---- Check complete: PASS (Simulated) ----

[2026-02-23 07:56:36] ---- Starting VPN Auto-Detect/Activate check ----
[2026-02-23 07:56:36] Simulating connection to SSID BART-WiFi
[2026-02-23 07:56:36] ⚠️ VPN not active. Initiating simulation/fallback.
[2026-02-23 07:56:36] ✅ Simulated VPN activation successful (flag created).
[2026-02-23 07:56:36] ---- Check complete: PASS (Simulated) ----

[2026-02-23 08:11:41] ---- Starting VPN Auto-Detect/Activate check ----
[2026-02-23 08:11:41] Simulating connection to SSID BART-WiFi
[2026-02-23 08:11:41] ⚠️ VPN not active. Initiating simulation/fallback.
[2026-02-23 08:11:41] ✅ Simulated VPN activation successful (flag created).
[2026-02-23 08:11:41] ---- Check complete: PASS (Simulated) ----

[2026-02-23 08:26:46] ---- Starting VPN Auto-Detect/Activate check ----
[2026-02-23 08:26:46] Simulating connection to SSID BART-WiFi
[2026-02-23 08:26:46] ⚠️ VPN not active. Initiating simulation/fallback.
[2026-02-23 08:26:46] ✅ Simulated VPN activation successful (flag created).
[2026-02-23 08:26:46] ---- Check complete: PASS (Simulated) ----

[2026-02-23 08:41:52] ---- Starting VPN Auto-Detect/Activate check ----
[2026-02-23 08:41:52] Simulating connection to SSID BART-WiFi
[2026-02-23 08:41:52] ⚠️ VPN not active. Initiating simulation/fallback.
[2026-02-23 08:41:52] ✅ Simulated VPN activation successful (flag created).
[2026-02-23 08:41:52] ---- Check complete: PASS (Simulated) ----

[2026-02-23 08:56:57] ---- Starting VPN Auto-Detect/Activate check ----
[2026-02-23 08:56:57] Simulating connection to SSID BART-WiFi
[2026-02-23 08:56:57] ⚠️ VPN not active. Initiating simulation/fallback.
[2026-02-23 08:56:57] ✅ Simulated VPN activation successful (flag created).
[2026-02-23 08:56:57] ---- Check complete: PASS (Simulated) ----

[2026-02-23 09:12:03] ---- Starting VPN Auto-Detect/Activate check ----
[2026-02-23 09:12:03] Simulating connection to SSID BART-WiFi
[2026-02-23 09:12:03] ⚠️ VPN not active. Initiating simulation/fallback.
[2026-02-23 09:12:03] ✅ Simulated VPN activation successful (flag created).
[2026-02-23 09:12:03] ---- Check complete: PASS (Simulated) ----

[2026-02-23 09:27:09] ---- Starting VPN Auto-Detect/Activate check ----
[2026-02-23 09:27:09] Simulating connection to SSID BART-WiFi
[2026-02-23 09:27:09] ⚠️ VPN not active. Initiating simulation/fallback.
[2026-02-23 09:27:09] ✅ Simulated VPN activation successful (flag created).
[2026-02-23 09:27:09] ---- Check complete: PASS (Simulated) ----

[2026-02-23 09:42:13] ---- Starting VPN Auto-Detect/Activate check ----
[2026-02-23 09:42:14] Simulating connection to SSID BART-WiFi
[2026-02-23 09:42:14] ⚠️ VPN not active. Initiating simulation/fallback.
[2026-02-23 09:42:14] ✅ Simulated VPN activation successful (flag created).
[2026-02-23 09:42:14] ---- Check complete: PASS (Simulated) ----

[2026-02-23 09:57:18] ---- Starting VPN Auto-Detect/Activate check ----
[2026-02-23 09:57:18] Simulating connection to SSID BART-WiFi
[2026-02-23 09:57:18] ⚠️ VPN not active. Initiating simulation/fallback.
[2026-02-23 09:57:18] ✅ Simulated VPN activation successful (flag created).
[2026-02-23 09:57:18] ---- Check complete: PASS (Simulated) ----

[2026-02-23 10:12:23] ---- Starting VPN Auto-Detect/Activate check ----
[2026-02-23 10:12:23] Simulating connection to SSID BART-WiFi
[2026-02-23 10:12:23] ⚠️ VPN not active. Initiating simulation/fallback.
[2026-02-23 10:12:23] ✅ Simulated VPN activation successful (flag created).
[2026-02-23 10:12:23] ---- Check complete: PASS (Simulated) ----

[2026-02-23 10:27:29] ---- Starting VPN Auto-Detect/Activate check ----
[2026-02-23 10:27:29] Simulating connection to SSID BART-WiFi
[2026-02-23 10:27:29] ⚠️ VPN not active. Initiating simulation/fallback.
[2026-02-23 10:27:29] ✅ Simulated VPN activation successful (flag created).
[2026-02-23 10:27:29] ---- Check complete: PASS (Simulated) ----

[2026-02-23 10:42:35] ---- Starting VPN Auto-Detect/Activate check ----
[2026-02-23 10:42:35] Simulating connection to SSID BART-WiFi
[2026-02-23 10:42:35] ⚠️ VPN not active. Initiating simulation/fallback.
[2026-02-23 10:42:35] ✅ Simulated VPN activation successful (flag created).
[2026-02-23 10:42:35] ---- Check complete: PASS (Simulated) ----

[2026-02-23 10:57:40] ---- Starting VPN Auto-Detect/Activate check ----
[2026-02-23 10:57:40] Simulating connection to SSID BART-WiFi
[2026-02-23 10:57:40] ⚠️ VPN not active. Initiating simulation/fallback.
[2026-02-23 10:57:40] ✅ Simulated VPN activation successful (flag created).
[2026-02-23 10:57:40] ---- Check complete: PASS (Simulated) ----

[2026-02-23 11:12:45] ---- Starting VPN Auto-Detect/Activate check ----
[2026-02-23 11:12:45] Simulating connection to SSID BART-WiFi
[2026-02-23 11:12:45] ⚠️ VPN not active. Initiating simulation/fallback.
[2026-02-23 11:12:45] ✅ Simulated VPN activation successful (flag created).
[2026-02-23 11:12:45] ---- Check complete: PASS (Simulated) ----

[2026-02-23 11:27:50] ---- Starting VPN Auto-Detect/Activate check ----
[2026-02-23 11:27:50] Simulating connection to SSID BART-WiFi
[2026-02-23 11:27:50] ⚠️ VPN not active. Initiating simulation/fallback.
[2026-02-23 11:27:50] ✅ Simulated VPN activation successful (flag created).
[2026-02-23 11:27:50] ---- Check complete: PASS (Simulated) ----

[2026-02-23 11:42:56] ---- Starting VPN Auto-Detect/Activate check ----
[2026-02-23 11:42:56] Simulating connection to SSID BART-WiFi
[2026-02-23 11:42:56] ⚠️ VPN not active. Initiating simulation/fallback.
[2026-02-23 11:42:56] ✅ Simulated VPN activation successful (flag created).
[2026-02-23 11:42:56] ---- Check complete: PASS (Simulated) ----

[2026-02-23 11:58:02] ---- Starting VPN Auto-Detect/Activate check ----
[2026-02-23 11:58:02] Simulating connection to SSID BART-WiFi
[2026-02-23 11:58:02] ⚠️ VPN not active. Initiating simulation/fallback.
[2026-02-23 11:58:02] ✅ Simulated VPN activation successful (flag created).
[2026-02-23 11:58:02] ---- Check complete: PASS (Simulated) ----

[2026-02-23 12:13:07] ---- Starting VPN Auto-Detect/Activate check ----
[2026-02-23 12:13:07] Simulating connection to SSID BART-WiFi
[2026-02-23 12:13:07] ⚠️ VPN not active. Initiating simulation/fallback.
[2026-02-23 12:13:07] ✅ Simulated VPN activation successful (flag created).
[2026-02-23 12:13:07] ---- Check complete: PASS (Simulated) ----

[2026-02-23 12:28:12] ---- Starting VPN Auto-Detect/Activate check ----
[2026-02-23 12:28:12] Simulating connection to SSID BART-WiFi
[2026-02-23 12:28:12] ⚠️ VPN not active. Initiating simulation/fallback.
[2026-02-23 12:28:12] ✅ Simulated VPN activation successful (flag created).
[2026-02-23 12:28:12] ---- Check complete: PASS (Simulated) ----

[2026-02-23 12:43:17] ---- Starting VPN Auto-Detect/Activate check ----
[2026-02-23 12:43:17] Simulating connection to SSID BART-WiFi
[2026-02-23 12:43:17] ⚠️ VPN not active. Initiating simulation/fallback.
[2026-02-23 12:43:17] ✅ Simulated VPN activation successful (flag created).
[2026-02-23 12:43:17] ---- Check complete: PASS (Simulated) ----

[2026-02-23 12:58:22] ---- Starting VPN Auto-Detect/Activate check ----
[2026-02-23 12:58:22] Simulating connection to SSID BART-WiFi
[2026-02-23 12:58:22] ⚠️ VPN not active. Initiating simulation/fallback.
[2026-02-23 12:58:22] ✅ Simulated VPN activation successful (flag created).
[2026-02-23 12:58:22] ---- Check complete: PASS (Simulated) ----

[2026-02-23 13:13:27] ---- Starting VPN Auto-Detect/Activate check ----
[2026-02-23 13:13:27] Simulating connection to SSID BART-WiFi
[2026-02-23 13:13:27] ⚠️ VPN not active. Initiating simulation/fallback.
[2026-02-23 13:13:27] ✅ Simulated VPN activation successful (flag created).
[2026-02-23 13:13:27] ---- Check complete: PASS (Simulated) ----

[2026-02-23 13:28:31] ---- Starting VPN Auto-Detect/Activate check ----
[2026-02-23 13:28:31] Simulating connection to SSID BART-WiFi
[2026-02-23 13:28:31] ⚠️ VPN not active. Initiating simulation/fallback.
[2026-02-23 13:28:31] ✅ Simulated VPN activation successful (flag created).
[2026-02-23 13:28:31] ---- Check complete: PASS (Simulated) ----

[2026-02-23 13:43:37] ---- Starting VPN Auto-Detect/Activate check ----
[2026-02-23 13:43:37] Simulating connection to SSID BART-WiFi
[2026-02-23 13:43:37] ⚠️ VPN not active. Initiating simulation/fallback.
[2026-02-23 13:43:37] ✅ Simulated VPN activation successful (flag created).
[2026-02-23 13:43:37] ---- Check complete: PASS (Simulated) ----

[2026-02-23 13:58:41] ---- Starting VPN Auto-Detect/Activate check ----
[2026-02-23 13:58:41] Simulating connection to SSID BART-WiFi
[2026-02-23 13:58:41] ⚠️ VPN not active. Initiating simulation/fallback.
[2026-02-23 13:58:41] ✅ Simulated VPN activation successful (flag created).
[2026-02-23 13:58:41] ---- Check complete: PASS (Simulated) ----

[2026-02-23 14:13:47] ---- Starting VPN Auto-Detect/Activate check ----
[2026-02-23 14:13:47] Simulating connection to SSID BART-WiFi
[2026-02-23 14:13:47] ⚠️ VPN not active. Initiating simulation/fallback.
[2026-02-23 14:13:47] ✅ Simulated VPN activation successful (flag created).
[2026-02-23 14:13:47] ---- Check complete: PASS (Simulated) ----

[2026-02-23 14:28:51] ---- Starting VPN Auto-Detect/Activate check ----
[2026-02-23 14:28:51] Simulating connection to SSID BART-WiFi
[2026-02-23 14:28:51] ⚠️ VPN not active. Initiating simulation/fallback.
[2026-02-23 14:28:51] ✅ Simulated VPN activation successful (flag created).
[2026-02-23 14:28:51] ---- Check complete: PASS (Simulated) ----

[2026-02-23 14:43:56] ---- Starting VPN Auto-Detect/Activate check ----
[2026-02-23 14:43:56] Simulating connection to SSID BART-WiFi
[2026-02-23 14:43:56] ⚠️ VPN not active. Initiating simulation/fallback.
[2026-02-23 14:43:56] ✅ Simulated VPN activation successful (flag created).
[2026-02-23 14:43:56] ---- Check complete: PASS (Simulated) ----

[2026-02-23 14:59:02] ---- Starting VPN Auto-Detect/Activate check ----
[2026-02-23 14:59:02] Simulating connection to SSID BART-WiFi
[2026-02-23 14:59:02] ⚠️ VPN not active. Initiating simulation/fallback.
[2026-02-23 14:59:02] ✅ Simulated VPN activation successful (flag created).
[2026-02-23 14:59:02] ---- Check complete: PASS (Simulated) ----

[2026-02-23 15:14:07] ---- Starting VPN Auto-Detect/Activate check ----
[2026-02-23 15:14:07] Simulating connection to SSID BART-WiFi
[2026-02-23 15:14:07] ⚠️ VPN not active. Initiating simulation/fallback.
[2026-02-23 15:14:07] ✅ Simulated VPN activation successful (flag created).
[2026-02-23 15:14:07] ---- Check complete: PASS (Simulated) ----

[2026-02-23 15:29:12] ---- Starting VPN Auto-Detect/Activate check ----
[2026-02-23 15:29:12] Simulating connection to SSID BART-WiFi
[2026-02-23 15:29:12] ⚠️ VPN not active. Initiating simulation/fallback.
[2026-02-23 15:29:12] ✅ Simulated VPN activation successful (flag created).
[2026-02-23 15:29:12] ---- Check complete: PASS (Simulated) ----

[2026-02-23 15:44:18] ---- Starting VPN Auto-Detect/Activate check ----
[2026-02-23 15:44:18] Simulating connection to SSID BART-WiFi
[2026-02-23 15:44:18] ⚠️ VPN not active. Initiating simulation/fallback.
[2026-02-23 15:44:18] ✅ Simulated VPN activation successful (flag created).
[2026-02-23 15:44:18] ---- Check complete: PASS (Simulated) ----

[2026-02-23 15:59:23] ---- Starting VPN Auto-Detect/Activate check ----
[2026-02-23 15:59:23] Simulating connection to SSID BART-WiFi
[2026-02-23 15:59:23] ⚠️ VPN not active. Initiating simulation/fallback.
[2026-02-23 15:59:23] ✅ Simulated VPN activation successful (flag created).
[2026-02-23 15:59:23] ---- Check complete: PASS (Simulated) ----

[2026-02-23 16:14:28] ---- Starting VPN Auto-Detect/Activate check ----
[2026-02-23 16:14:28] Simulating connection to SSID BART-WiFi
[2026-02-23 16:14:28] ⚠️ VPN not active. Initiating simulation/fallback.
[2026-02-23 16:14:28] ✅ Simulated VPN activation successful (flag created).
[2026-02-23 16:14:28] ---- Check complete: PASS (Simulated) ----

[2026-02-23 16:29:33] ---- Starting VPN Auto-Detect/Activate check ----
[2026-02-23 16:29:33] Simulating connection to SSID BART-WiFi
[2026-02-23 16:29:33] ⚠️ VPN not active. Initiating simulation/fallback.
[2026-02-23 16:29:33] ✅ Simulated VPN activation successful (flag created).
[2026-02-23 16:29:33] ---- Check complete: PASS (Simulated) ----

[2026-02-23 16:44:38] ---- Starting VPN Auto-Detect/Activate check ----
[2026-02-23 16:44:38] Simulating connection to SSID BART-WiFi
[2026-02-23 16:44:38] ⚠️ VPN not active. Initiating simulation/fallback.
[2026-02-23 16:44:38] ✅ Simulated VPN activation successful (flag created).
[2026-02-23 16:44:38] ---- Check complete: PASS (Simulated) ----

[2026-02-23 16:59:44] ---- Starting VPN Auto-Detect/Activate check ----
[2026-02-23 16:59:44] Simulating connection to SSID BART-WiFi
[2026-02-23 16:59:44] ⚠️ VPN not active. Initiating simulation/fallback.
[2026-02-23 16:59:44] ✅ Simulated VPN activation successful (flag created).
[2026-02-23 16:59:44] ---- Check complete: PASS (Simulated) ----

[2026-02-23 17:14:49] ---- Starting VPN Auto-Detect/Activate check ----
[2026-02-23 17:14:49] Simulating connection to SSID BART-WiFi
[2026-02-23 17:14:49] ⚠️ VPN not active. Initiating simulation/fallback.
[2026-02-23 17:14:49] ✅ Simulated VPN activation successful (flag created).
[2026-02-23 17:14:49] ---- Check complete: PASS (Simulated) ----

[2026-02-23 17:29:55] ---- Starting VPN Auto-Detect/Activate check ----
[2026-02-23 17:29:55] Simulating connection to SSID BART-WiFi
[2026-02-23 17:29:55] ⚠️ VPN not active. Initiating simulation/fallback.
[2026-02-23 17:29:55] ✅ Simulated VPN activation successful (flag created).
[2026-02-23 17:29:55] ---- Check complete: PASS (Simulated) ----

[2026-02-23 17:44:59] ---- Starting VPN Auto-Detect/Activate check ----
[2026-02-23 17:44:59] Simulating connection to SSID BART-WiFi
[2026-02-23 17:44:59] ⚠️ VPN not active. Initiating simulation/fallback.
[2026-02-23 17:44:59] ✅ Simulated VPN activation successful (flag created).
[2026-02-23 17:44:59] ---- Check complete: PASS (Simulated) ----

[2026-02-23 18:00:05] ---- Starting VPN Auto-Detect/Activate check ----
[2026-02-23 18:00:05] Simulating connection to SSID BART-WiFi
[2026-02-23 18:00:05] ⚠️ VPN not active. Initiating simulation/fallback.
[2026-02-23 18:00:05] ✅ Simulated VPN activation successful (flag created).
[2026-02-23 18:00:05] ---- Check complete: PASS (Simulated) ----

[2026-02-23 18:15:11] ---- Starting VPN Auto-Detect/Activate check ----
[2026-02-23 18:15:11] Simulating connection to SSID BART-WiFi
[2026-02-23 18:15:11] ⚠️ VPN not active. Initiating simulation/fallback.
[2026-02-23 18:15:11] ✅ Simulated VPN activation successful (flag created).
[2026-02-23 18:15:11] ---- Check complete: PASS (Simulated) ----

[2026-02-23 18:30:16] ---- Starting VPN Auto-Detect/Activate check ----
[2026-02-23 18:30:16] Simulating connection to SSID BART-WiFi
[2026-02-23 18:30:16] ⚠️ VPN not active. Initiating simulation/fallback.
[2026-02-23 18:30:16] ✅ Simulated VPN activation successful (flag created).
[2026-02-23 18:30:16] ---- Check complete: PASS (Simulated) ----

[2026-02-23 18:45:22] ---- Starting VPN Auto-Detect/Activate check ----
[2026-02-23 18:45:22] Simulating connection to SSID BART-WiFi
[2026-02-23 18:45:22] ⚠️ VPN not active. Initiating simulation/fallback.
[2026-02-23 18:45:22] ✅ Simulated VPN activation successful (flag created).
[2026-02-23 18:45:22] ---- Check complete: PASS (Simulated) ----

[2026-02-23 19:00:27] ---- Starting VPN Auto-Detect/Activate check ----
[2026-02-23 19:00:27] Simulating connection to SSID BART-WiFi
[2026-02-23 19:00:27] ⚠️ VPN not active. Initiating simulation/fallback.
[2026-02-23 19:00:27] ✅ Simulated VPN activation successful (flag created).
[2026-02-23 19:00:27] ---- Check complete: PASS (Simulated) ----

[2026-02-23 19:15:33] ---- Starting VPN Auto-Detect/Activate check ----
[2026-02-23 19:15:33] Simulating connection to SSID BART-WiFi
[2026-02-23 19:15:33] ⚠️ VPN not active. Initiating simulation/fallback.
[2026-02-23 19:15:33] ✅ Simulated VPN activation successful (flag created).
[2026-02-23 19:15:33] ---- Check complete: PASS (Simulated) ----

[2026-02-23 19:30:38] ---- Starting VPN Auto-Detect/Activate check ----
[2026-02-23 19:30:38] Simulating connection to SSID BART-WiFi
[2026-02-23 19:30:38] ⚠️ VPN not active. Initiating simulation/fallback.
[2026-02-23 19:30:38] ✅ Simulated VPN activation successful (flag created).
[2026-02-23 19:30:38] ---- Check complete: PASS (Simulated) ----

[2026-02-23 19:45:43] ---- Starting VPN Auto-Detect/Activate check ----
[2026-02-23 19:45:43] Simulating connection to SSID BART-WiFi
[2026-02-23 19:45:43] ⚠️ VPN not active. Initiating simulation/fallback.
[2026-02-23 19:45:43] ✅ Simulated VPN activation successful (flag created).
[2026-02-23 19:45:43] ---- Check complete: PASS (Simulated) ----

[2026-02-23 20:00:49] ---- Starting VPN Auto-Detect/Activate check ----
[2026-02-23 20:00:49] Simulating connection to SSID BART-WiFi
[2026-02-23 20:00:49] ⚠️ VPN not active. Initiating simulation/fallback.
[2026-02-23 20:00:49] ✅ Simulated VPN activation successful (flag created).
[2026-02-23 20:00:49] ---- Check complete: PASS (Simulated) ----

[2026-02-23 20:15:55] ---- Starting VPN Auto-Detect/Activate check ----
[2026-02-23 20:15:55] Simulating connection to SSID BART-WiFi
[2026-02-23 20:15:55] ⚠️ VPN not active. Initiating simulation/fallback.
[2026-02-23 20:15:55] ✅ Simulated VPN activation successful (flag created).
[2026-02-23 20:15:55] ---- Check complete: PASS (Simulated) ----

[2026-02-23 20:30:59] ---- Starting VPN Auto-Detect/Activate check ----
[2026-02-23 20:30:59] Simulating connection to SSID BART-WiFi
[2026-02-23 20:30:59] ⚠️ VPN not active. Initiating simulation/fallback.
[2026-02-23 20:31:00] ✅ Simulated VPN activation successful (flag created).
[2026-02-23 20:31:00] ---- Check complete: PASS (Simulated) ----

[2026-02-23 20:46:07] ---- Starting VPN Auto-Detect/Activate check ----
[2026-02-23 20:46:07] Simulating connection to SSID BART-WiFi
[2026-02-23 20:46:07] ⚠️ VPN not active. Initiating simulation/fallback.
[2026-02-23 20:46:07] ✅ Simulated VPN activation successful (flag created).
[2026-02-23 20:46:07] ---- Check complete: PASS (Simulated) ----

[2026-02-23 21:01:12] ---- Starting VPN Auto-Detect/Activate check ----
[2026-02-23 21:01:12] Simulating connection to SSID BART-WiFi
[2026-02-23 21:01:12] ⚠️ VPN not active. Initiating simulation/fallback.
[2026-02-23 21:01:12] ✅ Simulated VPN activation successful (flag created).
[2026-02-23 21:01:12] ---- Check complete: PASS (Simulated) ----

[2026-02-23 21:16:18] ---- Starting VPN Auto-Detect/Activate check ----
[2026-02-23 21:16:18] Simulating connection to SSID BART-WiFi
[2026-02-23 21:16:18] ⚠️ VPN not active. Initiating simulation/fallback.
[2026-02-23 21:16:18] ✅ Simulated VPN activation successful (flag created).
[2026-02-23 21:16:18] ---- Check complete: PASS (Simulated) ----

[2026-02-23 21:31:23] ---- Starting VPN Auto-Detect/Activate check ----
[2026-02-23 21:31:23] Simulating connection to SSID BART-WiFi
[2026-02-23 21:31:23] ⚠️ VPN not active. Initiating simulation/fallback.
[2026-02-23 21:31:23] ✅ Simulated VPN activation successful (flag created).
[2026-02-23 21:31:23] ---- Check complete: PASS (Simulated) ----

[2026-02-23 21:46:30] ---- Starting VPN Auto-Detect/Activate check ----
[2026-02-23 21:46:30] Simulating connection to SSID BART-WiFi
[2026-02-23 21:46:30] ⚠️ VPN not active. Initiating simulation/fallback.
[2026-02-23 21:46:30] ✅ Simulated VPN activation successful (flag created).
[2026-02-23 21:46:30] ---- Check complete: PASS (Simulated) ----

[2026-02-23 22:01:37] ---- Starting VPN Auto-Detect/Activate check ----
[2026-02-23 22:01:37] Simulating connection to SSID BART-WiFi
[2026-02-23 22:01:37] ⚠️ VPN not active. Initiating simulation/fallback.
[2026-02-23 22:01:37] ✅ Simulated VPN activation successful (flag created).
[2026-02-23 22:01:37] ---- Check complete: PASS (Simulated) ----

[2026-02-23 22:16:42] ---- Starting VPN Auto-Detect/Activate check ----
[2026-02-23 22:16:42] Simulating connection to SSID BART-WiFi
[2026-02-23 22:16:42] ⚠️ VPN not active. Initiating simulation/fallback.
[2026-02-23 22:16:42] ✅ Simulated VPN activation successful (flag created).
[2026-02-23 22:16:42] ---- Check complete: PASS (Simulated) ----

[2026-02-23 22:31:47] ---- Starting VPN Auto-Detect/Activate check ----
[2026-02-23 22:31:47] Simulating connection to SSID BART-WiFi
[2026-02-23 22:31:47] ⚠️ VPN not active. Initiating simulation/fallback.
[2026-02-23 22:31:47] ✅ Simulated VPN activation successful (flag created).
[2026-02-23 22:31:47] ---- Check complete: PASS (Simulated) ----

[2026-02-23 22:46:52] ---- Starting VPN Auto-Detect/Activate check ----
[2026-02-23 22:46:52] Simulating connection to SSID BART-WiFi
[2026-02-23 22:46:52] ⚠️ VPN not active. Initiating simulation/fallback.
[2026-02-23 22:46:52] ✅ Simulated VPN activation successful (flag created).
[2026-02-23 22:46:52] ---- Check complete: PASS (Simulated) ----

[2026-02-23 23:01:56] ---- Starting VPN Auto-Detect/Activate check ----
[2026-02-23 23:01:56] Simulating connection to SSID BART-WiFi
[2026-02-23 23:01:56] ⚠️ VPN not active. Initiating simulation/fallback.
[2026-02-23 23:01:57] ✅ Simulated VPN activation successful (flag created).
[2026-02-23 23:01:57] ---- Check complete: PASS (Simulated) ----

[2026-02-23 23:17:01] ---- Starting VPN Auto-Detect/Activate check ----
[2026-02-23 23:17:01] Simulating connection to SSID BART-WiFi
[2026-02-23 23:17:01] ⚠️ VPN not active. Initiating simulation/fallback.
[2026-02-23 23:17:01] ✅ Simulated VPN activation successful (flag created).
[2026-02-23 23:17:01] ---- Check complete: PASS (Simulated) ----

[2026-02-23 23:32:07] ---- Starting VPN Auto-Detect/Activate check ----
[2026-02-23 23:32:07] Simulating connection to SSID BART-WiFi
[2026-02-23 23:32:07] ⚠️ VPN not active. Initiating simulation/fallback.
[2026-02-23 23:32:07] ✅ Simulated VPN activation successful (flag created).
[2026-02-23 23:32:07] ---- Check complete: PASS (Simulated) ----

[2026-02-23 23:47:12] ---- Starting VPN Auto-Detect/Activate check ----
[2026-02-23 23:47:12] Simulating connection to SSID BART-WiFi
[2026-02-23 23:47:12] ⚠️ VPN not active. Initiating simulation/fallback.
[2026-02-23 23:47:12] ✅ Simulated VPN activation successful (flag created).
[2026-02-23 23:47:12] ---- Check complete: PASS (Simulated) ----

[2026-02-24 00:02:17] ---- Starting VPN Auto-Detect/Activate check ----
[2026-02-24 00:02:17] Simulating connection to SSID BART-WiFi
[2026-02-24 00:02:17] ⚠️ VPN not active. Initiating simulation/fallback.
[2026-02-24 00:02:17] ✅ Simulated VPN activation successful (flag created).
[2026-02-24 00:02:17] ---- Check complete: PASS (Simulated) ----

[2026-02-24 00:17:22] ---- Starting VPN Auto-Detect/Activate check ----
[2026-02-24 00:17:22] Simulating connection to SSID BART-WiFi
[2026-02-24 00:17:22] ⚠️ VPN not active. Initiating simulation/fallback.
[2026-02-24 00:17:22] ✅ Simulated VPN activation successful (flag created).
[2026-02-24 00:17:22] ---- Check complete: PASS (Simulated) ----

[2026-02-24 00:32:27] ---- Starting VPN Auto-Detect/Activate check ----
[2026-02-24 00:32:27] Simulating connection to SSID BART-WiFi
[2026-02-24 00:32:27] ⚠️ VPN not active. Initiating simulation/fallback.
[2026-02-24 00:32:27] ✅ Simulated VPN activation successful (flag created).
[2026-02-24 00:32:27] ---- Check complete: PASS (Simulated) ----

[2026-02-24 00:47:32] ---- Starting VPN Auto-Detect/Activate check ----
[2026-02-24 00:47:32] Simulating connection to SSID BART-WiFi
[2026-02-24 00:47:32] ⚠️ VPN not active. Initiating simulation/fallback.
[2026-02-24 00:47:32] ✅ Simulated VPN activation successful (flag created).
[2026-02-24 00:47:32] ---- Check complete: PASS (Simulated) ----

[2026-02-24 01:02:36] ---- Starting VPN Auto-Detect/Activate check ----
[2026-02-24 01:02:36] Simulating connection to SSID BART-WiFi
[2026-02-24 01:02:36] ⚠️ VPN not active. Initiating simulation/fallback.
[2026-02-24 01:02:36] ✅ Simulated VPN activation successful (flag created).
[2026-02-24 01:02:36] ---- Check complete: PASS (Simulated) ----

[2026-02-24 01:17:41] ---- Starting VPN Auto-Detect/Activate check ----
[2026-02-24 01:17:41] Simulating connection to SSID BART-WiFi
[2026-02-24 01:17:41] ⚠️ VPN not active. Initiating simulation/fallback.
[2026-02-24 01:17:41] ✅ Simulated VPN activation successful (flag created).
[2026-02-24 01:17:41] ---- Check complete: PASS (Simulated) ----

[2026-02-24 01:32:46] ---- Starting VPN Auto-Detect/Activate check ----
[2026-02-24 01:32:46] Simulating connection to SSID BART-WiFi
[2026-02-24 01:32:46] ⚠️ VPN not active. Initiating simulation/fallback.
[2026-02-24 01:32:46] ✅ Simulated VPN activation successful (flag created).
[2026-02-24 01:32:46] ---- Check complete: PASS (Simulated) ----

[2026-02-24 01:47:51] ---- Starting VPN Auto-Detect/Activate check ----
[2026-02-24 01:47:51] Simulating connection to SSID BART-WiFi
[2026-02-24 01:47:51] ⚠️ VPN not active. Initiating simulation/fallback.
[2026-02-24 01:47:51] ✅ Simulated VPN activation successful (flag created).
[2026-02-24 01:47:51] ---- Check complete: PASS (Simulated) ----

[2026-02-24 02:02:56] ---- Starting VPN Auto-Detect/Activate check ----
[2026-02-24 02:02:56] Simulating connection to SSID BART-WiFi
[2026-02-24 02:02:56] ⚠️ VPN not active. Initiating simulation/fallback.
[2026-02-24 02:02:56] ✅ Simulated VPN activation successful (flag created).
[2026-02-24 02:02:56] ---- Check complete: PASS (Simulated) ----

[2026-02-24 02:18:02] ---- Starting VPN Auto-Detect/Activate check ----
[2026-02-24 02:18:02] Simulating connection to SSID BART-WiFi
[2026-02-24 02:18:02] ⚠️ VPN not active. Initiating simulation/fallback.
[2026-02-24 02:18:02] ✅ Simulated VPN activation successful (flag created).
[2026-02-24 02:18:02] ---- Check complete: PASS (Simulated) ----

[2026-02-24 02:33:07] ---- Starting VPN Auto-Detect/Activate check ----
[2026-02-24 02:33:07] Simulating connection to SSID BART-WiFi
[2026-02-24 02:33:07] ⚠️ VPN not active. Initiating simulation/fallback.
[2026-02-24 02:33:07] ✅ Simulated VPN activation successful (flag created).
[2026-02-24 02:33:07] ---- Check complete: PASS (Simulated) ----

[2026-02-24 02:48:11] ---- Starting VPN Auto-Detect/Activate check ----
[2026-02-24 02:48:11] Simulating connection to SSID BART-WiFi
[2026-02-24 02:48:12] ⚠️ VPN not active. Initiating simulation/fallback.
[2026-02-24 02:48:12] ✅ Simulated VPN activation successful (flag created).
[2026-02-24 02:48:12] ---- Check complete: PASS (Simulated) ----

[2026-02-24 03:03:17] ---- Starting VPN Auto-Detect/Activate check ----
[2026-02-24 03:03:17] Simulating connection to SSID BART-WiFi
[2026-02-24 03:03:17] ⚠️ VPN not active. Initiating simulation/fallback.
[2026-02-24 03:03:17] ✅ Simulated VPN activation successful (flag created).
[2026-02-24 03:03:17] ---- Check complete: PASS (Simulated) ----

[2026-02-24 03:18:22] ---- Starting VPN Auto-Detect/Activate check ----
[2026-02-24 03:18:22] Simulating connection to SSID BART-WiFi
[2026-02-24 03:18:22] ⚠️ VPN not active. Initiating simulation/fallback.
[2026-02-24 03:18:22] ✅ Simulated VPN activation successful (flag created).
[2026-02-24 03:18:22] ---- Check complete: PASS (Simulated) ----

[2026-02-24 03:33:26] ---- Starting VPN Auto-Detect/Activate check ----
[2026-02-24 03:33:26] Simulating connection to SSID BART-WiFi
[2026-02-24 03:33:26] ⚠️ VPN not active. Initiating simulation/fallback.
[2026-02-24 03:33:26] ✅ Simulated VPN activation successful (flag created).
[2026-02-24 03:33:26] ---- Check complete: PASS (Simulated) ----

[2026-02-24 03:48:31] ---- Starting VPN Auto-Detect/Activate check ----
[2026-02-24 03:48:31] Simulating connection to SSID BART-WiFi
[2026-02-24 03:48:31] ⚠️ VPN not active. Initiating simulation/fallback.
[2026-02-24 03:48:31] ✅ Simulated VPN activation successful (flag created).
[2026-02-24 03:48:31] ---- Check complete: PASS (Simulated) ----

[2026-02-24 04:03:36] ---- Starting VPN Auto-Detect/Activate check ----
[2026-02-24 04:03:36] Simulating connection to SSID BART-WiFi
[2026-02-24 04:03:36] ⚠️ VPN not active. Initiating simulation/fallback.
[2026-02-24 04:03:36] ✅ Simulated VPN activation successful (flag created).
[2026-02-24 04:03:36] ---- Check complete: PASS (Simulated) ----

[2026-02-24 04:18:40] ---- Starting VPN Auto-Detect/Activate check ----
[2026-02-24 04:18:40] Simulating connection to SSID BART-WiFi
[2026-02-24 04:18:40] ⚠️ VPN not active. Initiating simulation/fallback.
[2026-02-24 04:18:40] ✅ Simulated VPN activation successful (flag created).
[2026-02-24 04:18:40] ---- Check complete: PASS (Simulated) ----

[2026-02-24 04:33:45] ---- Starting VPN Auto-Detect/Activate check ----
[2026-02-24 04:33:45] Simulating connection to SSID BART-WiFi
[2026-02-24 04:33:45] ⚠️ VPN not active. Initiating simulation/fallback.
[2026-02-24 04:33:45] ✅ Simulated VPN activation successful (flag created).
[2026-02-24 04:33:45] ---- Check complete: PASS (Simulated) ----

[2026-02-24 04:48:50] ---- Starting VPN Auto-Detect/Activate check ----
[2026-02-24 04:48:50] Simulating connection to SSID BART-WiFi
[2026-02-24 04:48:50] ⚠️ VPN not active. Initiating simulation/fallback.
[2026-02-24 04:48:50] ✅ Simulated VPN activation successful (flag created).
[2026-02-24 04:48:50] ---- Check complete: PASS (Simulated) ----

[2026-02-24 05:03:55] ---- Starting VPN Auto-Detect/Activate check ----
[2026-02-24 05:03:55] Simulating connection to SSID BART-WiFi
[2026-02-24 05:03:55] ⚠️ VPN not active. Initiating simulation/fallback.
[2026-02-24 05:03:55] ✅ Simulated VPN activation successful (flag created).
[2026-02-24 05:03:55] ---- Check complete: PASS (Simulated) ----

[2026-02-24 05:19:01] ---- Starting VPN Auto-Detect/Activate check ----
[2026-02-24 05:19:01] Simulating connection to SSID BART-WiFi
[2026-02-24 05:19:01] ⚠️ VPN not active. Initiating simulation/fallback.
[2026-02-24 05:19:01] ✅ Simulated VPN activation successful (flag created).
[2026-02-24 05:19:01] ---- Check complete: PASS (Simulated) ----

[2026-02-24 05:34:06] ---- Starting VPN Auto-Detect/Activate check ----
[2026-02-24 05:34:06] Simulating connection to SSID BART-WiFi
[2026-02-24 05:34:06] ⚠️ VPN not active. Initiating simulation/fallback.
[2026-02-24 05:34:06] ✅ Simulated VPN activation successful (flag created).
[2026-02-24 05:34:06] ---- Check complete: PASS (Simulated) ----

[2026-02-24 05:49:11] ---- Starting VPN Auto-Detect/Activate check ----
[2026-02-24 05:49:11] Simulating connection to SSID BART-WiFi
[2026-02-24 05:49:11] ⚠️ VPN not active. Initiating simulation/fallback.
[2026-02-24 05:49:11] ✅ Simulated VPN activation successful (flag created).
[2026-02-24 05:49:11] ---- Check complete: PASS (Simulated) ----

[2026-02-24 06:04:16] ---- Starting VPN Auto-Detect/Activate check ----
[2026-02-24 06:04:16] Simulating connection to SSID BART-WiFi
[2026-02-24 06:04:16] ⚠️ VPN not active. Initiating simulation/fallback.
[2026-02-24 06:04:16] ✅ Simulated VPN activation successful (flag created).
[2026-02-24 06:04:16] ---- Check complete: PASS (Simulated) ----

[2026-02-24 06:19:23] ---- Starting VPN Auto-Detect/Activate check ----
[2026-02-24 06:19:23] Simulating connection to SSID BART-WiFi
[2026-02-24 06:19:23] ⚠️ VPN not active. Initiating simulation/fallback.
[2026-02-24 06:19:23] ✅ Simulated VPN activation successful (flag created).
[2026-02-24 06:19:23] ---- Check complete: PASS (Simulated) ----

[2026-02-24 06:34:29] ---- Starting VPN Auto-Detect/Activate check ----
[2026-02-24 06:34:29] Simulating connection to SSID BART-WiFi
[2026-02-24 06:34:29] ⚠️ VPN not active. Initiating simulation/fallback.
[2026-02-24 06:34:29] ✅ Simulated VPN activation successful (flag created).
[2026-02-24 06:34:29] ---- Check complete: PASS (Simulated) ----

[2026-02-24 06:49:34] ---- Starting VPN Auto-Detect/Activate check ----
[2026-02-24 06:49:34] Simulating connection to SSID BART-WiFi
[2026-02-24 06:49:34] ⚠️ VPN not active. Initiating simulation/fallback.
[2026-02-24 06:49:34] ✅ Simulated VPN activation successful (flag created).
[2026-02-24 06:49:34] ---- Check complete: PASS (Simulated) ----

[2026-02-24 07:04:38] ---- Starting VPN Auto-Detect/Activate check ----
[2026-02-24 07:04:39] Simulating connection to SSID BART-WiFi
[2026-02-24 07:04:39] ⚠️ VPN not active. Initiating simulation/fallback.
[2026-02-24 07:04:39] ✅ Simulated VPN activation successful (flag created).
[2026-02-24 07:04:39] ---- Check complete: PASS (Simulated) ----

[2026-02-24 07:19:43] ---- Starting VPN Auto-Detect/Activate check ----
[2026-02-24 07:19:43] Simulating connection to SSID BART-WiFi
[2026-02-24 07:19:43] ⚠️ VPN not active. Initiating simulation/fallback.
[2026-02-24 07:19:43] ✅ Simulated VPN activation successful (flag created).
[2026-02-24 07:19:43] ---- Check complete: PASS (Simulated) ----

[2026-02-24 07:34:48] ---- Starting VPN Auto-Detect/Activate check ----
[2026-02-24 07:34:48] Simulating connection to SSID BART-WiFi
[2026-02-24 07:34:48] ⚠️ VPN not active. Initiating simulation/fallback.
[2026-02-24 07:34:48] ✅ Simulated VPN activation successful (flag created).
[2026-02-24 07:34:48] ---- Check complete: PASS (Simulated) ----

[2026-02-24 07:49:53] ---- Starting VPN Auto-Detect/Activate check ----
[2026-02-24 07:49:53] Simulating connection to SSID BART-WiFi
[2026-02-24 07:49:53] ⚠️ VPN not active. Initiating simulation/fallback.
[2026-02-24 07:49:53] ✅ Simulated VPN activation successful (flag created).
[2026-02-24 07:49:53] ---- Check complete: PASS (Simulated) ----

[2026-02-24 08:04:57] ---- Starting VPN Auto-Detect/Activate check ----
[2026-02-24 08:04:57] Simulating connection to SSID BART-WiFi
[2026-02-24 08:04:57] ⚠️ VPN not active. Initiating simulation/fallback.
[2026-02-24 08:04:57] ✅ Simulated VPN activation successful (flag created).
[2026-02-24 08:04:57] ---- Check complete: PASS (Simulated) ----

[2026-02-24 08:20:02] ---- Starting VPN Auto-Detect/Activate check ----
[2026-02-24 08:20:02] Simulating connection to SSID BART-WiFi
[2026-02-24 08:20:02] ⚠️ VPN not active. Initiating simulation/fallback.
[2026-02-24 08:20:02] ✅ Simulated VPN activation successful (flag created).
[2026-02-24 08:20:02] ---- Check complete: PASS (Simulated) ----

[2026-02-24 08:35:07] ---- Starting VPN Auto-Detect/Activate check ----
[2026-02-24 08:35:07] Simulating connection to SSID BART-WiFi
[2026-02-24 08:35:07] ⚠️ VPN not active. Initiating simulation/fallback.
[2026-02-24 08:35:07] ✅ Simulated VPN activation successful (flag created).
[2026-02-24 08:35:07] ---- Check complete: PASS (Simulated) ----

[2026-02-24 08:50:12] ---- Starting VPN Auto-Detect/Activate check ----
[2026-02-24 08:50:12] Simulating connection to SSID BART-WiFi
[2026-02-24 08:50:12] ⚠️ VPN not active. Initiating simulation/fallback.
[2026-02-24 08:50:12] ✅ Simulated VPN activation successful (flag created).
[2026-02-24 08:50:12] ---- Check complete: PASS (Simulated) ----

[2026-02-24 09:05:17] ---- Starting VPN Auto-Detect/Activate check ----
[2026-02-24 09:05:17] Simulating connection to SSID BART-WiFi
[2026-02-24 09:05:17] ⚠️ VPN not active. Initiating simulation/fallback.
[2026-02-24 09:05:17] ✅ Simulated VPN activation successful (flag created).
[2026-02-24 09:05:17] ---- Check complete: PASS (Simulated) ----

[2026-02-24 09:20:23] ---- Starting VPN Auto-Detect/Activate check ----
[2026-02-24 09:20:23] Simulating connection to SSID BART-WiFi
[2026-02-24 09:20:23] ⚠️ VPN not active. Initiating simulation/fallback.
[2026-02-24 09:20:23] ✅ Simulated VPN activation successful (flag created).
[2026-02-24 09:20:23] ---- Check complete: PASS (Simulated) ----

[2026-02-24 09:35:27] ---- Starting VPN Auto-Detect/Activate check ----
[2026-02-24 09:35:27] Simulating connection to SSID BART-WiFi
[2026-02-24 09:35:27] ⚠️ VPN not active. Initiating simulation/fallback.
[2026-02-24 09:35:27] ✅ Simulated VPN activation successful (flag created).
[2026-02-24 09:35:27] ---- Check complete: PASS (Simulated) ----

[2026-02-24 09:50:32] ---- Starting VPN Auto-Detect/Activate check ----
[2026-02-24 09:50:32] Simulating connection to SSID BART-WiFi
[2026-02-24 09:50:32] ⚠️ VPN not active. Initiating simulation/fallback.
[2026-02-24 09:50:32] ✅ Simulated VPN activation successful (flag created).
[2026-02-24 09:50:32] ---- Check complete: PASS (Simulated) ----

[2026-02-24 10:05:38] ---- Starting VPN Auto-Detect/Activate check ----
[2026-02-24 10:05:38] Simulating connection to SSID BART-WiFi
[2026-02-24 10:05:38] ⚠️ VPN not active. Initiating simulation/fallback.
[2026-02-24 10:05:38] ✅ Simulated VPN activation successful (flag created).
[2026-02-24 10:05:38] ---- Check complete: PASS (Simulated) ----

[2026-02-24 10:20:44] ---- Starting VPN Auto-Detect/Activate check ----
[2026-02-24 10:20:44] Simulating connection to SSID BART-WiFi
[2026-02-24 10:20:44] ⚠️ VPN not active. Initiating simulation/fallback.
[2026-02-24 10:20:44] ✅ Simulated VPN activation successful (flag created).
[2026-02-24 10:20:44] ---- Check complete: PASS (Simulated) ----

[2026-02-24 10:35:49] ---- Starting VPN Auto-Detect/Activate check ----
[2026-02-24 10:35:49] Simulating connection to SSID BART-WiFi
[2026-02-24 10:35:49] ⚠️ VPN not active. Initiating simulation/fallback.
[2026-02-24 10:35:49] ✅ Simulated VPN activation successful (flag created).
[2026-02-24 10:35:49] ---- Check complete: PASS (Simulated) ----

[2026-02-24 10:50:54] ---- Starting VPN Auto-Detect/Activate check ----
[2026-02-24 10:50:54] Simulating connection to SSID BART-WiFi
[2026-02-24 10:50:54] ⚠️ VPN not active. Initiating simulation/fallback.
[2026-02-24 10:50:54] ✅ Simulated VPN activation successful (flag created).
[2026-02-24 10:50:54] ---- Check complete: PASS (Simulated) ----

[2026-02-24 11:05:59] ---- Starting VPN Auto-Detect/Activate check ----
[2026-02-24 11:05:59] Simulating connection to SSID BART-WiFi
[2026-02-24 11:05:59] ⚠️ VPN not active. Initiating simulation/fallback.
[2026-02-24 11:05:59] ✅ Simulated VPN activation successful (flag created).
[2026-02-24 11:05:59] ---- Check complete: PASS (Simulated) ----

[2026-02-24 11:21:04] ---- Starting VPN Auto-Detect/Activate check ----
[2026-02-24 11:21:04] Simulating connection to SSID BART-WiFi
[2026-02-24 11:21:04] ⚠️ VPN not active. Initiating simulation/fallback.
[2026-02-24 11:21:04] ✅ Simulated VPN activation successful (flag created).
[2026-02-24 11:21:04] ---- Check complete: PASS (Simulated) ----

[2026-02-24 11:36:09] ---- Starting VPN Auto-Detect/Activate check ----
[2026-02-24 11:36:09] Simulating connection to SSID BART-WiFi
[2026-02-24 11:36:09] ⚠️ VPN not active. Initiating simulation/fallback.
[2026-02-24 11:36:09] ✅ Simulated VPN activation successful (flag created).
[2026-02-24 11:36:09] ---- Check complete: PASS (Simulated) ----

[2026-02-24 11:51:14] ---- Starting VPN Auto-Detect/Activate check ----
[2026-02-24 11:51:14] Simulating connection to SSID BART-WiFi
[2026-02-24 11:51:14] ⚠️ VPN not active. Initiating simulation/fallback.
[2026-02-24 11:51:14] ✅ Simulated VPN activation successful (flag created).
[2026-02-24 11:51:14] ---- Check complete: PASS (Simulated) ----

[2026-02-24 12:06:19] ---- Starting VPN Auto-Detect/Activate check ----
[2026-02-24 12:06:19] Simulating connection to SSID BART-WiFi
[2026-02-24 12:06:19] ⚠️ VPN not active. Initiating simulation/fallback.
[2026-02-24 12:06:19] ✅ Simulated VPN activation successful (flag created).
[2026-02-24 12:06:19] ---- Check complete: PASS (Simulated) ----

[2026-02-24 12:21:24] ---- Starting VPN Auto-Detect/Activate check ----
[2026-02-24 12:21:24] Simulating connection to SSID BART-WiFi
[2026-02-24 12:21:24] ⚠️ VPN not active. Initiating simulation/fallback.
[2026-02-24 12:21:24] ✅ Simulated VPN activation successful (flag created).
[2026-02-24 12:21:24] ---- Check complete: PASS (Simulated) ----

[2026-02-24 12:36:29] ---- Starting VPN Auto-Detect/Activate check ----
[2026-02-24 12:36:29] Simulating connection to SSID BART-WiFi
[2026-02-24 12:36:29] ⚠️ VPN not active. Initiating simulation/fallback.
[2026-02-24 12:36:29] ✅ Simulated VPN activation successful (flag created).
[2026-02-24 12:36:29] ---- Check complete: PASS (Simulated) ----

[2026-02-24 12:51:34] ---- Starting VPN Auto-Detect/Activate check ----
[2026-02-24 12:51:34] Simulating connection to SSID BART-WiFi
[2026-02-24 12:51:34] ⚠️ VPN not active. Initiating simulation/fallback.
[2026-02-24 12:51:34] ✅ Simulated VPN activation successful (flag created).
[2026-02-24 12:51:34] ---- Check complete: PASS (Simulated) ----

[2026-02-24 13:06:38] ---- Starting VPN Auto-Detect/Activate check ----
[2026-02-24 13:06:38] Simulating connection to SSID BART-WiFi
[2026-02-24 13:06:38] ⚠️ VPN not active. Initiating simulation/fallback.
[2026-02-24 13:06:38] ✅ Simulated VPN activation successful (flag created).
[2026-02-24 13:06:38] ---- Check complete: PASS (Simulated) ----

[2026-02-24 13:21:43] ---- Starting VPN Auto-Detect/Activate check ----
[2026-02-24 13:21:43] Simulating connection to SSID BART-WiFi
[2026-02-24 13:21:43] ⚠️ VPN not active. Initiating simulation/fallback.
[2026-02-24 13:21:43] ✅ Simulated VPN activation successful (flag created).
[2026-02-24 13:21:43] ---- Check complete: PASS (Simulated) ----

[2026-02-24 13:36:49] ---- Starting VPN Auto-Detect/Activate check ----
[2026-02-24 13:36:49] Simulating connection to SSID BART-WiFi
[2026-02-24 13:36:49] ⚠️ VPN not active. Initiating simulation/fallback.
[2026-02-24 13:36:49] ✅ Simulated VPN activation successful (flag created).
[2026-02-24 13:36:49] ---- Check complete: PASS (Simulated) ----

[2026-02-24 13:51:54] ---- Starting VPN Auto-Detect/Activate check ----
[2026-02-24 13:51:54] Simulating connection to SSID BART-WiFi
[2026-02-24 13:51:54] ⚠️ VPN not active. Initiating simulation/fallback.
[2026-02-24 13:51:54] ✅ Simulated VPN activation successful (flag created).
[2026-02-24 13:51:54] ---- Check complete: PASS (Simulated) ----

[2026-02-24 14:06:58] ---- Starting VPN Auto-Detect/Activate check ----
[2026-02-24 14:06:58] Simulating connection to SSID BART-WiFi
[2026-02-24 14:06:58] ⚠️ VPN not active. Initiating simulation/fallback.
[2026-02-24 14:06:58] ✅ Simulated VPN activation successful (flag created).
[2026-02-24 14:06:58] ---- Check complete: PASS (Simulated) ----

[2026-02-24 14:22:05] ---- Starting VPN Auto-Detect/Activate check ----
[2026-02-24 14:22:05] Simulating connection to SSID BART-WiFi
[2026-02-24 14:22:05] ⚠️ VPN not active. Initiating simulation/fallback.
[2026-02-24 14:22:05] ✅ Simulated VPN activation successful (flag created).
[2026-02-24 14:22:05] ---- Check complete: PASS (Simulated) ----

[2026-02-24 14:37:11] ---- Starting VPN Auto-Detect/Activate check ----
[2026-02-24 14:37:11] Simulating connection to SSID BART-WiFi
[2026-02-24 14:37:11] ⚠️ VPN not active. Initiating simulation/fallback.
[2026-02-24 14:37:11] ✅ Simulated VPN activation successful (flag created).
[2026-02-24 14:37:11] ---- Check complete: PASS (Simulated) ----

[2026-02-24 14:52:16] ---- Starting VPN Auto-Detect/Activate check ----
[2026-02-24 14:52:16] Simulating connection to SSID BART-WiFi
[2026-02-24 14:52:16] ⚠️ VPN not active. Initiating simulation/fallback.
[2026-02-24 14:52:16] ✅ Simulated VPN activation successful (flag created).
[2026-02-24 14:52:16] ---- Check complete: PASS (Simulated) ----

[2026-02-24 15:07:21] ---- Starting VPN Auto-Detect/Activate check ----
[2026-02-24 15:07:21] Simulating connection to SSID BART-WiFi
[2026-02-24 15:07:21] ⚠️ VPN not active. Initiating simulation/fallback.
[2026-02-24 15:07:21] ✅ Simulated VPN activation successful (flag created).
[2026-02-24 15:07:21] ---- Check complete: PASS (Simulated) ----

[2026-02-24 15:22:26] ---- Starting VPN Auto-Detect/Activate check ----
[2026-02-24 15:22:26] Simulating connection to SSID BART-WiFi
[2026-02-24 15:22:26] ⚠️ VPN not active. Initiating simulation/fallback.
[2026-02-24 15:22:26] ✅ Simulated VPN activation successful (flag created).
[2026-02-24 15:22:26] ---- Check complete: PASS (Simulated) ----

[2026-02-24 15:37:31] ---- Starting VPN Auto-Detect/Activate check ----
[2026-02-24 15:37:31] Simulating connection to SSID BART-WiFi
[2026-02-24 15:37:31] ⚠️ VPN not active. Initiating simulation/fallback.
[2026-02-24 15:37:31] ✅ Simulated VPN activation successful (flag created).
[2026-02-24 15:37:31] ---- Check complete: PASS (Simulated) ----

[2026-02-24 15:52:37] ---- Starting VPN Auto-Detect/Activate check ----
[2026-02-24 15:52:37] Simulating connection to SSID BART-WiFi
[2026-02-24 15:52:37] ⚠️ VPN not active. Initiating simulation/fallback.
[2026-02-24 15:52:37] ✅ Simulated VPN activation successful (flag created).
[2026-02-24 15:52:37] ---- Check complete: PASS (Simulated) ----

[2026-02-24 16:07:44] ---- Starting VPN Auto-Detect/Activate check ----
[2026-02-24 16:07:44] Simulating connection to SSID BART-WiFi
[2026-02-24 16:07:44] ⚠️ VPN not active. Initiating simulation/fallback.
[2026-02-24 16:07:44] ✅ Simulated VPN activation successful (flag created).
[2026-02-24 16:07:44] ---- Check complete: PASS (Simulated) ----

[2026-02-24 16:22:50] ---- Starting VPN Auto-Detect/Activate check ----
[2026-02-24 16:22:50] Simulating connection to SSID BART-WiFi
[2026-02-24 16:22:50] ⚠️ VPN not active. Initiating simulation/fallback.
[2026-02-24 16:22:50] ✅ Simulated VPN activation successful (flag created).
[2026-02-24 16:22:50] ---- Check complete: PASS (Simulated) ----

[2026-02-24 16:37:55] ---- Starting VPN Auto-Detect/Activate check ----
[2026-02-24 16:37:55] Simulating connection to SSID BART-WiFi
[2026-02-24 16:37:55] ⚠️ VPN not active. Initiating simulation/fallback.
[2026-02-24 16:37:55] ✅ Simulated VPN activation successful (flag created).
[2026-02-24 16:37:55] ---- Check complete: PASS (Simulated) ----

[2026-02-24 16:52:59] ---- Starting VPN Auto-Detect/Activate check ----
[2026-02-24 16:52:59] Simulating connection to SSID BART-WiFi
[2026-02-24 16:52:59] ⚠️ VPN not active. Initiating simulation/fallback.
[2026-02-24 16:52:59] ✅ Simulated VPN activation successful (flag created).
[2026-02-24 16:53:00] ---- Check complete: PASS (Simulated) ----

[2026-02-24 17:08:05] ---- Starting VPN Auto-Detect/Activate check ----
[2026-02-24 17:08:05] Simulating connection to SSID BART-WiFi
[2026-02-24 17:08:05] ⚠️ VPN not active. Initiating simulation/fallback.
[2026-02-24 17:08:05] ✅ Simulated VPN activation successful (flag created).
[2026-02-24 17:08:05] ---- Check complete: PASS (Simulated) ----

[2026-02-24 17:23:10] ---- Starting VPN Auto-Detect/Activate check ----
[2026-02-24 17:23:10] Simulating connection to SSID BART-WiFi
[2026-02-24 17:23:10] ⚠️ VPN not active. Initiating simulation/fallback.
[2026-02-24 17:23:10] ✅ Simulated VPN activation successful (flag created).
[2026-02-24 17:23:10] ---- Check complete: PASS (Simulated) ----

[2026-02-24 17:38:14] ---- Starting VPN Auto-Detect/Activate check ----
[2026-02-24 17:38:14] Simulating connection to SSID BART-WiFi
[2026-02-24 17:38:14] ⚠️ VPN not active. Initiating simulation/fallback.
[2026-02-24 17:38:14] ✅ Simulated VPN activation successful (flag created).
[2026-02-24 17:38:14] ---- Check complete: PASS (Simulated) ----

[2026-02-24 17:53:21] ---- Starting VPN Auto-Detect/Activate check ----
[2026-02-24 17:53:21] Simulating connection to SSID BART-WiFi
[2026-02-24 17:53:21] ⚠️ VPN not active. Initiating simulation/fallback.
[2026-02-24 17:53:21] ✅ Simulated VPN activation successful (flag created).
[2026-02-24 17:53:21] ---- Check complete: PASS (Simulated) ----

[2026-02-24 18:08:27] ---- Starting VPN Auto-Detect/Activate check ----
[2026-02-24 18:08:27] Simulating connection to SSID BART-WiFi
[2026-02-24 18:08:27] ⚠️ VPN not active. Initiating simulation/fallback.
[2026-02-24 18:08:27] ✅ Simulated VPN activation successful (flag created).
[2026-02-24 18:08:27] ---- Check complete: PASS (Simulated) ----

[2026-02-24 18:23:33] ---- Starting VPN Auto-Detect/Activate check ----
[2026-02-24 18:23:33] Simulating connection to SSID BART-WiFi
[2026-02-24 18:23:33] ⚠️ VPN not active. Initiating simulation/fallback.
[2026-02-24 18:23:33] ✅ Simulated VPN activation successful (flag created).
[2026-02-24 18:23:33] ---- Check complete: PASS (Simulated) ----

[2026-02-24 18:38:40] ---- Starting VPN Auto-Detect/Activate check ----
[2026-02-24 18:38:40] Simulating connection to SSID BART-WiFi
[2026-02-24 18:38:40] ⚠️ VPN not active. Initiating simulation/fallback.
[2026-02-24 18:38:40] ✅ Simulated VPN activation successful (flag created).
[2026-02-24 18:38:40] ---- Check complete: PASS (Simulated) ----

[2026-02-24 18:53:48] ---- Starting VPN Auto-Detect/Activate check ----
[2026-02-24 18:53:48] Simulating connection to SSID BART-WiFi
[2026-02-24 18:53:48] ⚠️ VPN not active. Initiating simulation/fallback.
[2026-02-24 18:53:48] ✅ Simulated VPN activation successful (flag created).
[2026-02-24 18:53:48] ---- Check complete: PASS (Simulated) ----

[2026-02-24 19:08:54] ---- Starting VPN Auto-Detect/Activate check ----
[2026-02-24 19:08:54] Simulating connection to SSID BART-WiFi
[2026-02-24 19:08:54] ⚠️ VPN not active. Initiating simulation/fallback.
[2026-02-24 19:08:54] ✅ Simulated VPN activation successful (flag created).
[2026-02-24 19:08:54] ---- Check complete: PASS (Simulated) ----

[2026-02-24 19:24:00] ---- Starting VPN Auto-Detect/Activate check ----
[2026-02-24 19:24:00] Simulating connection to SSID BART-WiFi
[2026-02-24 19:24:00] ⚠️ VPN not active. Initiating simulation/fallback.
[2026-02-24 19:24:00] ✅ Simulated VPN activation successful (flag created).
[2026-02-24 19:24:00] ---- Check complete: PASS (Simulated) ----

[2026-02-24 19:39:11] ---- Starting VPN Auto-Detect/Activate check ----
[2026-02-24 19:39:11] Simulating connection to SSID BART-WiFi
[2026-02-24 19:39:11] ⚠️ VPN not active. Initiating simulation/fallback.
[2026-02-24 19:39:11] ✅ Simulated VPN activation successful (flag created).
[2026-02-24 19:39:11] ---- Check complete: PASS (Simulated) ----

[2026-02-24 19:54:17] ---- Starting VPN Auto-Detect/Activate check ----
[2026-02-24 19:54:17] Simulating connection to SSID BART-WiFi
[2026-02-24 19:54:17] ⚠️ VPN not active. Initiating simulation/fallback.
[2026-02-24 19:54:17] ✅ Simulated VPN activation successful (flag created).
[2026-02-24 19:54:17] ---- Check complete: PASS (Simulated) ----

[2026-02-24 20:09:24] ---- Starting VPN Auto-Detect/Activate check ----
[2026-02-24 20:09:24] Simulating connection to SSID BART-WiFi
[2026-02-24 20:09:24] ⚠️ VPN not active. Initiating simulation/fallback.
[2026-02-24 20:09:24] ✅ Simulated VPN activation successful (flag created).
[2026-02-24 20:09:24] ---- Check complete: PASS (Simulated) ----

[2026-02-24 20:24:29] ---- Starting VPN Auto-Detect/Activate check ----
[2026-02-24 20:24:29] Simulating connection to SSID BART-WiFi
[2026-02-24 20:24:29] ⚠️ VPN not active. Initiating simulation/fallback.
[2026-02-24 20:24:29] ✅ Simulated VPN activation successful (flag created).
[2026-02-24 20:24:29] ---- Check complete: PASS (Simulated) ----

[2026-02-24 20:39:35] ---- Starting VPN Auto-Detect/Activate check ----
[2026-02-24 20:39:35] Simulating connection to SSID BART-WiFi
[2026-02-24 20:39:35] ⚠️ VPN not active. Initiating simulation/fallback.
[2026-02-24 20:39:35] ✅ Simulated VPN activation successful (flag created).
[2026-02-24 20:39:35] ---- Check complete: PASS (Simulated) ----

[2026-02-24 20:54:40] ---- Starting VPN Auto-Detect/Activate check ----
[2026-02-24 20:54:40] Simulating connection to SSID BART-WiFi
[2026-02-24 20:54:40] ⚠️ VPN not active. Initiating simulation/fallback.
[2026-02-24 20:54:40] ✅ Simulated VPN activation successful (flag created).
[2026-02-24 20:54:40] ---- Check complete: PASS (Simulated) ----

[2026-02-24 21:09:47] ---- Starting VPN Auto-Detect/Activate check ----
[2026-02-24 21:09:47] Simulating connection to SSID BART-WiFi
[2026-02-24 21:09:47] ⚠️ VPN not active. Initiating simulation/fallback.
[2026-02-24 21:09:47] ✅ Simulated VPN activation successful (flag created).
[2026-02-24 21:09:47] ---- Check complete: PASS (Simulated) ----

[2026-02-24 21:24:53] ---- Starting VPN Auto-Detect/Activate check ----
[2026-02-24 21:24:53] Simulating connection to SSID BART-WiFi
[2026-02-24 21:24:53] ⚠️ VPN not active. Initiating simulation/fallback.
[2026-02-24 21:24:53] ✅ Simulated VPN activation successful (flag created).
[2026-02-24 21:24:53] ---- Check complete: PASS (Simulated) ----

[2026-02-24 21:39:59] ---- Starting VPN Auto-Detect/Activate check ----
[2026-02-24 21:39:59] Simulating connection to SSID BART-WiFi
[2026-02-24 21:39:59] ⚠️ VPN not active. Initiating simulation/fallback.
[2026-02-24 21:39:59] ✅ Simulated VPN activation successful (flag created).
[2026-02-24 21:39:59] ---- Check complete: PASS (Simulated) ----

[2026-02-24 21:55:06] ---- Starting VPN Auto-Detect/Activate check ----
[2026-02-24 21:55:06] Simulating connection to SSID BART-WiFi
[2026-02-24 21:55:06] ⚠️ VPN not active. Initiating simulation/fallback.
[2026-02-24 21:55:06] ✅ Simulated VPN activation successful (flag created).
[2026-02-24 21:55:06] ---- Check complete: PASS (Simulated) ----

[2026-02-24 22:10:12] ---- Starting VPN Auto-Detect/Activate check ----
[2026-02-24 22:10:12] Simulating connection to SSID BART-WiFi
[2026-02-24 22:10:12] ⚠️ VPN not active. Initiating simulation/fallback.
[2026-02-24 22:10:12] ✅ Simulated VPN activation successful (flag created).
[2026-02-24 22:10:12] ---- Check complete: PASS (Simulated) ----

[2026-02-24 22:25:19] ---- Starting VPN Auto-Detect/Activate check ----
[2026-02-24 22:25:19] Simulating connection to SSID BART-WiFi
[2026-02-24 22:25:19] ⚠️ VPN not active. Initiating simulation/fallback.
[2026-02-24 22:25:19] ✅ Simulated VPN activation successful (flag created).
[2026-02-24 22:25:19] ---- Check complete: PASS (Simulated) ----

[2026-02-24 22:40:25] ---- Starting VPN Auto-Detect/Activate check ----
[2026-02-24 22:40:25] Simulating connection to SSID BART-WiFi
[2026-02-24 22:40:25] ⚠️ VPN not active. Initiating simulation/fallback.
[2026-02-24 22:40:25] ✅ Simulated VPN activation successful (flag created).
[2026-02-24 22:40:25] ---- Check complete: PASS (Simulated) ----

[2026-02-24 22:55:30] ---- Starting VPN Auto-Detect/Activate check ----
[2026-02-24 22:55:30] Simulating connection to SSID BART-WiFi
[2026-02-24 22:55:30] ⚠️ VPN not active. Initiating simulation/fallback.
[2026-02-24 22:55:30] ✅ Simulated VPN activation successful (flag created).
[2026-02-24 22:55:30] ---- Check complete: PASS (Simulated) ----

[2026-02-24 23:10:36] ---- Starting VPN Auto-Detect/Activate check ----
[2026-02-24 23:10:36] Simulating connection to SSID BART-WiFi
[2026-02-24 23:10:36] ⚠️ VPN not active. Initiating simulation/fallback.
[2026-02-24 23:10:36] ✅ Simulated VPN activation successful (flag created).
[2026-02-24 23:10:36] ---- Check complete: PASS (Simulated) ----

[2026-02-24 23:25:41] ---- Starting VPN Auto-Detect/Activate check ----
[2026-02-24 23:25:41] Simulating connection to SSID BART-WiFi
[2026-02-24 23:25:41] ⚠️ VPN not active. Initiating simulation/fallback.
[2026-02-24 23:25:41] ✅ Simulated VPN activation successful (flag created).
[2026-02-24 23:25:41] ---- Check complete: PASS (Simulated) ----

[2026-02-24 23:40:47] ---- Starting VPN Auto-Detect/Activate check ----
[2026-02-24 23:40:47] Simulating connection to SSID BART-WiFi
[2026-02-24 23:40:47] ⚠️ VPN not active. Initiating simulation/fallback.
[2026-02-24 23:40:47] ✅ Simulated VPN activation successful (flag created).
[2026-02-24 23:40:47] ---- Check complete: PASS (Simulated) ----

[2026-02-24 23:55:52] ---- Starting VPN Auto-Detect/Activate check ----
[2026-02-24 23:55:52] Simulating connection to SSID BART-WiFi
[2026-02-24 23:55:52] ⚠️ VPN not active. Initiating simulation/fallback.
[2026-02-24 23:55:52] ✅ Simulated VPN activation successful (flag created).
[2026-02-24 23:55:52] ---- Check complete: PASS (Simulated) ----

[2026-02-25 00:10:59] ---- Starting VPN Auto-Detect/Activate check ----
[2026-02-25 00:10:59] Simulating connection to SSID BART-WiFi
[2026-02-25 00:10:59] ⚠️ VPN not active. Initiating simulation/fallback.
[2026-02-25 00:10:59] ✅ Simulated VPN activation successful (flag created).
[2026-02-25 00:10:59] ---- Check complete: PASS (Simulated) ----

[2026-02-25 00:26:05] ---- Starting VPN Auto-Detect/Activate check ----
[2026-02-25 00:26:05] Simulating connection to SSID BART-WiFi
[2026-02-25 00:26:05] ⚠️ VPN not active. Initiating simulation/fallback.
[2026-02-25 00:26:05] ✅ Simulated VPN activation successful (flag created).
[2026-02-25 00:26:05] ---- Check complete: PASS (Simulated) ----

[2026-02-25 00:41:11] ---- Starting VPN Auto-Detect/Activate check ----
[2026-02-25 00:41:11] Simulating connection to SSID BART-WiFi
[2026-02-25 00:41:11] ⚠️ VPN not active. Initiating simulation/fallback.
[2026-02-25 00:41:11] ✅ Simulated VPN activation successful (flag created).
[2026-02-25 00:41:11] ---- Check complete: PASS (Simulated) ----

[2026-02-25 00:56:17] ---- Starting VPN Auto-Detect/Activate check ----
[2026-02-25 00:56:17] Simulating connection to SSID BART-WiFi
[2026-02-25 00:56:17] ⚠️ VPN not active. Initiating simulation/fallback.
[2026-02-25 00:56:17] ✅ Simulated VPN activation successful (flag created).
[2026-02-25 00:56:17] ---- Check complete: PASS (Simulated) ----

[2026-02-25 01:11:22] ---- Starting VPN Auto-Detect/Activate check ----
[2026-02-25 01:11:22] Simulating connection to SSID BART-WiFi
[2026-02-25 01:11:22] ⚠️ VPN not active. Initiating simulation/fallback.
[2026-02-25 01:11:22] ✅ Simulated VPN activation successful (flag created).
[2026-02-25 01:11:22] ---- Check complete: PASS (Simulated) ----

[2026-02-25 01:26:29] ---- Starting VPN Auto-Detect/Activate check ----
[2026-02-25 01:26:29] Simulating connection to SSID BART-WiFi
[2026-02-25 01:26:29] ⚠️ VPN not active. Initiating simulation/fallback.
[2026-02-25 01:26:29] ✅ Simulated VPN activation successful (flag created).
[2026-02-25 01:26:29] ---- Check complete: PASS (Simulated) ----

[2026-02-25 01:41:35] ---- Starting VPN Auto-Detect/Activate check ----
[2026-02-25 01:41:35] Simulating connection to SSID BART-WiFi
[2026-02-25 01:41:35] ⚠️ VPN not active. Initiating simulation/fallback.
[2026-02-25 01:41:35] ✅ Simulated VPN activation successful (flag created).
[2026-02-25 01:41:35] ---- Check complete: PASS (Simulated) ----

[2026-02-25 01:56:41] ---- Starting VPN Auto-Detect/Activate check ----
[2026-02-25 01:56:41] Simulating connection to SSID BART-WiFi
[2026-02-25 01:56:41] ⚠️ VPN not active. Initiating simulation/fallback.
[2026-02-25 01:56:41] ✅ Simulated VPN activation successful (flag created).
[2026-02-25 01:56:41] ---- Check complete: PASS (Simulated) ----

[2026-02-25 02:11:47] ---- Starting VPN Auto-Detect/Activate check ----
[2026-02-25 02:11:47] Simulating connection to SSID BART-WiFi
[2026-02-25 02:11:47] ⚠️ VPN not active. Initiating simulation/fallback.
[2026-02-25 02:11:47] ✅ Simulated VPN activation successful (flag created).
[2026-02-25 02:11:47] ---- Check complete: PASS (Simulated) ----

[2026-02-25 02:26:53] ---- Starting VPN Auto-Detect/Activate check ----
[2026-02-25 02:26:53] Simulating connection to SSID BART-WiFi
[2026-02-25 02:26:53] ⚠️ VPN not active. Initiating simulation/fallback.
[2026-02-25 02:26:53] ✅ Simulated VPN activation successful (flag created).
[2026-02-25 02:26:53] ---- Check complete: PASS (Simulated) ----

[2026-02-25 02:42:00] ---- Starting VPN Auto-Detect/Activate check ----
[2026-02-25 02:42:00] Simulating connection to SSID BART-WiFi
[2026-02-25 02:42:00] ⚠️ VPN not active. Initiating simulation/fallback.
[2026-02-25 02:42:00] ✅ Simulated VPN activation successful (flag created).
[2026-02-25 02:42:00] ---- Check complete: PASS (Simulated) ----

[2026-02-25 02:57:09] ---- Starting VPN Auto-Detect/Activate check ----
[2026-02-25 02:57:09] Simulating connection to SSID BART-WiFi
[2026-02-25 02:57:09] ⚠️ VPN not active. Initiating simulation/fallback.
[2026-02-25 02:57:09] ✅ Simulated VPN activation successful (flag created).
[2026-02-25 02:57:09] ---- Check complete: PASS (Simulated) ----

[2026-02-25 03:12:14] ---- Starting VPN Auto-Detect/Activate check ----
[2026-02-25 03:12:14] Simulating connection to SSID BART-WiFi
[2026-02-25 03:12:14] ⚠️ VPN not active. Initiating simulation/fallback.
[2026-02-25 03:12:14] ✅ Simulated VPN activation successful (flag created).
[2026-02-25 03:12:14] ---- Check complete: PASS (Simulated) ----

[2026-02-25 03:27:20] ---- Starting VPN Auto-Detect/Activate check ----
[2026-02-25 03:27:20] Simulating connection to SSID BART-WiFi
[2026-02-25 03:27:20] ⚠️ VPN not active. Initiating simulation/fallback.
[2026-02-25 03:27:20] ✅ Simulated VPN activation successful (flag created).
[2026-02-25 03:27:20] ---- Check complete: PASS (Simulated) ----

[2026-02-25 03:42:26] ---- Starting VPN Auto-Detect/Activate check ----
[2026-02-25 03:42:26] Simulating connection to SSID BART-WiFi
[2026-02-25 03:42:26] ⚠️ VPN not active. Initiating simulation/fallback.
[2026-02-25 03:42:26] ✅ Simulated VPN activation successful (flag created).
[2026-02-25 03:42:26] ---- Check complete: PASS (Simulated) ----

[2026-02-25 03:57:32] ---- Starting VPN Auto-Detect/Activate check ----
[2026-02-25 03:57:32] Simulating connection to SSID BART-WiFi
[2026-02-25 03:57:32] ⚠️ VPN not active. Initiating simulation/fallback.
[2026-02-25 03:57:32] ✅ Simulated VPN activation successful (flag created).
[2026-02-25 03:57:32] ---- Check complete: PASS (Simulated) ----

[2026-02-25 04:12:40] ---- Starting VPN Auto-Detect/Activate check ----
[2026-02-25 04:12:40] Simulating connection to SSID BART-WiFi
[2026-02-25 04:12:40] ⚠️ VPN not active. Initiating simulation/fallback.
[2026-02-25 04:12:40] ✅ Simulated VPN activation successful (flag created).
[2026-02-25 04:12:40] ---- Check complete: PASS (Simulated) ----

[2026-02-25 04:27:45] ---- Starting VPN Auto-Detect/Activate check ----
[2026-02-25 04:27:45] Simulating connection to SSID BART-WiFi
[2026-02-25 04:27:45] ⚠️ VPN not active. Initiating simulation/fallback.
[2026-02-25 04:27:45] ✅ Simulated VPN activation successful (flag created).
[2026-02-25 04:27:45] ---- Check complete: PASS (Simulated) ----

[2026-02-25 04:42:52] ---- Starting VPN Auto-Detect/Activate check ----
[2026-02-25 04:42:52] Simulating connection to SSID BART-WiFi
[2026-02-25 04:42:52] ⚠️ VPN not active. Initiating simulation/fallback.
[2026-02-25 04:42:52] ✅ Simulated VPN activation successful (flag created).
[2026-02-25 04:42:52] ---- Check complete: PASS (Simulated) ----

[2026-02-25 04:57:59] ---- Starting VPN Auto-Detect/Activate check ----
[2026-02-25 04:57:59] Simulating connection to SSID BART-WiFi
[2026-02-25 04:57:59] ⚠️ VPN not active. Initiating simulation/fallback.
[2026-02-25 04:57:59] ✅ Simulated VPN activation successful (flag created).
[2026-02-25 04:57:59] ---- Check complete: PASS (Simulated) ----

[2026-02-25 05:13:05] ---- Starting VPN Auto-Detect/Activate check ----
[2026-02-25 05:13:05] Simulating connection to SSID BART-WiFi
[2026-02-25 05:13:05] ⚠️ VPN not active. Initiating simulation/fallback.
[2026-02-25 05:13:05] ✅ Simulated VPN activation successful (flag created).
[2026-02-25 05:13:05] ---- Check complete: PASS (Simulated) ----

[2026-02-25 05:28:12] ---- Starting VPN Auto-Detect/Activate check ----
[2026-02-25 05:28:12] Simulating connection to SSID BART-WiFi
[2026-02-25 05:28:12] ⚠️ VPN not active. Initiating simulation/fallback.
[2026-02-25 05:28:12] ✅ Simulated VPN activation successful (flag created).
[2026-02-25 05:28:12] ---- Check complete: PASS (Simulated) ----

[2026-02-25 05:43:19] ---- Starting VPN Auto-Detect/Activate check ----
[2026-02-25 05:43:19] Simulating connection to SSID BART-WiFi
[2026-02-25 05:43:19] ⚠️ VPN not active. Initiating simulation/fallback.
[2026-02-25 05:43:19] ✅ Simulated VPN activation successful (flag created).
[2026-02-25 05:43:19] ---- Check complete: PASS (Simulated) ----

[2026-02-25 05:58:25] ---- Starting VPN Auto-Detect/Activate check ----
[2026-02-25 05:58:25] Simulating connection to SSID BART-WiFi
[2026-02-25 05:58:25] ⚠️ VPN not active. Initiating simulation/fallback.
[2026-02-25 05:58:25] ✅ Simulated VPN activation successful (flag created).
[2026-02-25 05:58:25] ---- Check complete: PASS (Simulated) ----

[2026-02-25 06:13:31] ---- Starting VPN Auto-Detect/Activate check ----
[2026-02-25 06:13:31] Simulating connection to SSID BART-WiFi
[2026-02-25 06:13:31] ⚠️ VPN not active. Initiating simulation/fallback.
[2026-02-25 06:13:31] ✅ Simulated VPN activation successful (flag created).
[2026-02-25 06:13:31] ---- Check complete: PASS (Simulated) ----

[2026-02-25 06:28:41] ---- Starting VPN Auto-Detect/Activate check ----
[2026-02-25 06:28:41] Simulating connection to SSID BART-WiFi
[2026-02-25 06:28:41] ⚠️ VPN not active. Initiating simulation/fallback.
[2026-02-25 06:28:41] ✅ Simulated VPN activation successful (flag created).
[2026-02-25 06:28:41] ---- Check complete: PASS (Simulated) ----

[2026-02-25 06:43:47] ---- Starting VPN Auto-Detect/Activate check ----
[2026-02-25 06:43:47] Simulating connection to SSID BART-WiFi
[2026-02-25 06:43:47] ⚠️ VPN not active. Initiating simulation/fallback.
[2026-02-25 06:43:47] ✅ Simulated VPN activation successful (flag created).
[2026-02-25 06:43:47] ---- Check complete: PASS (Simulated) ----

[2026-02-25 06:58:53] ---- Starting VPN Auto-Detect/Activate check ----
[2026-02-25 06:58:53] Simulating connection to SSID BART-WiFi
[2026-02-25 06:58:53] ⚠️ VPN not active. Initiating simulation/fallback.
[2026-02-25 06:58:53] ✅ Simulated VPN activation successful (flag created).
[2026-02-25 06:58:53] ---- Check complete: PASS (Simulated) ----

[2026-02-25 07:13:59] ---- Starting VPN Auto-Detect/Activate check ----
[2026-02-25 07:13:59] Simulating connection to SSID BART-WiFi
[2026-02-25 07:13:59] ⚠️ VPN not active. Initiating simulation/fallback.
[2026-02-25 07:13:59] ✅ Simulated VPN activation successful (flag created).
[2026-02-25 07:13:59] ---- Check complete: PASS (Simulated) ----

[2026-02-25 07:29:05] ---- Starting VPN Auto-Detect/Activate check ----
[2026-02-25 07:29:05] Simulating connection to SSID BART-WiFi
[2026-02-25 07:29:05] ⚠️ VPN not active. Initiating simulation/fallback.
[2026-02-25 07:29:05] ✅ Simulated VPN activation successful (flag created).
[2026-02-25 07:29:05] ---- Check complete: PASS (Simulated) ----

[2026-02-25 07:44:10] ---- Starting VPN Auto-Detect/Activate check ----
[2026-02-25 07:44:10] Simulating connection to SSID BART-WiFi
[2026-02-25 07:44:10] ⚠️ VPN not active. Initiating simulation/fallback.
[2026-02-25 07:44:10] ✅ Simulated VPN activation successful (flag created).
[2026-02-25 07:44:10] ---- Check complete: PASS (Simulated) ----

[2026-02-25 07:59:16] ---- Starting VPN Auto-Detect/Activate check ----
[2026-02-25 07:59:16] Simulating connection to SSID BART-WiFi
[2026-02-25 07:59:16] ⚠️ VPN not active. Initiating simulation/fallback.
[2026-02-25 07:59:16] ✅ Simulated VPN activation successful (flag created).
[2026-02-25 07:59:16] ---- Check complete: PASS (Simulated) ----

[2026-02-25 08:14:22] ---- Starting VPN Auto-Detect/Activate check ----
[2026-02-25 08:14:22] Simulating connection to SSID BART-WiFi
[2026-02-25 08:14:22] ⚠️ VPN not active. Initiating simulation/fallback.
[2026-02-25 08:14:22] ✅ Simulated VPN activation successful (flag created).
[2026-02-25 08:14:22] ---- Check complete: PASS (Simulated) ----

[2026-02-25 08:29:27] ---- Starting VPN Auto-Detect/Activate check ----
[2026-02-25 08:29:27] Simulating connection to SSID BART-WiFi
[2026-02-25 08:29:27] ⚠️ VPN not active. Initiating simulation/fallback.
[2026-02-25 08:29:27] ✅ Simulated VPN activation successful (flag created).
[2026-02-25 08:29:27] ---- Check complete: PASS (Simulated) ----

[2026-02-25 08:44:33] ---- Starting VPN Auto-Detect/Activate check ----
[2026-02-25 08:44:33] Simulating connection to SSID BART-WiFi
[2026-02-25 08:44:33] ⚠️ VPN not active. Initiating simulation/fallback.
[2026-02-25 08:44:33] ✅ Simulated VPN activation successful (flag created).
[2026-02-25 08:44:33] ---- Check complete: PASS (Simulated) ----

[2026-02-25 08:59:40] ---- Starting VPN Auto-Detect/Activate check ----
[2026-02-25 08:59:40] Simulating connection to SSID BART-WiFi
[2026-02-25 08:59:40] ⚠️ VPN not active. Initiating simulation/fallback.
[2026-02-25 08:59:40] ✅ Simulated VPN activation successful (flag created).
[2026-02-25 08:59:40] ---- Check complete: PASS (Simulated) ----

[2026-02-25 09:14:45] ---- Starting VPN Auto-Detect/Activate check ----
[2026-02-25 09:14:45] Simulating connection to SSID BART-WiFi
[2026-02-25 09:14:45] ⚠️ VPN not active. Initiating simulation/fallback.
[2026-02-25 09:14:45] ✅ Simulated VPN activation successful (flag created).
[2026-02-25 09:14:45] ---- Check complete: PASS (Simulated) ----

[2026-02-25 09:29:51] ---- Starting VPN Auto-Detect/Activate check ----
[2026-02-25 09:29:51] Simulating connection to SSID BART-WiFi
[2026-02-25 09:29:51] ⚠️ VPN not active. Initiating simulation/fallback.
[2026-02-25 09:29:51] ✅ Simulated VPN activation successful (flag created).
[2026-02-25 09:29:51] ---- Check complete: PASS (Simulated) ----

[2026-02-25 09:44:57] ---- Starting VPN Auto-Detect/Activate check ----
[2026-02-25 09:44:57] Simulating connection to SSID BART-WiFi
[2026-02-25 09:44:57] ⚠️ VPN not active. Initiating simulation/fallback.
[2026-02-25 09:44:57] ✅ Simulated VPN activation successful (flag created).
[2026-02-25 09:44:57] ---- Check complete: PASS (Simulated) ----

[2026-02-25 10:00:04] ---- Starting VPN Auto-Detect/Activate check ----
[2026-02-25 10:00:04] Simulating connection to SSID BART-WiFi
[2026-02-25 10:00:04] ⚠️ VPN not active. Initiating simulation/fallback.
[2026-02-25 10:00:04] ✅ Simulated VPN activation successful (flag created).
[2026-02-25 10:00:04] ---- Check complete: PASS (Simulated) ----

[2026-02-25 10:15:12] ---- Starting VPN Auto-Detect/Activate check ----
[2026-02-25 10:15:12] Simulating connection to SSID BART-WiFi
[2026-02-25 10:15:12] ⚠️ VPN not active. Initiating simulation/fallback.
[2026-02-25 10:15:12] ✅ Simulated VPN activation successful (flag created).
[2026-02-25 10:15:12] ---- Check complete: PASS (Simulated) ----

[2026-02-25 10:30:20] ---- Starting VPN Auto-Detect/Activate check ----
[2026-02-25 10:30:20] Simulating connection to SSID BART-WiFi
[2026-02-25 10:30:20] ⚠️ VPN not active. Initiating simulation/fallback.
[2026-02-25 10:30:20] ✅ Simulated VPN activation successful (flag created).
[2026-02-25 10:30:20] ---- Check complete: PASS (Simulated) ----

[2026-02-25 10:45:26] ---- Starting VPN Auto-Detect/Activate check ----
[2026-02-25 10:45:26] Simulating connection to SSID BART-WiFi
[2026-02-25 10:45:26] ⚠️ VPN not active. Initiating simulation/fallback.
[2026-02-25 10:45:26] ✅ Simulated VPN activation successful (flag created).
[2026-02-25 10:45:26] ---- Check complete: PASS (Simulated) ----

[2026-02-25 11:00:33] ---- Starting VPN Auto-Detect/Activate check ----
[2026-02-25 11:00:33] Simulating connection to SSID BART-WiFi
[2026-02-25 11:00:33] ⚠️ VPN not active. Initiating simulation/fallback.
[2026-02-25 11:00:33] ✅ Simulated VPN activation successful (flag created).
[2026-02-25 11:00:33] ---- Check complete: PASS (Simulated) ----

[2026-02-25 11:15:40] ---- Starting VPN Auto-Detect/Activate check ----
[2026-02-25 11:15:40] Simulating connection to SSID BART-WiFi
[2026-02-25 11:15:40] ⚠️ VPN not active. Initiating simulation/fallback.
[2026-02-25 11:15:40] ✅ Simulated VPN activation successful (flag created).
[2026-02-25 11:15:40] ---- Check complete: PASS (Simulated) ----

[2026-02-25 11:30:46] ---- Starting VPN Auto-Detect/Activate check ----
[2026-02-25 11:30:46] Simulating connection to SSID BART-WiFi
[2026-02-25 11:30:46] ⚠️ VPN not active. Initiating simulation/fallback.
[2026-02-25 11:30:46] ✅ Simulated VPN activation successful (flag created).
[2026-02-25 11:30:46] ---- Check complete: PASS (Simulated) ----

[2026-02-25 11:45:52] ---- Starting VPN Auto-Detect/Activate check ----
[2026-02-25 11:45:52] Simulating connection to SSID BART-WiFi
[2026-02-25 11:45:52] ⚠️ VPN not active. Initiating simulation/fallback.
[2026-02-25 11:45:52] ✅ Simulated VPN activation successful (flag created).
[2026-02-25 11:45:52] ---- Check complete: PASS (Simulated) ----

[2026-02-25 12:01:01] ---- Starting VPN Auto-Detect/Activate check ----
[2026-02-25 12:01:01] Simulating connection to SSID BART-WiFi
[2026-02-25 12:01:01] ⚠️ VPN not active. Initiating simulation/fallback.
[2026-02-25 12:01:01] ✅ Simulated VPN activation successful (flag created).
[2026-02-25 12:01:01] ---- Check complete: PASS (Simulated) ----

[2026-02-25 12:16:11] ---- Starting VPN Auto-Detect/Activate check ----
[2026-02-25 12:16:11] Simulating connection to SSID BART-WiFi
[2026-02-25 12:16:11] ⚠️ VPN not active. Initiating simulation/fallback.
[2026-02-25 12:16:11] ✅ Simulated VPN activation successful (flag created).
[2026-02-25 12:16:11] ---- Check complete: PASS (Simulated) ----

[2026-02-25 12:31:17] ---- Starting VPN Auto-Detect/Activate check ----
[2026-02-25 12:31:17] Simulating connection to SSID BART-WiFi
[2026-02-25 12:31:17] ⚠️ VPN not active. Initiating simulation/fallback.
[2026-02-25 12:31:17] ✅ Simulated VPN activation successful (flag created).
[2026-02-25 12:31:17] ---- Check complete: PASS (Simulated) ----

[2026-02-25 12:46:24] ---- Starting VPN Auto-Detect/Activate check ----
[2026-02-25 12:46:24] Simulating connection to SSID BART-WiFi
[2026-02-25 12:46:24] ⚠️ VPN not active. Initiating simulation/fallback.
[2026-02-25 12:46:24] ✅ Simulated VPN activation successful (flag created).
[2026-02-25 12:46:24] ---- Check complete: PASS (Simulated) ----

[2026-02-25 13:01:30] ---- Starting VPN Auto-Detect/Activate check ----
[2026-02-25 13:01:30] Simulating connection to SSID BART-WiFi
[2026-02-25 13:01:30] ⚠️ VPN not active. Initiating simulation/fallback.
[2026-02-25 13:01:30] ✅ Simulated VPN activation successful (flag created).
[2026-02-25 13:01:30] ---- Check complete: PASS (Simulated) ----

[2026-02-25 13:16:37] ---- Starting VPN Auto-Detect/Activate check ----
[2026-02-25 13:16:37] Simulating connection to SSID BART-WiFi
[2026-02-25 13:16:37] ⚠️ VPN not active. Initiating simulation/fallback.
[2026-02-25 13:16:37] ✅ Simulated VPN activation successful (flag created).
[2026-02-25 13:16:37] ---- Check complete: PASS (Simulated) ----

[2026-02-25 13:31:42] ---- Starting VPN Auto-Detect/Activate check ----
[2026-02-25 13:31:42] Simulating connection to SSID BART-WiFi
[2026-02-25 13:31:42] ⚠️ VPN not active. Initiating simulation/fallback.
[2026-02-25 13:31:42] ✅ Simulated VPN activation successful (flag created).
[2026-02-25 13:31:42] ---- Check complete: PASS (Simulated) ----

[2026-02-25 13:46:49] ---- Starting VPN Auto-Detect/Activate check ----
[2026-02-25 13:46:49] Simulating connection to SSID BART-WiFi
[2026-02-25 13:46:49] ⚠️ VPN not active. Initiating simulation/fallback.
[2026-02-25 13:46:49] ✅ Simulated VPN activation successful (flag created).
[2026-02-25 13:46:49] ---- Check complete: PASS (Simulated) ----

[2026-02-25 14:01:56] ---- Starting VPN Auto-Detect/Activate check ----
[2026-02-25 14:01:56] Simulating connection to SSID BART-WiFi
[2026-02-25 14:01:56] ⚠️ VPN not active. Initiating simulation/fallback.
[2026-02-25 14:01:56] ✅ Simulated VPN activation successful (flag created).
[2026-02-25 14:01:56] ---- Check complete: PASS (Simulated) ----

[2026-02-25 14:17:04] ---- Starting VPN Auto-Detect/Activate check ----
[2026-02-25 14:17:04] Simulating connection to SSID BART-WiFi
[2026-02-25 14:17:04] ⚠️ VPN not active. Initiating simulation/fallback.
[2026-02-25 14:17:04] ✅ Simulated VPN activation successful (flag created).
[2026-02-25 14:17:04] ---- Check complete: PASS (Simulated) ----

[2026-02-25 14:32:10] ---- Starting VPN Auto-Detect/Activate check ----
[2026-02-25 14:32:10] Simulating connection to SSID BART-WiFi
[2026-02-25 14:32:10] ⚠️ VPN not active. Initiating simulation/fallback.
[2026-02-25 14:32:10] ✅ Simulated VPN activation successful (flag created).
[2026-02-25 14:32:10] ---- Check complete: PASS (Simulated) ----

[2026-02-25 14:47:16] ---- Starting VPN Auto-Detect/Activate check ----
[2026-02-25 14:47:16] Simulating connection to SSID BART-WiFi
[2026-02-25 14:47:16] ⚠️ VPN not active. Initiating simulation/fallback.
[2026-02-25 14:47:16] ✅ Simulated VPN activation successful (flag created).
[2026-02-25 14:47:16] ---- Check complete: PASS (Simulated) ----

[2026-02-25 15:02:22] ---- Starting VPN Auto-Detect/Activate check ----
[2026-02-25 15:02:22] Simulating connection to SSID BART-WiFi
[2026-02-25 15:02:22] ⚠️ VPN not active. Initiating simulation/fallback.
[2026-02-25 15:02:22] ✅ Simulated VPN activation successful (flag created).
[2026-02-25 15:02:22] ---- Check complete: PASS (Simulated) ----

[2026-02-25 15:17:32] ---- Starting VPN Auto-Detect/Activate check ----
[2026-02-25 15:17:32] Simulating connection to SSID BART-WiFi
[2026-02-25 15:17:32] ⚠️ VPN not active. Initiating simulation/fallback.
[2026-02-25 15:17:32] ✅ Simulated VPN activation successful (flag created).
[2026-02-25 15:17:32] ---- Check complete: PASS (Simulated) ----

[2026-02-25 15:32:40] ---- Starting VPN Auto-Detect/Activate check ----
[2026-02-25 15:32:40] Simulating connection to SSID BART-WiFi
[2026-02-25 15:32:40] ⚠️ VPN not active. Initiating simulation/fallback.
[2026-02-25 15:32:40] ✅ Simulated VPN activation successful (flag created).
[2026-02-25 15:32:40] ---- Check complete: PASS (Simulated) ----

[2026-02-25 15:47:48] ---- Starting VPN Auto-Detect/Activate check ----
[2026-02-25 15:47:48] Simulating connection to SSID BART-WiFi
[2026-02-25 15:47:48] ⚠️ VPN not active. Initiating simulation/fallback.
[2026-02-25 15:47:48] ✅ Simulated VPN activation successful (flag created).
[2026-02-25 15:47:48] ---- Check complete: PASS (Simulated) ----

[2026-02-25 16:02:54] ---- Starting VPN Auto-Detect/Activate check ----
[2026-02-25 16:02:54] Simulating connection to SSID BART-WiFi
[2026-02-25 16:02:54] ⚠️ VPN not active. Initiating simulation/fallback.
[2026-02-25 16:02:54] ✅ Simulated VPN activation successful (flag created).
[2026-02-25 16:02:54] ---- Check complete: PASS (Simulated) ----

[2026-02-25 16:18:00] ---- Starting VPN Auto-Detect/Activate check ----
[2026-02-25 16:18:00] Simulating connection to SSID BART-WiFi
[2026-02-25 16:18:00] ⚠️ VPN not active. Initiating simulation/fallback.
[2026-02-25 16:18:00] ✅ Simulated VPN activation successful (flag created).
[2026-02-25 16:18:00] ---- Check complete: PASS (Simulated) ----

[2026-02-25 16:33:07] ---- Starting VPN Auto-Detect/Activate check ----
[2026-02-25 16:33:07] Simulating connection to SSID BART-WiFi
[2026-02-25 16:33:07] ⚠️ VPN not active. Initiating simulation/fallback.
[2026-02-25 16:33:07] ✅ Simulated VPN activation successful (flag created).
[2026-02-25 16:33:07] ---- Check complete: PASS (Simulated) ----

[2026-02-25 16:48:13] ---- Starting VPN Auto-Detect/Activate check ----
[2026-02-25 16:48:13] Simulating connection to SSID BART-WiFi
[2026-02-25 16:48:13] ⚠️ VPN not active. Initiating simulation/fallback.
[2026-02-25 16:48:13] ✅ Simulated VPN activation successful (flag created).
[2026-02-25 16:48:13] ---- Check complete: PASS (Simulated) ----

[2026-02-25 17:03:19] ---- Starting VPN Auto-Detect/Activate check ----
[2026-02-25 17:03:19] Simulating connection to SSID BART-WiFi
[2026-02-25 17:03:19] ⚠️ VPN not active. Initiating simulation/fallback.
[2026-02-25 17:03:19] ✅ Simulated VPN activation successful (flag created).
[2026-02-25 17:03:19] ---- Check complete: PASS (Simulated) ----

[2026-02-25 17:18:25] ---- Starting VPN Auto-Detect/Activate check ----
[2026-02-25 17:18:25] Simulating connection to SSID BART-WiFi
[2026-02-25 17:18:25] ⚠️ VPN not active. Initiating simulation/fallback.
[2026-02-25 17:18:25] ✅ Simulated VPN activation successful (flag created).
[2026-02-25 17:18:25] ---- Check complete: PASS (Simulated) ----

[2026-02-25 17:33:31] ---- Starting VPN Auto-Detect/Activate check ----
[2026-02-25 17:33:31] Simulating connection to SSID BART-WiFi
[2026-02-25 17:33:31] ⚠️ VPN not active. Initiating simulation/fallback.
[2026-02-25 17:33:31] ✅ Simulated VPN activation successful (flag created).
[2026-02-25 17:33:31] ---- Check complete: PASS (Simulated) ----

[2026-02-25 17:48:36] ---- Starting VPN Auto-Detect/Activate check ----
[2026-02-25 17:48:36] Simulating connection to SSID BART-WiFi
[2026-02-25 17:48:36] ⚠️ VPN not active. Initiating simulation/fallback.
[2026-02-25 17:48:36] ✅ Simulated VPN activation successful (flag created).
[2026-02-25 17:48:36] ---- Check complete: PASS (Simulated) ----

[2026-02-25 18:03:42] ---- Starting VPN Auto-Detect/Activate check ----
[2026-02-25 18:03:42] Simulating connection to SSID BART-WiFi
[2026-02-25 18:03:42] ⚠️ VPN not active. Initiating simulation/fallback.
[2026-02-25 18:03:42] ✅ Simulated VPN activation successful (flag created).
[2026-02-25 18:03:42] ---- Check complete: PASS (Simulated) ----

[2026-02-25 18:18:51] ---- Starting VPN Auto-Detect/Activate check ----
[2026-02-25 18:18:51] Simulating connection to SSID BART-WiFi
[2026-02-25 18:18:51] ⚠️ VPN not active. Initiating simulation/fallback.
[2026-02-25 18:18:51] ✅ Simulated VPN activation successful (flag created).
[2026-02-25 18:18:51] ---- Check complete: PASS (Simulated) ----

[2026-02-25 18:33:57] ---- Starting VPN Auto-Detect/Activate check ----
[2026-02-25 18:33:57] Simulating connection to SSID BART-WiFi
[2026-02-25 18:33:57] ⚠️ VPN not active. Initiating simulation/fallback.
[2026-02-25 18:33:57] ✅ Simulated VPN activation successful (flag created).
[2026-02-25 18:33:57] ---- Check complete: PASS (Simulated) ----

[2026-02-25 18:49:04] ---- Starting VPN Auto-Detect/Activate check ----
[2026-02-25 18:49:04] Simulating connection to SSID BART-WiFi
[2026-02-25 18:49:04] ⚠️ VPN not active. Initiating simulation/fallback.
[2026-02-25 18:49:04] ✅ Simulated VPN activation successful (flag created).
[2026-02-25 18:49:04] ---- Check complete: PASS (Simulated) ----

[2026-02-25 19:04:11] ---- Starting VPN Auto-Detect/Activate check ----
[2026-02-25 19:04:11] Simulating connection to SSID BART-WiFi
[2026-02-25 19:04:11] ⚠️ VPN not active. Initiating simulation/fallback.
[2026-02-25 19:04:11] ✅ Simulated VPN activation successful (flag created).
[2026-02-25 19:04:12] ---- Check complete: PASS (Simulated) ----

[2026-02-25 19:19:17] ---- Starting VPN Auto-Detect/Activate check ----
[2026-02-25 19:19:17] Simulating connection to SSID BART-WiFi
[2026-02-25 19:19:17] ⚠️ VPN not active. Initiating simulation/fallback.
[2026-02-25 19:19:17] ✅ Simulated VPN activation successful (flag created).
[2026-02-25 19:19:17] ---- Check complete: PASS (Simulated) ----

[2026-02-25 19:34:23] ---- Starting VPN Auto-Detect/Activate check ----
[2026-02-25 19:34:23] Simulating connection to SSID BART-WiFi
[2026-02-25 19:34:23] ⚠️ VPN not active. Initiating simulation/fallback.
[2026-02-25 19:34:23] ✅ Simulated VPN activation successful (flag created).
[2026-02-25 19:34:23] ---- Check complete: PASS (Simulated) ----

[2026-02-25 19:49:30] ---- Starting VPN Auto-Detect/Activate check ----
[2026-02-25 19:49:30] Simulating connection to SSID BART-WiFi
[2026-02-25 19:49:30] ⚠️ VPN not active. Initiating simulation/fallback.
[2026-02-25 19:49:30] ✅ Simulated VPN activation successful (flag created).
[2026-02-25 19:49:30] ---- Check complete: PASS (Simulated) ----

[2026-02-25 20:04:37] ---- Starting VPN Auto-Detect/Activate check ----
[2026-02-25 20:04:37] Simulating connection to SSID BART-WiFi
[2026-02-25 20:04:37] ⚠️ VPN not active. Initiating simulation/fallback.
[2026-02-25 20:04:37] ✅ Simulated VPN activation successful (flag created).
[2026-02-25 20:04:37] ---- Check complete: PASS (Simulated) ----

[2026-02-25 20:19:43] ---- Starting VPN Auto-Detect/Activate check ----
[2026-02-25 20:19:43] Simulating connection to SSID BART-WiFi
[2026-02-25 20:19:43] ⚠️ VPN not active. Initiating simulation/fallback.
[2026-02-25 20:19:43] ✅ Simulated VPN activation successful (flag created).
[2026-02-25 20:19:43] ---- Check complete: PASS (Simulated) ----

[2026-02-25 20:34:49] ---- Starting VPN Auto-Detect/Activate check ----
[2026-02-25 20:34:49] Simulating connection to SSID BART-WiFi
[2026-02-25 20:34:49] ⚠️ VPN not active. Initiating simulation/fallback.
[2026-02-25 20:34:49] ✅ Simulated VPN activation successful (flag created).
[2026-02-25 20:34:49] ---- Check complete: PASS (Simulated) ----

[2026-02-25 20:49:55] ---- Starting VPN Auto-Detect/Activate check ----
[2026-02-25 20:49:56] Simulating connection to SSID BART-WiFi
[2026-02-25 20:49:56] ⚠️ VPN not active. Initiating simulation/fallback.
[2026-02-25 20:49:56] ✅ Simulated VPN activation successful (flag created).
[2026-02-25 20:49:56] ---- Check complete: PASS (Simulated) ----

[2026-02-25 21:05:02] ---- Starting VPN Auto-Detect/Activate check ----
[2026-02-25 21:05:02] Simulating connection to SSID BART-WiFi
[2026-02-25 21:05:02] ⚠️ VPN not active. Initiating simulation/fallback.
[2026-02-25 21:05:02] ✅ Simulated VPN activation successful (flag created).
[2026-02-25 21:05:02] ---- Check complete: PASS (Simulated) ----

[2026-02-25 21:20:09] ---- Starting VPN Auto-Detect/Activate check ----
[2026-02-25 21:20:09] Simulating connection to SSID BART-WiFi
[2026-02-25 21:20:09] ⚠️ VPN not active. Initiating simulation/fallback.
[2026-02-25 21:20:09] ✅ Simulated VPN activation successful (flag created).
[2026-02-25 21:20:09] ---- Check complete: PASS (Simulated) ----

[2026-02-25 21:35:16] ---- Starting VPN Auto-Detect/Activate check ----
[2026-02-25 21:35:16] Simulating connection to SSID BART-WiFi
[2026-02-25 21:35:16] ⚠️ VPN not active. Initiating simulation/fallback.
[2026-02-25 21:35:16] ✅ Simulated VPN activation successful (flag created).
[2026-02-25 21:35:16] ---- Check complete: PASS (Simulated) ----

[2026-02-25 21:50:22] ---- Starting VPN Auto-Detect/Activate check ----
[2026-02-25 21:50:22] Simulating connection to SSID BART-WiFi
[2026-02-25 21:50:22] ⚠️ VPN not active. Initiating simulation/fallback.
[2026-02-25 21:50:22] ✅ Simulated VPN activation successful (flag created).
[2026-02-25 21:50:22] ---- Check complete: PASS (Simulated) ----

[2026-02-25 22:05:29] ---- Starting VPN Auto-Detect/Activate check ----
[2026-02-25 22:05:29] Simulating connection to SSID BART-WiFi
[2026-02-25 22:05:29] ⚠️ VPN not active. Initiating simulation/fallback.
[2026-02-25 22:05:29] ✅ Simulated VPN activation successful (flag created).
[2026-02-25 22:05:29] ---- Check complete: PASS (Simulated) ----

[2026-02-25 22:20:36] ---- Starting VPN Auto-Detect/Activate check ----
[2026-02-25 22:20:36] Simulating connection to SSID BART-WiFi
[2026-02-25 22:20:36] ⚠️ VPN not active. Initiating simulation/fallback.
[2026-02-25 22:20:36] ✅ Simulated VPN activation successful (flag created).
[2026-02-25 22:20:36] ---- Check complete: PASS (Simulated) ----

[2026-02-25 22:35:42] ---- Starting VPN Auto-Detect/Activate check ----
[2026-02-25 22:35:42] Simulating connection to SSID BART-WiFi
[2026-02-25 22:35:42] ⚠️ VPN not active. Initiating simulation/fallback.
[2026-02-25 22:35:42] ✅ Simulated VPN activation successful (flag created).
[2026-02-25 22:35:42] ---- Check complete: PASS (Simulated) ----

[2026-02-25 22:50:50] ---- Starting VPN Auto-Detect/Activate check ----
[2026-02-25 22:50:50] Simulating connection to SSID BART-WiFi
[2026-02-25 22:50:50] ⚠️ VPN not active. Initiating simulation/fallback.
[2026-02-25 22:50:50] ✅ Simulated VPN activation successful (flag created).
[2026-02-25 22:50:50] ---- Check complete: PASS (Simulated) ----

[2026-02-25 23:05:55] ---- Starting VPN Auto-Detect/Activate check ----
[2026-02-25 23:05:55] Simulating connection to SSID BART-WiFi
[2026-02-25 23:05:55] ⚠️ VPN not active. Initiating simulation/fallback.
[2026-02-25 23:05:55] ✅ Simulated VPN activation successful (flag created).
[2026-02-25 23:05:55] ---- Check complete: PASS (Simulated) ----

[2026-02-25 23:21:01] ---- Starting VPN Auto-Detect/Activate check ----
[2026-02-25 23:21:01] Simulating connection to SSID BART-WiFi
[2026-02-25 23:21:01] ⚠️ VPN not active. Initiating simulation/fallback.
[2026-02-25 23:21:01] ✅ Simulated VPN activation successful (flag created).
[2026-02-25 23:21:01] ---- Check complete: PASS (Simulated) ----

[2026-02-25 23:36:07] ---- Starting VPN Auto-Detect/Activate check ----
[2026-02-25 23:36:07] Simulating connection to SSID BART-WiFi
[2026-02-25 23:36:07] ⚠️ VPN not active. Initiating simulation/fallback.
[2026-02-25 23:36:07] ✅ Simulated VPN activation successful (flag created).
[2026-02-25 23:36:07] ---- Check complete: PASS (Simulated) ----

[2026-02-25 23:51:13] ---- Starting VPN Auto-Detect/Activate check ----
[2026-02-25 23:51:13] Simulating connection to SSID BART-WiFi
[2026-02-25 23:51:13] ⚠️ VPN not active. Initiating simulation/fallback.
[2026-02-25 23:51:13] ✅ Simulated VPN activation successful (flag created).
[2026-02-25 23:51:13] ---- Check complete: PASS (Simulated) ----

[2026-02-26 00:06:20] ---- Starting VPN Auto-Detect/Activate check ----
[2026-02-26 00:06:20] Simulating connection to SSID BART-WiFi
[2026-02-26 00:06:20] ⚠️ VPN not active. Initiating simulation/fallback.
[2026-02-26 00:06:20] ✅ Simulated VPN activation successful (flag created).
[2026-02-26 00:06:20] ---- Check complete: PASS (Simulated) ----

[2026-02-26 00:21:26] ---- Starting VPN Auto-Detect/Activate check ----
[2026-02-26 00:21:26] Simulating connection to SSID BART-WiFi
[2026-02-26 00:21:26] ⚠️ VPN not active. Initiating simulation/fallback.
[2026-02-26 00:21:26] ✅ Simulated VPN activation successful (flag created).
[2026-02-26 00:21:26] ---- Check complete: PASS (Simulated) ----

[2026-02-26 00:36:31] ---- Starting VPN Auto-Detect/Activate check ----
[2026-02-26 00:36:31] Simulating connection to SSID BART-WiFi
[2026-02-26 00:36:31] ⚠️ VPN not active. Initiating simulation/fallback.
[2026-02-26 00:36:31] ✅ Simulated VPN activation successful (flag created).
[2026-02-26 00:36:31] ---- Check complete: PASS (Simulated) ----

[2026-02-26 00:51:37] ---- Starting VPN Auto-Detect/Activate check ----
[2026-02-26 00:51:37] Simulating connection to SSID BART-WiFi
[2026-02-26 00:51:37] ⚠️ VPN not active. Initiating simulation/fallback.
[2026-02-26 00:51:37] ✅ Simulated VPN activation successful (flag created).
[2026-02-26 00:51:37] ---- Check complete: PASS (Simulated) ----

[2026-02-26 01:06:42] ---- Starting VPN Auto-Detect/Activate check ----
[2026-02-26 01:06:42] Simulating connection to SSID BART-WiFi
[2026-02-26 01:06:42] ⚠️ VPN not active. Initiating simulation/fallback.
[2026-02-26 01:06:42] ✅ Simulated VPN activation successful (flag created).
[2026-02-26 01:06:42] ---- Check complete: PASS (Simulated) ----

[2026-02-26 01:21:50] ---- Starting VPN Auto-Detect/Activate check ----
[2026-02-26 01:21:50] Simulating connection to SSID BART-WiFi
[2026-02-26 01:21:50] ⚠️ VPN not active. Initiating simulation/fallback.
[2026-02-26 01:21:50] ✅ Simulated VPN activation successful (flag created).
[2026-02-26 01:21:50] ---- Check complete: PASS (Simulated) ----

[2026-02-26 01:36:55] ---- Starting VPN Auto-Detect/Activate check ----
[2026-02-26 01:36:55] Simulating connection to SSID BART-WiFi
[2026-02-26 01:36:55] ⚠️ VPN not active. Initiating simulation/fallback.
[2026-02-26 01:36:55] ✅ Simulated VPN activation successful (flag created).
[2026-02-26 01:36:55] ---- Check complete: PASS (Simulated) ----

[2026-02-26 01:52:02] ---- Starting VPN Auto-Detect/Activate check ----
[2026-02-26 01:52:02] Simulating connection to SSID BART-WiFi
[2026-02-26 01:52:02] ⚠️ VPN not active. Initiating simulation/fallback.
[2026-02-26 01:52:02] ✅ Simulated VPN activation successful (flag created).
[2026-02-26 01:52:02] ---- Check complete: PASS (Simulated) ----

[2026-02-26 02:07:10] ---- Starting VPN Auto-Detect/Activate check ----
[2026-02-26 02:07:10] Simulating connection to SSID BART-WiFi
[2026-02-26 02:07:10] ⚠️ VPN not active. Initiating simulation/fallback.
[2026-02-26 02:07:10] ✅ Simulated VPN activation successful (flag created).
[2026-02-26 02:07:10] ---- Check complete: PASS (Simulated) ----

[2026-02-26 02:22:15] ---- Starting VPN Auto-Detect/Activate check ----
[2026-02-26 02:22:15] Simulating connection to SSID BART-WiFi
[2026-02-26 02:22:15] ⚠️ VPN not active. Initiating simulation/fallback.
[2026-02-26 02:22:15] ✅ Simulated VPN activation successful (flag created).
[2026-02-26 02:22:15] ---- Check complete: PASS (Simulated) ----

[2026-02-26 02:37:21] ---- Starting VPN Auto-Detect/Activate check ----
[2026-02-26 02:37:21] Simulating connection to SSID BART-WiFi
[2026-02-26 02:37:21] ⚠️ VPN not active. Initiating simulation/fallback.
[2026-02-26 02:37:21] ✅ Simulated VPN activation successful (flag created).
[2026-02-26 02:37:21] ---- Check complete: PASS (Simulated) ----

[2026-02-26 02:52:27] ---- Starting VPN Auto-Detect/Activate check ----
[2026-02-26 02:52:27] Simulating connection to SSID BART-WiFi
[2026-02-26 02:52:27] ⚠️ VPN not active. Initiating simulation/fallback.
[2026-02-26 02:52:27] ✅ Simulated VPN activation successful (flag created).
[2026-02-26 02:52:27] ---- Check complete: PASS (Simulated) ----

[2026-02-26 03:07:32] ---- Starting VPN Auto-Detect/Activate check ----
[2026-02-26 03:07:32] Simulating connection to SSID BART-WiFi
[2026-02-26 03:07:32] ⚠️ VPN not active. Initiating simulation/fallback.
[2026-02-26 03:07:32] ✅ Simulated VPN activation successful (flag created).
[2026-02-26 03:07:32] ---- Check complete: PASS (Simulated) ----

[2026-02-26 03:22:40] ---- Starting VPN Auto-Detect/Activate check ----
[2026-02-26 03:22:40] Simulating connection to SSID BART-WiFi
[2026-02-26 03:22:40] ⚠️ VPN not active. Initiating simulation/fallback.
[2026-02-26 03:22:40] ✅ Simulated VPN activation successful (flag created).
[2026-02-26 03:22:40] ---- Check complete: PASS (Simulated) ----

[2026-02-26 03:37:46] ---- Starting VPN Auto-Detect/Activate check ----
[2026-02-26 03:37:46] Simulating connection to SSID BART-WiFi
[2026-02-26 03:37:46] ⚠️ VPN not active. Initiating simulation/fallback.
[2026-02-26 03:37:46] ✅ Simulated VPN activation successful (flag created).
[2026-02-26 03:37:46] ---- Check complete: PASS (Simulated) ----

[2026-02-26 03:52:51] ---- Starting VPN Auto-Detect/Activate check ----
[2026-02-26 03:52:51] Simulating connection to SSID BART-WiFi
[2026-02-26 03:52:51] ⚠️ VPN not active. Initiating simulation/fallback.
[2026-02-26 03:52:51] ✅ Simulated VPN activation successful (flag created).
[2026-02-26 03:52:51] ---- Check complete: PASS (Simulated) ----

[2026-02-26 04:07:56] ---- Starting VPN Auto-Detect/Activate check ----
[2026-02-26 04:07:56] Simulating connection to SSID BART-WiFi
[2026-02-26 04:07:56] ⚠️ VPN not active. Initiating simulation/fallback.
[2026-02-26 04:07:56] ✅ Simulated VPN activation successful (flag created).
[2026-02-26 04:07:56] ---- Check complete: PASS (Simulated) ----

[2026-02-26 04:23:03] ---- Starting VPN Auto-Detect/Activate check ----
[2026-02-26 04:23:03] Simulating connection to SSID BART-WiFi
[2026-02-26 04:23:03] ⚠️ VPN not active. Initiating simulation/fallback.
[2026-02-26 04:23:03] ✅ Simulated VPN activation successful (flag created).
[2026-02-26 04:23:03] ---- Check complete: PASS (Simulated) ----

[2026-02-26 04:38:12] ---- Starting VPN Auto-Detect/Activate check ----
[2026-02-26 04:38:12] Simulating connection to SSID BART-WiFi
[2026-02-26 04:38:12] ⚠️ VPN not active. Initiating simulation/fallback.
[2026-02-26 04:38:12] ✅ Simulated VPN activation successful (flag created).
[2026-02-26 04:38:12] ---- Check complete: PASS (Simulated) ----

[2026-02-26 04:53:19] ---- Starting VPN Auto-Detect/Activate check ----
[2026-02-26 04:53:19] Simulating connection to SSID BART-WiFi
[2026-02-26 04:53:19] ⚠️ VPN not active. Initiating simulation/fallback.
[2026-02-26 04:53:19] ✅ Simulated VPN activation successful (flag created).
[2026-02-26 04:53:19] ---- Check complete: PASS (Simulated) ----

[2026-02-26 05:08:25] ---- Starting VPN Auto-Detect/Activate check ----
[2026-02-26 05:08:25] Simulating connection to SSID BART-WiFi
[2026-02-26 05:08:25] ⚠️ VPN not active. Initiating simulation/fallback.
[2026-02-26 05:08:25] ✅ Simulated VPN activation successful (flag created).
[2026-02-26 05:08:25] ---- Check complete: PASS (Simulated) ----

[2026-02-26 05:23:31] ---- Starting VPN Auto-Detect/Activate check ----
[2026-02-26 05:23:31] Simulating connection to SSID BART-WiFi
[2026-02-26 05:23:31] ⚠️ VPN not active. Initiating simulation/fallback.
[2026-02-26 05:23:31] ✅ Simulated VPN activation successful (flag created).
[2026-02-26 05:23:31] ---- Check complete: PASS (Simulated) ----

[2026-02-26 05:38:37] ---- Starting VPN Auto-Detect/Activate check ----
[2026-02-26 05:38:37] Simulating connection to SSID BART-WiFi
[2026-02-26 05:38:37] ⚠️ VPN not active. Initiating simulation/fallback.
[2026-02-26 05:38:37] ✅ Simulated VPN activation successful (flag created).
[2026-02-26 05:38:37] ---- Check complete: PASS (Simulated) ----

[2026-02-26 05:53:43] ---- Starting VPN Auto-Detect/Activate check ----
[2026-02-26 05:53:43] Simulating connection to SSID BART-WiFi
[2026-02-26 05:53:43] ⚠️ VPN not active. Initiating simulation/fallback.
[2026-02-26 05:53:43] ✅ Simulated VPN activation successful (flag created).
[2026-02-26 05:53:43] ---- Check complete: PASS (Simulated) ----

[2026-02-26 06:08:49] ---- Starting VPN Auto-Detect/Activate check ----
[2026-02-26 06:08:50] Simulating connection to SSID BART-WiFi
[2026-02-26 06:08:50] ⚠️ VPN not active. Initiating simulation/fallback.
[2026-02-26 06:08:50] ✅ Simulated VPN activation successful (flag created).
[2026-02-26 06:08:50] ---- Check complete: PASS (Simulated) ----

[2026-02-26 06:23:57] ---- Starting VPN Auto-Detect/Activate check ----
[2026-02-26 06:23:57] Simulating connection to SSID BART-WiFi
[2026-02-26 06:23:57] ⚠️ VPN not active. Initiating simulation/fallback.
[2026-02-26 06:23:57] ✅ Simulated VPN activation successful (flag created).
[2026-02-26 06:23:57] ---- Check complete: PASS (Simulated) ----

[2026-02-26 06:39:03] ---- Starting VPN Auto-Detect/Activate check ----
[2026-02-26 06:39:03] Simulating connection to SSID BART-WiFi
[2026-02-26 06:39:03] ⚠️ VPN not active. Initiating simulation/fallback.
[2026-02-26 06:39:03] ✅ Simulated VPN activation successful (flag created).
[2026-02-26 06:39:03] ---- Check complete: PASS (Simulated) ----

[2026-02-26 06:54:10] ---- Starting VPN Auto-Detect/Activate check ----
[2026-02-26 06:54:10] Simulating connection to SSID BART-WiFi
[2026-02-26 06:54:10] ⚠️ VPN not active. Initiating simulation/fallback.
[2026-02-26 06:54:10] ✅ Simulated VPN activation successful (flag created).
[2026-02-26 06:54:10] ---- Check complete: PASS (Simulated) ----

[2026-02-26 07:09:16] ---- Starting VPN Auto-Detect/Activate check ----
[2026-02-26 07:09:16] Simulating connection to SSID BART-WiFi
[2026-02-26 07:09:16] ⚠️ VPN not active. Initiating simulation/fallback.
[2026-02-26 07:09:16] ✅ Simulated VPN activation successful (flag created).
[2026-02-26 07:09:16] ---- Check complete: PASS (Simulated) ----

[2026-02-26 07:24:23] ---- Starting VPN Auto-Detect/Activate check ----
[2026-02-26 07:24:23] Simulating connection to SSID BART-WiFi
[2026-02-26 07:24:23] ⚠️ VPN not active. Initiating simulation/fallback.
[2026-02-26 07:24:23] ✅ Simulated VPN activation successful (flag created).
[2026-02-26 07:24:23] ---- Check complete: PASS (Simulated) ----

[2026-02-26 07:39:30] ---- Starting VPN Auto-Detect/Activate check ----
[2026-02-26 07:39:30] Simulating connection to SSID BART-WiFi
[2026-02-26 07:39:30] ⚠️ VPN not active. Initiating simulation/fallback.
[2026-02-26 07:39:30] ✅ Simulated VPN activation successful (flag created).
[2026-02-26 07:39:30] ---- Check complete: PASS (Simulated) ----

[2026-02-26 07:54:38] ---- Starting VPN Auto-Detect/Activate check ----
[2026-02-26 07:54:38] Simulating connection to SSID BART-WiFi
[2026-02-26 07:54:38] ⚠️ VPN not active. Initiating simulation/fallback.
[2026-02-26 07:54:38] ✅ Simulated VPN activation successful (flag created).
[2026-02-26 07:54:38] ---- Check complete: PASS (Simulated) ----

[2026-02-26 08:09:46] ---- Starting VPN Auto-Detect/Activate check ----
[2026-02-26 08:09:46] Simulating connection to SSID BART-WiFi
[2026-02-26 08:09:46] ⚠️ VPN not active. Initiating simulation/fallback.
[2026-02-26 08:09:46] ✅ Simulated VPN activation successful (flag created).
[2026-02-26 08:09:46] ---- Check complete: PASS (Simulated) ----

[2026-02-26 08:24:52] ---- Starting VPN Auto-Detect/Activate check ----
[2026-02-26 08:24:52] Simulating connection to SSID BART-WiFi
[2026-02-26 08:24:52] ⚠️ VPN not active. Initiating simulation/fallback.
[2026-02-26 08:24:52] ✅ Simulated VPN activation successful (flag created).
[2026-02-26 08:24:52] ---- Check complete: PASS (Simulated) ----

[2026-02-26 08:40:00] ---- Starting VPN Auto-Detect/Activate check ----
[2026-02-26 08:40:00] Simulating connection to SSID BART-WiFi
[2026-02-26 08:40:00] ⚠️ VPN not active. Initiating simulation/fallback.
[2026-02-26 08:40:00] ✅ Simulated VPN activation successful (flag created).
[2026-02-26 08:40:00] ---- Check complete: PASS (Simulated) ----

[2026-02-26 08:55:07] ---- Starting VPN Auto-Detect/Activate check ----
[2026-02-26 08:55:07] Simulating connection to SSID BART-WiFi
[2026-02-26 08:55:07] ⚠️ VPN not active. Initiating simulation/fallback.
[2026-02-26 08:55:07] ✅ Simulated VPN activation successful (flag created).
[2026-02-26 08:55:07] ---- Check complete: PASS (Simulated) ----

[2026-02-26 09:10:13] ---- Starting VPN Auto-Detect/Activate check ----
[2026-02-26 09:10:13] Simulating connection to SSID BART-WiFi
[2026-02-26 09:10:13] ⚠️ VPN not active. Initiating simulation/fallback.
[2026-02-26 09:10:13] ✅ Simulated VPN activation successful (flag created).
[2026-02-26 09:10:13] ---- Check complete: PASS (Simulated) ----

[2026-02-26 09:25:19] ---- Starting VPN Auto-Detect/Activate check ----
[2026-02-26 09:25:19] Simulating connection to SSID BART-WiFi
[2026-02-26 09:25:19] ⚠️ VPN not active. Initiating simulation/fallback.
[2026-02-26 09:25:19] ✅ Simulated VPN activation successful (flag created).
[2026-02-26 09:25:19] ---- Check complete: PASS (Simulated) ----

[2026-02-26 09:40:26] ---- Starting VPN Auto-Detect/Activate check ----
[2026-02-26 09:40:26] Simulating connection to SSID BART-WiFi
[2026-02-26 09:40:26] ⚠️ VPN not active. Initiating simulation/fallback.
[2026-02-26 09:40:26] ✅ Simulated VPN activation successful (flag created).
[2026-02-26 09:40:26] ---- Check complete: PASS (Simulated) ----

[2026-02-26 09:55:34] ---- Starting VPN Auto-Detect/Activate check ----
[2026-02-26 09:55:34] Simulating connection to SSID BART-WiFi
[2026-02-26 09:55:34] ⚠️ VPN not active. Initiating simulation/fallback.
[2026-02-26 09:55:34] ✅ Simulated VPN activation successful (flag created).
[2026-02-26 09:55:34] ---- Check complete: PASS (Simulated) ----

[2026-02-26 10:10:40] ---- Starting VPN Auto-Detect/Activate check ----
[2026-02-26 10:10:40] Simulating connection to SSID BART-WiFi
[2026-02-26 10:10:40] ⚠️ VPN not active. Initiating simulation/fallback.
[2026-02-26 10:10:40] ✅ Simulated VPN activation successful (flag created).
[2026-02-26 10:10:40] ---- Check complete: PASS (Simulated) ----

[2026-02-26 10:25:45] ---- Starting VPN Auto-Detect/Activate check ----
[2026-02-26 10:25:45] Simulating connection to SSID BART-WiFi
[2026-02-26 10:25:45] ⚠️ VPN not active. Initiating simulation/fallback.
[2026-02-26 10:25:45] ✅ Simulated VPN activation successful (flag created).
[2026-02-26 10:25:46] ---- Check complete: PASS (Simulated) ----

[2026-02-26 10:40:51] ---- Starting VPN Auto-Detect/Activate check ----
[2026-02-26 10:40:51] Simulating connection to SSID BART-WiFi
[2026-02-26 10:40:51] ⚠️ VPN not active. Initiating simulation/fallback.
[2026-02-26 10:40:51] ✅ Simulated VPN activation successful (flag created).
[2026-02-26 10:40:51] ---- Check complete: PASS (Simulated) ----

[2026-02-26 10:55:57] ---- Starting VPN Auto-Detect/Activate check ----
[2026-02-26 10:55:57] Simulating connection to SSID BART-WiFi
[2026-02-26 10:55:57] ⚠️ VPN not active. Initiating simulation/fallback.
[2026-02-26 10:55:57] ✅ Simulated VPN activation successful (flag created).
[2026-02-26 10:55:57] ---- Check complete: PASS (Simulated) ----

[2026-02-26 11:11:03] ---- Starting VPN Auto-Detect/Activate check ----
[2026-02-26 11:11:03] Simulating connection to SSID BART-WiFi
[2026-02-26 11:11:03] ⚠️ VPN not active. Initiating simulation/fallback.
[2026-02-26 11:11:03] ✅ Simulated VPN activation successful (flag created).
[2026-02-26 11:11:03] ---- Check complete: PASS (Simulated) ----

[2026-02-26 11:26:10] ---- Starting VPN Auto-Detect/Activate check ----
[2026-02-26 11:26:10] Simulating connection to SSID BART-WiFi
[2026-02-26 11:26:10] ⚠️ VPN not active. Initiating simulation/fallback.
[2026-02-26 11:26:10] ✅ Simulated VPN activation successful (flag created).
[2026-02-26 11:26:10] ---- Check complete: PASS (Simulated) ----

[2026-02-26 11:41:15] ---- Starting VPN Auto-Detect/Activate check ----
[2026-02-26 11:41:15] Simulating connection to SSID BART-WiFi
[2026-02-26 11:41:15] ⚠️ VPN not active. Initiating simulation/fallback.
[2026-02-26 11:41:15] ✅ Simulated VPN activation successful (flag created).
[2026-02-26 11:41:15] ---- Check complete: PASS (Simulated) ----

[2026-02-26 11:56:20] ---- Starting VPN Auto-Detect/Activate check ----
[2026-02-26 11:56:20] Simulating connection to SSID BART-WiFi
[2026-02-26 11:56:20] ⚠️ VPN not active. Initiating simulation/fallback.
[2026-02-26 11:56:20] ✅ Simulated VPN activation successful (flag created).
[2026-02-26 11:56:20] ---- Check complete: PASS (Simulated) ----

[2026-02-26 12:11:26] ---- Starting VPN Auto-Detect/Activate check ----
[2026-02-26 12:11:26] Simulating connection to SSID BART-WiFi
[2026-02-26 12:11:26] ⚠️ VPN not active. Initiating simulation/fallback.
[2026-02-26 12:11:26] ✅ Simulated VPN activation successful (flag created).
[2026-02-26 12:11:26] ---- Check complete: PASS (Simulated) ----

[2026-02-26 12:26:32] ---- Starting VPN Auto-Detect/Activate check ----
[2026-02-26 12:26:32] Simulating connection to SSID BART-WiFi
[2026-02-26 12:26:32] ⚠️ VPN not active. Initiating simulation/fallback.
[2026-02-26 12:26:32] ✅ Simulated VPN activation successful (flag created).
[2026-02-26 12:26:32] ---- Check complete: PASS (Simulated) ----

[2026-02-26 12:41:40] ---- Starting VPN Auto-Detect/Activate check ----
[2026-02-26 12:41:40] Simulating connection to SSID BART-WiFi
[2026-02-26 12:41:40] ⚠️ VPN not active. Initiating simulation/fallback.
[2026-02-26 12:41:40] ✅ Simulated VPN activation successful (flag created).
[2026-02-26 12:41:40] ---- Check complete: PASS (Simulated) ----

[2026-02-26 12:56:46] ---- Starting VPN Auto-Detect/Activate check ----
[2026-02-26 12:56:46] Simulating connection to SSID BART-WiFi
[2026-02-26 12:56:46] ⚠️ VPN not active. Initiating simulation/fallback.
[2026-02-26 12:56:46] ✅ Simulated VPN activation successful (flag created).
[2026-02-26 12:56:46] ---- Check complete: PASS (Simulated) ----

[2026-02-26 13:11:51] ---- Starting VPN Auto-Detect/Activate check ----
[2026-02-26 13:11:51] Simulating connection to SSID BART-WiFi
[2026-02-26 13:11:51] ⚠️ VPN not active. Initiating simulation/fallback.
[2026-02-26 13:11:51] ✅ Simulated VPN activation successful (flag created).
[2026-02-26 13:11:51] ---- Check complete: PASS (Simulated) ----

[2026-02-26 13:26:57] ---- Starting VPN Auto-Detect/Activate check ----
[2026-02-26 13:26:57] Simulating connection to SSID BART-WiFi
[2026-02-26 13:26:57] ⚠️ VPN not active. Initiating simulation/fallback.
[2026-02-26 13:26:57] ✅ Simulated VPN activation successful (flag created).
[2026-02-26 13:26:57] ---- Check complete: PASS (Simulated) ----

[2026-02-26 13:42:04] ---- Starting VPN Auto-Detect/Activate check ----
[2026-02-26 13:42:04] Simulating connection to SSID BART-WiFi
[2026-02-26 13:42:04] ⚠️ VPN not active. Initiating simulation/fallback.
[2026-02-26 13:42:04] ✅ Simulated VPN activation successful (flag created).
[2026-02-26 13:42:04] ---- Check complete: PASS (Simulated) ----

[2026-02-26 13:57:11] ---- Starting VPN Auto-Detect/Activate check ----
[2026-02-26 13:57:11] Simulating connection to SSID BART-WiFi
[2026-02-26 13:57:11] ⚠️ VPN not active. Initiating simulation/fallback.
[2026-02-26 13:57:11] ✅ Simulated VPN activation successful (flag created).
[2026-02-26 13:57:11] ---- Check complete: PASS (Simulated) ----

[2026-02-26 14:12:18] ---- Starting VPN Auto-Detect/Activate check ----
[2026-02-26 14:12:18] Simulating connection to SSID BART-WiFi
[2026-02-26 14:12:18] ⚠️ VPN not active. Initiating simulation/fallback.
[2026-02-26 14:12:18] ✅ Simulated VPN activation successful (flag created).
[2026-02-26 14:12:18] ---- Check complete: PASS (Simulated) ----

[2026-02-26 14:27:23] ---- Starting VPN Auto-Detect/Activate check ----
[2026-02-26 14:27:23] Simulating connection to SSID BART-WiFi
[2026-02-26 14:27:23] ⚠️ VPN not active. Initiating simulation/fallback.
[2026-02-26 14:27:23] ✅ Simulated VPN activation successful (flag created).
[2026-02-26 14:27:23] ---- Check complete: PASS (Simulated) ----

[2026-02-26 14:42:30] ---- Starting VPN Auto-Detect/Activate check ----
[2026-02-26 14:42:30] Simulating connection to SSID BART-WiFi
[2026-02-26 14:42:30] ⚠️ VPN not active. Initiating simulation/fallback.
[2026-02-26 14:42:30] ✅ Simulated VPN activation successful (flag created).
[2026-02-26 14:42:30] ---- Check complete: PASS (Simulated) ----

[2026-02-26 14:57:36] ---- Starting VPN Auto-Detect/Activate check ----
[2026-02-26 14:57:36] Simulating connection to SSID BART-WiFi
[2026-02-26 14:57:36] ⚠️ VPN not active. Initiating simulation/fallback.
[2026-02-26 14:57:36] ✅ Simulated VPN activation successful (flag created).
[2026-02-26 14:57:36] ---- Check complete: PASS (Simulated) ----

[2026-02-26 15:12:43] ---- Starting VPN Auto-Detect/Activate check ----
[2026-02-26 15:12:43] Simulating connection to SSID BART-WiFi
[2026-02-26 15:12:43] ⚠️ VPN not active. Initiating simulation/fallback.
[2026-02-26 15:12:43] ✅ Simulated VPN activation successful (flag created).
[2026-02-26 15:12:43] ---- Check complete: PASS (Simulated) ----

[2026-02-26 15:27:50] ---- Starting VPN Auto-Detect/Activate check ----
[2026-02-26 15:27:50] Simulating connection to SSID BART-WiFi
[2026-02-26 15:27:50] ⚠️ VPN not active. Initiating simulation/fallback.
[2026-02-26 15:27:50] ✅ Simulated VPN activation successful (flag created).
[2026-02-26 15:27:50] ---- Check complete: PASS (Simulated) ----

[2026-02-26 15:42:56] ---- Starting VPN Auto-Detect/Activate check ----
[2026-02-26 15:42:56] Simulating connection to SSID BART-WiFi
[2026-02-26 15:42:56] ⚠️ VPN not active. Initiating simulation/fallback.
[2026-02-26 15:42:56] ✅ Simulated VPN activation successful (flag created).
[2026-02-26 15:42:56] ---- Check complete: PASS (Simulated) ----

[2026-02-26 15:58:02] ---- Starting VPN Auto-Detect/Activate check ----
[2026-02-26 15:58:02] Simulating connection to SSID BART-WiFi
[2026-02-26 15:58:02] ⚠️ VPN not active. Initiating simulation/fallback.
[2026-02-26 15:58:02] ✅ Simulated VPN activation successful (flag created).
[2026-02-26 15:58:02] ---- Check complete: PASS (Simulated) ----

[2026-02-26 16:13:12] ---- Starting VPN Auto-Detect/Activate check ----
[2026-02-26 16:13:12] Simulating connection to SSID BART-WiFi
[2026-02-26 16:13:12] ⚠️ VPN not active. Initiating simulation/fallback.
[2026-02-26 16:13:12] ✅ Simulated VPN activation successful (flag created).
[2026-02-26 16:13:12] ---- Check complete: PASS (Simulated) ----

[2026-02-26 16:28:21] ---- Starting VPN Auto-Detect/Activate check ----
[2026-02-26 16:28:21] Simulating connection to SSID BART-WiFi
[2026-02-26 16:28:21] ⚠️ VPN not active. Initiating simulation/fallback.
[2026-02-26 16:28:21] ✅ Simulated VPN activation successful (flag created).
[2026-02-26 16:28:21] ---- Check complete: PASS (Simulated) ----

[2026-02-26 16:43:29] ---- Starting VPN Auto-Detect/Activate check ----
[2026-02-26 16:43:29] Simulating connection to SSID BART-WiFi
[2026-02-26 16:43:29] ⚠️ VPN not active. Initiating simulation/fallback.
[2026-02-26 16:43:29] ✅ Simulated VPN activation successful (flag created).
[2026-02-26 16:43:29] ---- Check complete: PASS (Simulated) ----

[2026-02-26 16:58:34] ---- Starting VPN Auto-Detect/Activate check ----
[2026-02-26 16:58:34] Simulating connection to SSID BART-WiFi
[2026-02-26 16:58:34] ⚠️ VPN not active. Initiating simulation/fallback.
[2026-02-26 16:58:34] ✅ Simulated VPN activation successful (flag created).
[2026-02-26 16:58:34] ---- Check complete: PASS (Simulated) ----

[2026-02-26 17:13:40] ---- Starting VPN Auto-Detect/Activate check ----
[2026-02-26 17:13:40] Simulating connection to SSID BART-WiFi
[2026-02-26 17:13:40] ⚠️ VPN not active. Initiating simulation/fallback.
[2026-02-26 17:13:40] ✅ Simulated VPN activation successful (flag created).
[2026-02-26 17:13:40] ---- Check complete: PASS (Simulated) ----

[2026-02-26 17:28:45] ---- Starting VPN Auto-Detect/Activate check ----
[2026-02-26 17:28:45] Simulating connection to SSID BART-WiFi
[2026-02-26 17:28:45] ⚠️ VPN not active. Initiating simulation/fallback.
[2026-02-26 17:28:45] ✅ Simulated VPN activation successful (flag created).
[2026-02-26 17:28:45] ---- Check complete: PASS (Simulated) ----

[2026-02-26 17:43:51] ---- Starting VPN Auto-Detect/Activate check ----
[2026-02-26 17:43:51] Simulating connection to SSID BART-WiFi
[2026-02-26 17:43:51] ⚠️ VPN not active. Initiating simulation/fallback.
[2026-02-26 17:43:51] ✅ Simulated VPN activation successful (flag created).
[2026-02-26 17:43:51] ---- Check complete: PASS (Simulated) ----

[2026-02-26 17:58:58] ---- Starting VPN Auto-Detect/Activate check ----
[2026-02-26 17:58:58] Simulating connection to SSID BART-WiFi
[2026-02-26 17:58:58] ⚠️ VPN not active. Initiating simulation/fallback.
[2026-02-26 17:58:58] ✅ Simulated VPN activation successful (flag created).
[2026-02-26 17:58:58] ---- Check complete: PASS (Simulated) ----

[2026-02-26 18:14:04] ---- Starting VPN Auto-Detect/Activate check ----
[2026-02-26 18:14:04] Simulating connection to SSID BART-WiFi
[2026-02-26 18:14:04] ⚠️ VPN not active. Initiating simulation/fallback.
[2026-02-26 18:14:04] ✅ Simulated VPN activation successful (flag created).
[2026-02-26 18:14:04] ---- Check complete: PASS (Simulated) ----

[2026-02-26 18:29:10] ---- Starting VPN Auto-Detect/Activate check ----
[2026-02-26 18:29:10] Simulating connection to SSID BART-WiFi
[2026-02-26 18:29:10] ⚠️ VPN not active. Initiating simulation/fallback.
[2026-02-26 18:29:10] ✅ Simulated VPN activation successful (flag created).
[2026-02-26 18:29:10] ---- Check complete: PASS (Simulated) ----

[2026-02-26 18:44:20] ---- Starting VPN Auto-Detect/Activate check ----
[2026-02-26 18:44:20] Simulating connection to SSID BART-WiFi
[2026-02-26 18:44:20] ⚠️ VPN not active. Initiating simulation/fallback.
[2026-02-26 18:44:20] ✅ Simulated VPN activation successful (flag created).
[2026-02-26 18:44:20] ---- Check complete: PASS (Simulated) ----

[2026-02-26 18:59:25] ---- Starting VPN Auto-Detect/Activate check ----
[2026-02-26 18:59:25] Simulating connection to SSID BART-WiFi
[2026-02-26 18:59:25] ⚠️ VPN not active. Initiating simulation/fallback.
[2026-02-26 18:59:25] ✅ Simulated VPN activation successful (flag created).
[2026-02-26 18:59:25] ---- Check complete: PASS (Simulated) ----

[2026-02-26 19:14:31] ---- Starting VPN Auto-Detect/Activate check ----
[2026-02-26 19:14:31] Simulating connection to SSID BART-WiFi
[2026-02-26 19:14:31] ⚠️ VPN not active. Initiating simulation/fallback.
[2026-02-26 19:14:31] ✅ Simulated VPN activation successful (flag created).
[2026-02-26 19:14:31] ---- Check complete: PASS (Simulated) ----

[2026-02-26 19:29:37] ---- Starting VPN Auto-Detect/Activate check ----
[2026-02-26 19:29:37] Simulating connection to SSID BART-WiFi
[2026-02-26 19:29:37] ⚠️ VPN not active. Initiating simulation/fallback.
[2026-02-26 19:29:37] ✅ Simulated VPN activation successful (flag created).
[2026-02-26 19:29:37] ---- Check complete: PASS (Simulated) ----

[2026-02-26 19:44:42] ---- Starting VPN Auto-Detect/Activate check ----
[2026-02-26 19:44:42] Simulating connection to SSID BART-WiFi
[2026-02-26 19:44:42] ⚠️ VPN not active. Initiating simulation/fallback.
[2026-02-26 19:44:42] ✅ Simulated VPN activation successful (flag created).
[2026-02-26 19:44:42] ---- Check complete: PASS (Simulated) ----

[2026-02-26 19:59:50] ---- Starting VPN Auto-Detect/Activate check ----
[2026-02-26 19:59:50] Simulating connection to SSID BART-WiFi
[2026-02-26 19:59:50] ⚠️ VPN not active. Initiating simulation/fallback.
[2026-02-26 19:59:50] ✅ Simulated VPN activation successful (flag created).
[2026-02-26 19:59:50] ---- Check complete: PASS (Simulated) ----

[2026-02-26 20:14:56] ---- Starting VPN Auto-Detect/Activate check ----
[2026-02-26 20:14:56] Simulating connection to SSID BART-WiFi
[2026-02-26 20:14:56] ⚠️ VPN not active. Initiating simulation/fallback.
[2026-02-26 20:14:56] ✅ Simulated VPN activation successful (flag created).
[2026-02-26 20:14:56] ---- Check complete: PASS (Simulated) ----

[2026-02-26 20:30:03] ---- Starting VPN Auto-Detect/Activate check ----
[2026-02-26 20:30:03] Simulating connection to SSID BART-WiFi
[2026-02-26 20:30:03] ⚠️ VPN not active. Initiating simulation/fallback.
[2026-02-26 20:30:03] ✅ Simulated VPN activation successful (flag created).
[2026-02-26 20:30:03] ---- Check complete: PASS (Simulated) ----

[2026-02-26 20:45:10] ---- Starting VPN Auto-Detect/Activate check ----
[2026-02-26 20:45:10] Simulating connection to SSID BART-WiFi
[2026-02-26 20:45:10] ⚠️ VPN not active. Initiating simulation/fallback.
[2026-02-26 20:45:10] ✅ Simulated VPN activation successful (flag created).
[2026-02-26 20:45:10] ---- Check complete: PASS (Simulated) ----

[2026-02-26 21:00:16] ---- Starting VPN Auto-Detect/Activate check ----
[2026-02-26 21:00:16] Simulating connection to SSID BART-WiFi
[2026-02-26 21:00:17] ⚠️ VPN not active. Initiating simulation/fallback.
[2026-02-26 21:00:17] ✅ Simulated VPN activation successful (flag created).
[2026-02-26 21:00:17] ---- Check complete: PASS (Simulated) ----

[2026-02-26 21:15:23] ---- Starting VPN Auto-Detect/Activate check ----
[2026-02-26 21:15:23] Simulating connection to SSID BART-WiFi
[2026-02-26 21:15:23] ⚠️ VPN not active. Initiating simulation/fallback.
[2026-02-26 21:15:23] ✅ Simulated VPN activation successful (flag created).
[2026-02-26 21:15:23] ---- Check complete: PASS (Simulated) ----

[2026-02-26 21:30:30] ---- Starting VPN Auto-Detect/Activate check ----
[2026-02-26 21:30:30] Simulating connection to SSID BART-WiFi
[2026-02-26 21:30:30] ⚠️ VPN not active. Initiating simulation/fallback.
[2026-02-26 21:30:30] ✅ Simulated VPN activation successful (flag created).
[2026-02-26 21:30:30] ---- Check complete: PASS (Simulated) ----

[2026-02-26 21:45:36] ---- Starting VPN Auto-Detect/Activate check ----
[2026-02-26 21:45:36] Simulating connection to SSID BART-WiFi
[2026-02-26 21:45:36] ⚠️ VPN not active. Initiating simulation/fallback.
[2026-02-26 21:45:36] ✅ Simulated VPN activation successful (flag created).
[2026-02-26 21:45:36] ---- Check complete: PASS (Simulated) ----

[2026-02-26 22:00:42] ---- Starting VPN Auto-Detect/Activate check ----
[2026-02-26 22:00:42] Simulating connection to SSID BART-WiFi
[2026-02-26 22:00:42] ⚠️ VPN not active. Initiating simulation/fallback.
[2026-02-26 22:00:42] ✅ Simulated VPN activation successful (flag created).
[2026-02-26 22:00:42] ---- Check complete: PASS (Simulated) ----

[2026-02-26 22:15:52] ---- Starting VPN Auto-Detect/Activate check ----
[2026-02-26 22:15:52] Simulating connection to SSID BART-WiFi
[2026-02-26 22:15:52] ⚠️ VPN not active. Initiating simulation/fallback.
[2026-02-26 22:15:52] ✅ Simulated VPN activation successful (flag created).
[2026-02-26 22:15:52] ---- Check complete: PASS (Simulated) ----

[2026-02-26 22:30:59] ---- Starting VPN Auto-Detect/Activate check ----
[2026-02-26 22:30:59] Simulating connection to SSID BART-WiFi
[2026-02-26 22:30:59] ⚠️ VPN not active. Initiating simulation/fallback.
[2026-02-26 22:30:59] ✅ Simulated VPN activation successful (flag created).
[2026-02-26 22:30:59] ---- Check complete: PASS (Simulated) ----

[2026-02-26 22:46:11] ---- Starting VPN Auto-Detect/Activate check ----
[2026-02-26 22:46:11] Simulating connection to SSID BART-WiFi
[2026-02-26 22:46:11] ⚠️ VPN not active. Initiating simulation/fallback.
[2026-02-26 22:46:11] ✅ Simulated VPN activation successful (flag created).
[2026-02-26 22:46:11] ---- Check complete: PASS (Simulated) ----

[2026-02-26 23:01:18] ---- Starting VPN Auto-Detect/Activate check ----
[2026-02-26 23:01:18] Simulating connection to SSID BART-WiFi
[2026-02-26 23:01:18] ⚠️ VPN not active. Initiating simulation/fallback.
[2026-02-26 23:01:18] ✅ Simulated VPN activation successful (flag created).
[2026-02-26 23:01:18] ---- Check complete: PASS (Simulated) ----

[2026-02-26 23:16:25] ---- Starting VPN Auto-Detect/Activate check ----
[2026-02-26 23:16:25] Simulating connection to SSID BART-WiFi
[2026-02-26 23:16:25] ⚠️ VPN not active. Initiating simulation/fallback.
[2026-02-26 23:16:25] ✅ Simulated VPN activation successful (flag created).
[2026-02-26 23:16:25] ---- Check complete: PASS (Simulated) ----

[2026-02-26 23:31:31] ---- Starting VPN Auto-Detect/Activate check ----
[2026-02-26 23:31:31] Simulating connection to SSID BART-WiFi
[2026-02-26 23:31:31] ⚠️ VPN not active. Initiating simulation/fallback.
[2026-02-26 23:31:31] ✅ Simulated VPN activation successful (flag created).
[2026-02-26 23:31:31] ---- Check complete: PASS (Simulated) ----

[2026-02-26 23:46:37] ---- Starting VPN Auto-Detect/Activate check ----
[2026-02-26 23:46:37] Simulating connection to SSID BART-WiFi
[2026-02-26 23:46:37] ⚠️ VPN not active. Initiating simulation/fallback.
[2026-02-26 23:46:37] ✅ Simulated VPN activation successful (flag created).
[2026-02-26 23:46:37] ---- Check complete: PASS (Simulated) ----

[2026-02-27 00:01:42] ---- Starting VPN Auto-Detect/Activate check ----
[2026-02-27 00:01:42] Simulating connection to SSID BART-WiFi
[2026-02-27 00:01:42] ⚠️ VPN not active. Initiating simulation/fallback.
[2026-02-27 00:01:42] ✅ Simulated VPN activation successful (flag created).
[2026-02-27 00:01:42] ---- Check complete: PASS (Simulated) ----

[2026-02-27 00:16:49] ---- Starting VPN Auto-Detect/Activate check ----
[2026-02-27 00:16:49] Simulating connection to SSID BART-WiFi
[2026-02-27 00:16:49] ⚠️ VPN not active. Initiating simulation/fallback.
[2026-02-27 00:16:49] ✅ Simulated VPN activation successful (flag created).
[2026-02-27 00:16:49] ---- Check complete: PASS (Simulated) ----

[2026-02-27 00:31:55] ---- Starting VPN Auto-Detect/Activate check ----
[2026-02-27 00:31:55] Simulating connection to SSID BART-WiFi
[2026-02-27 00:31:55] ⚠️ VPN not active. Initiating simulation/fallback.
[2026-02-27 00:31:55] ✅ Simulated VPN activation successful (flag created).
[2026-02-27 00:31:55] ---- Check complete: PASS (Simulated) ----

[2026-02-27 00:47:02] ---- Starting VPN Auto-Detect/Activate check ----
[2026-02-27 00:47:02] Simulating connection to SSID BART-WiFi
[2026-02-27 00:47:02] ⚠️ VPN not active. Initiating simulation/fallback.
[2026-02-27 00:47:02] ✅ Simulated VPN activation successful (flag created).
[2026-02-27 00:47:02] ---- Check complete: PASS (Simulated) ----

[2026-02-27 01:02:10] ---- Starting VPN Auto-Detect/Activate check ----
[2026-02-27 01:02:10] Simulating connection to SSID BART-WiFi
[2026-02-27 01:02:10] ⚠️ VPN not active. Initiating simulation/fallback.
[2026-02-27 01:02:10] ✅ Simulated VPN activation successful (flag created).
[2026-02-27 01:02:10] ---- Check complete: PASS (Simulated) ----

[2026-02-27 01:17:15] ---- Starting VPN Auto-Detect/Activate check ----
[2026-02-27 01:17:15] Simulating connection to SSID BART-WiFi
[2026-02-27 01:17:15] ⚠️ VPN not active. Initiating simulation/fallback.
[2026-02-27 01:17:15] ✅ Simulated VPN activation successful (flag created).
[2026-02-27 01:17:15] ---- Check complete: PASS (Simulated) ----

[2026-02-27 01:32:21] ---- Starting VPN Auto-Detect/Activate check ----
[2026-02-27 01:32:21] Simulating connection to SSID BART-WiFi
[2026-02-27 01:32:21] ⚠️ VPN not active. Initiating simulation/fallback.
[2026-02-27 01:32:21] ✅ Simulated VPN activation successful (flag created).
[2026-02-27 01:32:21] ---- Check complete: PASS (Simulated) ----

[2026-02-27 01:47:27] ---- Starting VPN Auto-Detect/Activate check ----
[2026-02-27 01:47:27] Simulating connection to SSID BART-WiFi
[2026-02-27 01:47:27] ⚠️ VPN not active. Initiating simulation/fallback.
[2026-02-27 01:47:27] ✅ Simulated VPN activation successful (flag created).
[2026-02-27 01:47:27] ---- Check complete: PASS (Simulated) ----

[2026-02-27 02:02:32] ---- Starting VPN Auto-Detect/Activate check ----
[2026-02-27 02:02:32] Simulating connection to SSID BART-WiFi
[2026-02-27 02:02:32] ⚠️ VPN not active. Initiating simulation/fallback.
[2026-02-27 02:02:32] ✅ Simulated VPN activation successful (flag created).
[2026-02-27 02:02:32] ---- Check complete: PASS (Simulated) ----

[2026-02-27 02:17:40] ---- Starting VPN Auto-Detect/Activate check ----
[2026-02-27 02:17:40] Simulating connection to SSID BART-WiFi
[2026-02-27 02:17:40] ⚠️ VPN not active. Initiating simulation/fallback.
[2026-02-27 02:17:40] ✅ Simulated VPN activation successful (flag created).
[2026-02-27 02:17:40] ---- Check complete: PASS (Simulated) ----

[2026-02-27 02:32:45] ---- Starting VPN Auto-Detect/Activate check ----
[2026-02-27 02:32:45] Simulating connection to SSID BART-WiFi
[2026-02-27 02:32:45] ⚠️ VPN not active. Initiating simulation/fallback.
[2026-02-27 02:32:45] ✅ Simulated VPN activation successful (flag created).
[2026-02-27 02:32:45] ---- Check complete: PASS (Simulated) ----

[2026-02-27 02:47:50] ---- Starting VPN Auto-Detect/Activate check ----
[2026-02-27 02:47:50] Simulating connection to SSID BART-WiFi
[2026-02-27 02:47:50] ⚠️ VPN not active. Initiating simulation/fallback.
[2026-02-27 02:47:50] ✅ Simulated VPN activation successful (flag created).
[2026-02-27 02:47:50] ---- Check complete: PASS (Simulated) ----

[2026-02-27 03:02:56] ---- Starting VPN Auto-Detect/Activate check ----
[2026-02-27 03:02:56] Simulating connection to SSID BART-WiFi
[2026-02-27 03:02:56] ⚠️ VPN not active. Initiating simulation/fallback.
[2026-02-27 03:02:56] ✅ Simulated VPN activation successful (flag created).
[2026-02-27 03:02:56] ---- Check complete: PASS (Simulated) ----

[2026-02-27 03:18:02] ---- Starting VPN Auto-Detect/Activate check ----
[2026-02-27 03:18:02] Simulating connection to SSID BART-WiFi
[2026-02-27 03:18:02] ⚠️ VPN not active. Initiating simulation/fallback.
[2026-02-27 03:18:02] ✅ Simulated VPN activation successful (flag created).
[2026-02-27 03:18:02] ---- Check complete: PASS (Simulated) ----

[2026-02-27 03:33:15] ---- Starting VPN Auto-Detect/Activate check ----
[2026-02-27 03:33:15] Simulating connection to SSID BART-WiFi
[2026-02-27 03:33:15] ⚠️ VPN not active. Initiating simulation/fallback.
[2026-02-27 03:33:15] ✅ Simulated VPN activation successful (flag created).
[2026-02-27 03:33:15] ---- Check complete: PASS (Simulated) ----

[2026-02-27 03:48:21] ---- Starting VPN Auto-Detect/Activate check ----
[2026-02-27 03:48:21] Simulating connection to SSID BART-WiFi
[2026-02-27 03:48:21] ⚠️ VPN not active. Initiating simulation/fallback.
[2026-02-27 03:48:21] ✅ Simulated VPN activation successful (flag created).
[2026-02-27 03:48:21] ---- Check complete: PASS (Simulated) ----

[2026-02-27 04:03:27] ---- Starting VPN Auto-Detect/Activate check ----
[2026-02-27 04:03:27] Simulating connection to SSID BART-WiFi
[2026-02-27 04:03:27] ⚠️ VPN not active. Initiating simulation/fallback.
[2026-02-27 04:03:27] ✅ Simulated VPN activation successful (flag created).
[2026-02-27 04:03:27] ---- Check complete: PASS (Simulated) ----

[2026-02-27 04:18:32] ---- Starting VPN Auto-Detect/Activate check ----
[2026-02-27 04:18:32] Simulating connection to SSID BART-WiFi
[2026-02-27 04:18:32] ⚠️ VPN not active. Initiating simulation/fallback.
[2026-02-27 04:18:32] ✅ Simulated VPN activation successful (flag created).
[2026-02-27 04:18:32] ---- Check complete: PASS (Simulated) ----

[2026-02-27 04:33:39] ---- Starting VPN Auto-Detect/Activate check ----
[2026-02-27 04:33:39] Simulating connection to SSID BART-WiFi
[2026-02-27 04:33:39] ⚠️ VPN not active. Initiating simulation/fallback.
[2026-02-27 04:33:39] ✅ Simulated VPN activation successful (flag created).
[2026-02-27 04:33:39] ---- Check complete: PASS (Simulated) ----

[2026-02-27 04:48:45] ---- Starting VPN Auto-Detect/Activate check ----
[2026-02-27 04:48:45] Simulating connection to SSID BART-WiFi
[2026-02-27 04:48:45] ⚠️ VPN not active. Initiating simulation/fallback.
[2026-02-27 04:48:45] ✅ Simulated VPN activation successful (flag created).
[2026-02-27 04:48:45] ---- Check complete: PASS (Simulated) ----

[2026-02-27 05:03:51] ---- Starting VPN Auto-Detect/Activate check ----
[2026-02-27 05:03:51] Simulating connection to SSID BART-WiFi
[2026-02-27 05:03:51] ⚠️ VPN not active. Initiating simulation/fallback.
[2026-02-27 05:03:51] ✅ Simulated VPN activation successful (flag created).
[2026-02-27 05:03:51] ---- Check complete: PASS (Simulated) ----

[2026-02-27 05:18:57] ---- Starting VPN Auto-Detect/Activate check ----
[2026-02-27 05:18:57] Simulating connection to SSID BART-WiFi
[2026-02-27 05:18:57] ⚠️ VPN not active. Initiating simulation/fallback.
[2026-02-27 05:18:57] ✅ Simulated VPN activation successful (flag created).
[2026-02-27 05:18:57] ---- Check complete: PASS (Simulated) ----

[2026-02-27 05:34:03] ---- Starting VPN Auto-Detect/Activate check ----
[2026-02-27 05:34:03] Simulating connection to SSID BART-WiFi
[2026-02-27 05:34:03] ⚠️ VPN not active. Initiating simulation/fallback.
[2026-02-27 05:34:03] ✅ Simulated VPN activation successful (flag created).
[2026-02-27 05:34:03] ---- Check complete: PASS (Simulated) ----

[2026-02-27 05:49:10] ---- Starting VPN Auto-Detect/Activate check ----
[2026-02-27 05:49:10] Simulating connection to SSID BART-WiFi
[2026-02-27 05:49:10] ⚠️ VPN not active. Initiating simulation/fallback.
[2026-02-27 05:49:10] ✅ Simulated VPN activation successful (flag created).
[2026-02-27 05:49:10] ---- Check complete: PASS (Simulated) ----

[2026-02-27 06:04:15] ---- Starting VPN Auto-Detect/Activate check ----
[2026-02-27 06:04:15] Simulating connection to SSID BART-WiFi
[2026-02-27 06:04:15] ⚠️ VPN not active. Initiating simulation/fallback.
[2026-02-27 06:04:15] ✅ Simulated VPN activation successful (flag created).
[2026-02-27 06:04:15] ---- Check complete: PASS (Simulated) ----

[2026-02-27 06:19:21] ---- Starting VPN Auto-Detect/Activate check ----
[2026-02-27 06:19:21] Simulating connection to SSID BART-WiFi
[2026-02-27 06:19:21] ⚠️ VPN not active. Initiating simulation/fallback.
[2026-02-27 06:19:21] ✅ Simulated VPN activation successful (flag created).
[2026-02-27 06:19:21] ---- Check complete: PASS (Simulated) ----

[2026-02-27 06:34:26] ---- Starting VPN Auto-Detect/Activate check ----
[2026-02-27 06:34:26] Simulating connection to SSID BART-WiFi
[2026-02-27 06:34:26] ⚠️ VPN not active. Initiating simulation/fallback.
[2026-02-27 06:34:26] ✅ Simulated VPN activation successful (flag created).
[2026-02-27 06:34:26] ---- Check complete: PASS (Simulated) ----

[2026-02-27 06:49:32] ---- Starting VPN Auto-Detect/Activate check ----
[2026-02-27 06:49:32] Simulating connection to SSID BART-WiFi
[2026-02-27 06:49:32] ⚠️ VPN not active. Initiating simulation/fallback.
[2026-02-27 06:49:32] ✅ Simulated VPN activation successful (flag created).
[2026-02-27 06:49:32] ---- Check complete: PASS (Simulated) ----

[2026-02-27 07:04:37] ---- Starting VPN Auto-Detect/Activate check ----
[2026-02-27 07:04:37] Simulating connection to SSID BART-WiFi
[2026-02-27 07:04:37] ⚠️ VPN not active. Initiating simulation/fallback.
[2026-02-27 07:04:37] ✅ Simulated VPN activation successful (flag created).
[2026-02-27 07:04:37] ---- Check complete: PASS (Simulated) ----

[2026-02-27 07:19:43] ---- Starting VPN Auto-Detect/Activate check ----
[2026-02-27 07:19:43] Simulating connection to SSID BART-WiFi
[2026-02-27 07:19:43] ⚠️ VPN not active. Initiating simulation/fallback.
[2026-02-27 07:19:43] ✅ Simulated VPN activation successful (flag created).
[2026-02-27 07:19:43] ---- Check complete: PASS (Simulated) ----

[2026-02-27 07:34:49] ---- Starting VPN Auto-Detect/Activate check ----
[2026-02-27 07:34:49] Simulating connection to SSID BART-WiFi
[2026-02-27 07:34:49] ⚠️ VPN not active. Initiating simulation/fallback.
[2026-02-27 07:34:49] ✅ Simulated VPN activation successful (flag created).
[2026-02-27 07:34:49] ---- Check complete: PASS (Simulated) ----

[2026-02-27 07:49:55] ---- Starting VPN Auto-Detect/Activate check ----
[2026-02-27 07:49:55] Simulating connection to SSID BART-WiFi
[2026-02-27 07:49:55] ⚠️ VPN not active. Initiating simulation/fallback.
[2026-02-27 07:49:55] ✅ Simulated VPN activation successful (flag created).
[2026-02-27 07:49:55] ---- Check complete: PASS (Simulated) ----

[2026-02-27 08:05:00] ---- Starting VPN Auto-Detect/Activate check ----
[2026-02-27 08:05:00] Simulating connection to SSID BART-WiFi
[2026-02-27 08:05:00] ⚠️ VPN not active. Initiating simulation/fallback.
[2026-02-27 08:05:00] ✅ Simulated VPN activation successful (flag created).
[2026-02-27 08:05:00] ---- Check complete: PASS (Simulated) ----

[2026-02-27 08:20:07] ---- Starting VPN Auto-Detect/Activate check ----
[2026-02-27 08:20:07] Simulating connection to SSID BART-WiFi
[2026-02-27 08:20:07] ⚠️ VPN not active. Initiating simulation/fallback.
[2026-02-27 08:20:07] ✅ Simulated VPN activation successful (flag created).
[2026-02-27 08:20:07] ---- Check complete: PASS (Simulated) ----

[2026-02-27 08:35:13] ---- Starting VPN Auto-Detect/Activate check ----
[2026-02-27 08:35:13] Simulating connection to SSID BART-WiFi
[2026-02-27 08:35:13] ⚠️ VPN not active. Initiating simulation/fallback.
[2026-02-27 08:35:13] ✅ Simulated VPN activation successful (flag created).
[2026-02-27 08:35:13] ---- Check complete: PASS (Simulated) ----

[2026-02-27 08:50:19] ---- Starting VPN Auto-Detect/Activate check ----
[2026-02-27 08:50:19] Simulating connection to SSID BART-WiFi
[2026-02-27 08:50:19] ⚠️ VPN not active. Initiating simulation/fallback.
[2026-02-27 08:50:19] ✅ Simulated VPN activation successful (flag created).
[2026-02-27 08:50:19] ---- Check complete: PASS (Simulated) ----

[2026-02-27 09:05:25] ---- Starting VPN Auto-Detect/Activate check ----
[2026-02-27 09:05:25] Simulating connection to SSID BART-WiFi
[2026-02-27 09:05:25] ⚠️ VPN not active. Initiating simulation/fallback.
[2026-02-27 09:05:25] ✅ Simulated VPN activation successful (flag created).
[2026-02-27 09:05:25] ---- Check complete: PASS (Simulated) ----

[2026-02-27 09:20:31] ---- Starting VPN Auto-Detect/Activate check ----
[2026-02-27 09:20:31] Simulating connection to SSID BART-WiFi
[2026-02-27 09:20:31] ⚠️ VPN not active. Initiating simulation/fallback.
[2026-02-27 09:20:31] ✅ Simulated VPN activation successful (flag created).
[2026-02-27 09:20:31] ---- Check complete: PASS (Simulated) ----

[2026-02-27 09:35:37] ---- Starting VPN Auto-Detect/Activate check ----
[2026-02-27 09:35:37] Simulating connection to SSID BART-WiFi
[2026-02-27 09:35:37] ⚠️ VPN not active. Initiating simulation/fallback.
[2026-02-27 09:35:37] ✅ Simulated VPN activation successful (flag created).
[2026-02-27 09:35:37] ---- Check complete: PASS (Simulated) ----

[2026-02-27 09:50:43] ---- Starting VPN Auto-Detect/Activate check ----
[2026-02-27 09:50:43] Simulating connection to SSID BART-WiFi
[2026-02-27 09:50:43] ⚠️ VPN not active. Initiating simulation/fallback.
[2026-02-27 09:50:43] ✅ Simulated VPN activation successful (flag created).
[2026-02-27 09:50:43] ---- Check complete: PASS (Simulated) ----

[2026-02-27 10:05:50] ---- Starting VPN Auto-Detect/Activate check ----
[2026-02-27 10:05:50] Simulating connection to SSID BART-WiFi
[2026-02-27 10:05:50] ⚠️ VPN not active. Initiating simulation/fallback.
[2026-02-27 10:05:50] ✅ Simulated VPN activation successful (flag created).
[2026-02-27 10:05:50] ---- Check complete: PASS (Simulated) ----

[2026-02-27 10:20:55] ---- Starting VPN Auto-Detect/Activate check ----
[2026-02-27 10:20:55] Simulating connection to SSID BART-WiFi
[2026-02-27 10:20:55] ⚠️ VPN not active. Initiating simulation/fallback.
[2026-02-27 10:20:55] ✅ Simulated VPN activation successful (flag created).
[2026-02-27 10:20:55] ---- Check complete: PASS (Simulated) ----

[2026-02-27 10:36:02] ---- Starting VPN Auto-Detect/Activate check ----
[2026-02-27 10:36:02] Simulating connection to SSID BART-WiFi
[2026-02-27 10:36:02] ⚠️ VPN not active. Initiating simulation/fallback.
[2026-02-27 10:36:02] ✅ Simulated VPN activation successful (flag created).
[2026-02-27 10:36:02] ---- Check complete: PASS (Simulated) ----

[2026-02-27 10:51:10] ---- Starting VPN Auto-Detect/Activate check ----
[2026-02-27 10:51:10] Simulating connection to SSID BART-WiFi
[2026-02-27 10:51:10] ⚠️ VPN not active. Initiating simulation/fallback.
[2026-02-27 10:51:10] ✅ Simulated VPN activation successful (flag created).
[2026-02-27 10:51:10] ---- Check complete: PASS (Simulated) ----

[2026-02-27 11:06:16] ---- Starting VPN Auto-Detect/Activate check ----
[2026-02-27 11:06:16] Simulating connection to SSID BART-WiFi
[2026-02-27 11:06:16] ⚠️ VPN not active. Initiating simulation/fallback.
[2026-02-27 11:06:16] ✅ Simulated VPN activation successful (flag created).
[2026-02-27 11:06:16] ---- Check complete: PASS (Simulated) ----

[2026-02-27 11:21:22] ---- Starting VPN Auto-Detect/Activate check ----
[2026-02-27 11:21:22] Simulating connection to SSID BART-WiFi
[2026-02-27 11:21:22] ⚠️ VPN not active. Initiating simulation/fallback.
[2026-02-27 11:21:22] ✅ Simulated VPN activation successful (flag created).
[2026-02-27 11:21:22] ---- Check complete: PASS (Simulated) ----

[2026-02-27 11:36:29] ---- Starting VPN Auto-Detect/Activate check ----
[2026-02-27 11:36:29] Simulating connection to SSID BART-WiFi
[2026-02-27 11:36:29] ⚠️ VPN not active. Initiating simulation/fallback.
[2026-02-27 11:36:29] ✅ Simulated VPN activation successful (flag created).
[2026-02-27 11:36:29] ---- Check complete: PASS (Simulated) ----

[2026-02-27 11:51:35] ---- Starting VPN Auto-Detect/Activate check ----
[2026-02-27 11:51:35] Simulating connection to SSID BART-WiFi
[2026-02-27 11:51:35] ⚠️ VPN not active. Initiating simulation/fallback.
[2026-02-27 11:51:35] ✅ Simulated VPN activation successful (flag created).
[2026-02-27 11:51:35] ---- Check complete: PASS (Simulated) ----

[2026-02-27 12:06:42] ---- Starting VPN Auto-Detect/Activate check ----
[2026-02-27 12:06:42] Simulating connection to SSID BART-WiFi
[2026-02-27 12:06:42] ⚠️ VPN not active. Initiating simulation/fallback.
[2026-02-27 12:06:42] ✅ Simulated VPN activation successful (flag created).
[2026-02-27 12:06:42] ---- Check complete: PASS (Simulated) ----

[2026-02-27 12:21:50] ---- Starting VPN Auto-Detect/Activate check ----
[2026-02-27 12:21:50] Simulating connection to SSID BART-WiFi
[2026-02-27 12:21:50] ⚠️ VPN not active. Initiating simulation/fallback.
[2026-02-27 12:21:50] ✅ Simulated VPN activation successful (flag created).
[2026-02-27 12:21:50] ---- Check complete: PASS (Simulated) ----

[2026-02-27 12:36:55] ---- Starting VPN Auto-Detect/Activate check ----
[2026-02-27 12:36:55] Simulating connection to SSID BART-WiFi
[2026-02-27 12:36:55] ⚠️ VPN not active. Initiating simulation/fallback.
[2026-02-27 12:36:55] ✅ Simulated VPN activation successful (flag created).
[2026-02-27 12:36:55] ---- Check complete: PASS (Simulated) ----

[2026-02-27 12:52:01] ---- Starting VPN Auto-Detect/Activate check ----
[2026-02-27 12:52:01] Simulating connection to SSID BART-WiFi
[2026-02-27 12:52:01] ⚠️ VPN not active. Initiating simulation/fallback.
[2026-02-27 12:52:01] ✅ Simulated VPN activation successful (flag created).
[2026-02-27 12:52:01] ---- Check complete: PASS (Simulated) ----

[2026-02-27 13:07:07] ---- Starting VPN Auto-Detect/Activate check ----
[2026-02-27 13:07:07] Simulating connection to SSID BART-WiFi
[2026-02-27 13:07:07] ⚠️ VPN not active. Initiating simulation/fallback.
[2026-02-27 13:07:07] ✅ Simulated VPN activation successful (flag created).
[2026-02-27 13:07:07] ---- Check complete: PASS (Simulated) ----

[2026-02-27 13:22:13] ---- Starting VPN Auto-Detect/Activate check ----
[2026-02-27 13:22:13] Simulating connection to SSID BART-WiFi
[2026-02-27 13:22:13] ⚠️ VPN not active. Initiating simulation/fallback.
[2026-02-27 13:22:13] ✅ Simulated VPN activation successful (flag created).
[2026-02-27 13:22:13] ---- Check complete: PASS (Simulated) ----

[2026-02-27 13:37:19] ---- Starting VPN Auto-Detect/Activate check ----
[2026-02-27 13:37:19] Simulating connection to SSID BART-WiFi
[2026-02-27 13:37:19] ⚠️ VPN not active. Initiating simulation/fallback.
[2026-02-27 13:37:19] ✅ Simulated VPN activation successful (flag created).
[2026-02-27 13:37:19] ---- Check complete: PASS (Simulated) ----

[2026-02-27 13:52:25] ---- Starting VPN Auto-Detect/Activate check ----
[2026-02-27 13:52:25] Simulating connection to SSID BART-WiFi
[2026-02-27 13:52:25] ⚠️ VPN not active. Initiating simulation/fallback.
[2026-02-27 13:52:25] ✅ Simulated VPN activation successful (flag created).
[2026-02-27 13:52:25] ---- Check complete: PASS (Simulated) ----

[2026-02-27 14:07:31] ---- Starting VPN Auto-Detect/Activate check ----
[2026-02-27 14:07:31] Simulating connection to SSID BART-WiFi
[2026-02-27 14:07:31] ⚠️ VPN not active. Initiating simulation/fallback.
[2026-02-27 14:07:31] ✅ Simulated VPN activation successful (flag created).
[2026-02-27 14:07:31] ---- Check complete: PASS (Simulated) ----

[2026-02-27 14:22:36] ---- Starting VPN Auto-Detect/Activate check ----
[2026-02-27 14:22:36] Simulating connection to SSID BART-WiFi
[2026-02-27 14:22:36] ⚠️ VPN not active. Initiating simulation/fallback.
[2026-02-27 14:22:36] ✅ Simulated VPN activation successful (flag created).
[2026-02-27 14:22:36] ---- Check complete: PASS (Simulated) ----

[2026-02-27 14:37:42] ---- Starting VPN Auto-Detect/Activate check ----
[2026-02-27 14:37:42] Simulating connection to SSID BART-WiFi
[2026-02-27 14:37:42] ⚠️ VPN not active. Initiating simulation/fallback.
[2026-02-27 14:37:42] ✅ Simulated VPN activation successful (flag created).
[2026-02-27 14:37:42] ---- Check complete: PASS (Simulated) ----

[2026-02-27 14:52:49] ---- Starting VPN Auto-Detect/Activate check ----
[2026-02-27 14:52:49] Simulating connection to SSID BART-WiFi
[2026-02-27 14:52:49] ⚠️ VPN not active. Initiating simulation/fallback.
[2026-02-27 14:52:49] ✅ Simulated VPN activation successful (flag created).
[2026-02-27 14:52:49] ---- Check complete: PASS (Simulated) ----

[2026-02-27 15:07:55] ---- Starting VPN Auto-Detect/Activate check ----
[2026-02-27 15:07:55] Simulating connection to SSID BART-WiFi
[2026-02-27 15:07:55] ⚠️ VPN not active. Initiating simulation/fallback.
[2026-02-27 15:07:55] ✅ Simulated VPN activation successful (flag created).
[2026-02-27 15:07:55] ---- Check complete: PASS (Simulated) ----

[2026-02-27 15:23:02] ---- Starting VPN Auto-Detect/Activate check ----
[2026-02-27 15:23:02] Simulating connection to SSID BART-WiFi
[2026-02-27 15:23:02] ⚠️ VPN not active. Initiating simulation/fallback.
[2026-02-27 15:23:02] ✅ Simulated VPN activation successful (flag created).
[2026-02-27 15:23:02] ---- Check complete: PASS (Simulated) ----

[2026-02-27 15:38:12] ---- Starting VPN Auto-Detect/Activate check ----
[2026-02-27 15:38:12] Simulating connection to SSID BART-WiFi
[2026-02-27 15:38:12] ⚠️ VPN not active. Initiating simulation/fallback.
[2026-02-27 15:38:12] ✅ Simulated VPN activation successful (flag created).
[2026-02-27 15:38:12] ---- Check complete: PASS (Simulated) ----

[2026-02-27 15:53:19] ---- Starting VPN Auto-Detect/Activate check ----
[2026-02-27 15:53:19] Simulating connection to SSID BART-WiFi
[2026-02-27 15:53:19] ⚠️ VPN not active. Initiating simulation/fallback.
[2026-02-27 15:53:19] ✅ Simulated VPN activation successful (flag created).
[2026-02-27 15:53:19] ---- Check complete: PASS (Simulated) ----

[2026-02-27 16:08:25] ---- Starting VPN Auto-Detect/Activate check ----
[2026-02-27 16:08:25] Simulating connection to SSID BART-WiFi
[2026-02-27 16:08:25] ⚠️ VPN not active. Initiating simulation/fallback.
[2026-02-27 16:08:25] ✅ Simulated VPN activation successful (flag created).
[2026-02-27 16:08:25] ---- Check complete: PASS (Simulated) ----

[2026-02-27 16:23:32] ---- Starting VPN Auto-Detect/Activate check ----
[2026-02-27 16:23:32] Simulating connection to SSID BART-WiFi
[2026-02-27 16:23:32] ⚠️ VPN not active. Initiating simulation/fallback.
[2026-02-27 16:23:32] ✅ Simulated VPN activation successful (flag created).
[2026-02-27 16:23:32] ---- Check complete: PASS (Simulated) ----

[2026-02-27 16:38:40] ---- Starting VPN Auto-Detect/Activate check ----
[2026-02-27 16:38:40] Simulating connection to SSID BART-WiFi
[2026-02-27 16:38:40] ⚠️ VPN not active. Initiating simulation/fallback.
[2026-02-27 16:38:40] ✅ Simulated VPN activation successful (flag created).
[2026-02-27 16:38:40] ---- Check complete: PASS (Simulated) ----

[2026-02-27 16:53:48] ---- Starting VPN Auto-Detect/Activate check ----
[2026-02-27 16:53:48] Simulating connection to SSID BART-WiFi
[2026-02-27 16:53:48] ⚠️ VPN not active. Initiating simulation/fallback.
[2026-02-27 16:53:48] ✅ Simulated VPN activation successful (flag created).
[2026-02-27 16:53:48] ---- Check complete: PASS (Simulated) ----

[2026-02-27 17:08:56] ---- Starting VPN Auto-Detect/Activate check ----
[2026-02-27 17:08:56] Simulating connection to SSID BART-WiFi
[2026-02-27 17:08:56] ⚠️ VPN not active. Initiating simulation/fallback.
[2026-02-27 17:08:56] ✅ Simulated VPN activation successful (flag created).
[2026-02-27 17:08:56] ---- Check complete: PASS (Simulated) ----

[2026-02-27 17:24:03] ---- Starting VPN Auto-Detect/Activate check ----
[2026-02-27 17:24:03] Simulating connection to SSID BART-WiFi
[2026-02-27 17:24:03] ⚠️ VPN not active. Initiating simulation/fallback.
[2026-02-27 17:24:03] ✅ Simulated VPN activation successful (flag created).
[2026-02-27 17:24:03] ---- Check complete: PASS (Simulated) ----

[2026-02-27 17:39:09] ---- Starting VPN Auto-Detect/Activate check ----
[2026-02-27 17:39:09] Simulating connection to SSID BART-WiFi
[2026-02-27 17:39:10] ⚠️ VPN not active. Initiating simulation/fallback.
[2026-02-27 17:39:10] ✅ Simulated VPN activation successful (flag created).
[2026-02-27 17:39:10] ---- Check complete: PASS (Simulated) ----

[2026-02-27 17:54:16] ---- Starting VPN Auto-Detect/Activate check ----
[2026-02-27 17:54:16] Simulating connection to SSID BART-WiFi
[2026-02-27 17:54:16] ⚠️ VPN not active. Initiating simulation/fallback.
[2026-02-27 17:54:16] ✅ Simulated VPN activation successful (flag created).
[2026-02-27 17:54:16] ---- Check complete: PASS (Simulated) ----

[2026-02-27 18:09:21] ---- Starting VPN Auto-Detect/Activate check ----
[2026-02-27 18:09:21] Simulating connection to SSID BART-WiFi
[2026-02-27 18:09:21] ⚠️ VPN not active. Initiating simulation/fallback.
[2026-02-27 18:09:21] ✅ Simulated VPN activation successful (flag created).
[2026-02-27 18:09:21] ---- Check complete: PASS (Simulated) ----

[2026-02-27 18:24:27] ---- Starting VPN Auto-Detect/Activate check ----
[2026-02-27 18:24:27] Simulating connection to SSID BART-WiFi
[2026-02-27 18:24:27] ⚠️ VPN not active. Initiating simulation/fallback.
[2026-02-27 18:24:27] ✅ Simulated VPN activation successful (flag created).
[2026-02-27 18:24:27] ---- Check complete: PASS (Simulated) ----

[2026-02-27 18:39:32] ---- Starting VPN Auto-Detect/Activate check ----
[2026-02-27 18:39:32] Simulating connection to SSID BART-WiFi
[2026-02-27 18:39:32] ⚠️ VPN not active. Initiating simulation/fallback.
[2026-02-27 18:39:32] ✅ Simulated VPN activation successful (flag created).
[2026-02-27 18:39:32] ---- Check complete: PASS (Simulated) ----

[2026-02-27 18:54:39] ---- Starting VPN Auto-Detect/Activate check ----
[2026-02-27 18:54:39] Simulating connection to SSID BART-WiFi
[2026-02-27 18:54:39] ⚠️ VPN not active. Initiating simulation/fallback.
[2026-02-27 18:54:39] ✅ Simulated VPN activation successful (flag created).
[2026-02-27 18:54:39] ---- Check complete: PASS (Simulated) ----

[2026-02-27 19:09:45] ---- Starting VPN Auto-Detect/Activate check ----
[2026-02-27 19:09:45] Simulating connection to SSID BART-WiFi
[2026-02-27 19:09:45] ⚠️ VPN not active. Initiating simulation/fallback.
[2026-02-27 19:09:45] ✅ Simulated VPN activation successful (flag created).
[2026-02-27 19:09:45] ---- Check complete: PASS (Simulated) ----

[2026-02-27 19:24:51] ---- Starting VPN Auto-Detect/Activate check ----
[2026-02-27 19:24:51] Simulating connection to SSID BART-WiFi
[2026-02-27 19:24:51] ⚠️ VPN not active. Initiating simulation/fallback.
[2026-02-27 19:24:51] ✅ Simulated VPN activation successful (flag created).
[2026-02-27 19:24:51] ---- Check complete: PASS (Simulated) ----

[2026-02-27 19:39:59] ---- Starting VPN Auto-Detect/Activate check ----
[2026-02-27 19:39:59] Simulating connection to SSID BART-WiFi
[2026-02-27 19:39:59] ⚠️ VPN not active. Initiating simulation/fallback.
[2026-02-27 19:39:59] ✅ Simulated VPN activation successful (flag created).
[2026-02-27 19:39:59] ---- Check complete: PASS (Simulated) ----

[2026-02-27 20:16:18] ---- Starting VPN Auto-Detect/Activate check ----
[2026-02-27 20:16:18] Simulating connection to SSID BART-WiFi
[2026-02-27 20:16:18] ⚠️ VPN not active. Initiating simulation/fallback.
[2026-02-27 20:16:18] ✅ Simulated VPN activation successful (flag created).
[2026-02-27 20:16:18] ---- Check complete: PASS (Simulated) ----

[2026-02-27 20:31:25] ---- Starting VPN Auto-Detect/Activate check ----
[2026-02-27 20:31:25] Simulating connection to SSID BART-WiFi
[2026-02-27 20:31:25] ⚠️ VPN not active. Initiating simulation/fallback.
[2026-02-27 20:31:25] ✅ Simulated VPN activation successful (flag created).
[2026-02-27 20:31:25] ---- Check complete: PASS (Simulated) ----

[2026-02-27 20:46:32] ---- Starting VPN Auto-Detect/Activate check ----
[2026-02-27 20:46:32] Simulating connection to SSID BART-WiFi
[2026-02-27 20:46:32] ⚠️ VPN not active. Initiating simulation/fallback.
[2026-02-27 20:46:32] ✅ Simulated VPN activation successful (flag created).
[2026-02-27 20:46:32] ---- Check complete: PASS (Simulated) ----

[2026-02-27 21:01:39] ---- Starting VPN Auto-Detect/Activate check ----
[2026-02-27 21:01:40] Simulating connection to SSID BART-WiFi
[2026-02-27 21:01:40] ⚠️ VPN not active. Initiating simulation/fallback.
[2026-02-27 21:01:40] ✅ Simulated VPN activation successful (flag created).
[2026-02-27 21:01:40] ---- Check complete: PASS (Simulated) ----

[2026-02-27 21:16:45] ---- Starting VPN Auto-Detect/Activate check ----
[2026-02-27 21:16:45] Simulating connection to SSID BART-WiFi
[2026-02-27 21:16:45] ⚠️ VPN not active. Initiating simulation/fallback.
[2026-02-27 21:16:45] ✅ Simulated VPN activation successful (flag created).
[2026-02-27 21:16:45] ---- Check complete: PASS (Simulated) ----

[2026-02-27 21:31:51] ---- Starting VPN Auto-Detect/Activate check ----
[2026-02-27 21:31:51] Simulating connection to SSID BART-WiFi
[2026-02-27 21:31:51] ⚠️ VPN not active. Initiating simulation/fallback.
[2026-02-27 21:31:51] ✅ Simulated VPN activation successful (flag created).
[2026-02-27 21:31:51] ---- Check complete: PASS (Simulated) ----

[2026-02-27 21:46:56] ---- Starting VPN Auto-Detect/Activate check ----
[2026-02-27 21:46:56] Simulating connection to SSID BART-WiFi
[2026-02-27 21:46:56] ⚠️ VPN not active. Initiating simulation/fallback.
[2026-02-27 21:46:56] ✅ Simulated VPN activation successful (flag created).
[2026-02-27 21:46:56] ---- Check complete: PASS (Simulated) ----

[2026-02-27 22:02:03] ---- Starting VPN Auto-Detect/Activate check ----
[2026-02-27 22:02:03] Simulating connection to SSID BART-WiFi
[2026-02-27 22:02:03] ⚠️ VPN not active. Initiating simulation/fallback.
[2026-02-27 22:02:03] ✅ Simulated VPN activation successful (flag created).
[2026-02-27 22:02:03] ---- Check complete: PASS (Simulated) ----

[2026-02-27 22:17:10] ---- Starting VPN Auto-Detect/Activate check ----
[2026-02-27 22:17:10] Simulating connection to SSID BART-WiFi
[2026-02-27 22:17:10] ⚠️ VPN not active. Initiating simulation/fallback.
[2026-02-27 22:17:10] ✅ Simulated VPN activation successful (flag created).
[2026-02-27 22:17:10] ---- Check complete: PASS (Simulated) ----

[2026-02-27 22:32:15] ---- Starting VPN Auto-Detect/Activate check ----
[2026-02-27 22:32:15] Simulating connection to SSID BART-WiFi
[2026-02-27 22:32:15] ⚠️ VPN not active. Initiating simulation/fallback.
[2026-02-27 22:32:15] ✅ Simulated VPN activation successful (flag created).
[2026-02-27 22:32:15] ---- Check complete: PASS (Simulated) ----

[2026-02-27 22:47:21] ---- Starting VPN Auto-Detect/Activate check ----
[2026-02-27 22:47:21] Simulating connection to SSID BART-WiFi
[2026-02-27 22:47:21] ⚠️ VPN not active. Initiating simulation/fallback.
[2026-02-27 22:47:21] ✅ Simulated VPN activation successful (flag created).
[2026-02-27 22:47:21] ---- Check complete: PASS (Simulated) ----

[2026-02-27 23:02:28] ---- Starting VPN Auto-Detect/Activate check ----
[2026-02-27 23:02:28] Simulating connection to SSID BART-WiFi
[2026-02-27 23:02:28] ⚠️ VPN not active. Initiating simulation/fallback.
[2026-02-27 23:02:28] ✅ Simulated VPN activation successful (flag created).
[2026-02-27 23:02:28] ---- Check complete: PASS (Simulated) ----

[2026-02-27 23:17:33] ---- Starting VPN Auto-Detect/Activate check ----
[2026-02-27 23:17:33] Simulating connection to SSID BART-WiFi
[2026-02-27 23:17:33] ⚠️ VPN not active. Initiating simulation/fallback.
[2026-02-27 23:17:33] ✅ Simulated VPN activation successful (flag created).
[2026-02-27 23:17:33] ---- Check complete: PASS (Simulated) ----

[2026-02-27 23:32:40] ---- Starting VPN Auto-Detect/Activate check ----
[2026-02-27 23:32:40] Simulating connection to SSID BART-WiFi
[2026-02-27 23:32:40] ⚠️ VPN not active. Initiating simulation/fallback.
[2026-02-27 23:32:40] ✅ Simulated VPN activation successful (flag created).
[2026-02-27 23:32:40] ---- Check complete: PASS (Simulated) ----

[2026-02-27 23:47:45] ---- Starting VPN Auto-Detect/Activate check ----
[2026-02-27 23:47:45] Simulating connection to SSID BART-WiFi
[2026-02-27 23:47:45] ⚠️ VPN not active. Initiating simulation/fallback.
[2026-02-27 23:47:45] ✅ Simulated VPN activation successful (flag created).
[2026-02-27 23:47:45] ---- Check complete: PASS (Simulated) ----

[2026-02-28 00:02:51] ---- Starting VPN Auto-Detect/Activate check ----
[2026-02-28 00:02:51] Simulating connection to SSID BART-WiFi
[2026-02-28 00:02:51] ⚠️ VPN not active. Initiating simulation/fallback.
[2026-02-28 00:02:51] ✅ Simulated VPN activation successful (flag created).
[2026-02-28 00:02:51] ---- Check complete: PASS (Simulated) ----

[2026-02-28 00:17:56] ---- Starting VPN Auto-Detect/Activate check ----
[2026-02-28 00:17:56] Simulating connection to SSID BART-WiFi
[2026-02-28 00:17:56] ⚠️ VPN not active. Initiating simulation/fallback.
[2026-02-28 00:17:57] ✅ Simulated VPN activation successful (flag created).
[2026-02-28 00:17:57] ---- Check complete: PASS (Simulated) ----

[2026-02-28 00:33:02] ---- Starting VPN Auto-Detect/Activate check ----
[2026-02-28 00:33:02] Simulating connection to SSID BART-WiFi
[2026-02-28 00:33:02] ⚠️ VPN not active. Initiating simulation/fallback.
[2026-02-28 00:33:02] ✅ Simulated VPN activation successful (flag created).
[2026-02-28 00:33:02] ---- Check complete: PASS (Simulated) ----

[2026-02-28 00:48:12] ---- Starting VPN Auto-Detect/Activate check ----
[2026-02-28 00:48:12] Simulating connection to SSID BART-WiFi
[2026-02-28 00:48:12] ⚠️ VPN not active. Initiating simulation/fallback.
[2026-02-28 00:48:12] ✅ Simulated VPN activation successful (flag created).
[2026-02-28 00:48:12] ---- Check complete: PASS (Simulated) ----

[2026-02-28 01:03:19] ---- Starting VPN Auto-Detect/Activate check ----
[2026-02-28 01:03:19] Simulating connection to SSID BART-WiFi
[2026-02-28 01:03:19] ⚠️ VPN not active. Initiating simulation/fallback.
[2026-02-28 01:03:19] ✅ Simulated VPN activation successful (flag created).
[2026-02-28 01:03:19] ---- Check complete: PASS (Simulated) ----

[2026-02-28 01:18:24] ---- Starting VPN Auto-Detect/Activate check ----
[2026-02-28 01:18:24] Simulating connection to SSID BART-WiFi
[2026-02-28 01:18:24] ⚠️ VPN not active. Initiating simulation/fallback.
[2026-02-28 01:18:24] ✅ Simulated VPN activation successful (flag created).
[2026-02-28 01:18:24] ---- Check complete: PASS (Simulated) ----

[2026-02-28 01:33:30] ---- Starting VPN Auto-Detect/Activate check ----
[2026-02-28 01:33:30] Simulating connection to SSID BART-WiFi
[2026-02-28 01:33:30] ⚠️ VPN not active. Initiating simulation/fallback.
[2026-02-28 01:33:30] ✅ Simulated VPN activation successful (flag created).
[2026-02-28 01:33:30] ---- Check complete: PASS (Simulated) ----

[2026-02-28 01:48:36] ---- Starting VPN Auto-Detect/Activate check ----
[2026-02-28 01:48:36] Simulating connection to SSID BART-WiFi
[2026-02-28 01:48:36] ⚠️ VPN not active. Initiating simulation/fallback.
[2026-02-28 01:48:36] ✅ Simulated VPN activation successful (flag created).
[2026-02-28 01:48:36] ---- Check complete: PASS (Simulated) ----

[2026-02-28 02:03:41] ---- Starting VPN Auto-Detect/Activate check ----
[2026-02-28 02:03:41] Simulating connection to SSID BART-WiFi
[2026-02-28 02:03:41] ⚠️ VPN not active. Initiating simulation/fallback.
[2026-02-28 02:03:41] ✅ Simulated VPN activation successful (flag created).
[2026-02-28 02:03:41] ---- Check complete: PASS (Simulated) ----

[2026-02-28 02:18:47] ---- Starting VPN Auto-Detect/Activate check ----
[2026-02-28 02:18:47] Simulating connection to SSID BART-WiFi
[2026-02-28 02:18:47] ⚠️ VPN not active. Initiating simulation/fallback.
[2026-02-28 02:18:47] ✅ Simulated VPN activation successful (flag created).
[2026-02-28 02:18:47] ---- Check complete: PASS (Simulated) ----

[2026-02-28 02:33:52] ---- Starting VPN Auto-Detect/Activate check ----
[2026-02-28 02:33:52] Simulating connection to SSID BART-WiFi
[2026-02-28 02:33:52] ⚠️ VPN not active. Initiating simulation/fallback.
[2026-02-28 02:33:52] ✅ Simulated VPN activation successful (flag created).
[2026-02-28 02:33:52] ---- Check complete: PASS (Simulated) ----

[2026-02-28 02:48:58] ---- Starting VPN Auto-Detect/Activate check ----
[2026-02-28 02:48:58] Simulating connection to SSID BART-WiFi
[2026-02-28 02:48:59] ⚠️ VPN not active. Initiating simulation/fallback.
[2026-02-28 02:48:59] ✅ Simulated VPN activation successful (flag created).
[2026-02-28 02:48:59] ---- Check complete: PASS (Simulated) ----

[2026-02-28 03:04:05] ---- Starting VPN Auto-Detect/Activate check ----
[2026-02-28 03:04:05] Simulating connection to SSID BART-WiFi
[2026-02-28 03:04:05] ⚠️ VPN not active. Initiating simulation/fallback.
[2026-02-28 03:04:05] ✅ Simulated VPN activation successful (flag created).
[2026-02-28 03:04:05] ---- Check complete: PASS (Simulated) ----

[2026-02-28 03:19:10] ---- Starting VPN Auto-Detect/Activate check ----
[2026-02-28 03:19:10] Simulating connection to SSID BART-WiFi
[2026-02-28 03:19:10] ⚠️ VPN not active. Initiating simulation/fallback.
[2026-02-28 03:19:10] ✅ Simulated VPN activation successful (flag created).
[2026-02-28 03:19:10] ---- Check complete: PASS (Simulated) ----

[2026-02-28 03:34:16] ---- Starting VPN Auto-Detect/Activate check ----
[2026-02-28 03:34:16] Simulating connection to SSID BART-WiFi
[2026-02-28 03:34:16] ⚠️ VPN not active. Initiating simulation/fallback.
[2026-02-28 03:34:16] ✅ Simulated VPN activation successful (flag created).
[2026-02-28 03:34:16] ---- Check complete: PASS (Simulated) ----

[2026-02-28 03:49:21] ---- Starting VPN Auto-Detect/Activate check ----
[2026-02-28 03:49:21] Simulating connection to SSID BART-WiFi
[2026-02-28 03:49:21] ⚠️ VPN not active. Initiating simulation/fallback.
[2026-02-28 03:49:21] ✅ Simulated VPN activation successful (flag created).
[2026-02-28 03:49:21] ---- Check complete: PASS (Simulated) ----

[2026-02-28 04:04:27] ---- Starting VPN Auto-Detect/Activate check ----
[2026-02-28 04:04:27] Simulating connection to SSID BART-WiFi
[2026-02-28 04:04:27] ⚠️ VPN not active. Initiating simulation/fallback.
[2026-02-28 04:04:27] ✅ Simulated VPN activation successful (flag created).
[2026-02-28 04:04:27] ---- Check complete: PASS (Simulated) ----

[2026-02-28 04:19:33] ---- Starting VPN Auto-Detect/Activate check ----
[2026-02-28 04:19:33] Simulating connection to SSID BART-WiFi
[2026-02-28 04:19:33] ⚠️ VPN not active. Initiating simulation/fallback.
[2026-02-28 04:19:33] ✅ Simulated VPN activation successful (flag created).
[2026-02-28 04:19:33] ---- Check complete: PASS (Simulated) ----

[2026-02-28 04:34:39] ---- Starting VPN Auto-Detect/Activate check ----
[2026-02-28 04:34:39] Simulating connection to SSID BART-WiFi
[2026-02-28 04:34:39] ⚠️ VPN not active. Initiating simulation/fallback.
[2026-02-28 04:34:39] ✅ Simulated VPN activation successful (flag created).
[2026-02-28 04:34:39] ---- Check complete: PASS (Simulated) ----

[2026-02-28 04:49:45] ---- Starting VPN Auto-Detect/Activate check ----
[2026-02-28 04:49:45] Simulating connection to SSID BART-WiFi
[2026-02-28 04:49:45] ⚠️ VPN not active. Initiating simulation/fallback.
[2026-02-28 04:49:45] ✅ Simulated VPN activation successful (flag created).
[2026-02-28 04:49:45] ---- Check complete: PASS (Simulated) ----

[2026-02-28 05:04:51] ---- Starting VPN Auto-Detect/Activate check ----
[2026-02-28 05:04:51] Simulating connection to SSID BART-WiFi
[2026-02-28 05:04:51] ⚠️ VPN not active. Initiating simulation/fallback.
[2026-02-28 05:04:51] ✅ Simulated VPN activation successful (flag created).
[2026-02-28 05:04:51] ---- Check complete: PASS (Simulated) ----

[2026-02-28 05:19:57] ---- Starting VPN Auto-Detect/Activate check ----
[2026-02-28 05:19:57] Simulating connection to SSID BART-WiFi
[2026-02-28 05:19:57] ⚠️ VPN not active. Initiating simulation/fallback.
[2026-02-28 05:19:57] ✅ Simulated VPN activation successful (flag created).
[2026-02-28 05:19:57] ---- Check complete: PASS (Simulated) ----

[2026-02-28 05:35:02] ---- Starting VPN Auto-Detect/Activate check ----
[2026-02-28 05:35:02] Simulating connection to SSID BART-WiFi
[2026-02-28 05:35:02] ⚠️ VPN not active. Initiating simulation/fallback.
[2026-02-28 05:35:02] ✅ Simulated VPN activation successful (flag created).
[2026-02-28 05:35:02] ---- Check complete: PASS (Simulated) ----

[2026-02-28 05:50:10] ---- Starting VPN Auto-Detect/Activate check ----
[2026-02-28 05:50:10] Simulating connection to SSID BART-WiFi
[2026-02-28 05:50:10] ⚠️ VPN not active. Initiating simulation/fallback.
[2026-02-28 05:50:10] ✅ Simulated VPN activation successful (flag created).
[2026-02-28 05:50:10] ---- Check complete: PASS (Simulated) ----

[2026-02-28 06:05:18] ---- Starting VPN Auto-Detect/Activate check ----
[2026-02-28 06:05:18] Simulating connection to SSID BART-WiFi
[2026-02-28 06:05:18] ⚠️ VPN not active. Initiating simulation/fallback.
[2026-02-28 06:05:18] ✅ Simulated VPN activation successful (flag created).
[2026-02-28 06:05:18] ---- Check complete: PASS (Simulated) ----

[2026-02-28 06:20:23] ---- Starting VPN Auto-Detect/Activate check ----
[2026-02-28 06:20:23] Simulating connection to SSID BART-WiFi
[2026-02-28 06:20:23] ⚠️ VPN not active. Initiating simulation/fallback.
[2026-02-28 06:20:23] ✅ Simulated VPN activation successful (flag created).
[2026-02-28 06:20:23] ---- Check complete: PASS (Simulated) ----

[2026-02-28 06:35:29] ---- Starting VPN Auto-Detect/Activate check ----
[2026-02-28 06:35:29] Simulating connection to SSID BART-WiFi
[2026-02-28 06:35:29] ⚠️ VPN not active. Initiating simulation/fallback.
[2026-02-28 06:35:29] ✅ Simulated VPN activation successful (flag created).
[2026-02-28 06:35:29] ---- Check complete: PASS (Simulated) ----

[2026-02-28 06:50:36] ---- Starting VPN Auto-Detect/Activate check ----
[2026-02-28 06:50:36] Simulating connection to SSID BART-WiFi
[2026-02-28 06:50:36] ⚠️ VPN not active. Initiating simulation/fallback.
[2026-02-28 06:50:36] ✅ Simulated VPN activation successful (flag created).
[2026-02-28 06:50:36] ---- Check complete: PASS (Simulated) ----

[2026-02-28 07:05:42] ---- Starting VPN Auto-Detect/Activate check ----
[2026-02-28 07:05:42] Simulating connection to SSID BART-WiFi
[2026-02-28 07:05:42] ⚠️ VPN not active. Initiating simulation/fallback.
[2026-02-28 07:05:42] ✅ Simulated VPN activation successful (flag created).
[2026-02-28 07:05:42] ---- Check complete: PASS (Simulated) ----

[2026-02-28 07:20:49] ---- Starting VPN Auto-Detect/Activate check ----
[2026-02-28 07:20:49] Simulating connection to SSID BART-WiFi
[2026-02-28 07:20:49] ⚠️ VPN not active. Initiating simulation/fallback.
[2026-02-28 07:20:49] ✅ Simulated VPN activation successful (flag created).
[2026-02-28 07:20:49] ---- Check complete: PASS (Simulated) ----

[2026-02-28 07:35:56] ---- Starting VPN Auto-Detect/Activate check ----
[2026-02-28 07:35:56] Simulating connection to SSID BART-WiFi
[2026-02-28 07:35:56] ⚠️ VPN not active. Initiating simulation/fallback.
[2026-02-28 07:35:56] ✅ Simulated VPN activation successful (flag created).
[2026-02-28 07:35:56] ---- Check complete: PASS (Simulated) ----

[2026-02-28 07:51:01] ---- Starting VPN Auto-Detect/Activate check ----
[2026-02-28 07:51:01] Simulating connection to SSID BART-WiFi
[2026-02-28 07:51:02] ⚠️ VPN not active. Initiating simulation/fallback.
[2026-02-28 07:51:02] ✅ Simulated VPN activation successful (flag created).
[2026-02-28 07:51:02] ---- Check complete: PASS (Simulated) ----

[2026-02-28 08:06:09] ---- Starting VPN Auto-Detect/Activate check ----
[2026-02-28 08:06:09] Simulating connection to SSID BART-WiFi
[2026-02-28 08:06:09] ⚠️ VPN not active. Initiating simulation/fallback.
[2026-02-28 08:06:09] ✅ Simulated VPN activation successful (flag created).
[2026-02-28 08:06:09] ---- Check complete: PASS (Simulated) ----

[2026-02-28 08:21:15] ---- Starting VPN Auto-Detect/Activate check ----
[2026-02-28 08:21:15] Simulating connection to SSID BART-WiFi
[2026-02-28 08:21:15] ⚠️ VPN not active. Initiating simulation/fallback.
[2026-02-28 08:21:15] ✅ Simulated VPN activation successful (flag created).
[2026-02-28 08:21:15] ---- Check complete: PASS (Simulated) ----

[2026-02-28 08:36:21] ---- Starting VPN Auto-Detect/Activate check ----
[2026-02-28 08:36:21] Simulating connection to SSID BART-WiFi
[2026-02-28 08:36:21] ⚠️ VPN not active. Initiating simulation/fallback.
[2026-02-28 08:36:21] ✅ Simulated VPN activation successful (flag created).
[2026-02-28 08:36:21] ---- Check complete: PASS (Simulated) ----

[2026-02-28 08:51:27] ---- Starting VPN Auto-Detect/Activate check ----
[2026-02-28 08:51:27] Simulating connection to SSID BART-WiFi
[2026-02-28 08:51:27] ⚠️ VPN not active. Initiating simulation/fallback.
[2026-02-28 08:51:27] ✅ Simulated VPN activation successful (flag created).
[2026-02-28 08:51:27] ---- Check complete: PASS (Simulated) ----

[2026-02-28 09:06:32] ---- Starting VPN Auto-Detect/Activate check ----
[2026-02-28 09:06:32] Simulating connection to SSID BART-WiFi
[2026-02-28 09:06:32] ⚠️ VPN not active. Initiating simulation/fallback.
[2026-02-28 09:06:32] ✅ Simulated VPN activation successful (flag created).
[2026-02-28 09:06:32] ---- Check complete: PASS (Simulated) ----

[2026-02-28 09:21:40] ---- Starting VPN Auto-Detect/Activate check ----
[2026-02-28 09:21:40] Simulating connection to SSID BART-WiFi
[2026-02-28 09:21:40] ⚠️ VPN not active. Initiating simulation/fallback.
[2026-02-28 09:21:40] ✅ Simulated VPN activation successful (flag created).
[2026-02-28 09:21:40] ---- Check complete: PASS (Simulated) ----

[2026-02-28 09:36:45] ---- Starting VPN Auto-Detect/Activate check ----
[2026-02-28 09:36:45] Simulating connection to SSID BART-WiFi
[2026-02-28 09:36:45] ⚠️ VPN not active. Initiating simulation/fallback.
[2026-02-28 09:36:45] ✅ Simulated VPN activation successful (flag created).
[2026-02-28 09:36:45] ---- Check complete: PASS (Simulated) ----

[2026-02-28 09:51:51] ---- Starting VPN Auto-Detect/Activate check ----
[2026-02-28 09:51:51] Simulating connection to SSID BART-WiFi
[2026-02-28 09:51:51] ⚠️ VPN not active. Initiating simulation/fallback.
[2026-02-28 09:51:51] ✅ Simulated VPN activation successful (flag created).
[2026-02-28 09:51:51] ---- Check complete: PASS (Simulated) ----

[2026-02-28 10:06:57] ---- Starting VPN Auto-Detect/Activate check ----
[2026-02-28 10:06:57] Simulating connection to SSID BART-WiFi
[2026-02-28 10:06:57] ⚠️ VPN not active. Initiating simulation/fallback.
[2026-02-28 10:06:57] ✅ Simulated VPN activation successful (flag created).
[2026-02-28 10:06:57] ---- Check complete: PASS (Simulated) ----

[2026-02-28 10:22:03] ---- Starting VPN Auto-Detect/Activate check ----
[2026-02-28 10:22:03] Simulating connection to SSID BART-WiFi
[2026-02-28 10:22:03] ⚠️ VPN not active. Initiating simulation/fallback.
[2026-02-28 10:22:03] ✅ Simulated VPN activation successful (flag created).
[2026-02-28 10:22:03] ---- Check complete: PASS (Simulated) ----

[2026-02-28 10:37:09] ---- Starting VPN Auto-Detect/Activate check ----
[2026-02-28 10:37:09] Simulating connection to SSID BART-WiFi
[2026-02-28 10:37:09] ⚠️ VPN not active. Initiating simulation/fallback.
[2026-02-28 10:37:09] ✅ Simulated VPN activation successful (flag created).
[2026-02-28 10:37:09] ---- Check complete: PASS (Simulated) ----

[2026-02-28 10:52:15] ---- Starting VPN Auto-Detect/Activate check ----
[2026-02-28 10:52:15] Simulating connection to SSID BART-WiFi
[2026-02-28 10:52:15] ⚠️ VPN not active. Initiating simulation/fallback.
[2026-02-28 10:52:15] ✅ Simulated VPN activation successful (flag created).
[2026-02-28 10:52:16] ---- Check complete: PASS (Simulated) ----

[2026-02-28 11:07:21] ---- Starting VPN Auto-Detect/Activate check ----
[2026-02-28 11:07:21] Simulating connection to SSID BART-WiFi
[2026-02-28 11:07:21] ⚠️ VPN not active. Initiating simulation/fallback.
[2026-02-28 11:07:21] ✅ Simulated VPN activation successful (flag created).
[2026-02-28 11:07:21] ---- Check complete: PASS (Simulated) ----

[2026-02-28 11:22:27] ---- Starting VPN Auto-Detect/Activate check ----
[2026-02-28 11:22:27] Simulating connection to SSID BART-WiFi
[2026-02-28 11:22:27] ⚠️ VPN not active. Initiating simulation/fallback.
[2026-02-28 11:22:27] ✅ Simulated VPN activation successful (flag created).
[2026-02-28 11:22:27] ---- Check complete: PASS (Simulated) ----

[2026-02-28 11:37:32] ---- Starting VPN Auto-Detect/Activate check ----
[2026-02-28 11:37:32] Simulating connection to SSID BART-WiFi
[2026-02-28 11:37:32] ⚠️ VPN not active. Initiating simulation/fallback.
[2026-02-28 11:37:32] ✅ Simulated VPN activation successful (flag created).
[2026-02-28 11:37:32] ---- Check complete: PASS (Simulated) ----

[2026-02-28 11:52:40] ---- Starting VPN Auto-Detect/Activate check ----
[2026-02-28 11:52:40] Simulating connection to SSID BART-WiFi
[2026-02-28 11:52:40] ⚠️ VPN not active. Initiating simulation/fallback.
[2026-02-28 11:52:40] ✅ Simulated VPN activation successful (flag created).
[2026-02-28 11:52:40] ---- Check complete: PASS (Simulated) ----

[2026-02-28 12:07:46] ---- Starting VPN Auto-Detect/Activate check ----
[2026-02-28 12:07:46] Simulating connection to SSID BART-WiFi
[2026-02-28 12:07:46] ⚠️ VPN not active. Initiating simulation/fallback.
[2026-02-28 12:07:46] ✅ Simulated VPN activation successful (flag created).
[2026-02-28 12:07:46] ---- Check complete: PASS (Simulated) ----

[2026-02-28 12:22:51] ---- Starting VPN Auto-Detect/Activate check ----
[2026-02-28 12:22:51] Simulating connection to SSID BART-WiFi
[2026-02-28 12:22:51] ⚠️ VPN not active. Initiating simulation/fallback.
[2026-02-28 12:22:51] ✅ Simulated VPN activation successful (flag created).
[2026-02-28 12:22:51] ---- Check complete: PASS (Simulated) ----

[2026-02-28 12:37:57] ---- Starting VPN Auto-Detect/Activate check ----
[2026-02-28 12:37:57] Simulating connection to SSID BART-WiFi
[2026-02-28 12:37:57] ⚠️ VPN not active. Initiating simulation/fallback.
[2026-02-28 12:37:57] ✅ Simulated VPN activation successful (flag created).
[2026-02-28 12:37:57] ---- Check complete: PASS (Simulated) ----

[2026-02-28 12:53:04] ---- Starting VPN Auto-Detect/Activate check ----
[2026-02-28 12:53:04] Simulating connection to SSID BART-WiFi
[2026-02-28 12:53:04] ⚠️ VPN not active. Initiating simulation/fallback.
[2026-02-28 12:53:04] ✅ Simulated VPN activation successful (flag created).
[2026-02-28 12:53:04] ---- Check complete: PASS (Simulated) ----

[2026-02-28 13:08:16] ---- Starting VPN Auto-Detect/Activate check ----
[2026-02-28 13:08:16] Simulating connection to SSID BART-WiFi
[2026-02-28 13:08:16] ⚠️ VPN not active. Initiating simulation/fallback.
[2026-02-28 13:08:16] ✅ Simulated VPN activation successful (flag created).
[2026-02-28 13:08:16] ---- Check complete: PASS (Simulated) ----

[2026-02-28 13:23:22] ---- Starting VPN Auto-Detect/Activate check ----
[2026-02-28 13:23:22] Simulating connection to SSID BART-WiFi
[2026-02-28 13:23:22] ⚠️ VPN not active. Initiating simulation/fallback.
[2026-02-28 13:23:22] ✅ Simulated VPN activation successful (flag created).
[2026-02-28 13:23:22] ---- Check complete: PASS (Simulated) ----

[2026-02-28 13:38:29] ---- Starting VPN Auto-Detect/Activate check ----
[2026-02-28 13:38:29] Simulating connection to SSID BART-WiFi
[2026-02-28 13:38:29] ⚠️ VPN not active. Initiating simulation/fallback.
[2026-02-28 13:38:29] ✅ Simulated VPN activation successful (flag created).
[2026-02-28 13:38:29] ---- Check complete: PASS (Simulated) ----

[2026-02-28 13:53:35] ---- Starting VPN Auto-Detect/Activate check ----
[2026-02-28 13:53:35] Simulating connection to SSID BART-WiFi
[2026-02-28 13:53:35] ⚠️ VPN not active. Initiating simulation/fallback.
[2026-02-28 13:53:35] ✅ Simulated VPN activation successful (flag created).
[2026-02-28 13:53:35] ---- Check complete: PASS (Simulated) ----

[2026-02-28 14:08:42] ---- Starting VPN Auto-Detect/Activate check ----
[2026-02-28 14:08:42] Simulating connection to SSID BART-WiFi
[2026-02-28 14:08:42] ⚠️ VPN not active. Initiating simulation/fallback.
[2026-02-28 14:08:42] ✅ Simulated VPN activation successful (flag created).
[2026-02-28 14:08:42] ---- Check complete: PASS (Simulated) ----

[2026-02-28 14:23:49] ---- Starting VPN Auto-Detect/Activate check ----
[2026-02-28 14:23:49] Simulating connection to SSID BART-WiFi
[2026-02-28 14:23:49] ⚠️ VPN not active. Initiating simulation/fallback.
[2026-02-28 14:23:49] ✅ Simulated VPN activation successful (flag created).
[2026-02-28 14:23:49] ---- Check complete: PASS (Simulated) ----

[2026-02-28 14:38:55] ---- Starting VPN Auto-Detect/Activate check ----
[2026-02-28 14:38:55] Simulating connection to SSID BART-WiFi
[2026-02-28 14:38:55] ⚠️ VPN not active. Initiating simulation/fallback.
[2026-02-28 14:38:55] ✅ Simulated VPN activation successful (flag created).
[2026-02-28 14:38:55] ---- Check complete: PASS (Simulated) ----

[2026-02-28 14:54:01] ---- Starting VPN Auto-Detect/Activate check ----
[2026-02-28 14:54:01] Simulating connection to SSID BART-WiFi
[2026-02-28 14:54:01] ⚠️ VPN not active. Initiating simulation/fallback.
[2026-02-28 14:54:01] ✅ Simulated VPN activation successful (flag created).
[2026-02-28 14:54:01] ---- Check complete: PASS (Simulated) ----

[2026-02-28 15:09:07] ---- Starting VPN Auto-Detect/Activate check ----
[2026-02-28 15:09:07] Simulating connection to SSID BART-WiFi
[2026-02-28 15:09:07] ⚠️ VPN not active. Initiating simulation/fallback.
[2026-02-28 15:09:07] ✅ Simulated VPN activation successful (flag created).
[2026-02-28 15:09:07] ---- Check complete: PASS (Simulated) ----

[2026-02-28 15:24:12] ---- Starting VPN Auto-Detect/Activate check ----
[2026-02-28 15:24:12] Simulating connection to SSID BART-WiFi
[2026-02-28 15:24:12] ⚠️ VPN not active. Initiating simulation/fallback.
[2026-02-28 15:24:12] ✅ Simulated VPN activation successful (flag created).
[2026-02-28 15:24:12] ---- Check complete: PASS (Simulated) ----

[2026-02-28 15:39:19] ---- Starting VPN Auto-Detect/Activate check ----
[2026-02-28 15:39:19] Simulating connection to SSID BART-WiFi
[2026-02-28 15:39:19] ⚠️ VPN not active. Initiating simulation/fallback.
[2026-02-28 15:39:19] ✅ Simulated VPN activation successful (flag created).
[2026-02-28 15:39:19] ---- Check complete: PASS (Simulated) ----

[2026-02-28 15:54:25] ---- Starting VPN Auto-Detect/Activate check ----
[2026-02-28 15:54:25] Simulating connection to SSID BART-WiFi
[2026-02-28 15:54:25] ⚠️ VPN not active. Initiating simulation/fallback.
[2026-02-28 15:54:25] ✅ Simulated VPN activation successful (flag created).
[2026-02-28 15:54:25] ---- Check complete: PASS (Simulated) ----

[2026-02-28 16:09:30] ---- Starting VPN Auto-Detect/Activate check ----
[2026-02-28 16:09:30] Simulating connection to SSID BART-WiFi
[2026-02-28 16:09:30] ⚠️ VPN not active. Initiating simulation/fallback.
[2026-02-28 16:09:30] ✅ Simulated VPN activation successful (flag created).
[2026-02-28 16:09:30] ---- Check complete: PASS (Simulated) ----

[2026-02-28 16:24:36] ---- Starting VPN Auto-Detect/Activate check ----
[2026-02-28 16:24:36] Simulating connection to SSID BART-WiFi
[2026-02-28 16:24:36] ⚠️ VPN not active. Initiating simulation/fallback.
[2026-02-28 16:24:36] ✅ Simulated VPN activation successful (flag created).
[2026-02-28 16:24:36] ---- Check complete: PASS (Simulated) ----

[2026-02-28 16:39:42] ---- Starting VPN Auto-Detect/Activate check ----
[2026-02-28 16:39:42] Simulating connection to SSID BART-WiFi
[2026-02-28 16:39:42] ⚠️ VPN not active. Initiating simulation/fallback.
[2026-02-28 16:39:42] ✅ Simulated VPN activation successful (flag created).
[2026-02-28 16:39:42] ---- Check complete: PASS (Simulated) ----

[2026-02-28 16:54:49] ---- Starting VPN Auto-Detect/Activate check ----
[2026-02-28 16:54:49] Simulating connection to SSID BART-WiFi
[2026-02-28 16:54:49] ⚠️ VPN not active. Initiating simulation/fallback.
[2026-02-28 16:54:49] ✅ Simulated VPN activation successful (flag created).
[2026-02-28 16:54:49] ---- Check complete: PASS (Simulated) ----

[2026-02-28 17:09:54] ---- Starting VPN Auto-Detect/Activate check ----
[2026-02-28 17:09:54] Simulating connection to SSID BART-WiFi
[2026-02-28 17:09:54] ⚠️ VPN not active. Initiating simulation/fallback.
[2026-02-28 17:09:54] ✅ Simulated VPN activation successful (flag created).
[2026-02-28 17:09:54] ---- Check complete: PASS (Simulated) ----

[2026-02-28 17:25:00] ---- Starting VPN Auto-Detect/Activate check ----
[2026-02-28 17:25:00] Simulating connection to SSID BART-WiFi
[2026-02-28 17:25:00] ⚠️ VPN not active. Initiating simulation/fallback.
[2026-02-28 17:25:00] ✅ Simulated VPN activation successful (flag created).
[2026-02-28 17:25:00] ---- Check complete: PASS (Simulated) ----

[2026-02-28 17:40:06] ---- Starting VPN Auto-Detect/Activate check ----
[2026-02-28 17:40:06] Simulating connection to SSID BART-WiFi
[2026-02-28 17:40:06] ⚠️ VPN not active. Initiating simulation/fallback.
[2026-02-28 17:40:06] ✅ Simulated VPN activation successful (flag created).
[2026-02-28 17:40:06] ---- Check complete: PASS (Simulated) ----

[2026-02-28 17:55:11] ---- Starting VPN Auto-Detect/Activate check ----
[2026-02-28 17:55:11] Simulating connection to SSID BART-WiFi
[2026-02-28 17:55:11] ⚠️ VPN not active. Initiating simulation/fallback.
[2026-02-28 17:55:11] ✅ Simulated VPN activation successful (flag created).
[2026-02-28 17:55:11] ---- Check complete: PASS (Simulated) ----

[2026-02-28 18:10:17] ---- Starting VPN Auto-Detect/Activate check ----
[2026-02-28 18:10:17] Simulating connection to SSID BART-WiFi
[2026-02-28 18:10:17] ⚠️ VPN not active. Initiating simulation/fallback.
[2026-02-28 18:10:17] ✅ Simulated VPN activation successful (flag created).
[2026-02-28 18:10:17] ---- Check complete: PASS (Simulated) ----

[2026-02-28 18:25:25] ---- Starting VPN Auto-Detect/Activate check ----
[2026-02-28 18:25:25] Simulating connection to SSID BART-WiFi
[2026-02-28 18:25:25] ⚠️ VPN not active. Initiating simulation/fallback.
[2026-02-28 18:25:25] ✅ Simulated VPN activation successful (flag created).
[2026-02-28 18:25:25] ---- Check complete: PASS (Simulated) ----

[2026-02-28 18:40:30] ---- Starting VPN Auto-Detect/Activate check ----
[2026-02-28 18:40:30] Simulating connection to SSID BART-WiFi
[2026-02-28 18:40:30] ⚠️ VPN not active. Initiating simulation/fallback.
[2026-02-28 18:40:30] ✅ Simulated VPN activation successful (flag created).
[2026-02-28 18:40:30] ---- Check complete: PASS (Simulated) ----

[2026-02-28 18:55:36] ---- Starting VPN Auto-Detect/Activate check ----
[2026-02-28 18:55:36] Simulating connection to SSID BART-WiFi
[2026-02-28 18:55:36] ⚠️ VPN not active. Initiating simulation/fallback.
[2026-02-28 18:55:36] ✅ Simulated VPN activation successful (flag created).
[2026-02-28 18:55:36] ---- Check complete: PASS (Simulated) ----

[2026-02-28 19:10:42] ---- Starting VPN Auto-Detect/Activate check ----
[2026-02-28 19:10:42] Simulating connection to SSID BART-WiFi
[2026-02-28 19:10:42] ⚠️ VPN not active. Initiating simulation/fallback.
[2026-02-28 19:10:42] ✅ Simulated VPN activation successful (flag created).
[2026-02-28 19:10:42] ---- Check complete: PASS (Simulated) ----

[2026-02-28 19:25:49] ---- Starting VPN Auto-Detect/Activate check ----
[2026-02-28 19:25:49] Simulating connection to SSID BART-WiFi
[2026-02-28 19:25:49] ⚠️ VPN not active. Initiating simulation/fallback.
[2026-02-28 19:25:49] ✅ Simulated VPN activation successful (flag created).
[2026-02-28 19:25:49] ---- Check complete: PASS (Simulated) ----

[2026-02-28 19:40:55] ---- Starting VPN Auto-Detect/Activate check ----
[2026-02-28 19:40:55] Simulating connection to SSID BART-WiFi
[2026-02-28 19:40:55] ⚠️ VPN not active. Initiating simulation/fallback.
[2026-02-28 19:40:55] ✅ Simulated VPN activation successful (flag created).
[2026-02-28 19:40:55] ---- Check complete: PASS (Simulated) ----

[2026-02-28 19:56:01] ---- Starting VPN Auto-Detect/Activate check ----
[2026-02-28 19:56:01] Simulating connection to SSID BART-WiFi
[2026-02-28 19:56:01] ⚠️ VPN not active. Initiating simulation/fallback.
[2026-02-28 19:56:01] ✅ Simulated VPN activation successful (flag created).
[2026-02-28 19:56:01] ---- Check complete: PASS (Simulated) ----

[2026-02-28 20:11:07] ---- Starting VPN Auto-Detect/Activate check ----
[2026-02-28 20:11:07] Simulating connection to SSID BART-WiFi
[2026-02-28 20:11:07] ⚠️ VPN not active. Initiating simulation/fallback.
[2026-02-28 20:11:07] ✅ Simulated VPN activation successful (flag created).
[2026-02-28 20:11:07] ---- Check complete: PASS (Simulated) ----

[2026-02-28 20:26:12] ---- Starting VPN Auto-Detect/Activate check ----
[2026-02-28 20:26:12] Simulating connection to SSID BART-WiFi
[2026-02-28 20:26:12] ⚠️ VPN not active. Initiating simulation/fallback.
[2026-02-28 20:26:12] ✅ Simulated VPN activation successful (flag created).
[2026-02-28 20:26:12] ---- Check complete: PASS (Simulated) ----

[2026-02-28 20:41:22] ---- Starting VPN Auto-Detect/Activate check ----
[2026-02-28 20:41:22] Simulating connection to SSID BART-WiFi
[2026-02-28 20:41:22] ⚠️ VPN not active. Initiating simulation/fallback.
[2026-02-28 20:41:22] ✅ Simulated VPN activation successful (flag created).
[2026-02-28 20:41:22] ---- Check complete: PASS (Simulated) ----

[2026-02-28 20:56:29] ---- Starting VPN Auto-Detect/Activate check ----
[2026-02-28 20:56:29] Simulating connection to SSID BART-WiFi
[2026-02-28 20:56:29] ⚠️ VPN not active. Initiating simulation/fallback.
[2026-02-28 20:56:29] ✅ Simulated VPN activation successful (flag created).
[2026-02-28 20:56:29] ---- Check complete: PASS (Simulated) ----

[2026-02-28 21:11:35] ---- Starting VPN Auto-Detect/Activate check ----
[2026-02-28 21:11:35] Simulating connection to SSID BART-WiFi
[2026-02-28 21:11:35] ⚠️ VPN not active. Initiating simulation/fallback.
[2026-02-28 21:11:35] ✅ Simulated VPN activation successful (flag created).
[2026-02-28 21:11:35] ---- Check complete: PASS (Simulated) ----

[2026-02-28 21:26:40] ---- Starting VPN Auto-Detect/Activate check ----
[2026-02-28 21:26:40] Simulating connection to SSID BART-WiFi
[2026-02-28 21:26:40] ⚠️ VPN not active. Initiating simulation/fallback.
[2026-02-28 21:26:40] ✅ Simulated VPN activation successful (flag created).
[2026-02-28 21:26:40] ---- Check complete: PASS (Simulated) ----

[2026-02-28 21:41:47] ---- Starting VPN Auto-Detect/Activate check ----
[2026-02-28 21:41:47] Simulating connection to SSID BART-WiFi
[2026-02-28 21:41:47] ⚠️ VPN not active. Initiating simulation/fallback.
[2026-02-28 21:41:47] ✅ Simulated VPN activation successful (flag created).
[2026-02-28 21:41:47] ---- Check complete: PASS (Simulated) ----

[2026-02-28 21:56:53] ---- Starting VPN Auto-Detect/Activate check ----
[2026-02-28 21:56:53] Simulating connection to SSID BART-WiFi
[2026-02-28 21:56:53] ⚠️ VPN not active. Initiating simulation/fallback.
[2026-02-28 21:56:53] ✅ Simulated VPN activation successful (flag created).
[2026-02-28 21:56:53] ---- Check complete: PASS (Simulated) ----

[2026-02-28 22:12:00] ---- Starting VPN Auto-Detect/Activate check ----
[2026-02-28 22:12:00] Simulating connection to SSID BART-WiFi
[2026-02-28 22:12:00] ⚠️ VPN not active. Initiating simulation/fallback.
[2026-02-28 22:12:00] ✅ Simulated VPN activation successful (flag created).
[2026-02-28 22:12:00] ---- Check complete: PASS (Simulated) ----

[2026-02-28 22:27:06] ---- Starting VPN Auto-Detect/Activate check ----
[2026-02-28 22:27:06] Simulating connection to SSID BART-WiFi
[2026-02-28 22:27:06] ⚠️ VPN not active. Initiating simulation/fallback.
[2026-02-28 22:27:06] ✅ Simulated VPN activation successful (flag created).
[2026-02-28 22:27:06] ---- Check complete: PASS (Simulated) ----

[2026-02-28 22:42:13] ---- Starting VPN Auto-Detect/Activate check ----
[2026-02-28 22:42:13] Simulating connection to SSID BART-WiFi
[2026-02-28 22:42:13] ⚠️ VPN not active. Initiating simulation/fallback.
[2026-02-28 22:42:13] ✅ Simulated VPN activation successful (flag created).
[2026-02-28 22:42:13] ---- Check complete: PASS (Simulated) ----

[2026-02-28 22:57:19] ---- Starting VPN Auto-Detect/Activate check ----
[2026-02-28 22:57:19] Simulating connection to SSID BART-WiFi
[2026-02-28 22:57:20] ⚠️ VPN not active. Initiating simulation/fallback.
[2026-02-28 22:57:20] ✅ Simulated VPN activation successful (flag created).
[2026-02-28 22:57:20] ---- Check complete: PASS (Simulated) ----

[2026-02-28 23:12:27] ---- Starting VPN Auto-Detect/Activate check ----
[2026-02-28 23:12:27] Simulating connection to SSID BART-WiFi
[2026-02-28 23:12:27] ⚠️ VPN not active. Initiating simulation/fallback.
[2026-02-28 23:12:27] ✅ Simulated VPN activation successful (flag created).
[2026-02-28 23:12:27] ---- Check complete: PASS (Simulated) ----

[2026-02-28 23:27:33] ---- Starting VPN Auto-Detect/Activate check ----
[2026-02-28 23:27:33] Simulating connection to SSID BART-WiFi
[2026-02-28 23:27:33] ⚠️ VPN not active. Initiating simulation/fallback.
[2026-02-28 23:27:33] ✅ Simulated VPN activation successful (flag created).
[2026-02-28 23:27:33] ---- Check complete: PASS (Simulated) ----

[2026-02-28 23:42:40] ---- Starting VPN Auto-Detect/Activate check ----
[2026-02-28 23:42:40] Simulating connection to SSID BART-WiFi
[2026-02-28 23:42:40] ⚠️ VPN not active. Initiating simulation/fallback.
[2026-02-28 23:42:40] ✅ Simulated VPN activation successful (flag created).
[2026-02-28 23:42:40] ---- Check complete: PASS (Simulated) ----

[2026-02-28 23:57:48] ---- Starting VPN Auto-Detect/Activate check ----
[2026-02-28 23:57:48] Simulating connection to SSID BART-WiFi
[2026-02-28 23:57:48] ⚠️ VPN not active. Initiating simulation/fallback.
[2026-02-28 23:57:48] ✅ Simulated VPN activation successful (flag created).
[2026-02-28 23:57:48] ---- Check complete: PASS (Simulated) ----

[2026-03-01 00:12:55] ---- Starting VPN Auto-Detect/Activate check ----
[2026-03-01 00:12:55] Simulating connection to SSID BART-WiFi
[2026-03-01 00:12:55] ⚠️ VPN not active. Initiating simulation/fallback.
[2026-03-01 00:12:55] ✅ Simulated VPN activation successful (flag created).
[2026-03-01 00:12:55] ---- Check complete: PASS (Simulated) ----

[2026-03-01 00:28:01] ---- Starting VPN Auto-Detect/Activate check ----
[2026-03-01 00:28:01] Simulating connection to SSID BART-WiFi
[2026-03-01 00:28:01] ⚠️ VPN not active. Initiating simulation/fallback.
[2026-03-01 00:28:01] ✅ Simulated VPN activation successful (flag created).
[2026-03-01 00:28:01] ---- Check complete: PASS (Simulated) ----

[2026-03-01 00:43:12] ---- Starting VPN Auto-Detect/Activate check ----
[2026-03-01 00:43:12] Simulating connection to SSID BART-WiFi
[2026-03-01 00:43:12] ⚠️ VPN not active. Initiating simulation/fallback.
[2026-03-01 00:43:12] ✅ Simulated VPN activation successful (flag created).
[2026-03-01 00:43:12] ---- Check complete: PASS (Simulated) ----

[2026-03-01 00:58:19] ---- Starting VPN Auto-Detect/Activate check ----
[2026-03-01 00:58:19] Simulating connection to SSID BART-WiFi
[2026-03-01 00:58:19] ⚠️ VPN not active. Initiating simulation/fallback.
[2026-03-01 00:58:19] ✅ Simulated VPN activation successful (flag created).
[2026-03-01 00:58:19] ---- Check complete: PASS (Simulated) ----

[2026-03-01 01:13:26] ---- Starting VPN Auto-Detect/Activate check ----
[2026-03-01 01:13:26] Simulating connection to SSID BART-WiFi
[2026-03-01 01:13:26] ⚠️ VPN not active. Initiating simulation/fallback.
[2026-03-01 01:13:26] ✅ Simulated VPN activation successful (flag created).
[2026-03-01 01:13:26] ---- Check complete: PASS (Simulated) ----

[2026-03-01 01:28:33] ---- Starting VPN Auto-Detect/Activate check ----
[2026-03-01 01:28:33] Simulating connection to SSID BART-WiFi
[2026-03-01 01:28:33] ⚠️ VPN not active. Initiating simulation/fallback.
[2026-03-01 01:28:33] ✅ Simulated VPN activation successful (flag created).
[2026-03-01 01:28:33] ---- Check complete: PASS (Simulated) ----

[2026-03-01 01:43:40] ---- Starting VPN Auto-Detect/Activate check ----
[2026-03-01 01:43:40] Simulating connection to SSID BART-WiFi
[2026-03-01 01:43:40] ⚠️ VPN not active. Initiating simulation/fallback.
[2026-03-01 01:43:40] ✅ Simulated VPN activation successful (flag created).
[2026-03-01 01:43:40] ---- Check complete: PASS (Simulated) ----

[2026-03-01 01:58:45] ---- Starting VPN Auto-Detect/Activate check ----
[2026-03-01 01:58:45] Simulating connection to SSID BART-WiFi
[2026-03-01 01:58:45] ⚠️ VPN not active. Initiating simulation/fallback.
[2026-03-01 01:58:45] ✅ Simulated VPN activation successful (flag created).
[2026-03-01 01:58:45] ---- Check complete: PASS (Simulated) ----

[2026-03-01 02:13:50] ---- Starting VPN Auto-Detect/Activate check ----
[2026-03-01 02:13:50] Simulating connection to SSID BART-WiFi
[2026-03-01 02:13:50] ⚠️ VPN not active. Initiating simulation/fallback.
[2026-03-01 02:13:50] ✅ Simulated VPN activation successful (flag created).
[2026-03-01 02:13:50] ---- Check complete: PASS (Simulated) ----

[2026-03-01 02:28:56] ---- Starting VPN Auto-Detect/Activate check ----
[2026-03-01 02:28:56] Simulating connection to SSID BART-WiFi
[2026-03-01 02:28:56] ⚠️ VPN not active. Initiating simulation/fallback.
[2026-03-01 02:28:56] ✅ Simulated VPN activation successful (flag created).
[2026-03-01 02:28:56] ---- Check complete: PASS (Simulated) ----

[2026-03-01 02:44:02] ---- Starting VPN Auto-Detect/Activate check ----
[2026-03-01 02:44:02] Simulating connection to SSID BART-WiFi
[2026-03-01 02:44:02] ⚠️ VPN not active. Initiating simulation/fallback.
[2026-03-01 02:44:02] ✅ Simulated VPN activation successful (flag created).
[2026-03-01 02:44:02] ---- Check complete: PASS (Simulated) ----

[2026-03-01 02:59:09] ---- Starting VPN Auto-Detect/Activate check ----
[2026-03-01 02:59:09] Simulating connection to SSID BART-WiFi
[2026-03-01 02:59:09] ⚠️ VPN not active. Initiating simulation/fallback.
[2026-03-01 02:59:09] ✅ Simulated VPN activation successful (flag created).
[2026-03-01 02:59:09] ---- Check complete: PASS (Simulated) ----

[2026-03-01 03:14:15] ---- Starting VPN Auto-Detect/Activate check ----
[2026-03-01 03:14:15] Simulating connection to SSID BART-WiFi
[2026-03-01 03:14:15] ⚠️ VPN not active. Initiating simulation/fallback.
[2026-03-01 03:14:15] ✅ Simulated VPN activation successful (flag created).
[2026-03-01 03:14:15] ---- Check complete: PASS (Simulated) ----

[2026-03-01 03:29:20] ---- Starting VPN Auto-Detect/Activate check ----
[2026-03-01 03:29:20] Simulating connection to SSID BART-WiFi
[2026-03-01 03:29:20] ⚠️ VPN not active. Initiating simulation/fallback.
[2026-03-01 03:29:20] ✅ Simulated VPN activation successful (flag created).
[2026-03-01 03:29:20] ---- Check complete: PASS (Simulated) ----

[2026-03-01 03:44:26] ---- Starting VPN Auto-Detect/Activate check ----
[2026-03-01 03:44:26] Simulating connection to SSID BART-WiFi
[2026-03-01 03:44:26] ⚠️ VPN not active. Initiating simulation/fallback.
[2026-03-01 03:44:26] ✅ Simulated VPN activation successful (flag created).
[2026-03-01 03:44:26] ---- Check complete: PASS (Simulated) ----

[2026-03-01 03:59:31] ---- Starting VPN Auto-Detect/Activate check ----
[2026-03-01 03:59:31] Simulating connection to SSID BART-WiFi
[2026-03-01 03:59:31] ⚠️ VPN not active. Initiating simulation/fallback.
[2026-03-01 03:59:31] ✅ Simulated VPN activation successful (flag created).
[2026-03-01 03:59:31] ---- Check complete: PASS (Simulated) ----

[2026-03-01 04:14:37] ---- Starting VPN Auto-Detect/Activate check ----
[2026-03-01 04:14:37] Simulating connection to SSID BART-WiFi
[2026-03-01 04:14:37] ⚠️ VPN not active. Initiating simulation/fallback.
[2026-03-01 04:14:37] ✅ Simulated VPN activation successful (flag created).
[2026-03-01 04:14:37] ---- Check complete: PASS (Simulated) ----

[2026-03-01 04:29:43] ---- Starting VPN Auto-Detect/Activate check ----
[2026-03-01 04:29:43] Simulating connection to SSID BART-WiFi
[2026-03-01 04:29:43] ⚠️ VPN not active. Initiating simulation/fallback.
[2026-03-01 04:29:43] ✅ Simulated VPN activation successful (flag created).
[2026-03-01 04:29:43] ---- Check complete: PASS (Simulated) ----

[2026-03-01 04:44:49] ---- Starting VPN Auto-Detect/Activate check ----
[2026-03-01 04:44:49] Simulating connection to SSID BART-WiFi
[2026-03-01 04:44:49] ⚠️ VPN not active. Initiating simulation/fallback.
[2026-03-01 04:44:49] ✅ Simulated VPN activation successful (flag created).
[2026-03-01 04:44:49] ---- Check complete: PASS (Simulated) ----

[2026-03-01 04:59:54] ---- Starting VPN Auto-Detect/Activate check ----
[2026-03-01 04:59:54] Simulating connection to SSID BART-WiFi
[2026-03-01 04:59:54] ⚠️ VPN not active. Initiating simulation/fallback.
[2026-03-01 04:59:54] ✅ Simulated VPN activation successful (flag created).
[2026-03-01 04:59:54] ---- Check complete: PASS (Simulated) ----

[2026-03-01 05:15:00] ---- Starting VPN Auto-Detect/Activate check ----
[2026-03-01 05:15:00] Simulating connection to SSID BART-WiFi
[2026-03-01 05:15:00] ⚠️ VPN not active. Initiating simulation/fallback.
[2026-03-01 05:15:00] ✅ Simulated VPN activation successful (flag created).
[2026-03-01 05:15:00] ---- Check complete: PASS (Simulated) ----

[2026-03-01 05:30:07] ---- Starting VPN Auto-Detect/Activate check ----
[2026-03-01 05:30:07] Simulating connection to SSID BART-WiFi
[2026-03-01 05:30:07] ⚠️ VPN not active. Initiating simulation/fallback.
[2026-03-01 05:30:07] ✅ Simulated VPN activation successful (flag created).
[2026-03-01 05:30:07] ---- Check complete: PASS (Simulated) ----

[2026-03-01 05:45:13] ---- Starting VPN Auto-Detect/Activate check ----
[2026-03-01 05:45:13] Simulating connection to SSID BART-WiFi
[2026-03-01 05:45:13] ⚠️ VPN not active. Initiating simulation/fallback.
[2026-03-01 05:45:13] ✅ Simulated VPN activation successful (flag created).
[2026-03-01 05:45:13] ---- Check complete: PASS (Simulated) ----

[2026-03-01 06:00:20] ---- Starting VPN Auto-Detect/Activate check ----
[2026-03-01 06:00:20] Simulating connection to SSID BART-WiFi
[2026-03-01 06:00:20] ⚠️ VPN not active. Initiating simulation/fallback.
[2026-03-01 06:00:20] ✅ Simulated VPN activation successful (flag created).
[2026-03-01 06:00:20] ---- Check complete: PASS (Simulated) ----

[2026-03-01 06:15:27] ---- Starting VPN Auto-Detect/Activate check ----
[2026-03-01 06:15:27] Simulating connection to SSID BART-WiFi
[2026-03-01 06:15:27] ⚠️ VPN not active. Initiating simulation/fallback.
[2026-03-01 06:15:27] ✅ Simulated VPN activation successful (flag created).
[2026-03-01 06:15:27] ---- Check complete: PASS (Simulated) ----

[2026-03-01 06:30:33] ---- Starting VPN Auto-Detect/Activate check ----
[2026-03-01 06:30:33] Simulating connection to SSID BART-WiFi
[2026-03-01 06:30:33] ⚠️ VPN not active. Initiating simulation/fallback.
[2026-03-01 06:30:33] ✅ Simulated VPN activation successful (flag created).
[2026-03-01 06:30:33] ---- Check complete: PASS (Simulated) ----

[2026-03-01 06:45:43] ---- Starting VPN Auto-Detect/Activate check ----
[2026-03-01 06:45:43] Simulating connection to SSID BART-WiFi
[2026-03-01 06:45:43] ⚠️ VPN not active. Initiating simulation/fallback.
[2026-03-01 06:45:43] ✅ Simulated VPN activation successful (flag created).
[2026-03-01 06:45:43] ---- Check complete: PASS (Simulated) ----

[2026-03-01 07:00:52] ---- Starting VPN Auto-Detect/Activate check ----
[2026-03-01 07:00:52] Simulating connection to SSID BART-WiFi
[2026-03-01 07:00:52] ⚠️ VPN not active. Initiating simulation/fallback.
[2026-03-01 07:00:52] ✅ Simulated VPN activation successful (flag created).
[2026-03-01 07:00:52] ---- Check complete: PASS (Simulated) ----

[2026-03-01 07:16:00] ---- Starting VPN Auto-Detect/Activate check ----
[2026-03-01 07:16:00] Simulating connection to SSID BART-WiFi
[2026-03-01 07:16:01] ⚠️ VPN not active. Initiating simulation/fallback.
[2026-03-01 07:16:01] ✅ Simulated VPN activation successful (flag created).
[2026-03-01 07:16:01] ---- Check complete: PASS (Simulated) ----

[2026-03-01 07:31:10] ---- Starting VPN Auto-Detect/Activate check ----
[2026-03-01 07:31:10] Simulating connection to SSID BART-WiFi
[2026-03-01 07:31:10] ⚠️ VPN not active. Initiating simulation/fallback.
[2026-03-01 07:31:10] ✅ Simulated VPN activation successful (flag created).
[2026-03-01 07:31:10] ---- Check complete: PASS (Simulated) ----

[2026-03-01 07:46:16] ---- Starting VPN Auto-Detect/Activate check ----
[2026-03-01 07:46:16] Simulating connection to SSID BART-WiFi
[2026-03-01 07:46:16] ⚠️ VPN not active. Initiating simulation/fallback.
[2026-03-01 07:46:16] ✅ Simulated VPN activation successful (flag created).
[2026-03-01 07:46:16] ---- Check complete: PASS (Simulated) ----

[2026-03-01 08:01:23] ---- Starting VPN Auto-Detect/Activate check ----
[2026-03-01 08:01:23] Simulating connection to SSID BART-WiFi
[2026-03-01 08:01:23] ⚠️ VPN not active. Initiating simulation/fallback.
[2026-03-01 08:01:23] ✅ Simulated VPN activation successful (flag created).
[2026-03-01 08:01:23] ---- Check complete: PASS (Simulated) ----

[2026-03-01 08:16:32] ---- Starting VPN Auto-Detect/Activate check ----
[2026-03-01 08:16:32] Simulating connection to SSID BART-WiFi
[2026-03-01 08:16:32] ⚠️ VPN not active. Initiating simulation/fallback.
[2026-03-01 08:16:32] ✅ Simulated VPN activation successful (flag created).
[2026-03-01 08:16:32] ---- Check complete: PASS (Simulated) ----

[2026-03-01 08:31:40] ---- Starting VPN Auto-Detect/Activate check ----
[2026-03-01 08:31:40] Simulating connection to SSID BART-WiFi
[2026-03-01 08:31:40] ⚠️ VPN not active. Initiating simulation/fallback.
[2026-03-01 08:31:40] ✅ Simulated VPN activation successful (flag created).
[2026-03-01 08:31:40] ---- Check complete: PASS (Simulated) ----

[2026-03-01 08:46:51] ---- Starting VPN Auto-Detect/Activate check ----
[2026-03-01 08:46:51] Simulating connection to SSID BART-WiFi
[2026-03-01 08:46:51] ⚠️ VPN not active. Initiating simulation/fallback.
[2026-03-01 08:46:51] ✅ Simulated VPN activation successful (flag created).
[2026-03-01 08:46:51] ---- Check complete: PASS (Simulated) ----

[2026-03-01 09:02:01] ---- Starting VPN Auto-Detect/Activate check ----
[2026-03-01 09:02:01] Simulating connection to SSID BART-WiFi
[2026-03-01 09:02:01] ⚠️ VPN not active. Initiating simulation/fallback.
[2026-03-01 09:02:01] ✅ Simulated VPN activation successful (flag created).
[2026-03-01 09:02:01] ---- Check complete: PASS (Simulated) ----

[2026-03-01 09:17:10] ---- Starting VPN Auto-Detect/Activate check ----
[2026-03-01 09:17:10] Simulating connection to SSID BART-WiFi
[2026-03-01 09:17:10] ⚠️ VPN not active. Initiating simulation/fallback.
[2026-03-01 09:17:10] ✅ Simulated VPN activation successful (flag created).
[2026-03-01 09:17:10] ---- Check complete: PASS (Simulated) ----

[2026-03-01 09:32:18] ---- Starting VPN Auto-Detect/Activate check ----
[2026-03-01 09:32:18] Simulating connection to SSID BART-WiFi
[2026-03-01 09:32:18] ⚠️ VPN not active. Initiating simulation/fallback.
[2026-03-01 09:32:18] ✅ Simulated VPN activation successful (flag created).
[2026-03-01 09:32:18] ---- Check complete: PASS (Simulated) ----

[2026-03-01 09:47:25] ---- Starting VPN Auto-Detect/Activate check ----
[2026-03-01 09:47:25] Simulating connection to SSID BART-WiFi
[2026-03-01 09:47:25] ⚠️ VPN not active. Initiating simulation/fallback.
[2026-03-01 09:47:25] ✅ Simulated VPN activation successful (flag created).
[2026-03-01 09:47:25] ---- Check complete: PASS (Simulated) ----

[2026-03-01 10:02:31] ---- Starting VPN Auto-Detect/Activate check ----
[2026-03-01 10:02:31] Simulating connection to SSID BART-WiFi
[2026-03-01 10:02:31] ⚠️ VPN not active. Initiating simulation/fallback.
[2026-03-01 10:02:31] ✅ Simulated VPN activation successful (flag created).
[2026-03-01 10:02:31] ---- Check complete: PASS (Simulated) ----

[2026-03-01 10:17:41] ---- Starting VPN Auto-Detect/Activate check ----
[2026-03-01 10:17:41] Simulating connection to SSID BART-WiFi
[2026-03-01 10:17:41] ⚠️ VPN not active. Initiating simulation/fallback.
[2026-03-01 10:17:41] ✅ Simulated VPN activation successful (flag created).
[2026-03-01 10:17:41] ---- Check complete: PASS (Simulated) ----

[2026-03-01 10:32:50] ---- Starting VPN Auto-Detect/Activate check ----
[2026-03-01 10:32:50] Simulating connection to SSID BART-WiFi
[2026-03-01 10:32:50] ⚠️ VPN not active. Initiating simulation/fallback.
[2026-03-01 10:32:50] ✅ Simulated VPN activation successful (flag created).
[2026-03-01 10:32:50] ---- Check complete: PASS (Simulated) ----

[2026-03-01 10:47:57] ---- Starting VPN Auto-Detect/Activate check ----
[2026-03-01 10:47:57] Simulating connection to SSID BART-WiFi
[2026-03-01 10:47:57] ⚠️ VPN not active. Initiating simulation/fallback.
[2026-03-01 10:47:57] ✅ Simulated VPN activation successful (flag created).
[2026-03-01 10:47:57] ---- Check complete: PASS (Simulated) ----

[2026-03-01 11:03:06] ---- Starting VPN Auto-Detect/Activate check ----
[2026-03-01 11:03:06] Simulating connection to SSID BART-WiFi
[2026-03-01 11:03:06] ⚠️ VPN not active. Initiating simulation/fallback.
[2026-03-01 11:03:06] ✅ Simulated VPN activation successful (flag created).
[2026-03-01 11:03:06] ---- Check complete: PASS (Simulated) ----

[2026-03-01 11:18:14] ---- Starting VPN Auto-Detect/Activate check ----
[2026-03-01 11:18:14] Simulating connection to SSID BART-WiFi
[2026-03-01 11:18:14] ⚠️ VPN not active. Initiating simulation/fallback.
[2026-03-01 11:18:14] ✅ Simulated VPN activation successful (flag created).
[2026-03-01 11:18:14] ---- Check complete: PASS (Simulated) ----

[2026-03-01 11:33:21] ---- Starting VPN Auto-Detect/Activate check ----
[2026-03-01 11:33:21] Simulating connection to SSID BART-WiFi
[2026-03-01 11:33:21] ⚠️ VPN not active. Initiating simulation/fallback.
[2026-03-01 11:33:21] ✅ Simulated VPN activation successful (flag created).
[2026-03-01 11:33:21] ---- Check complete: PASS (Simulated) ----

[2026-03-01 11:48:30] ---- Starting VPN Auto-Detect/Activate check ----
[2026-03-01 11:48:30] Simulating connection to SSID BART-WiFi
[2026-03-01 11:48:30] ⚠️ VPN not active. Initiating simulation/fallback.
[2026-03-01 11:48:30] ✅ Simulated VPN activation successful (flag created).
[2026-03-01 11:48:30] ---- Check complete: PASS (Simulated) ----

[2026-03-01 12:03:40] ---- Starting VPN Auto-Detect/Activate check ----
[2026-03-01 12:03:40] Simulating connection to SSID BART-WiFi
[2026-03-01 12:03:40] ⚠️ VPN not active. Initiating simulation/fallback.
[2026-03-01 12:03:40] ✅ Simulated VPN activation successful (flag created).
[2026-03-01 12:03:40] ---- Check complete: PASS (Simulated) ----

[2026-03-01 12:18:47] ---- Starting VPN Auto-Detect/Activate check ----
[2026-03-01 12:18:47] Simulating connection to SSID BART-WiFi
[2026-03-01 12:18:47] ⚠️ VPN not active. Initiating simulation/fallback.
[2026-03-01 12:18:47] ✅ Simulated VPN activation successful (flag created).
[2026-03-01 12:18:47] ---- Check complete: PASS (Simulated) ----

[2026-03-01 12:33:54] ---- Starting VPN Auto-Detect/Activate check ----
[2026-03-01 12:33:54] Simulating connection to SSID BART-WiFi
[2026-03-01 12:33:54] ⚠️ VPN not active. Initiating simulation/fallback.
[2026-03-01 12:33:54] ✅ Simulated VPN activation successful (flag created).
[2026-03-01 12:33:54] ---- Check complete: PASS (Simulated) ----

[2026-03-01 12:49:02] ---- Starting VPN Auto-Detect/Activate check ----
[2026-03-01 12:49:02] Simulating connection to SSID BART-WiFi
[2026-03-01 12:49:02] ⚠️ VPN not active. Initiating simulation/fallback.
[2026-03-01 12:49:02] ✅ Simulated VPN activation successful (flag created).
[2026-03-01 12:49:02] ---- Check complete: PASS (Simulated) ----

[2026-03-01 13:04:10] ---- Starting VPN Auto-Detect/Activate check ----
[2026-03-01 13:04:10] Simulating connection to SSID BART-WiFi
[2026-03-01 13:04:10] ⚠️ VPN not active. Initiating simulation/fallback.
[2026-03-01 13:04:10] ✅ Simulated VPN activation successful (flag created).
[2026-03-01 13:04:10] ---- Check complete: PASS (Simulated) ----

[2026-03-01 13:19:16] ---- Starting VPN Auto-Detect/Activate check ----
[2026-03-01 13:19:16] Simulating connection to SSID BART-WiFi
[2026-03-01 13:19:16] ⚠️ VPN not active. Initiating simulation/fallback.
[2026-03-01 13:19:16] ✅ Simulated VPN activation successful (flag created).
[2026-03-01 13:19:16] ---- Check complete: PASS (Simulated) ----

[2026-03-01 13:34:22] ---- Starting VPN Auto-Detect/Activate check ----
[2026-03-01 13:34:22] Simulating connection to SSID BART-WiFi
[2026-03-01 13:34:22] ⚠️ VPN not active. Initiating simulation/fallback.
[2026-03-01 13:34:22] ✅ Simulated VPN activation successful (flag created).
[2026-03-01 13:34:22] ---- Check complete: PASS (Simulated) ----

[2026-03-01 13:49:30] ---- Starting VPN Auto-Detect/Activate check ----
[2026-03-01 13:49:30] Simulating connection to SSID BART-WiFi
[2026-03-01 13:49:30] ⚠️ VPN not active. Initiating simulation/fallback.
[2026-03-01 13:49:30] ✅ Simulated VPN activation successful (flag created).
[2026-03-01 13:49:30] ---- Check complete: PASS (Simulated) ----

[2026-03-01 14:04:36] ---- Starting VPN Auto-Detect/Activate check ----
[2026-03-01 14:04:36] Simulating connection to SSID BART-WiFi
[2026-03-01 14:04:36] ⚠️ VPN not active. Initiating simulation/fallback.
[2026-03-01 14:04:36] ✅ Simulated VPN activation successful (flag created).
[2026-03-01 14:04:36] ---- Check complete: PASS (Simulated) ----

[2026-03-01 14:19:42] ---- Starting VPN Auto-Detect/Activate check ----
[2026-03-01 14:19:42] Simulating connection to SSID BART-WiFi
[2026-03-01 14:19:42] ⚠️ VPN not active. Initiating simulation/fallback.
[2026-03-01 14:19:42] ✅ Simulated VPN activation successful (flag created).
[2026-03-01 14:19:42] ---- Check complete: PASS (Simulated) ----

[2026-03-01 14:34:50] ---- Starting VPN Auto-Detect/Activate check ----
[2026-03-01 14:34:50] Simulating connection to SSID BART-WiFi
[2026-03-01 14:34:50] ⚠️ VPN not active. Initiating simulation/fallback.
[2026-03-01 14:34:50] ✅ Simulated VPN activation successful (flag created).
[2026-03-01 14:34:50] ---- Check complete: PASS (Simulated) ----

[2026-03-01 14:49:56] ---- Starting VPN Auto-Detect/Activate check ----
[2026-03-01 14:49:56] Simulating connection to SSID BART-WiFi
[2026-03-01 14:49:56] ⚠️ VPN not active. Initiating simulation/fallback.
[2026-03-01 14:49:56] ✅ Simulated VPN activation successful (flag created).
[2026-03-01 14:49:56] ---- Check complete: PASS (Simulated) ----

[2026-03-01 15:05:02] ---- Starting VPN Auto-Detect/Activate check ----
[2026-03-01 15:05:02] Simulating connection to SSID BART-WiFi
[2026-03-01 15:05:02] ⚠️ VPN not active. Initiating simulation/fallback.
[2026-03-01 15:05:02] ✅ Simulated VPN activation successful (flag created).
[2026-03-01 15:05:02] ---- Check complete: PASS (Simulated) ----

[2026-03-01 15:20:10] ---- Starting VPN Auto-Detect/Activate check ----
[2026-03-01 15:20:10] Simulating connection to SSID BART-WiFi
[2026-03-01 15:20:10] ⚠️ VPN not active. Initiating simulation/fallback.
[2026-03-01 15:20:10] ✅ Simulated VPN activation successful (flag created).
[2026-03-01 15:20:10] ---- Check complete: PASS (Simulated) ----

[2026-03-01 15:35:16] ---- Starting VPN Auto-Detect/Activate check ----
[2026-03-01 15:35:16] Simulating connection to SSID BART-WiFi
[2026-03-01 15:35:16] ⚠️ VPN not active. Initiating simulation/fallback.
[2026-03-01 15:35:16] ✅ Simulated VPN activation successful (flag created).
[2026-03-01 15:35:16] ---- Check complete: PASS (Simulated) ----

[2026-03-01 15:50:23] ---- Starting VPN Auto-Detect/Activate check ----
[2026-03-01 15:50:23] Simulating connection to SSID BART-WiFi
[2026-03-01 15:50:23] ⚠️ VPN not active. Initiating simulation/fallback.
[2026-03-01 15:50:23] ✅ Simulated VPN activation successful (flag created).
[2026-03-01 15:50:23] ---- Check complete: PASS (Simulated) ----

[2026-03-01 16:05:31] ---- Starting VPN Auto-Detect/Activate check ----
[2026-03-01 16:05:31] Simulating connection to SSID BART-WiFi
[2026-03-01 16:05:31] ⚠️ VPN not active. Initiating simulation/fallback.
[2026-03-01 16:05:31] ✅ Simulated VPN activation successful (flag created).
[2026-03-01 16:05:31] ---- Check complete: PASS (Simulated) ----

[2026-03-01 16:20:37] ---- Starting VPN Auto-Detect/Activate check ----
[2026-03-01 16:20:37] Simulating connection to SSID BART-WiFi
[2026-03-01 16:20:37] ⚠️ VPN not active. Initiating simulation/fallback.
[2026-03-01 16:20:37] ✅ Simulated VPN activation successful (flag created).
[2026-03-01 16:20:37] ---- Check complete: PASS (Simulated) ----

[2026-03-01 16:35:43] ---- Starting VPN Auto-Detect/Activate check ----
[2026-03-01 16:35:43] Simulating connection to SSID BART-WiFi
[2026-03-01 16:35:43] ⚠️ VPN not active. Initiating simulation/fallback.
[2026-03-01 16:35:43] ✅ Simulated VPN activation successful (flag created).
[2026-03-01 16:35:43] ---- Check complete: PASS (Simulated) ----

[2026-03-01 16:50:50] ---- Starting VPN Auto-Detect/Activate check ----
[2026-03-01 16:50:50] Simulating connection to SSID BART-WiFi
[2026-03-01 16:50:50] ⚠️ VPN not active. Initiating simulation/fallback.
[2026-03-01 16:50:50] ✅ Simulated VPN activation successful (flag created).
[2026-03-01 16:50:50] ---- Check complete: PASS (Simulated) ----

[2026-03-01 17:05:55] ---- Starting VPN Auto-Detect/Activate check ----
[2026-03-01 17:05:55] Simulating connection to SSID BART-WiFi
[2026-03-01 17:05:55] ⚠️ VPN not active. Initiating simulation/fallback.
[2026-03-01 17:05:55] ✅ Simulated VPN activation successful (flag created).
[2026-03-01 17:05:55] ---- Check complete: PASS (Simulated) ----

[2026-03-01 17:21:01] ---- Starting VPN Auto-Detect/Activate check ----
[2026-03-01 17:21:01] Simulating connection to SSID BART-WiFi
[2026-03-01 17:21:01] ⚠️ VPN not active. Initiating simulation/fallback.
[2026-03-01 17:21:01] ✅ Simulated VPN activation successful (flag created).
[2026-03-01 17:21:01] ---- Check complete: PASS (Simulated) ----

[2026-03-01 17:36:10] ---- Starting VPN Auto-Detect/Activate check ----
[2026-03-01 17:36:10] Simulating connection to SSID BART-WiFi
[2026-03-01 17:36:10] ⚠️ VPN not active. Initiating simulation/fallback.
[2026-03-01 17:36:10] ✅ Simulated VPN activation successful (flag created).
[2026-03-01 17:36:10] ---- Check complete: PASS (Simulated) ----

[2026-03-01 17:51:17] ---- Starting VPN Auto-Detect/Activate check ----
[2026-03-01 17:51:17] Simulating connection to SSID BART-WiFi
[2026-03-01 17:51:17] ⚠️ VPN not active. Initiating simulation/fallback.
[2026-03-01 17:51:17] ✅ Simulated VPN activation successful (flag created).
[2026-03-01 17:51:17] ---- Check complete: PASS (Simulated) ----

[2026-03-01 18:06:23] ---- Starting VPN Auto-Detect/Activate check ----
[2026-03-01 18:06:23] Simulating connection to SSID BART-WiFi
[2026-03-01 18:06:23] ⚠️ VPN not active. Initiating simulation/fallback.
[2026-03-01 18:06:23] ✅ Simulated VPN activation successful (flag created).
[2026-03-01 18:06:23] ---- Check complete: PASS (Simulated) ----

[2026-03-01 18:21:29] ---- Starting VPN Auto-Detect/Activate check ----
[2026-03-01 18:21:29] Simulating connection to SSID BART-WiFi
[2026-03-01 18:21:29] ⚠️ VPN not active. Initiating simulation/fallback.
[2026-03-01 18:21:29] ✅ Simulated VPN activation successful (flag created).
[2026-03-01 18:21:29] ---- Check complete: PASS (Simulated) ----

[2026-03-01 18:36:35] ---- Starting VPN Auto-Detect/Activate check ----
[2026-03-01 18:36:35] Simulating connection to SSID BART-WiFi
[2026-03-01 18:36:35] ⚠️ VPN not active. Initiating simulation/fallback.
[2026-03-01 18:36:35] ✅ Simulated VPN activation successful (flag created).
[2026-03-01 18:36:35] ---- Check complete: PASS (Simulated) ----

[2026-03-01 18:51:40] ---- Starting VPN Auto-Detect/Activate check ----
[2026-03-01 18:51:40] Simulating connection to SSID BART-WiFi
[2026-03-01 18:51:40] ⚠️ VPN not active. Initiating simulation/fallback.
[2026-03-01 18:51:40] ✅ Simulated VPN activation successful (flag created).
[2026-03-01 18:51:40] ---- Check complete: PASS (Simulated) ----

[2026-03-01 19:06:46] ---- Starting VPN Auto-Detect/Activate check ----
[2026-03-01 19:06:46] Simulating connection to SSID BART-WiFi
[2026-03-01 19:06:46] ⚠️ VPN not active. Initiating simulation/fallback.
[2026-03-01 19:06:46] ✅ Simulated VPN activation successful (flag created).
[2026-03-01 19:06:46] ---- Check complete: PASS (Simulated) ----

[2026-03-01 19:21:53] ---- Starting VPN Auto-Detect/Activate check ----
[2026-03-01 19:21:53] Simulating connection to SSID BART-WiFi
[2026-03-01 19:21:53] ⚠️ VPN not active. Initiating simulation/fallback.
[2026-03-01 19:21:53] ✅ Simulated VPN activation successful (flag created).
[2026-03-01 19:21:53] ---- Check complete: PASS (Simulated) ----

[2026-03-01 19:37:03] ---- Starting VPN Auto-Detect/Activate check ----
[2026-03-01 19:37:03] Simulating connection to SSID BART-WiFi
[2026-03-01 19:37:03] ⚠️ VPN not active. Initiating simulation/fallback.
[2026-03-01 19:37:03] ✅ Simulated VPN activation successful (flag created).
[2026-03-01 19:37:03] ---- Check complete: PASS (Simulated) ----

[2026-03-01 19:52:10] ---- Starting VPN Auto-Detect/Activate check ----
[2026-03-01 19:52:10] Simulating connection to SSID BART-WiFi
[2026-03-01 19:52:10] ⚠️ VPN not active. Initiating simulation/fallback.
[2026-03-01 19:52:10] ✅ Simulated VPN activation successful (flag created).
[2026-03-01 19:52:10] ---- Check complete: PASS (Simulated) ----

[2026-03-01 20:07:16] ---- Starting VPN Auto-Detect/Activate check ----
[2026-03-01 20:07:16] Simulating connection to SSID BART-WiFi
[2026-03-01 20:07:16] ⚠️ VPN not active. Initiating simulation/fallback.
[2026-03-01 20:07:16] ✅ Simulated VPN activation successful (flag created).
[2026-03-01 20:07:16] ---- Check complete: PASS (Simulated) ----

[2026-03-01 20:22:21] ---- Starting VPN Auto-Detect/Activate check ----
[2026-03-01 20:22:21] Simulating connection to SSID BART-WiFi
[2026-03-01 20:22:21] ⚠️ VPN not active. Initiating simulation/fallback.
[2026-03-01 20:22:21] ✅ Simulated VPN activation successful (flag created).
[2026-03-01 20:22:21] ---- Check complete: PASS (Simulated) ----

[2026-03-01 20:37:27] ---- Starting VPN Auto-Detect/Activate check ----
[2026-03-01 20:37:27] Simulating connection to SSID BART-WiFi
[2026-03-01 20:37:27] ⚠️ VPN not active. Initiating simulation/fallback.
[2026-03-01 20:37:27] ✅ Simulated VPN activation successful (flag created).
[2026-03-01 20:37:27] ---- Check complete: PASS (Simulated) ----

[2026-03-01 20:52:32] ---- Starting VPN Auto-Detect/Activate check ----
[2026-03-01 20:52:32] Simulating connection to SSID BART-WiFi
[2026-03-01 20:52:32] ⚠️ VPN not active. Initiating simulation/fallback.
[2026-03-01 20:52:32] ✅ Simulated VPN activation successful (flag created).
[2026-03-01 20:52:32] ---- Check complete: PASS (Simulated) ----

[2026-03-01 21:07:40] ---- Starting VPN Auto-Detect/Activate check ----
[2026-03-01 21:07:40] Simulating connection to SSID BART-WiFi
[2026-03-01 21:07:40] ⚠️ VPN not active. Initiating simulation/fallback.
[2026-03-01 21:07:40] ✅ Simulated VPN activation successful (flag created).
[2026-03-01 21:07:40] ---- Check complete: PASS (Simulated) ----

[2026-03-01 21:22:49] ---- Starting VPN Auto-Detect/Activate check ----
[2026-03-01 21:22:49] Simulating connection to SSID BART-WiFi
[2026-03-01 21:22:49] ⚠️ VPN not active. Initiating simulation/fallback.
[2026-03-01 21:22:49] ✅ Simulated VPN activation successful (flag created).
[2026-03-01 21:22:49] ---- Check complete: PASS (Simulated) ----

[2026-03-01 21:37:56] ---- Starting VPN Auto-Detect/Activate check ----
[2026-03-01 21:37:56] Simulating connection to SSID BART-WiFi
[2026-03-01 21:37:56] ⚠️ VPN not active. Initiating simulation/fallback.
[2026-03-01 21:37:56] ✅ Simulated VPN activation successful (flag created).
[2026-03-01 21:37:56] ---- Check complete: PASS (Simulated) ----

[2026-03-01 21:53:03] ---- Starting VPN Auto-Detect/Activate check ----
[2026-03-01 21:53:03] Simulating connection to SSID BART-WiFi
[2026-03-01 21:53:03] ⚠️ VPN not active. Initiating simulation/fallback.
[2026-03-01 21:53:03] ✅ Simulated VPN activation successful (flag created).
[2026-03-01 21:53:03] ---- Check complete: PASS (Simulated) ----

[2026-03-01 22:08:12] ---- Starting VPN Auto-Detect/Activate check ----
[2026-03-01 22:08:12] Simulating connection to SSID BART-WiFi
[2026-03-01 22:08:12] ⚠️ VPN not active. Initiating simulation/fallback.
[2026-03-01 22:08:12] ✅ Simulated VPN activation successful (flag created).
[2026-03-01 22:08:12] ---- Check complete: PASS (Simulated) ----

[2026-03-01 22:23:19] ---- Starting VPN Auto-Detect/Activate check ----
[2026-03-01 22:23:19] Simulating connection to SSID BART-WiFi
[2026-03-01 22:23:19] ⚠️ VPN not active. Initiating simulation/fallback.
[2026-03-01 22:23:19] ✅ Simulated VPN activation successful (flag created).
[2026-03-01 22:23:19] ---- Check complete: PASS (Simulated) ----

[2026-03-01 22:38:29] ---- Starting VPN Auto-Detect/Activate check ----
[2026-03-01 22:38:29] Simulating connection to SSID BART-WiFi
[2026-03-01 22:38:29] ⚠️ VPN not active. Initiating simulation/fallback.
[2026-03-01 22:38:29] ✅ Simulated VPN activation successful (flag created).
[2026-03-01 22:38:29] ---- Check complete: PASS (Simulated) ----

[2026-03-01 22:53:40] ---- Starting VPN Auto-Detect/Activate check ----
[2026-03-01 22:53:40] Simulating connection to SSID BART-WiFi
[2026-03-01 22:53:40] ⚠️ VPN not active. Initiating simulation/fallback.
[2026-03-01 22:53:40] ✅ Simulated VPN activation successful (flag created).
[2026-03-01 22:53:40] ---- Check complete: PASS (Simulated) ----

[2026-03-01 23:08:47] ---- Starting VPN Auto-Detect/Activate check ----
[2026-03-01 23:08:47] Simulating connection to SSID BART-WiFi
[2026-03-01 23:08:47] ⚠️ VPN not active. Initiating simulation/fallback.
[2026-03-01 23:08:47] ✅ Simulated VPN activation successful (flag created).
[2026-03-01 23:08:47] ---- Check complete: PASS (Simulated) ----

[2026-03-01 23:23:54] ---- Starting VPN Auto-Detect/Activate check ----
[2026-03-01 23:23:54] Simulating connection to SSID BART-WiFi
[2026-03-01 23:23:55] ⚠️ VPN not active. Initiating simulation/fallback.
[2026-03-01 23:23:55] ✅ Simulated VPN activation successful (flag created).
[2026-03-01 23:23:55] ---- Check complete: PASS (Simulated) ----

[2026-03-01 23:39:01] ---- Starting VPN Auto-Detect/Activate check ----
[2026-03-01 23:39:01] Simulating connection to SSID BART-WiFi
[2026-03-01 23:39:01] ⚠️ VPN not active. Initiating simulation/fallback.
[2026-03-01 23:39:01] ✅ Simulated VPN activation successful (flag created).
[2026-03-01 23:39:01] ---- Check complete: PASS (Simulated) ----

[2026-03-01 23:54:07] ---- Starting VPN Auto-Detect/Activate check ----
[2026-03-01 23:54:07] Simulating connection to SSID BART-WiFi
[2026-03-01 23:54:07] ⚠️ VPN not active. Initiating simulation/fallback.
[2026-03-01 23:54:07] ✅ Simulated VPN activation successful (flag created).
[2026-03-01 23:54:07] ---- Check complete: PASS (Simulated) ----

[2026-03-02 00:09:13] ---- Starting VPN Auto-Detect/Activate check ----
[2026-03-02 00:09:13] Simulating connection to SSID BART-WiFi
[2026-03-02 00:09:13] ⚠️ VPN not active. Initiating simulation/fallback.
[2026-03-02 00:09:13] ✅ Simulated VPN activation successful (flag created).
[2026-03-02 00:09:13] ---- Check complete: PASS (Simulated) ----

[2026-03-02 00:24:19] ---- Starting VPN Auto-Detect/Activate check ----
[2026-03-02 00:24:19] Simulating connection to SSID BART-WiFi
[2026-03-02 00:24:19] ⚠️ VPN not active. Initiating simulation/fallback.
[2026-03-02 00:24:19] ✅ Simulated VPN activation successful (flag created).
[2026-03-02 00:24:19] ---- Check complete: PASS (Simulated) ----

[2026-03-02 00:39:25] ---- Starting VPN Auto-Detect/Activate check ----
[2026-03-02 00:39:25] Simulating connection to SSID BART-WiFi
[2026-03-02 00:39:25] ⚠️ VPN not active. Initiating simulation/fallback.
[2026-03-02 00:39:25] ✅ Simulated VPN activation successful (flag created).
[2026-03-02 00:39:25] ---- Check complete: PASS (Simulated) ----

[2026-03-02 00:54:31] ---- Starting VPN Auto-Detect/Activate check ----
[2026-03-02 00:54:31] Simulating connection to SSID BART-WiFi
[2026-03-02 00:54:31] ⚠️ VPN not active. Initiating simulation/fallback.
[2026-03-02 00:54:31] ✅ Simulated VPN activation successful (flag created).
[2026-03-02 00:54:31] ---- Check complete: PASS (Simulated) ----

[2026-03-02 01:09:37] ---- Starting VPN Auto-Detect/Activate check ----
[2026-03-02 01:09:37] Simulating connection to SSID BART-WiFi
[2026-03-02 01:09:37] ⚠️ VPN not active. Initiating simulation/fallback.
[2026-03-02 01:09:37] ✅ Simulated VPN activation successful (flag created).
[2026-03-02 01:09:37] ---- Check complete: PASS (Simulated) ----

[2026-03-02 01:24:44] ---- Starting VPN Auto-Detect/Activate check ----
[2026-03-02 01:24:44] Simulating connection to SSID BART-WiFi
[2026-03-02 01:24:44] ⚠️ VPN not active. Initiating simulation/fallback.
[2026-03-02 01:24:44] ✅ Simulated VPN activation successful (flag created).
[2026-03-02 01:24:44] ---- Check complete: PASS (Simulated) ----

[2026-03-02 01:39:49] ---- Starting VPN Auto-Detect/Activate check ----
[2026-03-02 01:39:49] Simulating connection to SSID BART-WiFi
[2026-03-02 01:39:49] ⚠️ VPN not active. Initiating simulation/fallback.
[2026-03-02 01:39:49] ✅ Simulated VPN activation successful (flag created).
[2026-03-02 01:39:49] ---- Check complete: PASS (Simulated) ----

[2026-03-02 01:54:55] ---- Starting VPN Auto-Detect/Activate check ----
[2026-03-02 01:54:55] Simulating connection to SSID BART-WiFi
[2026-03-02 01:54:55] ⚠️ VPN not active. Initiating simulation/fallback.
[2026-03-02 01:54:55] ✅ Simulated VPN activation successful (flag created).
[2026-03-02 01:54:55] ---- Check complete: PASS (Simulated) ----

[2026-03-02 02:10:01] ---- Starting VPN Auto-Detect/Activate check ----
[2026-03-02 02:10:01] Simulating connection to SSID BART-WiFi
[2026-03-02 02:10:01] ⚠️ VPN not active. Initiating simulation/fallback.
[2026-03-02 02:10:01] ✅ Simulated VPN activation successful (flag created).
[2026-03-02 02:10:01] ---- Check complete: PASS (Simulated) ----

[2026-03-02 02:25:07] ---- Starting VPN Auto-Detect/Activate check ----
[2026-03-02 02:25:07] Simulating connection to SSID BART-WiFi
[2026-03-02 02:25:07] ⚠️ VPN not active. Initiating simulation/fallback.
[2026-03-02 02:25:07] ✅ Simulated VPN activation successful (flag created).
[2026-03-02 02:25:07] ---- Check complete: PASS (Simulated) ----

[2026-03-02 02:40:12] ---- Starting VPN Auto-Detect/Activate check ----
[2026-03-02 02:40:12] Simulating connection to SSID BART-WiFi
[2026-03-02 02:40:12] ⚠️ VPN not active. Initiating simulation/fallback.
[2026-03-02 02:40:12] ✅ Simulated VPN activation successful (flag created).
[2026-03-02 02:40:12] ---- Check complete: PASS (Simulated) ----

[2026-03-02 02:55:19] ---- Starting VPN Auto-Detect/Activate check ----
[2026-03-02 02:55:19] Simulating connection to SSID BART-WiFi
[2026-03-02 02:55:19] ⚠️ VPN not active. Initiating simulation/fallback.
[2026-03-02 02:55:19] ✅ Simulated VPN activation successful (flag created).
[2026-03-02 02:55:19] ---- Check complete: PASS (Simulated) ----

[2026-03-02 03:10:25] ---- Starting VPN Auto-Detect/Activate check ----
[2026-03-02 03:10:25] Simulating connection to SSID BART-WiFi
[2026-03-02 03:10:25] ⚠️ VPN not active. Initiating simulation/fallback.
[2026-03-02 03:10:25] ✅ Simulated VPN activation successful (flag created).
[2026-03-02 03:10:25] ---- Check complete: PASS (Simulated) ----

[2026-03-02 03:25:30] ---- Starting VPN Auto-Detect/Activate check ----
[2026-03-02 03:25:30] Simulating connection to SSID BART-WiFi
[2026-03-02 03:25:30] ⚠️ VPN not active. Initiating simulation/fallback.
[2026-03-02 03:25:30] ✅ Simulated VPN activation successful (flag created).
[2026-03-02 03:25:30] ---- Check complete: PASS (Simulated) ----

[2026-03-02 03:40:38] ---- Starting VPN Auto-Detect/Activate check ----
[2026-03-02 03:40:38] Simulating connection to SSID BART-WiFi
[2026-03-02 03:40:38] ⚠️ VPN not active. Initiating simulation/fallback.
[2026-03-02 03:40:38] ✅ Simulated VPN activation successful (flag created).
[2026-03-02 03:40:38] ---- Check complete: PASS (Simulated) ----

[2026-03-02 03:55:43] ---- Starting VPN Auto-Detect/Activate check ----
[2026-03-02 03:55:43] Simulating connection to SSID BART-WiFi
[2026-03-02 03:55:43] ⚠️ VPN not active. Initiating simulation/fallback.
[2026-03-02 03:55:43] ✅ Simulated VPN activation successful (flag created).
[2026-03-02 03:55:43] ---- Check complete: PASS (Simulated) ----

[2026-03-02 04:10:49] ---- Starting VPN Auto-Detect/Activate check ----
[2026-03-02 04:10:49] Simulating connection to SSID BART-WiFi
[2026-03-02 04:10:49] ⚠️ VPN not active. Initiating simulation/fallback.
[2026-03-02 04:10:49] ✅ Simulated VPN activation successful (flag created).
[2026-03-02 04:10:49] ---- Check complete: PASS (Simulated) ----

[2026-03-02 04:25:55] ---- Starting VPN Auto-Detect/Activate check ----
[2026-03-02 04:25:55] Simulating connection to SSID BART-WiFi
[2026-03-02 04:25:55] ⚠️ VPN not active. Initiating simulation/fallback.
[2026-03-02 04:25:55] ✅ Simulated VPN activation successful (flag created).
[2026-03-02 04:25:55] ---- Check complete: PASS (Simulated) ----

[2026-03-02 04:41:00] ---- Starting VPN Auto-Detect/Activate check ----
[2026-03-02 04:41:00] Simulating connection to SSID BART-WiFi
[2026-03-02 04:41:00] ⚠️ VPN not active. Initiating simulation/fallback.
[2026-03-02 04:41:00] ✅ Simulated VPN activation successful (flag created).
[2026-03-02 04:41:00] ---- Check complete: PASS (Simulated) ----

[2026-03-02 04:56:06] ---- Starting VPN Auto-Detect/Activate check ----
[2026-03-02 04:56:06] Simulating connection to SSID BART-WiFi
[2026-03-02 04:56:06] ⚠️ VPN not active. Initiating simulation/fallback.
[2026-03-02 04:56:06] ✅ Simulated VPN activation successful (flag created).
[2026-03-02 04:56:06] ---- Check complete: PASS (Simulated) ----

[2026-03-02 05:11:12] ---- Starting VPN Auto-Detect/Activate check ----
[2026-03-02 05:11:12] Simulating connection to SSID BART-WiFi
[2026-03-02 05:11:12] ⚠️ VPN not active. Initiating simulation/fallback.
[2026-03-02 05:11:12] ✅ Simulated VPN activation successful (flag created).
[2026-03-02 05:11:12] ---- Check complete: PASS (Simulated) ----

[2026-03-02 05:26:19] ---- Starting VPN Auto-Detect/Activate check ----
[2026-03-02 05:26:19] Simulating connection to SSID BART-WiFi
[2026-03-02 05:26:19] ⚠️ VPN not active. Initiating simulation/fallback.
[2026-03-02 05:26:19] ✅ Simulated VPN activation successful (flag created).
[2026-03-02 05:26:19] ---- Check complete: PASS (Simulated) ----

[2026-03-02 05:41:26] ---- Starting VPN Auto-Detect/Activate check ----
[2026-03-02 05:41:26] Simulating connection to SSID BART-WiFi
[2026-03-02 05:41:26] ⚠️ VPN not active. Initiating simulation/fallback.
[2026-03-02 05:41:26] ✅ Simulated VPN activation successful (flag created).
[2026-03-02 05:41:26] ---- Check complete: PASS (Simulated) ----

[2026-03-02 05:56:31] ---- Starting VPN Auto-Detect/Activate check ----
[2026-03-02 05:56:31] Simulating connection to SSID BART-WiFi
[2026-03-02 05:56:31] ⚠️ VPN not active. Initiating simulation/fallback.
[2026-03-02 05:56:31] ✅ Simulated VPN activation successful (flag created).
[2026-03-02 05:56:31] ---- Check complete: PASS (Simulated) ----

[2026-03-02 06:11:38] ---- Starting VPN Auto-Detect/Activate check ----
[2026-03-02 06:11:38] Simulating connection to SSID BART-WiFi
[2026-03-02 06:11:38] ⚠️ VPN not active. Initiating simulation/fallback.
[2026-03-02 06:11:38] ✅ Simulated VPN activation successful (flag created).
[2026-03-02 06:11:38] ---- Check complete: PASS (Simulated) ----

[2026-03-02 06:26:46] ---- Starting VPN Auto-Detect/Activate check ----
[2026-03-02 06:26:46] Simulating connection to SSID BART-WiFi
[2026-03-02 06:26:46] ⚠️ VPN not active. Initiating simulation/fallback.
[2026-03-02 06:26:46] ✅ Simulated VPN activation successful (flag created).
[2026-03-02 06:26:46] ---- Check complete: PASS (Simulated) ----

[2026-03-02 06:41:52] ---- Starting VPN Auto-Detect/Activate check ----
[2026-03-02 06:41:52] Simulating connection to SSID BART-WiFi
[2026-03-02 06:41:52] ⚠️ VPN not active. Initiating simulation/fallback.
[2026-03-02 06:41:52] ✅ Simulated VPN activation successful (flag created).
[2026-03-02 06:41:52] ---- Check complete: PASS (Simulated) ----

[2026-03-02 06:56:59] ---- Starting VPN Auto-Detect/Activate check ----
[2026-03-02 06:56:59] Simulating connection to SSID BART-WiFi
[2026-03-02 06:56:59] ⚠️ VPN not active. Initiating simulation/fallback.
[2026-03-02 06:56:59] ✅ Simulated VPN activation successful (flag created).
[2026-03-02 06:56:59] ---- Check complete: PASS (Simulated) ----

[2026-03-02 07:12:06] ---- Starting VPN Auto-Detect/Activate check ----
[2026-03-02 07:12:06] Simulating connection to SSID BART-WiFi
[2026-03-02 07:12:06] ⚠️ VPN not active. Initiating simulation/fallback.
[2026-03-02 07:12:06] ✅ Simulated VPN activation successful (flag created).
[2026-03-02 07:12:06] ---- Check complete: PASS (Simulated) ----

[2026-03-02 07:27:11] ---- Starting VPN Auto-Detect/Activate check ----
[2026-03-02 07:27:11] Simulating connection to SSID BART-WiFi
[2026-03-02 07:27:11] ⚠️ VPN not active. Initiating simulation/fallback.
[2026-03-02 07:27:11] ✅ Simulated VPN activation successful (flag created).
[2026-03-02 07:27:11] ---- Check complete: PASS (Simulated) ----

[2026-03-02 07:42:17] ---- Starting VPN Auto-Detect/Activate check ----
[2026-03-02 07:42:17] Simulating connection to SSID BART-WiFi
[2026-03-02 07:42:17] ⚠️ VPN not active. Initiating simulation/fallback.
[2026-03-02 07:42:17] ✅ Simulated VPN activation successful (flag created).
[2026-03-02 07:42:17] ---- Check complete: PASS (Simulated) ----

[2026-03-02 07:57:23] ---- Starting VPN Auto-Detect/Activate check ----
[2026-03-02 07:57:23] Simulating connection to SSID BART-WiFi
[2026-03-02 07:57:23] ⚠️ VPN not active. Initiating simulation/fallback.
[2026-03-02 07:57:23] ✅ Simulated VPN activation successful (flag created).
[2026-03-02 07:57:23] ---- Check complete: PASS (Simulated) ----

[2026-03-02 08:12:29] ---- Starting VPN Auto-Detect/Activate check ----
[2026-03-02 08:12:29] Simulating connection to SSID BART-WiFi
[2026-03-02 08:12:29] ⚠️ VPN not active. Initiating simulation/fallback.
[2026-03-02 08:12:29] ✅ Simulated VPN activation successful (flag created).
[2026-03-02 08:12:29] ---- Check complete: PASS (Simulated) ----

[2026-03-02 08:27:35] ---- Starting VPN Auto-Detect/Activate check ----
[2026-03-02 08:27:35] Simulating connection to SSID BART-WiFi
[2026-03-02 08:27:35] ⚠️ VPN not active. Initiating simulation/fallback.
[2026-03-02 08:27:35] ✅ Simulated VPN activation successful (flag created).
[2026-03-02 08:27:35] ---- Check complete: PASS (Simulated) ----

[2026-03-02 08:42:41] ---- Starting VPN Auto-Detect/Activate check ----
[2026-03-02 08:42:41] Simulating connection to SSID BART-WiFi
[2026-03-02 08:42:41] ⚠️ VPN not active. Initiating simulation/fallback.
[2026-03-02 08:42:41] ✅ Simulated VPN activation successful (flag created).
[2026-03-02 08:42:41] ---- Check complete: PASS (Simulated) ----

[2026-03-02 08:57:49] ---- Starting VPN Auto-Detect/Activate check ----
[2026-03-02 08:57:49] Simulating connection to SSID BART-WiFi
[2026-03-02 08:57:49] ⚠️ VPN not active. Initiating simulation/fallback.
[2026-03-02 08:57:49] ✅ Simulated VPN activation successful (flag created).
[2026-03-02 08:57:49] ---- Check complete: PASS (Simulated) ----

[2026-03-02 09:12:55] ---- Starting VPN Auto-Detect/Activate check ----
[2026-03-02 09:12:55] Simulating connection to SSID BART-WiFi
[2026-03-02 09:12:55] ⚠️ VPN not active. Initiating simulation/fallback.
[2026-03-02 09:12:55] ✅ Simulated VPN activation successful (flag created).
[2026-03-02 09:12:55] ---- Check complete: PASS (Simulated) ----

[2026-03-02 09:28:02] ---- Starting VPN Auto-Detect/Activate check ----
[2026-03-02 09:28:02] Simulating connection to SSID BART-WiFi
[2026-03-02 09:28:02] ⚠️ VPN not active. Initiating simulation/fallback.
[2026-03-02 09:28:02] ✅ Simulated VPN activation successful (flag created).
[2026-03-02 09:28:02] ---- Check complete: PASS (Simulated) ----

[2026-03-02 09:43:12] ---- Starting VPN Auto-Detect/Activate check ----
[2026-03-02 09:43:12] Simulating connection to SSID BART-WiFi
[2026-03-02 09:43:13] ⚠️ VPN not active. Initiating simulation/fallback.
[2026-03-02 09:43:13] ✅ Simulated VPN activation successful (flag created).
[2026-03-02 09:43:13] ---- Check complete: PASS (Simulated) ----

[2026-03-02 09:58:19] ---- Starting VPN Auto-Detect/Activate check ----
[2026-03-02 09:58:19] Simulating connection to SSID BART-WiFi
[2026-03-02 09:58:19] ⚠️ VPN not active. Initiating simulation/fallback.
[2026-03-02 09:58:19] ✅ Simulated VPN activation successful (flag created).
[2026-03-02 09:58:19] ---- Check complete: PASS (Simulated) ----

[2026-03-02 10:13:26] ---- Starting VPN Auto-Detect/Activate check ----
[2026-03-02 10:13:26] Simulating connection to SSID BART-WiFi
[2026-03-02 10:13:26] ⚠️ VPN not active. Initiating simulation/fallback.
[2026-03-02 10:13:26] ✅ Simulated VPN activation successful (flag created).
[2026-03-02 10:13:26] ---- Check complete: PASS (Simulated) ----

[2026-03-02 10:28:32] ---- Starting VPN Auto-Detect/Activate check ----
[2026-03-02 10:28:32] Simulating connection to SSID BART-WiFi
[2026-03-02 10:28:32] ⚠️ VPN not active. Initiating simulation/fallback.
[2026-03-02 10:28:32] ✅ Simulated VPN activation successful (flag created).
[2026-03-02 10:28:32] ---- Check complete: PASS (Simulated) ----

[2026-03-02 10:43:39] ---- Starting VPN Auto-Detect/Activate check ----
[2026-03-02 10:43:39] Simulating connection to SSID BART-WiFi
[2026-03-02 10:43:39] ⚠️ VPN not active. Initiating simulation/fallback.
[2026-03-02 10:43:39] ✅ Simulated VPN activation successful (flag created).
[2026-03-02 10:43:39] ---- Check complete: PASS (Simulated) ----

[2026-03-02 10:58:45] ---- Starting VPN Auto-Detect/Activate check ----
[2026-03-02 10:58:45] Simulating connection to SSID BART-WiFi
[2026-03-02 10:58:46] ⚠️ VPN not active. Initiating simulation/fallback.
[2026-03-02 10:58:46] ✅ Simulated VPN activation successful (flag created).
[2026-03-02 10:58:46] ---- Check complete: PASS (Simulated) ----

[2026-03-02 11:13:52] ---- Starting VPN Auto-Detect/Activate check ----
[2026-03-02 11:13:52] Simulating connection to SSID BART-WiFi
[2026-03-02 11:13:52] ⚠️ VPN not active. Initiating simulation/fallback.
[2026-03-02 11:13:52] ✅ Simulated VPN activation successful (flag created).
[2026-03-02 11:13:52] ---- Check complete: PASS (Simulated) ----

[2026-03-02 11:28:57] ---- Starting VPN Auto-Detect/Activate check ----
[2026-03-02 11:28:57] Simulating connection to SSID BART-WiFi
[2026-03-02 11:28:57] ⚠️ VPN not active. Initiating simulation/fallback.
[2026-03-02 11:28:57] ✅ Simulated VPN activation successful (flag created).
[2026-03-02 11:28:57] ---- Check complete: PASS (Simulated) ----

[2026-03-02 11:44:04] ---- Starting VPN Auto-Detect/Activate check ----
[2026-03-02 11:44:04] Simulating connection to SSID BART-WiFi
[2026-03-02 11:44:04] ⚠️ VPN not active. Initiating simulation/fallback.
[2026-03-02 11:44:04] ✅ Simulated VPN activation successful (flag created).
[2026-03-02 11:44:04] ---- Check complete: PASS (Simulated) ----

[2026-03-02 11:59:10] ---- Starting VPN Auto-Detect/Activate check ----
[2026-03-02 11:59:10] Simulating connection to SSID BART-WiFi
[2026-03-02 11:59:10] ⚠️ VPN not active. Initiating simulation/fallback.
[2026-03-02 11:59:10] ✅ Simulated VPN activation successful (flag created).
[2026-03-02 11:59:10] ---- Check complete: PASS (Simulated) ----

[2026-03-02 12:14:15] ---- Starting VPN Auto-Detect/Activate check ----
[2026-03-02 12:14:15] Simulating connection to SSID BART-WiFi
[2026-03-02 12:14:15] ⚠️ VPN not active. Initiating simulation/fallback.
[2026-03-02 12:14:15] ✅ Simulated VPN activation successful (flag created).
[2026-03-02 12:14:15] ---- Check complete: PASS (Simulated) ----

[2026-03-02 12:29:21] ---- Starting VPN Auto-Detect/Activate check ----
[2026-03-02 12:29:21] Simulating connection to SSID BART-WiFi
[2026-03-02 12:29:21] ⚠️ VPN not active. Initiating simulation/fallback.
[2026-03-02 12:29:21] ✅ Simulated VPN activation successful (flag created).
[2026-03-02 12:29:21] ---- Check complete: PASS (Simulated) ----

[2026-03-02 12:44:27] ---- Starting VPN Auto-Detect/Activate check ----
[2026-03-02 12:44:27] Simulating connection to SSID BART-WiFi
[2026-03-02 12:44:27] ⚠️ VPN not active. Initiating simulation/fallback.
[2026-03-02 12:44:27] ✅ Simulated VPN activation successful (flag created).
[2026-03-02 12:44:27] ---- Check complete: PASS (Simulated) ----

[2026-03-02 12:59:34] ---- Starting VPN Auto-Detect/Activate check ----
[2026-03-02 12:59:34] Simulating connection to SSID BART-WiFi
[2026-03-02 12:59:34] ⚠️ VPN not active. Initiating simulation/fallback.
[2026-03-02 12:59:34] ✅ Simulated VPN activation successful (flag created).
[2026-03-02 12:59:34] ---- Check complete: PASS (Simulated) ----

[2026-03-02 13:14:39] ---- Starting VPN Auto-Detect/Activate check ----
[2026-03-02 13:14:39] Simulating connection to SSID BART-WiFi
[2026-03-02 13:14:39] ⚠️ VPN not active. Initiating simulation/fallback.
[2026-03-02 13:14:39] ✅ Simulated VPN activation successful (flag created).
[2026-03-02 13:14:39] ---- Check complete: PASS (Simulated) ----

[2026-03-02 13:29:45] ---- Starting VPN Auto-Detect/Activate check ----
[2026-03-02 13:29:45] Simulating connection to SSID BART-WiFi
[2026-03-02 13:29:45] ⚠️ VPN not active. Initiating simulation/fallback.
[2026-03-02 13:29:45] ✅ Simulated VPN activation successful (flag created).
[2026-03-02 13:29:45] ---- Check complete: PASS (Simulated) ----

[2026-03-02 13:44:51] ---- Starting VPN Auto-Detect/Activate check ----
[2026-03-02 13:44:51] Simulating connection to SSID BART-WiFi
[2026-03-02 13:44:51] ⚠️ VPN not active. Initiating simulation/fallback.
[2026-03-02 13:44:51] ✅ Simulated VPN activation successful (flag created).
[2026-03-02 13:44:51] ---- Check complete: PASS (Simulated) ----

[2026-03-02 13:59:57] ---- Starting VPN Auto-Detect/Activate check ----
[2026-03-02 13:59:57] Simulating connection to SSID BART-WiFi
[2026-03-02 13:59:57] ⚠️ VPN not active. Initiating simulation/fallback.
[2026-03-02 13:59:57] ✅ Simulated VPN activation successful (flag created).
[2026-03-02 13:59:57] ---- Check complete: PASS (Simulated) ----

[2026-03-02 14:15:04] ---- Starting VPN Auto-Detect/Activate check ----
[2026-03-02 14:15:04] Simulating connection to SSID BART-WiFi
[2026-03-02 14:15:04] ⚠️ VPN not active. Initiating simulation/fallback.
[2026-03-02 14:15:04] ✅ Simulated VPN activation successful (flag created).
[2026-03-02 14:15:04] ---- Check complete: PASS (Simulated) ----

[2026-03-02 14:30:17] ---- Starting VPN Auto-Detect/Activate check ----
[2026-03-02 14:30:17] Simulating connection to SSID BART-WiFi
[2026-03-02 14:30:17] ⚠️ VPN not active. Initiating simulation/fallback.
[2026-03-02 14:30:17] ✅ Simulated VPN activation successful (flag created).
[2026-03-02 14:30:17] ---- Check complete: PASS (Simulated) ----

[2026-03-02 14:45:25] ---- Starting VPN Auto-Detect/Activate check ----
[2026-03-02 14:45:25] Simulating connection to SSID BART-WiFi
[2026-03-02 14:45:25] ⚠️ VPN not active. Initiating simulation/fallback.
[2026-03-02 14:45:25] ✅ Simulated VPN activation successful (flag created).
[2026-03-02 14:45:25] ---- Check complete: PASS (Simulated) ----

[2026-03-02 15:00:32] ---- Starting VPN Auto-Detect/Activate check ----
[2026-03-02 15:00:32] Simulating connection to SSID BART-WiFi
[2026-03-02 15:00:32] ⚠️ VPN not active. Initiating simulation/fallback.
[2026-03-02 15:00:32] ✅ Simulated VPN activation successful (flag created).
[2026-03-02 15:00:32] ---- Check complete: PASS (Simulated) ----

[2026-03-02 15:15:41] ---- Starting VPN Auto-Detect/Activate check ----
[2026-03-02 15:15:41] Simulating connection to SSID BART-WiFi
[2026-03-02 15:15:41] ⚠️ VPN not active. Initiating simulation/fallback.
[2026-03-02 15:15:41] ✅ Simulated VPN activation successful (flag created).
[2026-03-02 15:15:41] ---- Check complete: PASS (Simulated) ----

[2026-03-02 15:30:49] ---- Starting VPN Auto-Detect/Activate check ----
[2026-03-02 15:30:49] Simulating connection to SSID BART-WiFi
[2026-03-02 15:30:49] ⚠️ VPN not active. Initiating simulation/fallback.
[2026-03-02 15:30:49] ✅ Simulated VPN activation successful (flag created).
[2026-03-02 15:30:49] ---- Check complete: PASS (Simulated) ----

[2026-03-02 15:45:56] ---- Starting VPN Auto-Detect/Activate check ----
[2026-03-02 15:45:56] Simulating connection to SSID BART-WiFi
[2026-03-02 15:45:56] ⚠️ VPN not active. Initiating simulation/fallback.
[2026-03-02 15:45:56] ✅ Simulated VPN activation successful (flag created).
[2026-03-02 15:45:56] ---- Check complete: PASS (Simulated) ----

[2026-03-02 16:01:06] ---- Starting VPN Auto-Detect/Activate check ----
[2026-03-02 16:01:06] Simulating connection to SSID BART-WiFi
[2026-03-02 16:01:06] ⚠️ VPN not active. Initiating simulation/fallback.
[2026-03-02 16:01:06] ✅ Simulated VPN activation successful (flag created).
[2026-03-02 16:01:06] ---- Check complete: PASS (Simulated) ----

[2026-03-02 16:16:13] ---- Starting VPN Auto-Detect/Activate check ----
[2026-03-02 16:16:13] Simulating connection to SSID BART-WiFi
[2026-03-02 16:16:13] ⚠️ VPN not active. Initiating simulation/fallback.
[2026-03-02 16:16:13] ✅ Simulated VPN activation successful (flag created).
[2026-03-02 16:16:13] ---- Check complete: PASS (Simulated) ----

[2026-03-02 16:31:20] ---- Starting VPN Auto-Detect/Activate check ----
[2026-03-02 16:31:20] Simulating connection to SSID BART-WiFi
[2026-03-02 16:31:20] ⚠️ VPN not active. Initiating simulation/fallback.
[2026-03-02 16:31:20] ✅ Simulated VPN activation successful (flag created).
[2026-03-02 16:31:20] ---- Check complete: PASS (Simulated) ----

[2026-03-02 16:46:27] ---- Starting VPN Auto-Detect/Activate check ----
[2026-03-02 16:46:27] Simulating connection to SSID BART-WiFi
[2026-03-02 16:46:27] ⚠️ VPN not active. Initiating simulation/fallback.
[2026-03-02 16:46:27] ✅ Simulated VPN activation successful (flag created).
[2026-03-02 16:46:27] ---- Check complete: PASS (Simulated) ----

[2026-03-02 17:01:35] ---- Starting VPN Auto-Detect/Activate check ----
[2026-03-02 17:01:35] Simulating connection to SSID BART-WiFi
[2026-03-02 17:01:35] ⚠️ VPN not active. Initiating simulation/fallback.
[2026-03-02 17:01:35] ✅ Simulated VPN activation successful (flag created).
[2026-03-02 17:01:35] ---- Check complete: PASS (Simulated) ----

[2026-03-02 17:16:41] ---- Starting VPN Auto-Detect/Activate check ----
[2026-03-02 17:16:41] Simulating connection to SSID BART-WiFi
[2026-03-02 17:16:41] ⚠️ VPN not active. Initiating simulation/fallback.
[2026-03-02 17:16:41] ✅ Simulated VPN activation successful (flag created).
[2026-03-02 17:16:41] ---- Check complete: PASS (Simulated) ----

[2026-03-02 17:31:49] ---- Starting VPN Auto-Detect/Activate check ----
[2026-03-02 17:31:49] Simulating connection to SSID BART-WiFi
[2026-03-02 17:31:50] ⚠️ VPN not active. Initiating simulation/fallback.
[2026-03-02 17:31:50] ✅ Simulated VPN activation successful (flag created).
[2026-03-02 17:31:50] ---- Check complete: PASS (Simulated) ----

[2026-03-02 17:46:56] ---- Starting VPN Auto-Detect/Activate check ----
[2026-03-02 17:46:56] Simulating connection to SSID BART-WiFi
[2026-03-02 17:46:56] ⚠️ VPN not active. Initiating simulation/fallback.
[2026-03-02 17:46:56] ✅ Simulated VPN activation successful (flag created).
[2026-03-02 17:46:56] ---- Check complete: PASS (Simulated) ----

[2026-03-02 18:02:03] ---- Starting VPN Auto-Detect/Activate check ----
[2026-03-02 18:02:03] Simulating connection to SSID BART-WiFi
[2026-03-02 18:02:03] ⚠️ VPN not active. Initiating simulation/fallback.
[2026-03-02 18:02:03] ✅ Simulated VPN activation successful (flag created).
[2026-03-02 18:02:03] ---- Check complete: PASS (Simulated) ----

[2026-03-02 18:17:11] ---- Starting VPN Auto-Detect/Activate check ----
[2026-03-02 18:17:11] Simulating connection to SSID BART-WiFi
[2026-03-02 18:17:11] ⚠️ VPN not active. Initiating simulation/fallback.
[2026-03-02 18:17:11] ✅ Simulated VPN activation successful (flag created).
[2026-03-02 18:17:11] ---- Check complete: PASS (Simulated) ----

[2026-03-02 18:32:17] ---- Starting VPN Auto-Detect/Activate check ----
[2026-03-02 18:32:17] Simulating connection to SSID BART-WiFi
[2026-03-02 18:32:17] ⚠️ VPN not active. Initiating simulation/fallback.
[2026-03-02 18:32:17] ✅ Simulated VPN activation successful (flag created).
[2026-03-02 18:32:17] ---- Check complete: PASS (Simulated) ----

[2026-03-02 18:47:23] ---- Starting VPN Auto-Detect/Activate check ----
[2026-03-02 18:47:23] Simulating connection to SSID BART-WiFi
[2026-03-02 18:47:23] ⚠️ VPN not active. Initiating simulation/fallback.
[2026-03-02 18:47:23] ✅ Simulated VPN activation successful (flag created).
[2026-03-02 18:47:23] ---- Check complete: PASS (Simulated) ----

[2026-03-02 19:02:30] ---- Starting VPN Auto-Detect/Activate check ----
[2026-03-02 19:02:30] Simulating connection to SSID BART-WiFi
[2026-03-02 19:02:30] ⚠️ VPN not active. Initiating simulation/fallback.
[2026-03-02 19:02:30] ✅ Simulated VPN activation successful (flag created).
[2026-03-02 19:02:30] ---- Check complete: PASS (Simulated) ----

[2026-03-02 19:17:35] ---- Starting VPN Auto-Detect/Activate check ----
[2026-03-02 19:17:35] Simulating connection to SSID BART-WiFi
[2026-03-02 19:17:35] ⚠️ VPN not active. Initiating simulation/fallback.
[2026-03-02 19:17:35] ✅ Simulated VPN activation successful (flag created).
[2026-03-02 19:17:35] ---- Check complete: PASS (Simulated) ----

[2026-03-02 19:32:41] ---- Starting VPN Auto-Detect/Activate check ----
[2026-03-02 19:32:41] Simulating connection to SSID BART-WiFi
[2026-03-02 19:32:41] ⚠️ VPN not active. Initiating simulation/fallback.
[2026-03-02 19:32:41] ✅ Simulated VPN activation successful (flag created).
[2026-03-02 19:32:41] ---- Check complete: PASS (Simulated) ----

[2026-03-02 19:47:51] ---- Starting VPN Auto-Detect/Activate check ----
[2026-03-02 19:47:51] Simulating connection to SSID BART-WiFi
[2026-03-02 19:47:51] ⚠️ VPN not active. Initiating simulation/fallback.
[2026-03-02 19:47:51] ✅ Simulated VPN activation successful (flag created).
[2026-03-02 19:47:51] ---- Check complete: PASS (Simulated) ----

[2026-03-02 20:02:57] ---- Starting VPN Auto-Detect/Activate check ----
[2026-03-02 20:02:57] Simulating connection to SSID BART-WiFi
[2026-03-02 20:02:57] ⚠️ VPN not active. Initiating simulation/fallback.
[2026-03-02 20:02:57] ✅ Simulated VPN activation successful (flag created).
[2026-03-02 20:02:57] ---- Check complete: PASS (Simulated) ----

[2026-03-02 20:18:05] ---- Starting VPN Auto-Detect/Activate check ----
[2026-03-02 20:18:05] Simulating connection to SSID BART-WiFi
[2026-03-02 20:18:05] ⚠️ VPN not active. Initiating simulation/fallback.
[2026-03-02 20:18:05] ✅ Simulated VPN activation successful (flag created).
[2026-03-02 20:18:05] ---- Check complete: PASS (Simulated) ----

[2026-03-02 20:33:12] ---- Starting VPN Auto-Detect/Activate check ----
[2026-03-02 20:33:12] Simulating connection to SSID BART-WiFi
[2026-03-02 20:33:12] ⚠️ VPN not active. Initiating simulation/fallback.
[2026-03-02 20:33:12] ✅ Simulated VPN activation successful (flag created).
[2026-03-02 20:33:12] ---- Check complete: PASS (Simulated) ----

[2026-03-02 20:48:19] ---- Starting VPN Auto-Detect/Activate check ----
[2026-03-02 20:48:19] Simulating connection to SSID BART-WiFi
[2026-03-02 20:48:19] ⚠️ VPN not active. Initiating simulation/fallback.
[2026-03-02 20:48:19] ✅ Simulated VPN activation successful (flag created).
[2026-03-02 20:48:19] ---- Check complete: PASS (Simulated) ----

[2026-03-02 21:03:25] ---- Starting VPN Auto-Detect/Activate check ----
[2026-03-02 21:03:25] Simulating connection to SSID BART-WiFi
[2026-03-02 21:03:25] ⚠️ VPN not active. Initiating simulation/fallback.
[2026-03-02 21:03:25] ✅ Simulated VPN activation successful (flag created).
[2026-03-02 21:03:25] ---- Check complete: PASS (Simulated) ----

[2026-03-02 21:18:30] ---- Starting VPN Auto-Detect/Activate check ----
[2026-03-02 21:18:30] Simulating connection to SSID BART-WiFi
[2026-03-02 21:18:30] ⚠️ VPN not active. Initiating simulation/fallback.
[2026-03-02 21:18:31] ✅ Simulated VPN activation successful (flag created).
[2026-03-02 21:18:31] ---- Check complete: PASS (Simulated) ----

[2026-03-02 21:33:39] ---- Starting VPN Auto-Detect/Activate check ----
[2026-03-02 21:33:39] Simulating connection to SSID BART-WiFi
[2026-03-02 21:33:39] ⚠️ VPN not active. Initiating simulation/fallback.
[2026-03-02 21:33:39] ✅ Simulated VPN activation successful (flag created).
[2026-03-02 21:33:39] ---- Check complete: PASS (Simulated) ----

[2026-03-02 21:48:46] ---- Starting VPN Auto-Detect/Activate check ----
[2026-03-02 21:48:46] Simulating connection to SSID BART-WiFi
[2026-03-02 21:48:46] ⚠️ VPN not active. Initiating simulation/fallback.
[2026-03-02 21:48:46] ✅ Simulated VPN activation successful (flag created).
[2026-03-02 21:48:46] ---- Check complete: PASS (Simulated) ----

[2026-03-02 22:03:51] ---- Starting VPN Auto-Detect/Activate check ----
[2026-03-02 22:03:51] Simulating connection to SSID BART-WiFi
[2026-03-02 22:03:51] ⚠️ VPN not active. Initiating simulation/fallback.
[2026-03-02 22:03:51] ✅ Simulated VPN activation successful (flag created).
[2026-03-02 22:03:51] ---- Check complete: PASS (Simulated) ----

[2026-03-02 22:18:57] ---- Starting VPN Auto-Detect/Activate check ----
[2026-03-02 22:18:57] Simulating connection to SSID BART-WiFi
[2026-03-02 22:18:57] ⚠️ VPN not active. Initiating simulation/fallback.
[2026-03-02 22:18:57] ✅ Simulated VPN activation successful (flag created).
[2026-03-02 22:18:57] ---- Check complete: PASS (Simulated) ----

[2026-03-02 22:34:03] ---- Starting VPN Auto-Detect/Activate check ----
[2026-03-02 22:34:03] Simulating connection to SSID BART-WiFi
[2026-03-02 22:34:03] ⚠️ VPN not active. Initiating simulation/fallback.
[2026-03-02 22:34:03] ✅ Simulated VPN activation successful (flag created).
[2026-03-02 22:34:03] ---- Check complete: PASS (Simulated) ----

[2026-03-02 22:49:09] ---- Starting VPN Auto-Detect/Activate check ----
[2026-03-02 22:49:09] Simulating connection to SSID BART-WiFi
[2026-03-02 22:49:09] ⚠️ VPN not active. Initiating simulation/fallback.
[2026-03-02 22:49:09] ✅ Simulated VPN activation successful (flag created).
[2026-03-02 22:49:09] ---- Check complete: PASS (Simulated) ----

[2026-03-02 23:04:15] ---- Starting VPN Auto-Detect/Activate check ----
[2026-03-02 23:04:15] Simulating connection to SSID BART-WiFi
[2026-03-02 23:04:15] ⚠️ VPN not active. Initiating simulation/fallback.
[2026-03-02 23:04:15] ✅ Simulated VPN activation successful (flag created).
[2026-03-02 23:04:15] ---- Check complete: PASS (Simulated) ----

[2026-03-02 23:19:21] ---- Starting VPN Auto-Detect/Activate check ----
[2026-03-02 23:19:21] Simulating connection to SSID BART-WiFi
[2026-03-02 23:19:21] ⚠️ VPN not active. Initiating simulation/fallback.
[2026-03-02 23:19:21] ✅ Simulated VPN activation successful (flag created).
[2026-03-02 23:19:21] ---- Check complete: PASS (Simulated) ----

[2026-03-02 23:34:28] ---- Starting VPN Auto-Detect/Activate check ----
[2026-03-02 23:34:28] Simulating connection to SSID BART-WiFi
[2026-03-02 23:34:28] ⚠️ VPN not active. Initiating simulation/fallback.
[2026-03-02 23:34:28] ✅ Simulated VPN activation successful (flag created).
[2026-03-02 23:34:28] ---- Check complete: PASS (Simulated) ----

[2026-03-02 23:49:34] ---- Starting VPN Auto-Detect/Activate check ----
[2026-03-02 23:49:34] Simulating connection to SSID BART-WiFi
[2026-03-02 23:49:34] ⚠️ VPN not active. Initiating simulation/fallback.
[2026-03-02 23:49:34] ✅ Simulated VPN activation successful (flag created).
[2026-03-02 23:49:34] ---- Check complete: PASS (Simulated) ----

[2026-03-03 00:04:39] ---- Starting VPN Auto-Detect/Activate check ----
[2026-03-03 00:04:39] Simulating connection to SSID BART-WiFi
[2026-03-03 00:04:39] ⚠️ VPN not active. Initiating simulation/fallback.
[2026-03-03 00:04:39] ✅ Simulated VPN activation successful (flag created).
[2026-03-03 00:04:39] ---- Check complete: PASS (Simulated) ----

[2026-03-03 00:19:45] ---- Starting VPN Auto-Detect/Activate check ----
[2026-03-03 00:19:45] Simulating connection to SSID BART-WiFi
[2026-03-03 00:19:45] ⚠️ VPN not active. Initiating simulation/fallback.
[2026-03-03 00:19:45] ✅ Simulated VPN activation successful (flag created).
[2026-03-03 00:19:45] ---- Check complete: PASS (Simulated) ----

[2026-03-03 00:34:50] ---- Starting VPN Auto-Detect/Activate check ----
[2026-03-03 00:34:50] Simulating connection to SSID BART-WiFi
[2026-03-03 00:34:50] ⚠️ VPN not active. Initiating simulation/fallback.
[2026-03-03 00:34:50] ✅ Simulated VPN activation successful (flag created).
[2026-03-03 00:34:50] ---- Check complete: PASS (Simulated) ----

[2026-03-03 00:49:57] ---- Starting VPN Auto-Detect/Activate check ----
[2026-03-03 00:49:57] Simulating connection to SSID BART-WiFi
[2026-03-03 00:49:57] ⚠️ VPN not active. Initiating simulation/fallback.
[2026-03-03 00:49:57] ✅ Simulated VPN activation successful (flag created).
[2026-03-03 00:49:57] ---- Check complete: PASS (Simulated) ----

[2026-03-03 01:05:03] ---- Starting VPN Auto-Detect/Activate check ----
[2026-03-03 01:05:03] Simulating connection to SSID BART-WiFi
[2026-03-03 01:05:03] ⚠️ VPN not active. Initiating simulation/fallback.
[2026-03-03 01:05:03] ✅ Simulated VPN activation successful (flag created).
[2026-03-03 01:05:03] ---- Check complete: PASS (Simulated) ----

[2026-03-03 01:20:10] ---- Starting VPN Auto-Detect/Activate check ----
[2026-03-03 01:20:10] Simulating connection to SSID BART-WiFi
[2026-03-03 01:20:10] ⚠️ VPN not active. Initiating simulation/fallback.
[2026-03-03 01:20:10] ✅ Simulated VPN activation successful (flag created).
[2026-03-03 01:20:10] ---- Check complete: PASS (Simulated) ----

[2026-03-03 01:35:15] ---- Starting VPN Auto-Detect/Activate check ----
[2026-03-03 01:35:15] Simulating connection to SSID BART-WiFi
[2026-03-03 01:35:15] ⚠️ VPN not active. Initiating simulation/fallback.
[2026-03-03 01:35:15] ✅ Simulated VPN activation successful (flag created).
[2026-03-03 01:35:15] ---- Check complete: PASS (Simulated) ----

[2026-03-03 01:50:23] ---- Starting VPN Auto-Detect/Activate check ----
[2026-03-03 01:50:23] Simulating connection to SSID BART-WiFi
[2026-03-03 01:50:23] ⚠️ VPN not active. Initiating simulation/fallback.
[2026-03-03 01:50:23] ✅ Simulated VPN activation successful (flag created).
[2026-03-03 01:50:23] ---- Check complete: PASS (Simulated) ----

[2026-03-03 02:05:31] ---- Starting VPN Auto-Detect/Activate check ----
[2026-03-03 02:05:31] Simulating connection to SSID BART-WiFi
[2026-03-03 02:05:31] ⚠️ VPN not active. Initiating simulation/fallback.
[2026-03-03 02:05:31] ✅ Simulated VPN activation successful (flag created).
[2026-03-03 02:05:31] ---- Check complete: PASS (Simulated) ----

[2026-03-03 02:20:38] ---- Starting VPN Auto-Detect/Activate check ----
[2026-03-03 02:20:38] Simulating connection to SSID BART-WiFi
[2026-03-03 02:20:38] ⚠️ VPN not active. Initiating simulation/fallback.
[2026-03-03 02:20:38] ✅ Simulated VPN activation successful (flag created).
[2026-03-03 02:20:38] ---- Check complete: PASS (Simulated) ----

[2026-03-03 02:35:44] ---- Starting VPN Auto-Detect/Activate check ----
[2026-03-03 02:35:44] Simulating connection to SSID BART-WiFi
[2026-03-03 02:35:44] ⚠️ VPN not active. Initiating simulation/fallback.
[2026-03-03 02:35:44] ✅ Simulated VPN activation successful (flag created).
[2026-03-03 02:35:44] ---- Check complete: PASS (Simulated) ----

[2026-03-03 02:50:49] ---- Starting VPN Auto-Detect/Activate check ----
[2026-03-03 02:50:49] Simulating connection to SSID BART-WiFi
[2026-03-03 02:50:49] ⚠️ VPN not active. Initiating simulation/fallback.
[2026-03-03 02:50:49] ✅ Simulated VPN activation successful (flag created).
[2026-03-03 02:50:49] ---- Check complete: PASS (Simulated) ----

[2026-03-03 03:05:55] ---- Starting VPN Auto-Detect/Activate check ----
[2026-03-03 03:05:55] Simulating connection to SSID BART-WiFi
[2026-03-03 03:05:55] ⚠️ VPN not active. Initiating simulation/fallback.
[2026-03-03 03:05:55] ✅ Simulated VPN activation successful (flag created).
[2026-03-03 03:05:55] ---- Check complete: PASS (Simulated) ----

[2026-03-03 03:21:00] ---- Starting VPN Auto-Detect/Activate check ----
[2026-03-03 03:21:00] Simulating connection to SSID BART-WiFi
[2026-03-03 03:21:00] ⚠️ VPN not active. Initiating simulation/fallback.
[2026-03-03 03:21:00] ✅ Simulated VPN activation successful (flag created).
[2026-03-03 03:21:00] ---- Check complete: PASS (Simulated) ----

[2026-03-03 03:36:07] ---- Starting VPN Auto-Detect/Activate check ----
[2026-03-03 03:36:07] Simulating connection to SSID BART-WiFi
[2026-03-03 03:36:07] ⚠️ VPN not active. Initiating simulation/fallback.
[2026-03-03 03:36:07] ✅ Simulated VPN activation successful (flag created).
[2026-03-03 03:36:07] ---- Check complete: PASS (Simulated) ----

[2026-03-03 03:51:12] ---- Starting VPN Auto-Detect/Activate check ----
[2026-03-03 03:51:12] Simulating connection to SSID BART-WiFi
[2026-03-03 03:51:12] ⚠️ VPN not active. Initiating simulation/fallback.
[2026-03-03 03:51:12] ✅ Simulated VPN activation successful (flag created).
[2026-03-03 03:51:12] ---- Check complete: PASS (Simulated) ----

[2026-03-03 04:06:19] ---- Starting VPN Auto-Detect/Activate check ----
[2026-03-03 04:06:19] Simulating connection to SSID BART-WiFi
[2026-03-03 04:06:19] ⚠️ VPN not active. Initiating simulation/fallback.
[2026-03-03 04:06:19] ✅ Simulated VPN activation successful (flag created).
[2026-03-03 04:06:19] ---- Check complete: PASS (Simulated) ----

[2026-03-03 04:21:25] ---- Starting VPN Auto-Detect/Activate check ----
[2026-03-03 04:21:25] Simulating connection to SSID BART-WiFi
[2026-03-03 04:21:25] ⚠️ VPN not active. Initiating simulation/fallback.
[2026-03-03 04:21:25] ✅ Simulated VPN activation successful (flag created).
[2026-03-03 04:21:25] ---- Check complete: PASS (Simulated) ----

[2026-03-03 04:36:31] ---- Starting VPN Auto-Detect/Activate check ----
[2026-03-03 04:36:31] Simulating connection to SSID BART-WiFi
[2026-03-03 04:36:31] ⚠️ VPN not active. Initiating simulation/fallback.
[2026-03-03 04:36:31] ✅ Simulated VPN activation successful (flag created).
[2026-03-03 04:36:31] ---- Check complete: PASS (Simulated) ----

[2026-03-03 04:51:36] ---- Starting VPN Auto-Detect/Activate check ----
[2026-03-03 04:51:36] Simulating connection to SSID BART-WiFi
[2026-03-03 04:51:36] ⚠️ VPN not active. Initiating simulation/fallback.
[2026-03-03 04:51:36] ✅ Simulated VPN activation successful (flag created).
[2026-03-03 04:51:36] ---- Check complete: PASS (Simulated) ----

[2026-03-03 05:06:42] ---- Starting VPN Auto-Detect/Activate check ----
[2026-03-03 05:06:42] Simulating connection to SSID BART-WiFi
[2026-03-03 05:06:42] ⚠️ VPN not active. Initiating simulation/fallback.
[2026-03-03 05:06:42] ✅ Simulated VPN activation successful (flag created).
[2026-03-03 05:06:42] ---- Check complete: PASS (Simulated) ----

[2026-03-03 05:21:48] ---- Starting VPN Auto-Detect/Activate check ----
[2026-03-03 05:21:48] Simulating connection to SSID BART-WiFi
[2026-03-03 05:21:48] ⚠️ VPN not active. Initiating simulation/fallback.
[2026-03-03 05:21:48] ✅ Simulated VPN activation successful (flag created).
[2026-03-03 05:21:48] ---- Check complete: PASS (Simulated) ----

[2026-03-03 05:36:54] ---- Starting VPN Auto-Detect/Activate check ----
[2026-03-03 05:36:54] Simulating connection to SSID BART-WiFi
[2026-03-03 05:36:54] ⚠️ VPN not active. Initiating simulation/fallback.
[2026-03-03 05:36:54] ✅ Simulated VPN activation successful (flag created).
[2026-03-03 05:36:54] ---- Check complete: PASS (Simulated) ----

[2026-03-03 05:51:59] ---- Starting VPN Auto-Detect/Activate check ----
[2026-03-03 05:51:59] Simulating connection to SSID BART-WiFi
[2026-03-03 05:51:59] ⚠️ VPN not active. Initiating simulation/fallback.
[2026-03-03 05:51:59] ✅ Simulated VPN activation successful (flag created).
[2026-03-03 05:51:59] ---- Check complete: PASS (Simulated) ----

[2026-03-03 06:07:07] ---- Starting VPN Auto-Detect/Activate check ----
[2026-03-03 06:07:07] Simulating connection to SSID BART-WiFi
[2026-03-03 06:07:07] ⚠️ VPN not active. Initiating simulation/fallback.
[2026-03-03 06:07:07] ✅ Simulated VPN activation successful (flag created).
[2026-03-03 06:07:07] ---- Check complete: PASS (Simulated) ----

[2026-03-03 06:22:13] ---- Starting VPN Auto-Detect/Activate check ----
[2026-03-03 06:22:13] Simulating connection to SSID BART-WiFi
[2026-03-03 06:22:13] ⚠️ VPN not active. Initiating simulation/fallback.
[2026-03-03 06:22:13] ✅ Simulated VPN activation successful (flag created).
[2026-03-03 06:22:13] ---- Check complete: PASS (Simulated) ----

[2026-03-03 06:37:20] ---- Starting VPN Auto-Detect/Activate check ----
[2026-03-03 06:37:20] Simulating connection to SSID BART-WiFi
[2026-03-03 06:37:20] ⚠️ VPN not active. Initiating simulation/fallback.
[2026-03-03 06:37:20] ✅ Simulated VPN activation successful (flag created).
[2026-03-03 06:37:20] ---- Check complete: PASS (Simulated) ----

[2026-03-03 06:52:26] ---- Starting VPN Auto-Detect/Activate check ----
[2026-03-03 06:52:26] Simulating connection to SSID BART-WiFi
[2026-03-03 06:52:26] ⚠️ VPN not active. Initiating simulation/fallback.
[2026-03-03 06:52:26] ✅ Simulated VPN activation successful (flag created).
[2026-03-03 06:52:26] ---- Check complete: PASS (Simulated) ----

[2026-03-03 07:07:31] ---- Starting VPN Auto-Detect/Activate check ----
[2026-03-03 07:07:31] Simulating connection to SSID BART-WiFi
[2026-03-03 07:07:31] ⚠️ VPN not active. Initiating simulation/fallback.
[2026-03-03 07:07:31] ✅ Simulated VPN activation successful (flag created).
[2026-03-03 07:07:31] ---- Check complete: PASS (Simulated) ----

[2026-03-03 07:22:37] ---- Starting VPN Auto-Detect/Activate check ----
[2026-03-03 07:22:37] Simulating connection to SSID BART-WiFi
[2026-03-03 07:22:37] ⚠️ VPN not active. Initiating simulation/fallback.
[2026-03-03 07:22:37] ✅ Simulated VPN activation successful (flag created).
[2026-03-03 07:22:37] ---- Check complete: PASS (Simulated) ----

[2026-03-03 07:37:44] ---- Starting VPN Auto-Detect/Activate check ----
[2026-03-03 07:37:44] Simulating connection to SSID BART-WiFi
[2026-03-03 07:37:44] ⚠️ VPN not active. Initiating simulation/fallback.
[2026-03-03 07:37:44] ✅ Simulated VPN activation successful (flag created).
[2026-03-03 07:37:44] ---- Check complete: PASS (Simulated) ----

[2026-03-03 07:52:51] ---- Starting VPN Auto-Detect/Activate check ----
[2026-03-03 07:52:51] Simulating connection to SSID BART-WiFi
[2026-03-03 07:52:51] ⚠️ VPN not active. Initiating simulation/fallback.
[2026-03-03 07:52:51] ✅ Simulated VPN activation successful (flag created).
[2026-03-03 07:52:51] ---- Check complete: PASS (Simulated) ----

[2026-03-03 08:08:01] ---- Starting VPN Auto-Detect/Activate check ----
[2026-03-03 08:08:01] Simulating connection to SSID BART-WiFi
[2026-03-03 08:08:01] ⚠️ VPN not active. Initiating simulation/fallback.
[2026-03-03 08:08:01] ✅ Simulated VPN activation successful (flag created).
[2026-03-03 08:08:01] ---- Check complete: PASS (Simulated) ----

[2026-03-03 08:23:08] ---- Starting VPN Auto-Detect/Activate check ----
[2026-03-03 08:23:08] Simulating connection to SSID BART-WiFi
[2026-03-03 08:23:08] ⚠️ VPN not active. Initiating simulation/fallback.
[2026-03-03 08:23:08] ✅ Simulated VPN activation successful (flag created).
[2026-03-03 08:23:08] ---- Check complete: PASS (Simulated) ----

[2026-03-03 08:38:15] ---- Starting VPN Auto-Detect/Activate check ----
[2026-03-03 08:38:15] Simulating connection to SSID BART-WiFi
[2026-03-03 08:38:15] ⚠️ VPN not active. Initiating simulation/fallback.
[2026-03-03 08:38:15] ✅ Simulated VPN activation successful (flag created).
[2026-03-03 08:38:15] ---- Check complete: PASS (Simulated) ----

[2026-03-03 08:53:23] ---- Starting VPN Auto-Detect/Activate check ----
[2026-03-03 08:53:23] Simulating connection to SSID BART-WiFi
[2026-03-03 08:53:23] ⚠️ VPN not active. Initiating simulation/fallback.
[2026-03-03 08:53:23] ✅ Simulated VPN activation successful (flag created).
[2026-03-03 08:53:23] ---- Check complete: PASS (Simulated) ----

[2026-03-03 09:08:31] ---- Starting VPN Auto-Detect/Activate check ----
[2026-03-03 09:08:31] Simulating connection to SSID BART-WiFi
[2026-03-03 09:08:31] ⚠️ VPN not active. Initiating simulation/fallback.
[2026-03-03 09:08:31] ✅ Simulated VPN activation successful (flag created).
[2026-03-03 09:08:31] ---- Check complete: PASS (Simulated) ----

[2026-03-03 09:23:40] ---- Starting VPN Auto-Detect/Activate check ----
[2026-03-03 09:23:40] Simulating connection to SSID BART-WiFi
[2026-03-03 09:23:40] ⚠️ VPN not active. Initiating simulation/fallback.
[2026-03-03 09:23:40] ✅ Simulated VPN activation successful (flag created).
[2026-03-03 09:23:40] ---- Check complete: PASS (Simulated) ----

[2026-03-03 09:38:46] ---- Starting VPN Auto-Detect/Activate check ----
[2026-03-03 09:38:46] Simulating connection to SSID BART-WiFi
[2026-03-03 09:38:46] ⚠️ VPN not active. Initiating simulation/fallback.
[2026-03-03 09:38:46] ✅ Simulated VPN activation successful (flag created).
[2026-03-03 09:38:46] ---- Check complete: PASS (Simulated) ----

[2026-03-03 09:53:51] ---- Starting VPN Auto-Detect/Activate check ----
[2026-03-03 09:53:51] Simulating connection to SSID BART-WiFi
[2026-03-03 09:53:51] ⚠️ VPN not active. Initiating simulation/fallback.
[2026-03-03 09:53:51] ✅ Simulated VPN activation successful (flag created).
[2026-03-03 09:53:51] ---- Check complete: PASS (Simulated) ----

[2026-03-03 10:08:57] ---- Starting VPN Auto-Detect/Activate check ----
[2026-03-03 10:08:57] Simulating connection to SSID BART-WiFi
[2026-03-03 10:08:57] ⚠️ VPN not active. Initiating simulation/fallback.
[2026-03-03 10:08:57] ✅ Simulated VPN activation successful (flag created).
[2026-03-03 10:08:57] ---- Check complete: PASS (Simulated) ----

[2026-03-03 10:24:04] ---- Starting VPN Auto-Detect/Activate check ----
[2026-03-03 10:24:04] Simulating connection to SSID BART-WiFi
[2026-03-03 10:24:04] ⚠️ VPN not active. Initiating simulation/fallback.
[2026-03-03 10:24:04] ✅ Simulated VPN activation successful (flag created).
[2026-03-03 10:24:04] ---- Check complete: PASS (Simulated) ----

[2026-03-03 10:39:10] ---- Starting VPN Auto-Detect/Activate check ----
[2026-03-03 10:39:10] Simulating connection to SSID BART-WiFi
[2026-03-03 10:39:10] ⚠️ VPN not active. Initiating simulation/fallback.
[2026-03-03 10:39:10] ✅ Simulated VPN activation successful (flag created).
[2026-03-03 10:39:10] ---- Check complete: PASS (Simulated) ----

[2026-03-03 10:54:15] ---- Starting VPN Auto-Detect/Activate check ----
[2026-03-03 10:54:15] Simulating connection to SSID BART-WiFi
[2026-03-03 10:54:15] ⚠️ VPN not active. Initiating simulation/fallback.
[2026-03-03 10:54:15] ✅ Simulated VPN activation successful (flag created).
[2026-03-03 10:54:15] ---- Check complete: PASS (Simulated) ----

[2026-03-03 11:09:22] ---- Starting VPN Auto-Detect/Activate check ----
[2026-03-03 11:09:22] Simulating connection to SSID BART-WiFi
[2026-03-03 11:09:22] ⚠️ VPN not active. Initiating simulation/fallback.
[2026-03-03 11:09:22] ✅ Simulated VPN activation successful (flag created).
[2026-03-03 11:09:22] ---- Check complete: PASS (Simulated) ----

[2026-03-03 11:24:30] ---- Starting VPN Auto-Detect/Activate check ----
[2026-03-03 11:24:30] Simulating connection to SSID BART-WiFi
[2026-03-03 11:24:30] ⚠️ VPN not active. Initiating simulation/fallback.
[2026-03-03 11:24:30] ✅ Simulated VPN activation successful (flag created).
[2026-03-03 11:24:30] ---- Check complete: PASS (Simulated) ----

[2026-03-03 11:39:35] ---- Starting VPN Auto-Detect/Activate check ----
[2026-03-03 11:39:35] Simulating connection to SSID BART-WiFi
[2026-03-03 11:39:35] ⚠️ VPN not active. Initiating simulation/fallback.
[2026-03-03 11:39:35] ✅ Simulated VPN activation successful (flag created).
[2026-03-03 11:39:35] ---- Check complete: PASS (Simulated) ----

[2026-03-03 11:54:41] ---- Starting VPN Auto-Detect/Activate check ----
[2026-03-03 11:54:41] Simulating connection to SSID BART-WiFi
[2026-03-03 11:54:41] ⚠️ VPN not active. Initiating simulation/fallback.
[2026-03-03 11:54:41] ✅ Simulated VPN activation successful (flag created).
[2026-03-03 11:54:41] ---- Check complete: PASS (Simulated) ----

[2026-03-03 12:09:47] ---- Starting VPN Auto-Detect/Activate check ----
[2026-03-03 12:09:47] Simulating connection to SSID BART-WiFi
[2026-03-03 12:09:47] ⚠️ VPN not active. Initiating simulation/fallback.
[2026-03-03 12:09:47] ✅ Simulated VPN activation successful (flag created).
[2026-03-03 12:09:47] ---- Check complete: PASS (Simulated) ----

[2026-03-03 12:24:53] ---- Starting VPN Auto-Detect/Activate check ----
[2026-03-03 12:24:53] Simulating connection to SSID BART-WiFi
[2026-03-03 12:24:53] ⚠️ VPN not active. Initiating simulation/fallback.
[2026-03-03 12:24:53] ✅ Simulated VPN activation successful (flag created).
[2026-03-03 12:24:53] ---- Check complete: PASS (Simulated) ----

[2026-03-03 12:40:00] ---- Starting VPN Auto-Detect/Activate check ----
[2026-03-03 12:40:00] Simulating connection to SSID BART-WiFi
[2026-03-03 12:40:00] ⚠️ VPN not active. Initiating simulation/fallback.
[2026-03-03 12:40:00] ✅ Simulated VPN activation successful (flag created).
[2026-03-03 12:40:00] ---- Check complete: PASS (Simulated) ----

[2026-03-03 12:55:07] ---- Starting VPN Auto-Detect/Activate check ----
[2026-03-03 12:55:07] Simulating connection to SSID BART-WiFi
[2026-03-03 12:55:07] ⚠️ VPN not active. Initiating simulation/fallback.
[2026-03-03 12:55:07] ✅ Simulated VPN activation successful (flag created).
[2026-03-03 12:55:07] ---- Check complete: PASS (Simulated) ----

[2026-03-03 13:10:13] ---- Starting VPN Auto-Detect/Activate check ----
[2026-03-03 13:10:13] Simulating connection to SSID BART-WiFi
[2026-03-03 13:10:13] ⚠️ VPN not active. Initiating simulation/fallback.
[2026-03-03 13:10:13] ✅ Simulated VPN activation successful (flag created).
[2026-03-03 13:10:13] ---- Check complete: PASS (Simulated) ----

[2026-03-03 13:25:20] ---- Starting VPN Auto-Detect/Activate check ----
[2026-03-03 13:25:20] Simulating connection to SSID BART-WiFi
[2026-03-03 13:25:20] ⚠️ VPN not active. Initiating simulation/fallback.
[2026-03-03 13:25:20] ✅ Simulated VPN activation successful (flag created).
[2026-03-03 13:25:20] ---- Check complete: PASS (Simulated) ----

[2026-03-03 13:40:26] ---- Starting VPN Auto-Detect/Activate check ----
[2026-03-03 13:40:26] Simulating connection to SSID BART-WiFi
[2026-03-03 13:40:26] ⚠️ VPN not active. Initiating simulation/fallback.
[2026-03-03 13:40:26] ✅ Simulated VPN activation successful (flag created).
[2026-03-03 13:40:26] ---- Check complete: PASS (Simulated) ----

[2026-03-03 13:55:32] ---- Starting VPN Auto-Detect/Activate check ----
[2026-03-03 13:55:32] Simulating connection to SSID BART-WiFi
[2026-03-03 13:55:32] ⚠️ VPN not active. Initiating simulation/fallback.
[2026-03-03 13:55:32] ✅ Simulated VPN activation successful (flag created).
[2026-03-03 13:55:32] ---- Check complete: PASS (Simulated) ----

[2026-03-03 14:10:41] ---- Starting VPN Auto-Detect/Activate check ----
[2026-03-03 14:10:41] Simulating connection to SSID BART-WiFi
[2026-03-03 14:10:41] ⚠️ VPN not active. Initiating simulation/fallback.
[2026-03-03 14:10:41] ✅ Simulated VPN activation successful (flag created).
[2026-03-03 14:10:41] ---- Check complete: PASS (Simulated) ----

[2026-03-03 14:25:47] ---- Starting VPN Auto-Detect/Activate check ----
[2026-03-03 14:25:47] Simulating connection to SSID BART-WiFi
[2026-03-03 14:25:47] ⚠️ VPN not active. Initiating simulation/fallback.
[2026-03-03 14:25:47] ✅ Simulated VPN activation successful (flag created).
[2026-03-03 14:25:47] ---- Check complete: PASS (Simulated) ----

[2026-03-03 14:40:53] ---- Starting VPN Auto-Detect/Activate check ----
[2026-03-03 14:40:53] Simulating connection to SSID BART-WiFi
[2026-03-03 14:40:53] ⚠️ VPN not active. Initiating simulation/fallback.
[2026-03-03 14:40:53] ✅ Simulated VPN activation successful (flag created).
[2026-03-03 14:40:53] ---- Check complete: PASS (Simulated) ----

[2026-03-03 14:55:59] ---- Starting VPN Auto-Detect/Activate check ----
[2026-03-03 14:55:59] Simulating connection to SSID BART-WiFi
[2026-03-03 14:55:59] ⚠️ VPN not active. Initiating simulation/fallback.
[2026-03-03 14:55:59] ✅ Simulated VPN activation successful (flag created).
[2026-03-03 14:55:59] ---- Check complete: PASS (Simulated) ----

[2026-03-03 15:11:06] ---- Starting VPN Auto-Detect/Activate check ----
[2026-03-03 15:11:06] Simulating connection to SSID BART-WiFi
[2026-03-03 15:11:06] ⚠️ VPN not active. Initiating simulation/fallback.
[2026-03-03 15:11:06] ✅ Simulated VPN activation successful (flag created).
[2026-03-03 15:11:06] ---- Check complete: PASS (Simulated) ----

[2026-03-03 15:26:11] ---- Starting VPN Auto-Detect/Activate check ----
[2026-03-03 15:26:11] Simulating connection to SSID BART-WiFi
[2026-03-03 15:26:11] ⚠️ VPN not active. Initiating simulation/fallback.
[2026-03-03 15:26:11] ✅ Simulated VPN activation successful (flag created).
[2026-03-03 15:26:11] ---- Check complete: PASS (Simulated) ----

[2026-03-03 15:41:17] ---- Starting VPN Auto-Detect/Activate check ----
[2026-03-03 15:41:17] Simulating connection to SSID BART-WiFi
[2026-03-03 15:41:17] ⚠️ VPN not active. Initiating simulation/fallback.
[2026-03-03 15:41:17] ✅ Simulated VPN activation successful (flag created).
[2026-03-03 15:41:17] ---- Check complete: PASS (Simulated) ----

[2026-03-03 15:56:23] ---- Starting VPN Auto-Detect/Activate check ----
[2026-03-03 15:56:23] Simulating connection to SSID BART-WiFi
[2026-03-03 15:56:23] ⚠️ VPN not active. Initiating simulation/fallback.
[2026-03-03 15:56:23] ✅ Simulated VPN activation successful (flag created).
[2026-03-03 15:56:23] ---- Check complete: PASS (Simulated) ----

[2026-03-03 16:11:29] ---- Starting VPN Auto-Detect/Activate check ----
[2026-03-03 16:11:29] Simulating connection to SSID BART-WiFi
[2026-03-03 16:11:29] ⚠️ VPN not active. Initiating simulation/fallback.
[2026-03-03 16:11:29] ✅ Simulated VPN activation successful (flag created).
[2026-03-03 16:11:29] ---- Check complete: PASS (Simulated) ----

[2026-03-03 16:26:35] ---- Starting VPN Auto-Detect/Activate check ----
[2026-03-03 16:26:35] Simulating connection to SSID BART-WiFi
[2026-03-03 16:26:35] ⚠️ VPN not active. Initiating simulation/fallback.
[2026-03-03 16:26:35] ✅ Simulated VPN activation successful (flag created).
[2026-03-03 16:26:35] ---- Check complete: PASS (Simulated) ----

[2026-03-03 16:41:40] ---- Starting VPN Auto-Detect/Activate check ----
[2026-03-03 16:41:40] Simulating connection to SSID BART-WiFi
[2026-03-03 16:41:41] ⚠️ VPN not active. Initiating simulation/fallback.
[2026-03-03 16:41:41] ✅ Simulated VPN activation successful (flag created).
[2026-03-03 16:41:41] ---- Check complete: PASS (Simulated) ----

[2026-03-03 16:56:46] ---- Starting VPN Auto-Detect/Activate check ----
[2026-03-03 16:56:46] Simulating connection to SSID BART-WiFi
[2026-03-03 16:56:46] ⚠️ VPN not active. Initiating simulation/fallback.
[2026-03-03 16:56:46] ✅ Simulated VPN activation successful (flag created).
[2026-03-03 16:56:46] ---- Check complete: PASS (Simulated) ----

[2026-03-03 17:11:52] ---- Starting VPN Auto-Detect/Activate check ----
[2026-03-03 17:11:52] Simulating connection to SSID BART-WiFi
[2026-03-03 17:11:52] ⚠️ VPN not active. Initiating simulation/fallback.
[2026-03-03 17:11:52] ✅ Simulated VPN activation successful (flag created).
[2026-03-03 17:11:52] ---- Check complete: PASS (Simulated) ----

[2026-03-03 17:26:57] ---- Starting VPN Auto-Detect/Activate check ----
[2026-03-03 17:26:57] Simulating connection to SSID BART-WiFi
[2026-03-03 17:26:57] ⚠️ VPN not active. Initiating simulation/fallback.
[2026-03-03 17:26:57] ✅ Simulated VPN activation successful (flag created).
[2026-03-03 17:26:57] ---- Check complete: PASS (Simulated) ----

[2026-03-03 17:42:04] ---- Starting VPN Auto-Detect/Activate check ----
[2026-03-03 17:42:04] Simulating connection to SSID BART-WiFi
[2026-03-03 17:42:04] ⚠️ VPN not active. Initiating simulation/fallback.
[2026-03-03 17:42:04] ✅ Simulated VPN activation successful (flag created).
[2026-03-03 17:42:04] ---- Check complete: PASS (Simulated) ----

[2026-03-03 17:57:10] ---- Starting VPN Auto-Detect/Activate check ----
[2026-03-03 17:57:10] Simulating connection to SSID BART-WiFi
[2026-03-03 17:57:10] ⚠️ VPN not active. Initiating simulation/fallback.
[2026-03-03 17:57:10] ✅ Simulated VPN activation successful (flag created).
[2026-03-03 17:57:10] ---- Check complete: PASS (Simulated) ----

[2026-03-03 18:12:17] ---- Starting VPN Auto-Detect/Activate check ----
[2026-03-03 18:12:17] Simulating connection to SSID BART-WiFi
[2026-03-03 18:12:17] ⚠️ VPN not active. Initiating simulation/fallback.
[2026-03-03 18:12:17] ✅ Simulated VPN activation successful (flag created).
[2026-03-03 18:12:17] ---- Check complete: PASS (Simulated) ----

[2026-03-03 18:27:22] ---- Starting VPN Auto-Detect/Activate check ----
[2026-03-03 18:27:22] Simulating connection to SSID BART-WiFi
[2026-03-03 18:27:22] ⚠️ VPN not active. Initiating simulation/fallback.
[2026-03-03 18:27:22] ✅ Simulated VPN activation successful (flag created).
[2026-03-03 18:27:22] ---- Check complete: PASS (Simulated) ----

[2026-03-03 18:42:30] ---- Starting VPN Auto-Detect/Activate check ----
[2026-03-03 18:42:30] Simulating connection to SSID BART-WiFi
[2026-03-03 18:42:30] ⚠️ VPN not active. Initiating simulation/fallback.
[2026-03-03 18:42:30] ✅ Simulated VPN activation successful (flag created).
[2026-03-03 18:42:30] ---- Check complete: PASS (Simulated) ----

[2026-03-03 18:57:35] ---- Starting VPN Auto-Detect/Activate check ----
[2026-03-03 18:57:35] Simulating connection to SSID BART-WiFi
[2026-03-03 18:57:35] ⚠️ VPN not active. Initiating simulation/fallback.
[2026-03-03 18:57:35] ✅ Simulated VPN activation successful (flag created).
[2026-03-03 18:57:35] ---- Check complete: PASS (Simulated) ----

[2026-03-03 19:12:41] ---- Starting VPN Auto-Detect/Activate check ----
[2026-03-03 19:12:41] Simulating connection to SSID BART-WiFi
[2026-03-03 19:12:41] ⚠️ VPN not active. Initiating simulation/fallback.
[2026-03-03 19:12:41] ✅ Simulated VPN activation successful (flag created).
[2026-03-03 19:12:41] ---- Check complete: PASS (Simulated) ----

[2026-03-03 19:27:47] ---- Starting VPN Auto-Detect/Activate check ----
[2026-03-03 19:27:47] Simulating connection to SSID BART-WiFi
[2026-03-03 19:27:47] ⚠️ VPN not active. Initiating simulation/fallback.
[2026-03-03 19:27:47] ✅ Simulated VPN activation successful (flag created).
[2026-03-03 19:27:47] ---- Check complete: PASS (Simulated) ----

[2026-03-03 19:42:53] ---- Starting VPN Auto-Detect/Activate check ----
[2026-03-03 19:42:53] Simulating connection to SSID BART-WiFi
[2026-03-03 19:42:53] ⚠️ VPN not active. Initiating simulation/fallback.
[2026-03-03 19:42:53] ✅ Simulated VPN activation successful (flag created).
[2026-03-03 19:42:53] ---- Check complete: PASS (Simulated) ----

[2026-05-26 16:02:32] ---- Starting VPN Auto-Detect/Activate check ----
[2026-05-26 16:02:32] Simulating connection to SSID BART-WiFi
[2026-05-26 16:02:32] ⚠️ VPN not active. Initiating simulation/fallback.
[2026-05-26 16:02:32] ✅ Simulated VPN activation successful (flag created).
[2026-05-26 16:02:32] ---- Check complete: PASS (Simulated) ----

