Title,Year,Notes
Hell's Angels,1930,"d.- James Whale, Howard Hughes (6 1/2)"
Anna Christie,1930,d.- Clarence Brown (6 1/2)
Monte Carlo,1930,d.- Ernst Lubitsch (6 1/2)
The Divorcee,1930,d.- Robert Z. Leonard (6 1/2)
The Big House,1930,d.- George W. Hill (6 1/2)
Raffles,1930,d.- George Fitzmaurice (6 1/2)
Feet First,1930,d.- Clyde Bruckman (6 1/2)
Paid,1930,d.- Sam Wood (6 1/2)
Abraham Lincoln,1930,d.- D. W. Griffith (6 1/2)
The Unholy Three,1930,d.- Jack Conway (6 1/2)
Billy the Kid,1930,d.- King Vidor (6 1/2)
Ladies of Leisure,1930,d.- Frank Capra (6 1/2)
Outward Bound,1930,d.- Robert Milton (6 1/2)
Madam Satan,1930,d.- Cecil B. DeMille (6 1/2)
The Devil to Pay!,1930,d.- George Fitzmaurice (6 1/2)
The Doorway to Hell,1930,d.- Archie Mayo (6 1/2)
The Florodora Girl,1930,d.- Harry Beaumont (6 1/2)
Murder!,1930,(BR) d.- Alfred Hitchcock (6 1/2)
The Big Trail,1930,d.- Raoul Walsh (6 1/2)
Journey’s End,1930,(BR-US) d.- James Whale (6 1/2)
Our Blushing Brides,1930,d.- Harry Beaumont (6 1/2)
Show Girl in Hollywood,1930,d.- Mervyn LeRoy (6 1/2)
Tom Sawyer,1930,d.- John Cromwell (6)
"Hook, Line and Sinker",1930,d.- Edward F. Cline (6)
Rain or Shine,1930,d.- Frank Capra (6)
One Romantic Night,1930,d.- Paul L. Stein (6)
Danger Lights,1930,d.- George B. Seitz (6)
Sweet Mama,1930,d.- Edward F. Cline (6)
Let’s Go Native,1930,d.- Leo McCarey (6)
Parole Girl,1930,d.- Edward F. Cline (6)
Up the River,1930,d.- John Ford (6)
Dangerous Paradise,1930,d.- William A. Wellman (6)
The Silver Horde,1930,d.- George Archainbaud (6)
The Cuckoos,1930,d.- Paul Sloane (6)
Good News,1930,d.- Nick Grinde (6)
Frankenstein,1931,d.- James Whale (7)
The Public Enemy,1931,d.- William A. Wellman (7)
Dracula,1931,d.- Tod Browning (7)
The Smiling Lieutenant,1931,d.- Ernst Lubitsch (7)
The Last Flight,1931,d.- William Dieterle (7)
Waterloo Bridge,1931,d.- James Whale (6 1/2)
Monkey Business,1931,d.- Norman Z. McLeod (6 1/2)
Dr. Jekyll and Mr. Hyde,1931,d.- Rouben Mamoulian (6 1/2)
Platinum Blonde,1931,d.- Frank Capra (6 1/2)
The Champ,1931,d.- King Vidor (6 1/2)
Tonight or Never,1931,d.- Mervyn LeRoy (6 1/2)
Private Lives,1931,(BR) d.- Sidney Franklin (6 1/2)
The Front Page,1931,d.- Lewis Milestone (6 1/2)
Five Star Final,1931,d.- Mervyn LeRoy (6 1/2)
Street Scene,1931,d.- King Vidor (6 1/2)
The Maltese Falcon,1931,d.- Roy Del Ruth (6 1/2)
Possessed,1931,d.- Clarence Brown (6 1/2)
A Free Soul,1931,d.- Clarence Brown (6 1/2)
Palmy Days,1931,d.- A. Edward Sutherland (6 1/2)
Cimarron,1931,d.- Wesley Ruggles (6 1/2)
Dishonored,1931,d.- Josef von Sternberg (6 1/2)
The Miracle Woman,1931,d.- Frank Capra (6 1/2)
An American Tragedy,1931,d.- Josef von Sternberg (6 1/2)
Mata Hari,1931,d.- George Fitzmaurice (6 1/2)
The Sin of Madeline Claudet,1931,d.- Edgar Selwyn (6 1/2)
Trader Horn,1931,d.- W. S. Van Dyke (6 1/2)
The Criminal Code,1931,d.- Howard Hawks (6 1/2)
Pardon Us,1931,d.- James Parrott (6 1/2)
City Streets,1931,d.- Rouben Mamoulian (6 1/2)
Skippy,1931,d.- Norman Taurog (6 1/2)
The Night Nurse,1931,d.- William A. Wellman (6 1/2)
Blonde Crazy,1931,d.- Roy Del Ruth (6 1/2)
Svengali,1931,d.- Archie Mayo (6 1/2)
The Guardsman,1931,d.- Sidney Franklin (6 1/2)
Indiscreet,1931,d.- Leo McCarey (6 1/2)
Transatlantic,1931,d.- William K. Howard (6 1/2)
The Unholy Garden,1931,d.- George Fitzmaurice (6 1/2)
Other Men’s Women,1931,d.- William A. Wellman (6 1/2)
Safe in Hell,1931,d.- William A. Wellman (6 1/2)
Arrowsmith,1931,d.- John Ford (6 1/2)
Dirigible,1931,d.- Frank Capra (6 1/2)
Susan Lenox,1931,d.- Robert Z. Leonard (6 1/2)
Guilty Hands,1931,d.- W. S. Van Dyke (6 1/2)
The Mad Genius,1931,d.- Michael Curtiz (6 1/2)
New Adventures of Get Rich Quick Wallingford,1931,d.- Sam Wood (6 1/2)
Working Girls,1931,d.- Dorothy Arzner (6 1/2)
Friends and Lovers,1931,d.- Victor Schertzinger (6 1/2)
Annabelle’s Affairs,1931,d.- Alfred L. Werker (6 1/2)
Gentleman’s Fate,1931,d.- Mervyn LeRoy (6 1/2)
Just a Gigolo,1931,d.- Jack Conway (6 1/2)
The Secret Six,1931,d.- George W. King (6 1/2)
Devotion,1931,d.- Robert Milton (6 1/2)
West of Broadway,1931,d.- Harry Beaumont (6 1/2)
Politics,1931,d.- Charles Reisner (6 1/2)
The Speckled Band,1931,(BR) d.- Paul Raymond (6 1/2)
The Star Witness,1931,d.- William A. Wellman (6 1/2)
Girls About Town,1931,d.- George Cukor (6 1/2)
Rich and Strange,1931,(BR) d.- Alfred Hitchcock (6 1/2)
The Squaw Man,1931,d.- Cecil B. DeMille (6 1/2)
Smart Money,1931,d.- Alfred E. Green (6 1/2)
Devotion,1931,d.- Robert Milton (6 1/2)
50 Million Frenchman,1931,d.- Lloyd Bacon (6 1/2)
Other Men’s Women,1931,d.- William A. Wellman (6 1/2)
The Man in Posession,1931,d.- Sam Wood (6 1/2)
The Finger Points,1931,d.- John Francis Dillon (6 1/2)
Kiki,1931,d.- Sam Taylor (6)
Millie,1931,d.- John Francis Dillon (6)
The Road to Singapore,1931,d.- Alfred E. Green (6)
I Take This Woman,1931,d.- Marion Gering (6)
24 Hours,1931,d.- Marion Gering (6)
The Black Camel,1931,d.- Hamilton MacFadden (6)
Flying High,1931,d.- Charles Reisner (6)
The Painted Desert,1931,d.- Howard Higgin (6)
Fighting Caravans,1931,"d.- Otto Brower, David Burton (6)"
Kick In,1931,d.- Richard Wallace (5 1/2)
Grand Hotel,1932,d.- Edmund Goulding (7)
Love Me Tonight,1932,d.- Rouben Mamoulian (7)
Trouble in Paradise,1932,d.- Ernst Lubitsch (7)
One Hour With You,1932,"d.- Ernst Lubitsch, George Cukor  (7)"
I Am a Fugitive From a Chain Gang,1932,d.- Mervyn LeRoy (7)
"Scarface, The Shame of a Nation",1932,"d.- Howard Hawks, Richard Rosson (7)"
Horse Feathers,1932,d.- Norman Z. McLeod (7)
Shanghai Express,1932,d.- Josef von Sternberg (7)
Freaks,1932,d.- Tod Browning (7)
The Most Dangerous Game,1932,"d.- Irving Pichel, Ernest B. Schoedsack (7)"
Red Dust,1932,d.- Victor Fleming (6 1/2)
Jewel Robbery,1932,d.- William Dieterle (6 1/2)
The Old Dark House,1932,d.- James Whale (6 1/2)
One Way Passage,1932,d.- Tay Garnett (6 1/2)
The Mummy,1932,d.- Karl Freund (6 1/2)
A Farewell to Arms,1932,d.- Frank Borzage (6 1/2)
Broken Lullaby,1932,d.- Ernst Lubitsch (6 1/2)
Movie Crazy,1932,d.- Clyde Bruckman (6 1/2)
American Madness,1932,d.- Frank Capra (6 1/2)
Smilin’ Through,1932,d.- Sidney Franklin (6 1/2)
Blessed Event,1932,d.- Roy Del Ruth (6 1/2)
Emma,1932,d.- Clarence Brown (6 1/2)
Blonde Venus,1932,d.- Josef von Sternberg (6 1/2)
Rome Express,1932,(BR) d.- Walter Forde (6 1/2)
Red-Headed Woman,1932,d.- Jack Conway (6 1/2)
Rain,1932,d.- Lewis Milestone (6 1/2)
Tarzan the Ape Man,1932,d.- W. S. Van Dyke (6 1/2)
Skyscraper Souls,1932,d.- Edgar Selwyn (6 1/2)
So Big!,1932,d.- William A. Wellman (6 1/2)
Three on a Match,1932,d.- Mervyn LeRoy (6 1/2)
The Kid from Spain,1932,d.- Leo McCarey (6 1/2)
Tiger Shark,1932,d.- Howard Hawks (6 1/2)
"20,000 Years in Sing Sing",1932,d.- Michael Curtiz (6 1/2)
Downstairs,1932,d.- Monta Bell (6 1/2)
Back Street,1932,d.- John M. Stahl (6 1/2)
The Animal Kingdom,1932,d.- Edward H. Griffith (6 1/2)
Murders in the Zoo,1932,d.- A. Edward Sutherland (6 1/2)
The Match King,1932,"d.- Howard Bretherton, William Keighley (6 1/2)"
"Fireman, Save My Child",1932,d.- Lloyd Bacon (6 1/2)
The Phantom of Crestwood,1932,d.- J. Walter Ruben (6 1/2)
The Lost Squadron,1932,d.- George Archainbaud (6 1/2)
The Mouthpiece,1932,"d.- James Flood, Elliott Nugent (6 1/2)"
The Mask of Fu Manchu,1932,d.- Charles Brabin (6 1/2)
A Bill of Divorcement,1932,d.- George Cukor (6 1/2)
White Zombie,1932,d.- Victor Halperin (6 1/2)
The Sign of the Cross,1932,d.- Cecil B. DeMille (6 1/2)
Blondie of the Follies,1932,d.- Edmund Goulding (6 1/2)
Forbidden,1932,d.- Frank Capra (6 1/2)
World and the Flesh,1932,d.- John Cromwell (6 1/2)
Pack Up Your Troubles,1932,"d.- George Marshall, Ray McCarey (6 1/2)"
Murders in the Rue Morgue,1932,d.- Robert Florey (6 1/2)
Cynara,1932,d.- King Vidor (6 1/2)
Arsene Lupin,1932,d.- Jack Conway (6 1/2)
Beauty and the Boss,1932,d.- Roy Del Ruth (6 1/2)
Wedding Rehearsal,1932,(BR) d.- Alexander Korda (6 1/2)
The Beast of the City,1932,d.- Charles Brabin (6 1/2)
Are You Listening ?,1932,d.- Harry Beaumont (6 1/2)
Big City Blues,1932,d.- Mervyn LeRoy (6 1/2)
The Half Naked Truth,1932,d.- Gregory La Cava (6 1/2)
Rasputin and the Empress,1932,d.- Richard Boleslawski (6 1/2)
The Crowd Roars,1932,d.- Howard Hawks (6 1/2)
Strange Interlude,1932,d.- Robert Z. Leonard (6 1/2)
Dancers in the Dark,1932,d.- David Burton (6 1/2)
Doctor X,1932,d.- Michael Curtiz (6 1/2)
Letty Lynton,1932,d.- Clarence Brown (6 1/2)
Me and My Gal,1932,d.- Raoul Walsh (6 1/2)
Hell’s Highway,1932,d.- Rowland Brown (6 1/2)
Merrily We Go to Hell,1932,d.- Dorothy Arzner (6 1/2)
The Man Who Played God,1932,d.- John G. Adolfi (6 1/2)
The Miracle Man,1932,d.- Norman Z. McLeod (6 1/2)
Union Depot,1932,d.- Alfred E. Green (6 1/2)
Prosperity,1932,d.- Sam Wood (6 1/2)
The Purchase Price,1932,d.- William A. Wellman (6 1/2)
Frisco Jenny,1932,d.- William A. Wellman (6 1/2)
Taxi!,1932,d.- Roy Del Ruth (6 1/2)
Two Seconds,1932,d.- Mervyn LeRoy (6 1/2)
Symphony of Six Million,1932,d.- Gregory La Cava (6 1/2)
Bird of Paradise,1932,d.- King Vidor (6 1/2)
The Age of Consent,1932,d.- Gregory La Cava (6 1/2)
The Crash,1932,d.- William Dieterle (6 1/2)
Air Mail,1932,d.- John Ford (6 1/2)
Cabin in the Cotton,1932,d.- Michael Curtiz (6 1/2)
Night Court,1932,d.- W. S. Van Dyke (6 1/2)
The Hatchet Man,1932,d.- William A. Wellman (6 1/2)
Man Wanted,1932,d.- William Dieterle (6 1/2)
State’s Attorney,1932,d.- George Archainbaud (6 1/2)
Call Her Savage,1932,d.- John Francis Dillon (6 1/2)
What Price Hollywood?,1932,d.- George Cukor (6 1/2)
They Call it Sin,1932,d.- Thornton Freeland (6 1/2)
Payment Deferred,1932,d.- Lothar Mendes (6 1/2)
The Dark Horse,1932,d.- Alfred E. Green (6 1/2)
Faithless,1932,d.- Harry Beaumont (6 1/2)
Flesh,1932,d.- John Ford (6 1/2)
Shopworn,1932,d.- Nick Grinde (6 1/2)
Kongo,1932,d.- William J. Cowen (6 1/2)
The Sign of Four,1932,"(BR) d.- Graham Cutts, Rowland V. Lee (6 1/2)"
Devil and the Deep,1932,d.- Marion Gering (6 1/2)
The Rich Are Always With Us,1932,d.- Alfred E. Green (6 1/2)
Hell’s Highway,1932,d.- Rowland Brown (6 1/2)
The Big Broadcast,1932,d.- Frank Tuttle (6 1/2)
Thirteen Women,1932,d.- George Archainbaud (6 1/2)
The Conquerors,1932,d.- William A. Wellman (6 1/2)
Polly of the Circus,1932,d.- Alfred Santell (6 1/2)
Under Eighteen,1932,d.- Archie Mayo (6 1/2)
Chandu the Magician,1932,"d.- William Cameron Menzies, Marcel Varnel (6 1/2)"
Million Dollar Legs,1932,d.- Edward F. Cline (6 1/2)
Winner Take All,1932,d.- Roy Del Ruth (6 1/2)
Life Begins,1932,"d.- James Flood, Elliott Nugent (6 1/2)"
Service for Ladies,1932,(BR) d.- Alexander Korda (6)
Number Seventeen,1932,(BR) d.- Alfred Hitchcock (6)
The Menace,1932,d.- Roy William Neill (6)
Number Seventeen,1932,(BR) d.- Alfred Hitchcock (6)
Westward Passage,1932,d.- Robert Milton (6)
Law and Order,1932,d.- Edward L. Cahn (6)
Midnight Warning,1932,d.- Spencer G. Bennett (6)
The Strange Love of Molly Louvain,1932,d.- Michael Curtiz (6)
Thirteen Women,1932,d.- George Archainbaud (6)
They Call it Sin,1932,d.- Thornton Freeland (6)
Virtue,1932,d.- Edward Buzzell (6)
Unashamed,1932,d.- Harry Beaumont (6)
Midnight Warning,1932,d.- Spencer Gordon Bennett (6)
Tombstone Canyon,1932,d.- Alan James (5 1/2)
Duck Soup,1933,d.- Leo McCarey (7)
Dinner at Eight,1933,d.- George Cukor (7)
King Kong,1933,"d.- Ernest B. Schoedsack, Merian C. Cooper  (7)"
42nd Street,1933,d.- Lloyd Bacon (7)
Gold Diggers of 1933,1933,d.- Mervyn LeRoy (7)
Footlight Parade,1933,d.- Lloyd Bacon (7)
Queen Christina,1933,d.- Rouben Mamoulian (7)
The Private Life of Henry VIII,1933,(BR) d.- Alexander Korda (7)
Little Women,1933,d.- George Cukor (7)
Sons of the Desert,1933,d.- William A. Seiter (7)
Bombshell,1933,d.- Victor Fleming (7)
The Invisible Man,1933,d.- James Whale (7)
Design for Living,1933,d.- Ernst Lubitsch (7)
Zoo in Budapest,1933,d.- Rowland V. Lee (6 1/2)
Counsellor at Law,1933,d.- William Wyler (6 1/2)
Lady for a Day,1933,d.- Frank Capra (6 1/2)
The Kennel Murder Case,1933,d.- Michael Curtiz (6 1/2)
Island of Lost Souls,1933,d.- Erle C. Kenton (6 1/2)
Only Yesterday,1933,d.- John M. Stahl (6 1/2)
Man’s Castle,1933,d.- Frank Borzage (6 1/2)
Wild Boys of the Road,1933,d.- William A. Wellman (6 1/2)
She Done Him Wrong,1933,d.- Lowell Sherman (6 1/2)
I'm No Angel,1933,d.- Wesley Ruggles (6 1/2)
Cavalcade,1933,d.- Frank Lloyd (6 1/2)
Heroes for Sale,1933,d.- William A. Wellman (6 1/2)
Alice in Wonderland,1933,d.- Norman Z. McLeod (6 1/2)
State Fair,1933,d.- Henry King (6 1/2)
Employees’ Entrance,1933,d.- Roy Del Ruth (6 1/2)
The Good Companions,1933,(BR) d.- Victor Saville (6 1/2)
The Bitter Tea of General Yen,1933,d.- Frank Capra (6 1/2)
"Hallelujah, I'm a Bum!",1933,d.- Lewis Milestone (6 1/2)
International House,1933,d.- A. Edward Sutherland (6 1/2)
Going Hollywood,1933,d.- Raoul Walsh (6 1/2)
Baby Face,1933,d.- Alfred E. Green (6 1/2)
The Devil’s Brother,1933,"d.- Hal Roach, Charley Rogers (6 1/2)"
Elmer the Great,1933,d.- Mervyn LeRoy (6 1/2)
Storm at Daybreak,1933,d.- Richard Boleslawski (6 1/2)
The Bowery,1933,d.- Raoul Walsh (6 1/2)
Roman Scandals,1933,d.- Frank Tuttle (6 1/2)
Voltaire,1933,d.- John G. Adolfi (6 1/2)
Bureau of Missing Persons,1933,d.- Roy Del Ruth (6 1/2)
Tugboat Annie,1933,d.- Mervyn LeRoy (6 1/2)
Flying Down to Rio,1933,d.- Thornton Freeland (6 1/2)
Dancing Lady,1933,d.- Robert  Z. Leonard (6 1/2)
The World Changes,1933,d.- Mervyn LeRoy (6 1/2)
Mary Stevens M. D.,1933,d.- Lloyd Bacon (6 1/2)
Midnight Mary,1933,d.- William A. Wellman (6 1/2)
Hell Below,1933,d.- Jack Conway (6 1/2)
Hold Your Man,1933,d.- Sam Wood (6 1/2)
Mystery of the Wax Museum,1933,d.- Michael Curtiz (6 1/2)
Tillie and Gus,1933,d.- Francis Martin (6 1/2)
The Prizefighter and the Lady,1933,d.- W. S. Van Dyke (6 1/2)
Another Language,1933,d.- Edward H. Griffith (6 1/2)
The Emperor Jones,1933,d.- Dudley Murphy (6 1/2)
Bitter Sweet,1933,(BR) d.- Herbert Wilcox (6 1/2)
Perfect Understanding,1933,(BR) d.- Cyril Gardner (6 1/2)
The Son of Kong,1933,d.- Ernest B. Schoedsack (6 1/2)
Picture Snatcher,1933,d.- Lloyd Bacon (6 1/2)
Sweepings,1933,d.- John Cromwell (6 1/2)
Topaze,1933,d.- Harry d’Abaddie d’Arrast (6 1/2)
Morning Glory,1933,d.- Lowell Sherman (6 1/2)
Rafter Romance,1933,d.- William A. Seiter (6 1/2)
The Working Man,1933,d.- John G. Adolfi (6 1/2)
When Ladies Meet,1933,d.- Harry Beaumont (6 1/2)
Berkeley Square,1933,d.- Frank Lloyd (6 1/2)
The Story of Temple Drake,1933,d.- Stephen Roberts (6 1/2)
Lady Killer,1933,d.- Roy Del Ruth (6 1/2)
Today We Live,1933,"d.- Howard Hawks, Richard Rosson (6 1/2)"
Friday the Thirteenth,1933,(BR) d.- Victor Saville (6 1/2)
The Mind Reader,1933,d.- Roy Del Ruth (6 1/2)
Grand Slam,1933,d.- William Dieterle (6 1/2)
Three Cornered Moon,1933,d.- Elliott Nugent (6 1/2)
The Monkey’s Paw,1933,"d.- Wesley Ruggles, Ernest B. Schoedsack (6 1/2)"
Gallant Lady,1933,d.- Gregory La Cava (6 1/2)
Ann Vickers,1933,d.- John Cromwell (6 1/2)
The Little Giant,1933,d.- Roy Del Ruth (6 1/2)
Beauty for Sale,1933,d.- Richard Boleslawski (6 1/2)
Double Harness,1933,d.- John Cromwell (6 1/2)
Secret of the Blue Room,1933,d.- Kurt Neumann (6 1/2)
Mayor of Hell,1933,d.- Archie Mayo (6 1/2)
Son of a Sailor,1933,d.- Lloyd Bacon (6 1/2)
The Eagle and the Hawk,1933,d.- Stuart Walker (6 1/2)
Supernatural,1933,d.- Victor Halperin (6 1/2)
Looking Forward,1933,d.- Clarence Brown (6 1/2)
Christopher Strong,1933,d.- Dorothy Arzner (6 1/2)
The Life of Jimmy Dolan,1933,d.- Archie Mayo (6 1/2)
Bed of Roses,1933,d.- Gregory La Cava (6 1/2)
The Keyhole,1933,d.- Michael Curtiz (6 1/2)
A Study in Scarlet,1933,d.- Edwin L. Marin (6 1/2)
Secrets,1933,d.- Frank Borzage (6 1/2)
Men Must Fight,1933,d.- Edgar Selwyn (6 1/2)
Peg o’ My Heart,1933,d.- Robert Z. Leonard (6 1/2)
Let’s Fall in Love,1933,d.- David Burton (6 1/2)
The White Sister,1933,d.- Victor Fleming (6 1/2)
Fast Workers,1933,d.- Tod Browning (6 1/2)
Eskimo,1933,d.- W. S. Van Dyke (6 1/2)
Our Betters,1933,d.- George Cukor (6 1/2)
Ladies They Talk About,1933,"d.- Howard Bretherton, William Keighley (6 1/2)"
Central Airport,1933,d.- William A. Wellman (6 1/2)
To the Last Man,1933,d.- Henry Hathaway (6 1/2)
The House on 56th Street,1933,d.- Robert Florey (6 1/2)
Torch Singer,1933,"d.- Alexander Hall, George Somnes (6 1/2)"
Adorable,1933,d.- William Dieterle (6 1/2)
Cash,1933,(BR) d.- Zoltan Korda (6 1/2)
Hoop-La,1933,d.- Frank Lloyd (6 1/2)
Turn Back the Clock,1933,d.- Edgar Selwyn (6 1/2)
Captured!,1933,d.- Roy Del Ruth (6 1/2)
The Ghoul,1933,(BR) d.- T. Hayes Hunter (6 1/2)
Goodbye Again,1933,d.- Michael Curtiz (6 1/2)
The Song of Songs,1933,d.- Rouben Mamoulian (6 1/2)
Female,1933,d.- Michael Curtiz (6 1/2)
My Woman,1933,d.- Victor Schertzinger (6 1/2)
Night Flight,1933,d.- Clarence Brown (6 1/2)
The Power and the Glory,1933,d.- William K. Howard (6 1/2)
The Women in His Life,1933,d.- George B. Seitz (6 1/2)
She Had to Say Yes,1933,"d.- George Amy, Busby Berkeley (6 1/2)"
I Loved You Wednesday,1933,"d.- Henry King, William Cameron Menzies (6 1/2)"
I Cover the Waterfront,1933,d.- James Cruze (6 1/2)
Brief Moment,1933,d.- David Burton (6 1/2)
Parachute Jumper,1933,d.- Alfred E. Green (6 1/2)
Let’s Fall in Love,1933,d.- David Burton (6 1/2)
The Secret of Madame Blanche,1933,d.- Charles Brabin (6 1/2)
Oliver Twist,1933,d.- William J. Cowen (6)
Blondie Johnson,1933,d.- Ray Enright (6)
What! No Beer ?,1933,d.- Edward Sedgwick (6)
The Silver Cord,1933,d.- John Cromwell (6)
Blood Money,1933,d.- Rowland Brown (6)
Doctor Bull,1933,d.- John Ford (6)
Lilly Turner,1933,d.- William A. Wellman (6)
The Narrow Corner,1933,d.- Alfred E. Green (6)
No Funny Business,1933,"(BR) d.- Victor Hanbury, John Stafford (6)"
Blood Money,1933,d.- Rowland Brown (6)
Before Dawn,1933,d.- Irving Pichel (6)
Broadway Through a Keyhole,1933,d.- Lowell Sherman (6)
One Man’s Journey,1933,d.- John S. Robertson (5 1/2)
Penthouse,1933, d.- W. S. Van Dyke 
It Happened One Night,1934,d.- Frank Capra (7)
The Scarlet Empress,1934,d.- Josef von Sternberg (7)
The Thin Man,1934,d.- W. S. Van Dyke (7)
Twentieth Century,1934,d.- Howard Hawks (7)
The Merry Widow,1934,d.- Ernst Lubitsch (7)
The Gay Divorcee,1934,d.- Mark Sandrich (7)
It’s a Gift,1934,d.- Norman Z. McLeod (7)
The Scarlet Pimpernel,1934,(BR) d.- Harold Young (7)
Tarzan and His Mate,1934,"d.- Jack Conway, Cedric Gibbons (7)"
The Black Cat,1934,d.- Edgar G. Ulmer (7)
The Count of Monte Cristo,1934,d.- Rowland V. Lee (6 1/2)
"Little Man, What Now",1934,d.- Frank Borzage (6 1/2)
Imitation of Life,1934,d.- John M. Stahl (6 1/2)
Our Daily Bread,1934,d.- King Vidor (6 1/2)
Dames,1934,"d.- Busby Berkeley, Ray Enright (6 1/2)"
Treasure Island,1934,d.- Victor Fleming (6 1/2)
One Night of Love,1934,d.- Victor Schertzinger (6 1/2)
Babes in Toyland,1934,"d.- Gus Meins, Charley Rogers (6 1/2)"
Six of a Kind,1934,d.- Leo McCarey (6 1/2)
The Lost Patrol,1934,d.- John Ford (6 1/2)
You’re Telling Me!,1934,d.- Erle C. Kenton (6 1/2)
Music in the Air,1934,d.- Joe May (6 1/2)
The Old Fashioned Way,1934,d.- William Beaudine (6 1/2)
Charlie Chan In London,1934,d.- Eugene Forde (6 1/2)
Cleopatra,1934,d.- Cecil B. DeMille (6 1/2)
The Man Who Knew Too Much,1934,(BR) d.- Alfred Hitchcock (6 1/2)
Of Human Bondage,1934,d.- John Cromwell (6 1/2)
Death Takes a Holiday,1934,d.- Mitchell Leisen (6 1/2)
The Cat and the Fiddle,1934,d.- William K. Howard (6 1/2)
The Barretts of Wimpole Street,1934,d.- Sidney Franklin (6 1/2)
Bright Eyes,1934,d.- David Butler (6 1/2)
Anne of Green Gables,1934,d.- George Nichols Jr. (6 1/2)
Fog Over Frisco,1934,d.- William Dieterle (6 1/2)
What Every Woman Knows,1934,d.- Gregory La Cava (6 1/2)
Riptide,1934,d.- Edmund Goulding (6 1/2)
Little Miss Marker,1934,d.- Alexander Hall (6 1/2)
Upperworld,1934,d.- Roy Del Ruth (6 1/2)
Viva Villa,1934,"d.- Howard Hawks, Jack Conway (6 1/2)"
Evergreen,1934,(BR) d.- Victor Saville (6 1/2)
Gabriel Over the White House,1934,d.- Gregory La Cava (6 1/2)
The Mystery of Mr. X,1934,d.- Edgar Selwyn (6 1/2)
Belle of the Nineties,1934,d.- Leo McCarey (6 1/2)
Manhattan Melodrama,1934,d.- W. S. Van Dyke (6 1/2)
The Private Life of Don Juan,1934,(BR) d.- Alexander Korda (6 1/2)
The House of Rothschild,1934,d.- Alfred L. Werker (6 1/2)
The Painted Veil,1934,d.- Richard Boleslawski (6 1/2)
Bulldog Drummond Strikes Back,1934,d.- Roy Del Ruth (6 1/2)
Broadway Bill,1934,d.- Frank Capra (6 1/2)
The Richest Girl in the World,1934,d.- William A. Seiter (6 1/2)
A Modern Hero,1934,d.- G. W. Pabst (6 1/2)
The Captain Hates the Sea,1934,d.- Lewis Milestone (6 1/2)
Kid Millions,1934,d.- Roy Del Ruth (6 1/2)
The Girl from Missouri,1934,d.- Jack Conway (6 1/2)
The Clairvoyant,1934,(BR) d.- Maurice Elvey (6 1/2)
The Little Minister,1934,d.- Richard Wallace (6 1/2)
Wonder Bar,1934,d.- Lloyd Bacon (6 1/2)
Murder In the Private Car,1934,d.- Harry Beaumont (6 1/2)
Heat Lightning,1934,d.- Mervyn LeRoy (6 1/2)
Bolero,1934,d.- Wesley Ruggles (6 1/2)
Madame Du Barry,1934,d.- William Dieterle (6 1/2)
George White’s Scandals,1934,"d.- T. Freeland, H. Lachman, G. White (6 1/2)"
Flirtation Walk,1934,d.- Frank Borzage (6 1/2)
Men in White,1934,d.- Richard Boleslawski (6 1/2)
Hide-Out,1934,d.- W. S. Van Dyke (6 1/2)
Cockeyed Cavaliers,1934,d.- Mark Sandrich (6 1/2)
Catherine the Great,1934,(BR) d.- Paul Czinner (6 1/2)
Sadie McKee,1934,d.- Clarence Brown (6 1/2)
The Affairs of Cellini,1934,d.- Gregory La Cava (6 1/2)
Forsaking All Others,1934,d.- W. S. Van Dyke (6 1/2)
This Man is Mine,1934,d.- John Cromwell (6 1/2)
Stamboul Quest,1934,d.- Sam Wood (6 1/2)
Fashions of 1934,1934,d.- William Dieterle (6 1/2)
No Greater Glory,1934,d.- Frank Borzage (6 1/2)
Palooka,1934,d.- Benjamin Stoloff (6 1/2)
Mandalay,1934,d.- Michael Curtiz (6 1/2)
Moulin Rouge,1934,d.- Sidney Lanfield (6 1/2)
Operator 13,1934,d.- Richard Boleslawski (6 1/2)
Jimmy the Gent,1934,d.- Michael Curtiz (6 1/2)
The Gay Bride,1934,d.- Jack Conway (6 1/2)
Sing and Like It,1934,d.- William A. Seiter (6 1/2)
Lorna Doone,1934,(BR) d.- Basil Dean (6 1/2)
"Hi, Nellie!",1934,d.- Mervyn LeRoy (6 1/2)
Chu-Chin-Chow,1934,BR) d.- Walter Forde (6 1/2)
Waltzes from Vienna,1934,(BR) d.- Alfred Hitchcock (6 1/2)
Marie Galante,1934,d.- Henry King (6 1/2)
Judge Priest,1934,d.- John Ford (6 1/2)
Charlie Chan’s Courage,1934,d.- Eugene Forde (6 1/2)
Four Frightened People,1934,d.- Cecil B. DeMille (6 1/2)
The Pursuit of Happiness,1934,d.- Alexander Hall (6 1/2)
He Was Her Man,1934,d.- Lloyd Bacon (6 1/2)
Here Comes the Navy,1934,d.- Lloyd Bacon (6 1/2)
Crime Without Passion,1934,"d.- Ben Hecht, Charles MacArthur (6 1/2)"
Stingaree,1934,d.- William A. Wellman (6 1/2)
Evelyn Prentice,1934,d.- William K. Howard (6 1/2)
Moulin Rouge,1934,d.- Sidney Lanfield (6 1/2)
Murder at the Vanities,1934,d.- Mitchell Leisen (6 1/2)
Chained,1934,d.- Clarence Brown (6 1/2)
Bottoms Up,1934,d.- David Butler (6 1/2)
Evensong,1934,(BR) d.- Victor Saville (6 1/2)
Kid Millions,1934,d.- Roy Del Ruth (6 1/2)
Mrs. Wiggs of the Cabbage Patch,1934,d.- Norman Taurog (6 1/2)
6 Day Bike Rider,1934,d.- Lloyd Bacon (6 1/2)
We’re Not Dressing,1934,d.- Norman Taurog (6 1/2)
The Case of the Howling Dog,1934,d.- Alan Crosland (6 1/2)
Fugitive Lovers,1934,d.- Richard Boleslawski (6 1/2)
The Key,1934,d.- Michael Curtiz (6 1/2)
Search for Beauty,1934,d.- Erle C. Kenton (6 1/2)
"Hips, Hips, Hooray!",1934,d.- Mark Sandrich (6 1/2)
We Live Again,1934,d.- Rouben Mamoulian (6 1/2)
The Notorious Sophie Lang,1934,d.- Ralph Murphy (6 1/2)
Sweet Adeline,1934,d.- Mervyn LeRoy (6 1/2)
Lady By Choice,1934,d.- David Burton (6 1/2)
Young and Beautiful,1934,d.- Joseph Santley (6 1/2)
Hollywood Party,1934,d.- Roy Rowland (6 1/2)
Now and Forever,1934,d.- Henry Hathaway (6 1/2)
Kentucky Kernels,1934,d.- George Stevens (6 1/2)
I’ve Got Your Number,1934,d.- Ray Enright (6 1/2)
Born to be Bad,1934,d.- Lowell Sherman (6 1/2)
Transatlantic Merry-Go-Round,1934,d.- Benjamin Stoloff  (6 1/2)
The Dragon Murder Case,1934,d.- H. Bruce Humberstone (6 1/2)
Baby Take a Bow,1934,d.- Harry Lachman (6 1/2)
The Cat’s-Paw,1934,d.- Sam Taylor (6 1/2)
Change of Heart,1934,d.- John G. Blystone (6)
Young and Beautiful,1934,d.- Joseph Santley (6)
In Old Santa Fe,1934,d.- David Howard (6)
Stand Up and Cheer !,1934,d.- Hamilton MacFadden (6)
Blue Steel,1934,d.- Robert N. Bradbury (6)
Midnight,1934,d.- Chester Erskine (6)
Mutiny on the Bounty,1935,d.- Frank Lloyd (7)
A Tale of Two Cities,1935,d.- Jack Conway (7)
Top Hat,1935,d.- Mark Sandrich (7)
David Copperfield*,1935,d.- George Cukor (7)
A Night at the Opera,1935,d.- Sam Wood (7)
Ruggles of Red Gap,1935,d.- Leo McCarey (7)
The Bride of Frankenstein,1935,d.- James Whale (7)
Captain Blood,1935,d.- Michael Curtiz (7)
Naughty Marietta,1935,d.- W. S. Van Dyke (7)
The 39 Steps,1935,(BR) d.- Alfred Hitchcock (7)
The Story of Louis Pasteur,1935,d.- William Dieterle (7)
Love Me Forever,1935,d.- Victor Schertzinger (6 1/2)
Anna Karenina,1935,d.- Clarence Brown (6 1/2)
The Man on the Flying Trapeze,1935,"d.- Clyde Bruckman, W.C. Fields (6 1/2)"
The Informer,1935,d.- John Ford (6 1/2)
Les Miserables,1935,d.- Richard Boleslawski (6 1/2)
Midsummer Night's Dream,1935,"d.- Max Reinhardt, William Dieterle (6 1/2)"
The Good Fairy,1935,d.- William Wyler (6 1/2)
Gold Diggers of 1935,1935,d.- Busby Berkeley (6 1/2)
The Lives of a Bengal Lancer,1935,d.- Henry Hathaway (6 1/2)
Mad Love,1935,d.- Karl Freund (6 1/2)
‘G’ Men,1935,d.- William Keighley (6 1/2)
Magnificent Obsession,1935,d.- John M. Stahl (6 1/2)
Annie Oakley,1935,d.- George Stevens (6 1/2)
Crime and Punishment,1935,d.- Josef von Sternberg (6 1/2)
Call of the Wild,1935,d.- William A. Wellman (6 1/2)
Diamond Jim,1935,d.- A. Edward Sutherland (6 1/2)
Clive of India,1935,d.- Richard Boleslawski (6 1/2)
Barbary Coast,1935,d.- Howard Hawks (6 1/2)
Broadway Melody of 1936,1935,d.- Roy Del Ruth (6 1/2)
The Little Colonel,1935,d.- David Butler (6 1/2)
"Ah, Wilderness",1935,d.- Clarence Brown (6 1/2)
China Seas,1935,d.- Tay Garnett (6 1/2)
Page Miss Glory,1935,d.- Mervyn LeRoy (6 1/2)
Becky Sharp,1935,d.- Rouben Mamoulian (6 1/2)
The Whole Town’s Talking,1935,d.- John Ford (6 1/2)
Hands Across the Table,1935,d.- Mitchell Leisen (6 1/2)
Mississippi,1935,d.- A. Edward Sutherland (6 1/2)
Four Hours to Kill!,1935,d.- Mitchell Leisen (6 1/2)
Folies Bergere de Paris,1935,d.- Roy Del Ruth (6 1/2)
The Ghost Goes West,1935,(BR) d.- Rene Clair (6 1/2)
The Devil Is a Woman,1935,d.- Josef von Sternberg (6 1/2)
Alice Adams,1935,d.- George Stevens (6 1/2)
The Glass Key,1935,d.- Frank Tuttle (6 1/2)
The Black Room,1935,d.- Roy William Neill (6 1/2)
Roberta,1935,d.- William A. Seiter (6 1/2)
The Littlest Rebel,1935,d.- David Butler (6 1/2)
The Crusades,1935,d.- Cecil B. DeMille (6 1/2)
Charlie Chan in Egypt,1935,d.- Louis King (6 1/2)
The Littlest Rebel,1935,d.- David Butler (6 1/2)
Dante’s Inferno,1935,d.- Harry Lachman (6 1/2)
Dangerous,1935,d.- Alfred E. Green (6 1/2)
The Wedding Night,1935,d.- King Vidor (6 1/2)
Curly Top,1935,d.- Irving Cummings (6 1/2)
Mark of the Vampire,1935,d.- Tod Browning (6 1/2)
Bordertown,1935,d.- Archie Mayo (6 1/2)
Metropolitan,1935,d.- Richard Boleslawski (6 1/2)
The Glass Key,1935,d.- Frank Tuttle (6 1/2)
The Man Who Broke the Bank at Monte Carlo,1935,d.- Stephen Roberts (6 1/2)
The Black Room,1935,d.- Roy William Neill (6 1/2)
If You Could Only Cook,1935,d.- William A. Seiter (6 1/2)
Thanks a Million,1935,d.- Roy Del Ruth (6 1/2)
Peter Ibbetson,1935,d.- Henry Hathaway (6 1/2)
Oil for the Lamps of China,1935,d.- Mervyn LeRoy (6 1/2)
The Last Days of Pompeii,1935,d.- Ernest B. Schoedsack (6 1/2)
Frisco Kid,1935,d.- Lloyd Bacon (6 1/2)
Cardinal Richelieu,1935,d.- Rowland V. Lee (6 1/2)
Charlie Chan in Paris,1935,d.- Lewis Seiler (6 1/2)
Sylvia Scarlett,1935,d.- George Cukor (6 1/2)
The Goose and the Gander,1935,d.- Alfred E. Green (6 1/2)
Alibi Ike,1935,d.- Ray Enright (6 1/2)
Go Into Your Dance,1935,d.- Archie Mayo (6 1/2)
Stranded,1935,d.- Frank Borzage (6 1/2)
Show Them No Mercy!,1935,d.- George Marshall (6 1/2)
The Murder Man,1935,d.- Tim Whelan (6 1/2)
Front Page Woman,1935,d.- Michael Curtiz (6 1/2)
Special Agent,1935,d.- William Keighley (6 1/2)
Devil Dogs of the Air,1935,d.- Lloyd Bacon (6 1/2)
In Person,1935,d.- William A. Seiter (6 1/2)
Star of Midnight,1935,d.- Stephen Roberts (6 1/2)
Charlie Chan in Shanghai,1935,d.- James Tinling (6 1/2)
Bright Lights,1935,d.- Busby Berkeley (6 1/2)
Remember Last Night?,1935,d.- James Whale (6 1/2)
O’shaunessy’s Boy,1935,d.- Richard Boleslawski (6 1/2)
Dark Angel,1935,d.- Sidney Frankin (6 1/2)
Moscow Nights,1935,(BR) d.- Anthony Asquith (6 1/2)
The Party Wire,1935,d.- Erle C. Kenton (6 1/2)
Paddy O’Day,1935,d.- Lewis Seiler (6 1/2)
Steamboat Round the Bend,1935,d.- John Ford (6 1/2)
Life Begins at Forty,1935,d.- George Marshall (6 1/2)
Look Up and Laugh,1935,(BR) d.- Basil Dean (6 1/2)
Reckless,1935,d.- Victor Fleming (6 1/2)
In Old Kentucky,1935,d.- George Marshall (6 1/2)
The Tunnel,1935,(BR) d.- Maurice Elvey (6 1/2)
She,1935,"d.- Lansing C. Holden, Irving Pichel (6 1/2)"
Broadway Gondolier,1935,d.- Lloyd Bacon (6 1/2)
The Farmer Takes a Wife,1935,d.- Victor Fleming (6 1/2)
Private Worlds,1935,d.- Gregory La Cava (6 1/2)
The Case of the Curious Bride,1935,d.- Michael Curtiz (6 1/2)
I Found Stella Parish,1935,d.- Mervyn LeRoy (6 1/2)
Hop-Along Cassidy,1935,d.- Howard Bretherton (6 1/2)
Escape Me Never,1935,(BR) d.- Paul Czinner (6 1/2)
Public Hero #1,1935,d.- J. Walter Ruben (6 1/2)
Mystery of Edwin Drood,1935,d.- Stuart Walker (6 1/2)
Dr. Socrates,1935,d.- William Dieterle (6 1/2)
The Right to Live,1935,d.- William Keighley (6 1/2)
West Point of the Air,1935,d.- Richard Rosson (6 1/2)
Rendezvous,1935,d.- William K. Howard (6 1/2)
The Raven,1935,d.- Lew Landers (6 1/2)
Baby Face Harrington,1935,d.- Raoul Walsh (6 1/2)
The Irish In Us,1935,d.- Lloyd Bacon (6 1/2)
In Caliente,1935,d.- Lloyd Bacon (6 1/2)
The Nitwits,1935,d.- George Stevens (6 1/2)
The Girl from Tenth Avenue,1935,d.- Alfred E. Green (6 1/2)
Escapade,1935,d.- Robert Z. Leonard (6 1/2)
Werewolf of London,1935,d.- Stuart Walker (6 1/2)
Times Square Lady,1935,d.- George B. Seitz (6 1/2)
The Casino Murder Case,1935,d.- Edwin L. Marin (6 1/2)
Shadow of Doubt,1935,d.- George B. Seitz (6 1/2)
Break of Hearts,1935,d.- Philip Moeller (6 1/2)
I Dream Too Much,1935,d.- John Cromwell (6 1/2)
Old Man Rhythm,1935,d.- Edward Ludwig (6 1/2)
The Return of Peter Grimm,1935,d.- Victor Schertzinger (6 1/2)
She Married Her Boss,1935,d.- Gregory La Cava (6 1/2)
Charlie Chan in Shanghai,1935,d.- James Tinling (6 1/2)
Rumba,1935,d.- Marion Gering (6 1/2)
Heritage,1935,(AUS) d.- Charles Chauvel (6 1/2)
First a Girl,1935,(BR) d.- Victor Saville (6 1/2)
Whipsaw,1935,d.- Sam Wood (6 1/2)
Biography of a Bachelor Girl,1935,d.- Edward H. Griffith (6 1/2)
Break of Hearts,1935,d.- Philip Moeller (6 1/2)
Enchanted April,1935,d.- Harry Beaumont (6)
While the Patient Slept,1935,d.- Ray Enright (6 1/2)
I Live My Life,1935,d.- W. S. Van Dyke (6)
Turn of the Tide,1935,(BR) d.- Norman Walker (6)
A Notorious Gentleman,1935,d.- Edward Laemmle (6)
No More Ladies,1935,d.- Edward H. Griffith (6)
The Cocaine Fiends,1935,d.- William A. O’Connor (5)
Mr. Deeds Goes to Town,1936,d.- Frank Capra (7)
Dodsworth,1936,d.- William Wyler (7)
Swing Time,1936,d.- George Stevens (7)
Camille,1936,d.- George Cukor (7)
Libeled Lady,1936,d.- Jack Conway (7)
My Man Godfrey,1936,d.- Gregory La Cava (7)
San Francisco,1936,d.- W. S. Van Dyke (7)
Show Boat,1936,d.- James Whale (7)
Fury,1936,d.- Fritz Lang (7)
The Great Ziegfeld,1936,d.- Robert Z. Leonard (7)
These Three,1936,d.- William Wyler (6 1/2)
Desire,1936,d.- Frank Borzage (6 1/2)
The Green Pastures,1936,"d.- Marc Connelly, William Keighley (6 1/2)"
Follow the Fleet,1936,d.- Mark Sandrich (6 1/2)
The Petrified Forest,1936,d.- Archie Mayo (6 1/2)
The Man Who Could Work Miracles,1936,(BR) d.- Lothar Mendes (6 1/2)
After the Thin Man,1936,d.- W. S. Van Dyke (6 1/2)
Things to Come,1936,d.- William Cameron Menzies (6 1/2)
Romeo and Juliet,1936,d.- George Cukor (6 1/2)
Theodora Goes Wild,1936,d.- Richard Boleslawski (6 1/2)
Rembrandt,1936,(BR) d.- Alexander Korda (6 1/2)
The Charge of the Light Brigade,1936,d.- Michael Curtiz (6 1/2)
Charlie Chan at the Opera,1936,d.- H. Bruce Humberstone (6 1/2)
Desire,1936,d.- Frank Borzage (6 1/2)
Captain January,1936,d.- David Butler (6 1/2)
Rose-Marie,1936,d.- W. S. Van Dyke (6 1/2)
Bullets or Ballots,1936,d.- William Keighley (6 1/2)
Poor Little Rich Girl,1936,d.- Irving Cummings (6 1/2)
Gold Diggers of 1937,1936,"d.- Lloyd Bacon, Busby Berkeley (6 1/2)"
Little Lord Fauntleroy,1936,d.- John Cromwell (6 1/2)
The Milky Way,1936,d.- Leo McCarey (6 1/2)
The Trail of the Lonesome Pine,1936,d.- Henry Hathaway (6 1/2)
Come and Get It,1936,"d.- Howard Hawks, Robert Rosson, William Wyler (6 1/2)"
Tarzan Escapes,1936,d.- Richard Thorpe (6 1/2)
The General Died at Dawn,1936,d.- Lewis Milestone (6 1/2)
Our Relations,1936,d.- Harry Lachman (6 1/2)
Three Smart Girls,1936,d.- Henry Koster (6 1/2)
Pigskin Parade,1936,d.- David Butler (6 1/2)
Wife vs. Secretary,1936,d.- Clarence Brown (6 1/2)
The Devil-Doll,1936,d.- Tod Browning (6 1/2)
Craig’s Wife,1936,d.- Dorothy Arzner (6 1/2)
Lloyd’s of London,1936,d.- Henry King (6 1/2)
One In a Million,1936,d.- Sidney Lanfield (6 1/2)
A Message to Garcia,1936,d.- George Marshall (6 1/2)
Anthony Adverse,1936,d.- Mervyn LeRoy (6 1/2)
The King Steps Out,1936,d.- Josef von Sternberg (6 1/2)
Charlie Chan at the Racetrack,1936,d.- H. Bruce Humberstone (6 1/2)
The Devil is a Sissy,1936,d.- W. S. Van Dyke (6 1/2)
The Walking Dead,1936,d.- Michael Curtiz (6 1/2)
The Plainsman,1936,d.- Cecil B. DeMille (6 1/2)
Secret Agent,1936,(BR) d.- Alfred Hitchcock (6 1/2)
Stowaway,1936,d.- William A. Seiter (6 1/2)
Born to Dance,1936,d.- Roy Del Ruth (6 1/2)
Three Godfathers,1936,d.- Richard Boleslawski (6 1/2)
Love on the Run,1936,d.- W. S. Van Dyke (6 1/2)
The Prisoner of Shark Island,1936,d.- John Ford (6 1/2)
The Bohemian Girl,1936,"d.- James W. Horne, Charley Rogers (6 1/2)"
Sabotage,1936,(BR) d.- Alfred Hitchcock (6 1/2)
Satan Met a Lady,1936,d.- William Dieterle (6 1/2)
The Gorgeous Hussy,1936,d.- Clarence Brown (6 1/2)
The Country Doctor,1936,d.- Henry King (6 1/2)
A Woman Rebels,1936,d.- Mark Sandrich (6 1/2)
Cain and Mabel,1936,d.- Lloyd Bacon (6 1/2)
Mary of Scotland,1936,d.- John Ford (6 1/2)
China Clipper,1936,d.- Ray Enright (6 1/2)
The Princess Comes Across,1936,d.- William K. Howard (6 1/2)
"Go West, Young Man",1936,d.- Henry Hathaway (6 1/2)
Klondike Annie,1936,d.- Raoul Walsh (6 1/2)
The Night is Young,1936,d.- Dudley Murphy (6 1/2)
The White Angel,1936,d.- William Dieterle (6 1/2)
White Fang,1936,d.- David Butler (6 1/2)
The Moon’s Our Home,1936,d.- William A. Seiter (6 1/2)
Piccadilly Jim,1936,d.- Robert Z. Leonard (6 1/2)
Sweeney Todd: The Demon Barber of Fleet Street,1936,(BR) d.- George King (6 1/2)
Dimples,1936,d.- William A. Seiter (6 1/2)
Winterset,1936,d.- Alfred Santell (6 1/2)
The Road to Glory,1936,d.- Howard Hawks (6 1/2)
Trouble for Two,1936,d.- J. Walter Ruben (6 1/2)
Pennies from Heaven,1936,d.- Norman Z. McLeod (6 1/2)
The Last of the Mohicans,1936,d.- George B. Seitz (6 1/2)
Dracula’s Daughter,1936,d.- Lambert Hillyer (6 1/2)
Hearts Divided,1936,d.- Frank Borzage (6 1/2)
The Tenth Man,1936,(BR) d.- Brian Desmond-Hurst (6 1/2)
Charlie Chan at the Circus,1936,d.- Harry Lachman (6 1/2)
Small Town Girl,1936,d.- William A. Wellman (6 1/2)
The Case of the Lucky Legs,1936,d.- Archie Mayo (6 1/2)
Men Are Not Gods,1936,(BR) d.- Walter Reisch (6 1/2)
As You Like It,1936,(BR) d.- Paul Czinner (6 1/2)
Beloved Enemy,1936,d.- H. C. Potter (6 1/2)
Banjo on My Knee,1936,d.- John Cromwell (6 1/2)
The Garden of Allah,1936,d.- Richard Boleslawski (6 1/2)
Don’t Turn ’em Loose,1936,d.- Benjamin Stoloff (6 1/2)
The Gay Desperado,1936,d.- Rouben Mamoulian (6 1/2)
Charlie Chan’s Secret,1936,d.- Gordon Wiles (6 1/2)
The Big Broadcast of 1937,1936,d.- Mitchell Leisen (6 1/2)
Anything Goes,1936,d.- Lewis Milestone (6 1/2)
Ramona,1936,d.- Henry King (6 1/2)
Meet Nero Wolfe,1936,d.- Herbert J. Biberman (6 1/2)
It’s Love Again,1936,(BR) d.- Victor Saville (6 1/2)
The Golden Arrow,1936,d.- Alfred E. Green (6 1/2)
The Plough and the Stars,1936,d.- John Ford (6 1/2)
The Man Who Changed His Mind,1936,(BR) d.- Robert Stevenson (6 1/2)
The Texas Rangers,1936,d.- King Vidor (6 1/2)
Beloved Enemy,1936,d.- H.C. Potter (6 1/2)
The Crimes of Stephen Hawke,1936,(BR) d.- George King (6 1/2)
Love Before Breakfast,1936,d.- Walter Lang (6 1/2)
Don’t Turn ’em Loose,1936,d.- Benjamin Stoloff (6 1/2)
Private Number,1936,d.- Roy Del Ruth (6 1/2)
Poppy,1936,d.- A. Edward Sutherland (6 1/2)
More Than a Secretary,1936,d.- Alfred E. Green (6 1/2)
Reunion,1936,d.- Norman Taurog (6 1/2)
Ceiling Zero,1936,d.- Howard Hawks (6 1/2)
Crown v. Stevens,1936,(BR) d.- Michael Powell (6 1/2)
And So They Were Married,1936,d.- Elliott Nugent (6 1/2)
Song of Freedom,1936,d.- J. Elder Wills (6 1/2)
The Singing Kid,1936,d.- William Keighley (6 1/2)
House of Secrets,1936,d.- Roland D. Reed (6 1/2)
Chatterbox,1936,"d.- George Nichols, Jr. (6 1/2)"
The Garden Murder Case,1936,d.- Edwin L. Marin (6 1/2)
Snowed Under,1936,d.- Ray Enright (6 1/2)
Love Before Breakfast,1936,d.- Walter Lang (6 1/2)
That Girl from Paris,1936,d.- Leigh Jason (6 1/2)
Private Number,1936,d.- Roy Del Ruth (6 1/2)
Two Against the World,1936,d.- William C. McGann (6)
Great Guy,1936,d.- John G. Blystone (6)
The Man Who Lived Twice,1936,d.- Harry Lachman (6)
Go-Get-‘Em Haines,1936,d.- Sam Newfield (6)
Suzy,1936,d.- George Fitzmaurice (6)
The Invisible Ray,1936,d.- Lambert Hillyer (6)
Strike Me Pink,1936,d.- Norman Taurog (6)
Tell Your Children(Reefer Madness),1936,d.- Louis J. Gasnier (5)
Lost Horizon,1937,d.- Frank Capra (7)
The Good Earth,1937,d.- Sidney Franklin (7)
The Awful Truth,1937,d.- Leo McCarey (7)
Captains Courageous,1937,d.- Victor Fleming (7)
The Prisoner of  Zenda,1937,d.- John Cromwell (7)
Maytime,1937,d.- Robert Z. Leonard (7)
Shall We Dance,1937,d.- Mark Sandrich (7)
Stage Door,1937,d.- Gregory La Cava (7)
The Life of Emile Zola,1937,d.- William Dieterle (7)
Make Way For Tomorrow,1937,d.- Leo McCarey (7)
A Star Is Born,1937,d.- William A. Wellman (7)
Nothing Sacred,1937,d.- William A. Wellman (6 1/2)
Way Out West,1937,d.- James W. Horne (6 1/2)
Dead End,1937,d.- William Wyler (6 1/2)
A Day at the Races,1937,d.- Sam Wood (6 1/2)
Stella Dallas,1937,d.- King Vidor (6 1/2)
Easy Living,1937,d.- Mitchell Leisen (6 1/2)
"Oh, Mr. Porter!",1937,(BR) d.- Marcel Varnel (6 1/2)
In Old Chicago,1937,d.- Henry King (6 1/2)
You Only Live Once,1937,d.- Fritz Lang (6 1/2)
Heidi,1937,d.- Allan Dwan (6 1/2)
Topper,1937,d.- Norman Z. McLeod (6 1/2)
History is Made at Night,1937,d.- Frank Borzage (6 1/2)
They Won't Forget,1937,d.- Mervyn LeRoy (6 1/2)
Wee Willie Winkie,1937,d.- John Ford (6 1/2)
The Hurricane,1937,d.- John Ford (6 1/2)
Fire Over England,1937,(BR) d.- William K. Howard (6 1/2)
Broadway Melody of 1938,1937,d.- Roy Del Ruth (6 1/2)
It's Love I'm After,1937,d.- Archie Mayo (6 1/2)
Angel,1937,d.- Ernst Lubitsch (6 1/2)
Conquest,1937,d.- Clarence Brown (6 1/2)
Night Must Fall,1937,d.- Richard Thorpe (6 1/2)
The Toast of New York,1937,d.- Rowland V. Lee (6 1/2)
"Think Fast, Mr. Moto",1937,d.- Norman Foster (6 1/2)
The Firefly,1937,d.- Robert Z. Leonard (6 1/2)
Maid of Salem,1937,d.- Frank Lloyd (6 1/2)
One Hundred Men and a Girl,1937,d.- Henry Koster (6 1/2)
"Thank You, Mr. Moto",1937,d.- Norman Foster (6 1/2)
On the Avenue,1937,d.- Roy Del Ruth (6 1/2)
Conquest,1937,d.- Clarence Brown (6 1/2)
Young and Innocent,1937,(BR) d.- Alfred Hitchcock (6 1/2)
Marked Woman,1937,d.- Lloyd Bacon (6 1/2)
Seventh Heaven,1937,d.- Henry King (6 1/2)
Kid Galahad,1937,d.- Michael Curtiz (6 1/2)
Thin Ice,1937,d.- Sidney Lanfield (6 1/2)
Charlie Chan at the Olympics,1937,d.- H. Bruce Humberstone (6 1/2)
King Solomon’s Mines,1937,(BR) d.- Robert Stevenson (6 1/2)
Tovarich,1937,d.- Anatole Litvak (6 1/2)
Wells Fargo,1937,d.- Frank Lloyd (6 1/2)
Café Metropole,1937,d.- Edward H. Griffith (6 1/2)
Double Wedding,1937,d.- Richard Thorpe (6 1/2)
The Prince and the Pauper,1937,d.- William Keighley (6 1/2)
Madame X,1937,d.- Sam Wood (6 1/2)
Knight Without Armour,1937,(BR) Jacques Feyder (6 1/2)
A Damsel in Distress,1937,d.- George Stevens (6 1/2)
The Edge of the World,1937,(BR) d.- Michael Powell (6 1/2)
Storm in a Teacup,1937,"(BR) d.- Ian Dalrymple, Victor Saville (6 1/2)"
Saratoga,1937,d.- Jack Conway (6 1/2)
The Road Back,1937,d.- James Whale (6 1/2)
Charlie Chan on Broadway,1937,d.- Eugene Forde (6 1/2)
Black Legion,1937,d.- Archie Mayo (6 1/2)
Elephant Boy,1937,"(BR) d.- Robert J. Flaherty, Zoltan Korda (6 1/2)"
The Great O’Malley,1937,d.- William Dieterle (6 1/2)
The Great Garrick,1937,d.- James Whale (6 1/2)
Madame X,1937,d.- Sam Wood (6 1/2)
Charlie Chan at Monte Carlo,1937,d.- Eugene Forde (6 1/2)
This Is My Affair,1937,d.- William A. Seiter (6 1/2)
Ever Since Eve,1937,d.- Lloyd Bacon (6 1/2)
The Last of Mrs. Cheyney,1937,d.- Richard Boleslawski (6 1/2)
Victoria the Great,1937,(BR) d.- Herbert Wilcox (6 1/2)
The Last Gangster,1937,d.- Edward Ludwig (6 1/2)
Souls at Sea,1937,d.- Henry Hathaway (6 1/2)
That Certain Woman,1937,d.- Edmund Goulding (6 1/2)
Ali Baba Goes to Town,1937,d.- David Butler (6 1/2)
Bulldog Drummond Escapes,1937,d.- James P. Hogan (6 1/2)
The King and the Chorus Girl,1937,d.- Mervyn Leroy (6 1/2)
The Woman I Love,1937,d.- Anatole Litvak (6 1/2)
Big City,1937,d.- Frank Borzage (6 1/2)
Midnight Taxi,1937,d.- Eugene Forde (6 1/2)
San Quentin,1937,d.- Lloyd Bacon (6 1/2)
The Bride Wore Red,1937,d.- Dorothy Arzner (6 1/2)
Rosalie,1937,d.- W. S. Van Dyke (6 1/2)
Hollywood Hotel,1937,d.- Busby Berkeley (6 1/2)
Dark Journey,1937,d.- Victor Saville (6 1/2)
You’re Only Young Once,1937,d.- George B. Seitz (6 1/2)
Quality Street,1937,d.- George Stevens (6 1/2)
Every Day’s a Holiday,1937,d.- A. Edward Sutherland (6 1/2)
Mannequin,1937,d.- Frank Borzage (6 1/2)
Slim,1937,d.- Ray Enright (6 1/2)
Love is News,1937,d.- Tay Garnett (6 1/2)
The Emperor’s Candlesticks,1937,d.- George Fitzmaurice (6 1/2)
"Swing High, Swing Low",1937,d.- Mitchell Leisen (6 1/2)
Confession,1937,d.- Joe May (6 1/2)
This Way Please,1937,d.- Robert Florey (6 1/2)
Green Light,1937,d.- Frank Borzage (6 1/2)
Big Fella,1937,d.- J. Elder Wills (6 1/2)
Something to Sing About,1937,d.- Victor Schertzinger (6 1/2)
Navy Blue and Gold,1937,d.- Sam Wood (6 1/2)
Back in Circulation,1937,d.- Ray Enright (6 1/2)
You Can’t Have Everything,1937,d.- Norman Taurog (6 1/2)
"High, Wide and Handsome",1937,d.- Rouben Mamoulian (6 1/2)
Slave Ship,1937,d.- Tay Garnett (6 1/2)
Valiant Is the Word for Carrie,1937,d.- Wesley Ruggles (6 1/2)
"Ready, Willing and Able",1937,d.- Ray Enright (6 1/2)
Wake Up and Live,1937,d.- Sidney Lanfield (6 1/2)
The Singing Marine,1937,d.- Ray Enright (6 1/2)
Bulldog Drummond’s Revenge,1937,d.- Louis King (6 1/2)
Stand-In,1937,d.- Tay Garnett (6 1/2)
Night Key,1937,d.- Lloyd Corrigan (6 1/2)
You’re a Sweetheart,1937,d.- David Butler (6 1/2)
"Good Morning, Boys",1937,(BR) d.- Marcel Varnel (6 1/2)
True Confession,1937,d.- Wesley Ruggles (6 1/2)
Stolen Holiday,1937,d.- Michael Curtiz (6 1/2)
Fly Away Baby,1937,d.- Frank McDonald (6 1/2)
Thoroughbreds Don’t Cry,1937,d.- Alfred E. Green (6 1/2)
The Man Who Cried Wolf,1937,d.- Lewis R. Foster (6 1/2)
Wise Girl,1937,d.- Leigh Jason (6 1/2)
Personal Property,1937,d.- W. S. Van Dyke (6 1/2)
The Crime Nobody Saw,1937,d.- Charles Barton (6 1/2)
Waikiki Wedding,1937,d.- Frank Tuttle (6 1/2)
It’s All Yours,1937,d.- Elliott Nugent (6 1/2)
When You’re in Love,1937,d.- Robert Riskin (6)
It’s Never Too Late to Mend,1937,(BR) d.- David Macdonald (6)
When Love is Young,1937,d.- Hal Mohr (6)
They Gave Him a Gun,1937,d.- W. S. Van Dyke (6)
Woman Chases Man,1937,d.- John G. Blystone (6)
Parnell,1937,d.- John M. Stahl (6)
Double or Nothing,1937,d.- Theodore Reed (6)
Smart Blonde,1937,d.- Frank McDonald (6)
It Isn’t Done,1937,(AUS) d.- Ken G. Hall (6)
Trouble in Texas,1937,d.- Robert N. Bradbury (6)
The Adventures of Robin Hood,1938,"d.- Michael Curtiz, William Keighley (7)"
You Can't Take It With You,1938,d.- Frank Capra (7)
Bringing Up Baby,1938,d.- Howard Hawks (7)
Jezebel,1938,d.- William Wyler (7)
Holiday,1938,d.- George Cukor (7)
Pygmalion,1938,"(BR) d.- Anthony Asquith, Leslie Howard (7)"
Angels With Dirty Faces,1938,d.- Michael Curtiz (7)
The Citadel,1938,(BR) d.- King Vidor (7)
Boys Town,1938,d.- Norman Taurog (7)
Marie Antoinette,1938,d.- W. S. Van Dyke (7)
The Lady Vanishes,1938,(BR) d.- Alfred Hitchcock (6 1/2)
Four Daughters,1938,d.- Michael Curtiz (6 1/2)
Alexander's Ragtime Band,1938,d.- Henry King (6 1/2)
Algiers,1938,d.- John Cromwell (6 1/2)
Sidewalks of London,1938,(BR) d.- Tim Whelan (6 1/2)
The Dawn Patrol,1938,d.- Edmund Goulding (6 1/2)
Vessel of Wrath,1938,(BR) d.- Erich Pommer (6 1/2)
If I Were King,1938,d.- Frank Lloyd (6 1/2)
Ask a Policeman,1938,(BR) d.- Marcel Vernel (6 1/2)
Block-Heads,1938,d.- John G. Blystone (6 1/2)
Three Comrades,1938,d.- Frank Borzage (6 1/2)
Of Human Hearts,1938,d.- Clarence Brown (6 1/2)
Vivacious Lady,1938,d.- George Stevens (6 1/2)
The Young in Heart,1938,d.- Richard Wallace (6 1/2)
The Great Waltz,1938,d.- Julien Duvivier (6 1/2)
Sweethearts,1938,d.- W. S. Van Dyke (6 1/2)
A Christmas Carol,1938,d.- Edwin L. Marin (6 1/2)
Carefree,1938,d.- Mark Sandrich (6 1/2)
Love Finds Andy Hardy,1938,d.- George B. Seitz (6 1/2)
The Adventures of Tom Sawyer,1938,d.- Norman Taurog (6 1/2)
Boy Meets Girl,1938,d.- Lloyd Bacon (6 1/2)
South Riding,1938,(BR) d.- Victor Saville (6 1/2)
The Adventures of Tom Sawyer,1938,d.- Norman Taurog (6 1/2)
Test Pilot,1938,d.- Victor Fleming (6 1/2)
Topper Takes a Trip,1938,d.- Norman Z. McLeod (6 1/2)
The Sisters,1938,d.- Anatole Litvak (6 1/2)
The Girl of the Golden West,1938,d.- Robert Z. Leonard (6 1/2)
The Crowd Roars,1938,d.- Richard Thorpe (6 1/2)
Rebecca of  Sunnybrook Farm,1938,d.- Allan Dwan (6 1/2)
Mysterious Mr. Moto,1938,d.- Norman Foster (6 1/2)
A Yank at Oxford,1938,(BR) d.- Jack Conway (6 1/2)
Young Dr. Kildare,1938,d.- Harold S. Bucquet (6 1/2)
The Amazing Dr. Clitterhouse,1938,d.- Anatole Litvak (6 1/2)
Mr. Moto Takes a Chance,1938,d.- Norman Foster (6 1/2)
The Shining Hour,1938,d.- Frank Borzage (6 1/2)
A Slight Case of Murder,1938,d.- Lloyd Bacon (6 1/2)
Suez,1938,d.- Allan Dwan (6 1/2)
Shopworn Angel,1938,d.- H.C. Potter (6 1/2)
Room Service,1938,d.- William A. Seiter (6 1/2)
Blondie,1938,d.- Frank R. Strayer (6 1/2)
The Buccaneer,1938,d.- Cecil B. DeMille (6 1/2)
The Divorce of Lady X,1938,(BR) d.- Tim Whelan (6 1/2)
The Cowboy and the Lady,1938,d.- H.C. Potter (6 1/2)
Joy of Living,1938,d.- Tay Garnett (6 1/2)
You and Me,1938,d.- Fritz Lang (6 1/2)
There’s Always a Woman,1938,d.- Alexander Hall (6 1/2)
White Banners,1938,d.- Edmund Goulding (6 1/2)
The Adventures of Marco Polo,1938,d.- Archie Mayo (6 1/2)
The Drum,1938,(BR) d.- Zoltan Korda (6 1/2)
Spawn of the North,1938,d.- Henry Hathaway (6 1/2)
A Man to Remember,1938,d.- Garson Kanin (6 1/2)
Too Hot to Handle,1938,d.- Jack Conway (6 1/2)
Bluebeard’s Eighth Wife,1938,d.- Ernst Lubitsch (6 1/2)
Trade Winds,1938,d.- Tay Garnett (6 1/2)
The Big Broadcast of 1938,1938,d.- Mitchell Leisen (6 1/2)
Sixty Glorious Years,1938,(BR) d.- Herbert Wilcox (6 1/2)
Brother Rat,1938,d.- William Keighley (6 1/2)
The Gaunt Stranger,1938,(BR) d.- Walter Forde (6 1/2)
Nancy Drew -- Detective,1938,d.- William Clemens (6 1/2)
Always Goodbye,1938,d.- Sidney Lanfield (6 1/2)
Mad About Music,1938,d.- Norman Taurog (6 1/2)
A Man to Remember,1938,d.- Garson Kanin (6 1/2)
Yellow Jack,1938,d.- George B. Seitz (6 1/2)
Mr. Moto Takes a Chance,1938,d.- Norman Foster (6 1/2)
Mr. Moto’s Gamble,1938,d.- James Tinling (6 1/2)
The Goldwyn Follies,1938,d.- George Marshall (6 1/2)
Kentucky,1938,d.- David Butler (6 1/2)
Kidnapped,1938,"d.- Otto Preminger, Alfred L. Werker (6 1/2)"
I Am the Law,1938,d.- Alexander Hall (6 1/2)
Charlie Chan in Honolulu,1938,d.- H. Bruce Humberstone (6 1/2)
Bank Holiday,1938,(BR) d.- Carol Reed (6 1/2)
Three Loves Has Nancy,1938,d.- Richard Thorpe (6 1/2)
My Bill,1938,d.- John Farrow (6 1/2)
Just Around the Corner,1938,d.- Irving Cummings (6 1/2)
The Mad Miss Manton,1938,d.- Leigh Jason (6 1/2)
Blondes at Work,1938,d.- Frank McDonald (6 1/2)
The Saint in New York,1938,d.- Ben Holmes (6 1/2)
Garden of the Moon,1938,d.- Busby Berkeley (6 1/2)
Women Are Like That,1938,d.- Stanley Logan (6 1/2)
Gold Diggers in Paris,1938,d.- Ray Enright (6 1/2)
Three Blind Mice,1938,d.- William A. Seiter (6 1/2)
Four’s a Crowd,1938,d.- Michael Curtiz (6 1/2)
Lord Jeff,1938,d.- Sam Wood (6 1/2)
The Toy Wife,1938,d.- Richard Thorpe (6 1/2)
5th Avenue Girl,1938,d.- Gregory La Cava (6 1/2)
There Goes My Heart,1938,d.- Norman Z. McLeod (6 1/2)
Little Miss Broadway,1938,d.- Irving Cummings (6 1/2)
"Mr. Wong, Detective",1938,d.- William Nigh (6 1/2)
Old Bones of the River,1938,(BR) d.- Marcel Varnel (6 1/2)
Blondie Brings Up Baby,1938,d.- Frank R. Strayer (6 1/2)
Young Fugitives,1938,d.- John Rawlins (6 1/2)
Secrets of an Actress,1938,d.- William Keighley (6 1/2)
Love is a Headache,1938,d.- Richard Thorpe (6 1/2)
Torchy Gets Her Man,1938,d.- William Beaudine (6 1/2)
Bulldog Drummond’s Peril,1938,d.- James P. Hogan (6 1/2)
Battle of Broadway,1938,d.- George Marshall (6 1/2)
Crackerjack,1938,(BR) d.- Albert de Courville (6 1/2)
Paradise for Three,1938,d.- Edward Buzzell (6 1/2)
Hard to Get,1938,d.- Ray Enright (6 1/2)
Arsene Lupine Returns,1938,d.- George Fitzmaurice (6 1/2)
Prison Break,1938,d.- Arthur Lubin (6 1/2)
Give Me a Sailor,1938,d.- Elliott Nugent (6 1/2)
Professor Beware,1938,d.- Elliott Nugent (6 1/2)
Man-Proof,1938,d.- Richard Thorpe (6 1/2)
The Rage of Paris,1938,d.- Henry Koster (6 1/2)
Next Time I Marry,1938,d.- Garson Kanin (6 1/2)
Women Are Like That,1938,d.- Stanley Logan (6 1/2)
Hold That Kiss,1938,d.- Edwin L. Marin (6 1/2)
Fools for Scandal,1938,"d.- Mervyn LeRoy, Bobby Connolly (6 1/2)"
The Terror of Tiny Town,1938,d.- Sam Newfield (6 1/2)
Hold That Co-ed,1938,d.- George Marshall (6 1/2)
Hold That Kiss,1938,d.- Edwin L. Marin (6 1/2)
Going Places,1938,d.- Ray Enright (6 1/2)
Blond Cheat,1938,d.- Joseph Santley (6 1/2)
Radio City Revels,1938,d.- Benjamin Stoloff (6 1/2)
The Lady in the Morgue,1938,d.- Otis Garrett (6)
Fast Company,1938,d.- Edward Buzzell (6)
Dad and Dave Come to Town,1938,(AUS) d.- Ken G. Hall (6)
That Certain Age,1938,d.- Edward Ludwig (6)
Having Wonderful Time,1938,d.- Alfred Santell (6)
Merrily We Live,1938,d.- Norman Z. McLeod (6)
College Swing,1938,d.- Raoul Walsh (6)
Sky Giant,1938,d.- Lew Landers (6)
Start Cheering,1938,d.- Albert S. Rogell (6)
Crime School,1938,d.- Lewis Seiler (6)
Up the River,1938,d.- Alfred L. Werker (6)
Going Places,1938,d.- Ray Enright (6)
Convict 99,1938,(BR) d.- Marcel Varnel (6)
Night Spot,1938,d.- Christy Cabanne (6)
The Patient in Room 18,1938,"d.- Bobby Connolly, Crane Wilbur (5 1/2)"
The Wizard of Oz,1939,d.- Victor Fleming (7)
Gone With The Wind,1939,d.- Victor Fleming (7)
Mr. Smith Goes to Washington,1939,d.- Frank Capra (7)
Wuthering Heights,1939,d.- William Wyler (7)
Ninotchka,1939,d.- Ernst Lubitsch (7)
Midnight,1939,d.- Mitchell Leisen (7)
The Hunchback of Notre Dame,1939,d.- William Dieterle (7)
The Women,1939,d.- George Cukor (7)
The Four Feathers,1939,(BR) d.- Zoltan Korda (7)
Stagecoach,1939,d.- John Ford (7)
Good-Bye Mr. Chips,1939,(BR) d.- Sam Wood (7)
Destry Rides Again,1939,d.- George Marshall (7)
Gunga Din,1939,d.- George Stevens (7)
Only Angels Have Wings,1939,d.- Howard Hawks (7)
Beau Geste,1939,d.- William A. Wellman (7)
Dark Victory,1939,d.- Edmund Goulding (7)
The Roaring Twenties,1939,d.- Raoul Walsh (7)
Of Mice and Men,1939,d.- Lewis Milestone (7)
The Hound of the Baskervilles,1939,d.- Sidney Lanfield (7)
The Adventures of Sherlock Holmes,1939,d.- Alfred L. Werker (7)
Love Affair,1939,d.- Leo McCarey (6 1/2)
Young Mr. Lincoln,1939,d.- John Ford (6 1/2)
Drums Along the Mohawk,1939,d.- John Ford (6 1/2)
Jesse James,1939,d.- Henry King (6 1/2)
The Little Princess,1939,d.- Walter Lang (6 1/2)
Babes In Arms,1939,d.- Busby Berkeley (6 1/2)
The Private Lives of Elizabeth and Essex,1939,d.- Michael Curtiz (6 1/2)
Bachelor Mother,1939,d.- Garson Kanin (6 1/2)
Dodge City,1939,d.- Michael Curtiz (6 1/2)
The Old Maid,1939,d.- Edmund Goulding (6 1/2)
On Borrowed Time,1939,d.- Harold S. Bucquet (6 1/2)
It's A Wonderful World,1939,d.- W. S. Van Dyke (6 1/2)
The Story of Alexander Graham Bell,1939,d.- Irving Cummings (6 1/2)
Another Thin Man,1939,d.- W. S. Van Dyke (6 1/2)
Intermezzo: A Love Story,1939,d.- Gregory Ratoff (6 1/2)
Son of Frankenstein,1939,d.- Rowland V. Lee (6 1/2)
You Can’t Cheat an Honest Man,1939,d.- George Marshall (6 1/2)
First Love,1939,d.- Henry Koster (6 1/2)
Tarzan Finds a Son!,1939,d.- Richard Thorpe (6 1/2)
Stanley and Livingstone,1939,d.- Henry King (6 1/2)
Charlie Chan at Treasure Island,1939,d.- Norman Foster (6 1/2)
The Man in the Iron Mask,1939,d.- James Whale (6 1/2)
The Adventures of Huckleberry Finn,1939,d.- Richard Thorpe (6 1/2)
Union Pacific,1939,d.- Cecil B. DeMille (6 1/2)
Mr. Moto's Last Warning,1939,d.- Norman Foster (6 1/2)
Each Dawn I Die,1939,d.- William Keighley (6 1/2)
Golden Boy,1939,d.- Rouben Mamoulian (6 1/2)
Five Came Back,1939,d.- John Farrow (6 1/2)
They Made Me a Criminal,1939,d.- Busby Berkeley (6 1/2)
The Golden Boy,1939,d.- Rouben Mamoulian (6 1/2)
Three Smart Girls Grow Up,1939,d.- Henry Koster (6 1/2)
The Rains Came,1939,d.- Clarence Brown (6 1/2)
The Flying Deuces,1939,d.- A. Edward Sutherland (6 1/2)
The Light that Failed,1939,d.- William A. Wellman (6 1/2)
The Real Glory,1939,d.- Henry Hathaway (6 1/2)
The Great Man Votes,1939,d.- Garson Kanin (6 1/2)
Tower of London,1939,d.- Rowland V. Lee (6 1/2)
Daughters Courageous,1939,d.- Michael Curtiz (6 1/2)
Confessions of a Nazi Spy,1939,d.- Anatole Litvak (6 1/2)
Juarez,1939,d.- William Dieterle (6 1/2)
The Oklahoma Kid,1939,d.- Lloyd Bacon (6 1/2)
Susannah of the Mounties,1939,"d.- Walter Lang, William A. Seiter (6 1/2)"
Judge Hardy and Son,1939,d.- George B. Seitz (6 1/2)
The Saint Strikes Back,1939,d.- John Farrow (6 1/2)
In Name Only,1939,d.- John Cromwell (6 1/2)
The Story of Vernon and Irene Castle,1939,d.- H. C. Potter (6 1/2)
Calling Dr. Kildare,1939,d.- Harold S. Bucquet (6 1/2)
Made for Each Other,1939,d.- John Cromwell (6 1/2)
Charlie Chan in Reno,1939,d.- Norman Foster (6 1/2)
Four Wives,1939,d.- Michael Curtiz (6 1/2)
Mr. Moto Takes a Vacation,1939,d.- Norman Foster (6 1/2)
Idiot’s Delight,1939,d.- Clarence Brown (6 1/2)
Stand Up and Fight,1939,d.- W. S. Van Dyke (6 1/2)
Raffles,1939,d.- Sam Wood (6 1/2)
The Secret of Dr. Kildare,1939,d.- Harold S. Bucquet (6 1/2)
The Spy In Black,1939,(BR) d.- Michael Powell (6 1/2)
Maisie,1939,d.- Edwin L. Marin (6 1/2)
The Mikado,1939,(BR) d.- Victor Schertzinger (6 1/2)
Q Planes,1939,"(BR) d.- Tim Whelan, Arthur B. Woods (6 1/2)"
At the Circus,1939,d.- Edward Buzzell (6 1/2)
Eternally Yours,1939,d.- Tay Garnett (6 1/2)
Invisible Stripes,1939,d.- Lloyd Bacon (6 1/2)
Andy Hardy Gets Spring Fever,1939,d.- W. S. Van Dyke ( 1/2)
Nancy Drew… Trouble Shooter,1939,d.- William Clemens (6 1/2)
Second Fiddle,1939,d.- Sidney Lanfield (6 1/2)
Sergeant Madden,1939,d.- Josef von Sternberg (6 1/2)
Broadway Serenade,1939,d. Robert Z. Leonard (6 1/2)
Nancy Drew…Reporter,1939,d.- William Clemens (6 1/2)
Balalaika,1939,d.- Reinhold Schunzel (6 1/2)
The Lone Wolf  Spy Hunt,1939,d.- Peter Godfrey (6 1/2)
Jamaica Inn,1939,(BR) d.- Alfred Hitchcock (6 1/2)
The Face at the Window,1939,(BR) d.- George King (6 1/2)
Remember?,1939,d.- Norman McLeod (6 1/2)
Swanee River,1939,d.- Sidney Lanfield (6 1/2)
We Are Not Alone,1939,d.- Edmund Goulding (6 1/2)
Fast and Loose,1939,d.- Edwin L. Marin (6 1/2)
Blondie Takes a Vacation,1939,d.- Frank R. Strayer (6 1/2)
Lady of the Tropics,1939,d.- Jack Conway (6 1/2)
"Wife, Husband and Friend",1939,d.- Gregory Ratoff ( 6 1/2)
Nurse Edith Cavell,1939,(BR) d.- Herbert Wilcox (6 1/2)
Nancy Drew and the Hidden Staircase,1939,d.- William Clemens (6 1/2)
When Tomorrow Comes,1939,d.- John M. Stahl (6 1/2)
They Shall Have Music,1939,d.- Archie Mayo (6 1/2)
Never Say Die,1939,d.- Elliott Nugent (6 1/2)
Bulldog Drummond’s Bride,1939,d.- James P. Hogan (6 1/2)
Blondie Meets the Boss,1939,d.- Frank R. Strayer (6 1/2)
Lucky Night,1939,d.- Norman Taurog (6 1/2)
Zaza,1939,d.- George Cukor (6 1/2)
South of the Border,1939,d.- George Sherman (6 1/2)
A Girl Must Live,1939,(BR) d.- Carol Reed (6 1/2)
Allegheny Uprising,1939,d.- William A. Seiter (6 1/2)
The Ice Follies of 1939,1939,d.- Reinhold Schunzel (6 1/2)
The Three Musketeers,1939,d.- Allan Dwan (6 1/2)
Devil’s Island,1939,d.- William Clemens (6 1/2)
Honeymoon in Bali,1939,d.- Edward H. Griffith (6 1/2)
Disputed Passage,1939,d.- Frank Borzage (6 1/2)
The House of Fear,1939,d.- Joe May (6 1/2)
Zenobia,1939,d.- Gordon Douglas (6 1/2)
East Side of Heaven,1939,d.- David Butler (6 1/2)
Dust Be My Destiny,1939,d.- Lewis Seiler (6 1/2)
Stronger Than Desire,1939,d.- Leslie Fenton (6 1/2)
The Great Victor Herbert,1939,d.- Andrew L. Stone (6 1/2)
Mr. Moto in Danger Island,1939,d.- Herbert I. Leeds (6 1/2)
Blackwell’s Island,1939,d.- William McGann (6 1/2)
The Man They Could Not Hang,1939,d.- Nick Grinde (6 1/2)
Invitation to Happiness,1939,d.- Wesley Ruggles (6 1/2)
Man of Conquest,1939,"d.- George Nichols, Jr. (6 1/2)"
Hell’s Kitchen,1939,"d.- Ewald Andre Dupont, Lewis Seiler (6 1/2)"
The Mystery of Mr. Wong,1939,d.- William Nigh (6 1/2)
Bridal Suite,1939,d.- William Thiele (6 1/2)
Way Down South,1939,d.- Bernard Vorhaus (6)
Dust Be My Destiny,1939,d.- Lewis Seiler (6)
The Return of Dr. X,1939,d.- Vincent Sherman (6)
Honolulu,1939,d.- Edward Buzzell (6)
King of the Underworld,1939,d.- Lewis Seiler (6)
Blind Alley,1939,d.- Charles Vidor (6)
King of Chinatown,1939,d.- Nick Grinde (6)
Blackmail,1939,d.- H. C. Potter (6)
Man of Conquest,1939,"d.- George Nichols, Jr. (6)"
King of the Underworld,1939,d.- Lewis Seiler (6)
Sons of the Sea,1939,(BR) d.- Maurice Elvey (6)
The Frozen Limits,1939,(BR) d.- Marcel Varnel (6)
The Grapes of Wrath,1940,d.- John Ford (7)
Rebecca,1940,d.- Alfred Hitchcock (7)
His Girl Friday,1940,d.- Howard Hawks (7)
The Philadelphia Story,1940,d.- George Cukor (7)
The Great Dictator,1940,d.- Charles Chaplin (7)
The Mark of  Zorro,1940,d.- Rouben Mamoulian (7)
The Bank Dick,1940,d.- Edward F. Kline (7)
The Sea Hawk,1940,d.- Michael Curtiz (7)
The Shop Around The Corner,1940,d.- Ernst Lubitsch (7)
The Letter,1940,d.- William Wyler (7)
Pride and Prejudice,1940,d.- Robert Z. Leonard (7)
Abe Lincoln in Illinois,1940,d.- John Cromwell (7)
The Thief of Bagdad,1940,"d.- Ludwig Berger, Tim Whelan, Michael Powell (7)"
Waterloo Bridge,1940,d.- Mervyn LeRoy (7)
The Mortal Storm,1940,d.- Frank Borzage (6 1/2)
The Westerner,1940,d.- William Wyler (6 1/2)
Foreign Correspondent,1940,d.- Alfred Hitchcock (6 1/2)
Night Train to Munich,1940,(BR) d.- Carol Reed (6 1/2)
The Long Voyage Home,1940,d.- John Ford (6 1/2)
All This and Heaven Too,1940,d.- Anatole Litvak (6 1/2)
Our Town,1940,d.- Sam Wood (6 1/2)
Kitty Foyle: The Natural History of a Woman,1940,d.- Sam Wood (6 1/2)
The Great McGinty,1940,d.- Preston Sturges (6 1/2)
They Drive by Night,1940,d.- Raoul Walsh (6 1/2)
Broadway Melody of 1940,1940,d.- Norman Taurog (6 1/2)
Escape,1940,d.- Mervyn LeRoy (6 1/2)
Christmas in July,1940,d.- Preston Sturges (6 1/2)
My Favorite Wife,1940,d.- Garson Kanin (6 1/2)
Gaslight,1940,(BR) d.- Thorold Dickinson (6 1/2)
City for Conquest,1940,d.- Anatole Litvak (6 1/2)
"Edison, the Man",1940,d.- Clarence Brown (6 1/2)
On the Night of the Fire,1940,(BR) d.- Brian Desmond Hurst (6 1/2)
When the Daltons Rode,1940,d.- George Marshall (6 1/2)
The Ghost Breakers,1940,d.- George Marshall (6 1/2)
Young Tom Edison,1940,d.- Norman Taurog (6 1/2)
Dr. Ehrlich’s Magic Bullet,1940,d.- William Dieterle (6 1/2)
New Moon,1940,d.- Robert Z. Leonard (6 1/2)
"Arise, My Love",1940,d.- Mitchell Leisen (6 1/2)
The Biscuit Eater,1940,d.- Stuart Heisler (6 1/2)
The Cat and the Canary,1940,d.- Elliott Nugent (6 1/2)
Tin Pan Alley,1940,d.- Walter Lang (6 1/2)
The Northwest Passage,1940,d.- King Vidor (6 1/2)
Irene,1940,d.- Herbert Wilcox (6 1/2)
The Return of Frank James,1940,d.- Fritz Lang (6 1/2)
I Love You Again,1940,d.- W. S. Van Dyke (6 1/2)
Road to Singapore,1940,d.- Victor Schertzinger (6 1/2)
Strange Cargo,1940,d.- Frank Borzage (6 1/2)
"Dance, Girl, Dance",1940,d.- Dorothy Arzner (6 1/2)
The Fighting 69th,1940,d.- William Keighley (6 1/2)
Crimes at the Dark House,1940,(BR) d.- George King (6 1/2)
Charlie Chan at the Wax Museum,1940,d.- Lynn Shores (6 1/2)
Boom Town,1940,d.- Jack Conway (6 1/2)
A Dispatch from Reuters,1940,d.- William Dieterle (6 1/2)
Strike Up the Band,1940,d.- Busby Berkeley (6 1/2)
Knute Rockne All American,1940,d.- Lloyd Bacon (6 1/2)
The House of the Seven Gables,1940,d.- Joe May (6 1/2)
‘Til We Meet Again,1940,d.- Edmund Goulding (6 1/2)
Primrose Path,1940,d.- Gregory La Cava (6 1/2)
Stranger on the Third Floor,1940,d.- Boris Ingster (6 1/2)
Melody Ranch,1940,d.- Joseph Santley (6 1/2)
Virginia City,1940,d.- Michael Curtiz (6 1/2)
Castle on the Hudson,1940,d.- Anatole Litvak (6 1/2)
Andy Hardy Meets Debutante,1940,d.- George B. Seitz (6 1/2)
The House of the Seven Gables,1940,d.- Joe May (6 1/2)
Where’s That Fire?,1940,(BR) d.- Marcel Varnel (6 1/2)
Torrid Zone,1940,d.- William Keighley (6 1/2)
Busman’s Honeymoon,1940,(BR) d.- Arthur B. Woods (6 1/2)
Brother Orchid,1940,d.- Lloyd Bacon (6 1/2)
Charlie Chan’s Murder Cruise,1940,d.- Eugene Forde (6 1/2)
Home in Indiana,1940,d.- Henry Hathaway (6 1/2)
Dr. Kildare’s Strange Case,1940,d.- Harold S. Bucquet (6 1/2)
Comrade X,1940,d.- King Vidor (6 1/2)
They Knew What They Wanted,1940,d.- Garson Kanin (6 1/2)
The Son of Monte Cristo,1940,d.- Rowland V. Lee (6 1/2)
My Little Chickadee,1940,d.- Edward F. Cline (6 1/2)
Contraband,1940,(BR) d.- Michael Powell (6 1/2)
Bitter Sweet,1940,d.- W. S. Van Dyke (6 1/2)
The Invisible Man Returns,1940,d.- Joe May (6 1/2)
Charlie Chan in Panama,1940,d.- Norman Foster (6 1/2)
One Night in the Tropics,1940,d.- A. Edward Sutherland (6 1/2)
Susan and God,1940,d.- George Cukor (6 1/2)
The Santa Fe Trail,1940,d.- Michael Curtiz (6 1/2)
North West Mounted Police,1940,d.- Cecil B. DeMille (6 1/2)
21 Days,1940,(BR) d.- Basil Dean (6 1/2)
Dr. Cyclops,1940,d.- Ernest B. Schoedsack (6 1/2)
Star Dust,1940,d.- Walter Lang (6 1/2)
Go West,1940,d.- Edward Buzzell (6 1/2)
Brigham Young,1940,d.- Henry Hathaway (6 1/2)
Down Argentine Way,1940,d.- Irving Cummings (6 1/2)
The Way of all Flesh,1940,d.- Louis King (6 1/2)
Dr. Kildare’s Strange Case,1940,d.- Harold S. Bucquet (6 1/2)
The Doctor Takes a Wife,1940,d.- Alexander Hall (6 1/2)
The Mummy’s Hand,1940,d.- Christy Cabanne (6 1/2)
Angels Over Broadway,1940,"d.- Ben Hecht, Lee Garmes (6 1/2)"
Johnny Apollo,1940,d.- Henry Hathaway (6 1/2)
Little Men,1940,d.- Norman Z. McLeod (6 1/2)
Arizona,1940,d.- Wesley Ruggles (6 1/2)
Beyond Tomorrow,1940,d.- A. Edward Sutherland (6 1/2)
I Was an Adventuress,1940,d.- Gregory Ratoff (6 1/2)
The Proud Valley,1940,d.- Pen Tennyson (6 1/2)
Rhythm on the River,1940,d.- Victor Schertzinger (6 1/2)
Too Many Husbands,1940,d.- Wesley Ruggles (6 1/2)
Saps at Sea,1940,d.- Gordon Douglas (6 1/2)
Congo Maisie,1940,d.- H.C. Potter (6 1/2)
Lillian Russell,1940,d.- Irving Cummings (6 1/2)
The Invisible Woman,1940,d.- A. Edward Sutherland (6 1/2)
The Great Profile,1940,d.- Walter Lang (6 1/2)
It’s a Date,1940,d.- William A. Seiter (6 1/2)
Seven Sinners,1940,d.- Tay Garnett (6 1/2)
Three Cheers for the Irish,1940,d.- Lloyd Bacon (6 1/2)
You’ll Find Out,1940,d.- David Butler (6 1/2)
Hired Wife,1940,d.- William A. Seiter (6 1/2)
The Saint Takes Over,1940,d.- Jack Hively (6 1/2)
I Take This Woman,1940,d.- W. S. Van Dyke (6 1/2)
Flowing Gold,1940,d.- Alfred E. Green (6 1/2)
Green Hell,1940,d.- James Whale (6 1/2)
The Man Who Haunted Himself,1940,(BR) d.- Basil Dearden (6 1/2)
The Blue Bird,1940,d.- Walter Lang (6 1/2)
Murder Over New York,1940,d.- Harry Lachman (6 1/2)
20 Mule Team,1940,d.- Richard Thorpe (6 1/2)
Vigil In the Night,1940,d.- George Stevens (6 1/2)
Green Hell,1940,d.- James Whale (6 1/2)
Lady With Red Hair,1940,d.- Curtis Bernhardt (6 1/2)
Too Many Girls,1940,d.- George Abbott (6 1/2)
The Earl of Chicago,1940,d.- Richard Thorpe (6 1/2)
Chad Hanna,1940,d.- Henry King (6 1/2)
Pride of the Bowery,1940,d.- Joseph H. Lewis (6 1/2)
It All Came True,1940,d.- Lewis Seiler (6 1/2)
Brother Rat and a Baby,1940,d.- Ray Enright (6 1/2)
One Million B.C.,1940,"d.- Hal Roach, Hal Roach Jr. (6 1/2)"
Music in My Heart,1940,d.- Joseph Santley  (6 1/2)
A Chump at Oxford,1940,d.- Alfred J. Goulding (6)
The Dark Command,1940,d.- Raoul Walsh (6 1/2)
East Side Kids,1940,d.- Robert F. Hill (6 1/2)
Lucky Partners,1940,d.- Lewis Milestone (6 1/2)
Tom Brown’s School Days,1940,d.- Robert Stevenson (6 1/2)
No Time for Comedy,1940,d.- William Keighley (6 1/2)
"Third Finger, Left Hand",1940,d.- Robert Z. Leonard (6 1/2)
The Lady in Question,1940,d.- Charles Vidor (6 1/2)
Three Men From Texas,1940,d.- Lesley Selander (6 1/2)
That Gang of Mine,1940,d.- Joseph H. Lewis (6 1/2)
Charley’s (Big-Hearted) Aunt,1940,(BR) d.- Walter Forde (6 1/2)
One Million B.C.,1940,"d.- Hal Roach, Hal Roach Jr. (6 1/2)"
The Devil Bat,1940,d.- Jean Yarbrough (6 1/2)
Girls of the Road,1940,d.- Nick Grinde (6 1/2)
British Intelligence,1940,d.- Terry O. Morse (6 1/2)
Before I Hang,1940,d.- Nick Grinde (6 1/2)
Slightly Honorable,1940,d.- Tay Garnett (6  1/2)
Swiss Family Robinson,1940,d.- Edward Ludwig (6 1/2)
Kit Carson,1940,d.- George B. Seitz (6 1/2)
"Dad Rudd, M. P.",1940,(AUS) d.- Ken G. Hall (6 1/2)
Young People,1940,d.- Allan Dwan (6 1/2)
Michael Shayne: Private Detective,1940,d.- Eugene Forde (6)
Flight Angels,1940,d.- Lewis Seiler (6)
The Carson City Kid,1940,d.- Joseph Kane (6)
Nine Lives Are Not Enough,1940,d.- A. Edward Sutherland (6)
Island of Doomed Men,1940,d.- Charles Barton (6)
Phantom of Chinatown,1940,d.- Phil Rosen (6)
Triple Justice,1940,d.- David Howard (6)
The Man With Nine Lives,1940,d.- Nick Grinde (6)
Three Faces West,1940,d.- Bernard Vorhaus (6)
Wagon Train,1940,d.- Edward Killy (6)
Curtain Call,1940,d.- Frank Woodruff (6)
Men with Steel Faces,1940,"d.- Otto Brower, B. Reeves Eason (5 1/2)"
Citizen Kane,1941,d.- Orson Welles (7)
How Green Was My Valley,1941,d.- John Ford (7)
The Maltese Falcon,1941,d.- John Huston (7)
Sullivan's Travels,1941,d.- Preston Sturges (7)
The Lady Eve,1941,d.- Preston Sturges (7)
Here Comes Mr. Jordan,1941,d.- Alexander Hall (7)
The Devil and Miss Jones,1941,d.- Sam Wood (7)
Sergeant York,1941,d.- Howard Hawks (7)
The Little Foxes,1941,d.- William Wyler (7)
Meet John Doe,1941,d.- Frank Capra (7)
The Man Who Came to Dinner,1941,d.- William Keighley (7)
The Sea Wolf,1941,d.- Michael Curtiz (7)
Ball of Fire,1941,d.- Howard Hawks (7)
The Stars Look Down,1941,(BR) d.- Carol Reed (7)
Never Give a Sucker an Even Break,1941,d.- Edward F. Cline (6 1/2)
The Devil and Daniel Webster,1941,d.- William Dieterle (6 1/2)
Blood and Sand,1941,d.- Rouben Mamoulian (6 1/2)
The Wolf Man,1941,d.- George Waggner (6 1/2)
Major Barbara,1941,(BR) d.- Gabriel Pascal (6 1/2)
Forty-Ninth Parallel,1941,(BR) d.- Michael Powell (6 1/2)
They Died With Their Boots On,1941,d.- Raoul Walsh (6 1/2)
Hold Back the Dawn,1941,d.- Mitchell Leisen (6 1/2)
The Great Lie,1941,d.- Edmund Goulding (6 1/2)
That Hamilton Woman,1941,d.- Alexander Korda (6 1/2)
High Sierra,1941,d.- Raoul Walsh (6 1/2)
Suspicion,1941,d.- Alfred Hitchcock (6 1/2)
Blossoms in the Dust,1941,d.- Mervyn LeRoy (6 1/2)
Love Crazy,1941,d.- Jack Conway (6 1/2)
Road to Zanzibar,1941,d.- Victor Schertzinger (6 1/2)
Buck Privates,1941,d.- Arthur Lubin (6 1/2)
Dr. Jekyll and Mr. Hyde,1941,d.- Victor Fleming (6 1/2)
One Foot in Heaven,1941,d.- Irving Rapper (6 1/2)
Man Hunt,1941,d.- Fritz Lang (6 1/2)
Hold That Ghost,1941,d.- Arthur Lubin (6 1/2)
Hellzapoppin,1941,d.- H.C. Potter (6 1/2)
The Shanghai Gesture,1941,d.- Josef von Sternberg (6 1/2)
Penny Serenade,1941,d.- George Stevens (6 1/2)
Western Union,1941,d.- Fritz Lang (6 1/2)
The Feminine Touch,1941,d.- W. S. Van Dyke (6 1/2)
Topper Returns,1941,d.- Roy Del Ruth (6 1/2)
The Strawberry Blonde,1941,d.- Raoul Walsh (6 1/2)
Out of the Fog,1941,d.- Anatole Litvak (6 1/2)
A Woman's Face,1941,d.- George Cukor (6 1/2)
Moon Over Miami,1941,d.- Walter Lang (6 1/2)
Dangerous Moonlight,1941,(BR) d.- Brian Desmond-Hurst (6 1/2)
Skylark,1941,d.- Mark Sandrich (6 1/2)
The Face Behind the Mask,1941,d.- Robert Florey (6 1/2)
That Uncertain Feeling,1941,d.- Ernst Lubitsch (6 1/2)
Babes on Broadway,1941,d.- Busby Berkeley (6 1/2)
I Wake Up Screaming,1941,d.- H. Bruce Humberstone (6 1/2)
"H.M. Pulham, Esq.",1941,d.- King Vidor (6 1/2)
In the Navy,1941,d.- Arthur Lubin (6 1/2)
Son of Fury: The Story of Benjamin Blake,1941,d.- John Cromwell (6 1/2)
All Through the Night,1941,d.- Vincent Sherman (6 1/2)
It Started with Eve,1941,d.- Henry Koster (6 1/2)
Sundown,1941,d.- Henry Hathaway (6 1/2)
All Through the Night,1941,d.- Vincent Sherman (6 1/2)
Back Street,1941,d.- Robert Stevenson (6 1/2)
‘Pimpernel’ Smith,1941,(BR) d.- Leslie Howard (6 1/2)
Sun Valley Serenade,1941,d.- H. Bruce Humberstone (6 1/2)
Two-Faced Woman,1941,d.- George Cukor (6 1/2)
Tarzan’s Secret Treasure,1941,d.- Richard Thorpe (6 1/2)
Shining Victory,1941,d.- Irving Rapper (6 1/2)
A Yank in the R.A.F.,1941,d.- Henry King (6 1/2)
Men of Boys Town,1941,d.- Norman Taurog (6 1/2)
So Ends Our Night,1941,d.- John Cromwell (6 1/2)
The Ghost Train,1941,(BR) d.- Walter Forde (6 1/2)
Honky Tonk,1941,d.- Jack Conway (6 1/2)
Ladies in Retirement,1941,d.- Charles Vidor (6 1/2)
Shadow of the Thin Man,1941,d.- W. S. Van Dyke (6 1/2)
The Flame of New Orleans,1941,d.- Rene Clair (6 1/2)
That Night In Rio,1941,d.- Irving Cummings (6 1/2)
Birth of the Blues,1941,d.- Victor Schertzinger (6 1/2)
Mr. And Mrs. Smith,1941,d.- Alfred Hitchcock (6 1/2)
Life Begins for Andy Hardy,1941,d.- George B. Seitz (6 1/2)
Swamp Water,1941,d.- Jean Renoir (6 1/2)
Kipps,1941,(BR) d.- Carol Reed (6 1/2)
Whistling in the Dark,1941,d.- S. Sylvan Simon (6 1/2)
The Wagons Roll at Night,1941,d.- Ray Enright (6 1/2)
The Big Store,1941,d.- Charles Reisner (6 1/2)
Dr. Kildare’s Wedding Day,1941,d.- Harold S. Bucquet (6 1/2)
Cottage to Let,1941,(BR) d.- Anthony Asquith (6 1/2)
"Tom, Dick and Harry",1941,d.- Garson Kanin (6 1/2)
They Met In Bombay,1941,d.- Clarence Brown (6 1/2)
Remember the Day,1941,d.- Henry King (6 1/2)
Man Made Monster,1941,d.- George Waggner (6 1/2)
Smilin’ Through,1941,d.- Frank Borzage (6 1/2)
Adam Had Four Sons,1941,d.- Gregory Ratoff (6 1/2)
"40,000 Horsemen",1941,(AUS) d.- Charles Chauvel (6 1/2)
The Ghost of St. Michael’s,1941,(BR) d.- Marcel Varnel (6 1/2)
Footsteps in the Dark,1941,d.- Lloyd Bacon (6 1/2)
I Thank You,1941,(BR) d.- Marcel Varnel (6 1/2)
Father Takes a Wife,1941,d.- Jack Hively (6 1/2)
Blues in the Night,1941,d.- Anatole Litvak (6 1/2)
Ziegfeld Girl,1941,"d.- Robert Z. Leonard, Busby Berkeley (6 1/2)"
Texas,1941,d.- George Marshall (6 1/2)
When Ladies Meet,1941,d.- Robert Z. Leonard (6 1/2)
Maisie Was a Lady,1941,d.- Edwin L. Marin (6 1/2)
Among the Living,1941,d.- Stuart Heisler (6 1/2)
The Miracle Kid,1941,d.- Ray Enright (6 1/2)
Affectionately Yours,1941,d.- Lloyd Bacon (6 1/2)
The Bride Came C.O.D.,1941,d.- William Keighley (6 1/2)
The Chocolate Soldier,1941,d.- Roy Del Ruth (6 1/2)
Meet Boston Blackie,1941,d.- Robert Florey (6 1/2)
Confessions of Boston Blackie,1941,d.- Edward Dmytryk (6 1/2)
"Tall, Dark and Handsome",1941,d.- H. Bruce Humberstone (6 1/2)
The People vs. Dr. Kildare,1941,d.- Harold S. Bucquet (6 1/2)
Dressed to Kill,1941,d.- Eugene Forde (6 1/2)
The Shepherd of the Hills,1941,d.- Henry Hathaway (6 1/2)
Honeymoon for Three,1941,d.- Lloyd Bacon (6 1/2)
Sleepers West,1941,d.- Eugene Forde (6 1/2)
Atlantic Ferry,1941,d.-  Walter Forde (6 1/2)
Ringside Maisie,1941,d.- Edwin L. Marin (6 1/2)
Appointment for Love,1941,d.- William A. Seiter (6 1/2)
‘The Smiling Ghost’,1941,d.- Lewis Seiler (6 1/2)
Cheers for Miss Bishop,1941,d.- Tay Garnett (6 1/2)
Pot O’ Gold,1941,d.- George Marshall (6 1/2)
Secrets of the Lone Wolf,1941,d.- Edward Dmytryk (6 1/2)
Appointment for Love,1941,d.- William A. Seiter (6 1/2)
Rise and Shine,1941,d.- Allan Dwan (6 1/2)
Charley’s Aunt,1941,d.- Archie Mayo (6 1/2)
Caught in the Draft,1941,d.- David Butler (6 1/2)
Billy the Kid,1941,d.- David Miller (6 1/2)
The Prime Minister,1941,(BR) d.- Thorold Dickinson (6 1/2)
The Black Cat,1941,d.- Albert S. Rogell (6 1/2)
Dance Hall,1941,d.- Irving Pichel (6 1/2)
Tobacco Road,1941,d.- John Ford (6 1/2)
The Shepherd of the Hills,1941,d.- Henry Hathaway (6 1/2)
Lady Be Good,1941,d.- Norman Z. McLeod (6 1/2)
I Wanted Wings,1941,d.- Mitchell Leisen (6 1/2)
Time Out for Rhythm,1941,d.- Sidney Salkow (6 1/2)
The Lady from Cheyenne,1941,d.- Frank Lloyd (6 1/2)
Hudson’s Bay,1941,d.- Irving Pichel (6 1/2)
You Belong to Me,1941,d.- Wesley Ruggles (6 1/2)
Come Live With Me,1941,d.- Clarence Brown (6 1/2)
Louisiana Purchase,1941,d.- Irving Cummings (6 1/2)
Week-End in Havana,1941,d.- Walter Lang (6 1/2)
The Corsican Brothers,1941,d.- Gregory Ratoff (6 1/2)
Rage in Heaven,1941,d.- W. S. Van Dyke (6 1/2)
International Lady,1941,d.- Tim Whelan (6 1/2)
Invisible Ghost,1941,d.- Joseph H. Lewis (6 1/2)
The Men in Her Life,1941,d.- Gregory Ratoff (6 1/2)
Keep ‘Em Flying,1941,d.- Arthur Lubin (6 1/2)
They Dare Not Love,1941,d.- James Whale (6 1/2)
Unfinished Business,1941,d.- Gregory La Cava (6 1/2)
Dead Men Tell,1941,d.- Harry Lachman (6 1/2)
Road Show,1941,d.- Hal Roach (6 1/2)
Down Mexico Way,1941,d.- Joseph Santley (6 1/2)
One Night in Lisbon,1941,d.- Edward H. Griffith (6 1/2)
Unexpected Uncle,1941,d.- Peter Godfrey (6 1/2)
My Life with Caroline,1941,d.- Lewis Milestone (6 1/2)
The Devil Commands,1941,d.- Edward Dmytryk (6)
Aloma of the South Seas,1941,d.- Alfred Santell (6)
Spooks Run Wild,1941,d.- Phil Rosen (6)
Great Guns,1941,d.- Monty Banks (6)
Wide Open Town,1941,d.- Lesley Selander (6)
Great Guns,1941,d.- Monty Banks (6)
The Wild Man of Borneo,1941,d.- Robert B. Sinclair (6)
Lady Scarface,1941,d.- Frank Woodruff (6)
Love On the Dole,1941,(BR) d.- John Baxter (5 1/2)
No Hands on the Clock,1941,d.- Frank McDonald (5 1/2)
Yankee Doodle Dandy,1942,d.- Michael Curtiz (7)
"Now, Voyager",1942,d.- Irving Rapper (7)
Mrs. Miniver,1942,d.- William Wyler (7)
Random Harvest,1942,d.- Mervyn LeRoy (7)
Pride of the Yankees,1942,d.- Sam Wood (7)
In Which We Serve,1942,"(BR) d.- Noel Coward, David Lean (7)"
The Palm Beach Story,1942,d.- Preston Sturges (7)
King's Row,1942,d.- Sam Wood (7)
The Black Swan,1942,d.- Henry King (7)
To Be or Not To Be,1942,d.- Ernst Lubitsch (7)
Gentleman Jim,1942,d.- Raoul Walsh (7)
The Magnificent Ambersons,1942,d.- Orson Welles (7)
Cat People,1942,d.- Jacques Tourneur (7)
Holiday Inn,1942,d.- Mark Sandrich (6 1/2)
The Talk of the Town,1942,d.- George Stevens (6 1/2)
Woman of the Year,1942,d.- George Stevens (6 1/2)
Road to Morocco,1942,d.- David Butler (6 1/2)
This Gun For Hire,1942,d.- Frank Tuttle (6 1/2)
Jungle Book,1942,d.- Zoltan Korda (6 1/2)
One of Our Aircraft is Missing,1942,"(BR) d.- Michael Powell, Emeric Pressburger (6 1/2)"
Wake Island,1942,d.- John Farrow (6 1/2)
The Glass Key,1942,d.- Stuart Heisler (6 1/2)
Who Done It ?,1942,d.- Erle C. Kenton (6 1/2)
"Larceny, Inc.",1942,d.- Lloyd Bacon (6 1/2)
Saboteur,1942,d.- Alfred Hitchcock (6 1/2)
I Married a Witch,1942,d.- Rene Clair (6 1/2)
Went the Day Well ?,1942,(BR) d.- Alberto Cavalcanti (6 1/2)
You Were Never Lovelier,1942,d.- William A. Seiter (6 1/2)
Johnny Eager,1942,d.- Mervyn LeRoy (6 1/2)
My Favorite Blonde,1942,d.- Sidney Lanfield (6 1/2)
Tales of Manhattan,1942,d.- Julien Duvivier (6 1/2)
In This Our Life,1942,d.- John Huston (6 1/2)
The Forest Rangers,1942,d.- George Marshall (6 1/2)
Pardon My Sarong,1942,d.- Erle C. Kenton (6 1/2)
Andy Hardy’s Double Life,1942,d.- George B. Seitz (6 1/2)
Desperate Journey,1942,d.- Raoul Walsh (6 1/2)
The Major and the Minor,1942,d.- Billy Wilder (6 1/2)
Roxie Hart,1942,d.- William A. Wellman (6 1/2)
This Above All,1942,d.- Anatole Litvak (6 1/2)
George Washington Slept Here,1942,d.- William Keighley (6 1/2)
Reap the Wild Wind,1942,d.- Cecil B. DeMille (6 1/2)
The Goose Steps Out,1942,"(BR) d.- Basil Dearden, Will Hay (6 1/2)"
Tarzan’s New York Adventure,1942,d.- Richard Thorpe (6 1/2)
Castle in the Desert,1942,d.- Harry Lachman (6 1/2)
The Male Animal,1942,d.- Elliott Nugent (6 1/2)
Journey for Margaret,1942,d.- W. S. Van Dyke (6 1/2)
Across the Pacific,1942,d.- John Huston (6 1/2)
Joan of Paris,1942,d.- Robert Stevenson (6 1/2)
Tortilla Flat,1942,d.- Victor Fleming (6 1/2)
The Fleet’s In,1942,d.- Victor Schertzinger (6 1/2)
White Cargo,1942,d.- Richard Thorpe (6 1/2)
"Take a Letter, Darling",1942,d.- Mitchell Leisen (6 1/2)
For Me and My Gal,1942,d.- Busby Berkeley (6 1/2)
Springtime in the Rockies,1942,d.- Irving Cummings (6 1/2)
Apache Trail,1942,d.- Richard Thorpe (6 1/2)
Grand Central Murder,1942,d.- S. Sylvan Simon (6 1/2)
The Ghost of Frankenstein,1942,d.- Erle C. Kenton (6 1/2)
Keeper of the Flame,1942,d.- George Cukor (6 1/2)
Kid Glove Killer,1942,d.- Fred Zinnemann (6 1/2)
Counter-Espionage,1942,d.- Edward Dmytryk (6 1/2)
The Vanishing Virginian,1942,d.- Frank Borzage (6 1/2)
Once Upon a Honeymoon,1942,d.- Leo McCarey (6 1/2)
Arabian Nights,1942,d.- John Rawlins (6 1/2)
Rio Rita,1942,d.- S. Sylvan Simon (6 1/2)
Seven Sweethearts,1942,d.- Frank Borzage (6 1/2)
Captains of the Clouds,1942,d.- Michael Curtiz (6 1/2)
Thunder Rock,1942,(BR) d.- Roy Boulting (6 1/2)
The Young Mr. Pitt,1942,(BR) d.- Carol Reed (6 1/2)
Maisie Gets Her Man,1942,d.- Roy Del Ruth (6 1/2)
Crossroads,1942,d.- Jack Conway (6 1/2)
I Married an Angel,1942,d.- W. S. Van Dyke (6 1/2)
Moontide,1942,d.- Archie Mayo (6 1/2)
Song of the Islands,1942,d.- Walter Lang (6 1/2)
The Spoilers,1942,d.- Ray Enright (6 1/2)
Eyes in the Night,1942,d.- Fred Zinnemann (6 1/2)
The Falcon Takes Over,1942,d.- Irving Reis (6 1/2)
China Girl,1942,d.- Henry Hathaway (6 1/2)
My Gal Sal,1942,d.- Irving Cummings (6 1/2)
Cairo,1942,d.- W. S. Van Dyke (6 1/2)
Orchestra Wives,1942,d.- Archie Mayo (6 1/2)
Sherlock Holmes and the Voice of Terror,1942,d.- John Rawlins (6 1/2)
Somewhere I’ll Find You,1942,d.- Wesley Ruggles (6 1/2)
The Affairs of Martha,1942,d.- Jules Dassin (6 1/2)
Ship Ahoy,1942,d.- Edward Buzzell (6 1/2)
Reunion in France,1942,d.- Jules Dassin (6 1/2)
Berlin Correspondent,1942,d.- Eugene Forde (6 1/2)
Calling Dr. Gillespie,1942,d.- Harold S. Bucquet (6 1/2)
Alias Boston Blackie,1942,d.- Lew Landers (6 1/2)
The Day Will Dawn,1942,(BR) d.- Harold French (6 1/2)
‘Neath Brooklyn Bridge,1942,d.- Wallace Fox (6 1/2)
A Date with the Falcon,1942,d.- Irving Reis (6 1/2)
Rings on Her Fingers,1942,d.- Rouben Mamoulian (6 1/2)
The Lady is Willing,1942,d.- Mitchell Leisen (6 1/2)
Dr. Kildare’s Victory,1942,d.- W. S. Van Dyke (6 1/2)
The Foreman Went to France,1942,(BR) d.- Charles Frend (6 1/2)
Flying Tigers,1942,d.- David Miller (6 1/2)
The Great Man’s Lady,1942,d.- William A. Wellman (6 1/2)
Syncopation,1942,d.- William Dieterle (6 1/2)
Smart Alecks,1942,d.- Wallace Cox (6 1/2)
The Gay Sisters,1942,d.- Irving Rapper (6 1/2)
Smart Alecks,1942,d.- Wallace Cox (6 1/2)
Stand by for Action,1942,d.- Robert Z. Leonard (6 1/2)
Whistling in Dixie,1942,d.- S. Sylvan Simon (6 1/2)
Ride`Em Cowboy,1942,d.- Arthur Lubin (6 1/2)
Star Spangled Rhythm,1942,d.- George Marshall (6 1/2)
Life Begins at Eight-Thirty,1942,d.- Irving Pichel (6 1/2)
My Sister Eileen,1942,d.- Alexander Hall (6 1/2)
Fingers at the Window,1942,d.- Charles Lederer (6 1/2)
The Pied Piper,1942,d.- Irving Pichel (6 1/2)
Commandos Strike at Dawn,1942,d.- John Farrow (6 1/2)
Pittsburgh,1942,d.- Lewis Seiler (6 1/2)
Unpublished Story,1942,(BR) d.- Harold French (6 1/2)
To the Shores of Tripoli,1942,d.- H. Bruce Humberstone (6 1/2)
Blondie Goes to College,1942,d.- Frank R. Strayer (6 1/2)
Bedtime Story,1942,d.- Alexander Hall (6 1/2)
Dr. Renault’s Secret,1942,d.- Harry Lachman (6 1/2)
Night Monster,1942,d.- Ford Beebe (6 1/2)
The First and the Few,1942,(BR) d.- Leslie Howard (6 1/2)
The Man Who Wouldn’t Die,1942,d.- Herbert I. Leeds (6 1/2)
Footlight Serenade,1942,d.- Gregory Ratoff (6 1/2)
Valley of the Sun,1942,d.- George Marshall (6 1/2)
Panama Hattie,1942,d.- Norman Z. McLeod (6 1/2)
Joan of Ozark,1942,d.- Joseph Santley (6 1/2)
Dr. Gillespie’s New Assistant,1942,d.- Willis Goldbeck (6 1/2)
Wild Bill Hickok Rides Again,1942,d.- Ray Enright (6 1/2)
The Moon and Sixpence,1942,d.- Albert Lewin (6 1/2)
The Mummy’s Tomb,1942,d.- Harold Young (6 1/2)
The Next of Kin,1942,(BR) d.- Thorold Dickinson (6 1/2)
Seven Miles from Alcatraz,1942,d.- Edward Dmytryk (6 1/2)
A Yank on the Burma Road,1942,d.- George B. Seitz (6 1/2)
The Big Street,1942,d.- Irving Reis (6 1/2)
The Daring Young Man,1942,d.- Frank R. Strayer (6 1/2)
Lady from Chungking,1942,d.- William Nigh (6 1/2)
The Boogie Man Will Get You,1942,d.- Lew Landers (6)
Bowery at Midnight,1942,d.- Wallace Fox (6)
The Corpse Vanishes,1942,d.- Wallace Fox (6)
Tanks a Million,1942,d.- Edward Guiol (6)
The Adventures of Martin Eden,1942,d.- Sidney Salkow (6)
The Man Who Wouldn’t Die,1942,d.- Herbert I. Leeds (6)
The Falcon’s Brother,1942,d.- Stanley Logan (6)
Street of Chance,1942,d.- Jack Hively (6)
A-Haunting We Will Go,1942,d.- Alfred L. Werker (6)
Heart of the Rio Grande,1942,d.- William Morgan (6)
The War Against Mrs. Hadley,1942,d.- Harold S. Bucquet (6)
Invisible Agent,1942,d.- Edwin L. Marin (6)
Casablanca,1943,d.- Michael Curtiz (7)
The Life and Death of Colonel Blimp,1943,"(BR) d.- Michael Powell, Emeric Pressburger (7)"
The Ox-Bow Incident,1943,d.- William A. Wellman (7)
The Song of Bernadette,1943,d.- Henry King (7)
Heaven Can Wait,1943,d.- Ernst Lubitsch (7)
Madame Curie,1943,d.- Mervyn LeRoy (7)
The More the Merrier,1943,d.- George Stevens (7)
Lassie Come Home,1943,d.- Fred M. Wilcox (7)
Cabin in the Sky,1943,d.- Vincente Minnelli (7)
Shadow of a Doubt,1943,d.- Alfred Hitchcock (7)
Watch on the Rhine,1943,d.- Herman Shumlin (6 1/2)
So Proudly We Hail!,1943,d.- Mark Sandrich (6 1/2)
The Human Comedy,1943,d.- Clarence Brown (6 1/2)
The Phantom of the Opera,1943,d.- Arthur Lubin (6 1/2)
For Whom the Bell Tolls,1943,d.- Sam Wood (6 1/2)
This Land Is Mine,1943,d.- Jean Renoir (6 1/2)
Destination Tokyo,1943,d.- Delmer Daves (6 1/2)
Five Graves to Cairo,1943,d.- Billy Wilder (6 1/2)
Guadalcanal Diary,1943,d.- Lewis Seiler (6 1/2)
Hangmen Also Die,1943,d.- Fritz Lang (6 1/2)
Frankenstein Meets the Wolf Man,1943,d.- Roy William Neill (6 1/2)
Tennessee Johnson,1943,d.- William Dieterle (6 1/2)
Sahara,1943,d.- Zoltan Korda (6 1/2)
The Seventh Victim,1943,d.- Mark Robson (6 1/2)
Girl Crazy,1943,"d.- Norman Taurog, Busby Berkeley (6 1/2)"
The Hard Way,1943,d.- Vincent Sherman (6 1/2)
Crash Dive,1943,d.- Archie Mayo (6 1/2)
Air Force,1943,d.- Howard Hawks (6 1/2)
I Walked with a Zombie,1943,d.- Jacques Tourneur (6 1/2)
The Leopard Man,1943,d.- Jacques Tourneur (6 1/2)
Old Acquaintance,1943,d.- Vincent Sherman (6 1/2)
Bataan,1943,d.- Tay Garnett (6 1/2)
Claudia,1943,d.- Edmund Goulding (6 1/2)
Holy Matrimony,1943,d.- John M. Stahl (6 1/2)
Sherlock Holmes Faces Death,1943,d.- Roy William Neill (6 1/2)
A Guy Named Joe,1943,d.- Victor Fleming (6 1/2)
My Learned Friend,1943,"(BR) d.- Will Hay, Basil Dearden (6 1/2)"
My Friend Flicka,1943,d.- Harold D. Schuster (6 1/2)
Edge of Darkness,1943,d.- Lewis Milestone (6 1/2)
The Outlaw,1943,d.- Howard Hughes (6 1/2)
The Cross of Lorraine,1943,d.- Tay Garnett (6 1/2)
The Moon is Down,1943,d.- Irving Pichel (6 1/2)
Thousands Cheer,1943,d.- George Sidney (6 1/2)
Stormy Weather,1943,d.- Andrew L. Stone (6 1/2)
Action in the North Atlantic,1943,d.- Lloyd Bacon (6 1/2)
Journey Into Fear,1943,d.- Norman Foster (6 1/2)
Coney Island,1943,d.- Walter Lang (6 1/2)
China,1943,d.- John Farrow (6 1/2)
Hitler's Children,1943,d.- Edward Dmytryk (6 1/2)
The Constant Nymph,1943,d.- Edmund Goulding (6 1/2)
Wintertime,1943,d.- John Brahm (6 1/2)
The Fallen Sparrow,1943,d.- Richard Wallace (6 1/2)
No Time For Love,1943,d.- Mitchell Leisen (6 1/2)
Flesh and Fantasy,1943,d.- Julien Duvivier (6 1/2)
The Ghost Ship,1943,d.- Mark Robson (6 1/2)
Sherlock Holmes in Washington,1943,d.- Roy William Neill (6 1/2)
Andy Hardy’s Blonde Trouble,1943,d.- George B. Seitz (6 1/2)
Millions Like Us,1943,"(BR) d.- Sidney Gilliat, Frank Launder (6 1/2)"
"Hello Frisco, Hello",1943,d.- H. Bruce Humberstone (6 1/2)
Lady of Burlesque,1943,d.- William A. Wellman (6 1/2)
The Dark Tower,1943,(BR) d.- John Harlow (6 1/2)
The Demi-Paradise,1943,(BR) d.- Anthony Asquith (6 1/2)
Tarzan’s Desert Mystery,1943,d.- William Thiele (6 1/2)
Sherlock Holmes and the Secret Weapon,1943,d.- Roy William Neill (6 1/2)
Tarzan Triumphs,1943,d.- Wilhelm Thiele (6 1/2)
The Desperadoes,1943,d.- Charles Vidor (6 1/2)
Corvette K-225,1943,d.- Richard Rosson (6 1/2)
Cry ‘Havoc’,1943,d.- Richard Thorpe (6 1/2)
Immortal Sergeant,1943,d.- John M. Stahl (6 1/2)
Princess O’Rourke,1943,d.- Norman Krasna (6 1/2)
Mr. Lucky,1943,d.- H. C. Potter (6 1/2)
The Silver Fleet,1943,"(BR) d.- Vernon Sewell, Gordon Wellesley (6 1/2)"
North Star,1943,d.- Lewis Milestone (6 1/2)
Sabotage Agent,1943,(BR) d.- Harold S. Bucquet (6 1/2)
We Dive at Dawn,1943,(BR) d.- Anthony Asquith (6 1/2)
Hitler’s Madman,1943,d.- Douglas Sirk (6 1/2)
A Lady Takes a Chance,1943,d.- William A. Seiter (6 1/2)
Clancy Street Boys,1943,d.- William Beaudine (6 1/2)
They Met in the Dark,1943,(BR) d.- Carl Lamac (6 1/2)
Hers to Hold,1943,d.- Frank Ryan (6 1/2)
Above Suspicion,1943,d.- Richard Thorpe (6 1/2)
Presenting Lily Mars,1943,d.- Norman Taurog (6 1/2)
Background to Danger,1943,d.- Raoul Walsh (6 1/2)
They Got Me Covered,1943,d.- David Butler (6 1/2)
The Man In Grey,1943,(BR) d.- Leslie Arliss (6 1/2)
DuBarry Was a Lady,1943,d.- Roy Del Ruth (6 1/2)
Higher and Higher,1943,d.- Tim Whelan (6 1/2)
Hit the Ice,1943,d.- Charles Lamont (6 1/2)
Bombardier,1943,d.- Richard Wallace (6 1/2)
Lost Angel,1943,d.- Roy Rowland (6 1/2)
I Dood It,1943,d.- Vincente Minnelli (6 1/2)
A Night to Remember,1943,d.- Richard Wallace (6 1/2)
"San Demetrio, London",1943,(BR) d.- Charles Frend (6 1/2)
Whistling in Brooklyn,1943,d.- S. Sylvan Simon (6 1/2)
Let’s Face It,1943,d.- Sidney Lanfield (6 1/2)
It Ain’t Hay,1943,d.- Erle C. Kenton (6 1/2)
Footlight Glamour,1943,d.- Frank R. Strayer (6 1/2)
First Comes Courage,1943,d.- Dorothy Arzner (6 1/2)
White Savage,1943,d.- Arthur Lubin (6 1/2)
Crime Doctor,1943,d.- Michael Gordon (6 1/2)
Margin for Error,1943,d.- Otto Preminger (6 1/2)
Tarzan and the Huntress,1943,d.- Kurt Neumann (6 1/2)
Riders of the Rio Grande,1943,d.- Howard Bretherton (6 1/2)
After Midnight with Boston Blackie,1943,d.- Lew Landers (6 1/2)
Northern Pursuit,1943,d.- Raoul Walsh (6 1/2)
Destroyer,1943,d.- William A. Seiter (6 1/2)
Happy Go Lucky,1943,d.- Curtis Bernhardt (6 1/2)
A Stranger in Town,1943,d.- Roy Rowland (6 1/2)
It’s That Man Again,1943,(BR) d.- Walter Forde (6 1/2)
The Man from Down Under,1943,d.- Robert Z. Leonard (6 1/2)
The Sky’s the Limit,1943,d.- Edward H. Griffith (6 1/2)
Slightly Dangerous,1943,d.- Wesley Ruggles (6 1/2)
Jack London,1943,d.- Alfred Santell (6 1/2)
The Kansan,1943,d.- George Archinbaud (6)
Two Weeks to Live,1943,d.- Malcolm St. Clair (6)
Calling Dr. Death,1943,d.- Reginald Le Borg (6)
Johnny Come Lately,1943,d.- William K. Howard (6)
Hostages,1943,d.- Frank Tuttle (6)
Nine Men,1943,(BR) d.- Harry Watt (6 1/2)
Double Indemnity,1944,d.- Billy Wilder (7)
Laura,1944,d.- Otto Preminger (7)
Henry V*,1944,(BR) d.- Laurence Olivier (7)
Meet Me in St. Louis,1944,d.- Vincente Minnelli (7)
Jane Eyre,1944,d.- Robert Stevenson (7)
The Miracle of Morgan's Creek,1944,d.- Preston Sturges (7)
Going My Way,1944,d.- Leo McCarey (7)
"Hail, the Conquering Hero",1944,d.- Preston Sturges (7)
Since You Went Away,1944,d.- John Cromwell (7)
To Have and Have Not,1944,d.- Howard Hawks (7)
National Velvet,1944,d.- Clarence Brown (7)
Wilson,1944,d.- Henry King (7)
Gaslight,1944,d.- George Cukor (6 1/2)
Arsenic and Old Lace,1944,d.- Frank Capra ( 6 1/2)
The Woman in the Window,1944,d.- Fritz Lang (6 1/2)
Thirty Seconds Over Tokyo,1944,d.- Mervyn LeRoy (6 1/2)
The Uninvited,1944,d.- Lewis Allen (6 1/2)
Murder My Sweet,1944,d.- Edward Dmytryk (6 1/2)
Lifeboat,1944,d.- Alfred Hitchcock (6 1/2)
A Canterbury Tale,1944,"(BR) d.- Michael Powell, Emeric Pressburger (6 1/2)"
Mr. Skeffington,1944,d.- Vincent Sherman (6 1/2)
The Lodger,1944,d.- John Brahm (6 1/2)
This Happy Breed,1944,(BR) d.- David Lean (6 1/2)
The Way Ahead,1944,(BR) d.- Carol Reed (6 1/2)
The Scarlet Claw,1944,d.- Roy William Neill (6 1/2)
The Mask of Dimitrios,1944,d.- Jean Negulesco (6 1/2)
The White Cliffs of Dover,1944,d.- Clarence Brown (6 1/2)
The Seventh Cross,1944,d.- Fred Zinnemann (6 1/2)
Cover Girl,1944,d.- Charles Vidor (6 1/2)
Ministry of Fear,1944,d.- Fritz Lang (6 1/2)
On Approval,1944,(BR) d.- Clive Brook (6 1/2)
The Spider Woman,1944,d.- Roy William Neill (6 1/2)
The Princess and the Pirate,1944,"d.- David Butler, Sidney Lanfield (6 1/2)"
The Canterville Ghost,1944,d.- Jules Dassin (6 1/2)
Fanny By Gaslight,1944,(BR) d.- Anthony Asquith (6 1/2)
The Pearl of Death,1944,d.- Roy William Neill (6 1/2)
The Adventures of Mark Twain,1944,d.- Irving Rapper (6 1/2)
The Curse of the Cat People,1944,"d.- Robert Wise, Gunther von Fritsch (6 1/2)"
The Fighting Sullivans,1944,d.- Lloyd Bacon (6 1/2)
The Purple Heart,1944,d.- Lewis Milestone (6 1/2)
Between Two Worlds,1944,d.- Edward A. Blatt (6 1/2)
It Happened Tomorrow,1944,d.- Rene Clair (6 1/2)
Sunday Dinner for a Soldier,1944,d.- Lloyd Bacon (6 1/2)
Experiment Perilous,1944,d.- Jacques Tourneur (6 1/2)
Passage to Marseille,1944,d.- Michael Curtiz (6 1/2)
Wing and a Prayer,1944,d.- Henry Hathaway (6 1/2)
Bathing Beauty,1944,d.- George Sidney (6 1/2)
The Very Thought of You,1944,d.- Delmer Daves (6 1/2)
"Shine On, Harvest Moon",1944,d.- David Butler (6 1/2)
Mrs. Parkington,1944,d.- Tay Garnett (6 1/2)
Dragon Seed,1944,"d.- Harold S. Bucquet, Jack Conway (6 1/2)"
None But the Lonely Heart,1944,d.- Clifford Odets (6 1/2)
The Story of  Dr. Wassell,1944,d.- Cecil B. DeMille (6 1/2)
Bluebeard,1944,d.- Edgar G. Ulmer (6 1/2)
Kismet,1944,d.- William Dieterle (6 1/2)
The Keys of the Kingdom,1944,d.- John M. Stahl (6 1/2)
Phantom Lady,1944,d.- Robert Siodmak (6 1/2)
In Society,1944,d.- Jean Yarbrough (6 1/2)
Two Girls and a Sailor,1944,d.- Richard Thorpe (6 1/2)
Ali Baba and the Forty Thieves,1944,d.- Arthur Lubin (6 1/2)
Till We Meet Again,1944,d.- Frank Borzage (6 1/2)
House of Frankenstein,1944,d.- Erle C. Kenton (6 1/2)
Cobra Woman,1944,d.- Robert Siodmak (6 1/2)
"Tomorrow, the World!",1944,d.- Leslie Fenton (6 1/2)
Buffalo Bill,1944,d.- William A. Wellman (6 1/2)
The Whistler,1944,d.- William Castle (6 1/2)
Christmas Holiday,1944,d.- Robert Siodmak (6 1/2)
I’ll Be Seeing You,1944,d.- William Dieterle (6 1/2)
Frenchman’s Creek,1944,d.- Mitchell Leisen (6 1/2)
The Heavenly Body,1944,d.- Alexander Hall (6 1/2)
Summer Storm,1944,d.- Douglas Sirk (6 1/2)
Can’t Help Singing,1944,d.- Frank Ryan (6 1/2)
Address Unknown,1944,d.- William Cameron Menzies (6 1/2)
Step Lively,1944,d.- Tim Whelan (6 1/2)
Days of Glory,1944,d.- Jacques Tourneur (6 1/2)
Mademoiselle Fifi,1944,d.- Robert Wise (6 1/2)
Lady in the Dark,1944,d.- Mitchell Leisen (6 1/2)
The Falcon in Hollywood,1944,d.- Gordon Douglas (6 1/2)
The Conspirators,1944,d.- Jean Negulesco (6 1/2)
And Now Tomorrow,1944,d.- Irving Pichel (6 1/2)
The Halfway House,1944,(BR) d.- Basil Dearden (6 1/2)
Gypsy Wildcat,1944,d.- Roy William Neill (6 1/2)
Uncertain Glory,1944,d.- Raoul Walsh (6 1/2)
Mark of the Whistler,1944,d.- William Castle (6 1/2)
The Climax,1944,d.- George Waggner (6 1/2)
Music for Millions,1944,d.- Henry Koster (6 1/2)
The Rats of Tobruk,1944,(AUS) d.- Charles Chauvel (6 1/2)
"See Here, Private Hargrove",1944,d.- Wesley Ruggles (6 1/2)
Dark Waters,1944,d.- Andre De Toth (6 1/2)
Up in Arms,1944,d.- Elliott Nugent (6 1/2)
Casanova Brown,1944,d.- Sam Wood (6 1/2)
Hotel Reserve,1944,"(BR) d.- L. Comfort, M. Greenbaum, V. Hanbury (6 1/2)"
Tender Comrade,1944,d.- Edward Dmytryk (6 1/2)
Mr. Winkle Goes to War,1944,d.- Alfred E. Green (6 1/2)
The Fighting Seabees,1944,d.- Edward Ludwig (6 1/2)
Dead Man’s Eyes,1944,d. Reginald Le Borg (6 1/2)
The Missing Juror,1944,d.- Budd Boetticher (6 1/2)
An American Romance,1944,d.- King Vidor (6 1/2)
The Return of the Vampire,1944,d.- Lew Landers (6 1/2)
Strangers in the Night,1944,d.- Anthony Mann (6 1/2)
Winged Victory,1944,d.- George Cukor (6 1/2)
Janie,1944,d.- Michael Curtiz (6 1/2)
When Strangers Marry,1944,d.- William Castle (6 1/2)
Here Come the Waves,1944,d.- Mark Sandrich (6 1/2)
Broadway Rhythym,1944,d.- Roy Del Ruth (6 1/2)
Tall in the Saddle,1944,d.- Edwin L. Marin (6 1/2)
Charlie Chan in the Secret Service,1944,d.- Phil Rosen (6 1/2)
Guest in the House,1944,d.- John Brahm (6 1/2)
Time Flies,1944,(BR) d.- Walter Forde (6 1/2)
The Doughgirls,1944,d.- James V. Kern (6 1/2)
In Our Time,1944,d.- Vincent Sherman (6 1/2)
Standing Room Only,1944,d.- Sidney Lanfield (6 1/2)
The Invisible Man’s Revenge,1944,d.- Ford Beebe (6 1/2)
Action in Arabia,1944,d.- Leonide Moguy (6 1/2)
The Halfway House,1944,(BR) d.- Basil Dearden (6 1/2)
The Bridge of San Luis Rey,1944,d.- Rowland V. Lee (6 1/2)
Meet the People,1944,d.- Charles Reisner (6)
The Mummy’s Ghost,1944,d.- Reginald Le Borg (6)
Charlie Chan in the Chinese Cat,1944,d.- Phil Rosen (6)
Show Business,1944,d.- Edwin L. Marin (6)
Black Magic,1944,d.- Phil Rosen (6)
Fiddlers Three,1944,(BR) d.- Harry Watt (6)
The Impatient Years,1944,d.- Irving Cummings (6)
Gentle Annie,1944,d.- Andrew Marton (6)
The Lost Weekend,1945,d.- Billy Wilder (7)
Brief Encounter,1945,(BR) d.- David Lean (7)
The Way to the Stars,1945,(BR) d.- Anthony Asquith (7)
Mildred Pierce,1945,d.- Michael Curtiz (7)
Scarlet Street,1945,d.- Fritz Lang (7)
A Tree Grows in Brooklyn,1945,d.- Elia Kazan (7)
I Know Where I'm Going,1945,"(BR) d.- Michael Powell, Emeric Pressburger (7)"
A Walk in the Sun,1945,d.- Lewis Milestone (7)
Leave Her to Heaven,1945,d.- John M. Stahl (7)
And Then There Were None,1945,d.- Rene Clair (7)
Dead of Night,1945,"(BR) d.- A. Cavalcanti, B. Dearden, C. Crichton, R. Hamer (7)"
The Southerner,1945,d.- Jean Renoir (6 1/2)
They Were Expendable,1945,d.- John Ford (6 1/2)
The Bells of  St. Marys,1945,d.- Leo McCarey (6 1/2)
Spellbound,1945,d.- Alfred Hitchcock (6 1/2)
Detour,1945,d.- Edgar G. Ulmer (6 1/2)
Blithe Spirit,1945,(BR) d.- David Lean (6 1/2)
The Picture of Dorian Gray,1945,d.- Albert Lewin (6 1/2)
Wonder Man,1945,d.- H. Bruce Humberstone (6 1/2)
Hangover Square,1945,d.- John Brahm (6 1/2)
The Body Snatcher,1945,d.- Robert Wise (6 1/2)
Story of G.I. Joe,1945,d.- William A. Wellman (6 1/2)
The Corn is Green,1945,d.- Irving Rapper (6 1/2)
The Enchanted Cottage,1945,d.- John Cromwell (6 1/2)
Our Vines Have Tender Grapes,1945,d.- Roy Rowland (6 1/2)
Pride of the Marines,1945,d.- Delmer Daves (6 1/2)
Objective Burma!,1945,d.- Raoul Walsh (6 1/2)
A Bell for Adano,1945,d.- Henry King (6 1/2)
Christmas in Connecticut,1945,d.- Peter Godfrey (6 1/2)
Love Letters,1945,d.- William Dieterle (6 1/2)
Isle of the Dead,1945,d.- Mark Robson (6 1/2)
Kitty,1945,d.- Mitchell Leisen (6 1/2)
The Horn Blows at Midnight,1945,d.- Raoul Walsh (6 1/2)
Anchors Aweigh,1945,d.- George Sidney (6 1/2)
"Murder, He Says",1945,d.- George Marshall (6 1/2)
The Clock,1945,d.- Vincente Minnelli (6 1/2)
The Thin Man Goes Home,1945,d.- Richard Thorpe (6 1/2)
The Suspect,1945,d.- Robert Siodmak (6 1/2)
Back to Bataan,1945,d.- Edward Dmytryk (6 1/2)
Incendiary Blonde,1945,d.- George Marshall (6 1/2)
Cornered,1945,d.- Edward Dmytryk (6 1/2)
The Woman in Green,1945,d.- Roy William Neill (6 1/2)
The House of Fear,1945,d.- Roy William Neill (6 1/2)
The Spanish Main,1945,d.- Frank Borzage (6 1/2)
Son of Lassie,1945,d.- S. Sylvan Simon (6 1/2)
Blood on the Sun,1945,d.- Frank Lloyd (6 1/2)
Fallen Angel,1945,d.- Otto Preminger (6 1/2)
The Naughty Nineties,1945,d.- Jean Yarbrough (6 1/2)
The Wicked Lady,1945,(BR) d.- Leslie Arliss (6 1/2)
The Cheaters,1945,d.- Joseph Kane (6 1/2)
The Dolly Sisters,1945,d.- Irving Cummings (6 1/2)
Lady on a Train,1945,d.- Charles David (6 1/2)
Junior Miss,1945,d.- George Seaton (6 1/2)
God Is My Co-Pilot,1945,d.- Robert Florey (6 1/2)
Rhapsody in Blue,1945,d.- Irving Rapper (6 1/2)
State Fair,1945,d.- Walter Lang (6 1/2)
Captain Kidd,1945,d.- Rowland V. Lee (6 1/2)
Caesar and Cleopatra,1945,(BR) d.- Gabriel Pascal (6 1/2)
Thrill of a Romance,1945,d.- Richard Thorpe (6 1/2)
The Man I Love,1945,d.- Raoul Walsh (6 1/2)
House of Dracula,1945,d.- Erle C. Kenton (6 1/2)
Counter-Attack,1945,d.- Zoltan Korda (6 1/2)
Week-End at the Waldorf,1945,d.- Robert Z. Leonard (6 1/2)
The Valley of Decision,1945,d.- Tay Garnett (6 1/2)
A Song to Remember,1945,d.- Charles Vidor (6 1/2)
Danger Signal,1945,d.- Robert Florey (6 1/2)
Here Come the Co-eds,1945,d.- Jean Yarbrough (6 1/2)
Pursuit to Algiers,1945,d.- Roy William Neill (6 1/2)
Guest Wife,1945,d.- Sam Wood (6 1/2)
The Affairs of Susan,1945,d.- William A. Seiter (6 1/2)
The House on 92nd Street,1945,d.- Henry Hathaway (6 1/2)
Diamond Horseshoe,1945,d.- George Seaton (6 1/2)
The Rake’s Progress,1945,(BR) d.- Sidney Gilliat (6 1/2)
A Place of One’s Own,1945,(BR) d.- Bernard Knowles (6 1/2)
The Stork Club,1945,d.- Hal Walker (6 1/2)
Conflict,1945,d.- Curtis Bernhardt (6 1/2)
San Antonio,1945,d.- David Butler (6 1/2)
Paris Underground,1945,d.- Gregory Ratoff (6 1/2)
A Thousand and One Nights,1945,d.- Alfred E. Green (6 1/2)
Bells of Rosarita,1945,d.- Frank McDonald (6 1/2)
Strange Illusion,1945,d.- Edgar G. Ulmer (6 1/2)
A Medal for Benny,1945,d.- Irving Pichel (6 1/2)
The Brighton Strangler,1945,d.- Max Nosseck (6 1/2)
Without Love,1945,d.- Harold S. Bucquet (6 1/2)
Pan-Americana,1945,d.- John H. Auer (6 1/2)
A Royal Scandal,1945,"d.- Ernst Lubitsch, Otto Preminger (6 1/2)"
You Came Along,1945,d.- John Farrow (6 1/2)
Hotel Berlin,1945,d.- Peter Godfrey (6 1/2)
Perfect Strangers,1945,(BR) d.- Alexander Korda (6 1/2)
Waterloo Road,1945,(BR) d.- Sidney Gilliat (6 1/2)
Along Came Jones,1945,d.- Stuart Heisler (6 1/2)
Her Highness and the Bellboy,1945,d.- Richard Thorpe (6 1/2)
Yolanda and the Thief,1945,d.- Vincent Minnelli (6 1/2)
Confidential Agent,1945,d.- Herman Shumlin (6 1/2)
Madonna of the Seven Moons,1945,(BR) d.- Arthur Crabtree (6 1/2)
This Love of Ours,1945,d.- William Dieterle (6 1/2)
Dillinger,1945,d.- Max Nosseck (6 1/2)
Paris Underground,1945,d.- Gregory Ratoff (6 1/2)
My Name is Julia Ross,1945,d.- Joseph H. Lewis (6 1/2)
The Brighton Strangler,1945,d.- Max Nosseck (6 1/2)
The Power of the Whistler,1945,d.- Lew Landers (6 1/2)
The Strange Affair of Uncle Harry,1945,d.- Robert Siodmak (6 1/2)
Thunderhead - Son of Flicka,1945,d.- Louis King (6 1/2)
The Vampire’s Ghost,1945,d.- Lesley Selander (6 1/2)
Adventure,1945,d.- Victor Fleming (6 1/2)
The Falcon in San Fransisco,1945,d.- Joseph H. Lewis (6 1/2)
Saratoga Trunk,1945,d.- Sam Wood (6 1/2)
It’s in the Bag,1945,d.- Richard Wallace (6 1/2)
I Live In Grosvenor Square,1945,(BR) d.- Herbert Wilcox (6 1/2)
The Man Who Walked Alone,1945,d.- Christy Cabanne (6 1/2)
This Man’s Navy,1945,d.- William A. Wellman (6 1/2)
Allotment Wives,1945,d.- William Nigh (6 1/2)
Come Out Fighting,1945,d.- William Beaudine (6 1/2)
The Scarlet Clue,1945,d.- Phil Rosen (6 1/2)
Docks of New York,1945,d.- Wallace Fox (6 1/2)
The Shanghai Cobra,1945,d.- Phil Karlson (6 1/2)
Flame of Barbary Coast,1945,d.- Joseph Kane (6 1/2)
The Bullfighters,1945,d.- Malcolm St. Clair (6 1/2)
"What’s Next, Corporal Hargrove?",1945,d.- Richard Thorpe (6 1/2)
The Great Flamarion,1945,d.- Anthony Mann (6 1/2)
Over 21,1945,d.- Charles Vidor (6 1/2)
Tonight and Every Night,1945,d.- Victor Saville (6 1/2)
Dick Tracy,1945,d.- William Berke (6 1/2)
Salty O’Rourke,1945,d.- Raoul Walsh (6 1/2)
Roughly Speaking,1945,d.- Michael Curtiz (6)
Dakota,1945,d.- Joseph Kane (6)
She Wouldn’t Say No,1945,d.- Alexander Hall (6)
The Adventures of Rusty,1945,d.- Paul Burnford (6)
Don’t Fence Me In,1945,d.- John English (6)
Strange Confession,1945,d.- John Hoffman (6)
Dakota,1945,d.- Joseph Kane (6)
Crime Doctor’s Warning,1945,d.- William Castle (6)
Green Grass of Wyoming,1945,d.- Louis King (6)
That’s the Spirit,1945,d.- Charles Lamont (6)
Allotment Wives,1945,d.- William Nigh (6)
The Phantom Speaks,1945,d.- John English (6)
They Were Sisters,1945,(BR) d.- Arthur Crabtree (6)
Pardon My Past,1945,d.- Leslie Fenton (5 1/2)
It's a Wonderful Life,1946,d.- Frank Capra (7)
The Best Years of Our Lives,1946,d.- William Wyler (7)
Great Expectations,1946,(BR) d.- David Lean (7)
A Matter of Life and Death,1946,"(BR) d.- Michael Powell, Emeric Pressburger (7)"
The Seventh Veil,1946,(BR) d.- Compton Bennett (7)
The Big Sleep,1946,d.- Howard Hawks (7)
The Postman Always Rings Twice,1946,d.- Tay Garnett (7)
My Darling Clementine,1946,d.- John Ford (7)
Green for Danger,1946,(BR) d.- Sidney Gilliat (7)
Notorious,1946,d.- Alfred Hitchcock (7)
The Killers,1946,d.- Robert Siodmak (7)
Gilda,1946,d.- Charles Vidor (7)
Humoresque,1946,d.- Jean Negulesco (6 1/2)
The Spiral Staircase,1946,d.- Robert Siodmak (6 1/2)
The Yearling,1946,d.- Clarence Brown (6 1/2)
To Each His Own,1946,d.- Mitchell Liesen (6 1/2)
Anna and the King of  Siam,1946,d.- John Cromwell (6 1/2)
Duel in the Sun,1946,d.- King Vidor (6 1/2)
The Blue Dahlia,1946,d.- George Marshall (6 1/2)
Cluny Brown,1946,d.- Ernst Lubitsch (6 1/2)
The Razor's Edge,1946,d.- Edmund Goulding (6 1/2)
The Stranger,1946,d.- Orson Welles (6 1/2)
Road to Utopia,1946,d.- Hal Walker (6 1/2)
The Dark Mirror,1946,d.- Robert Siodmak (6 1/2)
The Strange Love of Martha Ivers,1946,d.- Lewis Milestone (6 1/2)
The Captive Heart,1946,(BR) d.- Basil Dearden (6 1/2)
I See a Dark Stranger,1946,(BR) d.- Frank Launder (6 1/2)
The Time of Their Lives,1946,d.- Charles Barton (6 1/2)
Sister Kenny,1946,d.- Dudley Nichols (6 1/2)
Deception,1946,d.- Irving Rapper (6 1/2)
A Stolen Life,1946,d.- Curtis Bernhardt (6 1/2)
Diary of a Chambermaid,1946,d.- Jean Renoir (6 1/2)
Canyon Passage,1946,d.- Jacques Tourneur (6 1/2)
The Black Angel,1946,d.- Roy William Neill (6 1/2)
Decoy,1946,d.- Jack Bernhard (6 1/2)
Monsieur Beaucaire,1946,d.- George Marshall (6 1/2)
Two Years Before the Mast,1946,d.- John Farrow (6 1/2)
The Green Years,1946,d.- Victor Saville (6 1/2)
Somewhere in the Night,1946,d.- Joseph L. Mankiewicz (6 1/2)
The Kid from Brooklyn,1946,d.- Norman Z. McLeod (6 1/2)
Angel on My Shoulder,1946,d.- Archie Mayo (6 1/2)
The Locket,1946,d.- John Brahm (6 1/2)
Tomorrow is Forever,1946,d.- Irving Pichel (6 1/2)
The Harvey Girls,1946,d.- George Sidney (6 1/2)
Three Strangers,1946,d.- Jean Negulesco (6 1/2)
My Reputation,1946,d.- Curtis Bernhardt (6 1/2)
A Night in Casablanca,1946,d.- Archie Mayo (6 1/2)
The Beast with Five Fingers,1946,d.- Robert Florey (6 1/2)
Bad Bascomb,1946,d.- S. Sylvan Simon (6 1/2)
Bedlam,1946,d.- Mark Robson (6 1/2)
Undercurrent,1946,d.- Vincente Minnelli (6 1/2)
The Jolson Story,1946,d.- Alfred E. Green (6 1/2)
Of Human Bondage,1946,d.- Edmund Goulding (6 1/2)
The Dark Corner,1946,d.- Henry Hathaway (6 1/2)
One More Tomorrow,1946,d.- Peter Godfrey (6 1/2)
Courage of Lassie,1946,d.- Fred M. Wilcox (6 1/2)
Because of Him,1946,d.- Richard Wallace (6 1/2)
Till the Clouds Roll By,1946,d.- Richard Whorf (6 1/2)
Two Guys from Milwaukee,1946,d.- David Butler (6 1/2)
Terror by Night,1946,d.- Roy William Neill (6 1/2)
Cloak and Dagger,1946,d.- Fritz Lang (6 1/2)
Dragonwyck,1946,d.- Joseph L. Mankiewicz (6 1/2)
Badman’s Territory,1946,d.- Tim Whelan (6 1/2)
The Strange Woman,1946,d.- Edgar G. Ulmer (6 1/2)
Deadline at Dawn,1946,d.- Harold Clurman (6 1/2)
A Letter for Evie,1946,d.- Jules Dassin (6 1/2)
The Chase,1946,d.- Arthur Ripley (6 1/2)
Two Sisters from Boston,1946,d.- Henry Koster  (6 1/2)
Sentimental Journey,1946,d.- Walter Lang (6 1/2)
The Cockeyed Miracle,1946,d.- S. Sylvan Simon (6 1/2)
Strange Impersonation,1946,d.- Anthony Mann (6 1/2)
Blue Skies,1946,d.- Stuart Heisler (6 1/2)
Dressed to Kill,1946,d.- Roy William Neill (6 1/2)
Dual Alibi,1946,(BR) d.- Alfred Travers (6 1/2)
Crack-Up,1946,d.- Irving Reis (6 1/2)
From This Day Forward,1946,d.- John Berry (6 1/2)
Night and Day,1946,d.- Michael Curtiz (6 1/2)
I’ve Always Loved You,1946,d.- Frank Borzage (6 1/2)
Holiday in Mexico,1946,d.- George Sidney (6 1/2)
The Virginian,1946,d.- Stuart Gilmore (6 1/2)
The Overlanders,1946,(AUS-BR) d.- Harry Watt (6 1/2)
Shock,1946,d.- Alfred L. Werker (6 1/2)
O.S.S.,1946,d.- Irving Pichel (6 1/2)
Undercurrent,1946,d.- Vincente Minnelli (6 1/2)
Mysterious Intruder,1946,d.- William Castle (6 1/2)
A Scandal in Paris,1946,d.- Douglas Sirk (6 1/2)
Till the End of Time,1946,d.- Edward Dmytryk (6 1/2)
Easy to Wed,1946,d.- Edward Buzzell (6 1/2)
The Secret of the Whistler,1946,d.- George Sherman (6 1/2)
Three Little Girls in Blue,1946,d.- H. Bruce Humberstone (6 1/2)
Without Reservations,1946,d.- Mervyn LeRoy (6 1/2)
My Pal Trigger,1946,d.- Frank McDonald (6 1/2)
Magnificent Doll,1946,d.- Frank Borzage (6 1/2)
Nobody Lives Forever,1946,d.- Jean Negulesco (6 1/2)
Three Wise Fools,1946,d.- Edward Buzzell (6 1/2)
Piccadilly Incident,1946,(BR) d.- Herbert Wilcox (6 1/2)
Smoky,1946,d.- Louis King (6 1/2)
"Home, Sweet Homicide",1946,d.- Lloyd Bacon (6 1/2)
Murder in the Music Hall,1946,d.- John English (6 1/2)
Just Before Dawn,1946,d.- William Castle (6 1/2)
Janie Gets Married,1946,d.- Vincent Sherman (6 1/2)
Home in Oklahoma,1946,d.- William Witney (6 1/2)
California,1946,d.- John Farrow (6 1/2)
Nocturne,1946,d.- Edwin L. Marin (6 1/2)
The Verdict,1946,d.- Don Siegel (6 1/2)
Margie,1946,d.- Henry King (6 1/2)
Beware of Pity,1946,(BR) d.- Maurice Elvey (6 1/2)
The Bamboo Blonde,1946,d.- Anthony Mann (6 1/2)
Tarzan and the Leopard Woman,1946,d.- Kurt Neumann (6 1/2)
Never Say Goodbye,1946,d.- James V. Kern (6 1/2)
From This Day Forward,1946,d.- John Berry (6 1/2)
The Last Crooked Mile,1946,d.- Philip Ford (6 1/2)
Lady Luck,1946,d.- Edwin L. Marin (6)
Abilene Town,1946,d.- Edwin L. Marin (6)
Deadline for Murder,1946,d.- James Tinling (6)
Strangler of the Swamp,1946,d.- Frank Wisbar (6)
Criminal Court,1946,d.- Robert Wise (6)
Caravan,1946,(BR) d.- Arthur Crabtree (6)
Shadows Over Chinatown,1946,d.- Terry O. Morse (6)
Deadline for Murder,1946,d.- James Tinling (6)
The Last Crooked Mile,1946,d.- Philip Ford (5 1/2))
Miracle on 34th Street,1947,d.- George Seaton (7)
Black Narcissus,1947,"(BR) d.- Michael Powell, Emeric Pressberger (7)"
Out of the Past,1947,d.- Jacques Tourneur (7)
Odd Man Out,1947,(BR) d.- Carol Reed (7)
The Ghost and Mrs. Muir,1947,d.- Joseph L. Mankiewicz (7)
Gentleman's Agreement,1947,d.- Elia Kazan (7)
Nightmare Alley,1947,d.- Edmund Goulding (7)
Brighton Rock,1947,(BR) d.- John Boulting (7)
Body and Soul,1947,d.- Robert Rossen (7)
Kiss of Death,1947,d.- Henry Hathaway (7)
Life with Father,1947,d.- Michael Curtiz (6 1/2)
Monsieur Verdoux,1947,d.- Charles Chaplin (6 1/2)
A Double Life,1947,d.- George Cukor (6 1/2)
The Fugitive,1947,d.- John Ford (6 1/2)
The Secret Life of Walter Mitty,1947,d.- Norman Z. McLeod (6 1/2)
Boomerang,1947,d.- Elia Kazan (6 1/2)
Brute Force,1947,d.- Jules Dassin (6 1/2)
The Lady from Shanghai,1947,d.- Orson Welles (6 1/2)
Crossfire,1947,d.- Edward Dmytryk (6 1/2)
The Bishop's Wife,1947,d.- Henry Koster (6 1/2)
The Farmer's Daughter,1947,d.- H.C. Potter (6 1/2)
The Exile,1947,d.- Max Ophuls (6 1/2)
Ride the Pink Horse,1947,d.- Robert Montgomery (6 1/2)
They Made Me a Fugitive,1947,(BR) d.- Alberto Cavalcanti (6 1/2)
The Voice of the Turtle,1947,d.- Irving Rapper (6 1/2)
T-Men,1947,d.- Anthony Mann (6 1/2)
It Always Rains on Sunday,1947,(BR) d.- Robert Hamer (6 1/2)
It Happened on Fifth Avenue,1947,d.- Roy Del Ruth (6 1/2)
Born to Kill,1947,d.- Robert Wise (6 1/2)
"Smash-Up, the Story of a Woman",1947,d.- Stuart Heisler (6 1/2)
Hue and Cry,1947,(BR) d.- Charles Crichton (6 1/2)
Possessed,1947,d.- Curtis Bernhardt (6 1/2)
Good News,1947,d.- Charles Walters (6 1/2)
Deep Valley,1947,d.- Jean Negulesco (6 1/2)
The Egg and I,1947,d.- Chester Erskine (6 1/2)
Dark Passage,1947,d.- Delmer Daves (6 1/2)
Road to Rio,1947,d.- Norman Z. McLeod (6 1/2)
Captain from Castile,1947,d.- Henry King (6 1/2)
Buck Privates Come Home,1947,d.- Charles Barton (6 1/2)
The October Man,1947,(BR) d.- Roy Ward Baker (6 1/2)
So Well Remembered,1947,(BR) d.- Edward Dmytryk (6 1/2)
The Bachelor and the Bobby-Soxer,1947,d.- Irving Reis (6 1/2)
Dead Reckoning,1947,d.- John Cromwell (6 1/2)
They Won’t Believe Me,1947,d.- Irving Pichel (6 1/2)
The Red House,1947,d.- Delmer Daves (6 1/2)
Railroaded!,1947,d.- Anthony Mann (6 1/2)
Nicholas Nickleby,1947,(BR) d.- Alberto Cavalcanti (6 1/2)
The Long Night,1947,d.- Anatole Litvak (6 1/2)
The Perils of Pauline,1947,d.- George Marshall (6 1/2)
Desert Fury,1947,d.- Lewis Allen (6 1/2)
Lady In the Lake,1947,d.- Robert Montgomery (6 1/2)
The Woman on the Beach,1947,d.- Jean Renoir (6 1/2)
Nora Prentiss,1947,d.- Vincent Sherman (6 1/2)
Mother Wore Tights,1947,d.- Walter Lang (6 1/2)
Song of the Thin Man,1947,d.- Edward Buzzell (6 1/2)
13 Rue Madeline,1947,d.- Henry Hathaway (6 1/2)
Pursued,1947,d.- Raoul Walsh (6 1/2)
Heaven Only Knows,1947,d.- Albert S. Rogell (6 1/2)
Captain Boycott,1947,(BR) Frank Launder (6 1/2)
Green Dolphin Street,1947,d.- Victor Saville (6 1/2)
Fear in the Night,1947,d.- Maxwell Shane (6 1/2)
My Favorite Brunette,1947,d.- Elliott Nugent (6 1/2)
Desperate,1947,d.- Anthony Mann (6 1/2)
Ramrod,1947,d.- Andre De Toth (6 1/2)
Hucksters,1947,d.- Jack Conway (6 1/2)
The Unfinished Dance,1947,d.- Henry Koster (6 1/2)
Golden Earrings,1947,d.- Mitchell Leisen (6 1/2)
The Sea of Grass,1947,d.- Elia Kazan (6 1/2)
The Unsuspected,1947,d.- Michael Curtiz (6 1/2)
The Unfaithful,1947,d.- Vincent Sherman (6 1/2)
Frieda,1947,(BR) d.- Basil Dearden (6 1/2)
The Two Mrs. Carrolls,1947,d.- Peter Godfrey (6 1/2)
Hungry Hill,1947,(BR) d.- Brian Desmond Hurst (6 1/2)
Mine Own Executioner,1947,(BR) d.- Anthony Kimmins (6 1/2)
Down to Earth,1947,d.- Alexander Hall (6 1/2)
Lured,1947,d.- Douglas Sirk (6 1/2)
Angel and the Badman,1947,d.- James Edward Grant (6 1/2)
Sinbad the Sailor,1947,d.- Richard Wallace (6 1/2)
Fame Is the Spur,1947,(BR) d.- Roy Boulting (6 1/2)
Christmas Eve,1947,d.- Edwin L. Marin (6 1/2)
"Cynthia: The Rich, Full Life",1947,d.- Robert Z. Leonard (6 1/2)
High Barbaree,1947,d.- Jack Conway (6 1/2)
The Devil Thumbs a Ride,1947,d.- Felix E. Feist (6 1/2)
Something in the Wind,1947,d.- Irving Pichel (6 1/2)
Magic Town,1947,d.- William A. Wellman (6 1/2)
The Paradine Case,1947,d.- Alfred Hitchcock (6 1/2)
Dear Ruth,1947,d.- William D. Russell (6 1/2)
The Ghosts of Berkeley Square,1947,(BR) d.- Vernon Sewell (6 1/2)
The Senator Was Indiscreet,1947,d.- George S. Kaufman (6 1/2)
The Macomber Affair,1947,d.- Zoltan Korda (6 1/2)
The Lost Moment,1947,d.- Martin Gabel (6 1/2)
The Long Night,1947,d.- Anatole Litvak (6 1/2)
Cry Wolf,1947,d.- Peter Godfrey (6 1/2)
The Private Affairs of Bel Ami,1947,d.- Albert Lewin (6 1/2)
Dishonored Lady,1947,d.- Robert Stevenson (6 1/2)
Cheyenne,1947,d.- Raoul Walsh (6 1/2)
The Shop at Sly Corner,1947,(BR) d.- George King (6 1/2)
Framed,1947,d.- Richard Wallace (6 1/2)
Living in a Big Way,1947,d.- Gregory La Cava (6 1/2)
Fiesta,1947,d.- Richard Thorpe (6 1/2)
The Late George Apley,1947,d.- Joseph L. Mankiewicz (6 1/2)
Killer McCoy,1947,d.- Roy Rowland (6 1/2)
Johnny O’Clock,1947,d.- Robert Rossen (6 1/2)
Bowery Buckaroos,1947,d.- William Beaudine (6 1/2)
The Shocking Miss Pilgrim,1947,d.- George Seaton (6 1/2)
I Wonder Who’s Kissing Her Now,1947,d.- Lloyd Bacon (6 1/2)
A Romance at Rosy Ridge,1947,d.- Roy Rowland (6 1/2)
Blanche Fury,1947,(BR) d.- Marc Allegret (6 1/2)
Mourning Becomes Electra,1947,d.- Dudley Nichols (6 1/2)
My Wild Irish Rose,1947,d.- David Butler (6 1/2)
Whispering City,1947,(CAN) d.- Fyodor Otsep (6 1/2)
It Had to Be You,1947,"d.- Don Hartman, Rudolph Mate (6 1/2)"
Wild Harvest,1947,d.- Tay Garnett (6 1/2)
Jassy,1947,(BR) d.- Bernard Knowles (6 1/2)
Forever Amber,1947,d.- Otto Preminger (6 1/2)
The Sin of Harold Diddlebock,1947,d.- Preston Sturges (6 1/2)
High Wall,1947,d.- Curtis Bernhardt (6 1/2)
Take My Life,1947,(BR) d.- Ronald Neame (6 1/2)
The Web,1947,d.- Michael Gordon (6 1/2)
Tycoon,1947,d.- Richard Wallace (6 1/2)
Daisy Kenyon,1947,d.- Otto Preminger (6 1/2)
The Golden Stallion,1947,d.- William Witney (6 1/2)
Dick Tracy Meets Gruesome,1947,d.- John Rawlins (6 1/2)
The Other Love,1947,d.- Andre De Toth (6 1/2)
News Hounds,1947,d.- William Beaudine (6 1/2)
Carnegie Hall,1947,d.- Edgar G. Ulmer (6 1/2)
Riffraff,1947,d.- Ted Tetzlaff (6 1/2)
Dear Murderer,1947,(BR) d.- Arthur Crabtree (6 1/2)
Cass Timberlane,1947,d.- George Sidney (6 1/2)
This Time for Keeps,1947,d.- Richard Thorpe (6 1/2)
Love from a Stranger,1947,d.- Richard Whorf (6 1/2)
Dick Tracy’s Dilemma,1947,d.- John Rawlins (6 1/2)
The Fabulous Dorseys,1947,d.- Alfred E. Green (6 1/2)
Singapore,1947,d.- John Brahm (6 1/2)
Ivy,1947,d.- Sam Wood (6 1/2)
Bells of San Angelo,1947,d.- William Witney (6 1/2)
This Time for Keeps,1947,d.- Richard Thorpe (6 1/2)
This Time for Keeps,1947,d.- Richard Thorpe (6 1/2)
Song of Love,1947,d.- Clarence Brown (6 1/2)
Singapore,1947,d.- John Brahm (6 1/2)
That Hagen Girl,1947,d.- Peter Godfrey (6 1/2)
End of the River,1947,(BR) d.- Lewis N. Twist (6)
Welcome Stranger,1947,d.- Elliott Nugent (6)
Repeat Performance,1947,d.- Alfred L. Werker (6)
Dark Delusion,1947,d.- Willis Goldbeck (6)
I’ll Be Yours,1947,d.- William A. Seiter (6)
For You I Die,1947,d.- John Reinhardt (6)
Under the Tonto Rim,1947,d.- Lew Landers (6)
The Treasure of the Sierra Madre,1948,d.- John Huston (7)
Hamlet,1948,(BR) d.- Laurence Olivier (7)
The Red Shoes,1948,"(BR) d.- Michael Powell, Emeric Pressburger (7)"
Oliver Twist,1948,(BR) d.- David Lean (7)
Red River,1948,"d.- Howard Hawks, Arthur Rosson (7)"
Easter Parade,1948,d.- Charles Walters (7)
Key Largo,1948,d.- John Huston (7)
The Fallen Idol,1948,(BR) d.- Carol Reed (7)
Fort Apache,1948,d.- John Ford (7)
Johnny Belinda,1948,d.- Jean Negulesco (7)
The Winslow Boy,1948,(BR) d.- Anthony Asquith (7)
Letter From an Unknown Woman,1948,d.- Max Ophuls (7)
Portrait of Jennie,1948,d.- William Dieterle (7)
I Remember Mama,1948,d.- George Stevens (7)
Unfaithfully Yours,1948,d.- Preston Sturges (6 1/2)
"Sorry, Wrong Number",1948,d.- Anatole Litvak (6 1/2)
The Snake Pit,1948,d.- Anatole Litvak (6 1/2)
The Search,1948,(SW-US) d.- Fred Zinnemann (6 1/2)
Macbeth,1948,d.- Orson Welles (6 1/2)
Abbott and Costello Meet Frankenstein,1948,d.- Charles Barton (6 1/2)
The Naked City,1948,d.- Jules Dassin (6 1/2)
Call Northside 777,1948,d.- Henry Hathaway (6 1/2)
The Big Clock,1948,d.- John Farrow (6 1/2)
Sitting Pretty,1948,d.- Walter Lang (6 1/2)
Force of Evil,1948,d.- Abraham Polonsky (6 1/2)
State of the Union,1948,d.- Frank Capra (6 1/2)
Yellow Sky,1948,d.- William A. Wellman (6 1/2)
Rope,1948,d.- Alfred Hitchcock (6 1/2)
A Foreign Affair,1948,d.- Billy Wilder (6 1/2)
Act of Violence,1948,d.- Fred Zinnemann (6 1/2)
Raw Deal,1948,d.- Anthony Mann (6 1/2)
Moonrise,1948,d.- Frank Borzage (6 1/2)
3 Godfathers,1948,d.- John Ford (6 1/2)
The Paleface,1948,d.- Norman Z. McLeod (6 1/2)
The Street with No Name,1948,d.- William Keighley (6 1/2)
Road House,1948,d.- Jean Negulesco (6 1/2)
The Pirate,1948,d.- Vincente Minnelli (6 1/2)
Mr. Blandings Builds His Dream House,1948,d.- H.C. Potter (6 1/2)
He Walked By Night,1948,d.- Alfred L. Werker (6 1/2)
Saraband for Dead Lovers,1948,(BR) d.- Basil Dearden (6 1/2)
The Three Musketeers,1948,d.- George Sidney (6 1/2)
Apartment for Peggy,1948,d.- George Seaton (6 1/2)
Joan of Arc,1948,d.- Victor Fleming (6 1/2)
A Woman's Vengeance,1948,d.- Zoltan Korda (6 1/2)
Berlin Express,1948,d.- Jacques Tourneur (6 1/2)
The Adventures of Don Juan,1948,d.- Vincent Sherman (6 1/2)
A Song is Born,1948,d.- Howard Hawks (6 1/2)
Pitfall,1948,d.- Andre De Toth (6 1/2)
The Woman in White,1948,d.- Peter Godfrey (6 1/2)
Blood on the Moon,1948,d.- Robert Wise (6 1/2)
London Belongs to Me,1948,(BR) d.- Sidney Gilliat (6 1/2)
Hills of Home,1948,d.- Fred M. Wilcox (6 1/2)
Secret Beyond the Door,1948,d.- Fritz Lang (6 1/2)
The Boy with Green Hair,1948,d.- Joseph Losey (6 1/2)
"Sleep, My Love",1948,d.- Douglas Sirk (6 1/2)
Ruthless,1948,d.- Edgar G. Ulmer (6 1/2)
"So Evil, My Love",1948,(US-BR) d.- Lewis Allen (6 1/2)
The Dark Past,1948,d.- Rudolph Mate (6 1/2)
Command Decision,1948,d.- Sam Wood (6 1/2)
Hollow Triumph,1948,d.- Steve Sekely (6 1/2)
All My Sons,1948,d.- Irving Reis (6 1/2)
Against the Wind,1948,(BR) d.- Charles Crichton (6 1/2)
Words and Music,1948,d.- Norman Taurog (6 1/2)
Anna Karenina,1948,(BR) d.- Julien Duvivier (6 1/2)
The Miracle of the Bells,1948,d.- Irving Pichel (6 1/2)
Rachel and the Stranger,1948,d.- Norman Foster (6 1/2)
The Man from Colorado,1948,d.- Henry Levin (6 1/2)
The Sign of  the Ram,1948,d.- John Sturges (6 1/2)
One Touch of Venus,1948,d.- William A. Seiter (6 1/2)
Four Faces West,1948,d.- Alfred E. Green (6 1/2)
Sleeping Car to Trieste,1948,(BR) d.- John Paddy Carstairs (6 1/2)
Scott of the Antarctic,1948,(BR) d.- John Friend (6 1/2)
To the Ends of the Earth,1948,d.- Robert Stevenson (6 1/2)
Homecoming,1948,d.- Mervyn LeRoy (6 1/2)
The Time of Your Life,1948,d.- H. C. Potter (6 1/2)
Tenth Avenue Angel,1948,d.- Roy Rowland (6 1/2)
Miranda,1948,(BR) d.- Ken Annakin (6 1/2)
The Fuller Brush Man,1948,d.- S. Sylvan Simon (6 1/2)
A Date with Judy,1948,d.- Richard Thorpe (6 1/2)
Romance on the High Seas,1948,d.- Michael Curtiz (6 1/2)
Julia Misbehaves,1948,d.- Jack Conway (6 1/2)
Hollow Triumph,1948,d.- Steve Sekely (6 1/2)
An Act of Murder,1948,d.- Michael Gordon (6 1/2)
Whispering Smith,1948,d.- Leslie Fenton (6 1/2)
Night Song,1948,d.- John Cromwell (6 1/2)
Night Has a Thousand Eyes,1948,d.- John Farrow (6 1/2)
I Walk Alone,1948,d.- Byron Haskin (6 1/2)
Coroner Creek,1948,d.- Ray Enright (6 1/2)
Black Bart,1948,d.- George Sherman (6 1/2)
When My Baby Smiles at Me,1948,d.- Walter Lang (6 1/2)
Mr. Peabody and the Mermaid,1948,d.- Irving Pichel (6 1/2)
The Loves of Carmen,1948,d.- Charles Vidor (6 1/2)
On an Island with You,1948,d.- Richard Thorpe (6 1/2)
Arch of Triumph,1948,d.- Lewis Milestone (6 1/2)
Escape,1948,(BR) d.- Joseph L. Mankiewicz (6 1/2)
Cry of the City,1948,d.- Robert Siodmak (6 1/2)
Whiplash,1948,d.- Lewis Seiler (6 1/2)
Dream Girl,1948,d.- Mitchell Leisen (6 1/2)
The Blind Goddess,1948,(BR) d.- Harold French (6 1/2)
Noose,1948,(BR) d.- Edmond T. Greville (6 1/2)
A Song for Tomorrow,1948,(BR) d.- Terence Fisher (6 1/2)
June Bride,1948,d.- Bretaigne Windust (6 1/2)
Good Sam,1948,d.- Leo McCarey (6 1/2)
Wake of the Red Witch,1948,d.- Edward Ludwig (6 1/2)
The Bride Went Wild,1948,d.- Norman Taurog (6 1/2)
The Guinea Pig,1948,(BR) d.- Roy Boulting (6 1/2)
Walk a Crooked Mile,1948,d.- Gordon Douglas (6 1/2)
Enchantment,1948,d.- Irving Reis (6 1/2)
Behind Locked Doors,1948,d.- Budd Boetticher (6 1/2)
The Emperor Waltz,1948,d.- Billy Wilder (6 1/2)
The Babe Ruth Story,1948,d.- Roy Del Ruth (6 1/2)
A Southern Yankee,1948,d.- Edward Sedgwick (6 1/2)
That Lady in Ermine,1948,d.- Ernst Lubitsch (6 1/2)
The Noose Hangs High,1948,d.- Charles Barton (6 1/2)
Snowbound,1948,(BR) d.- David MacDonald (6 1/2)
Kiss the Blood Off My Hands,1948,d.- Norman Foster (6 1/2)
Smuggler’s Cove,1948,d.- William Beaudine (6 1/2)
Casbah,1948,d.- John Berry (6 1/2)
Station West,1948,d.- Sidney Lanfield (6 1/2)
Every Girl Should Be Married,1948,d.- Don Hartman (6 1/2)
Tap Roots,1948,d.- George Marshall (6 1/2)
So Dear to My Heart,1948,"d.- Harold D. Schuster, Hamilton Luske (6 1/2)"
One Sunday Afternoon,1948,d.- Raoul Walsh (6 1/2)
Three Daring Daughters,1948,d.- Fred M. Wilcox (6 1/2)
The Return of October,1948,d.- Joseph H. Lewis (6 1/2)
That Wonderful Urge,1948,d.- Robert B. Sinclair (6 1/2)
Another Part of the Forest,1948,d.- Michael Gordon (6 1/2)
The Iron Curtain,1948,d.- William A. Wellman (6 1/2)
Silver River,1948,d.- Raoul Walsh (6 1/2)
I Love Trouble,1948,d.- S. Sylvan Simon (6 1/2)
Mexican Hayride,1948,d.- Charles Barton (6 1/2)
Vice Versa,1948,(BR) d.- Peter Ustinov (6 1/2)
The Dude Goes West,1948,d.- Kurt Neumann (6 1/2)
Summer Holiday,1948,d.- Rouben Mamoulian (6 1/2)
The Mating of Millie,1948,d.- Henry Levin (6 1/2)
Luxury Liner,1948,d.- Richard Whorf (6 1/2)
Behind Locked Doors,1948,d.- Budd Boetticher (6 1/2)
You Were Meant for Me,1948,d.- Lloyd Bacon (6 1/2)
The Return of October,1948,d.- Joseph H. Lewis (6 1/2)
Albuquerque,1948,d.- Ray Enright (6 1/2)
The Luck of the Irish,1948,d.- Henry Koster (6 1/2)
Brass Monkey,1948,(BR) d.- Thornton Freeland (6 1/2)
Inner Sanctum,1948,d.- Lew Landers (6 1/2)
Saigon,1948,d.- Leslie Fenton (6)
"Feudin, Fussin’ and A-Fightin’",1948,d.- George Sherman (6)
Docks of New Orleans,1948,d.- Derwin Abrahams (6)
Appointment with Murder,1948,d.- Jack Bernhard (6)
The Saxon Charm,1948,d.- Claude Binyon (6)
For the Love of Mary,1948,d.- Frederick De Cordova (6)
Big City,1948,d.- Norman Taurog (6)
The Velvet Touch,1948,d.- Jack Gage (6)
The Arizona Ranger,1948,d.- John Rawlins (6)
Jungle Patrol,1948,d.- Joseph M. Newman (6)
I Wouldn’t Be in Your Shoes,1948,d.- William Nigh (6)
Noose,1948,(BR) d.- Edmond T. Greville (6)
Scudda Hoo! Scudda Hay!,1948,d.- F. Hugh Herbert (6)
Jungle Jim,1948,d.- William Berke (6)
Canon City,1948,d.- Crane Wilbur (6)
The Walls of Jericho,1948,d.- John M. Stahl (6)
The Third Man,1949,(BR) d.- Carol Reed (7)
All the King's Men,1949,d.- Robert Rossen (7)
A Letter to Three Wives,1949,d.- Joseph L. Mankiewicz (7)
On the Town,1949,"d.- Gene Kelly, Stanley Donen (7)"
Twelve O'Clock High,1949,d.- Henry King (7)
White Heat,1949,d.- Raoul Walsh (7)
D.O.A.,1949,d.- Rudolph Mate (7)
The Heiress,1949,d.- William Wyler (7)
The Set-Up,1949,d.- Robert Wise (7)
Kind Hearts and Coronets,1949,(BR) d.- Robert Hamer (7)
The Queen of Spades,1949,(BR) d.- Thorold Dickinson (7)
She Wore a Yellow Ribbon,1949,d.- John Ford (7)
Champion,1949,d.- Mark Robson (6 1/2)
Panic in the Streets,1949,d.- Elia Kazan (6 1/2)
Battleground,1949,d.- William A. Wellman (6 1/2)
Thieves Highway,1949,d.- Jules Dassin (6 1/2)
They Live by Night,1949,d.- Nicholas Ray  (6 1/2)
Sands of Iwo Jima,1949,d.- Allan Dwan (6 1/2)
Home of the Brave,1949,d.- Mark Robson (6 1/2)
The Glass Mountain,1949,"(BR-IT) d.- Edoardo Anton, Henry Cass (6 1/2)"
Whisky Galore!,1949,(SCOT) d.- Alexander Mackendrick (6 1/2)
The Secret Garden,1949,d.- Fred M. Wilcox (6 1/2)
Criss Cross,1949,d.- Robert Siodmak (6 1/2)
Give Us This Day(Christ in Concrete),1949,(BR) d.- Edward Dmytryk (6 1/2)
Obsession (The Hidden Room),1949,(BR) d.- Edward Dmytryk (6 1/2)
The Hasty Heart,1949,d.- Vincent Sherman (6 1/2)
Passport to Pimlico,1949,(BR) d.- Henry Cornelius (6 1/2)
Come to the Stable,1949,d.- Henry Koster (6 1/2)
The Window,1949,d.- Ted Tetzlaff (6 1/2)
The Inspector General,1949,d.- Henry Koster (6 1/2)
The Alias Nick Beal,1949,d.- John Farrow (6 1/2)
The Reckless Moment,1949,d.- Max Ophuls (6 1/2)
House of Strangers,1949,d.- Joseph L. Mankiewicz (6 1/2)
Pinky,1949,d.- Elia Kazan (6 1/2)
It Happens Every Spring,1949,d.- Lloyd Bacon (6 1/2)
Samson and Delilah,1949,d.- Cecil B. DeMille (6 1/2)
Everybody Does It,1949,d.- Edmund Goulding (6 1/2)
Caught,1949,d.- Max Ophuls (6 1/2)
My Foolish Heart,1949,d.- Mark Robson (6 1/2)
Little Women,1949,d.- Mervyn LeRoy (6 1/2)
Flamingo Road,1949,d.- Michael Curtiz (6 1/2)
Impact,1949,d.- Arthur Lubin (6 1/2)
Prince of Foxes,1949,d.- Henry King (6 1/2)
Border Incident,1949,d.- Anthony Mann (6 1/2)
I Was a Male War Bride,1949,d.- Howard Hawks (6 1/2)
Take Me Out to the Ballgame,1949,d.- Busby Berkeley (6 1/2)
Mighty Joe Young,1949,d.- Ernest B. Schoedsack (6 1/2)
The Stratton Story,1949,d.- Sam Wood (6 1/2)
In the Good Old Summertime,1949,d.- Robert Z. Leonard (6 1/2)
Too Late for Tears,1949,d.- Byron Haskin (6 1/2)
Whirlpool,1949,d.- Otto Preminger (6 1/2)
The Big Steal,1949,d.- Don Siegel (6 1/2)
The Passionate Friends,1949,(BR) d.- David Lean (6 1/2)
The Fountainhead,1949,d.- King Vidor (6 1/2)
Follow Me Quietly,1949,d.- Richard Fleischer (6 1/2)
The Small Back Room,1949,"(BR) d.- Michael Powell, Emeric Pressburger (6 1/2)"
Down to the Sea in Ships,1949,d.- Henry Hathaway (6 1/2)
Neptune's Daughter,1949,d.- Edward Buzzell (6 1/2)
The Blue Lagoon,1949,(BR) d.- Frank Launder (6 1/2)
Mr. Belvedere Goes to College,1949,d.- Elliott Nugent (6 1/2)
Reign of Terror,1949,d.- Anthony Mann (6 1/2)
The Undercover Man,1949,d.- Joseph H. Lewis (6 1/2)
"Abbott and Costello Meet the Killer, Boris Karloff",1949,d.- Charles Barton (6 1/2)
Ma and Pa Kettle,1949,d.- Charles Lamont (6 1/2)
Slattery’s Hurricane,1949,d.- Andre De Toth (6 1/2)
Africa Screams,1949,d.- Charles Barton (6 1/2)
Madame Bovary,1949,d.- Vincente Minnelli (6 1/2)
The Barkleys of Broadway,1949,d.- Charles Walters (6 1/2)
Abandoned,1949,d.- Joseph M. Newman (6 1/2)
Lust For Gold,1949,d.- S. Sylvan Simon (6 1/2)
Scene of the Crime,1949,d.- Roy Rowland (6 1/2)
"Edward, My Son",1949,d.- George Cukor (6 1/2)
The Great Lover,1949,d.- Alexander Hall (6 1/2)
Black Magic,1949,d.- (US-IT) Gregory Ratoff (6 1/2)
A Connecticut Yankee In King Arthur's Court,1949,d.- Tay Garnett (6 1/2)
The Red Pony,1949,d.- Lewis Milestone (6 1/2)
I Shot Jesse James,1949,d.- Samuel Fuller (6 1/2)
A Run for Your Money,1949,(BR) d.- Charles Frend (6 1/2)
City Across The River,1949,d.- Maxwell Shane (6 1/2)
Look For the Silver Lining,1949,d.- David Butler (6 1/2)
Tulsa,1949,d.- Stuart Heisler (6 1/2)
Colorado Territory,1949,d.- Raoul Walsh (6 1/2)
The Red Danube,1949,d.- George Sidney (6 1/2)
The Sun Comes Up,1949,d.- Richard Thorpe (6 1/2)
The Great Gatsby,1949,d.- Elliott Nugent (6 1/2)
My Friend Irma,1949,d.- George Marshall (6 1/2)
Knock on Any Door,1949,d.- Nicholas Ray (6 1/2)
Adam and Evelyne,1949,d.- Harold French (6 1/2)
The Story of Seabiscuit,1949,d.- David Butler (6 1/2)
Everybody Does It,1949,d.- Edmund Goulding (6 1/2)
The Spider and the Fly,1949,(BR) d.- Robert Hamer (6 1/2)
The Lady Gambles,1949,d.- Michael Gordon (6 1/2)
Task Force,1949,d.- Delmer Daves (6 1/2)
Christopher Columbus,1949,(BR) d.- David MacDonald (6 1/2)
Malaya,1949,d.- Richard Thorpe (6 1/2)
Unconquered,1949,d.- Cecil B. DeMille (6 1/2)
The Beautiful Blonde from Bashful Bend,1949,d.- Preston Sturges (6 1/2)
Chicken Every Sunday,1949,d.- George Seaton (6 1/2)
Rope of  Sand,1949,d.- William Dieterle (6 1/2)
Conspirator,1949,(BR) d.- Victor Saville (6 1/2)
Always Leave Them Laughing,1949,d.- Roy Del Ruth (6 1/2)
Under Capricorn,1949,(BR) d.- Alfred Hitchcock (6 1/2)
Easy Living,1949,d.- Jacques Tourneur (6 1/2)
A Run for Your Money,1949,(BR) d.- Charles Frend (6 1/2)
Any Number Can Play,1949,d.- Mervyn LeRoy (6 1/2)
Big Jack,1949,d.- Richard Thorpe (6 1/2)
The Big Wheel,1949,d.- Edward Ludwig (6 1/2)
Tension,1949,d.- John Berry (6 1/2)
Miss Grant Takes Richmond,1949,d.- Lloyd Bacon (6 1/2)
Challenge to Lassie,1949,d.- Richard Thorpe (6 1/2)
Tell It to the Judge,1949,d.- Norman Foster (6 1/2)
The Clay Pigeon,1949,d.- Richard Fleischer (6 1/2)
Holiday Affair,1949,d.- Don Hartman (6 1/2)
The History of Mr. Polly,1949,(BR) d.- Anthony Pelissier (6 1/2)
The Great Sinner,1949,d.- Robert Siodmak (6 1/2)
Shockproof,1949,d.- Douglas Sirk (6 1/2)
"Once More, My Darling",1949,d.- Robert Montgomery (6 1/2)
My Dream is Yours,1949,"d.- Michael Curtiz, Fritz Freleng (6 1/2)"
For Them That Trespass,1949,(BR) d.- Alberto Cavalcanti (6 1/2)
The Threat,1949,d.- Felix E. Feist (6 1/2)
"East Side, West Side",1949,d.- Mervyn LeRoy (6 1/2)
And Baby Makes Three,1949,d.- Henry Levin (6 1/2)
Beyond the Forest,1949,d.- King Vidor (6 1/2)
The Last Days of Dolwyn,1949,"(BR) d.- Russell Lloyd, Emlyn Williams (6 1/2)"
Manhandled,1949,d.- Lewis R. Foster (6 1/2)
The Woman on Pier 13,1949,d.- Robert Stevenson (6 1/2)
Port of New York,1949,d.- Laslo Benedek (6 1/2)
Love Happy,1949,d.- David Miller (6 1/2)
Chicago Deadline,1949,d.- Lewis Allen (6 1/2)
The Bribe,1949,d.- Robert Z. Leonard (6 1/2)
Fools Rush In,1949,(BR) d.- John Paddy Carstairs (6 1/2)
Sons of Matthew,1949,(AUS) d.- Charles Chauvel (6 1/2)
Roseanna McCoy,1949,d.- Irving Reis (6 1/2)
Trottie True,1949,(BR) d.- Brian Desmond Hurst (6 1/2)
A Kiss in the Dark,1949,d.- Delmer Daves (6 1/2)
A Woman’s Secret,1949,d.- Nicholas Ray (6 1/2)
The Great Dan Patch,1949,d.- Joseph M. Newman (6 1/2)
It’s a Great Feeling,1949,d.- David Butler (6 1/2)
Mother Is a Freshman,1949,d.- Lloyd Bacon (6 1/2)
Brimstone,1949,d.- Joseph Kane (6 1/2)
Father Was a Fullback,1949,d.- John M. Stahl (6 1/2)
Trapped,1949,d.- Richard Fleischer (6 1/2)
Not Wanted,1949,"d.- Elmer Clifton, Ida Lupino (6 1/2)"
Streets of Laredo,1949,d.- Leslie Fenton (6 1/2)
The Man on the Eiffel Tower,1949,(US-FR) d.- Burgess Meredith (6 1/2)
John Loves Mary,1949,d.- David Butler (6 1/2)
Song of India,1949,d.- Albert S. Rogell (6 1/2)
That Midnight Kiss,1949,d.- Norman Taurog (6 1/2)
That Forsyte Woman,1949,d.- Compton Bennett (6 1/2)
The Fan,1949,d.- Otto Preminger (6 1/2)
A Kiss in the Dark,1949,d.- Delmer Daves (6 1/2)
"Oh, You Beautiful Doll",1949,d.- John M. Stahl (6 1/2)
The Big Cat,1949,d.- Phil Karlson (6 1/2)
Sorrowful Jones,1949,d.- Sidney Lanfield (6 1/2)
Undertow,1949,d.- William Castle (6 1/2)
The Accused,1949,d.- William Dieterle (6 1/2)
Eureka Stockade,1949,(AUS-BR) d.- Harry Watt (6 1/2)
The Crooked Way,1949,d.- Robert Florey (6 1/2)
Tokyo Joe,1949,d.- Stuart Heisler (6 1/2)
Mr. Soft Touch,1949,"d.- Gordon Douglas, Henry Levin (6 1/2)"
Flaxy Martin,1949,d.- Richard L. Bare (6 1/2)
The Fighting Kentuckian,1949,d.- George Waggner (6 1/2)
Cover Up,1949,d.- Alfred E. Green (6)
Man in Black,1949,(BR) d.- Francis Searle (6)
Johnny Stool Pigeon,1949,d.- William Castle (6)
Red Light,1949,d.- Roy Del Ruth (6)
Roughshod,1949,d.- Mark Robson (6)
My Dear Secretary,1949,d.- Charles Martin (6)
Canadian Pacific,1949,d.- Edwin L. Marin (6)
Johnny Holiday,1949,d.- Willis Goldbeck (6)
Bagdad,1949,d.- Charles Lamont (6)
Don’t Ever Leave Me,1949,(BR) d.- Arthur Crabtree (6)
All About Eve,1950,d.- Joseph L. Mankiewicz (7)
Sunset Blvd.,1950,d.- Billy Wilder (7)
Born Yesterday,1950,d.- George Cukor (7)
The Asphalt Jungle,1950,d.- John Huston (7)
Adam's Rib,1950,d.- George Cukor (7)
Born Yesterday,1950,d.- George Cukor (7)
Night and the City,1950,(BR) d.- Jules Dassin (7)
Winchester '73,1950,d.- Anthony Mann (7)
King Solomon's Mines,1950,"d.- Compton Bennett, Andrew Marton (7)"
Stars In My Crown,1950,d.- Jacques Tourneur (7)
Cyrano de Bergerac,1950,d.- Michael Gordon (7)
Harvey,1950,d.- Henry Koster (7)
Father of the Bride,1950,d.- Vincente Minnelli (6 1/2)
In a Lonely Place,1950,d.- Nicholas Ray (6 1/2)
Rio Grande,1950,d.- John Ford (6 1/2)
The Gunfighter,1950,d.- Henry King (6 1/2)
Treasure Island,1950,(US-BR) d.- Byron Haskin (6 1/2)
Gun Crazy (Deadly is the Female),1950,d.- Joseph H. Lewis (6 1/2)
Annie Get Your Gun,1950,d.- George Sidney (6 1/2)
Seven Days to Noon,1950,"(BR) d.- John Boulting, Roy Boulting (6 1/2)"
The Breaking Point,1950,d.- Michael Curtiz (6 1/2)
The Men,1950,d.- Fred Zinnemann (6 1/2)
Cheaper by the Dozen,1950,d.- Walter Lang (6 1/2)
Caged,1950,d.- John Cromwell (6 1/2)
No Man of Her Own,1950,d.- Mitchell Leisen (6 1/2)
No Way Out,1950,d.- Joseph L. Mankiewicz (6 1/2)
The Happiest Days of Your Life,1950,(BR) d.- Frank Launder (6 1/2)
Last Holiday,1950,(BR) d.- Henry Cass (6 1/2)
The File on Thelma Jordon,1950,d.- Robert Siodmak (6 1/2)
Broken Arrow,1950,d.- Delmer Daves (6 1/2)
The Blue Lamp,1950,(BR) d.- Basil Dearden (6 1/2)
Side Street,1950,d.- Anthony Mann (6 1/2)
The Magnificent Yankee,1950,d.- John Sturges (6 1/2)
Mr. 880,1950,d.- Edmund Goulding (6 1/2)
Morning Departure,1950,(BR) d.- Roy Ward Baker (6 1/2)
The Furies,1950,d.- Anthony Mann (6 1/2)
The Flame and the Arrow,1950,d.- Jacques Tourneur (6 1/2)
Three Came Home,1950,d.- Jean Negulesco (6 1/2)
Wagon Master,1950,d.- John Ford (6 1/2)
House by the River,1950,d.- Fritz Lang (6 1/2)
Where the Sidewalk Ends,1950,d.- Otto Preminger (6 1/2)
Mystery Street,1950,d.- John Sturges (6 1/2)
No Man of Her Own,1950,d.- Mitchell Leisen (6 1/2)
Young Man with a Horn,1950,d.- Michael Curtiz (6 1/2)
So Long at the Fair,1950,"(BR) d.- Antony Darnborough, Terence Fisher (6 1/2)"
The Jackie Robinson Story,1950,d.- Alfred E. Green (6 1/2)
Stage Fright,1950,(BR) d.- Alfred Hitchcock (6 1/2)
Armored Car Robbery,1950,d.- Richard Fleischer (6 1/2)
The Good Humour Man,1950,d.- Lloyd Bacon (6 1/2)
State Secret,1950,(BR) d.- Sidney Gilliat (6 1/2)
Louisa,1950,d.- Alexander Hall (6 1/2)
Tea for Two,1950,d.- David Butler (6 1/2)
711 Ocean Drive,1950,d.- Joseph M. Newman (6 1/2)
Harriet Craig,1950,d.- Vincent Sherman (6 1/2)
Madeleine,1950,(BR) d.- David Lean (6 1/2)
Three Little Words,1950,d.- Richard Thorpe (6 1/2)
Union Station,1950,d.- Rudolph Mate (6 1/2)
The Wooden Horse,1950,(BR) d.- Jack Lee (6 1/2)
Summer Stock,1950,d.- Charles Walters (6 1/2)
My Friend Irma Goes West,1950,d.- Hal Walker (6 1/2)
Champagne for Caesar,1950,d.- Richard Whorf (6 1/2)
Devil’s Doorway,1950,d.- Anthony Mann (6 1/2)
The Mudlark,1950,(BR-US) d.- Jean Negulesco (6 1/2)
The Halls of Montezuma,1950,d.- Lewis Milestone (6 1/2)
The Showdown,1950,"d.- Dorrell McGowan, Stuart E. McGowan (6 1/2)"
The Rocking Horse Winner,1950,(BR) d.- Anthony Pellissier (6 1/2)
The Fireball,1950,d.- Tay Garnett (6 1/2)
Kiss Tomorrow Goodbye,1950,d.- Gordon Douglas (6 1/2)
The Underworld Story,1950,d.- Cy Endfield (6 1/2)
No Sad Songs For Me,1950,d.- Rudolph Mate (6 1/2)
September Affair,1950,d.- William Dieterle (6 1/2)
Fancy Pants,1950,d.- George Marshall (6 1/2)
The Damned Don’t Cry,1950,d.- Vincent Sherman (6 1/2)
Kill the Umpire,1950,d.- Lloyd Bacon (6 1/2)
Woman on the Run,1950,d.- Norman Foster (6 1/2)
Odette,1950,(BR) d.- Herbert Wilcox (6 1/2)
The Black Rose,1950,d.- Henry Hathaway (6 1/2)
Branded,1950,d.- Rudolph Mate (6 1/2)
The Miniver Story,1950,d.- H. C. Potter (6 1/2)
The Happy Years,1950,d.- William A. Wellman (6 1/2)
Two Weeks with Love,1950,d.- Roy Rowland (6 1/2)
Ma and Pa Kettle Go to Town,1950,d.- Charles Lamont (6 1/2)
The Glass Menagerie,1950,d.- Irving Rapper (6 1/2)
The Fuller Brush Girl,1950,d.- Lloyd Bacon (6 1/2)
Gone to Earth,1950,"(BR) d.- Michael Powell, Emeric Pressberger (6 1/2)"
Let’s Dance,1950,d.- Norman Z. McLeod (6 1/2)
Edge of Doom,1950,d.- Mark Robson (6 1/2)
The Killer That Stalked New York,1950,d.- Earl McEvoy (6 1/2)
Between Midnight and Dawn,1950,d.- Gordon Douglas (6 1/2)
Backfire,1950,d.- Vincent Sherman (6 1/2)
Three Secrets,1950,d.- Robert Wise (6 1/2)
The White Tower,1950,d.- Ted Tetzlaff (6 1/2)
The Baron of Arizona,1950,d.- Samuel Fuller (6 1/2)
To Please a Lady,1950,d.- Clarence Brown (6 1/2)
Mr. Music,1950,d.- Richard Haydn (6 1/2)
The Toast of New Orleans,1950,d.- Norman Taurog (6 1/2)
The Next Voice You Hear…,1950,d.- William A. Wellman (6 1/2)
Quicksand,1950,d.- Irving Pichel (6 1/2)
Waterfront,1950,(BR) d.- Michael Anderson (6 1/2)
Kim,1950,d.- Victor Saville (6 1/2)
"Francis, the Talking Mule",1950,d.- Arthur Lubin (6 1/2)
Crisis,1950,d.- Richard Brooks (6 1/2)
Born to be Bad,1950,d.- Nicholas Ray (6 1/2)
Bright Leaf,1950,d.- Michael Curtiz (6 1/2)
Destination Moon,1950,d.- Irving Pichel (6 1/2)
The Yellow Cab Man,1950,d.- Jack Donohue (6 1/2)
The Lawless,1950,d.- Joseph Losey (6 1/2)
"Walk Softly, Stranger",1950,d.- Robert Stevenson (6 1/2)
The Reformer and the Redhead,1950,"d.- Melvin Frank, Norman Panama (6 1/2)"
Gunman in the Streets,1950,(FR) d.- Frank Tuttle (6 1/2)
Right Cross,1950,d.- John Sturges (6 1/2)
The Capture,1950,d.- John Sturges (6 1/2)
Our Very Own,1950,d.- David Miller (6 1/2)
The Jackpot,1950,d.- Walter Lang (6 1/2)
Outrage,1950,d.- Ida Lupino (6 1/2)
Where Danger Lives,1950,d.- John Farrow (6 1/2)
The Daughter of Rosie O’Grady,1950,d.- David Butler (6 1/2)
Dial 1119,1950,d.- Gerald Mayer (6 1/2)
Key to the City,1950,d.- George Sidney (6 1/2)
Two Flags West,1950,d.- Robert Wise (6 1/2)
Borderline,1950,d.- William A. Seiter (6 1/2)
Highly Dangerous,1950,(BR) d.- Roy Ward Baker (6 1/2)
Destination Moon,1950,d.- Irving Pichel (6 1/2)
Abbott and Costello in the Foreign Legion,1950,d.- Charles Lamont (6 1/2)
Convicted,1950,d.- Henry Levin (6 1/2)
Nancy Goes to Rio,1950,d.- Robert Z. Leonard (6 1/2)
Duchess of Idaho,1950,d.- Robert Z. Leonard (6 1/2)
The Nevadan,1950,d.- Gordon Douglas (6 1/2)
The Woman in Question,1950,(BR) d.- Anthony Asquith (6 1/2)
Mule Train,1950,d.- John English (6)
Wabash Avenue,1950,d.- Henry Koster (6 1/2)
Rocketship X-M,1950,d.- Kurt Neumann (6 1/2)
The Daughter of Rosie O’Grady,1950,d.- David Butler (6 1/2)
Montana,1950,d.- Ray Enright (6 1/2)
A Woman of Distinction,1950,d.- Edward Buzzell (6 1/2)
The Desert Hawk,1950,d.- Frederick De Cordova (6 1/2)
A Life of Her Own,1950,d.- George Cukor (6 1/2)
The Big Lift,1950,d.- George Seaton (6 1/2)
Golden Salamander,1950,(BR) d.- Ronald Neame (6 1/2)
"Trigger, Jr.",1950,d.- William Witney (6 1/2)
Convicted,1950,d.- Henry Levin (6 1/2)
The Great Rupert,1950,d.- Irving Pichel (6 1/2)
Dallas,1950,d.- Stuart Heisler (6 1/2)
For Heaven’s Sake,1950,d.- George Seaton (6 1/2)
Curtain Call at Cactus Creek,1950,d.- Charles Lamont (6 1/2)
Destination Murder,1950,d.- Edward L. Cahn (6 1/2)
The Big Hangover,1950,d.- Norman Krasna (6 1/2)
Highly Dangerous,1950,(BR) d.- Roy Ward Baker (6 1/2)
Right Cross,1950,d.- John Sturges (6 1/2)
Kansas Raiders,1950,d.- Ray Enright (6 1/2)
Mule Train,1950,d.- John English (6 1/2)
Chain Lightning,1950,d.- Stuart Heisler (6 1/2)
Black Hand,1950,d.- Richard Thorpe (6 1/2)
A Lady Without Passport,1950,d.- Joseph H. Lewis (6 1/2)
The Outriders,1950,d.- Roy Rowland (6 1/2)
My Blue Heaven,1950,d.- Henry Koster (6 1/2)
Sierra,1950,d.- Alfred E. Green (6 1/2)
The Magnet,1950,(BR) d.- Charles Frend (6 1/2)
Rocky Mountain,1950,d.- William Keighley (6)
"Walk Softly, Stranger",1950,d.- Robert Stevenson (6)
Storm Over Wyoming,1950,d.- Lesley Selander (6)
Blonde Dynamite,1950,d.- William Beaudine (6)
I’ll Get By,1950,d.- Richard Sale (6)
Julius Caesar,1950,d.- David Bradley (6)
Rock Island Trail,1950,d.- Joseph Kane (6)
Mr. Music,1950,d.- Richard Haydn (6)
The Second Woman,1950,d.- James V. Kern (6)
Let’s Dance,1950,d.- Norman Z. McLeod (6)
The Magnet,1950,(BR) d.- Charles Frend (6)
Watch the Birdie,1950,d.- Jack Donohue (6)
Unmasked,1950,d.- George Blair (6)
Please Believe Me,1950,d.- Norman Taurog (6)
Peggy,1950,d.- Frederick De Cordova (6)
Tarzan and the Slave Girl,1950,d.- Lee Sholem (5 1/2)
Shadow on the Wall,1950,d.- Pat Jackson (5 1/2)
A Streetcar Named Desire,1951,d.- Elia Kazan (7)
An American In Paris,1951,d.- Vincente Minnelli (7)
The African Queen,1951,d.- John Huston (7)
The Day the Earth Stood Still,1951,d.- Robert Wise (7)
A Place in the Sun,1951,d.- George Stevens (7)
Scrooge(A Christmas Carol),1951,(BR) d.- Brian Desmond-Hurst (7)
The River,1951,(FR-IND) d.- Jean Renoir (7)
Strangers on a Train,1951,d.- Alfred Hitchcock (7)
The Browning Version,1951,(BR) d.- Anthony Asquith (7)
The Lavender Hill Mob,1951,(BR) d.- Charles Crichton (7)
Ace In The Hole(The Big Carnival),1951,d.- Billy Wilder (7)
The Thing From Another World,1951,"d.- Christian Nyby, Howard Hawks (7)"
Quo Vadis?,1951,d.- Mervyn LeRoy (6 1/2)
People Will Talk,1951,d.- Joseph L. Mankiewicz (6 1/2)
"Cry, the Beloved Country",1951,(BR) d.- Zoltan Korda (6 1/2)
Detective Story,1951,d.- William Wyler (6 1/2)
Death of a Salesman,1951,d.- Lazslo Benedek (6 1/2)
The Tales of Hoffmann,1951,"(BR) d.- Michael Powell, Emeric Pressberger (6 1/2)"
The Lemon Drop Kid,1951,d.- Sidney Lanfield (6 1/2)
Show Boat,1951,d.- George Sidney (6 1/2)
The Steel Helmet,1951,d.- Samuel Fuller (6 1/2)
The Desert Fox: The Story of Rommel,1951,d.- Henry Hathaway (6 1/2)
The Red Badge of Courage,1951,d.- John Huston (6 1/2)
The Blue Veil,1951,d.- Curtis Bernhardt (6 1/2)
The Magic Box,1951,(BR) d.- John Boulting (6 1/2)
Angels in the Outfield,1951,d.- Clarence Brown (6 1/2)
The Mating Season,1951,d.- Mitchell Leisen (6 1/2)
Bright Victory,1951,d.- Mark Robson (6 1/2)
The Clouded Yellow,1951,(BR) d.- Ralph Thomas (6 1/2)
The Great Caruso,1951,d.- Richard Thorpe (6 1/2)
Captain Horatio Hornblower R.N.,1951,(BR-US) d.- Raoul Walsh (6 1/2)
No Highway(In the Sky),1951,(BR) d.- Henry Koster (6 1/2)
The House in the Square,1951,(BR) d.- Roy Ward Baker (6 1/2)
I’d Climb the Highest Mountain,1951,d.- Henry King (6 1/2)
Westward the Women,1951,d.- William A. Wellman (6 1/2)
The Well,1951,"d.- Leo C. Popkin, Russell Rouse (6 1/2)"
Father’s Little Dividend,1951,d.- Vincente Minnelli (6 1/2)
Royal Wedding,1951,d.- Stanley Donen (6 1/2)
Decision Before Dawn,1951,d.- Anatole Litvak (6 1/2)
I Can Get It for You Wholesale,1951,d.- Michael Gordon (6 1/2)
On Moonlight Bay,1951,d.- Roy Del Ruth (6 1/2)
His Kind of Woman,1951,d.- John Farrow (6 1/2)
Jim Thorpe--All American,1951,d.- Michael Curtiz (6 1/2)
Abbott and Costello Meet the Invisible Man,1951,d.- Charles Lamont (6 1/2)
Mr. Belvedere Rings the Bell,1951,d.- Henry Koster (6 1/2)
Fourteen Hours,1951,d.- Henry Hathaway (6 1/2)
Thunder on the Hill,1951,d.- Douglas Sirk (6 1/2)
The Prowler,1951,d.- Joseph Losey (6 1/2)
Along the Great Divide,1951,d.- Raoul Walsh (6 1/2)
Anne of the Indies,1951,d.- Jacques Tourneur (6 1/2)
A Millionaire For Christy,1951,d.- George Marshall (6 1/2)
The House on Telegraph Hill,1951,d.- Robert Wise (6 1/2)
Payment on Demand,1951,d.- Curtis Bernhardt (6 1/2)
The Frogmen,1951,d.- Lloyd Bacon (6 1/2)
I’ll See You In My Dreams,1951,d.- Michael Curtiz (6 1/2)
The People Against O’Hara,1951,d.- John Sturges (6 1/2)
Up Front,1951,d.- Alexander Hall (6 1/2)
M,1951,d.- Joseph Losey (6 1/2)
The Tall Target,1951,d.- Anthony Mann (6 1/2)
Tomorrow is Another Day,1951,d.- Felix E. Feist (6 1/2)
Pandora and the Flying Dutchman,1951,(BR) d.- Albert Lewin (6 1/2)
David and Bathsheba,1951,d.- Henry King (6 1/2)
Come Fill the Cup,1951,d.- Gordon Douglas (6 1/2)
Cry Danger,1951,d.- Robert Parrish (6 1/2)
Rawhide,1951,d.- Henry Hathaway (6 1/2)
The Bullfighter and the Lady,1951,d.- Budd Boetticher (6 1/2)
The Racket,1951,d.- John Cromwell (6 1/2)
Lullaby of Broadway,1951,d.- David Butler (6 1/2)
Here Comes the Groom,1951,d.- Frank Capra (6 1/2)
Vengeance Valley,1951,d.- Richard Thorpe (6 1/2)
The Strange Door,1951,d.- Joseph Pevney (6 1/2)
Rhubarb,1951,d.- Arthur Lubin (6 1/2)
Fixed Bayonets!,1951,d.- Samuel Fuller (6 1/2)
The Enforcer,1951,d.- Bretaigne Windust (6 1/2)
When Worlds Collide,1951,d.- Rudolph Mate (6 1/2)
The Mob,1951,d.- Robert Parrish (6 1/2)
Tarzan’s Peril,1951,d.- Byron Haskin (6 1/2)
The Texas Rangers,1951,d.- Phil Karlson (6 1/2)
On the Riviera,1951,d.- Walter Lang (6 1/2)
Best of the Badmen,1951,d.- William D. Russell (6 1/2)
Five,1951,d.- Arch Oboler (6 1/2)
As Young as You Feel,1951,d.- Harmon Jones (6 1/2)
Kind Lady,1951,d.- John Sturges (6 1/2)
Operation Pacific,1951,d.- George Waggner (6 1/2)
Bird of Paradise,1951,d.- Delmer Daves (6 1/2)
Callaway Went Thataway,1951,"d.- Melvin Frank, Norman Panama (6 1/2)"
The Model and the Marriage Broker,1951,d.- George Cukor (6 1/2)
Sirocco,1951,d.- Curtis Bernhardt (6 1/2)
Under the Gun,1951,d.- Ted Tetzlaff (6 1/2)
He Ran All the Way,1951,d.- John Berry (6 1/2)
Soldiers Three,1951,d.- Tay Garnett (6 1/2)
The Great Missouri Raid,1951,d.- Gordon Douglas (6 1/2)
"Hard, Fast and Beautiful",1951,d.- Ida Lupino (6 1/2)
Go for Broke!,1951,d.- Robert Pirosh (6 1/2)
You’re in the Navy Now,1951,d.- Henry Hathaway (6 1/2)
Follow the Sun,1951,d.- Sidney Lanfield (6 1/2)
Three Guys Named Mike,1951,d.- Charles Walters (6 1/2)
"Goodbye, My Fancy",1951,d.- Vincent Sherman (6 1/2)
The Big Night,1951,d.- Joseph Losey (6 1/2)
The Man from Planet X,1951,d.- Edgar G. Ulmer (6 1/2)
Roadblock,1951,d.- Harold Daniels (6 1/2)
Storm Warning,1951,d.- Stuart Heisler (6 1/2)
Sealed Cargo,1951,d.- Alfred L. Werker (6 1/2)
Another Man’s Poison,1951,(BR) d.- Irving Rapper (6 1/2)
Love Nest,1951,d.- Joseph M. Newman (6 1/2)
Ma and Pa Kettle Back on the Farm,1951,d.- Edward Sedgwick (6 1/2)
Whispering Smith Hits London,1951,(BR) d.- Francis Searle (6 1/2)
Only the Valiant,1951,d.- Gordon Douglas (6 1/2)
Texas Carnival,1951,d.- Charles Walters (6 1/2)
Ghost Chasers,1951,d.- William Beaudine (6 1/2)
Where No Vultures Fly,1951,(BR) d.- Harry Watt (6 1/2)
Ten Tall Men,1951,d.- Willis Goldbeck (6 1/2)
My Favorite Spy,1951,d.- Norman Z. McLeod (6 1/2)
Flying Leathernecks,1951,d.- Nicholas Ray (6 1/2)
Teresa,1951,d.- Fred Zinnemann (6 1/2)
Comin’ Round the Mountain,1951,d.- Charles Lamont (6 1/2)
Pool of London,1951,(BR) d.- Basil Dearden (6 1/2)
The Man with a Cloak,1951,d.- Fletcher Markle (6 1/2)
The Scarf,1951,d.- Ewald Andre Dupont (6 1/2)
Saturday’s Hero,1951,d.- David Miller (6 1/2)
You’re in the Navy Now,1951,d.- Henry Hathaway (6 1/2)
Distant Drums,1951,d.- Raoul Walsh (6 1/2)
Excuse My Dust,1951,d.- Roy Rowland (6 1/2)
Meet Danny Wilson,1951,d.- Joseph Pevney (6 1/2)
Hollywood Story,1951,d.- William Castle (6 1/2)
The Whip Hand,1951,d.- William Cameron Menzies (6 1/2)
Cause for Alarm,1951,d.- Tay Garnett (6 1/2)
Cloudburst,1951,(BR) d.- Francis Searle (6 1/2)
Tomahawk,1951,d.- George Sherman (6 1/2)
The Law and the Lady,1951,d.- Edwin H. Knopf (6 1/2)
Drums of the Deep South,1951,d.- William Cameron Menzies (6 1/2)
Escapade,1951,(BR) d.- Philip Leacock (6 1/2)
Bedtime for Bonzo,1951,d.- Frederick De Cordova (6)
Stronghold,1951,d.- Steve Sekely (6 1/2)
Happy Go Lovely,1951,(BR) d.- H. Bruce Humberstone (6 1/2)
Fort Worth,1951,d.- Edwin L. Marin (6 1/2)
The 13th Letter,1951,d.- Otto Preminger (6 1/2)
The Secret of Convict Lake,1951,d.- Michael Gordon (6 1/2)
The Unknown Man,1951,d.- Richard Thorpe (6 1/2)
Behave Yourself,1951,d.- George Beck (6 1/2)
Double Dynamite,1951,d.- Irving Cummings (6 1/2)
My Forbidden Past,1951,d.- Robert Stevenson (6 1/2)
I Want You,1951,d.- Mark Robson (6 1/2)
The Law and the Lady,1951,d.- Edwin H. Knopf (6)
Two Dollar Bettor,1951,d.- Edward L. Cahn (6)
Pickup,1951,d.- Hugo Haas (6)
Gunplay,1951,d.- Lesley Selander (6)
Little Big Horn,1951,d.- Charles Marquis Warren (6)
Circle of Danger,1951,(BR) d.- Jacques Tourneur (6)
Two Tickets to Broadway,1951,d.- James V. Kern (6)
You Never Can Tell,1951,d.- Lou Breslow (6)
Flight to Mars,1951,d.- Lesley Selander (6)
You Can Never Tell,1951,d.- Lou Breslow (6)
Double Dynamite,1951,d.- Irving Cummings (5 1/2)
Let’s Make it Legal,1951,d.- Richard Sale (5 1/2)
Roadblock,1951,d.- Harold Daniels (5 1/2)
Tom Brown’s Schooldays,1951,(BR) d.- Gordon Parry (5 1/2)
Singin' in the Rain,1952,"d.- Stanley Donen, Gene Kelly (7)"
High Noon,1952,d.- Fred Zinnemann (7)
The Quiet Man,1952,d.- John Ford (7)
"Come Back, Little Sheba",1952,d.- Daniel Mann (7)
The Bad and the Beautiful,1952,d.- Vincente Minnelli (7)
Five Fingers,1952,d.- Joseph L. Mankiewicz (7)
The Tragedy of Othello: The Moor of Venice (US-IT-FR-MO),1952,d.- Orson Welles (7)
The Crimson Pirate,1952,d.- Robert Siodmak (7)
The Greatest Show On Earth,1952,d.- Cecil B. DeMille (7)
Scaramouche,1952,d.- George Sidney (6 1/2)
Monkey Business,1952,d.- Howard Hawks (6 1/2)
Viva Zapata,1952,d.- Elia Kazan (6 1/2)
Moulin Rouge,1952,(BR) d.- John Huston (6 1/2)
The Member of the Wedding,1952,d.- Fred Zinnemann (6 1/2)
The Importance of Being Earnest,1952,(BR) d.- Anthony Asquith (6 1/2)
With a Song in My Heart,1952,d.- Walter Lang (6 1/2)
Pat and Mike,1952,d.- George Cukor (6 1/2)
On Dangerous Ground,1952,d.- Nicholas Ray (6 1/2)
Son of Paleface,1952,d.- Frank Tashlin (6 1/2)
The Belles of  St. Trinian's,1952,(BR) d.- Frank Launder (6 1/2)
Mandy,1952,"(BR) d.- Alexander Mackendrick, Fred F. Sears (6 1/2)"
Ivanhoe,1952,d.- Richard Thorpe (6 1/2)
Stars and Stripes Forever,1952,d.- Henry Koster (6 1/2)
The Narrow Margin,1952,d.- Richard Fleischer (6 1/2)
Bend of the River,1952,d.- Anthony Mann (6 1/2)
Limelight,1952,d.- Charles Chaplin (6 1/2)
Clash by Night,1952,d.- Fritz Lang (6 1/2)
Sudden Fear,1952,d.- David Miller (6 1/2)
Road to Bali,1952,d.- Hal Walker (6 1/2)
The Holly and the Ivy,1952,(BR) d.- George More O’Ferrall (6 1/2)
Carrie,1952,d.- William Wyler (6 1/2)
Deadline – U.S.A.,1952,d.- Richard Brooks (6 1/2)
Rancho Notorious,1952,d.- Fritz Lang (6 1/2)
Outcast of the Islands,1952,(BR) d.- Carol Reed (6 1/2)
My Cousin Rachel,1952,d.- Henry Koster (6 1/2)
Phone Call from a Stranger,1952,d.- Jean Negulesco (6 1/2)
The Long Memory,1952,(BR) d.- Robert Hamer (6 1/2)
The Big Sky,1952,d.- Howard Hawks (6 1/2)
Kansas City Confidential,1952,d.- Phil Karlson (6 1/2)
Million Dollar Mermaid,1952,d.- Mervyn LeRoy (6 1/2)
Hunted,1952,(BR) d.- Charles Crichton (6 1/2)
Scandal Sheet,1952,d.- Phil Karlson (6 1/2)
Dreamboat,1952,d.- Claude Binyon (6 1/2)
Angel Face,1952,d.- Otto Preminger (6 1/2)
The Miracle of Our Lady of Fatima,1952,d.- John Brahm (6 1/2)
The Star,1952,d.- Stuart Heisler (6 1/2)
Lovely to Look At,1952,d.- Mervyn LeRoy (6 1/2)
The Prisoner of Zenda,1952,d.- Richard Thorpe (6 1/2)
The Snows of Kilmanjaro,1952,d.- Henry King (6 1/2)
Les Miserables,1952,d.- Lewis Milestone (6 1/2)
Don’t Bother to Knock,1952,d.- Roy Ward Baker (6 1/2)
The Sound Barrier,1952,(BR) d.- David Lean (6 1/2)
The Lusty Men,1952,d.- Nicholas Ray (6 1/2)
Against All Flags,1952,d.- George Sherman (6 1/2)
"Beware, My Lovely",1952,d.- Harry Horner (6 1/2)
Diplomatic Courier,1952,d.- Henry Hathaway (6 1/2)
Springfield Rifle,1952,d.- Andre De Toth (6 1/2)
Belles on Their Toes,1952,d.- Henry Levin (6 1/2)
"Wait ‘Til the Sun Shines, Nellie",1952,d.- Henry King (6 1/2)
The World in His Arms,1952,d.- Raoul Walsh (6 1/2)
Jack and the Beanstalk,1952,d.- Jean Yarbrough (6 1/2)
Park Row,1952,d.- Samuel Fuller (6 1/2)
Carbine Williams,1952,d.- Richard Thorpe (6 1/2)
Has Anybody Seen My Gal ?,1952,d.- Douglas Sirk (6 1/2)
The Card,1952,(BR) d.- Ronald Neame (6 1/2)
The Stooge,1952,d.- Norman Taurog (6 1/2)
"Retreat, Hell!",1952,d.- Joseph H. Lewis (6 1/2)
The Four Poster,1952,"d.- John Hubley, Irving Reis (6 1/2)"
Jumping Jacks,1952,d.- Norman Taurog (6 1/2)
Something for the Birds,1952,d.- Robert Wise (6 1/2)
Ma and Pa Kettle at the Fair,1952,d.- Charles Barton (6 1/2)
Red Ball Express,1952,d.- Budd Boetticher (6 1/2)
Top Secret,1952,(BR) d.- Mario Zampi (6 1/2)
Plymouth Adventure,1952,d.- Clarence Brown (6 1/2)
Ruby Gentry,1952,d.- King Vidor (6 1/2)
Young Man with Ideas,1952,d.- Mitchell Leisen (6 1/2)
The Merry Widow,1952,d.- Curtis Bernhardt (6 1/2)
The Sniper,1952,d.- Edward Dmytryk (6 1/2)
The Marrying Kind,1952,d.- George Cukor (6 1/2)
The Story of Robin Hood and His Merrie Men,1952,(BR) d.- Ken Annakin (6 1/2)
"Blackbeard, the Pirate",1952,d.- Raoul Walsh (6 1/2)
Back at the Front,1952,d.- George Sherman (6 1/2)
April in Paris,1952,d.- David Butler (6 1/2)
What Price Glory,1952,d.- John Ford (6 1/2)
The Pickwick Papers,1952,(BR) d.- Noel Langley (6 1/2)
Hans Christian Andersen,1952,d.- Charles Vidor (6 1/2)
Macao,1952,d.- Josef von Sternberg (6 1/2)
The Green Glove,1952,(US-FR) d.- Rudolph Mate (6 1/2)
The Black Castle,1952,d.- Nathan Juran (6 1/2)
The Happy Time,1952,d.- Richard Fleischer (6 1/2)
Lone Star,1952,d.- Vincent Sherman (6 1/2)
The Belle of New York,1952,d.- Charles Walters (6 1/2)
Sailor Beware,1952,d.- Hal Walker (6 1/2)
Francis Goes to West Point,1952,d.- Arthur Lubin (6 1/2)
Talk About a Stranger,1952,d.- David Bradley (6 1/2)
My Man and I,1952,d.- William A. Wellman (6 1/2)
Washington Story,1952,d.- Robert Pirosh (6 1/2)
Stranger In Between,1952,(BR) d.- Charles Crichton (6 1/2)
Paula,1952,d.- Rudolph Mate (6 1/2)
Angels One Five,1952,(BR) d.- George More O’Ferrall (6 1/2)
The Happy Family,1952,(BR) d.- Muriel Box (6 1/2)
Glory Alley,1952,d.- Raoul Walsh (6 1/2)
Because You’re Mine,1952,d.- Alexander Hall (6 1/2)
Affair in Trinidad,1952,d.- Vincent Sherman (6 1/2)
The Las Vegas Story,1952,d.- Robert Stevenson (6 1/2)
Lure of the Wilderness,1952,d.- Jean Negulesco (6 1/2)
The Captive City,1952,d.- Robert Wise (6 1/2)
Horizons West,1952,d.- Budd Boetticher (6 1/2)
Brandy for the Parson,1952,(BR) d.- John Eldridge (6 1/2)
The Winning Team,1952,d.- Lewis Seiler (6 1/2)
Mutiny,1952,d.- Edward Dmytryk (6 1/2)
The Duel at Silver Creek,1952,d.- Don Siegel (6 1/2)
It Grows on Trees,1952,d.- Arthur Lubin (6 1/2)
Androcles and the Lion,1952,d.- Chester Erskine (6 1/2)
We’re Not Married,1952,d.- Edmund Goulding (6 1/2)
Glory Alley,1952,d.- Raoul Walsh (6 1/2)
Abbott and Costello Meet Captain Kidd,1952,d.- Charles Lamont (6 1/2)
I Believe In You,1952,"(BR) d.- Basil Dearden, Michael Relph (6 1/2)"
The Man Who Watched Trains Go By,1952,d.- Harold French (6 1/2)
Love is Better Than Ever,1952,d.- Stanley Donen (6 1/2)
The Turning Point,1952,d.- William Dieterle (6 1/2)
Pony Soldier,1952,d.- Joseph M. Newman (6 1/2)
Lost in Alaska,1952,d.- Jean Yarbrough (6 1/2)
The Wild North,1952,d.- Andrew Marton (6 1/2)
The Light Touch,1952,d.- Richard Brooks (6 1/2)
This Woman is Dangerous,1952,d.- Felix E. Feist (6 1/2)
Hangman’s Knot,1952,d.- Roy Huggins (6 1/2)
Penny Princess,1952,(BR) d.- Val Guest (6 1/2)
The Golden Hawk,1952,d.- Sidney Salkow (6)
Flat Top,1952,d.- Lesley Selander (6)
For Men Only,1952,d.- Paul Henreid (6)
Red Planet Mars,1952,d.- Harry Horner (6)
Talk About a Stranger,1952,d.- David Bradley (6)
The Iron Mistress,1952,d.- Gordon Douglas (6)
I Dream of Jeanie,1952,d.- Allan Dwan (6)
Thunderbirds,1952,d.- John H. Auer (6)
The Jazz Singer,1952,d.- Michael Curtiz (6)
Pony Soldier,1952,d.- Joseph M. Newman (6)
A Girl in Every Port,1952,d.- Chester Erskine (6)
Red Skies of Montana,1952,d.- Joseph M. Newman (6)
Loan Shark,1952,d.- Seymour Friedman (6)
Stolen Face,1952,(BR) d.- Terence Fisher (6)
The Outcasts of Poker Flat,1952,d.- Joseph M. Newman (6)
My Son John,1952,d.- Leo McCarey (6)
Big Jim McLain,1952,d.- Edward Ludwig (6)
Yankee Buccaneer,1952,d.- Frederick De Cordova (6)
The Bushwhackers,1952,d.- Rodney Amateau (6)
Captive Women,1952,d.- Stuart Gilmore (5 1/2)
Shane,1953,d.- George Stevens (7)
From Here to Eternity,1953,d.- Fred Zinnemann (7)
Stalag 17,1953,d.- Billy Wilder (7)
Roman Holiday,1953,d.- William Wyler  (7)
The Band Wagon,1953,d.- Vincente Minnelli (7)
The Big Heat,1953,d.- Fritz Lang (7)
Pickup on South Street,1953,d.- Samuel Fuller (7)
Little Fugitive,1953,"d.- Ray Ashley, Morris Engel, Ruth Orkin (7)"
The War of the Worlds,1953,d.- Byron Haskin (6 1/2)
Julius Caesar,1953,d.- Joseph L. Mankiewicz (6 1/2)
Gentlemen Prefer Blondes,1953,d.- Howard Hawks (6 1/2)
The Cruel Sea,1953,(BR) d.- Charles Frend (6 1/2)
The Naked Spur,1953,d.- Anthony Mann (6 1/2)
"The 5,000 Fingers of Dr. T.",1953,d.- Roy Rowland (6 1/2)
The Robe,1953,d.- Henry Koster (6 1/2)
Invaders From Mars,1953,d.- William Cameron Menzies (6 1/2)
Titanic,1953,d.- Jean Negulesco (6 1/2)
House of  Wax,1953,d.- Andre De Toth (6 1/2)
The Wild One,1953,d.- Laszlo Benedek (6 1/2)
Kiss Me Kate,1953,d.- George Sidney (6 1/2)
Martin Luther,1953,(US-GER) d.- Irving Pichel (6 1/2)
Lili,1953,d.- Charles Walters (6 1/2)
Man on a Tightrope,1953,d.- Elia Kazan (6 1/2)
The Hitch-Hiker,1953,d.- Ida Lupino (6 1/2)
Niagara,1953,d.- Henry Hathaway (6 1/2)
The Titfield Thunderbolt,1953,(BR) d.- Charles Crichton (6 1/2)
Calamity Jane,1953,d.- David Butler (6 1/2)
How to Marry a Millionaire,1953,d.- Jean Negulesco (6 1/2)
The Desert Rats,1953,d.- Robert Wise (6 1/2)
Young Bess,1953,d.- George Sidney (6 1/2)
Dangerous Crossing,1953,d.- Joseph M. Newman (6 1/2)
Captain's Paradise,1953,(BR) d.- Anthony Kimmins (6 1/2)
The Actress,1953,d.- George Cukor (6 1/2)
Hondo,1953,d.- John Farrow (6 1/2)
Inferno,1953,d.- Roy Ward Baker (6 1/2)
Mogambo,1953,d.- John Ford (6 1/2)
Call Me Madam,1953,d.- Walter Lang (6 1/2)
King of the Khyber Rifles,1953,d.- Henry King (6 1/2)
99 River Street,1953,d.- Phil Karlson (6 1/2)
The Blue Gardenia,1953,d.- Fritz Lang (6 1/2)
Jeopardy,1953,d.- John Sturges (6 1/2)
All I Desire,1953,d.- Douglas Sirk (6 1/2)
The Story of Gilbert and Sullivan,1953,(BR) d.- Sidney Gilliat (6 1/2)
Scared Stiff,1953,d.- George Marshall (6 1/2)
Sombrero,1953,d.- Norman Foster (6 1/2)
By the Light of the Silvery Moon,1953,d.- David Butler (6 1/2)
By the Light of the Silvery Moon,1953,d.- David Butler (6 1/2)
Take the High Ground!,1953,d.- Richard Brooks (6 1/2)
The Moon is Blue,1953,d.- Otto Preminger (6 1/2)
Mister Scoutmaster,1953,d.- Henry Levin (6 1/2)
Destination Gobi,1953,d.- Robert Wise (6 1/2)
The Beggar’s Opera,1953,(BR) d.- Peter Brook (6 1/2)
The Man Between,1953,(BR) d.- Carol Reed (6 1/2)
Thunder Bay,1953,d.- Anthony Mann (6 1/2)
The Heart of the Matter,1953,(BR) d.- George More O’Ferrall (6 1/2)
Trouble Along the Way,1953,d.- Michael Curtiz (6 1/2)
The Caddy,1953,d.- Norman Taurog (6 1/2)
All the Brothers Were Valiant,1953,d.- Richard Thorpe (6 1/2)
Miss Sadie Thompson,1953,d.- Curtis Bernhardt (6 1/2)
The Affairs of Dobie Gillis,1953,d.- Don Weis (6 1/2)
A Lion Is in the Streets,1953,d.- Raoul Walsh (6 1/2)
Forever Female,1953,d.- Irving Rapper (6 1/2)
The Charge at Feather River,1953,d.- Gordon Douglas (6 1/2)
The Kidnappers,1953,(BR) d.- Philip Leacock (6 1/2)
"Ride, Vaquero!",1953,d.- John Farrow (6 1/2)
I Love Melvin,1953,d.- Don Weis (6 1/2)
The Man from the Alamo,1953,d.- Budd Boetticher (6 1/2)
The Master of Ballantrae,1953,(BR) d.- William Keighley (6 1/2)
Split Second,1953,d.- Dick Powell (6 1/2)
Albert R. N.,1953,(BR) d.- Lewis Gilbert (6 1/2)
City That Never Sleeps,1953,d.- John H. Auer (6 1/2)
The Million Pound Note,1953,(BR) d.- Ronald Neame (6 1/2)
Dangerous When Wet,1953,d.- Charles Walters (6 1/2)
Trouble in Store,1953,(BR) d.- John Paddy Carstairs (6 1/2)
White Witch Doctor,1953,d.- Henry Hathaway (6 1/2)
Man in the Attic,1953,d.- Hugo Fregonese (6 1/2)
Never Let Me Go,1953,(BR) d.- Delmer Daves (6 1/2)
Beneath the 12-Mile Reef,1953,d.- Robert D. Webb (6 1/2)
Salome,1953,d.- William Dieterle (6 1/2)
I Confess,1953,d.- Alfred Hitchcock (6 1/2)
The Mississippi Gambler,1953,d.- Rudolph Mate (6 1/2)
The Lawless Breed,1953,d.- Raoul Walsh (6 1/2)
Rough Shoot,1953,(BR) d.- Robert Parrish (6 1/2)
Indiscretion of an American Wife,1953,(IT-US) d.- Vittorio De Sica (6 1/2)
The Sword and the Rose,1953,d.- Ken Annakin (6 1/2)
Single-Handed(Sailor of the King),1953,(BR) d.- Roy Boulting (6 1/2)
Little Boy Lost,1953,d.- George Seaton (6 1/2)
The Intruder,1953,(BR) d.- Guy Hamilton (6 1/2)
The Desert Song,1953,d.- H. Bruce Humberstone (6 1/2)
The Clown,1953,d.- Robert Z. Leonard (6 1/2)
Ma and Pa Kettle on Vacation,1953,d.- Charles Lamont (6 1/2)
Recoil,1953,(BR) d.- John Gilling (6 1/2)
The Bigamist,1953,d.- Ida Lupino (6 1/2)
Francis Covers the Big Town,1953,d.- Arthur Lubin (6 1/2)
Remains to be Seen,1953,d.- Don Weis (6 1/2)
"Rob Roy, the Highland Rogue",1953,(BR-US) d.- Harold French (6 1/2)
Second Chance,1953,d.- Rudolph Mate (6 1/2)
Small Town Girl,1953,d.- Laszlo Kardos (6 1/2)
Treasure of the Golden Condor,1953,d.- Delmer Daves (6 1/2)
A Day to Remember,1953,(BR) d.- Ralph Thomas (6 1/2)
Give a Girl a Break,1953,d.- Stanley Donen (6 1/2)
Donovan’s Brain,1953,d.- Felix E. Feist (6 1/2)
So Big,1953,d.- Robert Wise (6 1/2)
Island in the Sky,1953,d.- William A. Wellman (6 1/2)
The Glass Web,1953,d.- Jack Arnold (6 1/2)
Plunder of the Sun,1953,d.- John Farrow (6 1/2)
Easy to Love,1953,d.- Charles Walters (6 1/2)
Thunder Over the Plains,1953,d.- Andre De Toth (6 1/2)
The Girl Next Door,1953,d.- Richard Sale (6 1/2)
Knights of the Round Table,1953,d.- Richard Thorpe (6 1/2)
It Came From Outer Space,1953,d.- Jack Arnold (6 1/2)
Latin Lovers,1953,d.- Mervyn LeRoy (6 1/2)
Gunsmoke,1953,d.- Nathan Juran (6 1/2)
The President’s Lady,1953,d.- Henry Levin (6 1/2)
Pony Express,1953,d.- Jerry Hopper (6 1/2)
Battle Circus,1953,d.- Richard Brooks (6 1/2)
Latin Lovers,1953,d.- Mervyn LeRoy (6 1/2)
A Slight Case of Larceny,1953,d.- Don Weis (6 1/2)
Flight to Tangier,1953,d.- Charles Marquis Warren (6 1/2)
Gun Fury,1953,d.- Raoul Walsh (6 1/2)
Blowing Wild,1953,d.- Hugo Fregonese (6 1/2)
South Sea Woman,1953,d.- Arthur Lubin (6)
Abbott and Costello Meet Dr. Jekyll and Mr. Hyde,1953,d.- Charles Lamont (6 1/2)
3 Ring Circus,1953,d.- Joseph Pevney (6 1/2)
"The Beast from 20,000 Fathoms",1953,d.- Eugene Lourie (6 1/2)
Fair Wind to Java,1953,d.- Joseph Kane (6 1/2)
Bad for Each Other,1953,d.- Irving Rapper (6 1/2)
The Glass Wall,1953,d.- Maxwell Shane (6 1/2)
Hellcats of the Navy,1953,d.- Nathan Juran (6 1/2)
Girls in the Night,1953,d.- Jack Arnold (6 1/2)
War Paint,1953,d.- Lesley Selander (6 1/2)
Seminole,1953,d.- Budd Boetticher (6 1/2)
Return to Paradise,1953,d.- Mark Robson (6 1/2)
Lone Hand,1953,d.- George Sherman (6)
Private Eyes,1953,d.- Edward Bernds (6)
Personal Affair,1953,(BR) d.- Anthony Pelissier (6)
Abbott and Costello Go to Mars,1953,d.- Charles Lamont (6)
Tumbleweed,1953,d.- Nathan Juran (6)
The Maze,1953,d.- William Cameron Menzies (6)
Off Limits,1953,d.- George Marshall (6)
The Juggler,1953,d.- Edward Dmytryk (6)
Vicki,1953,d.- Harry Horner (6)
Siren of Bagdad,1953,d.- Richard Quine (6)
Four Sided Triangle,1953,d.- Terence Fisher (6)
Serpent of the Nile,1953,d.- William Castle (6)
The Saint’s Return,1953,(BR) d.- Seymour Friedman (6)
36 Hours(Terror Street),1953,(BR) d.- Montgomery Tully (6)
On the Waterfront,1954,d.- Elia Kazan (7)
Rear Window,1954,d.- Alfred Hitchcock (7)
Seven Brides for Seven Brothers,1954,d.- Stanley Donen (7)
A Star Is Born,1954,d.- George Cukor (7)
The Caine Mutiny,1954,d.- Edward Dmytryk (7)
Viaggio in Italia,1954,(IT-GER) d.- Roberto Rossellini (7)
Sabrina,1954,d.- Billy Wilder (7)
"20,000 Leagues Under the Sea",1954,d.- Richard Fleischer (7)
The Country Girl,1954,d.- George Seaton (6 1/2)
Magnificent Obsession,1954,d.- Douglas Sirk (6 1/2)
Hobson's Choice,1954,(BR) d.- David Lean (6 1/2)
White Christmas,1954,d.- Michael Curtiz (6 1/2)
Dial M For Murder,1954,d.- Alfred Hitchcock (6 1/2)
Salt of the Earth,1954,d.- Herbert J. Biberman (6 1/2)
The Dam Busters,1954,(BR) d.- Michael Anderson (6 1/2)
Carmen Jones,1954,d.- Otto Preminger (6 1/2)
Them!,1954,d.- Gordon Douglas (6 1/2)
Creature from the Black Lagoon,1954,d.- Jack Arnold (6 1/2)
Johnny Guitar,1954,d.- Nicholas Ray (6 1/2)
Father Brown,1954,(BR) d.- Robert Hamer (6 1/2)
The Maggie,1954,(SCOT) d.- Alexander Mackendrick (6 1/2)
The Bridges at Toko-Ri,1954,d.- Mark Robson (6 1/2)
Rogue Cop,1954,d.- Roy Rowland (6 1/2)
Suddenly,1954,d.- Lewis Allen (6 1/2)
The Far Country,1954,d.- Anthony Mann (6 1/2)
The High and the Mighty,1954,d.- William A. Wellman (6 1/2)
Living It Up,1954,d.- Norman Taurog (6 1/2)
Doctor in the House,1954,(BR) d.- Ralph Thomas (6 1/2)
Broken Lance,1954,d.- Edward Dmytryk (6 1/2)
Beat the Devil,1954,d.- John Huston (6 1/2)
Long John Silver,1954,(AUS) d.- Byron Haskin (6 1/2)
Men of the Fighting Lady,1954,d.- Andrew Marton (6 1/2)
There’s No Business Like Show Business,1954,d.- Walter Lang (6 1/2)
The Naked Jungle,1954,d.- Byron Haskin (6 1/2)
Executive Suite,1954,d.- Robert Wise (6 1/2)
Beau Brummell,1954,(BR) d.- Curtis Bernhardt (6 1/2)
Woman’s World,1954,d.- Jean Negulesco (6 1/2)
Vera Cruz,1954,d.- Robert Aldrich (6 1/2)
The Divided Heart,1954,(BR) d.- Charles Crichton (6 1/2)
Young at Heart,1954,d.- Gordon Douglas (6 1/2)
Three Coins in the Fountain,1954,d.- Jean Negulesco (6 1/2)
The Adventures of Robinson Crusoe,1954,d.- Luis Bunuel (6 1/2)
Black Widow,1954,d.- Nunnally Johnson (6 1/2)
Casanova’s Big Night,1954,d.- Norman Z. McLeod (6 1/2)
It Should Happen To You,1954,d.- George Cukor (6 1/2)
Elephant Walk,1954,d.- William Dieterle (6 1/2)
The Glenn Miller Story,1954,d.- Anthony Mann (6 1/2)
The Barefoot Contessa,1954,d.- Joseph L. Mankiewicz (6 1/2)
Ride Clear of Diablo,1954,d.- Jesse Hibbs (6 1/2)
Brigadoon,1954,d.- Vincente Minnelli  (6 1/2)
Witness to Murder,1954,d.- Roy Rowland (6 1/2)
The Barefoot Contessa,1954,d.- Joseph L. Mankiewicz (6 1/2)
Escape from Fort Bravo,1954,d.- John Sturges (6 1/2)
Riot in Cell Block 11,1954,d.- Don Siegel (6 1/2)
Garden of Evil,1954,d.- Henry Hathaway (6 1/2)
Crime Wave,1954,d.- Andre De Toth (6 1/2)
Red Garters,1954,d.- George Marshall (6 1/2)
Rhapsody,1954,d.- Charles Vidor (6 1/2)
Lease of Life,1954,(BR) d.- Charles Frend (6 1/2)
The House Across the Lake,1954,(BR) d.- Ken Hughes (6 1/2)
Knock on Wood,1954,"d.- Melvin Frank, Norman Panama (6 1/2)"
The Last Time I Saw Paris,1954,d.- Richard Brooks (6 1/2)
The Beachcomber,1954,(BR) d.- Muriel Box (6 1/2)
Demetrius and the Gladiators,1954,d.- Delmer Daves (6 1/2)
His Majesty O’Keefe,1954,d.- Byron Haskin (6 1/2)
Rhapsody,1954,d.- Charles Vidor (6 1/2)
The Sea Shall Not Have Them,1954,(BR) d.- Lewis Gilbert (6 1/2)
The Student Prince,1954,d.- Richard Thorpe (6 1/2)
Prince Valiant,1954,d.- Henry Hathaway (6 1/2)
Green Fire,1954,d.- Andrew Marton (6 1/2)
River of No Return,1954,d.- Otto Preminger (6 1/2)
Murder by Proxy,1954,(BR) d.- Terence Fisher (6 1/2)
Human Desire,1954,d.- Fritz Lang (6 1/2)
The Good Die Young,1954,(BR) d.- Lewis Gilbert (6 1/2)
The Bowery Boys Meet the Monsters,1954,d. Edward Bernds (6 1/2)
Night People,1954,d.- Nunnally Johnson (6 1/2)
Phffft,1954,d.- Mark Robson (6 1/2)
Cattle Queen of Montana,1954,d.- Allan Dwan (6 1/2)
The Black Shield of Falworth,1954,d.- Rudolph Mate (6 1/2)
Phantom of the Rue Morgue,1954,d.- Roy Del Ruth (6 1/2)
Drive a Crooked Road,1954,d.- Richard Quine (6 1/2)
Dawn at Socorro,1954,d.- George Sherman (6 1/2)
Hell and High Water,1954,d.- Samuel Fuller (6 1/2)
The Sleeping Tiger,1954,(BR) d.- Joseph Losey (6 1/2)
About Mrs. Leslie,1954,d.- Daniel Mann (6 1/2)
Drums Across the River,1954,d.- Nathan Juran (6 1/2)
The Human Jungle,1954,d.- Joseph M. Newman (6 1/2)
The Egyptian,1954,d.- Michael Curtiz (6 1/2)
"The Long, Long Trailer",1954,d.- Vincente Minnelli (6 1/2)
Deep in My Heart,1954,d.- Stanley Donen (6 1/2)
Rose Marie,1954,d.- Mervyn Leroy (6 1/2)
The Purple Plain,1954,(BR) d.- Robert Parrish (6 1/2)
Betrayed,1954,d.- Gottfried Reinhardt (6 1/2)
Apache,1954,d.- Robert Aldrich (6 1/2)
Saskatchewan,1954,d.- Raoul Walsh (6 1/2)
The Green Scarf,1954,(BR) d.- George More O’Ferrall (6 1/2)
Drum Beat,1954,d.- Delmer Daves (6 1/2)
Black Tuesday,1954,d.- Hugo Fregonese (6 1/2)
Destry,1954,d.- George Marshall (6 1/2)
Sign of the Pagan,1954,d.- Douglas Sirk (6 1/2)
Life with the Lyons,1954,(BR) d.- Val Guest (6 1/2)
Ma and Pa Kettle at Home,1954,d.- Charles Lamont (6 1/2)
Hell Below Zero,1954,(BR) d.- Mark Robson (6 1/2)
Athena,1954,d.- Richard Thorpe (6 1/2)
The Good Die Young,1954,(BR) d.- Lewis Gilbert (6 1/2)
Down Three Dark Streets,1954,d.- Arnold Laven (6 1/2)
Valley of the Kings,1954,d.- Robert Pirosh (6 1/2)
Silver Lode,1954,d.- Allan Dwan (6 1/2)
Desiree,1954,d.- Henry Koster (6 1/2)
Dragnet,1954,d.- Jack Webb (6 1/2)
Happy Ever After,1954,(BR) d.- Mario Zampi (6 1/2)
The Runaway Bus,1954,(BR) d.- Val Guest (6 1/2)
Susan Slept Here,1954,d.- Frank Tashlin (6 1/2)
Johnny Dark,1954,d.- George Sherman (6 1/2)
Shield for Murder,1954,"d.- Howard W. Koch, Edmond O’Brien (6 1/2)"
The Silver Chalice,1954,d.- Victor Saville (6 1/2)
Loophole,1954,d.- Harold D. Schuster (6 1/2)
Her Twelve Men,1954,d.- Robert Z. Leonard (6 1/2)
Pushover,1954,d.- Richard Quine (6 1/2)
Private Hell 36,1954,d.- Don Siegel (6 1/2)
Aunt Clara,1954,(BR) d.- Anthony Kimmins (6 1/2)
Pushover,1954,d.- Richard Quine (6 1/2)
She Couldn’t Say No,1954,d.- Lloyd Bacon (6 1/2)
Star of India,1954,(IT-BR) d.- Arthur Lubin (6 1/2)
Passion,1954,d.- Allan Dwan (6 1/2)
Riders to the Stars,1954,d.- Richard Carlson (6 1/2)
The Boy from Oklahoma,1954,d.- Michael Curtiz (6)
This Is My Love,1954,d.- Stuart Heisler (6)
The Men of Sherwood Forest,1954,(BR) d.- Val Guest (6)
Alaska Seas,1954,d.- Jerry Hopper (6)
The Command,1954,d.- David Butler (6)
Five Days,1954,(BR) d.- Montgomery Tully (6)
Ring of Fear,1954,d.- James Edward Grant (6)
Glen or Glenda,1954,"d.- Edward D. Wood, Jr. (5)"
Rebel Without a Cause,1955,d.- Nicholas Ray (7)
Mister Roberts,1955,"d.- John Ford, Mervyn LeRoy (7)"
East of Eden,1955,d.- Elia Kazan (7)
Picnic,1955,d.- Joshua Logan (7)
Richard III,1955,(BR) d.- Laurence Olivier (7)
Marty,1955,d.- Delbert Mann (7)
Night of the Hunter,1955,d.- Charles Laughton (7)
The Rose Tatoo,1955,d.- Daniel Mann (7)
The Ladykillers,1955,(BR) d.- Alexander Mackendrick (7)
Bad Day at Black Rock,1955,d.- John Sturges (7)
The Man from Laramie,1955,d.- Anthony Mann (7)
Oklahoma!,1955,d.- Fred Zinnemann (7)
The Night My Number Came Up,1955,(BR) d.- Leslie Norman (7)
An Inspector Calls,1955,(BR) d.- Guy Hamilton (6 1/2)
The Blackboard Jungle,1955,d.- Richard Brooks (6 1/2)
I'll Cry Tomorrow,1955,d.- Daniel Mann (6 1/2)
The Seven Year Itch,1955,d.- Billy Wilder (6 1/2)
Kiss Me Deadly,1955,d.- Robert Aldrich (6 1/2)
The Desperate Hours,1955,d.- William Wyler (6 1/2)
The Colditz Story,1955,(BR) d.- Guy Hamilton (6 1/2)
The Man with the Golden Arm,1955,d.- Otto Preminger (6 1/2)
Guys and Dolls,1955,d.- Joseph L. Mankiewicz (6 1/2)
To Catch a Thief,1955,d.- Alfred Hitchcock (6 1/2)
The Big Combo,1955,d.- Joseph H. Lewis (6 1/2)
A Man Called Peter,1955,d.- Henry Koster (6 1/2)
To Hell and Back,1955,d.- Jesse Hibbs (6 1/2)
Footsteps in the Fog,1955,(BR) d.- Arthur Lubin (6 1/2)
Love Me or Leave Me,1955,d.- Charles Vidor (6 1/2)
Battle Cry,1955,d.- Raoul Walsh (6 1/2)
Artists and Models,1955,d.- Frank Tashlin (6 1/2)
It’s Always Fair Weather,1955,"d.- Stanley Donen, Gene Kelly (6 1/2)"
You’re Never Too Young,1955,d.- Norman Taurog (6 1/2)
The Phenix City Story,1955,d.- Phil Karlson (6 1/2)
The Seven Little Foys,1955,d.- Melville Shavelson (6 1/2)
The Trouble With Harry,1955,d.- Alfred Hitchcock (6 1/2)
We’re No Angels,1955,d.- Michael Curtiz (6 1/2)
The Quatermass Xperiment,1955,(BR) d.- Val Guest (6 1/2)
I Am a Camera,1955,(BR) d.- Henry Cornelius (6 1/2)
Above Us The Waves,1955,(BR) d.- Ralph Thomas (6 1/2)
War and Peace,1955,(IT-US) d.- King Vidor (6 1/2)
I Died a 1000 Times,1955,d.- Stuart Heisler (6 1/2)
The Naked Dawn,1955,d.- Edgar G. Ulmer (6 1/2)
Man Without a Star,1955,d.- King Vidor (6 1/2)
The Tender Trap,1955,d.- Charles Walters (6 1/2)
Killer’s Kiss,1955,d.- Stanley Kubrick (6 1/2)
The Prisoner,1955,(BR) d.- Peter Glenville (6 1/2)
Daddy Long Legs,1955,d.- Jean Negulesco (6 1/2)
Interrupted Melody,1955,d.- Curtis Bernhardt (6 1/2)
Geordie,1955,(BR) d.- Frank Launder (6 1/2)
The Court Martial of Billy Mitchell,1955,d.- Otto Preminger (6 1/2)
Love is a Many Splendored Thing,1955,d.- Henry King (6 1/2)
The End of the Affair,1955,d.- Edward Dmytryk (6 1/2)
The Last Command,1955,d.- Frank Lloyd (6 1/2)
The Big Knife,1955,d.- Robert Aldrich (6 1/2)
The Violent Men,1955,d.- Rudolph Mate (6 1/2)
The Constant Husband,1955,(BR) d.- Sidney Gilliat (6 1/2)
My Sister Eileen,1955,d.- Richard Quine (6 1/2)
Soldier of Fortune,1955,d.- Edward Dmytryk (6 1/2)
Mr. Arkadin,1955,(FR-SP-SW) d.- Orson Welles (6 1/2)
Moonfleet,1955,d.- Fritz Lang (6 1/2)
Doctor at Sea,1955,(BR) d.- Ralph Thomas (6 1/2)
The Virgin Queen,1955,d.- Henry Koster (6 1/2)
Tight Spot,1955,d.- Phil Karlson (6 1/2)
A Kid for Two Farthings,1955,(BR) d.- Carol Reed (6 1/2)
The Indian Fighter,1955,d.- Andre De Toth (6 1/2)
Kismet,1955,d.- Vincente Minnelli (6 1/2)
Female on the Beach,1955,d.- Joseph Pevney (6 1/2)
Shack out on 101,1955,d.- Edward Dein (6 1/2)
"Good Morning, Miss Dove",1955,d.- Henry Koster (6 1/2)
Strategic Air Command,1955,d.- Anthony Mann (6 1/2)
The Far Horizons,1955,d.- Rudolph Mate (6 1/2)
Wichita,1955,d.- Jacques Tourneur (6 1/2)
The Deep Blue Sea,1955,(BR) d.- Anatole Litvak (6 1/2)
White Feather,1955,d.- Robert D. Webb (6 1/2)
Queen Bee,1955,d.- Ranald MacDougall (6 1/2)
The Left Hand of God,1955,d.- Edward Dmytryk (6 1/2)
The Rains of Ranchipur,1955,d.- Jean Negulesco (6 1/2)
Bowery to Bagdad,1955,d.- Edward Bernds (6 1/2)
Portrait of Alison,1955,(BR) d.- Guy Green (6 1/2)
The Cockleshell Heroes,1955,(BR) d.- Jose Ferrer (6 1/2)
Land of the Pharoahs,1955,d.- Howard Hawks (6 1/2)
Oh…Rosalinda!!,1955,"(BR) d.- Michael Powell, Emeric Pressburger (6 1/2)"
The Lyons in Paris,1955,(BR) d.- Val Guest (6 1/2)
Trial,1955,d.- Mark Robson (6 1/2)
Botany Bay,1955,d.- John Farrow (6 1/2)
Simon and Laura,1955,(BR) d.- Muriel Box (6 1/2)
The Glass Slipper,1955,d.- Charles Walters (6 1/2)
The Cobweb,1955,d.- Vincente Minnelli (6 1/2)
The McConnell Story,1955,d.- Gordon Douglas (6 1/2)
House of Bamboo,1955,d.- Samuel Fuller (6 1/2)
Captain Lightfoot,1955,d.- Douglas Sirk (6 1/2)
Revenge of the Creature,1955,d.- Jack Arnold (6 1/2)
Pete Kelly’s Blues,1955,d.- Jack Webb (6 1/2)
The Scarlet Coat,1955,d.- John Sturges (6 1/2)
Blood Alley,1955,d.- William A. Wellman (6 1/2)
Violent Saturday,1955,d.- Richard Fleischer (6 1/2)
Count Three and Pray,1955,d.- George Sherman (6 1/2)
Not As a Stranger,1955,d.- Stanley Kramer (6 1/2)
Jupiter’s Darling,1955,d.- George Sidney (6 1/2)
The Long Gray Line,1955,d.- John Ford (6 1/2)
This Island Earth,1955,d.- Joseph M. Newman (6 1/2)
One Good Turn,1955,(BR) d.- John Paddy Carstairs (6 1/2)
Quentin Durward,1955,d.- Richard Thorpe (6 1/2)
Abbott and Costello Meet the Keystone Kops,1955,d.- Charles Lamont (6 1/2)
Women’s Prison,1955,d.- Lewis Seiler (6 1/2)
The Kentuckian,1955,d.- Burt Lancaster (6 1/2)
Six Bridges to Cross,1955,d.- Joseph Pevney (6 1/2)
Carrington VC,1955,(BR) d.- Anthony Asquith (6 1/2)
Conquest of Space,1955,d.- Byron Haskin (6 1/2)
The View from Pompey’s Head,1955,d.- Philip Dunne (6 1/2)
Man of the Moment,1955,(BR) d.- John Paddy Carstairs (6 1/2)
A Man Alone,1955,d.- Ray Milland (6 1/2)
A Lawless Street,1955,d.- Joseph H. Lewis (6 1/2)
Lucy Gallant,1955,d.- Robert Parrish (6 1/2)
Out of the Clouds,1955,(BR) d.- Basil Dearden (6 1/2)
Tarantula,1955,d.- Jack Arnold (6 1/2)
Francis Goes to the Races,1955,d.- Arthur Lubin (6 1/2)
Hit the Deck,1955,d.- Roy Rowland (6 1/2)
Ma and Pa Kettle at Waikiki,1955,d.- Lee Sholem (6 1/2)
Spy Chasers,1955,d.- Edward Bernds (6 1/2)
An Alligator Named Daisy,1955,(BR) d.- J. Lee Thompson (6 1/2)
The Sea Chase,1955,d.- John Farrow (6 1/2)
Rage at Dawn,1955,d.- Tim Whelan (6 1/2)
Many Rivers to Cross,1955,d.- Roy Rowland (6 1/2)
The Racers,1955,d.- Henry Hathaway (6 1/2)
Day the World Ended,1955,d.- Roger Corman (6 1/2)
5 Against the House,1955,d.- Phil Karlson (6 1/2)
It Came from Beneath the Sea,1955,d.- Robert Gordon (6 1/2)
New York Confidential,1955,d.- Russell Rouse (6 1/2)
The Last Frontier,1955,d.- Anthony Mann (6 1/2)
Hell on Frisco Bay,1955,d.- Frank Tuttle (6 1/2)
The Ship That Died of Shame,1955,(BR) d.- Basil Dearden (6 1/2)
Chief Crazy Horse,1955,d.- George Sherman (6 1/2)
The Prodigal,1955,d.- Richard Thorpe (6 1/2)
Desert Sands,1955,d.- Lesley Selander (6 1/2)
Gentlemen Marry Brunettes,1955,d.- Richard Sale (6 1/2)
Double Jeopardy,1955,d.- R. G. Springsteen ( 6 1/2)
Tennessee’s Partner,1955,d.- Allan Dwan (6 1/2)
Sincerely Yours,1955,d.- Gordon Douglas (6 1/2)
The Girl in the Red Velvet Swing,1955,d.- Richard Fleischer (6 1/2)
No Man’s Woman,1955,d.- Franklin Adreon (6)
At Gunpoint,1955,d.- Alfred L. Werker (6)
The Love Match,1955,(BR) d.- David Paltenghi (6)
Jedda,1955,(AUS) d.- Charles Chauvel (6)
Run for Cover,1955,d.- Nicholas Ray (6)
Son of Sinbad,1955,d.- Ted Tetzlaff  (6)
The King’s Thief,1955,d.- Robert Z. Leonard (6)
Ten Wanted Men,1955,d.- H. Bruce Humberstone (6)
"Big House, U.S.A",1955,d.- Howard W. Koch (6)
The Fast and the Furious,1955,"d.- John Ireland, Edward Sampson (6)"
Timberjack,1955,d.- Joseph Kane (6)
The First Traveling Saleslady,1955,d.- Arthur Lubin (6)
One Desire,1955,d.- Jerry Hopper (6)
One Way Out,1955,(BR) d.- Francis Searle (6)
It’s a Dog’s Life,1955,d.- Herman Hoffman (6)
Battle Taxi,1955,d.- Herbert L. Strock (5 1/2)
Fire Maidens from Outer Space,1955,(BR) d.- Cy Roth (5)
Robot Monster,1955,d.- Phil Tucker (5)
The Searchers,1956,d.- John Ford (7)
The Ten Commandments,1956,d.- Cecil B. DeMille (7)
Lust for Life,1956,d.- Vincente Minnelli (7)
All That Heaven Allows,1956,d.- Douglas Sirk (7)
Invasion of the Body Snatchers,1956,d.- Don Siegel (7)
The King and I,1956,d.- Walter Lang (7)
Giant,1956,d.- George Stevens (7)
Written on the Wind,1956,d.- Douglas Sirk (7)
Friendly Persuasion,1956,d.- William Wyler (7)
The Court Jester,1956,"d.- Melvin Frank, Norman Panama (7)"
Anastasia,1956,d.- Anatole Litvak (7)
The Killing,1956,d.- Stanley Kubrick (7)
Forbidden Planet,1956,d.- Fred M. Wilcox (7)
The Man Who Knew Too Much,1956,d.- Alfred Hitchcock (6 1/2)
Around the World in Eighty Days,1956,d.- Michael Anderson ( 6 1/2)
Moby Dick,1956,(BR) d.- John Huston (6 1/2)
Somebody Up There Likes Me,1956,d.- Robert Wise (6 1/2)
Baby Doll,1956,d.- Elia Kazan (6 1/2)
Carousel,1956,d.- Henry King (6 1/2)
Attack!,1956,d.- Robert Aldrich (6 1/2)
"Godzilla, King of the Monsters",1956,"(JAP-US) d.- Ichiro Honda, Terry O. Morse (6 1/2)"
Bus Stop,1956,d.- Joshua Logan (6 1/2)
The Man Who Never Was,1956,(BR) d.- Ronald Neame (6 1/2)
Bigger Than Life,1956,d.- Nicholas Ray (6 1/2)
The Green Man,1956,"(BR) d.- Robert Day, Basil Dearden (6 1/2)"
Seven Men from Now,1956,d.- Budd Boetticher (6 1/2)
The Catered Affair,1956,d.- Richard Brooks (6 1/2)
The Harder They Fall,1956,d.- Mark Robson (6 1/2)
The Rainmaker,1956,d.- Joseph Anthony ( 6 1/2)
The Wrong Man,1956,d.- Alfred Hitchcock (6 1/2)
The Solid Gold Cadillac,1956,d.- Richard Quine (6 1/2)
Miracle in the Rain,1956,d.- Rudolph Mate (6 1/2)
High Society,1956,d.- Charles Walters (6 1/2)
Patterns,1956,d.- Fielder Cook (6 1/2)
Reach for the Sky,1956,(BR) d.- Lewis Gilbert (6 1/2)
1984,1956,(BR) d.- Michael Anderson (6 1/2)
The Bad Seed,1956,d.- Mervyn LeRoy (6 1/2)
Teahouse of the August Moon,1956,d.- Daniel Mann (6 1/2)
A Kiss Before Dying,1956,d.- Gerd Oswald (6 1/2)
Jubal,1956,d.- Delmer Daves (6 1/2)
The Girl Can’t Help It,1956,d.- Frank Tashlin (6 1/2)
Invitation to the Dance,1956,d.- Gene Kelly (6 1/2)
Bundle of Joy,1956,d.- Norman Taurog (6 1/2)
The Last Hunt,1956,d.- Richard Brooks (6 1/2)
Autumn Leaves,1956,d.- Robert Aldrich (6 1/2)
The Long Arm,1956,(BR) d.- Charles Frend (6 1/2)
The Eddie Duchin Story,1956,d.- George Sidney (6 1/2)
A Town Like Alice,1956,(BR) d.- Jack Lee (6 1/2)
There’s Always Tomorrow,1956,d.- Douglas Sirk (6 1/2)
The Great Man,1956,d.- Jose Ferrer (6 1/2)
The Man in the Gray Flannel Suit,1956,d.- Nunnally Johnson (6 1/2)
While the City Sleeps,1956,d.- Fritz Lang (6 1/2)
The Last Wagon,1956,d.- Delmer Daves (6 1/2)
Away All Boats,1956,d.- Joseph Pevney (6 1/2)
Tea and Sympathy,1956,d.- Vincente Minnelli (6 1/2)
Alexander the Great,1956,(US-SP) d.- Robert Rossen (6 1/2)
The Brave One,1956,d.- Irving Rapper (6 1/2)
D-Day the Sixth of June,1956,d.- Henry Koster (6 1/2)
Teenage Rebel,1956,d.- Edmund Goulding (6 1/2)
Tribute to a Bad Man,1956,d.- Robert Wise (6 1/2)
Run For the Sun,1956,d.- Roy Boulting (6 1/2)
The Swan,1956,d.- Charles Vidor (6 1/2)
Beyond a Reasonable Doubt,1956,d.- Fritz Lang (6 1/2)
Pardners,1956,d.- Norman Taurog (6 1/2)
Love Me Tender,1956,d.- Robert D. Webb (6 1/2)
The Battle of the River Plate,1956,"(BR) d.- Michael Powell, Emeric Pressburger (6 1/2)"
Bhowani Junction,1956,(US-BR) d.- George Cukor (6 1/2)
The Rack,1956,d.- Arnold Laven (6 1/2)
The Long Arm,1956,(BR) d.- Charles Frend (6 1/2)
Backlash,1956,d.- John Sturges (6 1/2)
The Great Locomotive Chase,1956,d.- Francis D. Lyon (6 1/2)
Storm Center,1956,d.- Daniel Taradash (6 1/2)
23 Paces to Baker Street,1956,d.- Henry Hathaway (6 1/2)
The Mountain,1956,d.- Edward Dmytryk (6 1/2)
Crime in the Streets,1956,d.- Don Siegel (6 1/2)
Serenade,1956,d.- Anthony Mann (6 1/2)
Trapeze,1956,d.- Carol Reed (6 1/2)
Lovers and Lollipops,1956,"d.- Morris Engel, Ruth Orkin (6 1/2)"
Great Day in the Morning,1956,d.- Jacques Tourneur (6 1/2)
Back From Eternity,1956,d.- John Farrow (6 1/2)
Lost,1956,(BR) d.- Guy Green (6 1/2)
Yield to the Night,1956,(BR) d.- J. Lee Thompson (6 1/2)
The Boss,1956,d.- Byron Haskin (6 1/2)
Reprisal!,1956,d.- George Sherman (6 1/2)
That Certain Feeling,1956,"d.- Melvin Frank, Norman Panama (6 1/2)"
The Fastest Gun Alive,1956,d.- Russell Rouse (6 1/2)
The Maverick Queen,1956,d.- Joseph Kane (6 1/2)
Helen of Troy,1956,(US-IT) d.- Robert Wise (6 1/2)
Julie,1956,d.- Andrew L. Stone (6 1/2)
The Proud Ones,1956,d.- Robert D. Webb (6 1/2)
Nightmare,1956,d.- Maxwell Shane (6 1/2)
Reprisal!,1956,d.- George Sherman (6 1/2)
The Killer is Loose,1956,d.- Budd Boetticher (6 1/2)
Between Heaven and Hell,1956,d.- Richard Fleischer (6 1/2)
Rock Around the Clock,1956,d.- Fred F. Sears (6 1/2)
Jacqueline,1956,(BR) d.- Roy Ward Baker (6 1/2)
Gaby,1956,d.- Curtis Bernhardt (6 1/2)
House of Secrets,1956,(BR) d.- Guy Green (6 1/2)
Three Violent People,1956,d.- Rudolph Mate (6 1/2)
The Great Locomotive Chase,1956,d.- Francis D. Lyon (6 ½
Earth vs. The Flying Saucers,1956,d.- Fred F. Sears (6 1/2)
Smiley,1956,(BR) d.- Anthony Kimmins (6 1/2)
Walk the Proud Land,1956,d.- Jesse Hibbs (6 1/2)
Safari,1956,(BR) d.- Terence Young (6 1/2)
The Revolt of Mamie Stover,1956,d.- Raoul Walsh (6 1/2)
Come Next Spring,1956,d.- R. G. Springsteen (6 1/2)
The Unguarded Moment,1956,d.- Harry Keller (6 1/2)
World Without End,1956,d.- Edward Bernds (6 1/2)
"Good-Bye, My Lady",1956,d.- William A. Wellman (6 1/2)
Beyond Mombasa,1956,(BR-US) d.- George Marshall (6 1/2)
Bandido,1956,d.- Richard Fleischer (6 1/2)
The Benny Goodman Story,1956,d.- Valentine Davies (6 1/2)
"Good-Bye, My Lady",1956,d.- William A. Wellman (6)
The King and Four Queens,1956,d.- Raoul Walsh (6 1/2)
The Houston Story,1956,d.- William Castle (6 1/2)
Up in the World,1956,(BR) d.- John Paddy Carstairs (6 1/2)
A Touch of the Sun,1956,(BR) d.- Gordon Parry (6 1/2)
The Girl He Left Behind,1956,d.- David Butler (6 1/2)
Never Say Goodbye,1956,d.- Jerry Hopper (6 1/2)
The Kettles in the Ozarks,1956,d.- Charles Lamont (6 1/2)
World in My Corner,1956,d.- Jesse Hibbs (6 1/2)
Full of Life,1956,d.- Richard Quine (6 1/2)
X: The Unknown,1956,(BR) d.- Leslie Norman (6 1/2)
The Black Sleep,1956,d.- Reginald Le Borg (6 1/2)
Tension at Table Rock,1956,d.- Charles Marquis Warren (6 1/2)
The Mole People,1956,d.- Virgil W. Vogel (6 1/2)
Jacqueline,1956,(BR) d.- Roy Ward Baker (6)
The Wild Party,1956,d.- Harry Horner (6)
The Gamma People,1956,(BR) d.- John Gilling (6)
Dakota Incident,1956,d.- Lewis R. Foster (6)
Showdown at Abilene,1956,d.- Charles F. Haas (6)
These Wilder Years,1956,d.- Roy Rowland (6)
The King and Four Queens,1956,d.- Raoul Walsh (6)
Zarak,1956,(BR) d.- Terence Young (6)
Man from Del Rio,1956,d.- Harry Horner (6)
The Unguarded Moment,1956,d.- Harry Keller (5 1/2)
The Bridge on the River Kwai,1957,(BR) d.- David Lean (7)
Twelve Angry Men,1957,d.- Sidney Lumet (7)
Paths of Glory,1957,d.- Stanley Kubrick (7)
Witness for the Prosecution,1957,d.- Billy Wilder (7)
Sweet Smell of Success,1957,d.- Alexander Mackendrick (7)
A Face in the Crowd,1957,d.- Elia Kazan (7)
Peyton Place,1957,d.- Mark Robson (7)
Sayonara,1957,d.- Joshua Logan (7)
The Three Faces of Eve,1957,d.- Nunnally Johnson (6 1/2)
An Affair to Remember,1957,d.- Leo McCarey (6 1/2)
3:10 to Yuma,1957,d.- Delmer Daves (6 1/2)
Will Success Spoil Rock Hunter ?,1957,d.- Frank Tashlin (6 1/2)
Old Yeller,1957,d.- Robert Stevenson (6 1/2)
The Pajama Game,1957,"d.- George Abbott, Stanley Donen (6 1/2)"
Gunfight at the O.K. Corral,1957,d.- John Sturges (6 1/2)
A Hatful of Rain,1957,d.- Fred Zinnemann (6 1/2)
The Tall T,1957,d.- Budd Boetticher (6 1/2)
The Incredible Shrinking Man,1957,d.- Jack Arnold (6 1/2)
The Enemy Below,1957,d.- Dick Powell (6 1/2)
Seven Waves Away (Abandon Ship!),1957,(BR) d.- Richard Sale (6 1/2)
Love in the Afternoon,1957,d.- Billy Wilder (6 1/2)
The Curse of Frankenstein,1957,(BR) d.- Terence Fisher (6 1/2)
Edge of the City,1957,d.- Martin Ritt (6 1/2)
Fear Strikes Out,1957,d.- Robert Mulligan (6 1/2)
Quatermass 2,1957,(BR) d.- Val Guest (6 1/2)
Les Girls,1957,d.- George Cukor (6 1/2)
Jailhouse Rock,1957,d.- Richard Thorpe (6 1/2)
Funny Face,1957,d.- Stanley Donen (6 1/2)
Raintree County,1957,d.- Edward Dmytryk (6 1/2)
The Tin Star,1957,d.- Anthony Mann (6 1/2)
"Heaven Knows, Mr. Allison",1957,d.- John Huston (6 1/2)
Forty Guns,1957,d.- Samuel Fuller (6 1/2)
Silk Stockings,1957,d.- Rouben Mamoulian (6 1/2)
Man of a 1000 Faces,1957,d.- Joseph Pevney (6 1/2)
Wild is the Wind,1957,d.- George Cukor (6 1/2)
Men in War,1957,d.- Anthony Mann (6 1/2)
The Spirit of St. Louis,1957,d.- Billy Wilder (6 1/2)
The Bachelor Party,1957,d.- Delbert Mann (6 1/2)
The Smallest Show on Earth,1957,(BR) d.- Basil Dearden (6 1/2)
Designing Woman,1957,d.- Vincente Minnelli (6 1/2)
No Down Payment,1957,d.- Martin Ritt (6 1/2)
Pal Joey,1957,d.- George Sidney (6 1/2)
Across the Bridge,1957,d.- Ken Annakin (6 1/2)
Desk Set,1957,d.- Walter Lang (6 1/2)
The Prince and the Showgirl,1957,(BR-US) d.- Laurence Olivier (6 1/2)
Windom’s Way,1957,(BR) d.- Ronald Neame (6 1/2)
Farewell to Arms,1957,d.- Charles Vidor (6 1/2)
The One That Got Away,1957,(BR) d.- Roy Ward Baker (6 1/2)
Loving You,1957,d.- Hal Kantner (6 1/2)
Crime of Passion,1957,d.- Gerd Oswald (6 1/2)
Cast a Dark Shadow,1957,(BR) d.- Lewis Gilbert (6 1/2)
Boy on a Dolphin,1957,d.- Jean Negulesco (6 1/2)
Band of Angels,1957,d.- Raoul Walsh (6 1/2)
The Spanish Gardener,1957,(BR) d.- Philip Leacock (6 1/2)
Nightfall,1957,d.- Jacques Tourneur (6 1/2)
Time Without Pity,1957,(BR) d.- Joseph Losey (6 1/2)
Decision at Sundown,1957,d.- Budd Boetticher (6 1/2)
Fortune is a Woman,1957,(BR) d.- Sidney Gilliat (6 1/2)
Battle Hymn,1957,d.- Douglas Sirk (6 1/2)
The Sun Also Rises,1957,d.- Henry King (6 1/2)
Baby Face Nelson,1957,d.- Don Siegel (6 1/2)
The Naked Truth,1957,(BR) d.- Mario Zampi (6 1/2)
Night Passage,1957,d.- James Neilson (6 1/2)
The Garment Jungle,1957,"d.- Vincent Sherman, Robert Aldrich (6 1/2)"
Doctor at Large,1957,(BR) d.- Ralph Thomas (6 1/2)
Bitter Victory,1957,(FR-US) d.- Nicholas Ray (6 1/2)
The Strange One,1957,d.- Jack Garfein (6 1/2)
The Man in the Sky,1957,(BR) d.- Charles Crichton (6 1/2)
Operation Mad Ball,1957,d.- Richard Quine (6 1/2)
Something of Value,1957,d.- Richard Brooks (6 1/2)
All Mine to Give,1957,d.- Allen Reisner (6 1/2)
The Wings of Eagles,1957,d.- John Ford (6 1/2)
The River’s Edge,1957,d.- Allan Dwan (6 1/2)
Fire Down Below,1957,(BR-US) d.- Robert Parrish (6 1/2)
Tammy and the Bachelor,1957,d.- Joseph Pevney (6 1/2)
Blue Murder at St. Trinian’s,1957,(BR) d.- Frank Launder (6 1/2)
Beau James,1957,d.- Melville Shavelson (6 1/2)
My Man Godfrey,1957,d.- Henry Koster (6 1/2)
Hell Drivers,1957,(BR) d.- Cy Endfield (6 1/2)
The Story of Esther Costello,1957,(BR) d.- David Miller (6 1/2)
Man on Fire,1957,d.- Ranald MacDougall (6 1/2)
The Joker is Wild,1957,d.- Charles Vidor (6 1/2)
Time Limit,1957,d.- Karl Malden (6 1/2)
Zero Hour!,1957,d.- Hall Bartlett (6 1/2)
Saint Joan,1957,(US-BR) d.- Otto Preminger (6 1/2)
The Story of Mankind,1957,d.- Irwin Allen (6 1/2)
Slaughter on Tenth Avenue,1957,d.- Arnold Laven (6 1/2)
Ill Met by Moonlight,1957,"(BR) d.- Michael Powell, Emeric Pressburger (6 1/2)"
A King in New York,1957,(BR) d.- Charles Chaplin (6 1/2)
Johnny Tremain,1957,d.- Robert Stevenson (6 1/2)
Until They Sail,1957,d.- Robert Wise (6 1/2)
The Barretts of Wimpole Street,1957,d.- Sidney Franklin (6 1/2)
Carry on Doctor,1957,(BR) d.- Gerald Thomas (6 1/2)
Daughter of Dr. Jekyll,1957,d.- Edgar G. Ulmer (6 1/2)
Jeanne Eagels,1957,d.- George Sidney (6 1/2)
The Midnight Story,1957,d.- Joseph Pevney (6 1/2)
Fortune is a Woman,1957,(BR) d.- Sidney Gilliat (6 1/2)
The True Story of Jesse James,1957,d.- Nicholas Ray (6 1/2)
Legend of the Lost,1957,(IT-US) d.- Henry Hathaway (6 1/2)
Spanish Affair,1957,"(SP-US) d.- Luis Marquina, Don Siegel (6 1/2)"
The Helen Morgan Story,1957,d.- Michael Curtiz (6 1/2)
Robbery Under Arms,1957,(BR) d.- Jack Lee (6 1/2)
The Burglar,1957,d.- Paul Wendkos (6 1/2)
Legend of the Lost,1957,(IT-US) d.- Henry Hathaway (6 1/2)
The Pride and the Passion,1957,d.- Stanley Kramer (6 1/2)
20 Million Miles to Earth,1957,d.- Nathan Juran (6 1/2)
The Brothers Rico,1957,d.- Phil Karlson (6 1/2)
The Smallest Show on Earth,1957,(BR) d.- Basil Dearden (6 1/2)
Run of the Arrow,1957,d.- Samuel Fuller (6 1/2)
The D.I.,1957,d.- Jack Webb (6 1/2)
The 27th Day,1957,d.- William Asher (6 1/2)
The Seventh Sin,1957,d.- Ronald Neame (6 1/2)
The Abominable Snowman,1957,(BR) d.- Val Guest (6 1/2)
The Unholy Wife,1957,d.- John Farrow (6 1/2)
The Lonely Man,1957,d.- Henry Levin (6 1/2)
The Guns of Fort Petticoat,1957,d.- George Marshall (6 1/2)
China Gate,1957,d.- Samuel Fuller (6 1/2)
Woman In a Dressing Gown,1957,(BR) d.- J. Lee Thompson (6 1/2)
Istanbul,1957,d.- Joseph Pevney (6 1/2)
The Shiralee,1957,(BR) d.- Leslie Norman (6 1/2)
Hit and Run,1957,d.- Hugo Haas (6 1/2)
This Could Be the Night,1957,d.- Robert Wise (6 1/2)
The Big Land,1957,d.- Gordon Douglas (6 1/2)
The Sad Sack,1957,d.- George Marshall (6 1/2)
Tarzan and the Lost Safari,1957,(BR) d.- H. Bruce Humberstone (6 1/2)
House of Numbers,1957,d.- Russell Rouse (6 1/2)
Barnacle Bill,1957,(BR) d.- Charles Frend (6 1/2)
The Lonely Man,1957,d.- Henry Levin (6 1/2)
Don’t Go Near the Water,1957,d.- Charles Walters (6 1/2)
Loving You,1957,d.- Hal Kanter (6 1/2)
Ten Thousand Bedrooms,1957,d.- Richard Thorpe (6)
Five Steps to Danger,1957,d.- Henry S. Kesler (6)
My Gun is Quick,1957,"d.- Phil Victor, George White (6)"
The Lonely Man,1957,d.- Henry Levin (6)
Hot Rod Girl,1957,d.- Leslie H. Martinson (6)
The Amazing Colossal Man,1957,d.- Bert I. Gordon (6)
How to Murder a Rich Uncle,1957,(BR) d.- Nigel Patrick (6)
Black Patch,1957,d.- Allen H. Miner (6)
Sea Wife,1957,(BR) d.- Bob McNaught (6)
The Black Scorpion,1957,d.- Edward Ludwig (6)
I Was a Teenage Werewolf,1957,"d.- Gene Fowler, Jr. (6)"
Not of This Earth,1957,d.- Roger Corman (6)
The Land Unknown,1957,d.- Virgil W. Vogel (6)
Escapade in Japan,1957,d.- Arthur Lubin (6)
The Ride Back,1957,d.- Allen Miner (6)
The Cyclops,1957,d.- Bert I. Gordon (6)
The Monster That Challenged the World,1957,d.- Arnold Laven (6)
Attack of the Crab Monsters,1957,d.- Roger Corman (5)
Touch of Evil,1958,d.- Orson Welles (7)
Vertigo,1958,d.- Alfred Hitchcock (7)
Gigi,1958,d.- Vincente Minnelli (7)
Cat on a Hot Tin Roof,1958,d.- Richard Brooks (7)
A Night To Remember,1958,(BR) d.- Roy Ward Baker (7)
The Defiant Ones,1958,d.- Stanley Kramer (7)
Auntie Mame,1958,d.- Morton DaCosta (7)
Dracula (Horror of Dracula),1958,(BR) d.- Terence Fisher (7)
Look Back in Anger,1958,(BR) d.- Tony Richardson (7)
No Time for Sergeants,1958,d.- Mervyn LeRoy (7)
Ice-Cold in Alex,1958,(BR) d.- J. Lee Thompson (7)
I Want to Live,1958,d.- Robert Wise (7)
Separate Tables,1958,d.- Delbert Mann (6 1/2)
The Big Country,1958,d.- William Wyler (6 1/2)
Night of the Demon,1958,d.- Jacques Tourneur (6 1/2)
The Horse’s Mouth,1958,(BR) d.- Ronald Neame (6 1/2)
Carve Her Name with Pride,1958,(BR) d.- Lewis Gilbert (6 1/2)
South Pacific,1958,d.- Joshua Logan (6 1/2)
"The Long, Hot Summer",1958,d.- Martin Ritt (6 1/2)
The Brothers Karamazov,1958,d.- Richard Brooks (6 1/2)
"Run Silent, Run Deep",1958,d.- Robert Wise (6 1/2)
The Young Lions,1958,d.- Edward Dmytryk (6 1/2)
Damn Yankees,1958,"d.- George Abbott, Stanley Donen (6 1/2)"
The 7th Voyage of Sinbad,1958,d.- Nathan Juran (6 1/2)
Man of the West,1958,d.- Anthony Mann (6 1/2)
The Bravados,1958,d.- Henry King (6 1/2)
Some Came Running,1958,d.- Vincente Minnelli (6 1/2)
The Last Hurrah,1958,d.- John Ford (6 1/2)
A Time to Love and a Time to Die,1958,d.- Douglas Sirk (6 1/2)
A Tale of Two Cities,1958,(BR) d.- Ralph Thomas (6 1/2)
Party Girl,1958,d.- Nicholas Ray (6 1/2)
King Creole,1958,d.- Michael Curtiz (6 1/2)
tom thumb,1958,(BR) d.- George Pal (6 1/2)
The Fly,1958,d.- Kurt Neumann (6 1/2)
The Vikings,1958,d.- Richard Fleischer (6 1/2)
Buchanon Rides Alone,1958,d.- Budd Boetticher (6 1/2)
The Inn of the Sixth Happiness,1958,d.- Mark Robson (6 1/2)
The Old Man and the Sea,1958,d.- John Sturges (6 1/2)
God's Little Acre,1958,d.- Anthony Mann (6 1/2)
Dunkirk,1958,(BR) d.- Leslie Norman (6 1/2)
The Revenge of Frankenstein,1958,(BR) d.- Terence Fisher (6 1/2)
Saddle the Wind,1958,d.- Robert Parrish (6 1/2)
Teacher’s Pet,1958,d.- George Seaton (6 1/2)
I Was Monty’s Double,1958,(BR) d.- John Guillermin (6 1/2)
Indiscreet,1958,d.- Stanley Donen (6 1/2)
"Bell, Book and Candle",1958,d.- Richard Quine (6 1/2)
I Accuse!,1958,d.- Jose Ferrer (6 1/2)
The Goddess,1958,d.- John Cromwell (6 1/2)
Orders to Kill,1958,(BR) d.- Anthony Asquith (6 1/2)
The Sign of  Zorro,1958,"d.- Lewis R. Foster, Norman Foster (6 1/2)"
The Sheepman,1958,d.- George Marshall (6 1/2)
The Matchmaker,1958,d.- Joseph Anthony (6 1/2)
Sea of  Sand,1958,(BR) d.- Guy Green (6 1/2)
I Accuse!,1958,d.- Jose Ferrer (6 1/2)
The Perfect Furlough,1958,d.- Blake Edwards (6 1/2)
Fraulein,1958,d.- Henry Koster (6 1/2)
Houseboat,1958,d.- Melville Shavelson (6 1/2)
Darby’s Rangers,1958,d.- William A. Wellman (6 1/2)
In Love and War,1958,d.- Philip Dunne (6 1/2)
The Badlanders,1958,d.- Delmer Daves (6 1/2)
Cowboy,1958,d.- Delmer Daves (6 1/2)
The Snorkel,1958,(BR) d.- Guy Green (6 1/2)
The Law and Jake Wade,1958,d.- John Sturges (6 1/2)
The Tarnished Angels,1958,d.- Douglas Sirk (6 1/2)
Bonjour tristesse,1958,d.- Otto Preminger (6 1/2)
The Lineup,1958,d.- Don Siegel (6 1/2)
The Buccaneer,1958,d.- Anthony Quinn (6 1/2)
The Doctor’s Dilemma,1958,(BR) d.- Anthony Asquith (6 1/2)
Law and Disorder,1958,(BR) d.- Charles Crichton (6 1/2)
The Left Handed Gun,1958,d.- Arthur Penn (6 1/2)
Imitation General,1958,d.- George Marshall (6 1/2)
Torpedo Run,1958,d.- Joseph Pevney (6 1/2)
Weddings and Babies,1958,d.- Morris Engel (6 1/2)
Marjorie Morningstar,1958,d.- Irving Rapper (6 1/2)
Lonelyhearts,1958,d.- Vincent J. Donehue (6 1/2)
Murder By Contract,1958,d.- Irving Lerner (6 1/2)
Ten North Frederick,1958,d.- Philip Dunne (6 1/2)
Terror in a Texas Town,1958,d.- Joseph H. Lewis (6 1/2)
The Black Orchid,1958,d.- Martin Ritt (6 1/2)
Ride a Crooked Trail,1958,d.- Jesse Hibbs (6 1/2)
Wind Across the Everglades,1958,d.- Nicholas Ray (6 1/2)
Thunder Road,1958,d.- Arthur Ripley (6 1/2)
Carry on Sergeant,1958,(BR) d.- Gerald Thomas (6 1/2)
The Tunnel of Love,1958,d.- Gene Kelly (6 1/2)
The Quiet American,1958,d.- Joseph L. Mankiewicz (6 1/2)
Intent to Kill,1958,(BR) d.- Jack Cardiff (6 1/2)
Murder by Contract,1958,d.- Irving Lerner (6 1/2)
Snowfire,1958,"d.- Dorrell McGowan, Stuart E. McGowan (6 1/2)"
"Rally ‘Round the Flag, Boys",1958,d.- Leo McCarey (6 1/2)
St. Louis Blues,1958,d.- Allen Reisner (6 1/2)
Kings Go Forth,1958,d.- Delmer Daves (6 1/2)
High School Confidential !,1958,d.- Jack Arnold (6 1/2)
Nowhere to Go,1958,"(BR) d.- Basil Dearden, Seth Holt (6 1/2)"
Kathy O’,1958,d.- Jack Sher (6 1/2)
The Gypsy and the Gentleman,1958,(BR) d.- Joseph Losey (6 1/2)
The Case Against Brooklyn,1958,d.- Paul Wendkos (6 1/2)
The Sheriff of Fractured Jaw,1958,(BR-US) d.- Raoul Walsh (6 1/2)
The Man Inside,1958,(BR) d.- John Gilling (6 1/2)
Machine Gun Kelly,1958,d.- Roger Corman (6 1/2)
Harry Black(and the Tiger),1958,(BR) d.- Hugo Fregonese (6 1/2)
The Key,1958,(BR) d.- Carol Reed (6 1/2)
Desire Under the Elms,1958,d.- Delbert Mann (6 1/2)
Merry Andrew,1958,d.- Michael Kidd (6 1/2)
Rock-a-Bye Baby,1958,d.- Frank Tashlin (6 1/2)
The Fearmakers,1958,d.- Jacques Tourneur (6 1/2)
Up the Creek,1958,(BR) d.- Val Guest (6 1/2)
The Gift of Love,1958,d.- Jean Negulesco (6 1/2)
The Girl Most Likely,1958,d.- Mitchell Leisen (6 1/2)
High School Confidential !,1958,d.- Jack Arnold (6 1/2)
Next to No Time,1958,(BR) d.- Henry Cornelius (6 1/2)
The Naked and the Dead,1958,d.- Raoul Walsh (6 1/2)
Fiend Without a Face,1958,(BR) d.- Arthur Crabtree (6 1/2)
The Reluctant Debutante,1958,d.- Vincente Minnelli (6 1/2)
The Hunters,1958,d.- Dick Powell (6 1/2)
I Married a Monster from Outer Space,1958,"d.- Gene Fowler, Jr. (6 1/2)"
Arrivederci Roma,1958,(US-IT) d.- Roy Rowland (6 1/2)
The Proud Rebel,1958,d.- Michael Curtiz (6 1/2)
"Too Much, Too Soon",1958,d.- Art Napoleon (6)
From the Earth to the Moon,1958,d.- Byron Haskin (6 1/2)
The Whole Truth,1958,(BR) d.- John Guillermin (6 1/2)
The Gun Runners,1958,d.- Don Siegel (6 1/2)
The Blob,1958,"d.- Irvin S. Yeaworth, Jr. (6 1/2)"
The Light in the Forest,1958,d.- Herschel Daugherty (6 1/2)
Fort Massacre,1958,d.- Joseph M. Newman (6 1/2)
"I, Mobster",1958,d.- Roger Corman (6 1/2)
Fiend Without a Face,1958,(BR) d.- Arthur Crabtree (6 1/2)
A Certain Smile,1958,d.- Jean Negulesco (6 1/2)
The Two-Headed Spy,1958,(BR) d.- Andre De Toth (6 1/2)
Up the Creek,1958,(BR) d.- Val Guest (6 1/2)
The Whole Truth,1958,"(BR) d.- Dan Cohen, John Guillermin (6 1/2)"
Gunman’s Walk,1958,d.- Phil Karlson (6 1/2)
Cry Terror!,1958,d.- Andrew L. Stone (6 1/2)
Once Upon a Horse…,1958,d.- Hal Kanter (6 1/2)
From Hell to Texas,1958,d.- Henry Hathaway (6 1/2)
It! The Terror from Beyond Space,1958,d.- Edward L. Cahn (6 1/2)
Next to No Time,1958,(BR) d.- Henry Cornelius (6 1/2)
Home Before Dark,1958,d.- Mervyn LeRoy (6 1/2)
From the Earth to the Moon,1958,d.- Byron Haskin (6)
Stakeout on Dope Street,1958,d.- Irvin Kershner (6)
Corridors of Blood,1958,(BR) d.- Robert Day (6)
The Barbarian and the Geisha,1958,d.- John Huston (6)
Me and the Colonel,1958,d.- Peter Glenville (6)
I Married a Woman,1958,d.- Hal Kantner (6)
Hot Spell,1958,d.- Daniel Mann (6)
Attack of the 50 Foot Woman,1958,d.- Nathan Juran (6)
The Cry Baby Killer,1958,d.- Jus Addiss (6)
My World Dies Screaming,1958,d.- Harold Daniels (6)
Tonka,1958,d.- Lewis R. Foster (6)
The Silent Enemy,1958,(BR) d.- William Fairchild (6)
Blood of the Vampire,1958,(BR) d.- Henry Cass (6)
The Trollenberg Terror,1958,(BR) d.- Quentin Lawrence (6)
Queen of Outer Space,1958,d.- Edward Bernds (5 1/2)
Fiend Without a Face,1958,(BR) d.- Arthur Crabtree (5)
Ben-Hur,1959,d.- William Wyler (7)
Some Like It Hot,1959,d.- Billy Wilder (7)
North by Northwest,1959,d.- Alfred Hitchcock (7)
The Diary of Anne Frank,1959,d.- George Stevens (7)
Room at the Top,1959,(BR) d.- Jack Clayton (7)
Imitation of Life,1959,d.- Douglas Sirk (7)
The Nun's Story,1959,d.- Fred Zinnemann (7)
"Suddenly, Last Summer",1959,d.- Joseph L. Mankiewicz (7)
Porgy and Bess,1959,d.- Otto Preminger (7)
Rio Bravo,1959,d.- Howard Hawks (7)
Anatomy of a Murder,1959,d.- Otto Preminger (7)
North West Frontier(Flame Over India),1959,(BR) d.- J. Lee Thompson (6 1/2)
Pillow Talk,1959,d.- Michael Gordon (6 1/2)
The Hound of the Baskervilles,1959,(BR) d.- Terence Fisher (6 1/2)
Compulsion,1959,d.- Richard Fleischer (6 1/2)
Tiger Bay,1959,(BR) d.- J. Lee Thompson (6 1/2)
The Mating Game,1959,d.- George Marshall (6 1/2)
Pork Chop Hill,1959,d.- Lewis Milestone (6 1/2)
Sapphire,1959,(BR) d.- Basil Dearden (6 1/2)
I’m All Right Jack,1959,(BR) d.- John Boulting (6 1/2)
Odds Against Tomorrow,1959,d.- Robert Wise (6 1/2)
Ride Lonesome,1959,d.- Budd Boetticher (6 1/2)
Libel,1959,(BR) d.- Anthony Asquith (6 1/2)
On the Beach,1959,d.- Stanley Kramer (6 1/2)
The Devil's Disciple,1959,(BR) d.- Guy Hamilton (6 1/2)
The Young Philadelphians,1959,d.- Vincent Sherman (6 1/2)
Our Man in Havana,1959,(BR) d.- Carol Reed (6 1/2)
The Last Angry Man,1959,d.- Daniel Mann (6 1/2)
The Mummy,1959,(BR) d.- Terence Fisher (6 1/2)
Career,1959,d.- Joseph Anthony (6 1/2)
Last Train from Gun Hill,1959,d.- John Sturges (6 1/2)
Darby O'Gill and the Little People,1959,d.- Robert Stevenson (6 1/2)
The Mouse That Roared,1959,(BR) d.- Jack Arnold (6 1/2)
Shake Hands with the Devil,1959,(IRE-US) d.- Michael Anderson (6 1/2)
The Hanging Tree,1959,d.- Delmer Daves (6 1/2)
Li’l Abner,1959,d.- Melvin Frank (6 1/2)
Tarzan’s Greatest Adventure,1959,(BR) d.- John Guillermin (6 1/2)
The Battle of the Sexes,1959,(BR) d.- Charles Crichton (6 1/2)
Shadows,1959,d.- John Cassavettes (6 1/2)
Alias Jesse James,1959,d.- Norman Z. McLeod (6 1/2)
No Name on the Bullet,1959,d.- Jack Arnold (6 1/2)
The League of Gentlemen,1959,(BR) d.- Basil Dearden (6 1/2)
House on Haunted Hill,1959,d.- William Castle (6 1/2)
Journey to the Center of the Earth,1959,d.- Henry Levin (6 1/2)
Day of the Outlaw,1959,d.- Andre De Toth (6 1/2)
The Horse Soldiers,1959,d.- John Ford (6 1/2)
The Gazebo,1959,d.- George Marshall (6 1/2)
A Summer Place,1959,d.- Delmer Daves (6 1/2)
The Five Pennies,1959,d.- Melville Shavelson (6 1/2)
A Hole in the Head,1959,d.- Frank Capra (6 1/2)
The Best of Everything,1959,d.- Jean Negulesco (6 1/2)
Third Man on the Mountain,1959,d.- Ken Annakin (6 1/2)
Operation Petticoat,1959,d.- Blake Edwards (6 1/2)
A Touch of Larceny,1959,(BR) d.- Guy Hamilton (6 1/2)
The 39 Steps,1959,(BR) d.- Ralph Thomas (6 1/2)
Warlock,1959,d.- Edward Dmytryk (6 1/2)
Up Periscope,1959,d.- Gordon Douglas (6 1/2)
Middle of the Night,1959,d.- Delbert Mann (6 1/2)
Serious Charge,1959,(BR) d.- Terence Young (6 1/2)
Danger Within,1959,(BR) d.- Don Chaffey (6 1/2)
The Journey,1959,d.- Anatole Litvak (6 1/2)
Yesterday’s Enemy,1959,(BR) d.- Val Guest (6 1/2)
It Happened to Jane,1959,d.- Richard Quine (6 1/2)
The Scapegoat,1959,(BR) d.- Robert Hamer (6 1/2)
They Came to Cordura,1959,d.- Robert Rossen (6 1/2)
Floods of Fear,1959,(BR) d.- Charles Crichton (6 1/2)
The Crimson Kimono,1959,d.- Samuel Fuller (6 1/2)
These Thousand Hills,1959,d.- Richard Fleischer (6 1/2)
The Wreck of the Mary Deare,1959,(BR-US) d.- Michael Anderson (6 1/2)
The Square Peg,1959,(BR) d.- John Paddy Carstairs (6 1/2)
Westbound,1959,d.- Budd Boetticher (6 1/2)
Carry on Nurse,1959,(BR) d.- Gerald Thomas (6 1/2)
Yellowstone Kelly,1959,d.- Gordon Douglas (6 1/2)
Blue Denim,1959,d.- Philip Dunne (6 1/2)
Too Many Crooks,1959,(BR) d.- Mario Zampi (6 1/2)
Horrors of the Black Museum,1959,(BR) d.- Arthur Crabtree (6 1/2)
The Angry Hills,1959,(BR) d.- Robert Aldrich (6 1/2)
Gidget,1959,d.- Paul Wendkos (6 1/2)
The Shaggy Dog,1959,d.- Charles Barton (6 1/2)
Jayhawkers!,1959,d.- Melvin Frank (6 1/2)
Carlton-Browne of the F.O.,1959,"(BR) d.- Roy Boulting, Jeffrey Dell (6 1/2)"
John Paul Jones,1959,d.- John Farrow (6 1/2)
The Big Fisherman,1959,d.- Frank Borzage (6 1/2)
The Gene Krupa Story,1959,d.- Don Weis (6 1/2)
"The World, the Flesh and the Devil",1959,d.- Ranald MacDougall (6 1/2)
The F.B.I. Story,1959,d.- Raoul Walsh (6 1/2)
Never So Few,1959,d.- John Sturges (6 1/2)
"Take Her, She’s Mine",1959,d.- Henry Koster (6 1/2)
Blind Date,1959,(BR) d.- Joseph Losey (6 1/2)
Al Capone,1959,d.- Richard Wilson (6 1/2)
Ten Seconds to Hell,1959,(BR-US) d.- Robert Aldrich (6 1/2)
Anna Lucasta,1959,d.- Arnold Laven (6 1/2)
The Miracle,1959,d.- Irving Rapper (6 1/2)
Don’t Give Up the Ship,1959,d.- Norman Taurog (6 1/2)
But Not for Me,1959,d.- Walter Lang (6 1/2)
The Remarkable Mr. Pennypacker,1959,d.- Henry Levin  (6 1/2)
Verboten!,1959,d.- Samuel Fuller (6 1/2)
The Bridal Path,1959,(SCOT) d.- Frank Launder (6 1/2)
John Paul Jones,1959,d.- John Farrow (6 1/2)
The Tingler,1959,d.- William Castle (6 1/2)
A Dangerous Age,1959,(US-CAN) d.- Sidney J. Furie (6 1/2)
Green Mansions,1959,d.- Mel Ferrer (6 1/2)
A Bucket of Blood,1959,d.- Roger Corman (6 1/2)
Holiday for Lovers,1959,d.- Henry Levin (6 1/2)
For the First Time,1959,(US-GER-IT) d.- Rudolph Mate (6 1/2)
This Earth is Mine,1959,d.- Henry King (6 1/2)
Ferry to Hong Kong,1959,(BR) d.- Lewis Gilbert (6 1/2)
The Man Who Could Cheat Death,1959,(BR) d.- Terence Fisher (6 1/2)
The Big Circus,1959,d.- Joseph M. Newman (6 1/2)
Beloved Infidel,1959,d.- Henry King (6 1/2)
Never Steal Anything Small,1959,d.- Charles Lederer (6 1/2)
Edge of Eternity,1959,d.- Don Siegel (6 1/2)
Holiday for Lovers,1959,d.- Henry Levin (6 1/2)
Have Rocket – Will Travel,1959,d.- David Lowell Rich (6 1/2)
The Young Land,1959,d.- Ted Tetzlaff (6 1/2)
Ask Any Girl,1959,d.- Charles Walters (6 1/2)
Jack the Ripper,1959,"(BR) d.- Robert S. Baker, Monty Berman (6)"
The Purple Gang,1959,d.- Frank McDonald (6)
"Pier 5, Havana",1959,d.- Edward L. Cahn (6)
The Atomic Submarine,1959,d.- Spencer G. Bennett (6)
Operation Amsterdam,1959,(BR) d.- Michael McCarthy (6)
The 30 Foot Bride of Candy Rock,1959,d.- Sidney Miller (6)
The Killer Shrews,1959,d.- Ray Kellogg (6)
-30-,1959,d.- Jack Webb (6)
The Angry Red Planet,1959,d.- Ib Melchior (6)
The Monster of Piedras Blancas,1959,d.- Irvin Berwith (6)
The Trap,1959,d.- Norman Panama (6)
The Alligator People,1959,d.- Roy Del Ruth (5 1/2)
Plan 9 From Outer Space,1959,"d.- Edward D. Wood, Jr. (???)"
Psycho,1960,d.- Alfred Hitchcock (7)
The Apartment,1960,d.- Billy Wilder (7)
Elmer Gantry,1960,d.- Richard  Brooks (7)
Spartacus,1960,d.- Stanley Kubrick (7)
Inherit the Wind,1960,d.- Stanley Kramer (7)
Sons and Lovers,1960,(BR) d.- Jack Cardiff (7)
The Magnificent Seven,1960,d.- John Sturges (7)
Saturday Night and Sunday Morning,1960,(BR) d.- Karel Reisz (7)
Tunes of Glory,1960,(BR) d.- Ronald Neame (7)
Victim,1960,(BR) d.- Basil Dearden (7)
The Entertainer,1960,(BR) d.- Tony Richardson (6 1/2)
The Criminal,1960,(BR) d.- Joseph Losey (6 1/2)
The Sundowners,1960,(BR-AUS) d.- Fred Zinnemann (6 1/2)
Sink the Bismark!,1960,(BR) d.- Lewis Gilbert (6 1/2)
Pollyanna,1960,d.- David Swift (6 1/2)
The Time Machine,1960,d.- George Pal (6 1/2)
Village of the Damned,1960,(BR) d.- Wolf Rilla (6 1/2)
Swiss Family Robinson,1960,d.- Ken Annakin (6 1/2)
Wild River,1960,d.- Elia Kazan (6 1/2)
North to Alaska,1960,d.- Henry Hathaway (6 1/2)
Sunrise at Campobello,1960,d.- Vincent J. Donehue (6 1/2)
House of Usher,1960,d.- Roger Corman (6 1/2)
The Alamo,1960,d.- John Wayne (6 1/2)
Peeping Tom,1960,(BR) d.- Michael Powell (6 1/2)
Sergeant Rutledge,1960,d.- John Ford (6 1/2)
The Bellboy,1960,d.- Jerry Lewis (6 1/2)
Midnight Lace,1960,d.- David Miller (6 1/2)
Exodus,1960,d.- Otto Preminger (6 1/2)
Two Way Stretch,1960,(BR) d.- Robert Day (6 1/2)
Tall Story,1960,d.- Joshua Logan (6 1/2)
Flaming Star,1960,d.- Don Siegel (6 1/2)
The Unforgiven,1960,d.- John Huston (6 1/2)
The World of Suzie Wong,1960,(BR) d.- Richard Quine (6 1/2)
Kidnapped,1960,d.- Robert Stevenson (6 1/2)
Ocean’s Eleven,1960,d.- Lewis Milestone (6 1/2)
Man on a String,1960,d.- Andre De Toth (6 1/2)
The Day They Robbed the Bank of England,1960,(BR) d.- John Guillermin (6 1/2)
The 3 Worlds of Gulliver,1960,(BR-US) d.- Jack Sher (6 1/2)
Bells Are Ringing,1960,d.- Vincente Minnelli (6 1/2)
The Story of Ruth,1960,d.- Henry Koster (6 1/2)
Hell to Eternity,1960,d.- Phil Karlson (6 1/2)
School for Scoundrels,1960,(BR) d.- Robert Hamer (6 1/2)
The Savage Innocents,1960,(FR-IT-BR) d.- Nicholas Ray (6 1/2)
Let No Man Write My Epitaph,1960,d.- Philip Leacock (6 1/2)
The Trials of Oscar Wilde,1960,(BR) d.- Ken Hughes (6 1/2)
BUtterfield 8,1960,d.- Daniel Mann (6 1/2)
The Story on Page One,1960,d.- Clifford Odets (6 1/2)
Make Mine Mink,1960,(BR) d.- Robert Asher (6 1/2)
Cash McCall,1960,d.- Joseph Pevney (6 1/2)
Comanche Station,1960,d.- Budd Boetticher (6 1/2)
The Angry Silence,1960,(BR) d.- Guy Green (6 1/2)
Circus of Horrors,1960,(BR) d.- Sidney Hayers (6 1/2)
Home From the Hill,1960,d.- Vincente Minnelli (6 1/2)
Seven Ways from Sundown,1960,d.- Harry Keller (6 1/2)
The Last Voyage,1960,d.- Andrew L. Stone (6 1/2)
The Dark at the Top of the Stairs,1960,d.- Delbert Mann (6 1/2)
The Adventures of Huckleberry Finn,1960,d.- Michael Curtiz (6 1/2)
Tarzan the Magnificent,1960,(BR) d.- Robert Day (6 1/2)
Can-Can,1960,d.- Walter Lang (6 1/2)
The Flesh and the Fiends,1960,(BR) d.- John Gilling (6 1/2)
Let’s Make Love,1960,d.- George Cukor (6 1/2)
Strangers When We Meet,1960,d.- Richard Quine (6 1/2)
"Murder, Inc",1960,"d.- Burt Balaban, Stuart Rosenberg (6 1/2)"
A Dog of Flanders,1960,d.- James B. Clark (6 1/2)
Little Shop of Horrors,1960,d.- Roger Corman (6 1/2)
Man in the Moon,1960,(BR) d.- Basil Dearden (6 1/2)
The Crowded Sky,1960,d.- Joseph Pevney (6 1/2)
I Passed For White,1960,d.- Fred M. Wilcox (6 1/2)
From the Terrace,1960,d.- Mark Robson (6 1/2)
Never Let Go,1960,(BR) d.- John Guillermin (6 1/2)
The Brides of Dracula,1960,(BR) d.- Terence Fisher (6 1/2)
Hell Bent For Leather,1960,d.- George Sherman (6 1/2)
It Started in Naples,1960,d.- Melville Shavelson (6 1/2)
Hand in Hand,1960,(BR) d.- Philip Leacock (6 1/2)
Portrait in Black,1960,d.- Michael Gordon (6 1/2)
The Grass is Greener,1960,(BR) d.- Stanley Donen (6 1/2)
The Mountain Road,1960,d.- Daniel Mann (6 1/2)
Studs Lonigan,1960,d.- Irving Lerner (6 1/2)
Seven Thieves,1960,d.- Henry Hathaway (6 1/2)
Who Was That Lady?,1960,d.- George Sidney (6 1/2)
The Gallant Hours,1960,d.- Robert Montgomery (6 1/2)
City of the Dead,1960,(BR) d.- John Llewellyn Moxey (6 1/2)
Facts of Life,1960,d.- Melvin Frank (6 1/2)
Cimarron,1960,d.- Anthony Mann (6 1/2)
"Toby Tyler, or Ten Weeks with a Circus",1960,d.- Charles Barton (6 1/2)
Please Don’t Eat the Daisies,1960,d.- Charles Walters (6 1/2)
The Rise and Fall of Legs Diamond,1960,d.- Budd Boetticher (6 1/2)
Who Was That Lady ?,1960,d.- George Sidney (6 1/2)
"Once More, with Feeling!",1960,(BR) d.- Stanley Donen (6 1/2)
High Time,1960,d.- Blake Edwards (6 1/2)
Wake Me When It’s Over,1960,d.- Mervyn LeRoy (6 1/2)
13 Ghosts,1960,d.- William Castle (6 1/2)
Facts of Life,1960,d.- Melvin Frank (6 1/2)
Song Without End,1960,"d.- Charles Vidor, George Cukor (6 1/2)"
The Lost World,1960,d.- Irwin Allen (6 1/2)
Key Witness,1960,d.- Phil Karlson (6 1/2)
The Stranglers of Bombay,1960,(BR) d.- Terence Fisher (6 1/2)
Heller in Pink Tights,1960,d.- George Cukor (6 1/2)
Pepe,1960,(MEX-US) d.- George Sidney (6 1/2)
It Started with a Kiss,1960,d.- George Marshall (6 1/2)
The Wackiest Ship in the Army,1960,d.- Richard Murphy (6 1/2)
There Was a Crooked Man,1960,(BR) d.- Stuart Burge (6 1/2)
The City of the Dead,1960,(BR) d.- John Llewellyn Moxey (6 1/2)
Where the Boys Are,1960,d.- Henry Levin (6 1/2)
Walk Like a Dragon,1960,d.- James Clavell (6 1/2)
I Aim at the Stars(Werner von Braun),1960,(US-GER) d.- J. Lee Thompson (6 1/2)
The Subterraneans,1960,d.- Ranald MacDougall (6 1/2)
High Time,1960,d.- Blake Edwards (6 1/2)
The Two Faces of Dr. Jekyll,1960,(BR) d.- Terence Fisher (6 1/2)
Too Hot to Handle,1960,(BR) d.- Terence Young (6 1/2)
All the Fine Young Cannibals,1960,d.- Michael Anderson (6 1/2)
The Fugitive Kind,1960,d.- Sidney Lumet (6 1/2)
Visit to a Small Planet,1960,d.- Norman Taurog (6 1/2)
The Millionairess,1960,(BR) d.- Anthony Asquith (6 1/2)
The Millionairess,1960,(BR) d.- Anthony Asquith (6 1/2)
Expresso Bongo,1960,(BR) d.- Val Guest (6 1/2)
The Barbarians,1960,(US-IT) d.- Rudolph Mate (6)
All the Young Men,1960,d.- Hall Bartlett (6)
The Amazing Transparent Man,1960,d.- Edgar G. Ulmer (6)
The Tell-Tale Heart,1960,(BR) d.- Ernest Morris (6)
The Wild Ride,1960,d.- Harvey Berman (5 1/2)
Ice Palace,1960,d.- Vincent Sherman (5 1/2)
West Side Story,1961,"d.- Robert Wise, Jerome Robbins (7)"
Judgment at Nuremberg,1961,d.- Stanley Kramer (7)
The Hustler,1961,d.- Robert Rossen (7)
A Raisin In the Sun,1961,d.- Daniel Petrie (7)
A Taste of Honey,1961,(BR) d.- Tony Richardson (7)
El Cid,1961,(US-IT) d.- Anthony Mann (7)
The Innocents,1961,(BR) d.- Jack Clayton (7)
The Guns of Navarone,1961,d.- J. Lee Thompson (7)
Breakfast at Tiffany's,1961,d.- Blake Edwards (7)
Splendor in the Grass,1961,d.- Elia Kazan (7)
King of Kings,1961,d.- Nicholas Ray (6 1/2)
"One, Two, Three",1961,d.- Billy Wilder (6 1/2)
Whistle Down the Wind,1961,(BR) d.- Bryan Forbes (6 1/2)
Fanny,1961,d.- Joshua Logan (6 1/2)
The Misfits,1961,d.- John Huston (6 1/2)
Murder She Said,1961,(BR) d.- George Pollock (6 1/2)
Summer and Smoke,1961,d.- Peter Glenville (6 1/2)
Lover Come Back,1961,d.- Delbert Mann (6 1/2)
Flower Drum Song,1961,d.- Henry Koster (6 1/2)
The Pit and the Pendulum,1961,d.- Roger Corman (6 1/2)
The Children’s Hour,1961,d.- William Wyler (6 1/2)
The Mark,1961,d.- Guy Green (6 1/2)
One-Eyed Jacks,1961,d.- Marlon Brando (6 1/2)
The Day the Earth Caught Fire,1961,(BR) d.- Val Guest (6 1/2)
The Secret Partner,1961,(BR) d.- Basil Dearden (6 1/2)
The Comancheros,1961,d.- Michael Curtiz (6 1/2)
Jules Verne’s Mysterious Island,1961,(BR) d.- Cy Endfield (6 1/2)
The Outsider,1961,d.- Delbert Mann (6 1/2)
The Great Imposter,1961,d.- Robert Mulligan (6 1/2)
Barabbas,1961,(IT) d.- Richard Fleischer (6 1/2)
Underworld U.S.A.,1961,d.- Samuel Fuller (6 1/2)
Goodbye Again,1961,(FR-US) d.- Anatole Litvak (6 1/2)
Town Without Pity,1961,(US-GER-SW) d.- Gottfried Reinhardt (6 1/2)
Two Rode Together,1961,d.- John Ford (6 1/2)
The Last Sunset,1961,d.- Robert Aldrich (6 1/2)
The Young Savages,1961,d.- John Frankenheimer (6 1/2)
Blast of Silence,1961,d.- Allen Baron (6 1/2)
Parrish,1961,d.- Delmer Daves (6 1/2)
The Hellions,1961,"(BR-SA) d.- Ken Annakin, Irving Allen (6 1/2)"
The Pleasure of His Company,1961,d.- George Seaton (6 1/2)
No Love for Johnnie,1961,(BR) d.- Ralph Thomas (6 1/2)
Back Street,1961,d.- David Miller (6 1/2)
Something Wild,1961,d.- Jack Garfein (6 1/2)
Paris Blues,1961,d.- Martin Ritt (6 1/2)
Goodbye Again,1961,d.- Anatole Litvak (6 1/2)
The Absent Minded Professor,1961,d.- Robert Stevenson (6 1/2)
Come September,1961,d.- Robert Mulligan (6 1/2)
Voyage to the Bottom of the Sea,1961,d.- Irwin Allen (6 1/2)
The Errand Boy,1961,d.- Jerry Lewis (6 1/2)
Ada,1961,d.- Daniel Mann (6 1/2)
The Greengage Summer,1961,(BR) d.- Lewis Gilbert (6 1/2)
The Frightened City,1961,(BR) d.- John Lemont (6 1/2)
On the Double,1961,Melville Shavelson (6 1/2)
The Naked Edge,1961,(BR-US) d.- Michael Anderson (6 1/2)
Wild In the Country,1961,d.- Philip Dunne (6 1/2)
The Devil at 4 O'Clock,1961,d.- Mervyn LeRoy (6 1/2)
Too Late Blues,1961,d.- John Cassavettes (6 1/2)
The Deadly Companions,1961,d.- Sam Peckinpah (6 1/2)
All in a Night’s Work,1961,d.- Joseph Anthony (6 1/2)
Homicidal,1961,d.- William Castle (6 1/2)
The Young Doctors,1961,d.- Phil Karlson (6 1/2)
The Sins of Rachel Cade,1961,d.- Gordon Douglas (6 1/2)
Babes in Toyland,1961,d.- Jack Donohue (6 1/2)
Cry for Happy,1961,d.- George Marshall (6 1/2)
Five Golden Hours,1961,(BR) d.- Mario Zampi (6 1/2)
Curse of the Werewolf,1961,(BR) d.- Terence Fisher (6 1/2)
The Young Ones,1961,(BR) d.- Sidney J. Furie (6 1/2)
Payroll,1961,(BR) d.- Sidney Hayers (6 1/2)
Misty,1961,d.- James B. Clark (6 1/2)
The Honeymoon Machine,1961,d.- Richard Thorpe (6 1/2)
Blue Hawaii,1961,d.- Norman Taurog (6 1/2)
Carry on Cowboy,1961,(BR) d.- Gerald Thomas (6 1/2)
The Roman Spring of Mrs. Stone,1961,d.- Jose Quintero (6 1/2)
Shadow of the Cat,1961,(BR) d.- John Gilling (6 1/2)
Misty,1961,d.- James B. Clark (6 1/2)
A Thunder of Drums,1961,d.- Joseph M. Newman (6 1/2)
Susan Slade,1961,d.- Delmer Daves (6 1/2)
Cash on Demand,1961,(BR) d.- Quentin Lawrence (6 1/2)
Shadow of the Cat,1961,(BR) d.- John Gilling (6 1/2)
Johnny Nobody,1961,(BR) d.- Nigel Patrick (6 1/2)
All in a Night’s Work,1961,d.- Joseph Anthony (6 1/2)
The Rebel,1961,(BR) d.- Robert Day (6 1/2)
The Last Time I Saw Archie,1961,d.- Jack Webb (6 1/2)
The Singer Not the Song,1961,(BR) d.- Roy Ward Baker (6 1/2)
Romanoff and Juliet,1961,d.- Peter Ustinov (6 1/2)
A Majority of One,1961,d.- Mervyn LeRoy (6 1/2)
Fury at Smuggler’s Bay,1961,(BR) d.- John Gilling (6 1/2)
Bachelor in Paradise,1961,d.- Jack Arnold (6 1/2)
The Second Time Around,1961,d.- Vincent Sherman (6 1/2)
Tammy Tell Me True,1961,d.- Harry Keller (6 1/2)
A Bridge to the Sun,1961,(FR-US) d.- Etienne Perier (6 1/2)
Mr. Sardonicus,1961,d.- William Castle (6)
The Big Show,1961,d.- James B. Clark (6)
The Secret Ways,1961,d.- Phil Karlson (6)
The Explosive Generation,1961,d.- Buzz Kulik (5 1/2)
Five Minutes to Live,1961,d.- Bill Karn (5 1/2)
Lawrence of Arabia,1962,(BR) d.- David Lean (7)
To Kill a Mockingbird,1962,d.- Robert Mulligan (7)
The Miracle Worker,1962,d.- Arthur Penn (7)
The Manchurian Candidate,1962,d.- John Frankenheimer (7)
The Longest Day,1962,"d.- Ken Annakin, Andrew Marton, Bernard Wicki (7)"
Days of Wine and Roses,1962,d.- Blake Edwards (7)
The Man Who Shot Liberty Valance,1962,d.- John Ford (7)
The Music Man,1962,d.- Morton DaCosta (7)
The Trial (Le Proces),1962,(FR-IT-GER YUG) d.- Orson Welles (7)
Whatever Happened to Baby Jane ?,1962,d.- Robert Aldrich (7)
Cape Fear,1962,d.- J. Lee Thompson (7)
Advise and Consent,1962,d.- Otto Preminger (7)
The Loneliness of the Long Distance Runner,1962,(BR) d.- Tony Richardson (6 1/2)
Ride the High Country,1962,d.- Sam Peckinpah (6 1/2)
Long Day's Journey Into Night,1962,d.- Sidney Lumet (6 1/2)
Lolita,1962,(US-BR) d.- Stanley Kubrick (6 1/2)
Birdman of Alcatraz,1962,d.- John Frankenheimer (6 1/2)
How the West Was Won,1962,"d.- J. Ford, H. Hathaway, G. Marshall (6 1/2)"
Mutiny on the Bounty,1962,d.- Lewis Milestone (6 1/2)
Billy Budd,1962,(BR) d.- Peter Ustinov (6 1/2)
Requiem for a Heavyweight,1962,d.- Ralph Nelson (6 1/2)
Sweet Bird of Youth,1962,d.- Richard Brooks (6 1/2)
Lonely Are the Brave,1962,d.- David Miller (6 1/2)
The L- Shaped Room,1962,(BR) d.- Bryan Forbes (6 1/2)
"Night of the Eagle(Burn, Witch, Burn!)",1962,(BR) d.- Sidney Hayers (6 1/2)
Playboy of the Western World,1962,(IRE) d.- Brian Desmond Hurst (6 1/2)
Dr. No,1962,(BR) d.- Guy Hamilton (6 1/2)
H.M.S. Defiant (Damn the Defiant!),1962,(BR) d.- Lewis Gilbert (6 1/2)
Hatari,1962,d.- Howard Hawks (6 1/2)
Carnival of  Souls,1962,d.- Harold(Herk) Harvey (6 1/2)
Hell Is for Heroes,1962,d.- Don Siegel (6 1/2)
The Counterfeit Traitor,1962,d.- George Seaton (6 1/2)
A Kind of Loving,1962,(BR) d.- John Schlesinger (6 1/2)
The 300 Spartans,1962,d.- Rudolph Mate (6 1/2)
Light in the Piazza,1962,d.- Guy Green (6 1/2)
The Intruder,1962,d.- Roger Corman (6 1/2)
David and Lisa,1962,d.- Frank Perry (6 1/2)
Experiment in Terror,1962,d.- Blake Edwards (6 1/2)
The Best of Enemies,1962,(IT-US) d.- Guy Hamilton (6 1/2)
Only Two Can Play,1962,(BR) d.- Sidney Gilliat (6 1/2)
Gypsy,1962,d.- Mervyn LeRoy (6 1/2)
Waltz of the Toreadors,1962,(BR) d.- John Guillermin (6 1/2)
Tales of Terror,1962,d.- Roger Corman (6 1/2)
Pocketful of Miracles,1962,d.- Frank Capra (6 1/2)
Term of Trial,1962,(BR) d.- Peter Glenville (6 1/2)
The Phantom of the Opera,1962,(BR) d.- Terence Fisher (6 1/2)
All Fall Down,1962,d.- John Frankenheimer (6 1/2)
In Search of the Castaways,1962,d.- Robert Stevenson (6 1/2)
Life for Ruth,1962,(BR) d.- Basil Dearden (6 1/2)
Merrill’s Marauders,1962,d.- Samuel Fuller (6 1/2)
Jack the Giant Killer,1962,d.- Nathan Juran (6 1/2)
It’$ Only Money,1962,d.- Frank Tashlin (6 1/2)
That Touch of Mink,1962,d.- Delbert Mann (6 1/2)
Billy Rose’s Jumbo,1962,d.- Charles Walters (6 1/2)
The War Lover,1962,(BR) d.- Philip Leacock (6 1/2)
Boys Night Out,1962,d.- Michael Gordon (6 1/2)
The Password is Courage,1962,(BR) d.- Andrew L. Stone (6 1/2)
Follow That Dream,1962,d.- Gordon Douglas (6 1/2)
The Lion,1962,(BR) d.- Jack Cardiff (6 1/2)
Pressure Point,1962,d.- Hubert Cornfield (6 1/2)
The Notorious Landlady,1962,d.- Richard Quine (6 1/2)
Rome Adventure,1962,d.- Delmer Daves (6 1/2)
The Interns,1962,d.- David Swift (6 1/2)
Taras Bulba,1962,(YUG-US) d.- J. Lee Thompson (6 1/2)
The Road to Hong Kong,1962,(BR) d.- Norman Panama (6 1/2)
The 4 Horsemen of the Apocalypse,1962,d.- Vincente Minnelli (6 1/2)
The Reluctant Saint,1962,d.- Edward Dmytryk (6 1/2)
Kill or Cure,1962,(BR) d.- George Pollock (6 1/2)
The Wonderful World of the Brothers Grimm,1962,"d.- Henry Levin, George Pal (6 1/2)"
The Pigeon That Took Rome,1962,d.- Melville Shavelson (6 1/2)
Two Weeks in Another Town,1962,d.- Vincente Minnelli (6 1/2)
The Premature Burial,1962,d.- Roger Corman (6 1/2)
The Quare Fellow,1962,(IRE) d.- Arthur Dreifuss (6 1/2)
Zotz!,1962,d.- William Castle (6 1/2)
Freud,1962,d.- John Huston (6 1/2)
Mr. Hobbs Takes a Vacation,1962,d.- Henry Koster (6 1/2)
Sergeants 3,1962,d.- John Sturges (6 1/2)
My Geisha,1962,d.- Jack Cardiff (6 1/2)
State Fair,1962,d.- Jose Ferrer (6 1/2)
Tender is the Night,1962,d.- Henry King (6 1/2)
Tarzan Goes to India,1962,(BR-US-SW) d.- John Guillermin (6 1/2)
If a Man Answers,1962,d.- Henry Levin (6 1/2)
Gigot,1962,d.- Gene Kelly (6 1/2)
Some People,1962,(BR) d.- Clive Donner (6 1/2)
Jessica,1962,"(US-FR-IT) d.- Jean Negulesco, Oreste Palella (6 1/2)"
Eva,1962,(FR-IT) d.- Joseph Losey (6 1/2)
Phaedra,1962,(FR-GR-US) d.- Jules Dassin (6 1/2)
Panic in the Year Zero!,1962,d.- Ray Milland (6 1/2)
Two for the Seesaw,1962,d.- Robert Wise (6 1/2)
Sodom and Gomorrah,1962,(US-IT-FR) d.- Robert Aldrich (6 1/2)
Who’s Got the Action ?,1962,d.- Daniel Mann (6 1/2)
Five Weeks in a Balloon,1962,d.- Irwin Allen (6 1/2)
Satan Never Sleeps,1962,d.- Leo McCarey (6 1/2)
Kid Galahad,1962,d.- Phil Karlson (6 1/2)
Hemingway’s Adventures of a Young Man,1962,d.- Martin Ritt (6 1/2)
All Night Long,1962,(BR) d.- Basil Dearden (6 1/2)
Geronimo,1962,d.- Arnold Laven (6 1/2)
No Man is an Island,1962,"d.- Richard Goldstone, John Monks Jr. (6 1/2)"
On the Beat,1962,(BR) d.- Robert Asher (6 1/2)
The Dock Brief,1962,(BR) d.- James Hill (6 1/2)
Tiara Tahiti,1962,(BR) d.- Ted Kotcheff (6)
Captain Clegg,1962,(BR) d.- Peter Graham Scott (6)
The Chapman Report,1962,d.- George Cukor (6)
Hand of Death,1962,d.- Gene Nelson (6)
The Fast Lady,1962,(BR) d.- Ken Annakin (6)
Lisa,1962,(BR-US) d.- Philip Dunne (6)
The Three Stooges Meet Hercules,1962,d.- Edward Bernds (6)
Big Red,1962,(US-CAN) d.- Norman Tokar (6)
Strongroom,1962,(BR) d.- Vernon Sewell (6)
Walk on the Wild Side,1962,d.- Edward Dmytryk (6)
House of Women,1962,d.- Walter Doniger (6)
Convicts 4,1962,d.- Millard Kaufman (5 1/2)
The Three Stooges in Orbit,1962,d.- Edward Bernds (5 1/2)
The Brain that Wouldn’t Die,1962,d.- Joseph Green (5)
Tom Jones,1963,(BR) d.- Tony Richardson (7)
Hud,1963,d.- Martin Ritt (7)
The Great Escape,1963,d.- John Sturges (7)
The Servant,1963,(BR) d.- Joseph Losey (7)
Lilies of the Field,1963,d.- Ralph Nelson (7)
"It's A Mad, Mad, Mad, Mad World",1963,d.- Stanley Kramer (7)
The Birds,1963,d.- Alfred Hitchcock (7)
This Sporting Life,1963,(BR) d.- Lindsay Anderson (7)
Billy Liar,1963,(BR) d.- John Schlesinger (7)
Charade,1963,d.- Stanley Donen (7)
"America, America",1963,d.- Elia Kazan (6 1/2)
Shock Corridor,1963,d.- Samuel Fuller (6 1/2)
The Haunting,1963,d.- Robert Wise (6 1/2)
The Pumpkin Eater,1963,(BR) d.- Jack Clayton (6 1/2)
From Russia With Love,1963,(BR) d.- Terence Young (6 1/2)
Jason and the Argonauts,1963,(BR) d.- Don Chaffey (6 1/2)
Irma la Douce,1963,d.- Billy Wilder (6 1/2)
The Nutty Professor,1963,d.- Jerry Lewis (6 1/2)
The Pink Panther,1963,d.- Blake Edwards (6 1/2)
Love With the Proper Stranger,1963,d.- Robert Mulligan (6 1/2)
Murder at the Gallop,1963,(BR) d.- George Pollock (6 1/2)
The Wheeler Dealers,1963,d.- Arthur Hiller (6 1/2)
Lord of the Flies,1963,(BR) d.- Peter Brook (6 1/2)
Who’s Minding the Store?,1963,d.- Frank Tashlin (6 1/2)
The Incredible Journey,1963,d.- Fletcher Markle (6 1/2)
The Thrill of It All,1963,d.- Norman Jewison (6 1/2)
The Wrong Arm of the Law,1963,(BR) d.- Clive Owen (6 1/2)
Cleopatra,1963,d.- Joseph L. Mankiewicz (6 1/2)
The Caretaker,1963,(BR) d.- Clive Donner (6 1/2)
The Victors,1963,(BR) d.- Carl Foreman (6 1/2)
A Child is Waiting,1963,d.- John Cassavettes (6 1/2)
The List of Adrian Messenger,1963,d.- John Huston (6 1/2)
McClintock!,1963,d.- Andrew V. McLaglen (6 1/2)
Captain Newman M.D.,1963,d.- David Miller (6 1/2)
Sunday in New York,1963,d.- Peter Tewksbury (6 1/2)
Donovan's Reef,1963,d.- John Ford (6 1/2)
Move Over Darling,1963,d.- Michael Gordon (6 1/2)
The Prize,1963,d.- Mark Robson (6 1/2)
Gone Are the Days!,1963,d.- Nicholas Webster (6 1/2)
Heavens Above,1963,"(BR) d.- John Boulting, Roy Boulting (6 1/2)"
Soldier in the Rain,1963,d.- Ralph Nelson (6 1/2)
"Bye, Bye Birdie",1963,d.- George Sidney (6 1/2)
Children of the Damned,1963,(BR) d.- Anton Leader (6 1/2)
I Could Go On Singing,1963,(BR) d.- Ronald Neame (6 1/2)
Spencer’s Mountain,1963,d.- Delmer Daves (6 1/2)
The Courtship of Eddie’s Father,1963,d.- Vincente Minnelli (6 1/2)
The Householder,1963,(IND) d.- James Ivory (6 1/2)
The Damned,1963,(BR) d.- Joseph Losey (6 1/2)
A Gathering of Eagles,1963,d.- Delbert Mann (6 1/2)
Toys In the Attic,1963,d.- George Roy Hill (6 1/2)
The Bitter Ash,1963,(CAN) d.- Larry Kent (6 1/2)
The Haunted Palace,1963,d.- Roger Corman (6 1/2)
The V.I.P.s,1963,(BR) d.- Anthony Asquith (6 1/2)
55 Days at Peking,1963,d.- Nicholas Ray (6 1/2)
It Happened at The World’s Fair,1963,d.- Norman Taurog (6 1/2)
The Long Ships,1963,(BR-YUG) d.- Jack Cardiff (6 1/2)
Ladybug Ladybug,1963,d.- Frank Perry (6 1/2)
The Householder,1963,(IND) d.- James Ivory (6 1/2)
The Stripper,1963,d.- Franklin J. Schaffner (6 1/2)
All the Way Home,1963,d.- Alex Segal (6 1/2)
Twilight of Honor,1963,d.- Boris Sagal (6 1/2)
The Ugly American,1963,d.- George Englund (6 1/2)
Man in the Middle,1963,(BR) d.- Guy Hamilton (6 1/2)
Doctor in Distress,1963,(BR) d.- Ralph Thomas (6 1/2)
The Hook,1963,d.- George Seaton (6 1/2)
The Cardinal,1963,d.- Otto Preminger (6 1/2)
Summer Holiday,1963,(BR) d.- Peter Yates (6 1/2)
Summer Magic,1963,d.- James Neilson (6 1/2)
Nine Hours to Rama,1963,(BR-US) d.- Mark Robson (6 1/2)
A Ticklish Affair,1963,d.- George Sidney (6 1/2)
Kings of the Sun,1963,d.- J. Lee Thompson (6 1/2)
Fun in Acapulco,1963,d.- Richard Thorpe (6 1/2)
The Mouse on the Moon,1963,(BR) d.- Richard Lester (6 1/2)
A Ticklish Affair,1963,d.- George Sidney (6 1/2)
PT 109,1963,d.- Leslie H. Martinson (6 1/2)
Under the Yum Yum Tree,1963,d.- David Swift (6 1/2)
Palm Springs Weekend,1963,d.- Norman Taurog (6 1/2)
Flipper,1963,d.- James B. Clark (6 1/2)
The Man from the Diner’s Club,1963,d.- Frank Tashlin (6 1/2)
The Running Man,1963,(BR) d.- Carol Reed (6 1/2)
A New Kind of Love,1963,d.- Melville Shavelson (6 1/2)
"Krakatoa, East of Java",1963,d.- Bernard L. Kowalski (6 1/2)
The Mind Benders,1963,(BR) d.- Basil Dearden (6 1/2)
The Kiss of the Vampire,1963,(BR) d.- Don Sharp (6 1/2)
Wives and Lovers,1963,d.- John Rich (6 1/2)
X(Man with the X-Ray Eyes),1963,d.- Roger Corman (6 1/2)
Tammy and the Doctor,1963,d.- Harry Keller (6 1/2)
Who’s Been Sleeping in My Bed ?,1963,d.- Daniel Mann (6 1/2)
Beach Party,1963,d.- William Asher (6 1/2)
Carry on Cabby,1963,(BR)  d.- Gerald Thomas (6 1/2)
Cry of Battle,1963,d.- Irving Lerner (6 1/2)
Johnny Cool,1963,d.- William Asher (6 1/2)
Dementia 13,1963,d.- Francis Ford Coppola (6 1/2)
Love is a Ball,1963,d.- David Swift (6 1/2)
Love is a Ball,1963,d.- David Swift (6 1/2)
The Day of the Triffids,1963,d.- Steve Sekely (6 1/2)
The Ugly Dachshund,1963,d.- Norman Tokar (6 1/2)
In the French Style,1963,(US-FR) d.- Robert Parrish (6)
Cry of Battle,1963,d.- Irving Lerner (6)
The Terror,1963,d.- Roger Corman (6)
Rampage,1963,d.- Phil Karlson (6)
"80,000 Suspects",1963,(BR) d.- Val Guest (6)
Beyond the Stars(Unearthly Stranger),1963,(BR) d.- John Krish (6)
The Three Stooges Go Around the World*,1963,d.- Norman Maurer (6)
Savage Sam,1963,d.- Norman Tokar (6)
Violent Midnight,1963,d.- Richard Hilliard (5 1/2)
Unearthly Stranger,1963,(BR) d.- John Krish (5 1/2)
The Balcony,1963,d.- Joseph Strick (5)
Dr. Strangelove*,1964,(BR) d.- Stanley Kubrick (7)
Mary Poppins,1964,d.- Robert Stevenson (7)
My Fair Lady,1964,d.- George Cukor (7)
Zorba the Greek,1964,(US-GR) d.- Mihalis Kakogiannis (7)
Seven Days in May,1964,d.- John Frankenheimer (7)
Becket,1964,(BR-US) d.- Peter Glenville (7)
Goldfinger,1964,(BR) d.- Guy Hamilton (7)
Séance on a Wet Afternoon,1964,(BR) d.- Bryan Forbes (7)
The Train,1964,(US-FR-IT) d.- John Frankenheimer (7)
Zulu,1964,(BR) d.- Cy Endfield (7)
King & Country,1964,(BR) d.- Joseph Losey (7)
Fail-Safe,1964,d.- Sidney Lumet (7)
The Americanization of Emily,1964,d.- Arthur Hiller (7)
The Best Man,1964,d.- Franklin J. Schaffner (6 1/2)
A Hard Day's Night,1964,(BR) d.- Richard Lester (6 1/2)
Nothing But a Man,1964,d.- Michael Roemer (6 1/2)
A Shot in the Dark,1964,d.- Blake Edwards (6 1/2)
"One Potato, Two Potato",1964,d.- Larry Peerce (6 1/2)
The Unsinkable Molly Brown,1964,d.- Charles Walters (6 1/2)
Topkapi,1964,d.- Jules Dassin (6 1/2)
The 7th Dawn,1964,(BR) d.- Lewis Gilbert (6 1/2)
The Night of the Iguana,1964,d.- John Huston (6 1/2)
The Killers,1964,d.- Don Siegel (6 1/2)
The Seven Faces of  Dr. Lao,1964,d.- George Pal (6 1/2)
Fate is the Hunter,1964,d.- Ralph Nelson (6 1/2)
The World of Henry Orient,1964,d.- George Roy Hill (6 1/2)
Send Me No Flowers,1964,d.- Norman Jewison (6 1/2)
Guns at Batasi,1964,(BR) d.- John Guillermin (6 1/2)
The Disorderly Orderly,1964,d.- Frank Tashlin (6 1/2)
The Naked Kiss,1964,d.- Samuel Fuller (6 1/2)
Marnie,1964,d.- Alfred Hitchcock (6 1/2)
Girl with Green Eyes,1964,(BR) d.- Desmond Davis (6 1/2)
Murder Most Foul,1964,(BR) d.- George Pollock (6 1/2)
The Comedy of Terrors,1964,d.- Jacques Tourneur (6 1/2)
Nothing But the Best,1964,(BR) d.- Clive Donner (6 1/2)
Nothing But a Man,1964,d.- Michael Roemer (6 1/2)
Lilith,1964,d.- Robert Rossen (6 1/2)
The Chalk Garden,1964,(BR-US) d.- Ronald Neame (6 1/2)
The Thin Red Line,1964,d.- Andrew Marton (6 1/2)
Nobody Waved Good-Bye,1964,(CAN) d.- Don Owen (6 1/2)
Father Goose,1964,d.- Ralph Nelson (6 1/2)
The Luck of Ginger Coffey,1964,(CAN-US) d.- Irvin Kershner (6 1/2)
Robin and the Seven Hoods,1964,d.- Gordon Douglas (6 1/2)
Murder Ahoy,1964,(BR) d.- George Pollock (6 1/2)
The 3 Lives of Thomasina,1964,d.- Don Chaffey (6 1/2)
What a Way to Go!,1964,d.- J. Lee Thompson (6 1/2)
The Incredible Mr. Limpet,1964,d.- Arthur Lubin (6 1/2)
The 3 Lives of Thomasina,1964,d.- Don Chaffey (6 1/2)
Carry on Cleo,1964,(BR) d.- Gerald Thomas (6 1/2)
Cheyenne Autumn,1964,d.- John Ford (6 1/2)
The Fall of the Roman Empire,1964,d.- Anthony Mann (6 1/2)
The Carpetbaggers,1964,d.- Edward Dmytryk (6 1/2)
Dear Heart,1964,d.- Delbert Mann (6 1/2)
The Moon-Spinners,1964,d.- James Neilson (6 1/2)
Hamlet,1964,"d.- Bill Colleran, John Gielgud (6 1/2)"
Nobody Waved Good-Bye,1964,(CAN) d.- Don Owen (6 1/2)
Strait-Jacket,1964,d.- William Castle (6 1/2)
Good Neighbor Sam,1964,d.- David Swift (6 1/2)
Viva Las Vegas,1964,d.- George Sidney (6 1/2)
A Jolly Bad Fellow,1964,(BR) d.- Don Chaffey (6 1/2)
The Patsy,1964,d.- Jerry Lewis (6 1/2)
Woman of Straw,1964,(BR) d.- Basil Dearden (6 1/2)
The Third Secret,1964,(BR) d.- Charles Crichton (6 1/2)
The Truth About Spring,1964,(BR) d.- Richard Thorpe (6 1/2)
Advance to the Rear,1964,d.- George Marshall (6 1/2)
Night Must Fall,1964,(BR) d.- Karel Reisz (6 1/2)
The System,1964,(BR) d.- Michael Winner (6 1/2)
Sex and the Single Girl,1964,d.- Richard Quine (6 1/2)
Black Like Me,1964,d.- Carl Lerner (6 1/2)
Nothing But the Best,1964,(BR) d.- Clive Donner (6 1/2)
Behold a Pale Horse,1964,d.- Fred Zinnemann (6 1/2)
The Yellow Rolls-Royce,1964,(BR) d.- Anthony Asquith (6 1/2)
Youngblood Hawke,1964,d.- Delmer Daves (6 1/2)
The Outrage,1964,d.- Martin Ritt (6 1/2)
Ride the Wild Surf,1964,d.- Don Taylor (6 1/2)
First Men in the Moon,1964,(BR) d.- Nathan Juran (6 1/2)
Rio Conchos,1964,d.- Gordon Douglas (6 1/2)
Your Cheatin Heart,1964,d.- Gene Nelson (6 1/2)
Tomb of Ligeia,1964,(BR) d.- Roger Corman (6 1/2)
Ensign Pulver,1964,d.- Joshua Logan (6 1/2)
The Troublemaker,1964,d.- Theodore J. Flicker (6 1/2)
Quick Before It Melts,1964,d.- Delbert Mann (6 1/2)
A Distant Trumpet,1964,d.- Raoul Walsh (6 1/2)
Paranoiac,1964,(BR) d.- Freddie Francis (6 1/2)
"Kiss Me, Stupid",1964,d.- Billy Wilder (6 1/2)
The Night Walker,1964,d.- William Castle (6 1/2)
Robinson Crusoe on Mars,1964,d.- Byron Haskin (6 1/2)
Bedtime Story,1964,d.- Ralph Levy (6 1/2)
Hot Enough for June,1964,(BR) d.- Ralph Thomas (6 1/2)
Where Love Has Gone,1964,d.- Edward Dmytryk (6 1/2)
Lady in a Cage,1964,d.- Walter Grauman (6 1/2)
Flight from Ashiya,1964,(JAP-US) d.- Michael Anderson (6 1/2)
Of Human Bondage,1964,(BR) d.- Ken Hughes (6 1/2)
Goodbye Charlie,1964,d.- Vincente Minnelli (6 1/2)
Mail Order Bride,1964,d.- Burt Kennedy (6 1/2)
Circus World,1964,d.- Henry Hathaway (6 1/2)
Sweet Substitute,1964,(CAN) d.- Larry Kent (6 1/2)
Carry on Spying,1964,(BR) d.- Gerald Thomas (6 1/2)
Dead Ringer,1964,d.- Paul Henreid (6 1/2)
I’d Rather be Rich,1964,d.- Jack Smight (6 1/2)
The Secret Invasion,1964,d.- Roger Corman (6 1/2)
633 Squadron,1964,(BR-US) d.- Walter Grauman (6 1/2)
The Gorgon,1964,(BR) d.- Terence Fisher (6 1/2)
McHale’s Navy,1964,d.- Edward Montagne (6 1/2)
Island of the Blue Dolphins,1964,d.- James B. Clark (6 1/2)
Roustabout,1964,d.- John Rich (6 1/2)
Back Door to Hell,1964,d.- Monte Hellman (6 1/2)
Invitation to a Gunfighter,1964,d.- Richard Wilson (6 1/2)
Pajama Party,1964,d.- Don Weis (6)
Devil Doll,1964,(BR) d.- Lindsay Shonteff (6)
Bikini Beach,1964,d.- William Asher (6)
The Young Lovers,1964,"d.- Samuel Goldwyn, Jr. (6)"
Looking for Love,1964,d.- Don Weis (6)
The Last Man on Earth,1964,"(US-IT) d.- Ubaldo Ragona, Sidney Salkow (6)"
A Tiger Walks,1964,d.- Norman Tokar (6)
Signpost to Murder,1964,d.- George Englund (6)
3 Nuts in Search of a Bolt,1964,d.- Tommy Noonan (6)
Ski Party,1964,d.- Alan Rafkin (6)
Two Thousand Maniacs,1964,d.- Herschell Gordon Lewis (6)
The Sound of Music,1965,d.- Robert Wise (7)
Falstaff(Chimes at Midnight),1965,(FR-SP-SW) d.- Orson Welles (7)
Dr. Zhivago,1965,d.- David Lean (7)
Repulsion,1965,(BR) d.- Roman Polanski (7)
A Patch of Blue,1965,d.- Guy Green (7)
The Pawnbroker,1965,d.- Sidney Lumet (7)
The Spy Who Came In From the Cold,1965,(BR) d.- Martin Ritt (7)
The Hill,1965,(BR) d.- Sidney Lumet (7)
Ship of Fools,1965,d.- Stanley Kramer (6 1/2)
Darling,1965,(BR) d.- John Schlesinger (6 1/2)
The Bedford Incident,1965,(BR-US) d.- James B. Harris (6 1/2)
Cat Ballou,1965,d.- Elliot Silverstein (6 1/2)
The Ipcress File,1965,(BR) d.- Sidney J. Furie (6 1/2)
"Hush, Hush, Sweet Charlotte",1965,d.- Robert Aldrich (6 1/2)
Mirage,1965,d.- Edward Dmytryk (6 1/2)
A Thousand Clowns,1965,d.- Fred Coe (6 1/2)
Von Ryan’s Express,1965,d.- Mark Robson (6 1/2)
The Flight of the Phoenix,1965,d.- Robert Aldrich (6 1/2)
King Rat,1965,d.- Bryan Forbes (6 1/2)
Othello,1965,(BR) d.- Stuart Burge (6 1/2)
The Cincinnati Kid,1965,d.- Norman Jewison (6 1/2)
A Funny Thing Happened on the Way to the Forum,1965,d.- Richard Lester (6 1/2)
Shenandoah,1965,d.- Andrew V. McLaglen (6 1/2)
Lord Jim,1965,(BR-US) d.- Richard Brooks (6 1/2)
In Harm’s Way,1965,d.- Otto Preminger (6 1/2)
The Nanny,1965,(BR) d.- Seth Holt (6 1/2)
Sands of the Kalahari,1965,(BR) d.- Cy Endfield (6 1/2)
The Sons of Katie Elder,1965,d.- Henry Hathaway (6 1/2)
The Greatest Story Ever Told,1965,d.- George Stevens (6 1/2)
Battle of the Bulge,1965,d.- Ken Annakin (6 1/2)
A Study in Terror,1965,(BR) d.- James Hill (6 1/2)
The Great Race,1965,d.- Blake Edwards (6 1/2)
The Knack: And How to Get It,1965,(BR) d.- Richard Lester (6 1/2)
Masque of the Red Death,1965,(BR) d.- Roger Corman (6 1/2)
36 Hours,1965,d.- George Seaton (6 1/2)
The Slender Thread,1965,d.- Sydney Pollack (6 1/2)
Thunderball,1965,(BR) d.- Terence Young (6 1/2)
Ten Little Indians,1965,(BR) d.- George Pollock (6 1/2)
The Collector,1965,d.- William Wyler (6 1/2)
Those Magnificent Men and Their Flying Machines*,1965,(BR) d.- Ken Annakin (6 1/2)
Shakespeare Wallah,1965,(IND) d.- James Ivory (6 1/2)
Baby the Rain Must Fall,1965,d.- Robert Mulligan (6 1/2)
Help!,1965,(BR) d.- Richard Lester (6 1/2)
Operation Crossbow,1965,(BR) d.- Michael Anderson (6 1/2)
Mickey One,1965,d.- Arthur Penn (6 1/2)
The Agony and the Ecstasy,1965,d.- Carol Reed (6 1/2)
Man’s Favorite Sport ?,1965,d.- Howard Hawks (6 1/2)
That Darn Cat!,1965,d.- Robert Stevenson (6 1/2)
Young Cassidy,1965,(BR) d.- Jack Cardiff (6 1/2)
The Heroes of Telemark,1965,d.- Anthony Mann (6 1/2)
Blindfold,1965,d.- Philip Dunne (6 1/2)
Young Cassidy,1965,(BR) d.- Jack Cardiff (6 1/2)
The Hallelujah Trail,1965,d.- John Sturges (6 1/2)
How to Murder Your Wife,1965,d.- Richard Quine (6 1/2)
A High Wind in Jamaica,1965,(BR) d.- Alexander Mackendrick (6 1/2)
Major Dundee,1965,d.- Sam Peckinpah (6 1/2)
The Third Day,1965,d.- Jack Smight (6 1/2)
Harlow,1965,d.- Gordon Douglas (6 1/2)
Dr. Terror’s House of Horrors,1965,(BR) d.- Freddie Francis (6 1/2)
The Money Trap,1965,d.- Burt Kennedy (6 1/2)
Bunny Lake is Missing,1965,(BR) d.- Otto Preminger (6 1/2)
The War Lord,1965,d.- Franklin J. Schaffner (6 1/2)
The Alphabet Murders,1965,(BR) d.- Frank Tashlin (6 1/2)
The Glory Guys,1965,d.- Arnold Laven (6 1/2)
The Rounders,1965,d.- Burt Kennedy (6 1/2)
The Satan Bug,1965,d.- John Sturges (6 1/2)
The Big Job,1965,(BR) d.- Gerald Thomas (6 1/2)
Ride in the Whirlwind,1965,d.- Monte Hellman (6 1/2)
Crack in the World,1965,d.- Andrew Marton (6 1/2)
Mister Moses,1965,d.- Ronald Neame (6 1/2)
None But the Brave,1965,(US-JAP) d.- Frank Sinatra (6 1/2)
The Liquidator,1965,(BR) d.- Jack Cardiff (6 1/2)
The Art of Love,1965,d.- Norman Jewison (6 1/2)
4 for Texas,1965,d.- Robert Aldrich (6 1/2)
Beach Blanket Bingo,1965,d.- William Asher (6 1/2)
I Was Happy Here,1965,(BR) d.- Desmond Davis (6 1/2)
The Lady L,1965,(FR-IT-BR) d.- Peter Ustinov  (6 1/2)
Once a Thief,1965,(FR-US) d.- Ralph Nelson (6 1/2)
The Sandpiper,1965,d.- Vincente Minnelli (6 1/2)
She,1965,(BR) d.- Robert Day (6 1/2)
Rapture,1965,(FR-US) d.- John Guillermin (6 1/2)
What’s New Pussycat ?,1965,"(FR-US) d.- Clive Donner, Richard Talmadge (6 1/2)"
Sylvia,1965,d.- Gordon Douglas (6 1/2)
The Face of Fu Manchu,1965,(BR-GER) d.- Don Sharp (6 1/2)
Inside Daisy Clover,1965,d.- Robert Mulligan (6 1/2)
Morituri,1965,d.- Bernhard Wicki (6 1/2)
I Saw What You Did(and I Know Who You Are),1965,d.- William Castle (6 1/2)
Way…Way Out,1965,d.- Gordon Douglas (6 1/2)
The Skull,1965,(BR) d.- Freddie Francis (6 1/2)
Life at the Top,1965,(BR) d.- Ted Kotcheff (6 1/2)
The Amorous Adventures of Moll Flanders,1965,(BR) d.- Terence Young (6 1/2)
Return from the Ashes,1965,(BR) d.- J. Lee Thompson (6 1/2)
Do Not Disturb,1965,d.- Ralph Levy (6 1/2)
Stuation Hopeless… But Not Serious,1965,d.- Gottfried Reinhardt (6 1/2)
Tickle Me,1965,d.- Norman Taurog (6 1/2)
"John Goldfarb, Please Come Home",1965,d.- J. Lee Thompson (6 1/2)
Dear Brigitte,1965,d.- Henry Koster (6 1/2)
Those Calloways,1965,d.- Norman Tokar (6 1/2)
Joy in the Morning,1965,d.- Alex Segal (6 1/2)
Fanatic,1965,(BR) d.- Silvio Narizzano (6 1/2)
Indian Paint,1965,d.- Norman Foster (6 1/2)
Girl Happy,1965,d.- Boris Sagal (6 1/2)
You Must Be Joking!,1965,(BR) d.- Michael Winner (6 1/2)
Dark Intruder,1965,d.- Harvey Hart (6 1/2)
The City Under the Sea,1965,(BR) d.- Jacques Tourneur (6 1/2)
Moment to Moment,1965,d.- Mervyn LeRoy (6)
The Monkey’s Uncle,1965,d.- Robert Stevenson (6)
Bus Riley’s Back in Town,1965,d.- Harvey Hart (6)
I’ll Take Sweden,1965,d.- Frederick De Cordova (6)
Genghis Khan,1965,(BR-GER-YUG-US) d.- Henry Levin (6)
My Blood Runs Cold,1965,d.- William Conrad (6)
Promise Her Anything,1965,(BR) d.- Arthur Hiller (6)
Arizona Raiders,1965,d.- William Witney (6)
The Monkey’s Uncle,1965,d.- Robert Stevenson (6)
"Faster, Pussycat! Kill! Kill!",1965,d.- Russ Meyer (5 1/2)
A Man for All Seasons,1966,(BR) d.- Fred Zinnemann (7)
Who's Afraid of Virginia Woolf ?,1966,d.- Mike Nichols (7)
"The Good, the Bad and the Ugly",1966,(IT-SP) d.- Sergio Leone (7)
Cul-de-sac,1966,(BR) d.- Roman Polanski (6 1/2)
The Sand Pebbles,1966,d.- Robert Wise (6 1/2)
Alfie,1966,(BR) d.- Lewis Gilbert (6 1/2)
The Professionals,1966,d.- Richard Brooks (6 1/2)
Blowup,1966,(BR-IT) d.- Michaelangelo Antonioni (6 1/2)
El Dorado,1966,d.- Howard Hawks (6 1/2)
It Happened Here,1966,"(BR) d.- Kevin Brownlow, Andrew Mollo (6 1/2)"
Seconds,1966,d.- John Frankenheimer (6 1/2)
Georgy Girl,1966,(BR) d.- Silvio Nazzirano (6 1/2)
The Wrong Box,1966,(BR) d.- Bryan Forbes (6 1/2)
The Naked Prey,1966,(SA-US) d.- Cornell Wilde (6 1/2)
The Family Way,1966,(BR) d.- Roy Boulting (6 1/2)
The Fortune Cookie,1966,d.- Billy Wilder (6 1/2)
Fahrenheit 451,1966,(BR) d.- Francois Truffaut (6 1/2)
This Property is Condemned,1966,d.- Sydney Pollack (6 1/2)
Our Man Flint,1966,d.- Daniel Mann (6 1/2)
How to Steal a Million,1966,d.- William Wyler (6 1/2)
Madame X,1966,d.- David Lowell Rich (6 1/2)
The Group,1966,d.- Sidney Lumet (6 1/2)
Madamoiselle,1966,(FR-BR) d.- Tony Richardson (6 1/2)
The Blue Max,1966,(BR) d.- John Guillermin (6 1/2)
Hawaii,1966,d.- George Roy Hill (6 1/2)
Nevada Smith,1966,d.- Henry Hathaway (6 1/2)
"The Russians are Coming, The Russians are Coming",1966,d.- Norman Jewison (6 1/2)
Morgan: a Suitable Case for Treatment,1966,(BR) d.- Karel Reisz (6 1/2)
The Quiller Memorandum,1966,(BR) d.- Michael Anderson (6 1/2)
Khartoum,1966,"(BR) d.- Basil Dearden, Eliot Elisofon (6 1/2)"
Funeral In Berlin,1966,(BR) d.- Guy Hamilton (6 1/2)
The Trap,1966,(CAN-BR) d.- Sidney Hayers (6 1/2)
Gambit,1966,d.- Ronald Neame (6 1/2)
Harper,1966,d.- Jack Smight (6 1/2)
A Big Hand for the Little Lady,1966,d.- Fielder Cook (6 1/2)
Fantastic Voyage,1966,d.- Richard Fleischer (6 1/2)
Dracula: Prince of Darkness,1966,(BR) d.- Terence Fisher (6 1/2)
Triple Cross,1966,(BR) d.- Terence Young (6 1/2)
Don’t Lose Your Head,1966,(BR) d.- Gerald Thomas (6 1/2)
"What Did You Do in the War, Daddy ?",1966,d.- Blake Edwards (6 1/2)
Grand Prix,1966,d.- John Frankenheimer (6 1/2)
Arabesque,1966,d.- Stanley Donen (6 1/2)
The Singing Nun,1966,d.- Henry Koster (6 1/2)
The Trouble with Angels,1966,d.- Ida Lupino (6 1/2)
Mister Buddwing,1966,d.- Delbert Mann (6 1/2)
Alvarez Kelly,1966,d.- Edward Dmytryk (6 1/2)
The Rare Breed,1966,d.- Andrew V. McLaglen (6 1/2)
Stagecoach,1966,d.- Gordon Douglas (6 1/2)
Born Free,1966,(BR) d.- James Hill (6 1/2)
Torn Curtain,1966,d.- Alfred Hitchcock (6 1/2)
One Million Years B.C.,1966,(BR) d.- Don Chaffey (6 1/2)
The Chase,1966,d.- Arthur Penn (6 1/2)
Lost Command,1966,d.- Mark Robson (6 1/2)
The Bible: In the Beginning,1966,(US-IT) d.- John Huston (6 1/2)
The Rare Breed,1966,d.- Andrew V. McLaglen (6 1/2)
Penelope,1966,d.- Arthur Hiller (6 1/2)
The Glass Bottom Boat,1966,d.- Frank Tashlin (6 1/2)
Duel at Diablo,1966,d.- Ralph Nelson (6 1/2)
The Silencers,1966,d.- Phil Karlson (6 1/2)
The Plainsman,1966,d.- David Lowell Rich (6 1/2)
"Follow Me, Boys",1966,d.- Norman Tokar (6 1/2)
The Plague of the Zombies,1966,(BR) d.- John Gilling (6 1/2)
Cast a Giant Shadow,1966,d.- Melville Shavelson (6 1/2)
7 Women,1966,d.- John Ford (6 1/2)
A Man Could Get Killed,1966,"d.- Ronald Neame, Cliff Owen (6 1/2)"
Walk Don’t Run,1966,d.- Charles Walters (6 1/2)
After the Fox,1966,(IT-US-BR) d.- Vittorio De Sica (6 1/2)
Rasputin: The Mad Monk,1966,(BR) d.- Don Sharp (6 1/2)
The Ghost and Mr. Chicken,1966,d.- Alan Rafkin (6 1/2)
Kaleidoscope,1966,(BR) d.- Jack Smight (6 1/2)
Return of the Seven,1966,(US-SP) d.- Burt Kennedy (6 1/2)
You're a Big Boy Now,1966,d.- Francis Ford Coppola (6 1/2)
The Wild Angels,1966,d.- Roger Corman (6 1/2)
Beau Geste,1966,d.- Douglas Heyes (6 1/2)
The Appaloosa,1966,d.- Sidney J. Furie (6 1/2)
Beau Geste,1966,d.- Douglas Heyes (6 1/2)
Texas Across the River,1966,d.- Michael Gordon (6 1/2)
Island of Terror,1966,(BR) d.- Terence Fisher (6 1/2)
The Reptile,1966,(BR) d.- John Gilling (6 1/2)
Carry on Teacher,1966,(BR) d.- Gerald Thomas (6 1/2)
Carry On Screaming,1966,(BR) d.- Gerald Thomas (6 1/2)
The Adventures of Bullwhip Griffin,1966,d.- James Neilson (6 1/2)
Boy Did I Get a Wrong Number,1966,d.- George Marshall (6 1/2)
Eye of the Devil,1966,(BR) d.- J. Lee Thompson (6 1/2)
The Spy With a Cold Nose,1966,(BR) d.- Daniel Petrie (6 1/2)
Lord Love a Duck,1966,d.- George Axelrod (6 1/2)
10:30 P.M. Summer,1966,(US-SP) d.- Jules Dassin (6 1/2)
The Trygon Factor,1966,(GER-BR) d.- Cyril Frankel (6 1/2)
"Not with My Wife, You Don’t!",1966,d.- Norman Panama (6 1/2)
Night of the Grizzly,1966,d.- Joseph Pevney (6 1/2)
Assault on a Queen,1966,d.- Jack Donohue (6 1/2)
Modesty Blaise,1966,(BR) d.- Joseph Losey (6 1/2)
The Brides of Fu Manchu,1966,(BR-GER) d.- Don Sharp (6 1/2)
The Witches,1966,(BR) d.- Cyril Frankel (6 1/2)
Dead Heat on a Merry-Go-Round,1966,d.- Bernard Girard (6 1/2)
Judith,1966,(IS-BR-US) d.- Daniel Mann (6)
Picture Mommy Dead,1966,d.- Bert I. Gordon (6)
"Munster, Go Home!",1966,d.- Earl Bellamy (6)
Maya,1966,d.- John Berry (6)
Ambush Bay,1966,d.- Ron Winston (6)
Spinout,1966,d.- Norman Taurog (6)
They’re a Weird Mob,1966,(AUS-BR) d.- Michael Powell (6)
"Lt. Robinson Crusoe, U.S.N.",1966,d.- Byron Paul (6)
The Oscar,1966,d.- Russell Rouse (6)
Chappaqua,1966,(US-FR) d.- Conrad Rooks (6)
"What’s Up, Tiger Lily",1966,"(US-JAP) d.- Woody Allen, Senkichi Taniguchi"
The Graduate,1967,d.- Mike Nichols (7)
In the Heat of the Night,1967,d.- Norman Jewison (7)
Bonnie and Clyde,1967,d.- Arthur Penn (7)
In Cold Blood,1967,d.- Richard Brooks (7)
Cool Hand Luke,1967,d.- Stuart Rosenberg (7)
The Dirty Dozen,1967,d.- Robert Aldrich (6 1/2)
Guess Who's Coming to Dinner ?,1967,d.- Stanley Kramer (6 1/2)
David Holzman's Diary,1967,d.- Jim McBride (6 1/2)
Our Mother’s House,1967,(BR) d.- Jack Clayton (6 1/2)
How to Succeed in Business Without Really Trying,1967,d.- David Swift (6 1/2)
The President's Analyst,1967,d.- Theodore J. Flicker (6 1/2)
Barefoot in the Park,1967,d.- Gene Saks (6 1/2)
"To Sir, with Love",1967,(BR) d.- James Clavell (6 1/2)
Marat/Sade,1967,(BR) d.- Peter Brook (6 1/2)
Accident,1967,(BR) d.- Joseph Losey (6 1/2)
Far From the Madding Crowd,1967,(BR) d.- John Schlesinger (6 1/2)
Quatermass and the Pit,1967,(BR) d.- Roy Ward Baker (6 1/2)
Wait Until Dark,1967,d.- Terence Young (6 1/2)
Bedazzled,1967,(BR) d.- Stanley Donen (6 1/2)
The Taming of the Shrew,1967,(IT-US) d.- Franco Zeffirelli (6 1/2)
Two for the Road,1967,(BR) d.- Stanley Donen (6 1/2)
The Flim-Flam Man,1967,d.- Irvin Kershner (6 1/2)
Hombre,1967,d.- Martin Ritt (6 1/2)
The Shooting,1967,d.- Monte Hellman (6 1/2)
Up the Down Staircase,1967,d.- Robert Mulligan (6 1/2)
The Whisperers,1967,(BR) d.- Bryan Forbes (6 1/2)
The Fox,1967,d.- Mark Rydell (6 1/2)
You Only Live Twice,1967,(BR) d.- Lewis Gilbert (6 1/2)
Hour of the Gun,1967,d.- John Sturges (6 1/2)
"Divorce, American Style",1967,d.- Bud Yorkin (6 1/2)
Smashing Time,1967,(BR) d.- Desmond Davis (6 1/2)
Camelot,1967,d.- Joshua Logan (6 1/2)
Who's Minding the Mint ?,1967,d.- Howard Morris (6 1/2)
Fitzwilly,1967,d.- Delbert Mann (6 1/2)
Beach Red,1967,d.- Cornell Wilde (6 1/2)
Thoroughly Modern Millie,1967,d.- George Roy Hill (6 1/2)
I’ll Never Forget What’s’isname,1967,(BR) d.- Michael Winner (6 1/2)
Hang ‘Em High,1967,d.- Ted Post (6 1/2)
Doctor Dolittle,1967,d.- Richard Fleischer (6 1/2)
I Call First(Who’s That Knocking on My Door?),1967,d.- Martin Scorsese (6 1/2)
The St. Valentine’s Day Massacre,1967,d.- Roger Corman (6 1/2)
The Incident,1967,d.- Larry Peerce (6 1/2)
Tobruk,1967,d.- Arthur Hiller (6 1/2)
The War Wagon,1967,d.- Burt Kennedy (6 1/2)
Dutchman,1967,(BR) d.- Anthony Harvey (6 1/2)
Reflections In a Golden Eye,1967,d.- John Huston (6 1/2)
Games,1967,d.- Curtis Harrington (6 1/2)
The Incident,1967,d.- Larry Peerce (6 1/2)
Frankenstein Created Woman,1967,(BR) d.- Terence Fisher (6 1/2)
The Gnome-Mobile,1967,d.- Robert Stevenson (6 1/2)
The Countess From Hong Kong,1967,(BR-US) d.- Charles Chaplin (6 1/2)
How I Won the War,1967,(BR) d.- Richard Lester (6 1/2)
Doctor Faustus,1967,"(BR) d.- Richard Burton, Nevill Coghill (6 1/2)"
Woman Times Seven,1967,(IT-FR-US) d.- Vittorio De Sica (6 1/2)
Rough Night in Jericho,1967,d.- Arnold Laven (6 1/2)
Warning Shot,1967,d.- Buzz Kulik (6 1/2)
The Big Mouth,1967,d.- Jerry Lewis (6 1/2)
Oedipus the King,1967,(BR) d.- Philip Saville (6 1/2)
The Honeypot,1967,d.- Joseph L. Mankiewicz (6 1/2)
Deadlier Than the Male,1967,(BR) d.- Ralph Thomas (6 1/2)
In Like Flint,1967,d.- Gordon Douglas (6 1/2)
Robbery,1967,(BR) d.- Peter Yates (6 1/2)
The Tiger Makes Out,1967,d.- Arthur Hiller (6 1/2)
Valley of the Dolls,1967,d.- Mark Robson (6 1/2)
Night of the Generals,1967,(BR-FR) d.- Anatole Litvak (6 1/2)
Casino Royale,1967,"(BR) d.- K. Hughes, J. Huston, J. McGrath, R. Parrish, V. Guest (6 1/2)"
Waterhole #3,1967,d.- William A. Graham (6 1/2)
Enter Laughing,1967,d.- Carl Reiner (6 1/2)
The Way West,1967,d.- Andrew V. McLaglen (6 1/2)
The Jokers,1967,(BR) d.- Michael Winner (6 1/2)
The White Bus,1967,(BR) d.- Lindsay Anderson (6 1/2)
Hurry Sundown,1967,d.- Otto Preminger (6 1/2)
Torture Garden,1967,(BR) d.- Freddie Francis (6 1/2)
Born Losers,1967,d.- Tom Laughlin (6 1/2)
Tony Rome,1967,d.- Gordon Douglas (6 1/2)
Valley of the Dolls,1967,d.- Mark Robson (6 1/2)
The Fearless Vampire Killers,1967,d.- Roman Polanski (6 1/2)
The Comedians,1967,(US-FR) d.- Peter Glenville (6 1/2)
Eight on the Lam,1967,d.- George Marshall (6 1/2)
A Time for Killing,1967,d.- Phil Karlson (6 1/2)
Fathom,1967,(BR) d.- Leslie H. Martinson (6 1/2)
Welcome to Hard Times,1967,d.- Burt Kennedy (6 1/2)
The Happiest Millionaire,1967,d.- Norman Tokar (6 1/2)
Chuka,1967,d.- Gordon Douglas (6 1/2)
Rosie!,1967,d.- David Lowell Rich (6 1/2)
Don’t Make Waves,1967,d.- Alexander Mackendrick (6 1/2)
Night of the Big Heat,1967,(BR) d.- Terence Fisher (6 1/2)
A Covenant with Death,1967,d.- Lamont Johnson (6 1/2)
Gentle Giant,1967,d.- James Neilson (6 1/2)
The Last Challenge,1967,d.- Richard Thorpe (6 1/2)
The Bobo,1967,d.- Robert Parrish (6 1/2)
Hotel,1967,d.- Richard Quine (6 1/2)
Billion Dollar Brain,1967,(BR) d.- Ken Russell (6 1/2)
Poor Cow,1967,(BR) d.- Ken Loach (6 1/2)
The Day the Fish Came Out,1967,(GR-BR-US) d.- Mihalis Kakogiannis (6 1/2)
The Penthouse,1967,(BR) d.- Peter Collinson (6)
Crooks and Coronets,1967,(BR) d.- Jim O’Connolly (6)
The Penthouse,1967,(BR) d.- Peter Collinson (6)
Berserk,1967,(BR) d.- Jim O’Connolly (6)
Clambake,1967,d.- Arthur H. Nadel (6)
The Bandits,1967,"(US-MEX) d.- Robert Conrad, Alfredo Zacarias (6)"
The Sorcerers,1967,(BR) d.- Michael Reeves (6)
The Trip,1967,d.- Roger Corman (6 1/2)
Hell’s Angels on Wheels,1967,d.- Richard Rush (6)
The Shuttered Room,1967,(BR) d.- David Greene (6)
Ulysses,1967,(BR-US) d.- Joseph Strick (6)
Rocket to the Moon,1967,(BR) d.- Don Sharp (6)
The Sorcerers,1967,(BR) d.- Michael Reeves (6)
2001: A Space Odyssey,1968,(BR) d.- Stanley Kubrick (7)
Oliver!,1968,(BR) d.- Carol Reed (7)
The Lion in Winter,1968,(BR) d.- Anthony Harvey (7)
Once Upon a Time in the West,1968,(IT) d.- Sergio Leone (7)
Rosemary's Baby,1968,d.- Roman Polanski (7)
The Producers,1968,d.- Mel Brooks (7)
Funny Girl,1968,d.- William Wyler (7)
Romeo and Juliet,1968,(BR-IT) d.- Franco Zeffirelli (7)
Planet of the Apes,1968,d.- Franklin J. Schaffner (7)
Petulia,1968,d.- Richard Lester (7)
Night of the Living Dead,1968,d.- George A. Romero (7)
If…,1968,(BR) d.- Lindsay Anderson (7)
Faces,1968,d.- John Cassavettes (7)
"Rachel, Rachel",1968,d.- Paul Newman (6 1/2)
The Odd Couple,1968,d.- Gene Saks (6 1/2)
The Subject Was Roses,1968,d.- Ulu Grosbard (6 1/2)
The Boston Strangler,1968,d.- Richard Fleischer (6 1/2)
Bullitt,1968,d.- Peter Yates (6 1/2)
The Thomas Crown Affair,1968,d.- Norman Jewison (6 1/2)
Isadora,1968,(US-FR) d.- Karel Reisz (6 1/2)
The Fixer,1968,d.- John Frankenheimer (6 1/2)
Where Eagles Dare,1968,(BR-US) d.- Brian G. Hutton (6 1/2)
Point Blank,1968,d.- John Boorman (6 1/2)
Will Penny,1968,d.- Tom Gries (6 1/2)
Witchfinder General(The Conqueror Worm),1968,(BR) d.- Michael Reeves (6 1/2)
Targets,1968,d.- Peter Bogdanovich (6 1/2)
The Heart is a Lonely Hunter,1968,d.- Robert Ellis Miller (6 1/2)
The Charge of the Light Brigade,1968,(BR) d.- Tony  Richardson (6 1/2)
Chitty Chitty Bang Bang,1968,(BR) d.- Ken Hughes (6 1/2)
Ice Station Zebra,1968,d.- John Sturges (6 1/2)
Charly,1968,d.- Ralph Nelson (6 1/2)
The Devil Rides Out,1968,(BR) d.- Terence Fisher (6 1/2)
Pretty Poison,1968,d.- Noel Black (6 1/2)
The Swimmer,1968,d.- Frank Perry (6 1/2)
Play Dirty,1968,(BR) d.- Andre De Toth (6 1/2)
The Detective,1968,d.- Gordon Douglas (6 1/2)
Blackbeard's Ghost,1968,d.- Robert Stevenson (6 1/2)
The Night They Raided Minsky's,1968,d.- William Friedkin (6 1/2)
Interlude,1968,(BR) d.- Kevin Billington (6 1/2)
Madigan,1968,d.- Don Siegel (6 1/2)
No Way to Treat a Lady,1968,d.- Jack Smight (6 1/2)
Carry On…Up the Khyber,1968,(BR) d.- Gerald Thomas (6 1/2)
The Devil’s Brigade,1968,d.- Andrew V. McLaglen (6 1/2)
Countdown,1968,d.- Robert Altman (6 1/2)
Hot Millions,1968,(US-BR) d.- Eric Till (6 1/2)
Coogan’s Bluff,1968,d.- Don Siegel (6 1/2)
Finian’s Rainbow,1968,d.- Francis Ford Coppola (6 1/2)
For Love of Ivy,1968,d.- Daniel Mann (6 1/2)
Paper Lion,1968,d.- Alex March (6 1/2)
The Long Day’s Dying,1968,(BR) d.- Peter Collinson (6 1/2)
The Bofors Gun,1968,(BR) d.- Jack Gold (6 1/2)
The Scalphunters,1968,d.- Sydney Pollack (6 1/2)
Anzio,1968,d.- Edward Dmytryk (6 1/2)
The Power,1968,d.- Byron Haskin (6 1/2)
Seargent Ryker,1968,d.- Buzz Kulik (6 1/2)
The Love Bug,1968,d.- Robert Stevenson (6 1/2)
Sweet November,1968,d.- Robert Ellis Miller (6 1/2)
5 Card Stud,1968,d.- Henry Hathaway (6 1/2)
The Anniversary,1968,(BR) d.- Roy Ward Baker (6 1/2)
The Shoes of the Fisherman,1968,d.- Michael Anderson (6 1/2)
Jigsaw,1968,d.- James Goldstone (6 1/2)
Up the Junction,1968,(BR) d.- Peter Collinson (6 1/2)
Firecreek,1968,d.- Vincent McEveety (6 1/2)
The Sergeant,1968,d.- John Flynn (6 1/2)
The Mercenaries,1968,(BR) d.- Jack Cardiff (6 1/2)
The Hell with Heroes,1968,d.- Joseph Sargent (6 1/2)
Mayerling,1968,(FR-BR) d.- Terence Young (6 1/2)
Barbarella,1968,(FR-IT) d.- Roger Vadim (6 1/2)
Guns for San Sebastian,1968,d.- Henry Verneuil (6 1/2)
100 Rifles,1968,d.- Tom Gries (6 1/2)
The Killing of Sister George,1968,d.- Robert Aldrich (6 1/2)
Secret Ceremony,1968,(BR) d.- Joseph Losey (6 1/2)
The Impossible Years,1968,d.- Michael Gordon (6 1/2)
"Buona Sera, Mrs. Campbell",1968,d.- Melvin Frank (6 1/2)
The Secret War of Harry Frigg,1968,d.- Jack Smight (6 1/2)
Bandolero!,1968,d.- Andrew V. McLaglen (6 1/2)
"Yours, Mine and Ours",1968,d.- Melville Shavelson (6 1/2)
Where Were You When the Lights Went Out ?,1968,d.- Hy Averback (6 1/2)
Nobody Runs Forever,1968,(US-BR) d.- Ralph Thomas (6 1/2)
The Party,1968,d.- Blake Edwards (6 1/2)
Where Angels Go Trouble Follows!,1968,d.- James Neilson (6 1/2)
A Dandy in Aspic,1968,(BR) d.- Anthony Mann (6 1/2)
Bye Bye Braverman,1968,d.- Sidney Lumet (6 1/2)
Villa Rides,1968,d.- Buzz Kulik (6 1/2)
Dracula Has Risen from the Grave,1968,(BR) d.- Freddie Francis (6 1/2)
House of Cards,1968,d.- John Guillermin (6 1/2)
Lady in Cement,1968,d.- Gordon Douglas (6 1/2)
The Horse in the Gray Flannel Suit,1968,d.- Norman Tokar (6 1/2)
Hellfighters,1968,d.- Andrew V. McLaglen (6 1/2)
Day of the Evil Gun,1968,d.- Jerry Thorpe (6 1/2)
With Six You Get Eggroll,1968,d.- Howard Morris (6 1/2)
The Shakiest Gun in the West,1968,d.- Alan Rafkin (6 1/2)
Wild in the Streets,1968,d.- Barry Shear (6 1/2)
The Stalking Moon,1968,d.- Robert Mulligan (6 1/2)
Head,1968,d.- Bob Rafelson (6 1/2)
The Private Navy of Sgt. O’Farrell,1968,d.- Frank Tashlin (6 1/2)
Sebastian,1968,(BR) d.- David Greene (6 1/2)
Boom,1968,(BR) d.- Joseph Losey (6 1/2)
Shalako,1968,(BR-GER) d.- Edward Dmytryk (6 1/2)
The Sea Gull,1968,(BR-US) d.- Sidney Lumet (6 1/2)
"I Love You, Alice B. Toklas",1968,d.- Hy Averback (6 1/2)
The Green Berets,1968,"d.- Ray Kellogg, John Wayne (6 1/2)"
The Bliss of Mrs. Blossom,1968,(BR) d.- Joseph McGrath (6 1/2)
The Legend of Lylah Clare,1968,d.- Robert Aldrich (6)
Inspector Clouseau,1968,(BR) d.- Bud Yorkin (6)
The Night of the Following Day,1968,(BR-US) d.- Hubert Cornfield (6)
Custer of the West,1968,d.- Robert Siodmak (6)
Candy,1968,(FR-IT-US) d.- Christian Marquand (6)
Skidoo,1968,d.- Otto Preminger (6)
Up Tight!,1968,d.- Jules Dassin (6 1/2)
The Sweet Ride,1968,d.- Harvey Hart (6)
Psych-Out,1968,d.- Richard Rush (5 1/2)
Maryjane,1968,d.- Maury Dexter (5 1/2)
The Wild Bunch,1969,d.- Sam Peckinpah (7)
Butch Cassidy and The Sundance Kid,1969,d.- George Roy Hill (7)
Midnight Cowboy,1969,d.- John Schlesinger (7)
"They Shoot Horses, Don't They ?",1969,d.- Sydney Pollack (7)
Kes,1969,(BR) d.- Ken Loach (7)
Easy Rider,1969,d.- Dennis Hopper (7)
Medium Cool,1969,d.- Haskell Wexler (6 1/2)
The Prime of Miss Jean Brodie,1969,(BR) d.- Ronald Neame (6 1/2)
"Goodbye, Mr. Chips",1969,d.- Herbert Ross (6 1/2)
The Reivers,1969,d.- Mark Rydell (6 1/2)
Take the Money and Run,1969,d.- Woody Allen (6 1/2)
Anne of the Thousand Days,1969,(BR) d.- Charles Jarrott (6 1/2)
True Grit,1969,d.- Henry Hathaway (6 1/2)
Women in Love,1969,(BR) d.- Ken Russell (6 1/2)
Support Your Local Sheriff,1969,d.- Burt Kennedy (6 1/2)
Sweet Charity,1969,d.- Bob Fosse (6 1/2)
The Italian Job,1969,(BR) d.- Peter Collinson (6 1/2)
Hell in the Pacific,1969,d.- John Boorman (6 1/2)
Cactus Flower,1969,d.- Gene Saks (6 1/2)
Downhill Racer,1969,d.- Michael Ritchie (6 1/2)
The Sterile Cuckoo,1969,d.- Alan J. Pakula (6 1/2)
On Her Majesty’s Secret Service,1969,(BR-US) d.- Peter R. Hunt (6 1/2)
Tell Them Willie Boy is Here,1969,d.- Abraham Polonsky (6 1/2)
The Comic,1969,d.- Carl Reiner (6 1/2)
Start the Revolution Without Me,1969,d.- Bud Yorkin (6 1/2)
"Goodbye, Columbus",1969,d.- Larry Peerce (6 1/2)
Paint Your Wagon,1969,d.- Joshua Logan (6 1/2)
Battle of Britain,1969,(BR) d.- Guy Hamilton (6 1/2)
Last Summer,1969,d.- Frank Perry (6 1/2)
Alice’s Restaurant,1969,d.- Arthur Penn (6 1/2)
The Dance of Death,1969,(BR) d.- David Giles (6 1/2)
The Gypsy Moths,1969,d.- John Frankenheimer (6 1/2)
Putney Swope,1969,d.- Robert Downey Sr. (6 1/2)
Marooned,1969,d.- John Sturges (6 1/2)
The Learning Tree,1969,d.- Gordon Parks (6 1/2)
Mackenna’s Gold,1969,d.- J. Lee Thompson (6 1/2)
The Bridge at Remagen,1969,d.- John Guillermin (6 1/2)
The Undefeated,1969,d.- Andrew V. McLaglen (6 1/2)
Hello Dolly,1969,d.- Gene Kelly (6 1/2)
The Illustrated Man,1969,d.- Jack Smight (6 1/2)
Hamlet,1969,(BR) d.- Tony Richardson (6 1/2)
John and Mary,1969,d.- Peter Yates (6 1/2)
Those Daring Young Men and... Jalopies*,1969,BR-FR-IT) d.- Ken Annakin (6 1/2)
Marlowe,1969,d.- Paul Bogart (6 1/2)
Oh! What a Lovely War,1969,(BR) d.- Richard Attenborough (6 1/2)
Castle Keep,1969,d.- Sydney Pollack (6 1/2)
The Rain People,1969,d.- Francis Ford Coppola (6 1/2)
The Bed-Sitting Room,1969,(BR) d.- Richard Lester (6 1/2)
Frankenstein Must Be Destroyed,1969,(BR) d.- Terence Fisher (6 1/2)
Frankenstein Must Be Destroyed,1969,(BR) d.- Terence Fisher (6 1/2)
The April Fools,1969,d.- Stuart Rosenberg (6 1/2)
Winning,1969,d.- James R. Goldstone (6 1/2)
Bob&Carol &Ted &Alice,1969,d.- Paul Mazursky (6 1/2)
The Assassination Bureau,1969,(BR) d.- Basil Dearden (6 1/2)
The Wrecking Crew,1969,d.- Phil Karlson (6 1/2)
Death of a Gunfighter,1969,"d.- Don Siegel, Robert Totten (6 1/2)"
Topaz,1969,d.- Alfred Hitchcock (6 1/2)
The Oblong Box,1969,(BR) d.- Gordon Hessler (6 1/2)
Hannibal Brooks,1969,(BR) d.- Michael Winner (6 1/2)
The Royal Hunt of the Sun,1969,(BR-US) d.- Irving Lerner (6 1/2)
In Search of Gregory,1969,(BR-IT) d.- Peter Wood (6 1/2)
The Valley of Gwangi,1969,d.- Jim O’Connolly (6 1/2)
The Madwoman of Chaillot,1969,d.- Bryan Forbes (6 1/2)
The Reckoning,1969,(BR) d.- Jack Gold (6 1/2)
The Chairman,1969,(BR-US) d.- J. Lee Thompson (6 1/2)
More,1969,(FR-GER-LUX) d.- Barbet Schroeder (6 1/2)
Charro!,1969,d.- Charles Marquis Warren (6 1/2)
The Good Guys and the Bad Guys,1969,d.- Burt Kennedy (6 1/2)
The Bed-Sitting Room,1969,(BR) d.- Richard Lester (6 1/2)
"Run Wild, Run Free",1969,(BR) d.- Richard C. Sarafian (6 1/2)
Popi,1969,d.- Arthur Hiller (6 1/2)
The Secret of Santa Vittoria,1969,d.- Stanley Kramer (6 1/2)
The File of the Golden Goose,1969,(BR) d.- Sam Wanamaker (6 1/2)
That Cold Day in the Park,1969,(US-CAN) d.- Robert Altman (6 1/2)
Age of Consent,1969,(AUS) d.- Michael Powell (6 1/2)
Carry on Camping,1969,(BR) d.- Gerald Thomas (6 1/2)
Heaven With a Gun,1969,d.- Lee H. Katzin (6 1/2)
Some Girls Do,1969,(BR) d.- Ralph Thomas (6)
The Big Bounce,1969,d.- Alex March (6)
Young Billy Young,1969,d.- Burt Kennedy (6)
The Computer Wore Tennis Shoes,1969,d.- Robert Butler (6)
I Start Counting,1969,(BR) d.- David Greene (6)
The Magic Christian,1969,(BR) d.- Joseph McGrath (6)
Eye of the Cat,1969,d.- David Lowell Rich (6)
Sam Whiskey,1969,d.- Arnold Laven (6)
Sinful Davey,1969,(BR) d.- John Huston (6)
Three Into Two Won’t Go,1969,(BR) d.- Peter Hall (6)
Machine Gun McCain(For a Price),1969,(IT) d.- Giuliano Montaldo (6)
Coming Apart,1969,d.- Milton Moses Ginsberg (5 1/2)
Patton,1970,d.- Franklin J. Schaffner (7)
M.A.S.H.,1970,d.- Robert Altman (7)
Five Easy Pieces,1970,d.- Bob Rafelson (7)
Little Big Man,1970,d.- Arthur Penn (7)
Ryan's Daughter,1970,(BR) d.- David Lean (6 1/2)
The Go-Between,1970,(BR) d.- Joseph Losey (6 1/2)
The Railway Children,1970,(BR) d.- Lionel Jeffries (6 1/2)
Love Story,1970,d.- Arthur Hiller (6 1/2)
Tora! Tora! Tora!,1970,"(US-JAP) d.- R. Fleischer, K. Fukasaku, T. Masuda (6 1/2)"
Airport,1970,d.- George Seaton (6 1/2)
One Day in the Life of Ivan Denisovitch,1970,(BR-NOR) d.- Caspar Wrede (6 1/2)
The Ballad of Cable Hogue,1970,d.- Sam Peckinpah (6 1/2)
Julius Caesar,1970,(BR) d.- Stuart Burge (6 1/2)
I Never Sang For My Father,1970,d.- Gilbert Cates (6 1/2)
The Boys in the Band,1970,d.- William Friedkin (6 1/2)
The Last Valley,1970,(BR-US) d.- James Clavell (6 1/2)
Where's Poppa,1970,d.- Carl Reiner (6 1/2)
Kelly’s Heroes,1970,(YUG-US) d.- Brian G. Hutton (6 1/2)
The Last Valley,1970,(BR-US) d.- James Clavell (6 1/2)
A Man Called Horse,1970,d.- Elliott Silverstein (6 1/2)
The Great White Hope,1970,d.- Martin Ritt (6 1/2)
Husbands,1970,d.- John Cassavettes (6 1/2)
The Owl and the Pussycat,1970,d.- Herbert Ross (6 1/2)
Catch-22,1970,d.- Mike Nichols (6 1/2)
Performance,1970,"(BR) d.- Donald Cammell, Nicolas Roeg (6 1/2)"
Satan’s Skin (Blood on Satan’s Claw),1970,(BR) d.- Piers Haggard (6 1/2)
Scrooge,1970,(BR) d.- Ronald Neame (6 1/2)
Diary of a Mad Housewife,1970,d.- Frank Perry (6 1/2)
Two Mules for Sister Sara,1970,d.- Don Siegel (6 1/2)
Cotton Comes to Harlem,1970,d.- Ossie Davis (6 1/2)
Hoffman,1970,(BR) d.- Alvin Rakoff (6 1/2)
The Out-of-Towners,1970,d.- Arthur Hiller (6 1/2)
The Molly Maguires,1970,d.- Martin Ritt (6 1/2)
Soldier Blue,1970,d.- Ralph Nelson (6 1/2)
Zabriskie Point,1970,d.- Michaelangelo Antonioni (6 1/2)
Too Late the Hero,1970,d.- Robert Aldrich (6 1/2)
The Landlord,1970,d.- Hal Ashby (6 1/2)
The Twelve Chairs,1970,d.- Mel Brooks (6 1/2)
Something for Everyone,1970,d.- Harold Prince (6 1/2)
The Rise and Rise of Michael Rimmer,1970,(BR) d.- Kevin Billington (6 1/2)
Jane Eyre,1970,(BR) d.- Delbert Mann (6 1/2)
Wuthering Heights,1970,(BR) d.- Robert Fuest (6 1/2)
The McKenzie Break,1970,(IRE-BR) d.- Lamont Johnson (6 1/2)
They Call Me MISTER Tibbs!,1970,d.- Gordon Douglas (6 1/2)
Watermelon Man,1970,d.- Melvin Van Peebles (6 1/2)
Quackser Fortune Has a Cousin in the Bronx,1970,(IRE) d.- Waris Hussein (6 1/2)
Cromwell,1970,(BR) d.- Ken Hughes (6 1/2)
On a Clear Day You Can See Forever,1970,d.- Vincente Minnelli (6 1/2)
Beneath the Planet of the Apes,1970,d.- Ted Post (6 1/2)
Perfect Friday,1970,(BR) d.- Peter Hall (6 1/2)
The Games,1970,(BR) d.- Michael Winner (6 1/2)
Monte Walsh,1970,d.- William A. Fraker (6 1/2)
The Cheyenne Social Club,1970,d.- Gene Kelly (6 1/2)
Figures in a Landscape,1970,(BR) d.- Joseph Losey (6 1/2)
The Honeymoon Killers,1970,d.- Leonard Kastle (6 1/2)
The Baby Maker,1970,d.- James Bridges (6 1/2)
The Music Lovers,1970,(BR) d.- Ken Russell (6 1/2)
There Was a Crooked Man,1970,d.- Joseph L. Mankiewicz (6 1/2)
Three Sisters,1970,"(BR) d.- Laurence Olivier, John Sichel (6 1/2)"
WUSA,1970,d.- Stuart Rosenberg (6 1/2)
Rio Lobo,1970,d.- Howard Hawks (6 1/2)
Joe,1970,d.- John G. Avildsen (6 1/2)
The Mind of Mr. Soames,1970,(BR) d.- Alan Cooke (6 1/2)
The Hawaiians,1970,d.- Tom Gries (6 1/2)
Brewster McCloud,1970,d.- Robert Altman (6 1/2)
…tick… tick… tick…,1970,d.- Ralph Nelson (6 1/2)
The Traveling Executioner,1970,d.- Jack Smight (6 1/2)
Puzzle of a Downfall Child,1970,d.- Jerry Schatzberg (6 1/2)
Colossus: The Forbin Project,1970,d.- Joseph Sargent (6 1/2)
Little Fauss and Big Halsy,1970,d.- Sidney J. Furie (6 1/2)
Zigzag,1970,d.- Richard A. Colla (6 1/2)
Chisum,1970,d.- Andrew V. McLaglen (6 1/2)
The Executioner,1970,(BR) d.- Sam Wanamaker (6 1/2)
The Liberation of  L.B. Jones,1970,d.- William Wyler (6 1/2)
Getting Straight,1970,d.- Richard Rush (6 1/2)
Lovers and Other Strangers,1970,d.- Cy Howard (6 1/2)
The Kremlin Letter,1970,d.- John Huston (6 1/2)
Loving,1970,d.- Irving Kershner (6 1/2)
The Moonshine War,1970,d.- Richard Quine (6 1/2)
The Only Game in Town,1970,d.- George Stevens (6 1/2)
Waterloo,1970,(IT-RUS) d.- Sergei Bondarchuk (6 1/2)
There’s a Girl in My Soup,1970,(BR) d.- Roy Boulting (6 1/2)
The Night Visitor,1970,d.- Laslo Benedek (6 1/2)
The Virgin and the Gypsy,1970,(BR) d.- Christopher Miles (6 1/2)
"Tell Me That You Love Me, Junie Moon",1970,d.- Otto Preminger (6 1/2)
Fragment of Fear,1970,(BR) d.- Richard C. Sarafian (6 1/2)
Cry of the Banshee,1970,(BR) d.- Gordon Hessler (6 1/2)
The Strawberry Statement,1970,d.- Stuart Hagmann (6 1/2)
House of Dark Shadows,1970,d.- Dan Curtis (6 1/2)
Promise at Dawn,1970,(US-FR) d.- Jules Dassin (6 1/2)
Hornet’s Nest,1970,"(IT-US) d.- Phil Karlson, Franco Cirino (6)"
The People Next Door,1970,d.- David Greene (6)
The Dunwich Horror,1970,d.- Daniel Haller (6)
A Man Called Sledge,1970,(IT) d.- Vic Morrow (6)
The Christine Jorgensen Story,1970,d.- Irving Rapper (6)
"Count Yorga, Vampire",1970,d.- Bob Kelljan (6)
Boatniks,1970,d.- Norman Tokar (6)
Darker Than Amber,1970,d.- Robert Clouse (6)
Scream and Scream Again,1970,d.- Gordon Hessler (6)
Equinox,1970,d.- Jack Woods (6)
The Walking Stick,1970,(BR) d.- Eric Till (6 1/2)
The French Connection,1971,d.- William Friedkin (7)
The Last Picture Show,1971,d.- Peter Bogdanovich (7)
Fiddler on the Roof,1971,d.- Norman Jewison (7)
A Clockwork Orange,1971,(BR) d.- Stanley Kubrick (7)
Harold and Maude,1971,d.- Hal Ashby (7)
McCabe and Mrs. Miller,1971,d.- Robert Altman (7)
Walkabout,1971,(BR) d.- Nicolas Roeg (7)
Willie Wonka & the Chocolate Factory,1971,d.- Mel Stuart (7)
Johnny Got His Gun,1971,d.- Dalton Trumbo (7)
"Sunday, Bloody Sunday",1971,(BR) d.- John Schlesinger (6 1/2)
Klute,1971,d.- Alan J. Pakula (6 1/2)
Bleak Moments,1971,(BR) d.- Mike Leigh (6 1/2)
Straw Dogs,1971,(BR-US) d.- Sam Peckinpah (6 1/2)
"Mary, Queen of Scots",1971,(BR) d.- Charles Jarrott (6 1/2)
Get Carter,1971,(BR) d.- Mike Hodges (6 1/2)
Dirty Harry,1971,d.- Don Siegel (6 1/2)
THX 1138,1971,d.- George Lucas (6 1/2)
They Might Be Giants,1971,d.- Anthony Harvey (6 1/2)
The Hospital,1971,d.- Arthur Hiller (6 1/2)
10 Rillington Place,1971,(BR) d.- Richard Fleischer (6 1/2)
Minnie and Moskowitz,1971,d.- John Cassavettes (6 1/2)
The Tragedy of Macbeth,1971,(BR-US) d.- Roman Polanski (6 1/2)
Wanda,1971,d.- Barbara Loden (6 1/2)
Shaft,1971,d.- Gordon Parks (6 1/2)
Play Misty For Me,1971,d.- Clint Eastwood (6 1/2)
Bananas,1971,d.- Woody Allen (6 1/2)
A New Leaf,1971,d.- Elaine May (6 1/2)
Man in the Wilderness,1971,d.- Richard C. Sarafian (6 1/2)
King Lear,1971,(BR-DEN) d.- Peter Brook (6 1/2)
Nicholas and Alexandra,1971,(BR) d.- Franklin J. Schaffner (6 1/2)
Wednesday’s Child(Family Life),1971,(BR) d.- Ken Loach (6 1/2)
The Private Life of Sherlock Holmes,1971,(BR) d.- Billy Wilder (6 1/2)
The Pursuit of Happiness,1971,d.- Robert Mulligan (6 1/2)
The Wild Rovers,1971,d.- Blake Edwards (6 1/2)
Murphy's War,1971,d.- Peter Yates (6 1/2)
Carnal Knowledge,1971,d.- Mike Nichols (6 1/2)
Wake in Fright,1971,(AUS-US) d.- Ted Kotcheff  (6 1/2)
The Summer of ’42,1971,d.- Robert Mulligan (6 1/2)
Bedknobs and Broomsticks,1971,d.- Robert Stevenson (6 1/2)
The Beguiled,1971,d.- Don Siegel (6 1/2)
Little Murders,1971,d.- Alan Arkin (6 1/2)
Sometimes a Great Notion,1971,d.- Paul Newman (6 1/2)
$(Dollars),1971,d.- Richard Brooks (6 1/2)
The Hired Hand,1971,d.- Peter Fonda (6 1/2)
The Devils,1971,(BR) d.- Ken Russell (6 1/2)
Diamonds are Forever,1971,(BR) d.- Guy Hamilton (6 1/2)
The Mephisto Waltz,1971,d.- Paul Wendkos (6 1/2)
Death in Venice,1971,(IT-FR) d.- Luchino Visconti (6 1/2)
Support Your Local Gunfighter,1971,d.- Burt Kennedy (6 1/2)
Red Sky at Morning,1971,d.- James Goldstone (6 1/2)
The Boy Friend,1971,(BR) d.- Ken Russell (6 1/2)
The Anderson Tapes,1971,d.- Sidney Lumet (6 1/2)
The Andromeda Strain,1971,d.- Robert Wise (6 1/2)
Duel,1971,d.- Steven Spielberg (6 1/2)
Skin Game,1971,d.- Paul Bogart (6 1/2)
Blind Terror (See No Evil),1971,(BR) d.- Richard Fleischer (6 1/2)
Vanishing Point,1971,d.- Richard C. Sarafian (6 1/2)
The Last Run,1971,d.- Richard Fleischer (6 1/2)
The Omega Man,1971,d.- Boris Sagal (6 1/2)
Cold Turkey,1971,d.- Norman Lear (6 1/2)
Red Sun,1971,(FR-IT-SP) d.- Terence Young (6 1/2)
Kidnapped,1971,(BR) d.- Delbert Mann (6 1/2)
Brother John,1971,d.- James Goldstone (6 1/2)
Le Mans,1971,d.- Lee H. Katzin (6 1/2)
A Gunfight,1971,d.- Lamont Johnson (6 1/2)
Whats the Matter with Helen ?,1971,d.- Curtis Harrington (6 1/2)
The Horsemen,1971,d.- John Frankenheimer (6 1/2)
Let’s Scare Jessica to Death,1971,d.- John D. Hancock (6 1/2)
Gumshoe,1971,(BR) d.- Stephen Frears (6 1/2)
Taking Off,1971,d.- Milos Forman (6 1/2)
Lawman,1971,d.- Michael Winner (6 1/2)
Hannie Caulder,1971,d.- Burt Kennedy (6 1/2)
Escape From the Planet of the Apes,1971,d.- Don Taylor (6 1/2)
Two Lane Blacktop,1971,d.- Monte Hellman (6 1/2)
Please Sir!,1971,(BR) d.- Mark Stuart (6 1/2)
Made For Each Other,1971,d.- Robert B. Bean (6 1/2)
Fool’s Parade,1971,d.- Andrew V. McLaglen (6 1/2)
Big Jake,1971,d.- George Sherman (6 1/2)
Kotch,1971,d.- Jack Lemmon (6 1/2)
Billy Jack,1971,d.- Tom Laughlin (6 1/2)
One More Train to Rob,1971,d.- Andrew V. McLaglen (6 1/2)
A Safe Place,1971,d.- Henry Jaglom (6 1/2)
Theatre of Blood,1971,(BR) d.- Douglas Hickox (6 1/2)
Mr. Forbush and the Penguins,1971,"(BR) d.- Arne Sucksdorff, Alfred Viola (6 1/2)"
Sweet Sweetback’s Baadasssss Song,1971,d.- Melvin Van Peebles (6 1/2)
Raid on Rommel,1971,d.- Henry Hathaway (6 1/2)
Quest for Love,1971,(BR) d.- Ralph Thomas (6 1/2)
When Eight Bells Toll,1971,(BR) d.- Etienne Perier (6 1/2)
Rip-Off,1971,(CAN) d.- Donald Shebib (6 1/2)
Whoever Slew Auntie Roo?,1971,(BR) d.- Curtis Harrington (6 1/2)
The Organization,1971,d.- Don Medford (6 1/2)
Pretty Maids All in a Row,1971,d.- Roger Vadim (6 1/2)
"Drive, He Said",1971,d.- Jack Nicholson (6 1/2)
‘Doc”,1971,d.- Frank Perry (6 1/2)
The Night Digger,1971,(BR) d.- Alastair Reid (6 1/2)
Mrs. Polifax Spy,1971,d.- Leslie H. Martinson (6)
The Grissom Gang,1971,d.- Robert Aldrich (6 1/2)
Stork,1971,(AUS) d.- Tim Burstall (6 1/2)
Shoot Out,1971,d.- Henry Hathaway (6 1/2)
The Organization,1971,d.- Don Medford (6 1/2)
Pretty Maids All in a Row,1971,d.- Roger Vadim (6 1/2)
Romance of a Horsethief,1971,(YUG-FR-US) d.- Abraham Polonsky (6 1/2)
"Simon, King of the Witches",1971,d.- Bruce Kessler (6 1/2)
Dr. Jekyll & Sister Hyde,1971,(BR) d.- Roy Ward Baker (6 1/2)
Summertree,1971,d.- Anthony Newley (6)
Quest for Love,1971,(BR) d.- Ralph Thomas (6)
Catlow,1971,(BR-US) d.- Sam Wanamaker (6)
On the Buses,1971,(BR) d.- Harry Booth (6)
The Hunting Party,1971,d.- Don Medford (6)
The Nightcomers,1971,(BR) d.- Michael Winner (6)
The Raging Moon,1971,(BR) d.- Bryan Forbes (6)
Private Road,1971,(BR) d.- Barney Platts-Mills (6)
Zachariah,1971,d.- George Englund (6)
Villain,1971,(BR) d.- Michael Tuchner (6)
Captain Apache,1971,(BR-SP) d.- Alexander Singer (5 1/2)
The Godfather,1972,d.- Francis Ford Coppola (7)
Cabaret,1972,d.- Bob Fosse (7)
Sounder,1972,d.- Martin Ritt (7)
Sleuth,1972,d.- Joseph L. Mankiewicz (7)
Deliverance,1972,d.- John Boorman (7)
"Play it Again, Sam",1972,d.- Herbert Ross (7)
What's Up Doc ?,1972,d.- Peter Bogdanovich (6 1/2)
Jeremiah Johnson,1972,d.- Sydney Pollack (6 1/2)
The Ruling Class,1972,(BR) d.- Peter Medak (6 1/2)
Last Tango in Paris,1972,(IT-FR) d.- Bernardo Bertolucci (6 1/2)
The Getaway,1972,d.- Sam Peckinpah (6 1/2)
Young Winston,1972,(BR) d.- Richard Attenborough (6 1/2)
Wedding in White,1972,(CAN) d.- William Fruet (6 1/2)
The Poseidon Adventure,1972,d.- Ronald Neame (6 1/2)
Fat City,1972,d.- John Huston (6 1/2)
Slaughterhouse Five,1972,d.- George Roy Hill (6 1/2)
Silent Running,1972,d.- Douglas Trumbull (6 1/2)
Frenzy,1972,(BR) d.- Alfred Hitchcock (6 1/2)
The Candidate,1972,d.- Michael Ritchie (6 1/2)
Lady Sings the Blues,1972,d.- Sidney J. Furie (6 1/2)
Butterflies are Free,1972,d.- Milton Katselas  (6 1/2)
Across 110th  Street,1972,d.- Barry Shear (6 1/2)
Images,1972,(BR-IRE-US) d.- Robert Altman (6 1/2)
The Hot Rock,1972,d.- Peter Yates (6 1/2)
The Heartbreak Kid,1972,d.- Elaine May (6 1/2)
Bad Company,1972,d.- Robert Benton (6 1/2)
Tomorrow,1972,d.- Joseph Anthony (6 1/2)
The New Centurions,1972,d.- Richard Fleischer (6 1/2)
Pratidwandi (The Adversary),1972,(IND) d.- Satyajit Ray (6 1/2)
A Day in the Death of Joe Egg,1972,(BR) d.- Peter Medak (6 1/2)
The Life and Times of Judge Roy Bean,1972,d.- John Huston (6 1/2)
Play It as It Lays,1972,d.- Frank Perry (6 1/2)
Call of the Wild,1972,d.- Ken Annakin (6 1/2)
The Effect of Gamma Rays on Man-in-the-Moon Marigolds,1972,d.- Paul Newman (6 1/2)
The Harder They Come,1972,(JAM) d.- Perry Henzell (6 1/2)
Pete ‘n’ Tillie,1972,d.- Martin Ritt (6 1/2)
1776,1972,d.- Peter H. Hunt (6 1/2)
The Other,1972,d.- Robert Mulligan (6 1/2)
Boxcar Bertha,1972,d.- Martin Scorsese (6 1/2)
The Mechanic,1972,d.- Michael Winner (6 1/2)
Buck and the Preacher,1972,d.- Sidney Poitier (6 1/2)
Black Girl,1972,d.- Ossie Davis (6 1/2)
The Cowboys,1972,d.- Mark Rydell (6 1/2)
The Valachi Papers,1972,(FR-IT) d.- Terence Young (6 1/2)
Ulzana’s Raid,1972,d.- Robert Aldrich (6 1/2)
"The Great Northfield, Minnesota Raid",1972,d.- Philip Kaufman (6 1/2)
Superfly,1972,d.- Gordon Parks (6 1/2)
Shaft’s Big Score,1972,d.- Gordon Parks (6 1/2)
Junior Bonner,1972,d.- Sam Peckinpah (6 1/2)
Avanti,1972,(US-IT) d.- Billy Wilder (6 1/2)
Shaft’s Big Score,1972,d.- Gordon Parks (6 1/2)
Greaser’s Palace,1972,"d.- Robert S. Downey, Sr. (6 1/2)"
The Man,1972,d.- Joseph Sargent (6 1/2)
Travels with My Aunt,1972,d.- George Cukor (6 1/2)
Endless Night,1972,(BR) d.- Sidney Gilliat (6 1/2)
The Man of La Mancha,1972,(IT-US) d.- Arthur Hiller (6 1/2)
Pulp,1972,(BR) d.- Mike Hodges (6 1/2)
Rage,1972,d.- George C. Scott (6 1/2)
Up the Sandbox,1972,d.- Irvin Kershner (6 1/2)
Siddhartha,1972,d.- Conrad Rooks (6 1/2)
Prime Cut,1972,d.- Michael Ritchie (6 1/2)
The Posession of Joel Delaney,1972,d.- Waris Hussein (6 1/2)
The Groundstar Conspiracy,1972,d.- Lamont Johnson (6 1/2)
Joe Kidd,1972,d.- John Sturges (6 1/2)
Everything You Ever Wanted to Know About Sex*,1972,d.- Woody Allen (6 1/2)
Pocket Money,1972,d.- Stuart Rosenberg (6 1/2)
You’ll Like My Mother,1972,d.- Lamont Johnson (6 1/2)
J.W. Coop,1972,d.- Cliff Robertson (6 1/2)
The Wrath of God,1972,d.- Ralph Nelson (6 1/2)
The Culpepper Cattle Co.,1972,d.- Dick Richards (6 1/2)
Chato’s Land,1972,d.- Michael Winner (6 1/2)
Last of the Red Hot Lovers,1972,d.- Gene Saks (6 1/2)
The Last House on the Left,1972,d.- Wes Craven (6 1/2)
The Assassination of Trotsky,1972,(BR-FR-IT) d.- Joseph Losey (6 1/2)
Travels with My Aunt,1972,d.- George Cukor (6 1/2)
Sitting Target,1972,(BR-US) d.- Douglas Hickox (6 1/2)
When The Legends Die,1972,d.- Stuart Millar (6 1/2)
Endless Night,1972,(BR) d.- Sidney Gilliat (6 1/2)
Kansas City Bomber,1972,d.- Jerrold Freedman (6 1/2)
"Come Back, Charleston Blue",1972,d.- Mark Warren (6 1/2)
Trouble Man,1972,d.- Ivan Dixon (6 1/2)
They Only Kill Their Masters,1972,d.- James Goldstone (6 1/2)
Scars of Dracula,1972,(BR) d.- Roy Ward Baker (6 1/2)
Hungry Wives(Jack’s Wife),1972,d.- George A. Romero (6 1/2)
The Carey Treatment,1972,d.- Blake Edwards (6 1/2)
"Come Back, Charleston Blue",1972,d.- Mark Warren (6 1/2)
The Pied Piper,1972,(BR-US) d.- Jacques Demy (6 1/2)
Mutiny on the Buses,1972,(BR) d.- Harry Booth (6 1/2)
Savage Messiah,1972,(BR) d.- Ken Russell (6)
Ben,1972,d.- Phil Karlson (6)
Cisco Pike,1972,d.- Bill L. Norton (6)
Hammersmith is Out,1972,d.- Peter Ustinov (6)
The Biscuit Eater,1972,d.- Vincent McEveety (6)
Under Milk Wood,1972,(BR) d.- Andrew Sinclair (6)
Tower of Evil,1972,(BR-US) d.- Jim O’Connolly (6)
Child’s Play,1972,d.- Sidney Lumet (6)
Private Parts,1972,d.- Paul Bartel (6)
Hickey and Boggs,1972,d.- Robert Culp (6)
Unholy Rollers,1972,d.- Vernon Zimmerman (6)
Cool Breeze,1972,d.- Barry Pollack (6)
The Legend of Boggy Creek,1972,d.- Charles B. Pierce (5 1/2)
Night of the Lepus,1972,d.- William F. Klaxton (5 1/2)
The Corpse Grinders,1972,d.- Ted V. Mikels (5 1/2)
The Exorcist,1973,d.- William Friedkin (7)
The Sting,1973,d.- George Roy Hill (7)
Paper Moon,1973,d.- Peter Bogdanovich (7)
American Grafitti,1973,d.- George Lucas (7)
The Three Musketeers,1973,(US-BR) d.- Richard Lester (7)
The Outlaw Josie Wales,1973,d.- Clint Eastwood (7)
Don't Look Now,1973,(IT-BR) d.- Nicolas Roeg (7)
The Day of the Jackal,1973,(BR-FR) d.- Fred Zinnemann (7)
Badlands,1973,d.- Terrence Malick (7)
The Last Detail,1973,d.- Hal Ashby (7)
The Way We Were,1973,d.- Sydney Pollack (7)
Mean Streets,1973,d.- Martin Scorsese (6 1/2)
O Lucky Man!,1973,(BR) d.- Lindsay Anderson (6 1/2)
The Iceman Cometh,1973,d.- John Frankenheimer (6 1/2)
Serpico,1973,d.- Sidney Lumet (6 1/2)
The Wicker Man,1973,(BR) d.- Robin Hardy (6 1/2)
Papillon,1973,d.- Franklin J. Schaffner (6 1/2)
The Homecoming,1973,(BR-US) d.- Peter Hall (6 1/2)
Bang the Drum Slowly,1973,d.- John D. Hancock (6 1/2)
The Offence,1973,(BR-US) d.- Sidney Lumet (6 1/2)
High Plains Drifter,1973,d.- Clint Eastwood (6 1/2)
The Long Goodbye,1973,d.- Robert Altman (6 1/2)
A Touch of Class,1973,(BR) d.- Melvin Frank (6 1/2)
The Paper Chase,1973,d.- James Bridges (6 1/2)
The Friends of Eddie Coyle,1973,d.- Peter Yates (6 1/2)
Sleeper,1973,d.- Woody Allen (6 1/2)
The Sugarland Express,1973,d.- Steven Spielberg (6 1/2)
Sisters,1973,d.- Brian De Palma (6 1/2)
Emperor of the North Pole,1973,d.- Robert Aldrich (6 1/2)
Enter the Dragon,1973,(CHI-US) d.- Robert Clouse (6 1/2)
Jesus Christ Superstar,1973,d.- Norman Jewison (6 1/2)
Blume In Love,1973,d.- Paul Mazursky (6 1/2)
Soylent Green,1973,d.- Richard Fleischer (6 1/2)
The Last of Sheila,1973,d.- Herbert Ross (6 1/2)
Dillinger,1973,d.- John Milius (6 1/2)
The Hireling,1973,(BR) d.- Alan Bridges (6 1/2)
Charlie Varrick,1973,d.- Don Siegel (6 1/2)
The Last American Hero,1973,d.- Lamont Johnson (6 1/2)
Electra Glide in Blue,1973,d.- James William Guercio (6 1/2)
Westworld,1973,d.- Michael Crichton (6 1/2)
Pat Garrett and Billy the Kid,1973,d.- Sam Peckinpah (6 1/2)
Payday,1973,d.- Daryl Duke (6 1/2)
The King of Marvin Gardens,1973,d.- Bob Rafelson (6 1/2)
Live and Let Die,1973,(BR) d.- Guy Hamilton (6 1/2)
Hit!,1973,d.- Sidney J. Furie (6 1/2)
Godspell: A Musical Based on the Gospel*,1973,d.- David Greene (6 1/2)
Oklahoma Crude,1973,d.- Stanley Kramer (6 1/2)
"Summer Wishes, Winter Dreams",1973,d.- Gilbert Cates (6 1/2)
Horror Express,1973,(BR-SP) d.- Eugenio Martin (6 1/2)
Breezy,1973,d.- Clint Eastwood (6 1/2)
The Thief Who Came to Dinner,1973,d.- Bud Yorkin (6 1/2)
Magnum Force,1973,d.- Ted Post (6 1/2)
Hitler: The Last Ten Days,1973,(IT-BR) d.- Ennio De Concini (6 1/2)
The Day of the Dolphin,1973,d.- Mike Nichols (6 1/2)
Gordon’s War,1973,d.- Ossie Davis (6 1/2)
The Belstone Fox,1973,(BR) d.- James Hill (6 1/2)
The Train Robbers,1973,d.- Burt Kennedy (6 1/2)
Walking Tall,1973,d.- Phil Karlson (6 1/2)
Scorpio,1973,d.- Michael Winner (6 1/2)
White Lightning,1973,d.- Joseph Sargent (6 1/2)
Battle for the Planet of the Apes,1973,d.- J. Lee Thompson (6 1/2)
Executive Action,1973,d.- David Miller (6 1/2)
Cahill U.S. Marshal,1973,d.- Andrew V. McLaglen (6 1/2)
Tom Sawyer,1973,d.- Don Taylor (6 1/2)
Lolly-Madonna XXX,1973,d.- Richard C. Sarafian (6 1/2)
A Doll’s House,1973,(BR) d.- Patrick Garland (6 1/2)
The Outside Man,1973,d.- Jacques Deray (6 1/2)
The Outfit,1973,d.- John Flynn (6 1/2)
The Legend of Hell House,1973,d.- John Hough (6 1/2)
The Man Who Loved Cat Dancing,1973,d.- Richard C. Sarafian (6 1/2)
Baxter!,1973,(BR-US) d.- Lionel Jeffries (6 1/2)
Coffy,1973,d.- Jack Hill (6 1/2)
The Optimists,1973,(BR) d.- Anthony Simmons (6 1/2)
A Doll’s House,1973,(BR-FR) d.- Joseph Losey (6 1/2)
Love and Pain and the Whole Damn Thing,1973,d.- Alan J. Pakula (6 1/2)
Alvin Purple,1973,(AUS) d.- Tim Burstall (6 1/2)
Slither,1973,d.- Howard Zieff (6 1/2)
Shaft in Africa,1973,d.- John Guillermin (6 1/2)
Steelyard Blues,1973,d.- Alan Myerson (6 1/2)
Hell Up In Harlem,1973,d.- Larry Cohen (6 1/2)
The MacKintosh Man,1973,(BR-US) d.- John Huston (6 1/2)
Cops and Robbers,1973,d.- Aram Avakian (6 1/2)
Forty Carats,1973,d.- Milton Katselas (6 1/2)
A Bequest to the Nation,1973,(BR) d.- James Cellan Jones (6 1/2)
Alvin Purple,1973,(AUS) d.- Tim Burstall (6 1/2)
The Crazies,1973,d.- George A. Romero (6 1/2)
The Stone Killer,1973,d.- Michael Winner (6 1/2)
Badge 373,1973,d.- Howard W. Koch (6 1/2)
Shamus,1973,d.- Buzz Kulick (6 1/2)
Night Watch,1973,(BR) d.- Brian G. Hutton (6 1/2)
That Man Bolt,1973,"d.- Henry Levin, David Lowell Rich (6)"
The World’s Greatest Athlete,1973,d.- Robert Scheerer (6)
Harry in Your Pocket,1973,d.- Bruce Geller (6)
The Killing Kind,1973,d.- Curtis Harrington (6)
Cleopatra Jones,1973,d.- Jack Starrett (6)
Kid Blue,1973,d.- James Frawley (6)
The Mack,1973,d.- Michael Campus (6)
Don’t Play Us Cheap,1973,d.- Melvin Van Peebles (6)
One Little Indian,1973,d.- Bernard McEveety (6)
Lucky Luciano,1973,(US-FR-IT) d.- Fransesco Rosi (6)
Chinatown,1974,d.- Roman Polanski (7)
The Godfather: Part II,1974,d.- Francis Ford Coppola (7)
Young Frankenstein,1974,d.- Mel Brooks (7)
The Conversation,1974,d.- Francis Ford Coppola (7)
A Woman Under the Influence,1974,d.- John Cassavettes (7)
Blazing Saddles,1974,d.- Mel Brooks (7)
Murder on the Orient Express,1974,(BR) d.- Sidney Lumet (7)
Lenny,1974,d.- Bob Fosse (6 1/2)
Butley,1974,(BR-CAN) d.- Harold Pinter (6 1/2)
Alice Doesn't Live Here Anymore,1974,d.- Martin Scorsese (6 1/2)
Bring Me the Head of Alfredo Garcia,1974,d.- Sam Peckinpah (6 1/2)
The Taking of Pelham One Two Three,1974,d.- Joseph Sargent (6 1/2)
The Parallax View,1974,d.- Alan J. Pakula (6 1/2)
Thieves Like Us,1974,d.- Robert Altman (6 1/2)
The Apprenticeship of Duddy Kravitz,1974,(CAN) d.- Ted Kotcheff (6 1/2)
The Texas Chainsaw Massacre,1974,d.- Tobe Hooper (6 1/2)
Conrack,1974,d.- Martin Ritt (6 1/2)
Mahler,1974,(BR) d.- Ken Russell (6 1/2)
The Longest Yard,1974,d.- Robert Aldrich (6 1/2)
Black Christmas,1974,(CAN) d.- Bob Clark (6 1/2)
The Yakuza,1974,(US-JAP) d.- Sydney Pollack (6 1/2)
Thunderbolt and Lightfoot,1974,d.- Michael Cimino (6 1/2)
Save the Tiger,1974,d.- John G. Avildsen (6 1/2)
Harry and Tonto,1974,d.- Paul Mazursky (6 1/2)
Death Wish,1974,d.- Michael Winner (6 1/2)
The Front Page,1974,d.- Billy Wilder (6 1/2)
The Laughing Policeman,1974,d.- Stuart Rosenberg (6 1/2)
Where the Lilies Bloom,1974,d.- William A. Graham (6 1/2)
The Gambler,1974,d.- Karel Reisz (6 1/2)
Mr. Majestyk,1974,d.- Richard Fleischer (6 1/2)
California Split,1974,d.- Robert Altman (6 1/2)
The Towering Inferno,1974,"d.- John Guillermin, Irwin Allen (6 1/2)"
Uptown Saturday Night,1974,d.- Sidney Poitier (6 1/2)
Phantom of the Paradise,1974,d.- Brian De Palma (6 1/2)
The Great Gatsby,1974,d.- Jack Clayton (6 1/2)
Juggernaut,1974,(BR) d.- Richard Lester (6 1/2)
Where the Red Fern Grows,1974,d.- Norman Tokar (6 1/2)
For Pete’s Sake,1974,d.- Peter Yates (6 1/2)
The Odessa File,1974,(BR-GER) d.- Ronald Neame (6 1/2)
Report to the Commissioner,1974,d.- Milton Katselas (6 1/2)
Dead of Night,1974,(US-CAN-BR) d.- Bob Clark (6 1/2)
The Golden Voyage of Sinbad,1974,(BR-US) d.- Gordon Hessler (6 1/2)
Earthquake,1974,d.- Mark Robson (6 1/2)
The Lords of Flatbush,1974,d.- Stephen F. Verona (6 1/2)
The Man with the Golden Gun,1974,(BR) d.- Guy Hamilton (6 1/2)
The Nickel Ride,1974,d.- Robert Mulligan (6 1/2)
Benji,1974,d.- Joe Camp (6 1/2)
The Dove,1974,d.- Charles Jarrott (6 1/2)
Dark Star,1974,d.- John Carpenter (6 1/2)
Man on a Swing,1974,d.- Frank Perry (6 1/2)
The Terminal Man,1974,d.- Mike Hodges (6 1/2)
Gold,1974,(BR) d.- Peter R. Hunt (6 1/2)
A Quiet Day in Belfast,1974,(CAN) d.- Milad Bessada (6 1/2)
Captain Kronos - Vampire Hunter,1974,(BR) d.- Brian Clemens (6 1/2)
Cockfighter,1974,d.- Monte Hellman (6 1/2)
The Girl from Petrovka,1974,d.- Robert Ellis Miller (6 1/2)
The Dion Brothers(The Gravy Train),1974,d.- Jack Starrett (6 1/2)
Foxy Brown,1974,d.- Jack Hill (6 1/2)
The Black Windmill,1974,(BR) d.- Don Siegel (6 1/2)
McQ,1974,d.- John Sturges (6 1/2)
Deadly Strangers,1974,(BR) d.- Sidney Hayers (6 1/2)
The Tamarind Seed,1974,(BR-US) d.- Blake Edwards (6 1/2)
Mame,1974,d.- Gene Saks (6 1/2)
Inserts,1974,(BR) d.- John Byrum (6 1/2)
The Spikes Gang,1974,d.- Richard Fleischer (6 1/2)
The Black Windmill,1974,(BR) d.- Don Siegel (6 1/2)
Freebie and the Bean,1974,d.- Richard Rush (6 1/2)
Three the Hard Way,1974,d.- Gordon Parks (6 1/2)
11 Harrowhouse,1974,(BR) d.- Aram Avakian (6 1/2)
Stardust,1974,(BR) d.- Michael Apted (6 1/2)
Airport 1975,1974,d.- Jack Smight (6 1/2)
Daisy Miller,1974,d.- Peter Bogdanovich (6 1/2)
Herbie Rides Again,1974,d.- Robert Stevenson (6 1/2)
The Island at the Top of the World,1974,d.- Robert Stevenson (6 1/2)
Claudine,1974,d.- John Berry (6 1/2)
Deranged,1974,"(CAN-US) d.- Jeff Gillen, Alan Ormsby (6 1/2)"
Daisy Miller,1974,d.- Peter Bogdanovich (6 1/2)
The Little Prince,1974,(BR-US) d.- Stanley Donen (6 1/2)
The White Dawn,1974,d.- Philip Kaufman (6 1/2)
Busting,1974,d.- Peter Hyams (6 1/2)
Dirty Mary Crazy Larry,1974,d.- John Hough (6 1/2)
The Cars That Ate Paris,1974,(AUS) d.- Peter Weir (6 1/2)
Abby,1974,d.- William Girdler (6 1/2)
The Beast Must Die,1974,(BR) d.- Paul Annett (6 1/2)
Sunday in the Country,1974,(CAN) d.- John Trent (6 1/2)
The Night Porter,1974,(IT-US) d.- Liliana Cavani (6 1/2)
Peterson,1974,(AUS) d.- Tim Burstall (6 1/2)
It’s Alive,1974,d.- Larry Cohen (6 1/2)
Paul and Michelle,1974,(FR-BR) d.- Lewis Gilbert (6)
Black Belt Jones,1974,d.- Robert Clouse (6)
Madhouse,1974,(BR) d.- Jim Clark (6)
The Groove Tube,1974,d.- Ken Shapiro (6)
The White Dawn,1974,d.- Philip Kaufman (6)
Billy Two Hats,1974,d.- Ted Kotcheff (6)
The Life and Times of Grizzly Adams,1974,d.- Richard Friedenberg (6)
Stone,1974,(AUS) d.- Sandy Harbutt (6)
Gone in 60 Seconds,1974,d.- H. B. Halicki (6)
Rhinoceros,1974,(US-BR-CAN) d.- Tom O’Horgan (6)
Open Season,1974,(SP-SW-BR-US-ARG) d.- Peter Collinson (6)
Big Bad Mama,1974,d.- Steve Carver (6)
Road Movie,1974,d.- Joseph Strick (6)
Deranged,1974,"d.- Jeff Gillen, Alan Ormsby (6)"
Road Movie,1974,d.- Joseph Strick (6)
Zardoz,1974,(BR-IRE) d.- John Boorman (5 1/2)
The Legend of Hillbilly John,1974,d.- John Newland (5 1/2)
All Creatures Great and Small,1974,(BR) d.- Claude Whatham (5 1/2)
One Flew Over the Cuckoo's Nest,1975,d.- Milos Forman (7)
Jaws,1975,d.- Steven Spielberg (7)
Nashville,1975,d.- Robert Altman (7)
The Man Who Would Be King,1975,(BR-US) d.- John Huston (7)
Monty Python and the Holy Grail,1975,"(BR) d.- Terry Gilliam, Terry Jones (7)"
Love and Death,1975,d.- Woody Allen (6 1/2)
Three Days of the Condor,1975,d.- Sydney Pollack (6 1/2)
Barry Lyndon,1975,(BR) d.- Stanley Kubrick (6 1/2)
The Day of the Locust,1975,d.- John Schlesinger (6 1/2)
Overlord,1975,(BR) d.- Stuart Cooper (6 1/2)
The Sunshine Boys,1975,d.- Herbert Ross (6 1/2)
The Rocky Horror Picture Show,1975,(BR-US) d.- Jim Sharman (6 1/2)
Night Moves,1975,d.- Arthur Penn (6 1/2)
Hester Street,1975,d.- Joan Micklin Silver (6 1/2)
The Four Musketeers,1975,d.- Richard Lester (6 1/2)
Hard Times,1975,d.- Walter Hill (6 1/2)
Cooley High,1975,d.- Michael Schultz (6 1/2)
Operation Daybreak,1975,(US-CZECH-YUG) d.- Lewis Gilbert (6 1/2)
"Farewell, My Lovely",1975,d.- Dick Richards (6 1/2)
Smile,1975,d.- Michael Ritchie (6 1/2)
The Wind and the Lion,1975,d.- John Milius (6 1/2)
Hearts of the West,1975,d.- Howard Zieff (6 1/2)
Shampoo,1975,d.- Hal Ashby (6 1/2)
The Great Waldo Pepper,1975,d.- George Roy Hill (6 1/2)
Let's Do It Again,1975,d.- Sidney Poitier (6 1/2)
The Stepford Wives,1975,d.- Bryan Forbes (6 1/2)
The Wilby Conspiracy,1975,(BR) d.- Ralph Nelson (6 1/2)
Panic in Needle Park,1975,d.- Jerry Schatzberg (6 1/2)
Rancho Deluxe,1975,d.- Frank Perry (6 1/2)
French Connection II,1975,d.- John Frankenheimer (6 1/2)
In Celebration,1975,(BR) d.- Lindsay Anderson (6 1/2)
Funny Lady,1975,d.- Herbert Ross (6 1/2)
Escape to Witch Mountain,1975,d.- John Hough (6 1/2)
Tommy,1975,(BR) d.- Ken Russell (6 1/2)
The Hiding Place,1975,d.- James F. Collier (6 1/2)
The Reincarnation of Peter Proud,1975,d.- J. Lee Thompson (6 1/2)
The Passenger,1975,(IT-FR-SP-US) d.- Michaelangelo Antonioni (6 1/2)
Sunday Too Far Away,1975,(AUS) d.- Jack Hannam (6 1/2)
The Prisoner of Second Avenue,1975,d.- Melvin Frank (6 1/2)
The Man in the Glass Booth,1975,d.- Arthur Hiller (6 1/2)
Rooster Cogburn,1975,d.- Stuart Millar (6 1/2)
The Hindenburg,1975,d.- Robert Wise (6 1/2)
The Return of the Pink Panther,1975,(BR) d.- Blake Edwards (6 1/2)
Winstanley,1975,(BR) d.- Kevin Brownlow (6 1/2)
The Eiger Sanction,1975,d.- Clint Eastwood (6 1/2)
The Reincarnation of Peter Proud,1975,d.- J. Lee Thompson (6 1/2)
The Hiding Place,1975,d.- James F. Collier (6 1/2)
The Adventure of Sherlock Holmes’ Smarter Brother,1975,(US-BR) d.- Gene Wilder (6 1/2)
Lisztomania,1975,(BR) d.- Ken Russell (6 1/2)
Black Moon,1975,(FR-GER) d.- Louis Malle (6 1/2)
The Killer Elite,1975,d.- Sam Peckinpah (6 1/2)
The Fortune,1975,d.- Mike Nichols (6 1/2)
Breakout,1975,d.- Tom Gries (6 1/2)
The Romantic Englishwoman,1975,(FR-BR) d.- Joseph Losey (6 1/2)
Sudden Fury,1975,(CAN) d.- Brian Damude (6 1/2)
The Adv. of Sherlock Holmes’ Smarter Brother,1975,(US-BR) d.- Gene Wilder (6 1/2)
The Drowning Pool,1975,d.- Stuart Rosenberg (6 1/2)
Rollerball,1975,d.- Norman Jewison (6 1/2)
Hustle,1975,d.- Robert Aldrich (6 1/2)
The Other Side of the Mountain,1975,d.- Larry Peerce (6 1/2)
Doc Savage: The Man of Bronze,1975,d.- Michael Anderson (6 1/2)
Royal Flash,1975,(BR-US) d.- Richard Lester (6 1/2)
Mahogany,1975,d.- Berry Gordy (6 1/2)
The Apple Dumpling Gang,1975,d.- Norman Tokar (6 1/2)
Shivers,1975,(CAN) d.- David Cronenberg (6 1/2)
Man Friday,1975,(BR-US) d.- Jack Gold (6 1/2)
White Line Fever,1975,(CAN-US) d.- Jonathan Kaplan (6 1/2)
The Olde Curiosity Shop,1975,(BR) d.- Michael Tuchner (6 1/2)
Brannigan,1975,d.- Douglas Hickox (6 1/2)
The Wild Party,1975,d.- James Ivory (6 1/2)
The Land That Time Forgot,1975,(BR-US) d.- Kevin Connor (6 1/2)
"Philadelphia, Here I Come",1975,(IRE) d.- John Quested (6 1/2)
"Cornbread, Earl and Me",1975,d.- Joseph Manduke (6 1/2)
Rafferty and the Gold Dust Twins,1975,d.- Dick Richards (6 1/2)
Eat My Dust,1975,d.- Charles B. Griffith (6 1/2)
Death Race 2000,1975,d.- Paul Bartel (6 1/2)
Hedda,1975,(BR) d.- Trevor Nunn (6 1/2)
Posse,1975,d.- Kirk Douglas (6 1/2)
The Ultimate Warrior,1975,d.- Robert Clouse (6)
The Adventures of the Wilderness Family,1975,d.- Stewart Raffill (6)
Mandingo,1975,d.- Richard Fleischer (6)
Ride a Wild Pony,1975,(AUS-US) d.- Don Chaffey (6)
Winterhawk,1975,d.- Charles B. Pierce (6)
Bucktown,1975,d.- Arthur Marks (6)
Out of Season,1975,(BR) d.- Alan Bridges (6)
A Boy and His Dog,1975,d.- L.Q. Jones (6)
At Long Last Love,1975,d.- Peter Bogdanovich (6)
Mad Dog Morgan,1975,(AUS) d.- Philipe Mora (6)
Boss N*****,1975,d.- Jack Arnold (6)
Cleopatra Jones and the Casino of Gold,1975,(CHI-US) d.- Charles Bail (5 1/2)
The Devil’s Rain,1975,d.- Robert Fuest (5 1/2)
92 in the Shade,1975,d.- Thomas McGuane (5 1/2)
Network,1976,d.- Sidney Lumet (7)
Rocky,1976,d.- John G. Avildsen (7)
The Message,1976,(LEB-LIB-KUW-MOR-BR) d.- Moustapha Akkad (7)
Taxi Driver,1976,d.- Martin Scorsese (7)
All the President's Men,1976,d.- Alan J. Pakula (7)
Dog Day Afternoon,1976,d.- Sidney Lumet (7)
Bound For Glory,1976,d.- Hal Ashby (6 1/2)
The Front,1976,d.- Martin Ritt (6 1/2)
Don's Party,1976,(AUS) d.- Bruce Beresford (6 1/2)
The 7 Percent Solution,1976,d.- Herbert Ross (6 1/2)
Marathon Man,1976,d.- John Schlesinger (6 1/2)
Carrie,1976,d.- Brian De Palma (6 1/2)
Assault on Precinct 13,1976,d.- John Carpenter (6 1/2)
The Shootist,1976,d.- Don Siegel (6 1/2)
Bite the Bullet,1976,d.- Richard Brooks (6 1/2)
The Pink Panther Strikes Again,1976,(BR-US) d.- Blake Edwards (6 1/2)
The Man Who Fell to Earth,1976,d.- Nicolas Roeg (6 1/2)
Voyage of the Damned,1976,d.- Stuart Rosenberg (6 1/2)
The Killing of a Chinese Bookie,1976,d.- John Cassavettes (6 1/2)
Silver Streak,1976,d.- Arthur Hiller (6 1/2)
Robin and Marian,1976,d.- Richard Lester (6 1/2)
Obsession,1976,d.- Brian De Palma (6 1/2)
The Omen,1976,d.- Richard Donner (6 1/2)
"Next Stop, Greenwich Village",1976,d.- Paul Mazursky (6 1/2)
Stay Hungry,1976,d.- Bob Rafelson (6 1/2)
The Eagle Has Landed,1976,(BR) d.- John Sturges (6 1/2)
Car Wash,1976,d.- Michael Schultz (6 1/2)
Storm Boy,1976,(AUS) d.- Henri Safran (6 1/2)
Logan’s Run,1976,d.- Michael Anderson (6 1/2)
The Bingo Long Traveling All Stars and Motor Kings,1976,d.- John Badham (6 1/2)
The Missouri Breaks,1976,d.- Arthur Penn (6 1/2)
The Ritz,1976,d.- Richard Lester (6 1/2)
Shout at the Devil,1976,(BR) d.- Peter R. Hunt (6 1/2)
W. C. Fields and Me,1976,d.- Arthur Hiller (6 1/2)
Bugsy Malone,1976,(BR) d.- Alan Parker (6 1/2)
The Bad News Bears,1976,d.- Michael Ritchie (6 1/2)
Breakheart Pass,1976,d.- Tom Gries (6 1/2)
Midway,1976,d.- Jack Smight (6 1/2)
Nickelodeon,1976,(BR-US) d.- Peter Bogdanovich (6 1/2)
The Last Tycoon,1976,d.- Elia Kazan (6 1/2)
Swashbuckler,1976,d.- James Goldstone (6 1/2)
Nickelodeon,1976,(BR-US) d.- Peter Bogdanovich (6 1/2)
The River Niger,1976,d.- Krishna Shah (6 1/2)
Sparkle,1976,d.- Sam O’Steen (6 1/2)
The Cassandra Crossing,1976,(GER-IT-BR) d.- George P. Cosmatos (6 1/2)
The Sailor Who Fell from Grace with the Sea,1976,(BR) d.- Lewis John Carlino (6 1/2)
The Enforcer,1976,d.- James Fargo (6 1/2)
St. Ives,1976,d.- J. Lee Thompson (6 1/2)
Mikey and Nicky,1976,d.- Elaine May (6 1/2)
Silent Movie,1976,d.- Mel Brooks (6 1/2)
"Mother, Jugs and Speed",1976,d.- Peter Yates (6 1/2)
Two-Minute Warning,1976,d.- Larry Peerce (6 1/2)
The Last Hard Men,1976,d.- Andrew V. McLaglen (6 1/2)
The Return of a Man Called Horse,1976,d.- Irvin Kershner (6 1/2)
Family Plot,1976,d.- Alfred Hitchcock (6 1/2)
Eliza Fraser,1976,(AUS) d.- Tim Burstall (6 1/2)
Gator,1976,d.- Burt Reynolds (6 1/2)
Buffalo Bill and the Indians*,1976,d.- Robert Altman (6 1/2)
Freaky Friday,1976,d.- Gary Nelson (6 1/2)
Lifeguard,1976,d.- Daniel Petrie (6 1/2)
A Star Is Born,1976,d.- Frank Pierson (6 1/2)
Welcome to L.A.,1976,d.- Alan Rudolph (6 1/2)
The Gumball Rally,1976,d.- Charles Bail (6 1/2)
Lipstick,1976,d.- Lamont Johnson (6 1/2)
Greased Lightning,1976,d.- Michael Schultz (6 1/2)
King Kong,1976,d.- John Guillermin (6 1/2)
Harry and Walter Go to New York,1976,d.- Mark Rydell (6 1/2)
Escape from the Dark,1976,(BR-US) d.- Charles Jarrott (6 1/2)
The Duchess and the Dirtwater Fox,1976,d.- Melvin Frank (6 1/2)
Aces High,1976,(BR) d.- Jack Gold (6 1/2)
"No Deposit, No Return",1976,d.- Norman Tokar (6 1/2)
To the Devil a Daughter,1976,(BR-GER) d.- Peter Sykes (6 1/2)
The Town That Dreaded Sundown,1976,d.- Charles B. Pierce (6 1/2)
Futureworld,1976,d.- Richard T. Heffron (6 1/2)
The Devil’s Playground,1976,(AUS) d.- Fred Schepisi (6 1/2)
Across the Great Divide,1976,d.- Stewart Raffill (6 1/2)
Leadbelly,1976,d.- Gordon Parks (6 1/2)
Burnt Offerings,1976,(US-IT) d.- Dan Curtis (6 1/2)
The Slipper and the Rose,1976,(BR) d.- Bryan Forbes (6 1/2)
Mustang Country,1976,d.- John C. Champion (6 1/2)
Gus,1976,d.- Vincent McEveety (6 1/2)
The Town That Dreaded Sundown,1976,d.- Charles B. Pierce (6 1/2)
The Little Girl Who Lives Down the Lane,1976,(CAN-US-FR) d.- Nicolas Gessner (6 1/2)
The Blue Bird,1976,(US-RUS) d.- George Cukor (6 1/2)
Ode to Billy Joe,1976,"d.- Max Baer, Jr. (6 1/2)"
The Shaggy D.A.,1976,d.- Robert Stevenson (6)
From Noon Till Three,1976,d.- Frank D. Gilroy (6)
Massacre at Central High,1976,d.- Rene Daalder (6)
End Play,1976,(AUS) d.- Tim Burstall (6)
Deadly Hero,1976,d.- Ivan Nagy (6)
At the Earth’s Core,1976,(BR-US) d.- Kevin Connor (6)
"Won Ton Ton, the Dog Who Saved Hollywood",1976,d.- Michael Winner (6)
The Big Bus,1976,d. James Frawley (6)
Death Weekend,1976,(CAN) d.- William Fruet (6)
J. D.’s Revenge,1976,d.- Arthur Marks (6)
The Likely Lads,1976,(BR) d.- Michael Tuchner (6)
Cannonball!,1976,(US-CHI) d.- Paul Bartel (6)
Massacre at Central High,1976,d.- Rene Daalder (6)
Communion,1976,d.- Alfred Sole (6)
The Food of the Gods,1976,d.- Bert I. Gordon (5)
Star Wars,1977,d.- George Lucas (7)
Annie Hall,1977,d.- Woody Allen (7)
Close Encounters of the Third Kind,1977,d.- Steven Spielberg (7)
Picnic at Hanging Rock,1977,(AUS) d.- Peter Weir (7)
Julia,1977,d.- Fred Zinnemann (7)
Killer of  Sheep,1977,d.- Charles Burnett (7)
The Good Bye Girl,1977,d.- Herbert Ross (6 1/2)
Goin’ Down the Road,1977,(CAN) d.- Donald Shebib (6 1/2)
The Duellists,1977,(BR-FR) d.- Ridley Scott (6 1/2)
Slap Shot,1977,d.- George Roy Hill (6 1/2)
Smokey and the Bandit,1977,d.- Hal Needham (6 1/2)
The American Friend,1977,(GER-FR) d.- Wim Wenders (6 1/2)
The Turning Point,1977,d.- Herbert Ross (6 1/2)
Saturday Night Fever,1977,d.- John Badham (6 1/2)
Opening Night,1977,d.- John Cassavettes (6 1/2)
Between the Lines,1977,d.- Joan Micklin Silver (6 1/2)
Oh God!,1977,d.- Carl Reiner (6 1/2)
Cross of Iron,1977,(BR-GER) d.- Sam Peckinpah (6 1/2)
The Spy Who Loved Me,1977,(BR) d.- Lewis Gilbert (6 1/2)
Equus,1977,(US-BR) d.- Sidney Lumet (6 1/2)
3 Women,1977,d.- Robert Altman (6 1/2)
Martin,1977,d.- George A. Romero (6 1/2)
A Bridge Too Far,1977,(US-BR) d.- Richard Attenborough (6 1/2)
Sleeping Dogs,1977,(NZ) d.- Roger Donaldson (6 1/2)
The Last Wave,1977,(AUS) d.- Peter Weir (6 1/2)
Black Sunday,1977,d.- John Frankenheimer (6 1/2)
Looking For Mr. Goodbar,1977,d.- Richard Brooks (6 1/2)
The Late Show,1977,d.- Robert Benton (6 1/2)
High Anxiety,1977,d.- Mel Brooks (6 1/2)
Backroads,1977,(AUS) d.- Phillip Noyce (6 1/2)
One on One,1977,d.- Lamont Johnson (6 1/2)
Why Shoot the Teacher ?,1977,(CAN) d.- Silvio Narrizano (6 1/2)
Birch Interval,1977,d.- Delbert Mann (6 1/2)
Orca,1977,d.- Michael Anderson (6 1/2)
Sorcerer,1977,d.- William Friedkin (6 1/2)
"New York, New York",1977,d.- Martin Scorsese (6 1/2)
The Rubber Gun,1977,(CAN) d.- Allan Moyle (6 1/2)
The Squeeze,1977,(BR) d.- Michael Apted (6 1/2)
The Sentinel,1977,d.- Michael Winner (6 1/2)
Semi-Tough,1977,d.- Michael Ritchie (6 1/2)
Twilight’s Last Gleaming,1977,(US-GER) d.- Robert Aldrich (6 1/2)
The Deep,1977,d.- Peter Yates (6 1/2)
Islands in the Stream,1977,d.- Franklin J. Schaffner (6 1/2)
Telefon,1977,d.- Don Siegel (6 1/2)
The Singer and the Dancer,1977,d.- Gillian Armstrong (6 1/2)
MacArthur,1977,d.- Joseph Sargent (6 1/2)
Heroes,1977,d.- Jeremy Kagan (6 1/2)
Demon Seed,1977,d.- Donald Cammell (6 1/2)
The Gauntlet,1977,d.- Clint Eastwood (6 1/2)
Who Has Seen the Wind,1977,(CAN-BR) d.- Allan King (6 1/2)
Outrageous!,1977,(CAN) d.- Richard Benner (6 1/2)
Valentino,1977,(US-BR) d.- Ken Russell (6 1/2)
"September 30, 1955",1977,d.- James Bridges (6 1/2)
Crossed Swords,1977,(BR-US) d.- Richard Fleischer (6 1/2)
Audrey Rose,1977,d.- Robert Wise (6 1/2)
Fun with Dick and Jane,1977,d.- Ted Kotcheff (6 1/2)
The World’s Greatest Lover,1977,d.- Gene Wilder (6 1/2)
The Choirboys,1977,d.- Robert Aldrich (6 1/2)
The White Buffalo,1977,d.- J. Lee Thompson (6 1/2)
The Hills Have Eyes,1977,d.- Wes Craven (6 1/2)
A Little Night Music,1977,(US-GER-AUST) d.- Harold Prince (6 1/2)
Candleshoe,1977,(BR-US) d.- Norman Tokar (6 1/2)
Joseph Andrews,1977,(BR) d.- Tony Richardson (6 1/2)
For the Love of Benji,1977,d.- Joe Camp (6 1/2)
Bobby Deerfield,1977,d.- Sydney Pollack (6 1/2)
Rolling Thunder,1977,d.- John Flynn (6 1/2)
Bobby Deerfield,1977,d.- Sydney Pollack (6 1/2)
The Island of Dr. Moreau,1977,d.- Don Taylor (6 1/2)
Rollercoaster,1977,d.- James Goldstone (6 1/2)
I Never Promised You a Rose Garden,1977,d.- Anthony Page (6 1/2)
Exorcist II: The Heretic,1977,d.- John Boorman (6 1/2)
Providence,1977,(FR-SW) d.- Alain Resnais (6 1/2)
Jabberwocky,1977,(BR) d.- Terry Gilliam (6 1/2)
March or Die,1977,(BR) d.- Dick Richards (6 1/2)
Herbie Goes to Monte Carlo,1977,d.- Vincent McEveety (6)
The Bad News Bears in Breaking Training,1977,d.- Michael Pressman  (6)
The Private Files of  J. Edgar Hoover,1977,d.- Larry Cohen (6)
Airport ’77,1977,d.- Jerry Jameson (6)
The Domino Principle,1977,d.- Stanley Kramer (6)
Rollercoaster,1977,d.- James Goldstone (6)
High Rolling,1977,(AUS) d.- Igor Auzins (6)
Joyride,1977,d.- Joseph Ruben (6)
Fight for Your Life,1977,d.- Robert A. Endelson (6)
The People That Time Forgot,1977,(BR) d.- Kevin Connor (6)
The Deer Hunter,1978,d.- Michael Cimino (7)
Days of Heaven,1978,d.- Terrence Malick (7)
An Unmarried Woman,1978,d.- Paul Mazursky (7)
Superman: The Movie,1978,(BR) d.- Richard Donner (7)
Halloween,1978,d.- John Carpenter (7)
Coming Home,1978,d.- Hal Ashby (7)
The Chant of Jimmie Blacksmith,1978,(AUS) d.- Fred Schepisi (6 1/2)
Dawn of the Dead,1978,(IT-US) d.- George A. Romero (6 1/2)
Midnight Express,1978,d.- Alan Parker (6 1/2)
National Lampoon's Animal House,1978,d.- John Landis (6 1/2)
Interiors,1978,d.- Woody Allen (6 1/2)
Newsfront,1978,(AUS) d.- Phillip Noyce (6 1/2)
Grease,1978,d.- Randal Kleiser (6 1/2)
The Buddy Holly Story,1978,d.- Steve Rash (6 1/2)
The Silent Partner,1978,(CAN) d.- Daryl Duke (6 1/2)
Go Tell the Spartans,1978,d.- Ted Post (6 1/2)
The Boys from Brazil,1978,d.- Franklin J. Schaffner (6 1/2)
Heaven Can Wait,1978,"d.- Warren Beatty, Buck Henry (6 1/2)"
A Wedding,1978,d.- Robert Altman (6 1/2)
Death on the Nile,1978,(BR) d.- John Guillermin (6 1/2)
Foul Play,1978,d.- Colin Higgins (6 1/2)
Blue Collar,1978,d.- Paul Schrader (6 1/2)
House Calls,1978,d.- Howard Zieff (6 1/2)
Straight Time,1978,d.- Ulu Grosbard (6 1/2)
Invasion of the Body Snatchers,1978,d.- Philip Kaufman (6 1/2)
The Boys in Company C,1978,(CHI-US) d.- Sidney J. Furie (6 1/2)
The Big Fix,1978,d.- Jeremy Kagan (6 1/2)
Who’ll Stop The Rain,1978,d.- Karel Weisz (6 1/2)
Big Wednesday,1978,d.- John Milius (6 1/2)
Despair,1978,(GER-FR) d.- Rainer Werner Fassbinder (6 1/2)
Fingers,1978,d.- James Toback (6 1/2)
Up in Smoke,1978,d.- Lou Adler (6 1/2)
The Driver,1978,d.- Walter Hill (6 1/2)
King of the Gypsies,1978,d.- Frank Pierson (6 1/2)
Pretty Baby,1978,d.- Louis Malle (6 1/2)
The Brinks Job,1978,d.- William Friedkin (6 1/2)
The Wild Geese,1978,(BR-SW) d.- Andrew V. McLaglen (6 1/2)
The Fury,1978,d.- Brian De Palma (6 1/2)
Coma,1978,d.- Michael Crichton (6 1/2)
Mouth to Mouth,1978,(AUS ) d.- John Duigan (6 1/2)
The End,1978,d.- Burt Reynolds (6 1/2)
"Same Time, Next Year",1978,d.- Robert Mulligan (6 1/2)
Goin' South,1978,d.- Jack Nicholson (6 1/2)
Stevie,1978,(BR) d.- Robert Enders (6 1/2)
Magic,1978,d.- Richard Attenborough (6 1/2)
Who is Killing the Great Chefs of Europe ?,1978,d.- Ted Kotcheff (6 1/2)
I Wanna Hold Your Hand,1978,d.- Robert Zemeckis (6 1/2)
Capricorn One,1978,d.- Peter Hyams (6 1/2)
The Medusa Touch,1978,(FR-BR) d.- Jack Gold (6 1/2)
Remember My Name,1978,d.- Alan Rudolph (6 1/2)
Comes a Horseman,1978,d.- Alan J. Pakula (6 1/2)
California Suite,1978,d.- Herbert Ross (6 1/2)
The Shout,1978,(BR) d.- Jerzy Skolimowski (6 1/2)
Eyes of Laura Mars,1978,d.- Irvin Kershner (6 1/2)
F.I.S.T.,1978,d.- Norman Jewison (6 1/2)
Return from Witch Mountain,1978,d.- John Hough (6 1/2)
Movie Movie,1978,d.- Stanley Donen (6 1/2)
The Cheap Detective,1978,d.- Robert Moore (6 1/2)
Blue Fin,1978,"(AUS) d.- Carl Schultz, Bruce Beresford (6 1/2)"
The Thirty Nine Steps,1978,(BR) d.- Don Sharp (6 1/2)
International Velvet,1978,d.- Bryan Forbes (6 1/2)
Piranha,1978,d.- Joe Dante (6 1/2)
Paradise Alley,1978,d.- Sylvester Stallone (6 1/2)
Revenge of the Pink Panther,1978,(BR-US) d.- Blake Edwards (6 1/2)
Fedora,1978,(FR-FER) d.- Billy Wilder (6 1/2)
Jaws 2,1978,d.- Jeannot Szwarc (6 1/2)
Every Which Way But Loose,1978,d.- James Fargo (6 1/2)
"The Night, the Prowler",1978,(AUS) d.- Jim Sharman (6 1/2)
The Getting of Wisdom,1978,(AUS) d.- Bruce Beresford (6 1/2)
Hooper,1978,d.- Hal Needham (6 1/2)
Force 10 from Navarone,1978,(BR) d.- Guy Hamilton (6 1/2)
Gray Lady Down,1978,d.- David Greene (6 1/2)
Northern Lights,1978,"d.- John Hanson, Rob Nilsson (6 1/2)"
Damien: Omen II,1978,d.- Don Taylor (6 1/2)
In Praise of Older Women,1978,(CAN) d.- George Kaczender (6 1/2)
Rabbit Test,1978,d.- Joan Rivers (6 1/2)
Harper Valley P.T.A.,1978,d.- Richard C. Bennett (6 1/2)
FM,1978,d.- John A. Alonzo (6 1/2)
Caravans,1978,(US-IR) d.- James Fargo (6 1/2)
Jubilee,1978,(BR) d.- Derek Jarman (6 1/2)
Convoy,1978,d.- Sam Peckinpah (6 1/2)
Ice Castles,1978,d.- Donald Wrye (6 1/2)
The Wiz,1978,d.- Sidney Lumet (6 1/2)
Thank God It’s Friday,1978,d.- Robert Klane (6 1/2)
The Big Sleep,1978,(BR) d.- Michael Winner (6 1/2)
The Irishman,1978,(AUS) d.- Donald Crombie (6 1/2)
The Sea Gypsies,1978,d.- Stewart Raffill (6 1/2)
The One and Only,1978,d.- Carl Reiner (6)
A Hero Ain’t Nothin’ But a Sandwich,1978,d.- Ralph Nelson (6)
Sgt. Pepper’s Lonely Hearts Club Band,1978,d.- Michael Schultz (6)
American Hot Wax,1978,d.- Floyd Mutrux (6)
An Enemy of the People,1978,d.- George Schaefer (6)
Absolution,1978,(BR) d.- Anthony Page (6)
Mean Dog Blues,1978,d.- Mel Stuart (6)
Renaldo and Clara,1978,d.- Bob Dylan (6)
The Cat from Outer Space,1978,d.- Norman Tokar (6)
Attack of the Killer Tomatoes!,1978,d.- John De Bello (5)
‘Breaker’ Morant,1979,(AUS) d.- Bruce Beresford (7)
Apocalypse Now,1979,d.- Francis Ford Coppola (7)
Alien,1979,(BR) d.- Ridley Scott (7)
Manhattan,1979,d.- Woody Allen (7)
Kramer vs. Kramer,1979,d.- Robert Benton (7)
Being There,1979,d.- Hal Ashby (7)
Breaking Away,1979,d.- Peter Yates (7)
Life of Brian,1979,(BR) d.- Terry Jones (7)
All That Jazz,1979,d.- Bob Fosse (7)
My Brilliant Career,1979,(AUS) d.- Gillian Armstrong (7)
Norma Rae,1979,d.- Martin Ritt (6 1/2)
The China Syndrome,1979,d.- James Bridges (6 1/2)
The Muppet Movie,1979,d.- James Frawley (6 1/2)
Tess,1979,(FR-BR) d.- Roman Polanski (6 1/2)
The Black Stallion,1979,d.- Carroll Ballard (6 1/2)
A Little Romance,1979,d.- George Roy Hill (6 1/2)
Murder by Decree,1979,(CAN) d.- Bob Clark (6 1/2)
Starting Over,1979,d.- Alan J. Pakula (6 1/2)
Time After Time,1979,d.- Nicholas Meyer (6 1/2)
Going in Style,1979,d.- Martin Brest (6 1/2)
Gal Young 'Un,1979,(CAN) d.- Victor Nunez (6 1/2)
Mad Max,1979,(AUS) d.- George Miller (6 1/2)
Rocky II,1979,d.- Sylvester Stallone (6 1/2)
The Changeling,1979,(CAN) d.- Peter Medak (6 1/2)
The Warriors,1979,d.- Walter Hill (6 1/2)
The Wanderers,1979,d.- Philip Kaufman (6 1/2)
The First Great Train Robbery,1979,(BR) d.- Michael Crichton (6 1/2)
…And Justice for All,1979,d.- Norman Jewison (6 1/2)
The In-Laws,1979,d.- Arthur Hiller (6 1/2)
Quadrophenia,1979,(BR) d.- Franc Roddam (6 1/2)
The Great Santini,1979,d.- Lewis John Carlino (6 1/2)
Head Over Heels,1979,d.- Joan Micklin Silver (6 1/2)
Heartland,1979,d.- Richard Pearce (6 1/2)
The Jerk,1979,d.- Carl Reiner (6 1/2)
Real Life,1979,d.- Albert Brooks (6 1/2)
Hair,1979,d.- Milos Forman (6 1/2)
Agatha,1979,(BR) d.- Michael Apted (6 1/2)
The Onion Field,1979,d.- Harold Becker (6 1/2)
The Rose,1979,d.- Mark Rydell (6 1/2)
Zulu Dawn,1979,(US-SA-NETH) d.- Douglas Hickox (6 1/2)
Wise Blood,1979,(US-GER) d.- John Huston (6 1/2)
Over the Edge,1979,d.- Jonathan Kaplan (6 1/2)
Short Eyes,1979,d.- Robert M. Young (6 1/2)
Yanks,1979,(BR-US-GER) d.- John Schlesinger (6 1/2)
The Champ,1979,d.- Franco Zeffirelli (6 1/2)
Dracula,1979,d.- John Badham (6 1/2)
Saint Jack,1979,d.- Peter Bogdanovich (6 1/2)
Winter Kills,1979,d.- William Richert (6 1/2)
Fish Hawk,1979,(CAN) d.- Donald Shebib (6 1/2)
Moonraker,1979,(BR-FR) d.- Lewis Gilbert (6 1/2)
When a Stranger Calls,1979,d.- Fred Walton (6 1/2)
North Dallas Forty,1979,d.- Ted Kotcheff (6 1/2)
Escape from Alcatraz,1979,d.- Don Siegel (6 1/2)
The Frisco Kid,1979,d.- Robert Aldrich (6 1/2)
The Main Event,1979,d.- Howard Zieff (6 1/2)
Scum,1979,(BR) d.- Alan Clarke (6 1/2)
That Sinking Feeling,1979,(SCOT) d.- Bill Forsyth (6 1/2)
Penitentiary,1979,d.- Jamaa Fenaka (6 1/2)
The Europeans,1979,(BR) d.- James Ivory (6 1/2)
The Amityville Horror,1979,d.- Stuart Rosenberg (6 1/2)
Hanover Street,1979,(BR) d.- Peter Hyams (6 1/2)
The Seduction of Joe Tynan,1979,d.- Jerry Schatzberg (6 1/2)
The Electric Horseman,1979,d.- Sydney Pollack (6 1/2)
Meatballs,1979,(CAN) d.- Ivan Reitman (6 1/2)
1941,1979,d.- Steven Spielberg (6 1/2)
Chapter Two,1979,d.- Robert Moore (6 1/2)
Star Trek: The Motion Picture,1979,d.- Robert Wise (6 1/2)
Love at First Bite,1979,d.- Stan Dragoti (6 1/2)
Ashanti,1979,d.- Richard Fleischer (6 1/2)
Sunburn,1979,d.- Richard C. Sarafian (6 1/2)
Phantasm,1979,d.- Don Coscarelli (6 1/2)
10,1979,d.- Blake Edwards (6 1/2)
Prophecy,1979,d.- John Frankenheimer (6 1/2)
Boulevard Nights,1979,d.- Michael Pressman (6 1/2)
Scavenger Hunt,1979,d.- Michael Schultz (6 1/2)
Cuba,1979,d.- Richard Lester (6 1/2)
Hardcore,1979,d.- Paul Schrader (6 1/2)
The Black Hole,1979,d.- Gary Nelson (6 1/2)
Butch and Sundance: The Early Days,1979,d.- Richard Lester (6 1/2)
Black Jack,1979,(BR) d.- Ken Loach (6 1/2)
The Apple Dumpling Gang Rides Again,1979,d.- Vincent McEveety (6 1/2)
Rock’n’ Roll High School,1979,d.- Allan Arkush (6 1/2)
The Villain,1979,d.- Hal Needham (6 1/2)
The Lady Vanishes,1979,(BR) d.- Anthony Page (6 1/2)
A Sense of Freedom,1979,(SCOT-BR) d.- John Mackenzie (6 1/2)
Escape to Athena,1979,(BR) d.- George P. Cosmatos (6 1/2)
Scavenger Hunt,1979,d.- Michael Schultz (6 1/2)
Meteor,1979,d.- Ronald Neame (6 1/2)
The Brood,1979,(CAN) d.- David Cronenberg (6 1/2)
Hot Stuff,1979,d.- Dom DeLuise (6 1/2)
Porridge,1979,(BR) d.- Dick Clement (6 1/2)
Scavenger Hunt,1979,d.- Michael Schultz (6)
Steel,1979,d.- Steve Carver (6)
The Last of the Knucklemen,1979,(AUS) d.- Tim Burstall (6)
The Lady in Red,1979,d.- Lewis Teague (6)
Voices,1979,d.- Robert Markowitz (6)
Rich Kids,1979,d.- Robert M. Young (6)
That Summer,1979,(BR) d.- Harley Cokliss (6)
The Human Factor,1979,(BR) d.- Otto Preminger (6)
Nightwing,1979,d.- Arthur Hiller (6)
The Passage,1979,(BR) d.- J. Lee Thompson (6)
Take Down,1979,d.- Kieth Merrill (5 1/2)
Raging Bull,1980,d.- Martin Scorsese (7)
Star Wars: Episode V - The Empire Strikes Back,1980,d.- Irvin Kershner (7)
Lion of  the Desert,1980,(LIB-US) d.- Moustapha Akkad (7)
Ordinary People,1980,d.- Robert Redford (7)
The Elephant Man,1980,(BR-US) d.- David Lynch (7)
Atlantic City,1980,(US-CAN-FR) d.- Louis Malle (7)
The Shining,1980,(BR-US) d.- Stanley Kubrick (7)
The Long Good Friday,1980,(BR) d.- John MacKenzie (7)
The Blues Brothers,1980,d.- John Landis (7)
Coal Miner's Daughter,1980,d.- Michael Apted (6 1/2)
Airplane,1980,"d.- Jerry Zucker, Jim Abrahams, David Zucker (6 1/2)"
The Ninth Configuration,1980,d.- William Peter Blatty (6 1/2)
The Stunt Man,1980,d.- Richard Rush (6 1/2)
Superman II,1980,(BR) d.- Richard Lester (6 1/2)
Inside Moves,1980,d.- Richard Donner (6 1/2)
Return of the Secaucus 7,1980,d.- John Sayles (6 1/2)
Caddyshack,1980,d.- Harold Ramis (6 1/2)
Resurrection,1980,d.- Daniel Petrie (6 1/2)
The Long Riders,1980,d.- Walter Hill (6 1/2)
Melvin and Howard,1980,d.- Jonathan Demme (6 1/2)
The Competition,1980,d.- Joel Oliansky (6 1/2)
Urban Cowboy,1980,d.- James Bridges (6 1/2)
The Falls,1980,(BR) d.- Peter Greenaway (6 1/2)
Private Benjamin,1980,d.- Howard Zieff (6 1/2)
The Big Red One,1980,d.- Samuel Fuller (6 1/2)
The Idolmaker,1980,d.- Taylor Hackford (6 1/2)
Used Cars,1980,d.- Robert Zemeckis (6 1/2)
Altered States,1980,d.- Ken Russell (6 1/2)
Dressed to Kill,1980,d.- Brian De Palma (6 1/2)
Seems Like Old Times,1980,d.- Jay Sandrich (6 1/2)
Somewhere in Time,1980,d.- Jeannot Szwarc (6 1/2)
Gloria,1980,d.- John Cassavettes (6 1/2)
9 To 5,1980,d.- Colin Higgins (6 1/2)
Hopscotch,1980,d.- Ronald Neame (6 1/2)
Brubaker,1980,d.- Stuart Rosenberg (6 1/2)
My Bodyguard,1980,d.- Tony Bill (6 1/2)
Stir Crazy,1980,d.- Sidney Poitier (6 1/2)
Fame,1980,d.- Alan Parker (6 1/2)
Little Darlings,1980,d.- Ronald F. Maxwell (6 1/2)
The Fog,1980,d.- John Carpenter (6 1/2)
Bad Timing,1980,(BR) d.- Nicolas Roeg (6 1/2)
Breaking Glass,1980,(BR) d.- Brian Gibson (6 1/2)
"Those Lips, Those Eyes",1980,d.- Michael Pressman (6 1/2)
Beyond Reasonable Doubt,1980,(NZ) d.- John Laing (6 1/2)
Stardust Memories,1980,d.- Woody Allen (6 1/2)
The Sea Wolves,1980,(SW-BR-US) d.- Andrew V. McLaglen (6 1/2)
Terror Train,1980,(CAN-US) d.- Roger Spottiswoode (6 1/2)
American Gigolo,1980,d.- Paul Schrader (6 1/2)
Defiance,1980,d.- John Flynn (6 1/2)
Tribute,1980,(CAN) d.- Bob Clark (6 1/2)
Honeysuckle Rose,1980,d.- Jerry Schatzberg (6 1/2)
Flash Gordon,1980,(US-BR) d.- Mike Hodges (6 1/2)
Bronco Billy,1980,d.- Clint Eastwood (6 1/2)
Alligator,1980,d.- Lewis Teague (6 1/2)
The Big Brawl,1980,(US-CHI) d.- Robert Clouse (6 1/2)
Carny,1980,d.- Robert Kaylor (6 1/2)
Popeye,1980,d.- Robert Altman (6 1/2)
Foxes,1980,d.- Adrian Lyne (6 1/2)
The Club,1980,(AUS) d.- Bruce Beresford (6 1/2)
Nijinsky,1980,d.- Herbert Ross (6 1/2)
Friday the 13th,1980,d.- Sean S. Cunningham (6 1/2)
The Mountain Men,1980,d.- Richard Lang (6 1/2)
Touched By Love,1980,(US-CAN) d.- Gus Trikonis (6 1/2)
The First Deadly Sin,1980,d.- Brian G. Hutton (6 1/2)
Tom Horn,1980,d.- William Wiard (6 1/2)
The Mirror Crack’d,1980,(BR) d.- Guy Hamilton (6 1/2)
The Black Marble,1980,d.- Harold Becker (6 1/2)
Sitting Ducks,1980,d.- Henry Jaglom (6 1/2)
Permanent Vacation,1980,d.- Jim Jarmusch (6 1/2)
The Pilot,1980,d.- Cliff Robertson (6 1/2)
The Earthling,1980,(AUS-US) d.- Peter Collinson (6 1/2)
The Jazz Singer,1980,d.- Richard Fleischer (6 1/2)
Heart Beat,1980,d.- John Byrum (6 1/2)
Rough Cut,1980,d.- Don Siegel (6 1/2)
The Formula,1980,(US-GER) d.- John G. Avildsen (6 1/2)
Smokey and the Bandit II,1980,d.- Hal Needham (6 1/2)
Foolin’ Around,1980,d.- Richard T. Heffron (6 1/2)
Where the Buffalo Roam,1980,d.- Art Linson (6 1/2)
Middle Age Crazy,1980,(CAN-US) d.- John Trent (6 1/2)
The Watcher in the Woods,1980,(BR-US) d.- John Hough (6 1/2)
Fatso,1980,d.- Anne Bancroft (6 1/2)
Any Which Way You Can,1980,d.- Buddy Van Horn (6 1/2)
Cruising,1980,(US-GER) d.- William Friedkin (6 1/2)
Rising Damp,1980,(BR) d.- Joseph McGrath (6 1/2)
Windwalker,1980,d.- Kieth Merrill (6 1/2)
Prom Night,1980,d.- Paul Lynch (6 1/2)
Heaven’s Gate,1980,d.- Michael Cimino (6 1/2)
The Outsider,1980,d.- Tony Luraschi (6 1/2)
Harlequin,1980,(AUS) d.- Simon Wincer (6 1/2)
The Blue Lagoon,1980,d.- Randal Kleiser (6 1/2)
Rising Damp,1980,(BR) d.- Joseph McGrath (6 1/2)
Cheech & Chong’s Next Movie,1980,d.- Tommy Chong (6 1/2)
The Awakening,1980,(BR) d.- Mike Newell (6 1/2)
Mr. Patman,1980,(CAN) d.- John Guillermin (6 1/2)
Borderline,1980,d.- Jerrold Freedman (6)
Up the Academy,1980,d.- Robert Downey Sr. (6)
Roadie,1980,d.- Alan Rudolph (6)
Motel Hell,1980,d.- Kevin Connor (6)
The Watcher in the Woods,1980,(BR-US) d.- John Hough (6)
Why Would I Lie ?,1980,d.- Larry Peerce (6)
Oh Heavenly Dog,1980,d.- Joe Camp (6)
HealtH,1980,d.- Robert Altman (6)
Fade to Black,1980,d.- Vernon Zimmerman (6)
Forbidden Zone,1980,d.- Richard Elfman (6)
The Island,1980,d.- Michael Ritchie (6)
Night of the Juggler,1980,d.- Robert Butler (6)
The Hunter,1980,d.- Buzz Kulik (6 1/2)
A Small Circle of Friends,1980,d.- Rob Cohen (6)
He Knows You’re Alone,1980,d.- Armand Mastroianni (6)
The Boogeyman,1980,d.- Ulli Lommel (6)
Mother’s Day,1980,d.- Charles Kaufman (6)
Hawk the Slayer,1980,(BR) d.- Terry Marcel (5 1/2)
Simon,1980,d.- Marshall Brickman (5 1/2)
Raiders of the Lost Ark,1981,d.- Steven Spielberg (7)
On Golden Pond,1981,d.- Mark Rydell (7)
Excalibur,1981,(US-BR) d.- John Boorman (7)
Chariots of Fire,1981,(BR) d.- Hugh Hudson (7)
Reds,1981,d.- Warren Beatty (7)
Gallipoli,1981,(AUS) d.- Peter Weir (7)
Body Heat,1981,d.- Lawrence Kasdan (7)
The French Lieutenant's Woman,1981,d.- Karel Reisz (7)
Arthur,1981,d.- Steve Gordon (6 1/2)
Whose Life Is It Anyway ?,1981,d.- John Badham (6 1/2)
Gregory's Girl,1981,(SCOT) d.- Bill Forsyth (6 1/2)
Mad Max 2(The Road Warrior),1981,(AUS) d.- George Miller (6 1/2)
The Chosen,1981,d.- Jeremy Kagan (6 1/2)
Prince of the City,1981,d.- Sidney Lumet (6 1/2)
Ragtime,1981,d.- Milos Forman (6 1/2)
The Gods Must Be Crazy,1981,(BOTS-SA) d.- Jamie Uys (6 1/2)
Escape from New York,1981,d.- John Carpenter (6 1/2)
Blow-Out,1981,d.- Brian De Palma (6 1/2)
For Your Eyes Only,1981,(BR-US) d.- John Glen (6 1/2)
The Howling,1981,d.- Joe Dante (6 1/2)
Goodbye Pork Pie,1981,(NZ) d.- Geoff Murphy (6 1/2)
Eye of  the Needle,1981,d.- Richard Marquand (6 1/2)
My Dinner with Andre,1981,d.- Louis Malle (6 1/2)
Stripes,1981,d.- Ivan Reitman (6 1/2)
Raggedy Man,1981,d.- Jack Fisk (6 1/2)
Mommie Dearest,1981,d.- Frank Perry (6 1/2)
Southern Comfort,1981,(US-SW-BR) d.- Walter Hill (6 1/2)
Pennies from Heaven,1981,d.- Herbert Ross (6 1/2)
True Confessions,1981,d.- Ulu Grosbard (6 1/2)
Southern Comfort,1981,(US-SW-BR) d.- Walter Hill (6 1/2)
Quest For Fire,1981,(CAN-FR-US) d.- Jean Jacques-Annaud (6 1/2)
Cutter’s Way,1981,d.- Ivan Passer (6 1/2)
An American Werewolf in London,1981,(US-BR) d.- John Landis (6 1/2)
Modern Romance,1981,d.- Albert Brooks (6 1/2)
Thief,1981,d.- Michael Mann (6 1/2)
Time Bandits,1981,(BR) d.- Terry Gilliam (6 1/2)
Roadgames,1981,(AUS) d.- Richard Franklin (6 1/2)
Eyewitness,1981,d.- Peter Yates (6 1/2)
Victory,1981,d.- John Huston (6 1/2)
Death Hunt,1981,d.- Peter R. Hunt (6 1/2)
The Evil Dead,1981,d.- Sam Raimi (6 1/2)
The Four Seasons,1981,d.- Alan Alda (6 1/2)
The Incredible Shrinking Woman,1981,d.- Joel Schumacher (6 1/2)
S.O.B.,1981,d.- Blake Edwards (6 1/2)
Ticket to Heaven,1981,(CAN) d.- Ralph L. Thomas (6 1/2)
Dragonslayer,1981,d.- Matthew Robbins (6 1/2)
Lili Marleen,1981,(GER) d.- Rainer Warner Fassbinder (6 1/2)
Nighthawks,1981,d.- Bruce Malmuth (6 1/2)
Bad Blood,1981,(NZ-BR) d.- Mike Newell (6 1/2)
Silence of the North,1981,(CAN) d.- Allan King (6 1/2)
Outland,1981,(BR) d.- Peter Hyams (6 1/2)
Looker,1981,d.- Michael Crichton (6 1/2)
Smash Palace,1981,(NZ) d.- Roger Donaldson (6 1/2)
Winter of Our Dreams,1981,(AUS) d.- John Duigan (6 1/2)
Knightriders,1981,d.- George A. Romero (6 1/2)
The Postman Always Rings Twice,1981,(US-GER) d.- Bob Rafelson (6 1/2)
History of the World: Part I,1981,d.- Mel Brooks (6 1/2)
"Fort Apache, the Bronx",1981,d.- Daniel Petrie (6 1/2)
"Zorro, the Gay Blade",1981,d.- Peter Medak (6 1/2)
Clash of the Titans,1981,(BR) d.- Desmond Davis (6 1/2)
The Entity,1981,d.- Sidney J. Furie (6 1/2)
The Dogs of War,1981,(BR-US) d.- John Irvin (6 1/2)
Bad Blood,1981,(NZ-BR) d.- Mike Newell (6 1/2)
36 Chowringhee Lane,1981,(IND) d.- Aparna Sen (6 1/2)
Continental Divide,1981,d.- Michael Apted (6 1/2)
Dead & Buried,1981,d.- Gary Sherman (6 1/2)
Looks and Smiles,1981,(BR) d.- Ken Loach (6 1/2)
Ghost Story,1981,d.- John Irvin (6 1/2)
First Monday in October,1981,d.- Ronald Neame (6 1/2)
The Cannonball Run,1981,d.- Hal Needham (6 1/2)
Scanners,1981,(CAN) d.- David Cronenberg (6 1/2)
Shock Treatment,1981,d.- Jim Sharman (6 1/2)
The Great Muppet Caper,1981,d.- Jim Henson (6 1/2)
Americana,1981,d.- David Carradine (6 1/2)
Sharky’s Machine,1981,d.- Burt Reynolds (6 1/2)
Taps,1981,d.- Harold Becker (6 1/2)
Buddy Buddy,1981,d.- Billy Wilder (6 1/2)
The Amateur,1981,(CAN) d.- Charles Jarrott (6 1/2)
The Cannonball Run,1981,d.- Hal Needham (6 1/2)
My Bloody Valentine,1981,(CAN) d.- George Mihalka (6 1/2)
Priest of Love,1981,(BR) d.- Christopher Miles (6 1/2)
Back Roads,1981,d.- Martin Ritt (6 1/2)
Polyester,1981,d.- John Waters (6 1/2)
All Night Long,1981,d.- Jean-Claude Tramont (6 1/2)
Angel of Vengeance (Ms .45),1981,d.- Abel Ferrara (6 1/2)
Night Crossing,1981,(BR) d.- Delbert Mann (6 1/2)
The Great Muppet Caper,1981,d.- Jim Henson (6 1/2)
Wolfen,1981,d.- Michael Wadleigh (6 1/2)
"Ladies and Gentlemen, the Fabulous Stains",1981,(CAN) d.- Lou Adler (6 1/2)
Bustin’ Loose,1981,d.- Oz Scott (6 1/2)
The Final Conflict,1981,(BR-US) d.- Graham Baker (6 1/2)
They All Laughed,1981,d.- Peter Bogdanovich (6 1/2)
The Hand,1981,d.- Oliver Stone (6 1/2)
Four Friends,1981,d.- Arthur Penn (6 1/2)
Cattle Annie and Little Britches,1981,d.- Lamont Johnson (6 1/2)
Friday the 13th Part 2,1981,d.- Steve Miner (6 1/2)
Happy Birthday to Me,1981,(CAN) d.- J. Lee Thompson (6 1/2)
The Funhouse,1981,d.- Tobe Hooper (6 1/2)
Nice Dreams,1981,d.- Tommy Chong (6 1/2)
Hard Country,1981,d.- David Greene (6 1/2)
Honky Tonk Freeway,1981,(US-BR) d.- John Schlesinger (6 1/2)
Yesterday,1981,(CAN) d.- Larry Kent (6 1/2))
Rollover,1981,d.- Alan J. Pakula (6)
Deadly Blessing,1981,d.- Wes Craven (6)
The Prowler,1981,d.- Joseph Zito (6)
Yesterday,1981,(CAN) d.- Larry Kent (6)
High Risk,1981,(US-MEX-BR)d.- Stewart Raffill (6)
An Eye for an Eye,1981,d.- Steve Carver (6)
Venom,1981,(BR) d.- Piers Haggard (6)
Bustin’ Loose,1981,d.- Oz Scott (6)
Carbon Copy,1981,d.- Michael Schultz (6)
Just Before Dawn,1981,d.- Jeff Lieberman (5 1/2)
Hoodwink,1981,(AUS) d.- Claude Whatham (5 1/2)
Don’t Go in the Woods,1981,d.- James Bryan (5 1/2)
Gandhi,1982,(BR-IND) d.- Richard Attenborough (7)
E.T.: The Extra Terrestrial,1982,d.- Steven Spielberg (7)
Tootsie,1982,d.- Sydney Pollack (7)
Blade Runner,1982,d.- Ridley Scott (7)
The Verdict,1982,d.- Sidney Lumet (7)
Sophie's Choice,1982,d.- Alan J. Pakula (7)
Poltergeist,1982,d.- Tobe Hooper (7)
48 Hrs.,1982,d.- Walter Hill (7)
The World According to Garp,1982,d.- George Roy Hill (6 1/2)
Missing,1982,d.- Costa-Gavras (6 1/2)
Star Trek II: The Wrath of Khan,1982,d.- Nicholas Meyer (6 1/2)
The Year of Living Dangerously,1982,(AUS) d.- Peter Weir (6 1/2)
The Thing,1982,d.- John Carpenter (6 1/2)
My Favorite Year,1982,d.- Richard Benjamin (6 1/2)
An Officer and a Gentleman,1982,d.- Taylor Hackford (6 1/2)
Moonlighting,1982,(BR-GER) d.- Jerzy Skolimowski (6 1/2)
Conan the Barbarian,1982,d.- John Milius (6 1/2)
The Man from Snowy River,1982,(AUS) d.- (T.)George Miller  (6 1/2)
Fast Times at Ridgemont High,1982,d.- Amy Heckerling (6 1/2)
First Blood,1982,d.- Ted Kotcheff (6 1/2)
Barbarosa,1982,d.- Fred Schepisi (6 1/2)
Night Shift,1982,d.- Ron Howard (6 1/2)
Heatwave,1982,(AUS) d.- Phillip Noyce (6 1/2)
Cannery Row,1982,d.- David S. Ward (6 1/2)
The Wall,1982,(BR) d.- Alan Parker (6 1/2)
White Dog,1982,d.- Samuel Fuller (6 1/2)
Evil Under The Sun,1982,(BR) d.- Guy Hamilton (6 1/2)
Countryman,1982,(JAM) d.- Dickie Jobson (6 1/2)
Lonely Hearts,1982,(AUS) d.- Paul Cox (6 1/2)
Dead Men Don’t Wear Plaid,1982,d.- Carl Reiner (6 1/2)
The Border,1982,d.- Tony Richardson (6 1/2)
Tex,1982,d.- Tim Hunter (6 1/2)
We of the Never Never,1982,(AUS) d.- Igor Auzins (6 1/2)
Zoot Suit,1982,d.- Luis Valdez (6 1/2)
Out of the Blue,1982,(CAN) d.- Dennis Hopper (6 1/2)
The Missionary,1982,(BR) d.- Richard Loncraine (6 1/2)
Smithereens,1982,d.- Susan Seidelman (6 1/2)
Porky’s,1982,(CAN-US) d.- Bob Clark (6 1/2)
Out of the Blue,1982,(CAN) d.- Dennis Hopper (6 1/2)
Deathtrap,1982,d.- Sidney Lumet (6 1/2)
The Honkytonk Man,1982,d.- Clint Eastwood (6 1/2)
The Return of the Soldier,1982,(BR) d.- Alan Bridges (6 1/2)
Class of 1984,1982,(CAN) d.- Mark L. Lester (6 1/2)
Still of the Night,1982,d.- Robert Benton (6 1/2)
If You Could See What I Hear,1982,(CAN) d.- Eric Till (6 1/2)
The Highest Honor,1982,"(JAP-AUS) d.- Seiji Marayuma, Peter Maxwell (6 1/2)"
Angel,1982,(IRE-BR) d.- Neil Jordan (6 1/2)
Split Image,1982,(CAN-US) d.- Ted Kotcheff (6 1/2)
"Come Back to the Five and Dime, Jimmy Dean, Jimmy Dean",1982,d.- R. Altman (6 1/2)
Wrong is Right,1982,d.- Richard Brooks (6 1/2)
Starstruck,1982,(AUS) d.- Gillian Armstrong (6 1/2)
Chan Is Missing,1982,d.- Wayne Wang (6 1/2)
Hammett,1982,d.- Wim Wenders (6 1/2)
The Escape Artist,1982,d.- Caleb Deschanel (6 1/2)
The Best Little Whorehouse in Texas,1982,d.- Colin Higgins (6 1/2)
Tron,1982,(US-TAI) d.- Steven Lisberger (6 1/2)
"Harry Tracy, Desperado",1982,(CAN) d.- William A. Graham (6 1/2)
Endangered Species,1982,d.- Alan Rudolph (6 1/2)
Eating Raoul,1982,d.- Paul Bartel (6 1/2)
That Championship Season,1982,d.- Jason Miller (6 1/2)
The Slumber Party Massacre,1982,d.- Amy Holden Jones (6 1/2)
Annie,1982,d.- John Huston (6 1/2)
The Beastmaster,1982,(US-GER) d.- Don Coscarelli (6 1/2)
"Author, Author",1982,d.- Arthur Hiller (6 1/2)
Making Love,1982,d.- Arthur Hiller (6 1/2)
I Ought to Be in Pictures,1982,d.- Herbert Ross (6 1/2)
Young Doctors in Love,1982,d.- Garry Marshall (6 1/2)
Swamp Thing,1982,d.- Wes Craven (6 1/2)
Death Wish II,1982,d.- Michael Winner (6 1/2)
A Midsummer Night’s Sex Comedy,1982,d.- Woody Allen (6 1/2)
Some Kind of Hero,1982,d.- Michael Pressman (6 1/2)
Brimstone and Treacle,1982,(BR) d.- Richard Loncraine (6 1/2)
Ascendancy,1982,(BR) d.- Edward Bennett (61/2)
Next of Kin,1982,(AUS-NZ) d.- Tony Williams (6 1/2)
Six Pack,1982,d.- Daniel Petrie (6 1/2)
I’m Dancing as Fast as I Can,1982,d.- Jack Hofsiss (6 1/2)
Airplane II: The Sequel,1982,d.- Ken Finkleman (6 1/2)
The Toy,1982,d.- Richard Donner (6 1/2)
Trapped,1982,(CAN-US) d.- William Fruet (6 1/2)
Firefox,1982,d.- Clint Eastwood (6 1/2)
Melanie,1982,(CAN) d.- Rex Bromfield (6)
Sheena,1982,(BR-US) d.- John Guillermin (6)
Loveless,1982,"d.- Kathryn Bigelow, Monty Montgomery (6)"
Attack Force Z,1982,(AUS-TAI) d.- Tim Burstall (6)
The Challenge,1982,(US-JAP) d.- John Frankenheimer (6)
Cat People,1982,d.- Paul Schrader (6)
The Last American Virgin,1982,d.- Boaz Davidson (6)
Ascendancy,1982,(BR) d.- Edward Bennett (6)
Silent Rage,1982,d.- Michael Miller (6)
Alone in the Dark,1982,d.- Jack Sholder (6)
Fast-Walking,1982,d.- James B. Harris (6)
Friday the 13th Part III,1982,d.- Steve Miner (6)
Things Are Tough All Over,1982,d.- Thomas K. Avildsen (6)
Visiting Hours,1982,(CAN) d.- Jean-Claude Lord (6)
Q: The Winged Serpent,1982,d.- Larry Cohen (6)
Hard Feelings,1982,(CAN-US) d.- Daryl Duke (6)
Basket Case,1982,d.- Frank Henenlotter (5 1/2)
Terms of Endearment,1983,d.- James L. Brooks (7)
The Dresser,1983,(BR) d.- Peter Yates (7)
The Right Stuff,1983,d.- Philip Kaufman (7)
The Grey Fox,1983,(CAN) d.- Phillip Borsos (7)
The Christmas Story,1983,(US-CAN) d.- Bob Clark (7)
The Big Chill,1983,d.- Lawrence Kasdan (7)
Star Wars: Episode VI - The Return of the Jedi,1983,d.- Richard Marquand (6 1/2)
Scarface,1983,d.- Brian De Palma (6 1/2)
Local Hero,1983,(SCOT) d.- Bill Forsyth (6 1/2)
Betrayal,1983,(BR) d.- David Hugh Jones (6 1/2)
Silkwood,1983,d.- Mike Nichols (6 1/2)
Tender Mercies,1983,d.- Bruce Beresford (6 1/2)
Indiana Jones and the Temple of Doom,1983,d.- Steven Spielberg (6 1/2)
Diner,1983,d.- Barry Levinson (6 1/2)
Educating Rita,1983,(BR) d.- Lewis Gilbert (6 1/2)
Blood Simple,1983,d.- Joel Coen (6 1/2)
"Paris, Texas",1983,d.- Wim Wenders (6 1/2)
Trading Places,1983,d.- John Landis (6 1/2)
Zelig,1983,d.- Woody Allen (6 1/2)
Never Cry Wolf,1983,d.- Carroll Ballard (6 1/2)
The Dead Zone,1983,d.- David Cronenberg (6 1/2)
Heat and Dust,1983,(BR-IND) d.- James Ivory (6 1/2)
Merry Christmas Mr. Lawrence,1983,(BR- JAP-NZ) d.- Nagisa Oshima (6 1/2)
Man of Flowers,1983,(AUS) d.- Paul Cox (6 1/2)
Phar Lap,1983,(AUS) d.- Simon Wincer (6 1/2)
Testament,1983,d.- Lynne Littman (6 1/2)
WarGames,1983,d.- John Badham (6 1/2)
National Lampoon’s Vacation,1983,d.- Harold Ramis (6 1/2)
Under Fire,1983,d.- Roger Spottiswoode (6 1/2)
"Careful, He Might Hear You",1983,(AUS) d.- Carl Schultz (6 1/2)
Cross Creek,1983,d.- Martin Ritt (6 1/2)
Max Dugan Returns,1983,d.- Herbert Ross (6 1/2)
Heart Like a Wheel,1983,d.- Jonathan Kaplan (6 1/2)
Star 80,1983,d.- Bob Fosse (6 1/2)
Eddie and the Cruisers,1983,d.- Martin Davidson (6 1/2)
The Pirates of Penzance,1983,d.- Wilford Leach (6 1/2)
Something Wicked This Way Comes,1983,d.- Jack Clayton (6 1/2)
The King of Comedy,1983,d.- Martin Scorsese (6 1/2)
"Reuben, Reuben",1983,d.- Robert Ellis Miller (6 1/2)
The Outsiders,1983,d.- Francis Ford Coppola (6 1/2)
Daniel,1983,d.- Sidney Lumet (6 1/2)
Gorky Park,1983,d.- Michael Apted (6 1/2)
The Flamingo Kid,1983,d.- Garry Marshall (6 1/2)
Yentl,1983,(BR-US) d.- Barbra Streisand (6 1/2)
UTU,1983,(NZ) d.- Geoff Murphy (6 1/2)
Rumble Fish,1983,d.- Francis Ford Coppola (6 1/2)
Videodrome,1983,(CAN-US) d.- David Cronenberg (6 1/2)
Valley Girl,1983,d.- Martha Coolidge (6 1/2)
Sudden Impact,1983,d.- Clint Eastwood (6 1/2)
Bad Boys,1983,d.- Rick Rosenthal (6 1/2)
High Road to China,1983,(YUG-US) d.- Brian G. Hutton (6 1/2)
Dune,1983,d.- David Lynch (6 1/2)
Lianna,1983,d.- John Sayles (6 1/2)
Table for Five,1983,d.- Ron Lieberman (6 1/2)
My Brother’s Wedding,1983,d.- Charles Burnett (6 1/2)
Superman III,1983,(BR) d.- Richard Lester (6 1/2)
Get Crazy,1983,d.- Allan Arkush (6 1/2)
High Road to China,1983,(YUG-US) d.- Brian G. Hutton (6 1/2)
Never Say Never Again,1983,(BR-US-GER) d.- Irvin Kershner (6 1/2)
Krull,1983,(BR) d.- Peter Yates (6 1/2)
Risky Business,1983,d.- Paul Brickman (6 1/2)
Psycho II,1983,(BR-US) d.- Richard Franklin (6 1/2)
The Honorary Counsel,1983,(BR) d.- John Mackenzie (6 1/2)
Rocky III,1983,d.- Sylvester Stallone (6 1/2)
Flashdance,1983,d.- Adrian Lyne (6 1/2)
The Ploughman’s Lunch,1983,(BR) d.- Richard Eyre (6 1/2)
The Star Chamber,1983,d.- Peter Hyams (6 1/2)
Octopussy,1983,(BR-US) d.- John Glen (6 1/2)
The Osterman Weekend,1983,d.- Sam Peckinpah (6 1/2)
All the Right Moves,1983,d.- Michael Chapman (6 1/2)
The Man with Two Brains,1983,d.- Carl Reiner (6 1/2)
Breathless,1983,d.- Jim McBride (6 1/2)
The Keep,1983,d.- Michael Mann (6 1/2)
The Meaning of Life,1983,"(BR) d.- Terry Jones, Terry Gilliam (6 1/2)"
Lone Wolf McQuade,1983,d.- Steve Carver (6 1/2)
Blue Thunder,1983,d.- John Badham (6 1/2)
To Be or Not To Be,1983,d.- Alan Johnson (6 1/2)
Uncommon Valor,1983,d.- Ted Kotcheff (6 1/2)
Baby It’s You,1983,d.- John Sayles (6 1/2)
Without a Trace,1983,d.- Stanley R. Jaffe (6 1/2)
Mr. Mom,1983,d.- Stan Dragoti (6 1/2)
Doctor Detroit,1983,d.- Michael Pressman (6 1/2)
The Lords of Discipline,1983,d.- Franc Roddam (6 1/2)
Brainstorm,1983,d.- Douglas Trumbull (6 1/2)
10 to Midnight,1983,d.- J. Lee Thompson (6 1/2)
Christine,1983,d.- John Carpenter (6 1/2)
Class,1983,d.- Lewis John Carlino (6 1/2)
Deal of the Century,1983,d.- William Friedkin (6 1/2)
Mr. Mom,1983,d.- Stan Dragoti (6 1/2)
Get Crazy,1983,d.- Allan Arkush (6 1/2)
The Survivors,1983,d.- Michael Ritchie (6 1/2)
The Best of Times,1983,d.- Roger Spottiswoode (6 1/2)
Easy Money,1983,d.- Joe Signorelli (6 1/2)
Strange Invaders,1983,d.- Michael Laughlin (6 1/2)
Still Smokin,1983,d.- Tommy Chong (6 1/2)
Sole Survivor,1983,d.- Thom Eberhardt (6 1/2)
Cujo,1983,d.- Lewis Teague (6 1/2)
Tough Enough,1983,d.- Richard Fleischer (6 1/2)
Strange Brew*,1983,"(CAN-US) d.- Rick Moranis, Dave Thomas (6 1/2)"
Losin’ It,1983,(CAN-US) d.- Curtis Hanson (6 1/2)
Stations,1983,(CAN) d.- William D. MacGillivray (6 1/2)
Streamers,1983,d.- Robert Altman (6 1/2)
Julie Darling,1983,"(GER-CAN) d.- Paul Nicholas, Maurice Smith (6)"
Spacehunter: Adventures in the Forbidden Zone,1983,(CAN-US) d.- Lamont Johnson (6)
Walking the Edge,1983,d.- Norbert Meisel (6)
The Wars,1983,(CAN-GER) d.- Robin Phillips (6)
Julie Darling,1983,"(GER-CAN) d.- Paul Nicholas, Maurice Smith (6)"
Last Night at the Alamo,1983,d.- Eagle Pennell (6)
"Man, Woman and Child",1983,d.- Dick Richards (6)
Vigilante,1983,d.- William Lustig (6)
Enigma,1983,(BR-FR) d.- Jeannot Szwarc (6)
Night Warning,1983,d.- William Asher (6)
Nate and Hayes,1983,(US-NZ) d.- Ferdinand Fairfax (6)
Sleepaway Camp,1983,d.- Robert Hitzik (5 1/2)
Yellowbeard,1983,(BR) d.- Mel Damski (5)
Amadeus,1984,d.- Milos Forman (7)
The Killing Fields,1984,(BR) d.- Roland Joffe (7)
Once Upon a Time in America,1984,(IT-US) d.- Sergio Leone (7)
Places In the Heart,1984,d.- Robert Benton (7)
The Terminator,1984,d.- James Cameron (7)
Ghostbusters,1984,d.- Ivan Reitman (7)
A Soldier's Story,1984,d.- Norman Jewison (7)
A Passage to India,1984,(BR) d.- David Lean (6 1/2)
This Is Spinal Tap,1984,d.- Rob Reiner (6 1/2)
Broadway Danny Rose,1984,d.- Woody Allen (6 1/2)
Racing with the Moon,1984,d.- Richard Benjamin (6 1/2)
Love Streams,1984,d.- John Cassavettes (6 1/2)
Starman,1984,d.- John Carpenter (6 1/2)
Romancing the Stone,1984,d.- Robert Zemeckis (6 1/2)
The Cotton Club,1984,d.- Francis Ford Coppola (6 1/2)
Beverly Hills Cop,1984,d.- Martin Brest (6 1/2)
Stranger Than Paradise,1984,(US-GER) d.- Jim Jarmusch (6 1/2)
All of Me,1984,d.- Carl Reiner (6 1/2)
Sixteen Candles,1984,d.- John Hughes (6 1/2)
1984,1984,(BR) d.- Michael Radford (6 1/2)
The Bounty,1984,(BR-US) d.- Roger Donaldson (6 1/2)
The Stone Boy,1984,d.- Christopher Cain (6 1/2)
Repo Man,1984,d.- Alex Cox (6 1/2)
The Element of Crime,1984,(DEN) d.- Lars von Trier (6 1/2)
Birdy,1984,d.- Alan Parker (6 1/2)
Country Life,1984,(AUS) d.- Michael Blakemore (6 1/2)
The Never Ending Story,1984,(GER-US) d.- Wolfgang Peterson (6 1/2)
Choose Me,1984,d.- Alan Rudolph (6 1/2)
Streets of Fire,1984,d.- Walter Hill (6 1/2)
Under the Volcano,1984,d.- John Huston (6 1/2)
Splash,1984,d.- Ron Howard (6 1/2)
2010: The Year We Make Contact,1984,d.- Peter Hyams (6 1/2)
Love Letters,1984,d.- Amy Holden Jones (6 1/2)
Top Secret!,1984,"d.- Jim Abrahams, Jerry Zucker, David Zucker (6 1/2)"
The Brother from Another Planet,1984,d.- John Sayles (6 1/2)
Comfort and Joy,1984,(BR-SCOT) d.- Bill Forsyth (6 1/2)
The Company of Wolves,1984,(BR-US) d.- Neil Jordan (6 1/2)
The Karate Kid,1984,d.- John G. Avildsen (6 1/2)
The Pope of Greenwich Village,1984,d.- Stuart Rosenberg (6 1/2)
"Greystoke: The Legend of Tarzan, Lord of the Apes",1984,(BR) d.- Hugh Hudson (6 1/2)
Unfaithfully Yours,1984,d.- Howard Zieff (6 1/2)
Heartbreakers,1984,d.- Bobby Roth (6 1/2)
Mrs. Soffel,1984,d.- Gillian Armstrong (6 1/2)
Vigil,1984,(NZ) d.- Vincent Ward (6 1/2)
Moscow on the Hudson,1984,d.- Paul Mazursky (6 1/2)
Gremlins,1984,d.- Joe Dante (6 1/2)
Maria’s Lovers,1984,d.- Andrei Konchalovsky (6 1/2)
Star Trek III: The Search for Spock,1984,d.- Leonard Nimoy (6 1/2)
Dreamscape,1984,d.- Joseph Ruben (6 1/2)
Body Double,1984,d.- Brian De Palma (6 1/2)
Micki & Maude,1984,d.- Blake Edwards (6 1/2)
The Hit,1984,(BR) d.- Stephen Frears (6 1/2)
Irreconcilable Differences,1984,d.- Charles Shyer (6 1/2)
Champions,1984,(BR) d.- John Irvin (6 1/2)
Swing Shift,1984,d.- Jonathan Demme (6 1/2)
The River,1984,d.- Mark Rydell (6 1/2)
Footloose,1984,d.- Herbert Ross (6 1/2)
Cal,1984,(BR) d.- Pat O’Connor (6 1/2)
Another Country,1984,(BR) d.- Marek Kanievska (6 1/2)
Country,1984,d.- Richard Pearce (6 1/2)
The Muppets Take Manhattan,1984,(BR-US) d.- Frank Oz (6 1/2)
Johnny Dangerously,1984,d.- Amy Heckerling (6 1/2)
Crimes of Passion,1984,d.- Ken Russell (6 1/2)
Over the Brooklyn Bridge,1984,d.- Menahem Golan (6 1/2)
My First Wife,1984,(AUS) d.- Paul Cox (6 1/2)
The Woman in Red,1984,d.- Gene Wilder (6 1/2)
Mike’s Murder,1984,d.- James Bridges (6 1/2)
Songwriter,1984,d.- Alan Rudolph (6 1/2)
Tightrope,1984,d.- Richard Tuggle (6 1/2)
The Hotel New Hampshire,1984,(US-BR-CAN) d.- Tony Richardson (6 1/2)
Falling in Love,1984,d.- Ulu Grosbard (6 1/2)
Missing in Action,1984,d.- Joseph Zito (6 1/2)
The River Rat,1984,d.- Thomas Rickman (6 1/2)
Flashpoint,1984,d.- William Tannen (6 1/2)
Revenge of the Nerds,1984,d.- Jeff Kanew (6 1/2)
Harry & Son,1984,d.- Paul Newman (6 1/2)
Mass Appeal,1984,d.- Glenn Jordan (6 1/2)
Night of the Comet,1984,d.- Thom Eberhardt (6 1/2)
Against All Odds,1984,d.- Taylor Hackford (6 1/2)
Runaway,1984,d.- Michael Crichton (6 1/2)
The Lonely Guy,1984,d.- Arthur Hiller (6 1/2)
The Philadelphia Experiment,1984,d.- Stewart Raffill (6 1/2)
Teachers,1984,d.- Arthur Hiller (6 1/2)
Conan the Destroyer,1984,d.- Richard Fleischer (6 1/2)
Lassiter,1984,d.- Roger Young (6 1/2)
The Wild Duck,1984,(AUS) d.- Henri Safran (6 1/2)
Red Dawn,1984,d.- John Milius (6 1/2)
The Bostonians,1984,(BR-US) d.- James Ivory (6 1/2)
The Last Starfighter,1984,d.- Nick Castle (6 1/2)
The Ice Pirates,1984,d.- Stewart Raffill (6 1/2)
Reckless,1984,d.- James Foley (6 1/2)
Annie’s Coming Out,1984,(AUS) d.- Gil Brealey (6 1/2)
City Heat,1984,d.- Richard Benjamin (6 1/2)
The Wild Duck,1984,(AUS) d.- Henri Safran (6 1/2)
Eureka,1984,(BR-US) d.- Nicolas Roeg (6 1/2)
Sam’s Son,1984,d.- Michael Landon (6 1/2)
Blame It On Rio,1984,d.- Stanley Donen (6 1/2)
Rhinestone,1984,d.- Bob Clark (6 1/2)
Memed My Hawk,1984,(YUG-BR) d.- Peter Ustinov (6 1/2)
Garbo Talks,1984,d.- Sidney Lumet (6 1/2)
Oh God! You Devil,1984,d.- Paul Bogart (6 1/2)
"Silent Night, Deadly Night",1984,"d.- Charles E. Sellier, Jr. (6 1/2)"
Bay Boy,1984,(CAN) d.- Daniel Petrie (6 1/2)
Firestarter,1984,d.- Mark L. Lester (6 1/2)
Razorback,1984,(AUS) d.- Russell Mulcahy (6 1/2)
Cheech & Chong’s The Corsican Brothers,1984,d.- Tommy Chong (6 1/2)
Iceman,1984,d.- Fred Schepisi (6 1/2)
Bachelor Party,1984,d.- Neal Israel (6 1/2)
Razor’s Edge,1984,d.- John Byrum (6 1/2)
The Evil that Men Do,1984,(MEX-US) d.- J. Lee Thompson (6 1/2)
American Dreamer,1984,d.- Rick Rosenthal (6 1/2)
Purple Rain,1984,d.- Albert Magnoli (6 1/2)
A Flash of Green,1984,d.- Victor Nunez (6 1/2)
The Adv. of Buckaroo Banzai Across the 8th Dimension,1984,d.- W. D. Richter (6 1/2)
Beat Street,1984,d.- Stan Lathan (6 1/2)
The Wild Life,1984,d.- Art Linson (6)
A Private Function,1984,(BR) d.- Malcolm Mowbray (6)
Toy Soldiers,1984,(US-MEX) d.- David Fisher (6)
Next of Kin,1984,(CAN) d.- Atom Egoyan (6)
Electric Dreams,1984,(US-BR) d.- Steve Barron (6)
C.H.U.D.,1984,d.- Douglas Cheek (6)
Finders Keepers,1984,d.- Richard Lester (6)
Cloak & Dagger,1984,d.- Richard Franklin (6)
Perfect Strangers,1984,d.- Larry Cohen (6)
Savage Streets,1984,d.- Danny Steinmann (6)
Out of Africa,1985,d.- Sydney Pollack (7)
The Color Purple,1985,d.- Steven Spielberg (7)
Back to the Future,1985,d.- Robert Zemeckis (7)
Kiss of the Spider Woman,1985,(BRAZ-US) d.- Hector Babenco (6 1/2)
Witness,1985,d.- Peter Weir (6 1/2)
The Purple Rose of Cairo,1985,d.- Woody Allen (6 1/2)
The Breakfast Club,1985,d.- John Hughes (6 1/2)
Brazil,1985,(BR) d.- Terry Gilliam (6 1/2)
Runaway Train,1985,d.- Andrei Konchalovsky (6 1/2)
Mask,1985,d.- Peter Bogdanovich (6 1/2)
Silverado,1985,d.- Lawrence Kasdan (6 1/2)
The Journey of Natty Gann,1985,d.- Jeremy Kagan (6 1/2)
The Trip to Bountiful,1985,d.- Peter Masterson (6 1/2)
My Beautiful Laundrette,1985,(BR) d.- Stephen Frears (6 1/2)
Prizzi's Honor,1985,d.- John Huston (6 1/2)
A Nightmare on Elm Street,1985,d.- Wes Craven (6 1/2)
Sweet Dreams,1985,d.- Karel Reisz (6 1/2)
Letter to Brezhnev,1985,(BR) d.- Chris Bernard (6 1/2)
Defence of the Realm,1985,(BR) d.- David Drury (6 1/2)
After Hours,1985,d.- Martin Scorsese (6 1/2)
Pee-wee’s Big Adventure,1985,d.- Tim Burton (6 1/2)
Cocoon,1985,d.- Ron Howard (6 1/2)
The Quiet Earth,1985,(NZ) d.- Geoff Murphy (6 1/2)
To Live and Die in L.A.,1985,d.- William Friedkin (6 1/2)
The Falcon and the Snowman,1985,d.- John Schlesinger (6 1/2)
Year of the Dragon,1985,d.- Michael Cimino (6 1/2)
Lost in America,1985,d.- Albert Brooks (6 1/2)
The Goonies,1985,d.- Richard Donner (6 1/2)
Pale Rider,1985,d.- Clint Eastwood (6 1/2)
Agnes of God,1985,d.- Norman Jewison (6 1/2)
Joshua Then and Now,1985,(CAN) d.- Ted Kotcheff (6 1/2)
Marie,1985,d.- Roger Donaldson (6 1/2)
Emerald Forest,1985,(BR) d.- John Boorman (6 1/2)
Trouble in Mind,1985,d.- Alan Rudolph (6 1/2)
Fletch,1985,d.- Michael Ritchie (6 1/2)
One Magic Christmas,1985,(CAN-US) d.- Phillip Borsos (6 1/2)
Commando,1985,d.- Mark L. Lester (6 1/2)
Murphy’s Romance,1985,d.- Martin Ritt (6 1/2)
The Coca-Cola Kid,1985,(AUS) d.- Dusan Makavejev (6 1/2)
Desperately Seeking Susan,1985,d.- Susan Seidelman (6 1/2)
A Zed and Two Noughts,1985,(BR-NETH) d.- Peter Greenaway (6 1/2)
Eleni,1985,d.- Peter Yates (6 1/2)
Young Sherlock Holmes,1985,d.- Barry Levinson (6 1/2)
Dance with a Stranger,1985,(BR) d.- Mike Newell (6 1/2)
Wetherby,1985,(BR) d.- David Hare (6 1/2)
Dreamchild,1985,(BR) d.- Gavin Millar (6 1/2)
Came a Hot Friday,1985,(NZ) d.- Ian Mune (6 1/2)
Legend,1985,(BR) d.- Ridley Scott (6 1/2)
Desert Hearts,1985,d.- Donna Deitch (6 1/2)
Smooth Talk,1985,(BR-US) d.- Joyce Chopra (6 1/2)
Bliss,1985,(AUS) d.- Ray Lawrence (6 1/2)
Twice in a Lifetime,1985,d.- Bud Yorkin (6 1/2)
The Sure Thing,1985,d.- Rob Reiner (6 1/2)
Fright Night,1985,d.- Tom Holland (6 1/2)
St. Elmo’s Fire,1985,d.- Joel Schumacher (6 1/2)
Ladyhawke,1985,d.- Richard Donner (6 1/2)
Real Genius,1985,d.- Martha Coolidge (6 1/2)
Mad Max Beyond Thunderdome,1985,"(AUS-US) d.- George Miller, George Ogilvie (6 1/2)"
Clue,1985,d.- Jonathan Lynn (6 1/2)
The Shooting Party,1985,(BR) d.- Alan Bridges (6 1/2)
American Flyers,1985,d.- John Badham (6 1/2)
Insignificance,1985,(BR) d.- Nicolas Roeg (6 1/2)
Jagged Edge,1985,d.- Richard Marquand (6 1/2)
Code of  Silence,1985,d.- Andrew Davis (6 1/2)
Lifeforce,1985,(BR) d.- Tobe Hooper (6 1/2)
Latino,1985,d.- Haskell Wexler (6 1/2)
Steaming,1985,(BR) d.- Joseph Losey (6 1/2)
Into the Night,1985,d.- John Landis (6 1/2)
The Jewel of the Nile,1985,d.- Lewis Teague (6 1/2)
Rhustlers’ Rhapsody,1985,d.- Hugh Wilson (6 1/2)
The Good Father,1985,(BR) d.- Mike Newell (6 1/2)
Secret Honor,1985,d.- Robert Altman (6 1/2)
Rambo: First Blood Part II,1985,d.- George P. Cosmatos (6 1/2)
White Nights,1985,d.- Taylor Hackford (6 1/2)
Crime Wave,1985,(CAN) d.- John Paizs (6 1/2)
The Return of the Living Dead,1985,d.- Dan O’Bannon (6 1/2)
D.A.R.Y.L.,1985,(BR-US) d.- Simon Wincer (6 1/2)
Enemy Mine,1985,d.- Wolfgang Peterson (6 1/2)
The Mean Season,1985,d.- Phillip Borsos (6 1/2)
Santa Claus,1985,(BR-US) d.- Jeannot Szwarc (6 1/2)
Fandango,1985,d.- Kevin Reynolds (6 1/2)
Just One of the Guys,1985,d.- Lisa Gottlieb (6 1/2)
Re-Animator,1985,d.- Stuart Gordon (6 1/2)
Warning Sign,1985,d.- Hal Barwood (6 1/2)
Cat’s Eye,1985,d.- Lewis Teague (6 1/2)
Weird Science,1985,d.- John Hughes (6 1/2)
Turk 182!,1985,d.- Bob Clark (6 1/2)
Flesh+Blood,1985,(SP-US-NETH) d.- Paul Vorhoeven (6 1/2)
Red Sonja,1985,(NETH-US) d.- Richard Fleischer (6 1/2)
The Legend of Billie Jean,1985,d.- Matthew Robbins (6 1/2)
Rocky IV,1985,d.- Sylvester Stallone (6 1/2)
A Chorus Line,1985,d.- Richard Attenborough (6 1/2)
Explorers,1985,d.- Joe Dante (6 1/2)
European Vacation,1985,d.- Amy Heckerling (6 1/2)
A View to a Kill,1985,(BR-US) d.- John Glen (6 1/2)
Remo Williams: The Adventure Begins,1985,d.- Guy Hamilton (6 1/2)
Spies Like Us,1985,d.- John Landis (6 1/2)
The Holcroft Covenant,1985,(BR) d.- John Frankenheimer (6 1/2)
The Angelic Conversation,1985,(BR) d.- Derek Jarman (6 1/2)
Vision Quest,1985,d.- Harold Becker (6 1/2)
Target,1985,d.- Arthur Penn (6 1/2)
Dance With a Stranger,1985,(BR) d.- Mike Newell (6 1/2)
Explorers,1985,d.- Joe Dante (6 1/2)
Teen Wolf,1985,d.- Rod Daniel (6 1/2)
Return to Waterloo,1985,(BR) d.- Ray Davies (6 1/2)
Return to Waterloo,1985,(BR) d.- Ray Davies (6 1/2)
The Doctor and the Devils,1985,(BR-US) d.- Freddie Francis (6 1/2)
Saving Grace,1985,d.- Robert M. Young (6 1/2)
Maxie,1985,d.- Paul Aaron (6 1/2)
Plenty,1985,(BR-US) d.- Fred Schepisi (6 1/2)
Day of the Dead,1985,d.- George A. Romero (6 1/2)
Gotcha!,1985,d.- Jeff Kanew (6 1/2)
The Man with One Red Shoe,1985,d.- Stan Dragoti (6 1/2)
The Bride,1985,(BR-US) d.- Franc Roddam (6 1/2)
Brewster’s Millions,1985,d.- Walter Hill (6 1/2)
Better Off Dead…,1985,d.- Savage Steve Holland (6 1/2)
Compromising Positions,1985,d.- Frank Perry (6 1/2)
Volunteers,1985,d.- Nicholas Meyer (6 1/2)
Silver Bullet,1985,d.- Daniel Attias (6 1/2)
The Boys Next Door,1985,d.- Penelope Spheeris (6 1/2)
UFOria,1985,d.- John Binder (6 1/2)
Mischief,1985,d.- Mel Damski (6 1/2)
Missing in Action 2: The Beginning,1985,d.- Lance Hool (6)
Krush Groove,1985,d.- Michael Schultz (6)
A Nightmare on Elm Street 2: Freddy’s Revenge,1985,d.- Jack Sholder (6)
King Solomon’s Mines,1985,d.- J. Lee Thompson (6)
Heaven Help Us,1985,d.- Michael Dinner (6)
Mr. Wrong,1985,(NZ) d.- Gaylene Preston (6)
Trancers,1985,d.- Charles Band (6)
The Protector,1985,(CHI-US) d.- James Glickenhaus (6)
Water,1985,(BR) d.- Dick Clement (6)
Once Bitten,1985,d.- Howard Storm (6)
Zone Troopers,1985,d.- Danny Bilson (6)
Return to Oz,1985,(BR-US) d.- Walter Murch (6)
Lust in the Dust,1985,d.- Paul Bartel (6)
The Stuff,1985,d.- Larry Cohen (6)
Private Resort,1985,d.- George Bowers (5 1/2)
Platoon,1986,d.- Oliver Stone (7)
A Room with a View,1986,(BR) d.- James Ivory (7)
Hannah and Her Sisters,1986,d.- Woody Allen (7)
Aliens,1986,(US-BR) d.- James Cameron (7)
Stand By Me,1986,d.- Rob Reiner ( 7)
Ferris Bueller’s Day Off,1986,d.- John Hughes (7)
Children of a Lesser God,1986,d.- Randa Haines (6 1/2)
Mona Lisa,1986,(BR) d.- Neil Jordan (6 1/2)
Down By Law,1986,(US-GER) d.- Jim Jarmusch (6 1/2)
Blue Velvet,1986,d.- David Lynch (6 1/2)
The Color of Money,1986,d.- Martin Scorsese (6 1/2)
Ruthless People,1986,"d.- Jim Abrahams, Jerry Zucker, David Zucker (6 1/2)"
The Mission,1986,(BR) d.- Roland Joffe (6 1/2)
Manhunter,1986,d.- Michael Mann (6 1/2)
Crocodile Dundee,1986,(AUS) d.- Peter Faiman (6 1/2)
Salvador,1986,d.- Oliver Stone (6 1/2)
River's Edge,1986,d.- Tim Hunter (6 1/2)
Sid and Nancy,1986,(BR-US) d.- Alex Cox (6 1/2)
Top Gun,1986,d.- Tony Scott (6 1/2)
Hoosiers,1986,d.- David Anspaugh (6 1/2)
84 Charing Cross Road,1986,(BR) d.- David Hugh Jones (6 1/2)
Turtle Diary,1986,(BR) d.- John Irvin (6 1/2)
Malcolm,1986,(AUS) d.- Nadia Tass (6 1/2)
Crimes of the Heart,1986,d.- Bruce Beresford (6 1/2)
Labrynth,1986,(BR-US) d.- Jim Henson (6 1/2)
Peggy Sue Got Married,1986,d.- Francis Ford Coppola (6 1/2)
Star Trek IV: The Voyage Home,1986,d.- Leonard Nimoy (6 1/2)
Lady Jane,1986,(BR) d.- Trevor Nunn (6 1/2)
Pretty in Pink,1986,d.- Howard Deutch (6 1/2)
For Love Alone,1986,(AUS) d.- Stephen Wallace (6 1/2)
Little Shop of Horrors,1986,d.- Frank Oz (6 1/2)
Clockwise,1986,(BR) d.- Christopher Morahan (6 1/2)
F/X,1986,d.- Robert Mandel (6 1/2)
The Name of The Rose,1986,(FR-IT-GER) d.- Jean-Jacques Annaud (6 1/2)
About Last Night,1986,d.- Edward Zwick (6 1/2)
Mosquito Coast,1986,d.- Peter Weir (6 1/2)
Flight of the Navigator,1986,(US-NOR) d.- Randall Kleiser (6 1/2)
Down and Out in Beverly Hills,1986,d.- Paul Mazursky (6 1/2)
The Fly,1986,d.- David Cronenberg (6 1/2)
Round Midnight,1986,(US-FR) d.- Bertrand Tavernier (6 1/2)
Highlander,1986,d.- Russell Mulcahy (6 1/2)
Loyalties,1986,(CAN-BR) d.- Anne Wheeler (6 1/2)
Where the River Runs Black,1986,d.- Christopher Cain (6 1/2)
Running Scared,1986,d.- Peter Hyams (6 1/2)
At Close Range,1986,d.- James Foley (6 1/2)
The Morning After,1986,d.- Sidney Lumet (6 1/2)
Death of a Soldier,1986,(AUS) d.- Philippe Mora (6 1/2)
Big Trouble in Little China,1986,d.- John Carpenter (6 1/2)
The Whistle Blower,1986,(BR) d.- Simon Langton (6 1/2)
Caravaggio,1986,(BR) d.- Derek Jarman (6 1/2)
The Golden Child,1986,d.- Michael Ritchie (6 1/2)
Cactus,1986,(AUS) d.- Paul Cox (6 1/2)
She's Gotta Have It,1986,d.- Spike Lee (6 1/2)
Desert Bloom,1986,d.- Eugene Corr (6 1/2)
True Stories,1986,d.- David Byrne (6 1/2)
Kangaroo,1986,(AUS) d.- Tim Burstall (6 1/2)
The Boy Who Could Fly,1986,d.- Nick Castle (6 1/2)
Duet for One,1986,d.- Andrei Konchalovsky (6 1/2)
Brighton Beach Memoirs,1986,d.- Gene Saks (6 1/2)
No Mercy,1986,d.- Richard Pearce (6 1/2)
Wildcats,1986,d.- Michael Ritchie (6 1/2)
52 Pick-Up,1986,d.- John Frankenheimer (6 1/2)
Legal Eagles,1986,d.- Ivan Reitman (6 1/2)
Lamb,1986,(BR) d.- Colin Gregg (6 1/2)
Parting Glances,1986,d.- Bill Sherwood (6 1/2)
The Money Pit,1986,d.- Richard Benjamin (6 1/2)
Native Son,1986,d.- Jerrold Freeman (6 1/2)
Heartburn,1986,d.- Mike Nichols (6 1/2)
"The Karate Kid, Part II",1986,d.- John G. Avildsen (6 1/2)
Heartbreak Ridge,1986,d.- Clint Eastwood (6 1/2)
Sweet Liberty,1986,d.- Alan Alda (6 1/2)
Lost!,1986,(CAN) d.- Peter Rowe (6 1/2)
Black Moon Rising,1986,d.- Harley Cokliss (6 1/2)
Legal Eagles,1986,d.- Ivan Reitman (6 1/2)
Legal Eagles,1986,d.- Ivan Reitman (6 1/2)
Gung Ho,1986,d.- Ron Howard (6 1/2)
Belizaire the Cajun,1986,d.- Glen Pitre (6 1/2)
Back to School,1986,d.- Alan Metter (6 1/2)
The Hitcher,1986,d.- Robert Harmon (6 1/2)
Seize the Day,1986,d.- Fielder Cook (6 1/2)
Cobra,1986,d.- George P. Cosmatos (6 1/2)
One Crazy Summer,1986,d.- Savage Steve Holland (6 1/2)
Working Girls,1986,d.- Lizzie Borden (6 1/2)
Critters,1986,d.- Stephen Herek (6 1/2)
Tough Guys,1986,d.- Jeff Kanew (6 1/2)
Short Circuit,1986,d.- John Badham (6 1/2)
Native Son,1986,d.- Jerrold Freedman (6 1/2)
The Climb,1986,(CAN) d.- Donald Shebib (6 1/2)
Absolute Beginners,1986,(BR) d.- Julien Temple (6 1/2)
Haunted Honeymoon,1986,d.- Gene Wilder (6 1/2)
Half-Moon Street,1986,(BR-US) d.- Bob Swaim (6 1/2)
"‘night, Mother",1986,d.- Tom Moore (6 1/2)
Three Amigos!,1986,d.- John Landis (6 1/2)
Wise Guys,1986,d.- Brian De Palma (6 1/2)
Armed and Dangerous,1986,d.- Mark L. Lester (6 1/2)
Crossroads,1986,d.- Walter Hill (6 1/2)
The Delta Force,1986,(US-IS) d.- Menahem Golan (6 1/2)
Gothic,1986,(BR) d.- Ken Russell (6 1/2)
Nothing In Common,1986,d.- Garry Marshall (6 1/2)
Power,1986,d.- Sidney Lumet (6 1/2)
"Jo Jo Dancer, Your Life is Calling",1986,d.- Richard Pryor (6 1/2)
The Manhattan Project,1986,d.- Marshall Brickman (6 1/2)
Jumpin’ Jack Flash,1986,d.- Penny Marshall (6 1/2)
Big Trouble,1986,d.- John Cassavettes (6 1/2)
Extremities,1986,d.- Robert M. Young (6 1/2)
Deadly Friend,1986,d.- Wes Craven (6 1/2)
9 1/2 Weeks,1986,d.- Adrian Lyne (6 1/2)
Red Headed Stranger,1986,d.- William D. Wittliff (6 1/2)
"Jo Jo Dancer, Your Life is Calling",1986,d.- Richard Pryor (6 1/2)
8 Million Ways to Die,1986,d.- Hal Ashby (6 1/2)
Murphy’s Law,1986,d.- J. Lee Thompson (6 1/2)
That’s Life,1986,d.- Blake Edwards (6 1/2)
Allan Quatermain and the Lost City of Gold,1986,d.- Gary Nelson (6 1/2)
Place of Weeping,1986,(SA) d.- Darrell Roodt (6 1/2)
Bridge to Nowhere,1986,(NZ) d.- Ian Mune (6 1/2)
That’s Life,1986,d.- Blake Edwards (6 1/2)
Eat the Peach,1986,(IRE-BR) d.- Peter Ormrod (6 1/2)
The Wraith,1986,d.- Mike Marvin (6 1/2)
From Beyond,1986,d.- Stuart Gordon (6 1/2)
"Rita, Sue and Bob Too",1986,(BR) d.- Alan Clarke (6)
Club Paradise,1986,d.- Harold Ramis (6)
Poltergeist II: The Other Side,1986,d.- Brian Gibson (6)
Band of the Hand,1986,d.- Paul Michael Glaser (6)
Police Academy 3: Back in Training,1986,d.- Jerry Paris (6)
Invaders from Mars,1986,d.- Tobe Hooper (6)
Wanted: Dead or Alive,1986,d.- Gary Sherman (6)
Trick or Treat,1986,d.- Charles Martin Smith (6)
Firewalker,1986,d.- J. Lee Thompson (6)
Ghost Warrior,1986,d.- J. Larry Carroll (6)
Nomads,1986,d.- John McTiernan (6)
Ratboy,1986,d.- Sondra Locke (5 1/2)
The Untouchables,1987,d.- Brian De Palma (7)
The Last Emperor,1987,(IT) d.- Bernardo Bertolucci (7)
Moonstruck,1987,d.- Norman Jewison (7)
Hope and Glory,1987,(BR) d.- John Boorman (7)
The Princess Bride,1987,d.- Rob Reiner (7)
Full Metal Jacket,1987,(BR-US) d.- Stanley Kubrick (7)
Matewan,1987,d.- John Sayles (7)
Wall Street,1987,d.- Oliver Stone (7)
Vincent,1987,(AUS) d.- Paul Cox (7)
Fatal Attraction,1987,d.- Adrian Lyne (7)
Broadcast News,1987,d.- James L. Brooks (6 1/2)
Prick Up Your Ears,1987,(BR) d.- Stephen Frears (6 1/2)
Empire of the Sun,1987,d.- Steven Spielberg (6 1/2)
Withnail and I,1987,(BR) d.- Bruce Robinson (6 1/2)
The Lonely Passion of Judith Hearne,1987,(BR) d.- Jack Clayton (6 1/2)
Out of Rosenheim (Bagdad Café) (GER-US),1987,d.- Percy Adlon (6 1/2)
House of Games,1987,d.- David Mamet (6 1/2)
The Glass Menagerie,1987,d.- Paul Newman (6 1/2)
Lethal Weapon,1987,d.- Richard Donner (6 1/2)
High Tide,1987,(AUS) d.- Gillian Armstrong (6 1/2)
"Planes, Trains and Automobiles",1987,d.- John Hughes (6 1/2)
The Big Easy,1987,d.- Jim McBride (6 1/2)
The Last Temptation of Christ,1987,d.- Martin Scorsese (6 1/2)
Cry Freedom,1987,(BR) d.- Richard Attenborough (6 1/2)
Ironweed,1987,d.- Hector Babenco (6 1/2)
Gaby: A True Story,1987,d.- Luis Mandoki (6 1/2)
Raising Arizona,1987,d.- Joel Coen (6 1/2)
The Whales of August,1987,d.- Lindsay Anderson (6 1/2)
No Way Out,1987,d.- Roger Donaldson (6 1/2)
Predator,1987,d.- John McTiernan (6 1/2)
La Bamba,1987,d.- Luis Valdez (6 1/2)
Shame,1987,(AUS) d.- Steve Jodrell (6 1/2)
Roxanne,1987,d.- Fred Schepisi (6 1/2)
The Dead,1987,d.- John Huston (6 1/2)
The Year My Voice Broke,1987,(AUS) d.- John Duigan (6 1/2)
Dirty Dancing,1987,d.- Emile Ardolino (6 1/2)
Barfly,1987,d.- Barbet Schroeder (6 1/2)
Maurice,1987,(BR) d.- James Ivory (6 1/2)
Swimming to Cambodia,1987,d.- Jonathan Demme (6 1/2)
RoboCop,1987,d.- Paul Verhoeven (6 1/2)
Someone to Watch Over Me,1987,d.- Ridley Scott (6 1/2)
Baby Boom,1987,d.- Charles Shyer (6 1/2)
Angel Heart,1987,d.- Alan Parker (6 1/2)
Drowning by Numbers,1987,(BR-NETH) d.- Peter Greenaway (6 1/2)
Overboard,1987,d.- Garry Marshall (6 1/2)
Stakeout,1987,d.- John Badham (6 1/2)
Travelling North,1987,(AUS) d.- Carl Schultz (6 1/2)
Tin Men,1987,d.- Barry Levinson (6 1/2)
The Witches of Eastwick,1987,d.- George Miller (6 1/2)
Radio Days,1987,d.- Woody Allen (6 1/2)
Nuts,1987,d.- Martin Ritt (6 1/2)
Some Kind of Wonderful,1987,d.- Howard Deutch (6 1/2)
I’ve Heard the Mermaids Singing,1987,(CAN) d.- Patricia Rozema (6 1/2)
Weeds,1987,d.- John D. Hancock (6 1/2)
Orphans,1987,d.- Alan J. Pakula (6 1/2)
A Prayer for the Dying,1987,d.- Mike Hodges (6 1/2)
The Lost Boys,1987,d.- Joel Schumacher (6 1/2)
The Living Daylights,1987,(BR-US) d.- John Glen (6 1/2)
The Bedroom Window,1987,d.- Curtis Hanson (6 1/2)
Evil Dead II,1987,d.- Sam Raimi (6 1/2)
Suspect,1987,d.- Peter Yates (6 1/2)
My American Cousin,1987,(CAN) d.- Sandy Wilson (6 1/2)
The Square Dance,1987,d.- Daniel Petrie (6 1/2)
Three O’Clock High,1987,d.- Phil Joanou (6 1/2)
The Stick,1987,(SA) d.- Darrell Roodt (6 1/2)
Hollywood Shuffle,1987,d.- Robert Townsend (6 1/2)
Hamburger Hill,1987,d.- John Irvin (6 1/2)
Made in Heaven,1987,d.- Alan Rudolph (6 1/2)
Beverly Hills Cop II,1987,d.- Tony Scott (6 1/2)
The Stepfather,1987,(BR-US) d.- Joseph Ruben (6 1/2)
Extreme Prejudice,1987,d.- Walter Hill (6 1/2)
Made in Heaven,1987,d.- Alan Rudolph (6 1/2)
The Believers,1987,d.- John Schlesinger (6 1/2)
Shy People,1987,d.- Andrei Konchalovsky (6 1/2)
The Secret of My Succe$s,1987,d.- Herbert Ross (6 1/2)
White Mischief,1987,(BR-KEN) d.- Michael Radford (6 1/2)
Spaceballs,1987,d.- Mel Brooks (6 1/2)
The Lighthorsemen,1987,(AUS) d.- Simon Wincer (6 1/2)
The Year My Voice Broke,1987,(AUS) d.- John Duigan (6 1/2)
September,1987,d.- Woody Allen (6 1/2)
Starlight Hotel,1987,(NZ) d.- Sam Pillsbury (6 1/2)
Three Men and a Baby,1987,d.- Leonard Nimoy (6 1/2)
The Education of Little Tree,1987,d.- Richard Friedenberg (6 1/2)
Innerspace,1987,d.- Joe Dante (6 1/2)
Outrageous Fortune,1987,d.- Arthur Hiller (6 1/2)
Best Seller,1987,d.- John Flynn (6 1/2)
Making Mr. Right,1987,d.- Susan Seidelman (6 1/2)
Nadine,1987,d.- Robert Benton (6 1/2)
Bellman and True,1987,(BR) d.- Richard Loncraine (6 1/2)
Sammy and Rosie Get Laid,1987,(BR) d.- Stephen Frears (6 1/2)
The Hidden,1987,d.- Jack Sholder (6 1/2)
Promised Land,1987,d.- Michael Hoffmann (6 1/2)
Ground Zero,1987,"(AUS) d.- Bruce Myles, Michael Pattinson (6 1/2)"
The Belly of an Architect,1987,(BR-IT) d.- Peter Greenaway (6 1/2)
Dead of Winter,1987,d.- Arthur Penn (6 1/2)
A Nightmare on Elm Street 3: Dream Warriors,1987,d.- Chuck Russell (6 1/2)
Black Widow,1987,d.- Bob Rafelson (6 1/2)
China Girl,1987,d.- Abel Ferrara (6 1/2)
Light of Day,1987,d.- Paul Schrader (6 1/2)
Lionheart,1987,(HUN-US) d.- Franklin J. Schaffner (6 1/2)
Adventures In Babysitting,1987,d.- Chris Columbus (6 1/2)
Prince of Darkness,1987,d.- John Carpenter (6 1/2)
Gardens of Stone,1987,d.- Francis Ford Coppola (6 1/2)
Five Corners,1987,(BR-US) d.- Tony Bill (6 1/2)
Born in East L. A.,1987,d.- Cheech Marin (6 1/2)
Near Dark,1987,d.- Kathryn Bigelow (6 1/2)
The Running Man,1987,d.- Paul Michael Glaser (6 1/2)
Street Smart,1987,d.- Jerry Schatzberg (6 1/2)
The Good Wife,1987,(AUS) d.- Ken Cameron (6 1/2)
A Month in the Country,1987,(BR) d.- Pat O’Connor (6 1/2)
And Then You Die,1987,(CAN) d.- Francis Mankiewicz (6 1/2)
White of the Eye,1987,(BR) d.- Donald Cammell (6 1/2)
Wish You Were Here,1987,(BR) d.- David Leland (6 1/2)
Malone,1987,d.- Harley Cokliss (6 1/2)
Hellraiser,1987,d.- Clive Barker (6 1/2)
Siesta,1987,d.- Mary Lambert (6 1/2)
*batteries not included,1987,d.- Matthew Robbins (6 1/2)
Housekeeping,1987,d.- Bill Forsyth (6 1/2)
Dragnet,1987,d.- Tom Mankiewicz (6 1/2)
Blind Date,1987,d.- Blake Edwards (6 1/2)
Project X,1987,d.- Jonathan Kaplan (6 1/2)
White Water Summer,1987,d.- Jeff Bleckner (6 1/2)
Straight to Hell,1987,(BR) d.- Alex Cox (6 1/2)
White of the Eye,1987,(BR) d.- Donald Cammell (6 1/2)
The Principal,1987,d.- Christopher Cain (6 1/2)
Throw Momma From the Train,1987,d.- Danny DeVito (6 1/2)
Home Remedy,1987,d.- Maggie Greenwald (6 1/2)
Ernest Goes to Camp,1987,d.- John R. Cherry III (6 1/2)
Maid to Order,1987,d.- Amy Holden Jones (6 1/2)
Summer School,1987,d.- Carl Reiner (6 1/2)
White Water Summer,1987,d.- Jeff Bleckner (6 1/2)
The Fourth Protocol,1987,(BR) d.- John Mackenzie (6 1/2)
"Sister, Sister",1987,d.- Bill Condon (6 1/2)
Bad Taste,1987,(NZ) d.- Peter Jackson (6 1/2)
From the Hip,1987,d.- Bob Clark (6 1/2)
Harry and the Hendersons,1987,d.- William Dear (6 1/2)
Flowers in the Attic,1987,d.- Jeffrey Bloom (6 1/2)
Man on Fire,1987,(FR-IT) d.- Elie Chouraqui (6)
Cross My Heart,1987,d.- Armyan Bernstein (6)
Dudes,1987,d.- Penelope Spheeris (6)
Storm,1987,(CAN) d.- David Winning (6)
Someone to Love,1987,d.- Henry Jaglom (6)
Who’s That Girl,1987,d.- James Foley (6)
Big Shots,1987,d.- Robert Mandel (6)
The Sicilian,1987,d.- Michael Cimino (6)
Tough Guys Don’t Dance,1987,d.- Norman Mailer (6)
The Caller,1987,d.- Arthur Allan Seidelman (6)
The Gate,1987,(CAN-US) d.- Tibor Takacs (6)
Amazing Grace and Chuck,1987,d.- Mike Newell (6)
Mannequin,1987,d.- Michael Gottlieb (6)
No Man’s Land,1987,d.- Peter Werner (6)
Dolls,1987,d.- Stuart Gordon (5 1/2)
Real Men,1987,d.- Dennis Feldman (5 1/2)
Surf Nazis Must Die,1987,d.- Peter George (5)
Rain Man,1988,d.- Barry Levinson (7)
Mississippi Burning,1988,d.- Alan Parker (7)
A Fish Called Wanda,1988,(US-BR) d.- Charles Crichton (7)
Dangerous Liaisons,1988,(US-BR) d.- Stephen Frears (6 1/2)
The Navigator: A Mediaeval Odyssey,1988,(AUS-NZ) d.- Vincent Ward (6 1/2)
The Accidental Tourist,1988,d.- Lawrence Kasdan (6 1/2)
A World Apart,1988,(BR-ZIM) d.- Chris Menges (6 1/2)
Working Girl,1988,d.- Mike Nichols (6 1/2)
Evil Angels(A Cry in the Dark),1988,(AUS-US) d.- Fred Schepisi (6 1/2)
Gorillas in the Mist: The Story of Dian Fossey,1988,d.- Michael Apted (6 1/2)
Die Hard,1988,d.- John McTiernan (6 1/2)
The Unbearable Lightness of Being,1988,d.- Philip Kaufman (6 1/2)
Who Framed Roger Rabbit,1988,d.- Robert Zemeckis (6 1/2)
"The Bear(Ours, L’)",1988,(FR-US) d.- Jean-Jacques Annaud (6 1/2)
Big,1988,d.- Penny Marshall (6 1/2)
Bull Durham,1988,d.- Ron Shelton (6 1/2)
High Hopes,1988,(BR) d.- Mike Leigh (6 1/2)
Things Change,1988,d.- David Mamet (6 1/2)
Colors,1988,d.- Dennis Hopper (6 1/2)
Little Dorrit,1988,(BR) d.- Christine Edzard (6 1/2)
Eight Men Out,1988,d.- John Sayles (6 1/2)
Torch Song Trilogy,1988,d.- Paul Bogart (6 1/2)
Dead Ringers,1988,(CAN-US) d.- David Cronenberg (6 1/2)
Running on Empty,1988,d.- Sidney Lumet (6 1/2)
Coming to America,1988,d.- John Landis (6 1/2)
Stand and Deliver,1988,d.- Ramon Menendez (6 1/2)
Tucker: A Man and His Dream,1988,d.- Francis Ford Coppola (6 1/2)
The Adventures of Baron Munchausen,1988,(BR-GER) d.- Terry Gilliam (6 1/2)
Scrooged,1988,d.- Richard Donner (6 1/2)
Midnight Run,1988,d.- Martin Brest (6 1/2)
Willow,1988,d.- Ron Howard (6 1/2)
Married to the Mob,1988,d.- Jonathan Demme (6 1/2)
"Good Morning, Vietnam",1988,d.- Barry Levinson (6 1/2)
Hairspray,1988,d.- John Waters (6 1/2)
The Accused,1988,(US-CAN) d.- Jonathan Kaplan (6 1/2)
Stormy Monday,1988,(BR-US) d.- Mike Figgis (6 1/2)
The Naked Gun: From The Files of the Police Squad!,1988,d.- David Zucker (6 1/2)
Crossing Delancey,1988,d.- Joan Micklin Silver (6 1/2)
Dominick and Eugene,1988,d.- Robert M. Young (6 1/2)
Young Guns,1988,d.- Christopher Cain (6 1/2)
A Handful of Dust,1988,(BR) d.- Charles Sturridge (6 1/2)
Frantic,1988,(FR-US) d.- Roman Polanski (6 1/2)
Beetle Juice,1988,d.- Tim Burton (6 1/2)
Talk Radio,1988,d.- Oliver Stone (6 1/2)
The Beast of War,1988,d.- Kevin Reynolds (6 1/2)
The Milagro Beanfield War,1988,d.- Robert Redford (6 1/2)
They Live,1988,d.- John Carpenter (6 1/2)
Dirty Rotten Scoundrels,1988,d.- Frank Oz (6 1/2)
Paperhouse,1988,(BR) d.- Bernard Rose (6 1/2)
Everybody’s All-American,1988,d.- Taylor Hackford (6 1/2)
Clara's Heart,1988,d.- Robert Mulligan (6 1/2)
Mystic Pizza,1988,d.- Donald Petrie (6 1/2)
Pascali's Island,1988,(BR-IT) d.- James Dearden (6 1/2)
Lady in White,1988,d.- Frank LaLoggia (6 1/2)
"Distant Voices, Still Lives",1988,(BR) d.- Terence Davies (6 1/2)
The Chocolate War,1988,d.- Keith Gordon (6 1/2)
Beaches,1988,d.- Garry Marshall (6 1/2)
The Serpent and the Rainbow,1988,d.- Wes Craven (6 1/2)
Punchline,1988,d.- David Seltzer (6 1/2)
Rocket Gibralter,1988,d.- Daniel Petrie (6 1/2)
Another Woman,1988,d.- Woody Allen (6 1/2)
Punchline,1988,d.- David Seltzer (6 1/2)
Twins,1988,d.- Ivan Reitman (6 1/2)
Lucas,1988,d.- David Seitzer (6 1/2)
Biloxi Blues,1988,d.- Mike Nichols (6 1/2)
Apartment Zero,1988,(BR-ARG) d.- Martin Donovan (6 1/2)
Madame Sousatzka,1988,d.- John Schlesinger (6 1/2)
Red Heat,1988,d.- Walter Hill (6 1/2)
Bird,1988,d.- Clint Eastwood (6 1/2)
Cop,1988,d.- James B. Harris (6 1/2)
Clean And Sober,1988,d.- Glenn Gordon Caron (6 1/2)
The Moderns,1988,d.- Alan Rudolph (6 1/2)
I’m Gonna Git You Sucka,1988,d.- Keenen Ivory Wayans (6 1/2)
Shoot to Kill,1988,d.- Roger Spottiswoode (6 1/2)
‘Crocodile’ Dundee II,1988,(AUS-US) d.- John Cornell (6 1/2)
Betrayed,1988,(US-JAP) d.- Costa-Gavras (6 1/2)
Big Business,1988,d.- Jim Abrahams (6 1/2)
Sunset,1988,d.- Blake Edwards (6 1/2)
The Moderns,1988,d.- Alan Rudolph (6 1/2)
Hawks,1988,d.- Robert Ellis Miller (6 1/2)
Child’s Play,1988,d.- Tom Holland (6 1/2)
Alien Nation,1988,d.- Graham Baker (6 1/2)
School Daze,1988,d.- Spike Lee (6 1/2)
Without a Clue,1988,(BR) d.- Thom Eberhardt (6 1/2)
Permanent Record,1988,d.- Marisa Silver (6 1/2)
Little Nikita,1988,d.- Richard Benjamin (6 1/2)
Cop,1988,d.- James B. Harris (6 1/2)
The Seventh Sign,1988,d.- Carl Schultz (6 1/2)
The House on Carroll Street,1988,d.- Peter Yates (6 1/2)
Tequila Sunrise,1988,d.- Robert Towne (6 1/2)
The Great Outdoors,1988,d.- Howard Deutch (6 1/2)
A Chorus of Disapproval,1988,(BR) d.- Michael Winner (6 1/2)
The Presidio,1988,d.- Peter Hyams (6 1/2)
Above the Law,1988,(US-CHI) d.- Andrew Davis (6 1/2)
Funny Farm,1988,d.- George Roy Hill (6 1/2)
Switching Channels,1988,d.- Ted Kotcheff (6 1/2)
Stealing Home,1988,"d.- Steven Kampmann, William Porter (6 1/2)"
The Last of England,1988,(BR-GER) d.- Derek Jarman (6 1/2)
We Think the World of You,1988,(BR) d.- Colin Gregg (6 1/2)
"Bright Lights, Big City",1988,(US-JAP) d.- James Bridges (6 1/2)
Heartbreak Hotel,1988,d.- Chris Columbus (6 1/2)
Cocoon: The Return,1988,d.- Daniel Petrie (6 1/2)
Jack’s Back,1988,d.- Rowdy Herrington (6 1/2)
For Queen & Country,1988,(BR-US) d.- Martin Stellman (6 1/2)
Cocktail,1988,d.- Roger Donaldson (6 1/2)
Tales from the Gimli Hospital,1988,(CAN) d.- Guy Maddin (6 1/2)
Moon Over Parador,1988,d.- Paul Mazursky (6 1/2)
She’s Having a Baby,1988,d.- John Hughes (6 1/2)
A Summer Story,1988,(BR) d.- Piers Haggard (6 1/2)
Track 29,1988,(BR-US) d.- Nicolas Roeg (6 1/2)
The Raggedy Rawney,1988,(BR) d.- Bob Hoskins (6 1/2)
My Stepmother is an Alien,1988,d.- Richard Benjamin (6 1/2)
Bat*21,1988,d.- Peter Markle (6 1/2)
Soursweet,1988,(BR) d.- Mike Newell (6 1/2)
The Dead Pool,1988,d.- Buddy Van Horn (6 1/2)
Vice Versa,1988,d.- Brian Gilbert (6 1/2)
Distant Thunder,1988,(US-CAN) d.- Rick Rosenthal (6 1/2)
Buster,1988,(BR) d.- David Green (6 1/2)
Prison,1988,d.- Renny Harlin (6 1/2)
The Good Mother,1988,d.- Leonard Nimoy (6 1/2)
A Night in the Life of Jimmy Reardon,1988,d.- William Richert (6 1/2)
Judgment in Berlin,1988,(GER-US) d.- Leo Penn (6 1/2)
The Wash,1988,d.- Michael Toshiyuki Uno (6 1/2)
Miles From Home,1988,d.- Gary Sinise (6 1/2)
The Outside Chance of Maximilian Glick,1988,(CAN) d.- Allan A. Goldstein (6 1/2)
A Nightmare on Elm Street 4: The Dream Master,1988,d.- Renny Harlin (6 1/2)
Vibes,1988,d.- Ken Kwapis (6 1/2)
Big Top Pee-wee,1988,d.- Randall Kleiser (6 1/2)
Monkey Shines,1988,d.- George A. Romero (6 1/2)
Phantasm II,1988,d.- Don Coscarelli (6 1/2)
Lair of the White Worm,1988,(BR US) d.- Ken Russell (6 1/2)
The Boost,1988,d.- Harold Becker (6 1/2)
1969,1988,d.- Ernest Thompson (6 1/2)
Rambo III,1988,d.- Peter MacDonald (6 1/2)
Spike of Bensonhurst,1988,d.- Paul Morissey (6 1/2)
D.O.A.,1988,"d.- Annabel Jankel, Rocky Morton (6 1/2)"
Prison,1988,d.- Renny Harlin (6 1/2)
Riders of the Storm,1988,(BR-US) d.- Maurice Phillips (6 1/2)
Encounter at Raven’s Gate,1988,(AUS) d.- Rolf de Heer (6 1/2)
Bloodsport,1988,d.- Newt Arnold (6 1/2)
Bloodsport,1988,d.- Newt Arnold (6)
Homeboy,1988,d.- Michael Seresin (6)
Arthur 2: On the Rocks,1988,d.- Bud Yorkin (6)
Mr. North,1988,d.- Danny Huston (6)
Memories of Me,1988,d.- Henry Winkler (6)
Homeboy,1988,d.- Michael Seresin (6)
Appointment with Death,1988,(BR-US-IS) d.- Michael Winner (6)
Maniac Cop,1988,d.- William Lustig (6)
Iron Eagle,1988,d.- Sidney J. Furie (6)
The Night Before,1988,d.- Thom Eberhardt (6)
Earth Girls Are Easy,1988,(BR-US) d.- Julien Temple (6)
The Blob,1988,d.- Chuck Russell (6)
The Couch Trip,1988,d.- Michael Ritchie (6)
Hot to Trot,1988,d.- Michael Dinner (6)
Burning Secret,1988,(BR-GER) d.- Andrew Birkin (6)
Braddock: Missing in Action III,1988,d.- Aaron Norris (6)
Pass the Ammo,1988,d.- David Beaird (6)
Alien from L. A.,1988,(US-SA) d.- Albert Pyun (6)
My Best Friend is a Vampire,1988,d.- Jimmy Huston (5 1/2)
End of the Line,1988,d.- Jay Russell (5 1/2)
It Came from Somewhere Else,1988,d.- Howard Hassler (5 1/2)
Patti Rocks,1988,d.- David Burton Morris (5 1/2)
Killer Klowns from Outer Space,1988,d.- Stephen Chiodo (5)
Hellbound: Hellraiser II ,1988,(BR) d.- Tony Randel 
Glory,1989,d.- Edward Zwick (7)
Henry V,1989,(BR) d.- Kenneth Branagh (7)
My Left Foot,1989,(IRE) d.- Jim Sheridan (7)
Do the Right Thing,1989,d.- Spike Lee (7)
Indiana Jones and the Last Crusade,1989,d.- Steven Spielberg (7)
When Harry Met Sally,1989,d.- Rob Reiner (7)
Driving Miss Daisy,1989,d.- Bruce Beresford (7)
Batman,1989,d.- Tim Burton (7)
Crimes and Misdemeanors,1989,d.- Woody Allen (7)
Field of Dreams,1989,d.- Phil Alden Robinson (6 1/2)
Born on the Fourth of July,1989,d.- Oliver Stone (6 1/2)
Dead Poet’s Society,1989,d.- Peter Weir (6 1/2)
Say Anything,1989,d.- Cameron Crowe (6 1/2)
"Enemies, a Love Story",1989,d.- Paul Mazursky (6 1/2)
Parenthood,1989,d.- Ron Howard (6 1/2)
The War of the Roses,1989,d.- Danny DeVito (6 1/2)
Queen of Hearts,1989,(BR) d.- Jon Amiel (6 1/2)
"Sex, Lies and Videotape",1989,d.- Steven Soderbergh (6 1/2)
Steel Magnolias,1989,d.- Herbert Ross (6 1/2)
Valmont,1989,(FR-US) d.- Milos Forman (6 1/2)
The Cook the Thief His Wife & Her Lover,1989,(FR-NETH-BR)d.-Peter Greenaway (6 1/2)
The Abyss,1989,d.- James Cameron (6 1/2)
Heathers,1989,d.- Michael Lehrmann (6 1/2)
Lean on Me,1989,d.- John G. Avildsen (6 1/2)
Shirley Valentine,1989,(BR-US) d.- Lewis Gilbert (6 1/2)
Lethal Weapon  2,1989,d.- Richard Donner (6 1/2)
Music Box,1989,d.- Costa-Gavras (6 1/2)
Mystery Train,1989,(US-JAP) d.- Jim Jarmusch (6 1/2)
Sea of Love,1989,d.- Harold Becker (6 1/2)
Black Rain,1989,d.- Ridley Scott (6 1/2)
Getting It Right,1989,(BR) d.- Randall Kleiser (6 1/2)
Casualties of War,1989,d.- Brian De Palma (6 1/2)
Triumph of the Spirit,1989,d.- Robert M. Young (6 1/2)
Dead Calm,1989,(AUS) d.- Phillip Noyce (6 1/2)
The Dream Team,1989,d.- Howard Zieff (6 1/2)
Cousins,1989,d.- Joel Schumacher (6 1/2)
Scandal,1989,(BR) d.- Michael Caton-Jones (6 1/2)
Fat Man and Little Boy,1989,d.- Roland Joffe (6 1/2)
Great Balls of Fire,1989,d.- Jim McBride (6 1/2)
The Fabulous Baker Boys,1989,d.- Steven Kloves (6 1/2)
Back To The Future Part II,1989,d.- Robert Zemeckis (6 1/2)
"Honey, I Shrunk the Kids!",1989,d.- Joe Johnston (6 1/2)
Miss Firecracker,1989,d.- Thomas Schlamme (6 1/2)
The Unbelievable Truth,1989,d.- Hal Hartley (6 1/2)
Ghostbusters II,1989,d.- Ivan Reitman (6 1/2)
The Siege of Firebase Gloria,1989,(AUS-PHIL) d.- Brian Trenchard-Smith (6 1/2)
Drugstore Cowboy,1989,d.- Gus Van Sant (6 1/2)
Always,1989,d.- Steven Spielberg (6 1/2)
Major League,1989,d.- David S. Ward (6 1/2)
The Last Days of Chez Nous,1989,(AUS) d.- Gillian Armstrong (6 1/2)
Uncle Buck,1989,d.- John Hughes (6 1/2)
Powwow Highway,1989,d.- Jonathan Wacks (6 1/2)
Romero,1989,d.- John Duigan (6 1/2)
The Siege of Firebase Gloria,1989,(AUS-PHIL) d.- Brian Trenchard-Smith (6 1/2)
Sweetie,1989,(AUS) d.- Jane Campion (6 1/2)
True Believer,1989,d.- Joseph Ruben (6 1/2)
Jacknife,1989,d.- David Hugh Jones (6 1/2)
Miracle Mile,1989,d.- Steve DeJarnett (6 1/2)
Christmas Vacation,1989,d.- Jeremiah S. Chechik (6 1/2)
Dead Bang,1989,d.- John Frankenheimer (6 1/2)
Prancer,1989,d.- John D. Hancock (6 1/2)
Criminal Law,1989,d.- Martin Campbell (6 1/2)
Farewell to the King,1989,d.- John Milius (6 1/2)
Kill Me Again,1989,d.- John Dahl (6 1/2)
Her Alibi,1989,d.- Bruce Beresford (6 1/2)
Look Who’s Talking,1989,d.- Amy Heckerling (6 1/2)
Harlem Nights,1989,d.- Eddie Murphy (6 1/2)
We’re No Angels,1989,d.- Neil Jordan (6 1/2)
An Innocent Man,1989,d.- Peter Yates (6 1/2)
True Love,1989,d.- Nancy Savoca (6 1/2)
The Gods Must Be Crazy II,1989,(SA-BOTS-US) d.- Jamie Uys (6 1/2)
The Mighty Quinn,1989,d.- Carl Schenkel (6 1/2)
Tap,1989,d.- Nick Castle (6 1/2)
Family Business,1989,d.- Sidney Lumet (6 1/2)
Pumpkinhead,1989,d.- Stan Winston (6 1/2)
Celia,1989,(AUS) d.- Ann Turner (6 1/2)
Breaking In,1989,d.- Bill Forsyth (6 1/2)
Penn & Teller Get Killed,1989,d.- Arthur Penn (6 1/2)
Parents,1989,d.- Bob Balaban (6 1/2)
Fletch Lives,1989,d.- Michael Ritchie (6 1/2)
The Package,1989,d.- Andrew Davis (6 1/2)
Bill and Ted’s Excellent Adventure,1989,d.- Stephen Herek (6 1/2)
Speaking Parts,1989,(CAN) d.- Atom Egoyan (6 1/2)
Lock Up,1989,d.- John Flynn (6 1/2)
Night Game,1989,d.- Peter Masterson (6 1/2)
The Return of the Musketeers,1989,(BR-FR-SP) d.- Richard Lester (6 1/2)
Three Fugitives,1989,d.- Francis Veber (6 1/2)
Reunion,1989,(FR-GER-BR) d.- Jerry Schatzberg (6 1/2)
Let It Ride,1989,d.-  Joe Pytka (6 1/2)
Pet Sematary,1989,d.- Mary Lambert (6 1/2)
Tango & Cash,1989,d.- Andrei Konchalovsky (6 1/2)
Blind Fury,1989,d.- Phillip Noyce (6 1/2)
The ‘burbs,1989,d.- Joe Dante (6 1/2)
Turner and Hooch,1989,d.- Roger Spottiswoode (6 1/2)
How to Get Ahead in Advertising,1989,(BR) d.- Bruce Robinson (6 1/2)
Weekend at Bernie’s,1989,d.- Ted Kotcheff (6 1/2)
In Country,1989,d.- Norman Jewison (6 1/2)
The Big Picture,1989,d.- Christopher Guest (6 1/2)
Meet the Feebles,1989,(NZ) d.- Peter Jackson (6 1/2)
A Dry White Season,1989,d.- Euzhan Palcy (6 1/2)
Road House,1989,d.- Rowdy Herrington (6 1/2)
Cold Comfort,1989,(CAN) d.- Vic Sarin (6 1/2)
Leviathan,1989,(US-IT) d.- George P. Cosmatos (6 1/2)
Star Trek V: The Final Frontier,1989,d.- William Shatner (6 1/2)
K-9,1989,d.- Rod Daniel (6 1/2)
Pink Cadillac,1989,d.- Buddy Van Horn (6 1/2)
Old Gringo,1989,d.- Luis Puenzo (6 1/2)
Bye Bye Blues,1989,(CAN) d.- Anne Wheeler (6 1/2)
Mortal Passions,1989,d.- Andrew  Lane (6 1/2)
"The Karate Kid, Part III",1989,d.- John G. Avildsen (6 1/2)
UHF,1989,d.- Jay Levey (6 1/2)
Next of Kin,1989,d.- John Irvin (6 1/2)
Communion,1989,d.- Philippe Mora (6 1/2)
The Tall Guy,1989,d.- Mel Smith (6 1/2)
Gross Anatomy,1989,d.- Thom Eberhardt (6 1/2)
Troop Beverly Hills,1989,d.- Jeff Kanew (6 1/2)
Rosalie Goes Shopping,1989,(GER-US) d.- Percy Adlon (6 1/2)
Skin Deep,1989,d.- Blake Edwards ( 1/2)
Loverboy,1989,d.- Joan Micklin Silver (6 1/2)
The Rainbow,1989,(BR) d.- Ken Russell (6 1/2)
Kickboxer,1989,"d.- Mark DiSalle, David Worth (6 1/2)"
Zwei Frauen(Silence Like Glass),1989,(GER-US) d.- Carl Schenkel (6 1/2)
Immediate Family,1989,d.- Jonathan Kaplan (6 1/2)
Twister,1989,d.- Michael Almereyda (6 1/2)
Eat a Bowl of Tea,1989,d.- Wayne Wang (6 1/2)
Dad,1989,d.- Gary David Goldberg (6 1/2)
The Wizard,1989,d.- Todd Holland (6)
Disorganized Crime,1989,d.- Jim Kouf (6)
See You in the Morning,1989,d.- Alan J. Pakula (6)
Slaves of New York,1989,d.- James Ivory (6)
Cohen and Tate,1989,d.- Eric Red (6)
Fright Night Part 2,1989,d.- Tommy Lee Wallace (6)
Gleaming the Cube,1989,d.- Graeme Clifford (6)
Shag,1989,(BR-US) d.- Zelda Barron (6)
The Phantom of the Opera,1989,d.- Dwight H. Little (6)
Lost Angels,1989,d.- Hugh Hudson (6)
Cannibal Women in the Avocado Jungle of Death,1989,d.- J. F. Lawton (6)
Warlock,1989,d.- Steve Miner (5 1/2)
Barbarian Queen II: The Empress Strikes Back,1989,(US-MEX) d.- Joe Finley (5)
Dances With Wolves,1990,d.- Kevin Costner (7)
Goodfellas,1990,d.- Martin Scorsese (7)
Miller's Crossing,1990,d.- Joel Coen (7)
Awakenings,1990,d.- Penny Marshall (6 1/2)
"The Godfather, Part III",1990,d.- Francis Ford Coppola (6 1/2)
An Angel at My Table,1990,(AUS-NZ-BR) d.- Jane Campion (6 1/2)
Edward Scissorhands,1990,d.- Tim Burton (6 1/2)
Hamlet,1990,(US-BR-FR) d.- Franco Zeffirelli (6 1/2)
Mountains of the Moon,1990,d.- Bob Rafelson (6 1/2)
The Hunt for Red October,1990,d.- John McTiernan (6 1/2)
Reversal of Fortune,1990,(US-JAP-BR) d.- Barbet Schroeder (6 1/2)
The Grifters,1990,d.- Stephen Frears (6 1/2)
Metropolitan,1990,d.- Whit Stillman (6 1/2)
Ghost,1990,d.- Jerry Zucker (6 1/2)
Longtime Companion,1990,d.- Norman Rene (6 1/2)
Dick Tracy,1990,d.- Warren Beatty (6 1/2)
Pretty Woman,1990,d.- Garry Marshall (6 1/2)
Avalon,1990,d.- Barry Levinson (6 1/2)
Last Exit to Brooklyn,1990,(US-BR-GER) d.- Uli Edel (6 1/2)
Internal Affairs,1990,d.- Mike Figgis (6 1/2)
The Field,1990,(IRE-BR) d.- Jim Sheridan (6 1/2)
Misery,1990,d.- Rob Reiner (6 1/2)
The Freshman,1990,d.- Andrew Bergman (6 1/2)
Henry and June,1990,d.- Philip Kaufman (6 1/2)
Vincent and Theo,1990,(NETH-BR-FR) d.- Robert Altman (6 1/2)
Home Alone,1990,d.- Chris Columbus (6 1/2)
The Witches,1990,(BR) d.- Nicolas Roeg (6 1/2)
The Long Walk Home,1990,d.- Richard Pearce (6 1/2)
Hidden Agenda,1990,(BR) d.- Ken Loach (6 1/2)
Total Recall,1990,d.- Paul Verhoeven (6 1/2)
Trust,1990,(BR-US) d.- Hal Hartley (6 1/2)
Jacob’s Ladder,1990,d.- Adrian Lyne (6 1/2)
To Sleep With Anger,1990,d.- Charles Burnett (6 1/2)
Presumed Innocent,1990,d.- Alan J. Pakula (6 1/2)
Postcards From the Edge,1990,d.- Mike Nichols (6 1/2)
Rosencrantz and Guildenstern are Dead,1990,(BR-US) d.- Tom Stoppard (6 1/2)
Darkman,1990,d.- Sam Raimi (6 1/2)
The King of New York,1990,d.- Abel Ferrara (6 1/2)
Wild at Heart,1990,d.- David Lynch (6 1/2)
Quick Change,1990,"d.- Howard Franklin, Bill Murray (6 1/2)"
Mermaids,1990,d.- Richard Benjamin (6 1/2)
Tremors,1990,d.- Ron Underwood (6 1/2)
White Palace,1990,d.- Luis Mandoki (6 1/2)
Pacific Heights,1990,d.- John Schlesinger (6 1/2)
Come See the Paradise,1990,d.- Alan Parker (6 1/2)
Die Hard 2: Die Harder,1990,d.- Renny Harlin (6 1/2)
The Krays,1990,(BR) d.- Peter Medak (6 1/2)
Blood Oath,1990,(AUS) d.- Stephen Wallace (6 1/2)
Arachnaphobia,1990,d.- Frank Marshall (6 1/2)
Memphis Belle,1990,(BR-US) d.- Michael Caton-Jones (6 1/2)
Quigley Down Under,1990,(AUS) d.- Simon Wincer (6 1/2)
Truly Madly Deeply,1990,(BR) d.- Anthony Minghella (6 1/2)
Narrow Margin,1990,d.- Peter Hyams (6 1/2)
Pump Up the Volume,1990,(CAN-US) d.- Allan Moyle (6 1/2)
Back to the Future III,1990,d.- Robert Zemeckis (6 1/2)
The Sheltering Sky,1990,(BR-IT) d.- Bernardo Bertolucci (6 1/2)
Nuns on the Run,1990,(BR) d.- Jonathan Lynn (6 1/2)
State of Grace,1990,(BR-US) d.- Phil Joanou (6 1/2)
Alice,1990,d.- Woody Allen (6 1/2)
Short Time,1990,d.- Gregg Champion (6 1/2)
Archangel,1990,(CAN) d.- Guy Maddin (6 1/2)
Mindwalk,1990,d.- Bernt Amadeus Capra (6 1/2)
The Big Steal,1990,(AUS) d.- Nadia Tass (6 1/2)
Flatliners,1990,d.- Joel Schumacher (6 1/2)
The Two Jakes,1990,d.- Jack Nicholson (6 1/2)
Black Rainbow,1990,(BR) d.- Mike Hodges (6 1/2)
Q & A,1990,d.- Sidney Lumet (6 1/2)
Russia House,1990,d.- Fred Schepisi (6 1/2)
Miami Blues,1990,d.- George Armitage (6 1/2)
Young Guns II,1990,d.- Geoff Murphy (6 1/2)
Rocky V,1990,d.- John G. Avildsen (6 1/2)
Another 48 Hrs.,1990,d.- Walter Hill (6 1/2)
The Exorcist III,1990,d.- William Peter Blatty (6 1/2)
Men Don’t Leave,1990,d.- Paul Brickman (6 1/2)
Kindergarten Cop,1990,d.- Ivan Reitman (6 1/2)
I Love You to Death,1990,d.- Lawrence Kasdan (6 1/2)
Gremlins 2: The New Batch,1990,d.- Joe Dante (6 1/2)
The Kill-Off,1990,d.- Maggie Greenwald (6 1/2)
House Party,1990,d.- Reginald Hudlin (6 1/2)
Mr. Destiny,1990,d.- James Orr (6 1/2)
The Boy From Mercury,1990,(IRE-FR-BR) d.- Martin Duffy (6 1/2)
The Children,1990,(BR-GER) d.- Tony Palmer (6 1/2)
Mr. and Mrs. Bridge,1990,d.- James Ivory (6 1/2)
Cadillac Man,1990,d.- Roger Donaldson (6 1/2)
Opportunity Knocks,1990,d.- Donald Petrie (6 1/2)
Mo’ Better Blues,1990,d.- Spike Lee (6 1/2)
The Comfort of Strangers,1990,(US-IT-BR) d.- Paul Schrader (6 1/2)
Days of Thunder,1990,d.- Tony Scott (6 1/2)
RoboCop 2,1990,d.- Irvin Kershner (6 1/2)
The Reflecting Skin,1990,(BR-CAN) d.- Philip Ridley (6 1/2)
My Blue Heaven,1990,d.- Herbert Ross (6 1/2)
Love at Large,1990,d.- Alan Rudolph (6 1/2)
Predator 2,1990,d.- Stephen Hopkins (6 1/2)
The Last of the Finest,1990,d.- John Mackenzie (6 1/2)
"White Hunter, Black Heart",1990,d.- Clint Eastwood (6 1/2)
Tune in Tomorrow…,1990,d.- Jon Amiel (6 1/2)
The Ambulance,1990,d.- Larry Cohen (6 1/2)
Betsy’s Wedding,1990,d.- Alan Alda (6 1/2)
House Party,1990,d.- Reginald Hudlin (6 1/2)
The Closer,1990,d.- Dimitri Logothetis (6 1/2)
Call Me Mr. Brown,1990,(AUS) d.- Scott Hicks (6 1/2)
Almost an Angel,1990,d.- John Cornell (6 1/2)
White Room,1990,(CAN) d.- Patricia Rozema (6 1/2)
Bird On a Wire,1990,d.- John Badham (6 1/2)
The Handmaid’s Tale,1990,(US-GER) d.- Volker Schlondorff (6 1/2)
Hard to Kill,1990,d.- Bruce Malmuth (6 1/2)
A Shock to the System,1990,d.- Jan Egleson (6 1/2)
Bethune: The Making of a Hero,1990,(CAN-CHI-FR) d.- Phillip Borsos (6 1/2)
Mister Johnson,1990,d.- Bruce Beresford (6 1/2)
The Adventures of Ford Fairlane,1990,d.- Renny Harlin (6 1/2)
Cry-Baby,1990,d.- John Waters (6 1/2)
Golden Braid,1990,(AUS) d.- Paul Cox (6 1/2)
Havana,1990,d.- Sydney Pollack (6 1/2)
Navy SEALS,1990,d.- Lewis Teague (6 1/2)
Lionheart,1990,d.- Sheldon Lettich (6 1/2)
Ernest Goes to Jail,1990,d.- John R. Cherry III (6 1/2)
Bad Influence,1990,d.- Curtis Hanson (6 1/2)
Joe vs. the Volcano,1990,d.- John Patrick Shanley (6 1/2)
Three Men and a Little Lady,1990,d.- Emile Ardolino (6 1/2)
Grim Prairie Tales,1990,d.- Wayne Coe (6 1/2)
Blue Steel,1990,d.- Kathryn Bigelow (6 1/2)
The Bonfire of the Vanities,1990,d.- Brian De Palma (6 1/2)
The Children,1990,(BR-GER) d.- Tony Palmer (6 1/2)
Desperate Hours,1990,d.- Michael Cimino (6 1/2)
Men at Work,1990,d.- Emilio Estevez (6 1/2)
"Welcome Home, Roxy Carmichael",1990,d.- Jim Abrahams (6 1/2)
Revenge,1990,d.- Tony Scott (6 1/2)
Teenage Mutant Ninja Turtles,1990,d.- Steve Barron (6 1/2)
Lord of the Flies,1990,d.- Harry Hook (6 1/2)
Marked for Death,1990,d.- Dwight H. Little (6 1/2)
Texasville,1990,d.- Peter Bogdanovich (6)
Impulse,1990,d.- Sondra Locke (6 1/2)
The Hot Spot,1990,d.- Dennis Hopper (6 1/2)
Where the Heart Is,1990,d.- John Boorman (6 1/2)
Class of 1999,1990,d.- Mark L. Lester (6 1/2)
The First Power,1990,d.- Robert Resnikoff (6 1/2)
Coupe de Ville,1990,d.- Joe Roth (6 1/2)
Wings of Fame,1990,(NETH) d.- Otakar Votocek (6)
After Midnight,1990,(IRE) d.- Shani S. Grewal (6)
Cadence,1990,d.- Martin Sheen (6)
China O’Brien,1990,d.- Robert Clouse (6)
Hardware,1990,(BR) d.- Richard Stanley (6)
The Fourth War,1990,d.- John Frankenheimer (6)
The Big Man,1990,(BR) d.- David Leland (6)
Stella,1990,d.- John Erman (6 1/2)
Nightbreed,1990,d.- Clive Barker (6)
Denial,1990,d.- Eric Dignam (6)
Flashback,1990,d.- Franco Amurri (6)
Child’s Play 2,1990,d.- John Lafia (6)
Bride of Re-Animator,1990,d.- Brian Yuzna (6)
Sundown: The Vampires in Retreat,1990,d.- Anthony Hickox (6)
Delta Force 2: The Columbian Connection,1990,d.- Aaron Norris (5 1/2)
Frankenstein Unbound,1990,d.- Roger Corman (5 1/2)
The Silence of the Lambs,1991,d.- Jonathan Demme (7)
JFK,1991,d.- Oliver Stone (7)
Terminator 2: Judgment Day,1991,d.- James Cameron (7)
Boyz n the Hood,1991,d.- John Singleton (7)
The Fisher King,1991,d.- Terry Gilliam (6 1/2)
Black Robe,1991,(CAN-AUS) d.- Bruce Beresford (6 1/2)
Proof,1991,(AUS) d.- Jocelyn Moorhouse (6 1/2)
The Prince of Tides,1991,d.- Barbra Streisand (6 1/2)
Life is Sweet,1991,(BR) d.- Mike Leigh (6 1/2)
Thelma and Louise,1991,d.- Ridley Scott (6 1/2)
Bugsy,1991,d.- Barry Levinson (6 1/2)
The Commitments,1991,(IRE-US-BR) d.- Alan Parker (6 1/2)
Dead Again,1991,d.- Kenneth Branagh (6 1/2)
City of Hope,1991,d.- John Sayles (6 1/2)
A Woman’s Tale,1991,(AUS) d.- Paul Cox (6 1/2)
Europa,1991,(DEN-SWE-FR-GER-SWI) d.- Lars von Trier (6 1/2)
Fried Green Tomatoes,1991,(BR-US) d.- Jon Avnet (6 1/2)
Backdraft,1991,d.- Ron Howard (6 1/2)
Impromptu,1991,(BR-FR) d.- James Lapine (6 1/2)
Homicide,1991,d.- David Mamet (6 1/2)
Antonia and Jane,1991,(BR) d.- Beeban Kidron (6 1/2)
The Man in the Moon,1991,d.- Robert Mulligan (6 1/2)
Defending Your Life,1991,d.- Albert Brooks (6 1/2)
The Adjuster,1991,(CAN) d.- Atom Egoyan (6 1/2)
Dogfight,1991,d.- Nancy Savoca (6 1/2)
Little Man Tate,1991,d.- Jodie Foster (6 1/2)
What About Bob ?,1991,d.- Frank Oz (6 1/2)
Cape Fear,1991,d.- Martin Scorsese (6 1/2)
City Slickers,1991,d.- Ron Underwood (6 1/2)
Flirting,1991,(AUS) d.- John Duigan (6 1/2)
Hear My Song,1991,(IRE-BR) d.- Peter Chelsom (6 1/2)
Barton Fink,1991,d.- Joel Coen (6 1/2)
Strangers in Good Company,1991,(CAN) d.- Cynthia Scott (6 1/2)
My Own Private Idaho,1991,d.- Gus Van Sant (6 1/2)
Point Break,1991,d.- Kathryn Bigelow (6 1/2)
The Quarrel,1991,(CAN) d.- Eli Cohen (6 1/2)
Rambling Rose,1991,d.- Martha Coolidge (6 1/2)
Father of the Bride,1991,d.- Charles Shyer (6 1/2)
The Addams Family,1991,d.- Barry Sonnenfeld (6 1/2)
Grand Canyon,1991,d.- Lawrence Kasdan (6 1/2)
Let Him Have It,1991,(FR-BR) d.- Peter Medak (6 1/2)
The Object of Beauty,1991,(BR-US) d.- Michael Lindsay-Hogg (6 1/2)
Frankie and Johnny,1991,d.- Garry Marshall (6 1/2)
Star Trek VI: The Undiscovered Country,1991,d.- Nicholas Meyer (6 1/2)
"Robin Hood, Prince of Thieves",1991,d.- Kevin Reynolds (6 1/2)
The Rapture,1991,d.- Michael Tolkin (6 1/2)
Edward II,1991,(BR) d.- Derek Jarman (6 1/2)
Jungle Fever,1991,d.- Spike Lee (6 1/2)
Only the Lonely,1991,d.- Chris Columbus (6 1/2)
Riff-Raff,1991,(BR) d.- Ken Loach (6 1/2)
Hangin’ with the Homeboys,1991,d.- Joseph B. Vasquez (6 1/2)
The Doors,1991,d.- Oliver Stone (6 1/2)
New Jack City,1991,d.- Mario Van Peebles (6 1/2)
Mississippi Masala,1991,d.- Mira Nair (6 1/2)
Prospero's Books,1991,(NETH-FR-BR-IT-JAP) d.- Peter Greenaway (6 1/2)
Naked Lunch,1991,(CAN-BR) d.- David Cronenberg (6 1/2)
Paradise,1991,d.- Mary Agnes Donoghue (6 1/2)
L.A. Story,1991,d.- Mick Jackson (6 1/2)
Mortal Thoughts,1991,d.- Alan Rudolph (6 1/2)
Shattered,1991,d.- Wolfgang Peterson (6 1/2)
Night on Earth,1991,(FR-BR-GER-US-JAP) d.- Jim Jarmusch (6 1/2)
Meeting Venus,1991,(US-JAP-BR) d.- Istvan Szabo (6 1/2)
Kafka,1991,(FR-US) d.- Steven Soderbergh (6 1/2)
The Rocketeer,1991,d.- Joe Johnston (6 1/2)
A Rage In Harlem,1991,d.- Bill Duke (6 1/2)
Regarding Henry,1991,d.- Mike Nichols (6 1/2)
For the Boys,1991,d.- Mark Rydell (6 1/2)
The Doctor,1991,d.- Randa Haines (6 1/2)
The Five Heartbeats,1991,d.- Robert Townsend (6 1/2)
Wild Hearts Can’t Be Broken,1991,d.- Steve Miner (6 1/2)
Hot Shots!,1991,d.- Jim Abrahams (6 1/2)
Straight out of Brooklyn,1991,d.- Matty Rich (6 1/2)
A Thousand Pieces of Gold,1991,d.- Nancy Kelly (6 1/2)
White Fang,1991,d.- Randal Kleiser (6 1/2)
29th Street,1991,d.- George Gallo (6 1/2)
Guilty by Suspicion,1991,d.- Irwin Winkler (6 1/2)
Doc Hollywood,1991,d.- Michael Caton-Jones (6 1/2)
At Play In Fields of the Lord,1991,d.- Hector Babenco (6 1/2)
Not Without My Daughter,1991,d.- Brian Gilbert (6 1/2)
Cold Heaven,1991,d.- Nicolas Roeg (6 1/2)
Oscar,1991,d.- John Landis (6 1/2)
Closet Land,1991,d.- Radha Bharadwaj (6 1/2)
The Miracle,1991,(BR-IRE) d.- Neil Jordan (6 1/2)
Once Around,1991,d.- Lasse Hallstrom (6 1/2)
Hook,1991,d.- Steven Spielberg (6 1/2)
The Last Boy Scout,1991,d.- Tony Scott (6 1/2)
Other People’s Money,1991,d.- Norman Jewison (6 1/2)
The Hard Way,1991,d.- John Badham (6 1/2)
Under Suspicion,1991,(BR) d.- Simon Moore (6 1/2)
Until the End of the World,1991,(GER-FR-AUS) d.- Wim Wenders (6 1/2)
Highway 61,1991,(CAN) d.- Bruce McDonald (6 1/2)
Green Card,1991,(AUS-FR-US) d.- Peter Weir (6 1/2)
The Indian Runner,1991,d.- Sean Penn (6 1/2)
Late for Dinner,1991,d.- W. D. Richter (6 1/2)
Chameleon Street,1991,d.- Wendell Harris (6 1/2)
Naked Gun 2 1/2: The Smell of Fear,1991,d.- David Zucker (6 1/2)
Deceived,1991,d.- Damian Harris (6 1/2)
Liebestraum,1991,d.- Mike Figgis (6 1/2)
Sleeping With the Enemy,1991,d.- Joseph Ruben (6 1/2)
Stanley & Iris,1991,d.- Martin Ritt (6 1/2)
Billy Bathgate,1991,d.- Robert Benton (6 1/2)
Soapdish,1991,d.- Michael Hoffman (6 1/2)
A Kiss Before Dying,1991,d.- James Dearden (6 1/2)
F/X2,1991,d.- Richard Franklin (6 1/2)
Mobsters,1991,d.- Michael Karbelnikoff (6 1/2)
Closet Land,1991,d.- Rhada Bharadwaj (6 1/2)
Stepping Out,1991,d.- Lewis Gilbert (6 1/2)
Dying Young,1991,d.- Joel Schumacher (6 1/2)
Mystery Date,1991,(CAN-US) d.- Jonathon Wacks (6 1/2)
Ricochet,1991,d.- Russell Mulcahy (6 1/2)
Surviving Desire,1991,d.- Hal Hartley (6 1/2)
Ernest Scared Stupid,1991,d.- John R. Cherry III (6 1/2)
The Butcher’s Wife,1991,d.- Terry Hughes (6 1/2)
Harley Davidson and the Marlboro Man,1991,d.- Simon Wincer (6 1/2)
December Bride,1991,(BR-IRE) d.- Thaddeus O’Sullivan (6 1/2)
King Ralph,1991,d.- David S. Ward (6 1/2)
V. I. Warshawski,1991,d.- Jeff Kanew (6 1/2)
Whore,1991,(BR-US) d.- Ken Russell (6 1/2)
Highlander II: The Quickening,1991,(FR-BR-ARG) d.- Russell Mulcahy (6 1/2)
Salmonberries,1991,(GER) d.- Percy Adlon (6 1/2)
Where Angels Fear to Tread,1991,(BR) d.- Charles Sturridge (6 1/2)
"He Said, She Said",1991,"d.- Ken Kwapis, Marisa Silver (6 1/2)"
My Girl,1991,d.- Howard Zieff (6 1/2)
The End of the Golden Weather,1991,(NZ) d.- Ian Mune (6 1/2)
The Marrying Man,1991,d.- Jerry Rees (6 1/2)
The Perfect Weapon,1991,d.- Mark DiSalle (6 1/2)
True Colors,1991,d.- Herbert Ross (6 1/2)
Across the Tracks,1991,d.- Sandy Tung (6 1/2)
Extreme Justice,1991,d.- Mark L. Lester (6 1/2)
Don’t Tell Mom the Babysitter’s Dead,1991,d.- Stephen Herek (6 1/2)
Out for Justice,1991,d.- John Flynn (6 1/2)
Sam & Me,1991,(CAN) d.- Deepa Mehta (6 1/2)
Queen’s Logic,1991,d.- Steve Rash (6 1/2)
Blue Desert,1991,d.- Bradley Battersby (6 1/2)
Road to Ruin,1991,(FR-US) d.- Charlotte Brandstrom (6 1/2)
Nothing But Trouble,1991,d.- Dan Aykroyd (6 1/2)
Bill and Ted’s Bogus Journey,1991,d.- Peter Hewitt (6 1/2)
Rush,1991,d.- Lili Fini Zanuck (6 1/2)
My Heroes Have Always Been Cowboys,1991,d.- Stuart Rosenberg (6 1/2)
Year of the Gun,1991,d.- John Frankenheimer (6 1/2)
Strictly Business,1991,d.- Kevin Hooks (6 1/2)
Under Suspicion,1991,(BR) d.- Simon Moore (6 1/2)
Toy Soldiers,1991,d.- Daniel Petrie Jr. (6 1/2)
Delusion,1991,d.- Carl Colpaert (6)
Johnny Suede,1991,(FR-US-SW) d.- Tom DiCillo (6)
Blue Desert,1991,d.- Bradley Battersby (6)
The Flight of the Intruder,1991,d.- John Milius (6)
Drop Dead Fred,1991,d.- Ate de Jong (6 1/2)
Slacker,1991,d.- Richard Linklater (6)
If Looks Could Kill,1991,d.- William Dear (6)
Dutch,1991,d.- Peter Faiman (6)
American Friends,1991,(BR) d.- Tristram Powell (6)
The Hours and Times,1991,d.- Christopher Munch (6)
Motorama,1991,d.- Barry Shils (6)
Shakes the Clown,1991,d.- Bob Goldthwait (6)
A Climate for Killing,1991,d.- J. S. Cardone (6)
Highway to Hell,1991,d.- Ate de Jong (5 1/2)
Unforgiven,1992,d.- Clint Eastwood (7)
The Last of the Mohicans,1992,d.- Michael Mann (7)
Malcolm X,1992,d.- Spike Lee (7)
Glengarry Glen Ross,1992,d.- James Foley (7)
The Crying Game,1992,(IRE) d.- Neil Jordan (7)
Howard's End,1992,(BR) d.- James Ivory (6 1/2)
A Few Good Men,1992,d.- Rob Reiner (6 1/2)
Reservoir Dogs,1992,d.- Quentin Tarantino (6 1/2)
The Player,1992,d.- Robert Altman (6 1/2)
Of Mice and Men,1992,d.- Gary Sinise (6 1/2)
The Waterdance,1992,"d.- Neil Jimenez, Michael Steinberg (6 1/2)"
Enchanted April,1992,(BR) d.- Mike Newell (6 1/2)
Thunderheart,1992,d.- Michael Apted (6 1/2)
Chaplin,1992,(BR-US) d.- Richard Attenborough (6 1/2)
Strictly Ballroom,1992,(AUS) d.- Baz Luhrmann (6 1/2)
A River Runs Through It,1992,d.- Robert Redford (6 1/2)
My Cousin Vinny,1992,d.- Jonathan Lynn (6 1/2)
Bram Stoker's Dracula,1992,d.- Francis Ford Coppola (6 1/2)
Basic Instinct,1992,d.- Paul Verhoeven (6 1/2)
Patriot Games,1992,d.- Phillip Noyce (6 1/2)
A League of Their Own,1992,d.- Penny Marshall (6 1/2)
Scent of a Woman,1992,d.- Martin Brest (6 1/2)
School Ties,1992,d.- Robert Mandel (6 1/2)
One False Move,1992,d.- Carl Franklin (6 1/2)
Passion Fish,1992,d.- John Sayles (6 1/2)
A Midnight Clear,1992,d.- Keith Gordon (6 1/2)
Lorenzo's Oil,1992,d.- George Miller (6 1/2)
Damage,1992,(FR-BR) d.- Louis Malle (6 1/2)
Bob Roberts,1992,d.- Tim Robbins (6 1/2)
Death Becomes Her,1992,d.- Robert Zemeckis (6 1/2)
Orlando,1992,(BR-RUS-FR-IT-NETH) d.- Sally Potter (6 1/2)
American Heart,1992,d.- Martin Bell (6 1/2)
Husbands and Wives,1992,d.- Woody Allen (6 1/2)
The Muppet Christmas Carol,1992,d.- Brian Henson (6 1/2)
Batman Returns,1992,d.- Tim Burton (6 1/2)
Sneakers,1992,d.- Phil Alden Robinson (6 1/2)
Daughters of the Dust,1992,d.- Julie Dash (6 1/2)
Red Rock West,1992,d.- John Dahl (6 1/2)
Lethal Weapon 3,1992,d.- Richard Donner (6 1/2)
Sarafina!,1992,(FR-S.A.-BR-US) d.- Darrell Roodt (6 1/2)
American Me,1992,d.- Edward James Olmos (6 1/2)
Wayne's World,1992,d.- Penelope Spheeris (6 1/2)
HouseSitter,1992,d.- Frank Oz (6 1/2)
Hero,1992,d.- Stephen Frears (6 1/2)
Prelude to a Kiss,1992,d.- Norman Rene (6 1/2)
Sister Act,1992,d.- Emile Ardolino (6 1/2)
Romper Stomper,1992,(AUS) d.- Geoffrey Wright (6 1/2)
Love Field,1992,d.- Jonathan Kaplan (6 1/2)
Far and Away,1992,d.- Ron Howard (6 1/2)
Bad Lieutenant,1992,d.- Abel Ferrara (6 1/2)
The Cutting Edge,1992,d.- Paul Michael Glaser (6 1/2)
City of Joy,1992,(FR-BR-US) d.- Roland Joffe (6 1/2)
Twin Peaks: Fire Walk with Me,1992,(FR-US) d.- David Lynch (6 1/2)
Final Analysis,1992,d.- Phil Joanou (6 1/2)
A Day in October,1992,(DEN-US) d.- Kenneth Madsen (6 1/2)
Unlawful Entry,1992,d.- Jonathan Kaplan (6 1/2)
Singles,1992,d.- Cameron Crowe (6 1/2)
Into the West,1992,(IRE) d.- Mike Newell (6 1/2)
Peter’s Friends,1992,(BR) d.- Kenneth Branaugh (6 1/2)
Juice,1992,d.- Ernest R. Dickerson (6 1/2)
Night and the City,1992,d.- Irwin Winkler (6 1/2)
Deep Cover,1992,d.- Bill Duke (6 1/2)
South Central*,1992,d.- Steve Anderson (6 1/2)
Alien 3,1992,d.- David Fincher (6 1/2)
Simple Men,1992,(IT-BR-US) d.- Hal Hartley (6 1/2)
Trespass,1992,d.- Walter Hill (6 1/2)
Passenger 57,1992,d.- Kevin Hooks (6 1/2)
Noises Off…,1992,d.- Peter Bogdanovich (6 1/2)
Medicine Man,1992,d.- John McTiernan (6 1/2)
Single White Female,1992,d.- Barbet Schroeder (6 1/2)
Hoffa,1992,d.- Danny DeVito (6 1/2)
Mambo Kings,1992,d.- Arne Glimcher (6 1/2)
The Hand that Rocks the Cradle,1992,d.- Curtis Hanson (6 1/2)
Diggstown,1992,d.- Michael Ritchie (6 1/2)
Army of Darkness,1992,d.- Sam Raimi (6 1/2)
Forever Young,1992,d.- Steve Miner (6 1/2)
Under Siege,1992,d.- Andrew Davis (6 1/2)
Braindead,1992,(NZ) d.- Peter Jackson (6 1/2)
Emily Bronte’s Wuthering Heights,1992,(BR-US) d.- Peter Kosminsky (6 1/2)
Leap of Faith,1992,d.- Richard Pearce (6 1/2)
The Playboys,1992,(US-BR-IRE) d.- Gillies MacKinnon (6 1/2)
Memoirs of an Invisible Man,1992,d.- John Carpenter (6 1/2)
Gladiator,1992,d.- Rowdy Herrington (6 1/2)
Radio Flyer,1992,d.- Richard Donner (6 1/2)
The Distinguished Gentleman,1992,d.- Jonathan Lynn (6 1/2)
Boomerang,1992,d.- Reginald Hudlin (6 1/2)
Monster in a Box,1992,(BR-US) d.- Nick Broomfield (6 1/2)
White Men Can’t Jump,1992,d.- Ron Shelton (6 1/2)
The Mighty Ducks,1992,d.- Stephen Herek (6 1/2)
Home Alone 2: Lost in New York,1992,d.- Chris Columbus (6 1/2)
Wind,1992,d.- Carroll Ballard (6 1/2)
K2,1992,(BR-JAP-US) d.- Franc Roddam (6 1/2)
The Bodyguard,1992,d.- Mick Jackson (6 1/2)
Honeymoon in Vegas,1992,d.- Andrew Bergman (6 1/2)
Candyman,1992,d.- Bernard Rose (6 1/2)
Bitter Moon,1992,(FR-BR) d.- Roman Polanski (6 1/2)
Spotswood,1992,(AUS) d.- Mark Joffe (6 1/2)
Careful,1992,(CAN) d.- Guy Maddin (6 1/2)
Leaving Normal,1992,d.- Edward Zwick (6 1/2)
The Power of One,1992,(AUS-FR-US) d.- John G. Avildsen (6 1/2)
Shadows and Fog,1992,d.- Woody Allen (6 1/2)
1492: Conquest of Paradise,1992,(BR-US-FR-SP) d.- Ridley Scott (6 1/2)
Zebrahead,1992,d.- Anthony Drazan (6 1/2)
Year of the Comet,1992,d.- Peter Yates (6 1/2)
Crush,1992,(NZ) d.- Alison Maclean (6 1/2)
CrissCross,1992,d.- Chris Menges (6 1/2)
Ruby,1992,(BR-US-JAP) d.- John Mackenzie (6 1/2)
Freejack,1992,d.- Geoff Murphy (6 1/2)
Live Wire,1992,d.- Christian Duguay (6 1/2)
That Night,1992,(FR-US) d.- Craig Bolotin (6 1/2)
Lapse of Memory,1992,(CAN-FR) d.- Patrick Dewolf (6 1/2)
Over the Hill,1992,(AUS) d.- George Miller (6 1/2)
Mr. Baseball,1992,(US-JAP) d.- Fred Schepisi (6 1/2)
Swoon,1992,d.- Tom Kalin (6 1/2)
White Sands,1992,d.- Roger Donaldson (6 1/2)
This is My Life,1992,d.- Nora Ephron (6 1/2)
Innocent Blood,1992,d.- John Landis (6 1/2)
Gas Food Lodging,1992,d.- Allison Anders (6 1/2)
Universal Soldier,1992,d.- Roland Emmerich (6 1/2)
Only You,1992,d.- Betty Thomas (6 1/2)
Encino Man,1992,d.- Les Mayfield (6 1/2)
Kuffs,1992,d.- Bruce A. Evans (6 1/2)
Jennifer Eight,1992,d.- Bruce Robinson (6 1/2)
Live Wire,1992,d.- Christian Duguay (6 1/2)
Captain Ron,1992,d.- Thom Eberhardt (6 1/2)
Raising Cain,1992,d.- Brian De Palma (6 1/2)
Pure Country,1992,d.- Christopher Cain (6 1/2)
Buffy the Vampire Slayer,1992,d.- Fran Rubel Kuzui (6 1/2)
The Babe,1992,d.- Arthur Hiller (6 1/2)
Used People,1992,(US-JAP) d.- Beeban Kidron (6 1/2)
Where the Day Takes You,1992,d.- Marc Rocco (6 1/2)
The Public Eye,1992,d.- Howard Franklin (6 1/2)
Toys,1992,d.- Barry Levinson (6 1/2)
Consenting Adults,1992,d.- Alan J. Pakula (6 1/2)
Article 99,1992,d.- Howard Deutch (6 1/2)
Guncrazy,1992,d.- Tamra Davis (6 1/2)
The Vagrant,1992,(FR-US) d.- Chris Walas (6 1/2)
Poison Ivy,1992,d.- Katt Shea (6 1/2)
Beethoven,1992,d.- Brian Levant (6 1/2)
The Long Day Closes,1992,(BR) d.- Terence Davies (6 1/2)
Stan and George’s New Life,1992,d.- Brian McKenzie (6 1/2)
Mr. Saturday Night,1992,d.- Billie Crystal (6 1/2)
Laws of Gravity,1992,d.- Nick Gomez (6 1/2)
On My Own,1992,(IT-CAN-AUS) d.- Antonio Tibaldi (6 1/2)
3 Ninjas,1992,d.- Jon Turtletaub (6 1/2)
Light Sleeper,1992,d.- Paul Schrader (6 1/2)
Man Trouble,1992,d.- Bob Rafelson (6 1/2)
The Lawnmower Man,1992,(BR-US-JAP) d.- Brett Leonard (6 1/2)
Honey I Blew Up the Kid,1992,d.- Randall Kleiser (6 1/2)
The Power of One,1992,(AUS-FR-US) d.- John G. Avildsen (6 1/2)
Secrets,1992,(NZ-AUS) d.- Michael Pattinson (6 1/2)
La Peste(The Plague),1992,(FR-BR-AR) d.- Luis Puenzo (6 1/2)
Love Potion #9,1992,d.- Dale Launer (6 1/2)
Curly Sue,1992,d.- John Hughes (6 1/2)
Change of Heart,1992,(CAN) d.- Donald Shebib (6 1/2)
The Gun in Betty Lou’s Handbag,1992,d.- Allan Moyle (6)
Passed Away,1992,d.- Charlie Peters (6)
Shining Through,1992,(US-BR) d.- David Seltzer (6)
Folks!,1992,d.- Ted Kotcheff (6)
Waterland,1992,(BR) d.- Stephen Gyllenhaal (6)
A Stranger Among Us,1992,d.- Sidney Lumet (6)
Galaxies Are Colliding,1992,d.- John Ryman (6)
Equinox,1992,d.- Alan Rudolph (6)
Passed Away,1992,d.- Charlie Peters (6)
The Resurrected,1992,d.- Dan O’Bannon (6)
Beyond the Law,1992,d.- Larry Ferguson (6)
Crossing the Bridge,1992,d.- Mike Binder (6)
Schindler's List,1993,d.- Steven Spielberg (7)
The Remains of the Day,1993,(BR) d.- James Ivory (7)
The Piano,1993,(AUS-NZ-FR) d.- Jane Campion (7)
Groundhog Day,1993,d.- Harold Ramis (7)
Philadelphia,1993,d.- Jonathan Demme (7)
Jurassic Park,1993,d.- Steven Spielberg (7)
Naked,1993,(BR) d.- Mike Leigh (7)
Tombstone,1993,d.- George P. Cosmatos (7)
Searching for Bobby Fischer,1993,d.- Steven Zaillian (6 1/2)
King of the Hill,1993,d.- Steven Soderbergh (6 1/2)
Much Ado about Nothing,1993,(BR-US) d.- Kenneth Branagh (6 1/2)
Raining Stones,1993,(BR) d.- Ken Loach (6 1/2)
The Fugitive,1993,d.- Andrew Davis (6 1/2)
Shadowlands,1993,(BR) d.- Richard Attenborough (6 1/2)
Map of the Human Heart,1993,(AUS-BR-CAN-FR) d.- Vincent Ward (6 1/2)
What's Love Got to Do with It,1993,d.- Brian Gibson (6 1/2)
Short Cuts,1993,d.- Robert Altman (6 1/2)
In the Name of the Father,1993,(IRE-BR) d.- Jim Sheridan (6 1/2)
Menace II Society,1993,"d.- Albert Hughes, Allen Hughes (6 1/2)"
Gettysburg,1993,d.- Ronald F. Maxwell (6 1/2)
Fearless,1993,d.- Peter Weir (6 1/2)
The Secret Garden,1993,(US-BR) d.- Agnieszka Holland (6 1/2)
The Joy Luck Club,1993,d.- Wayne Wang (6 1/2)
Carlito's Way,1993,d.- Brian De Palma (6 1/2)
True Romance,1993,d.- Tony Scott (6 1/2)
Sleepless in Seattle,1993,d.- Nora Ephron (6 1/2)
In the Line of Fire,1993,d.- Wolfgang Peterson (6 1/2)
What’s Eating Gilbert Grape,1993,d.- Lasse Hallstrom (6 1/2)
The Age of Innocence,1993,d.- Martin Scorsese (6 1/2)
Arizona Dream,1993,(US-FR) d.- Emir Kusturica (6 1/2)
Falling Down,1993,(FR-US) d.- Joel Schumacher (6 1/2)
Household Saints,1993,d.- Nancy Savoca (6 1/2)
The Firm,1993,d.- Sydney Pollack (6 1/2)
Six Degrees of Separation,1993,d.- Fred Schepisi (6 1/2)
The Sandlot,1993,d.- David M. Evans (6 1/2)
Manhattan Murder Mystery,1993,d.- Woody Allen (6 1/2)
This Boy’s Life,1993,d.- Michael Caton-Jones (6 1/2)
Dave,1993,d.- Ivan Reitman (6 1/2)
A Bronx Tale,1993,d.- Robert De Niro (6 1/2)
Bad Boy Bubby,1993,(AUS) d.- Rolf de Heer (6 1/2)
Mrs. Doubtfire,1993,d.- Chris Columbus (6 1/2)
Geronimo: An American Legend,1993,d.- Walter Hill (6 1/2)
Grumpy Old Men,1993,d.- Donald Petrie (6 1/2)
The Ballad of Little Jo,1993,d.- Maggie Greenwald (6 1/2)
Rudy,1993,d.- David Anspaugh (6 1/2)
Cliffhanger,1993,d.- Renny Harlin (6 1/2)
Cool Runnings,1993,d.- Jon Turtletaub (6 1/2)
Ruby in Paradise,1993,d.- Victor Nunez (6 1/2)
Sirens,1993,(AUS) d.- John Duigan (6 1/2)
The Pelican Brief,1993,d.- Alan J. Pakula (6 1/2)
Benny and Joon,1993,d.- Jeremiah S. Chechik (6 1/2)
Bopha!,1993,d.- Morgan Freeman (6 1/2)
Alive,1993,d.- Frank Marshall (6 1/2)
Addams Family Values,1993,d.- Barry Sonnenfeld (6 1/2)
Malice,1993,(CAN-US) d.- Harold Becker (6 1/2)
Addams Family Values,1993,d.- Barry Sonnenfeld (6 1/2)
Wrestling Ernest Hemingway,1993,d.- Randa Haines (6 1/2)
Sommersby,1993,d.- Jon Amiel (6 1/2)
Untamed Heart,1993,d.- Tony Bill (6 1/2)
Mr. Jones,1993,d.- Mike Figgis (6 1/2)
Romeo is Bleeding,1993,(BR-US) d.- Peter Medak (6 1/2)
House of Cards,1993,d.- Michael Lessac (6 1/2)
Hard Target,1993,d.- John Woo (6 1/2)
Little Buddha,1993,(BR-FR) d.- Bernardo Bertolucci (6 1/2)
Where the River Flows North,1993,d.- Jay Craven (6 1/2)
The Music of Chance,1993,d.- Philip Haas (6 1/2)
Homeward Bound: The Incredible Journey,1993,d.- Duwayne Dunham  (6 1/2)
Lost in Yonkers,1993,d.- Martha Coolidge (6 1/2)
Point of  No Return,1993,d.- John Badham (6 1/2)
A Home of Their Own,1993,d.- Tony Bill (6 1/2)
A Perfect World,1993,d.- Clint Eastwood (6 1/2)
The Three Musketeers,1993,(AUST-BR-US) d.- Stephen Herek (6 1/2)
Hot Shots! Part Deux,1993,d.- Jim Abrahams (6 1/2)
Demolition Man,1993,d.- Marco Brambilla (6 1/2)
The House of the Spirits,1993,(POR-GER-DEN-US) d.- Bille August (6 1/2)
Bhaji on the Beach,1993,(BR) d.- Gurinder Chadha (6 1/2)
Bound by Honor,1993,d.- Taylor Hackford (6 1/2)
Free Willy,1993,d.- Simon Wincer (6 1/2)
Century,1993,(BR) d.- Stephen Poliakoff (6 1/2)
Rising Sun,1993,d.- Philip Kaufman (6 1/2)
The Program,1993,d.- David S. Ward (6 1/2)
My Life,1993,d.- Bruce Joel Rubin (6 1/2)
Ethan Frome,1993,(BR-US) d.- John Madden (6 1/2)
Mr. Wonderful,1993,d.- Anthony Minghella (6 1/2)
Heaven and Earth,1993,d.- Oliver Stone (6 1/2)
The Saint of Fort Washington,1993,d.- Tim Hunter (6 1/2)
Hocus Pocus,1993,d.- Kenny Ortega (6 1/2)
M. Butterfly,1993,d.- David Cronenberg (6 1/2)
Made in America,1993,d.- Richard Benjamin (6 1/2)
Another Stakeout,1993,d.- John Badham (6 1/2)
A Far Off Place,1993,d.- Mikael Salomon (6 1/2)
Robin Hood: Men in Tights,1993,d.- Mel Brooks (6 1/2)
Mad Dog and Glory,1993,d.- John McNaughton (6 1/2)
The Crush,1993,d.- Alan Shapiro (6 1/2)
Indecent Proposal,1993,d.- Adrian Lyne (6 1/2)
The Good Son,1993,d.- Joseph Ruben (6 1/2)
Matinee,1993,d.- Joe Dante (6 1/2)
Love & Human Remains,1993,(CAN) d.- Denys Arcand (6 1/2)
The Adventures of Huck Finn,1993,d.- Stephen Sommers (6 1/2)
Swing Kids,1993,d.- Thomas Carter (6 1/2)
Hammers Over the Anvil,1993,(AUS) d.- Ann Turner (6 1/2)
The Real McCoy,1993,d.- Russell Mulcahy (6 1/2)
The Baby of Macon,1993,(BR-FR-GER-BEL-NETH) d.- Peter Greenaway (6 1/2)
Needful Things,1993,d.- Fraser Clarke Heston (6 1/2)
I Love a Man In a Uniform,1993,(CAN) d.- David Wellington (6 1/2)
Heart and Souls,1993,d.- Ron Underwood (6 1/2)
Splitting Heirs,1993,(BR) d.- Robert Young (6 1/2)
"Bodies, Rest & Motion",1993,d.- Michael Steinberg (6 1/2)
Posse,1993,(BR-US) d.- Mario Van Peebles (6 1/2)
Last Action Hero,1993,d.- John McTiernan (6 1/2)
Wide Sargasso Sea,1993,(AUS) d.- John Duigan (6 1/2)
Wilder Napalm,1993,d.- Glenn Gordon Caron (6 1/2)
Amongst Friends,1993,d.- Rob Weiss (6 1/2)
"Bodies, Rest & Motion",1993,d.- Michael Steinberg (6 1/2)
Rookie of the Year,1993,d.- Daniel Stern (6 1/2)
Striking Distance,1993,d.- Rowdy Herrington (6 1/2)
Sniper,1993,(US-PE) d.- Luis Llosa (6 1/2)
Frauds,1993,(AUS) d.- Stephan Elliott (6 1/2)
Loaded Weapon 1,1993,d.- Gene Quintano (6 1/2)
Born Yesterday,1993,d.- Luis Mandoki (6 1/2)
Son in Law,1993,d.- Steve Rash (6 1/2)
Judgment Night,1993,(US-JAP) d.- Stephen Hopkins (6 1/2)
For Love or Money,1993,d.- Barry Sonnenfeld (6 1/2)
For Love or Money,1993,d.- Barry Sonnenfeld (6 1/2)
Wayne’s World 2,1993,d.- Stephen Surjik (6 1/2)
Being Human,1993,(SCOT-JAP) d.- Bill Forsyth (6 1/2)
The Vanishing,1993,d.- George Sluizer (6 1/2)
Three of Hearts,1993,d.- Yurek Bogayevicz (6 1/2)
Flesh and Bone,1993,d.- Steven Kloves (6 1/2)
Amos and Andrew,1993,d.- E. Max Frye (6 1/2)
Fire in the Sky,1993,d.- Robert Lieberman (6 1/2)
The Young Americans,1993,(BR) d.- Danny Cannon (6 1/2)
The Dark Half,1993,d.- George A. Romero (6 1/2)
Dangerous Game,1993,d.- Abel Ferrara (6 1/2)
Mac,1993,d.- John Turturro (6 1/2)
Sister Act 2: Back in the Habit,1993,d.- Bill Duke (6 1/2)
The Beverly Hillbillies,1993,d.- Penelope Sheeris (6 1/2)
Quick,1993,d.- Susan Seidelman (6 1/2)
The Meteor Man,1993,d.- Robert Townsend (6 1/2)
Sibling Rivalry,1993,d.- Carl Reiner (6 1/2)
The Night We Never Met,1993,d.- Warren Leight (6 1/2)
Coneheads,1993,d.- Steve Barron (6 1/2)
The Innocent,1993,(GER-BR) d.- John Schlesinger (6 1/2)
Judgment Night,1993,(US-JAP) d.- Stephen Hopkins (6 1/2)
Huck and the King of Hearts,1993,d.- Michael Keusch (6 1/2)
What About Me,1993,d.- Rachel Amodeo (6 1/2)
The Innocent,1993,(GER-BR) d.- John Schlesinger (6 1/2)
Friends,1993,(SA-BR-FR) d.- Elaine Proctor (6 1/2)
Rich in Love,1993,d.- Bruce Beresford (6 1/2)
Boiling Point,1993,d.- James B. Harris (6 1/2)
Dennis the Menace,1993,d.- Nick Castle (6 1/2)
My Life’s in Turnaround,1993,"d.- Eric Schaeffer, Donal Lardner Ward (6 1/2)"
Beethoven’s 2nd,1993,d.- Rod Daniel (6 1/2)
The Cemetery Club,1993,d.- Bill Duke (6 1/2)
A Dangerous Woman,1993,d.- Stephen Gyllenhaal (6)
Samurai Cowboy,1993,(CAN) d.- Michael Keusch (6)
The Young Americans,1993,(BR) d.- Danny Cannon (6)
The Thing Called Love,1993,d.- Peter Bogdanovich (6)
Ed and His Dead Mother,1993,d.- Jonathan Wacks (6)
Joshua Tree,1993,d.- Vic Armstrong (6)
Samurai Cowboy,1993,(CAN) d.- Michael Keusch (6)
Deadly Advice,1993,(BR) d.- Mandie Fletcher (6)
Fortress,1993,(AUS-US) d.- Stuart Gordon (6)
Surf Ninjas,1993,d.- Neal Israel (6)
Nowhere to Run,1993,d.- Robert Harmon (6)
The Neighbor,1993,d.- Rodney Gibbons (6)
Guilty As Sin,1993,d.- Sidney Lumet (6 1/2)
The Harvest,1993,d.- David Marconi (6)
Aspen Extreme,1993,d.- Patrick Hasburgh (6)
Hour of the Pig,1993,(FR-BR) d.- Leslie Megahey (5 1/2)
Pulp Fiction,1994,d.- Quentin Tarantino (7)
Forrest Gump,1994,d.- Robert Zemeckis (7)
The Shawshank Redemption,1994,d.- Frank Darabont (7)
Once Were Warriors,1994,(NZ) d.- Lee Tamahori (7)
Ed Wood,1994,d.- Tim Burton (7)
Heavenly Creatures,1994,(NZ) d.- Peter Jackson (7)
Bullets Over Broadway,1994,d.- Woody Allen (7)
Little Women,1994,d.- Gillian Armstrong (6 1/2)
Four Weddings and a Funeral,1994,(BR) d.- Mike Newell (6 1/2)
Quiz Show,1994,d.- Robert Redford (6 1/2)
Fresh,1994,(FR-US) d.- Boaz Yakin (6 1/2)
The Secret of Roan Inish,1994,(US-IRE) d.- John Sayles (6 1/2)
Leon(The Professional),1994,(FR-US) d.- Luc Besson (6 1/2)
Ladybird Ladybird,1994,(BR) d.- Ken Loach (6 1/2)
The Madness of King George,1994,(BR) d.- Nicholas Hytner (6 1/2)
The Crow,1994,d.- Alex Proyas (6 1/2)
Vanya on 42nd Street,1994,(US-BR) d.- Louis Malle (6 1/2)
Speed,1994,d.- Jan De Bont (6 1/2)
The Hudsucker Proxy,1994,d.- Joel Coen (6 1/2)
Double Happiness,1994,(CAN) d.- Mina Shum (6 1/2)
"The Adventures of Priscilla, Queen of the Desert",1994,(AUS) d.- Stephan Elliott (6 1/2)
The Last Seduction,1994,d.- John Dahl (6 1/2)
Nobody's Fool,1994,d.- Robert Benton (6 1/2)
Dolores Claiborne,1994,d.- Taylor Hackford (6 1/2)
Immortal Beloved,1994,(BR-US) d.- Bernard Rose (6 1/2)
Legends of the Fall,1994,d.- Edward Zwick (6 1/2)
Second Best,1994,(BR-US) d.- Chris Menges (6 1/2)
The Sum of Us,1994,"(AUS) d.- Geoff Burton, Kevin Dowling (6 1/2)"
Death and the Maiden,1994,(BR-US-FR) d. Roman Polanski (6 1/2)
True Lies,1994,d.- James Cameron (6 1/2)
Squanto: A Warrior's Tale,1994,d.- Xavier Koller (6 1/2)
Interview with the Vampire: The Vampire Chronicles,1994,d.- Neil Jordan (6 1/2)
Shallow Grave,1994,(SCOT) d.- Danny Boyle (6 1/2)
"Corrina, Corrina",1994,d.- Jessie Nelson (6 1/2)
Maverick,1994,d.- Richard Donner (6 1/2)
Losing Isaiah,1994,d.- Stephen Gyllenhaal (6 1/2)
Blue Sky,1994,d.- Tony Richardson (6 1/2)
The Mask,1994,d.- Charles Russell (6 1/2)
The Client,1994,d.- Joel Schumacher (6 1/2)
The Browning Version,1994,(BR) d.- Mike Figgis (6 1/2)
Natural Born Killers,1994,d.- Oliver Stone (6 1/2)
Priest,1994,(BR) d.- Antonia Bird (6 1/2)
It Could Happen to You,1994,d.- Andrew Bergman (6 1/2)
Clear and Present Danger,1994,d.- Phillip Noyce (6 1/2)
Only You,1994,d.- Norman Jewison (6 1/2)
Don Juan DeMarco,1994,d.- Jeremy Leven (6 1/2)
Clerks,1994,d.- Kevin Smith (6 1/2)
Barcelona,1994,d.- Whit Stillman (6 1/2)
Mrs. Parker and the Vicious Circle,1994,d.- Alan Rudolph (6 1/2)
The Paper,1994,d.- Ron Howard (6 1/2)
The War,1994,d.- Jon Avnet (6 1/2)
Blink,1994,d.- Michael Apted (6 1/2)
Stargate,1994,d.- (FR-US) d.- Roland Emmerich (6 1/2)
Eden Valley,1994,"(BR) d.- Amber Production Team, Richard Grassick (6 1/2)"
Tom and Viv,1994,(BR-US) d.- Brian Gilbert (6 1/2)
Star Trek: Generations,1994,d.- David Carson (6 1/2)
The River Wild,1994,d.- Curtis Hanson (6 1/2)
I.Q.,1994,d.- Fred Schepisi (6 1/2)
"My Father, The Hero",1994,d.- Steve Miner (6 1/2)
Speechless,1994,d.- Ron Underwood (6 1/2)
The Ref,1994,d.- Ted Demme (6 1/2)
Wolf,1994,d.- Mike Nichols (6 1/2)
The Shadow,1994,d.- Russell Mulcahy (6 1/2)
The Glass Shield,1994,(FR-US) d.- Charles Burnett (6 1/2)
Timecop,1994,(US-JAP) d.- Peter Hyams (6 1/2)
Drop Zone,1994,d.- John Badham (6 1/2)
When a Man Loves a Woman,1994,d.- Luis Mandoki (6 1/2)
Wyatt Earp,1994,d.- Lawrence Kasdan (6 1/2)
Ace Ventura: Pet Detective,1994,d.- Tom Shadyac (6 1/2)
Black Beauty,1994,(BR-US) d.- Caroline Thompson (6 1/2)
Backbeat,1994,(BR-GER) d.- Iain Softley (6 1/2)
Disclosure,1994,d.- Barry Levinson (6 1/2)
A Simple Twist of Fate,1994,d.- Gillies MacKinnon (6 1/2)
What Happened Was…,1994,d.- Tom Noonan (6 1/2)
Crooklyn,1994,d.- Spike Lee (6 1/2)
Nell,1994,d.- Michael Apted (6 1/2)
Amateur,1994,(US-BR-FR) d.- Hal Hartley (6 1/2)
War of the Buttons,1994,(IRE-BR-FR-JAP) d.- John Roberts (6 1/2)
Love Affair,1994,d.- Glenn Gordon Caron (6 1/2)
Wyatt Earp,1994,d.- Lawrence Kasdan (6 1/2)
Guarding Tess,1994,d.- Hugh Wilson (6 1/2)
Sister My Sister,1994,(BR) d.- Nancy Meckler (6 1/2)
Sugar Hill,1994,d.- Leon Ichaso (6 1/2)
Blown Away,1994,d.- Stephen Hopkins (6 1/2)
Oleanna,1994,d.- David Mamet (6 1/2)
A Man of No Importance,1994,(IRE-BR)  d.- Suri Krishnamma (6 1/2)
The Last Good Time,1994,d.- Bob Balaban (6 1/2)
I’ll Do Anything,1994,d.- James L. Brooks (6 1/2)
Intersection,1994,d.- Mark Rydell (6 1/2)
Wes Craven’s New Nightmare,1994,d.- Wes Craven (6 1/2)
I Love Trouble,1994,d.- Charles Shyer (6 1/2)
The Getaway,1994,(US-JAP) d.- Roger Donaldson (6 1/2)
Miracle on 34th Street,1994,d.- Les Mayfield (6 1/2)
Camilla,1994,(CAN-BR) d.- Deepa Mehta (6 1/2)
Lassie,1994,d.- Daniel Petrie (6 1/2)
Little Giants,1994,d.- Duwayne Dunham (6 1/2)
Serial Mom,1994,d.- John Waters (6 1/2)
Milk Money,1994,d.- Richard Benjamin (6 1/2)
The Specialist,1994,(PERU-US) d.- Luis Llosa (6 1/2)
Blue Chips,1994,d.- William Friedkin (6 1/2)
Rennaisance Man,1994,d.- Penny Marshall (6 1/2)
Metal Skin,1994,(AUS) d.- Geoffrey Wright (6 1/2)
Cobb,1994,d.- Ron Shelton (6 1/2)
Spanking the Monkey,1994,d.- David O. Russell (6 1/2)
Nadja,1994,d.- Michael Almereyda (6 1/2)
Go Fish,1994,d.- Rose Troche (6 1/2)
Mary Shelley’s Frankenstein,1994,(BR-JAP-US) d.- Kenneth Branagh (6 1/2)
Night of the Running Man,1994,d.- Mark L. Lester (6 1/2)
Greedy,1994,d.- Jonathan Lynn (6 1/2)
Prince of Jutland,1994,(NETH-BR-DEN-FR-GER) d.- Gabriel Axel (6 1/2)
City Slickers II: The Legend of Curly’s Gold,1994,d.- Paul Weiland (6 1/2)
Surviving the Game,1994,d.- Ernest R. Dickerson (6 1/2)
Captives,1994,(BR) d.- Angela Pope (6 1/2)
Dumb & Dumber,1994,d.- Peter Farrelly (6 1/2)
The Cowboy Way,1994,d.- Gregg Champion (6 1/2)
It Runs in the Family,1994,d.- Bob Clark (6 1/2)
The Pagemaster,1994,d.- Joe Johnston (6 1/2)
Richie Rich,1994,d.- Donald Petrie (6 1/2)
Threesome,1994,d.- Andrew Fleming (6 1/2)
Reality Bites,1994,d.- Ben Stiller (6 1/2)
Naked Gun 33 1/3: The Final Insult,1994,d.- Peter Segal (6 1/2)
Bad Girls,1994,d.- Jonathan Kaplan (6 1/2)
8 Seconds,1994,d.- John G. Avildsen (6 1/2)
The Little Rascals,1994,d.- Penelope Spheeris (6 1/2)
Fear of a Black Hat,1994,(US-BR) d.- Rusty Cundieff (6 1/2)
Pontiac Moon,1994,d.- Peter Medak (6 1/2)
A Good Man in Africa,1994,(SA-US) d.- Bruce Beresford (6 1/2)
Angie,1994,d.- Martha Coolidge (6 1/2)
Exotica,1994,(CAN) d.- Atom Egoyan (6 1/2)
The Air Up There,1994,d.- Paul Michael Glaser (6 1/2)
Beverly Hills Cop III,1994,d.- John Landis (6 1/2)
Amateur,1994,(US-BR-FR) d.- Hal Hartley (6 1/2)
Silent Tongue,1994,(FR-NETH-BR-US) d.- Sam Shepard (6 1/2)
Angels in the Outfield,1994,d.- William Dear (6 1/2)
The Scout,1994,d.- Michael Ritchie (6 1/2)
The Last Tatoo,1994,(NZ) d.- John Reid (6 1/2)
The Road to Wellville,1994,d.- Alan Parker (6 1/2)
A Low Down Dirty Shame,1994,d.- Keenen Ivory Wayans (6 1/2)
Trial by Jury,1994,d.- Heywood Gould (6 1/2)
Princess Caraboo,1994,(BR-US) d.- Michael Austin (6 1/2)
The Flintstones,1994,d.- Brian Levant (6 1/2)
The Chase,1994,d.- Adam Rifkin (6 1/2)
The Inkwell,1994,d.- Matty Rich (6 1/2)
Blankman,1994,d.- Mike Binder (6 1/2)
The Dark,1994,(CAN) d.- Craig Pryce (6 1/2)
Killing Zoe,1994,(FR-US) d.- Roger Avary (6 1/2)
Spider & Rose,1994,(AUS) d.- Bill Bennett (6 1/2)
Clean Slate,1994,d.- Mick Jackson (6 1/2)
Dallas Doll,1994,(AUS) d.- Ann Turner (6)
Airheads,1994,d.- Michael Lehmann (6 1/2)
Killer,1994,d.- Mark Malone (6)
The New Age,1994,d.- Michael Tolkin (6)
Paperback Romance,1994,(AUS) d.- Ben Lewin (6)
Naked in New York,1994,d.- Daniel Algrant (6)
Camp Nowhere,1994,d.- Jonathan Prince (6)
Imaginary Crimes,1994,d.- Anthony Drazen (6)
S.F.W.,1994,d.- Jefery Levy (6)
The Favor,1994,d.- Donald Petrie (6)
Brainscan,1994,(CAN-US-BR) d.- John Flynn (6)
Clifford,1994,d.- Paul Flaherty (6)
The Stoned Age,1994,d.- James Melkonian (6)
Nina Takes a Lover,1994,d.- Alan Jacobs (6)
Trial by Jury,1994,d.- Heywood Gould (6)
Bad Blood,1994,d.- Tibor Takacs (5 1/2)
I Like it Like That,1994,d.- Darnell Martin (5 1/2)
Leprechaun,1994,d.- Mark Jones (5 1/2)
Braveheart,1995,d.- Mel Gibson (7)
Se7en,1995,d.- David Fincher (7)
Twelve Monkeys,1995,d.- Terry Gilliam (7)
Sense and Sensibility,1995,(US-BR) d.- Ang Lee (7)
Babe,1995,(AUS) d.- Chris Noonan (7)
The Usual Suspects,1995,d.- Bryan Singer (7)
Apollo 13,1995,d.- Ron Howard (7)
Land and Freedom,1995,(BR-SP) d.- Ken Loach (7)
Leaving Las Vegas,1995,d.- Mike Figgis (7)
Heat,1995,d.- Michael Mann (7)
Slingblade,1995,d.- Billy Bob Thornton (7)
The Bridges of Madison County,1995,d.- Clint Eastwood (6 1/2)
Dead Man Walking,1995,d.- Tim Robbins (6 1/2)
A Little Princess,1995,d.- Alfonso Cuaron (6 1/2)
The Ice Storm,1995,d.- Ang Lee (6 1/2)
Before Sunrise,1995,(US-AUST-SW) d.- Richard Linklater (6 1/2)
Once Upon a Time…When We Were Colored,1995,d.- Tim Reid (6 1/2)
Mr. Holland's Opus,1995,d.- Stephen Herek (6 1/2)
Casino,1995,d.- Martin Scorsese (6 1/2)
Muriel's Wedding,1995,(AUS) d.- P. J. Hogan (6 1/2)
Crimson Tide,1995,d.- Tony Scott (6 1/2)
Nixon,1995,d.- Oliver Stone (6 1/2)
Richard III,1995,(BR) d.- Richard Loncraine (6 1/2)
Rob Roy,1995,d.- Michael Caton-Jones (6 1/2)
Othello,1995,(US-BR) d.- Oliver Parker (6 1/2)
GoldenEye,1995,(BR-US) d.- Martin Campbell (6 1/2)
"Cry, the Beloved Country",1995,(SA) d.- Darrell Roodt (6 1/2)
Little Odessa,1995,d.- James Gray (6 1/2)
Get Shorty,1995,d.- Barry Sonnenfeld (6 1/2)
The American President,1995,d.- Rob Reiner (6 1/2)
Copycat,1995,d.- Jon Amiel (6 1/2)
Clockers,1995,d.- Spike Lee (6 1/2)
Diehard: With a Vengeance,1995,d.- John McTiernan (6 1/2)
Smoke,1995,(GER-US-JAP) d.- Wayne Wang (6 1/2)
In the Bleak Midwinter,1995,(BR) d.- Kenneth Branagh (6 1/2)
Friday,1995,d.- F. Gary Gray (6 1/2)
Funny Bones,1995,(BR-US) - Peter Chelsom (6 1/2)
Georgia,1995,d.- Ulu Grosbard (6 1/2)
Dead Presidents,1995,"d.- Albert Hughes, Allen Hughes (6 1/2)"
To Die For,1995,d.- Gus Van Sant (6 1/2)
Strange Days,1995,d.- Kathryn Bigelow (6 1/2)
Mighty Aphrodite,1995,d.- Woody Allen (6 1/2)
Bad Boys,1995,d.- Michael Bay (6 1/2)
A Walk in the Clouds,1995,(US-MEX) d.- Alfonso Arau (6 1/2)
While You Were Sleeping,1995,d.- Jon Turtletaub (6 1/2)
Clueless,1995,d.- Amy Heckerling (6 1/2)
Unstrung Heroes,1995,d.- Diane Keaton (6 1/2)
The Indian and the Cupboard,1995,d.- Frank Oz (6 1/2)
Dead Man,1995,d.- Jim Jarmusch (6 1/2)
French Kiss,1995,d.- Lawrence Kasdan (6 1/2)
Small Faces,1995,(SCOT-BR) d.- Gillies Mackinnon (6 1/2)
How to Make an American Quilt,1995,d.- Jocelyn Moorhouse (6 1/2)
Tommy Boy,1995,d.- Peter Segal (6 1/2)
Desperado,1995,d.- Robert Rodriguez (6 1/2)
Murder in the First,1995,(FR-US) d.- Marc Rocco (6 1/2)
Restoration,1995,(BR-US) d.- Michael Hoffman (6 1/2)
Frankie Starlight,1995,(IRE) d.- Michael Lindsay-Hogg (6 1/2)
My Family,1995,d.- Gregory Nava (6 1/2)
Sabrina,1995,d.- Sydney Pollack (6 1/2)
Margaret’s Museum,1995,(CAN-BR) d.- Mort Ransen (6 1/2)
Go Now,1995,(BR) d.- Michael Winterbottom (6 1/2)
The Basketball Diaries,1995,d.- Scott Kalvert (6 1/2)
Outbreak,1995,d.- Wolfgang Peterson (6 1/2)
The Crossing Guard,1995,d.- Sean Penn (6 1/2)
The Perez Family,1995,d.- Mira Nair (6 1/2)
Carrington,1995,(BR-FR) d.- Christopher Hampton (6 1/2)
Forget Paris,1995,d.- Billy Crystal (6 1/2)
Boys on the Side,1995,d.- Herbert Ross (6 1/2)
Higher Learning,1995,d.- John Singleton (6 1/2)
The Net,1995,d.- Irwin Winkler (6 1/2)
Heavy,1995,d.- James Mangold (6 1/2)
Batman Forever,1995,d.- Joel Schumacher (6 1/2)
The Quick and the Dead,1995,d.- Sam Raimi (6 1/2)
Living in Oblivion,1995,d.- Tom DeCillo (6 1/2)
The Englishman Who Went Up a Hill*,1995,(BR) d. Christopher Monger (6 1/2)
Jeffrey,1995,d.- Christopher Ashley (6 1/2)
Nick of Time,1995,d.- John Badham (6 1/2)
Father of the Bride Part II,1995,d.- Charles Shyer (6 1/2)
Species,1995,d.- Roger Donaldson (6 1/2)
When Night Is Falling,1995,(CAN) d.- Patricia Rozema (6 1/2)
Angels and Insects,1995,(US-BR) d.- Philip Haas (6 1/2)
Waiting to Exhale,1995,d.- Forest Whitaker (6 1/2)
The Brady Bunch Movie,1995,d.- Betty Thomas (6 1/2)
Powder,1995,d.- Victor Salva (6 1/2)
Denise Calls Up,1995,d.- Hal Salwen (6 1/2)
Jefferson in Paris,1995,(FR-US) d.- James Ivory (6 1/2)
Moonlight and Valentino,1995,(BR-US) d.- David Anspaugh (6 1/2)
Total Eclipse,1995,(BR-FR-BEL-IT) d.- Agnieszka Holland (6 1/2)
Butterfly Kiss,1995,(BR) d.- Michael Winterbottom (6 1/2)
A Month By the Lake,1995,(BR-US) d.- John Irvin (6 1/2)
Assassins,1995,d.- Richard Donner (6 1/2)
Under Siege 2: Dark Territory,1995,d.- Geoff Murphy (6 1/2)
Billy Madison,1995,d.- Tamra Davis (6 1/2)
Canadian Bacon,1995,d.- Michael Moore (6 1/2)
Roosters,1995,d.- Robert M. Young (6 1/2)
Judge Dredd,1995,d.- Danny Cannon (6 1/2)
The Money Train,1995,d.- Joseph Ruben (6 1/2)
Home for the Holidays,1995,d.- Jodie Foster (6 1/2)
New Jersey Drive,1995,d.- Nick Gomez (6 1/2)
Dangerous Minds,1995,d.- John M. Smith (6 1/2)
Something to Talk About,1995,d.- Lasse Hallstrom (6 1/2)
Congo,1995,d.- Frank Marshall (6 1/2)
Jack & Sarah,1995,(FR-BR) d.- Tim Sullivan (6 1/2)
In the Mouth of Madness,1995,d.- John Carpenter (6 1/2)
Two Deaths,1995,(BR) d.- Nicolas Roeg (6 1/2)
Houseguest,1995,d.- Randall Miller (6 1/2)
Three Wishes,1995,d.- Martha Coolidge (6 1/2)
Jumanji,1995,d.- Joe Johnston (6 1/2)
Blue in the Face,1995,"d.- Paul Auster, Wayne and Harvey Wang (6 1/2)"
Wild Bill,1995,d.- Walter Hill (6 1/2)
"To Wong Foo Thanks for Everything, Julie Newmar",1995,d.- Beeban Kidron (6 1/2)
Last of the Dogmen,1995,d.- Tab Murphy (6 1/2)
Grumpier Old Men,1995,d.- Howard Deutch (6 1/2)
Underneath,1995,d.- Steven Soderbergh (6 1/2)
Dance Me Outside,1995,d.- Bruce McDonald (6 1/2)
Vampire in Brooklyn,1995,d.- Wes Craven (6 1/2)
Just Cause,1995,d.- Arne Glimcher (6 1/2)
Now and Then,1995,d.- Lesli Linka Glatter (6 1/2)
Waterworld,1995,d.- Kevin Reynolds (6 1/2)
Tall Tale,1995,d.- Jeremiah S. Chechik (6 1/2)
Far From Home: The Adventures of Yellow Dog,1995,d.- Phillip Borsos (6 1/2)
The Brothers McMullen,1995,d.- Edward Burns (6 1/2)
The Incredibly True Adventure of Two Girls in Love,1995,d.- Maria Maggenti (6 1/2)
The Amazing Panda Adventure,1995,d.- Christopher Cain (6 1/2)
An Awfully Big Adventure,1995,(BR) d.- Mike Newell (6 1/2)
Palookaville,1995,d.- Alan Taylor (6 1/2)
Kids,1995,d.- Larry Clark (6 1/2)
Village of the Damned,1995,d.- John Carpenter (6 1/2)
Mortal Kombat,1995,d.- Paul W. S. Anderson (6 1/2)
Canadian Bacon,1995,d.- Michael Moore (6 1/2)
Dracula: Dead and Loving It,1995,(US-FR) d.- Mel Brooks (6 1/2)
The Scarlet Letter,1995,d.- Roland Joffe (6 1/2)
Manhattan Merengue!,1995,d.- Joseph B. Vasquez (6 1/2)
Cutthroat Island,1995,(US-FR-IT-GER) d.- Renny Harlin (6 1/2)
Roomates,1995,d.- Peter Yates (6 1/2)
Reckless,1995,d.- Norman Rene (6 1/2)
Casper,1995,d.- Brad Silberling (6 1/2)
The Addiction,1995,(US-ARG) d.- Abel Ferrara (6 1/2)
Kiss of Death,1995,d.- Barbet Schroeder (6 1/2)
Candyman: Farewell to the Flesh,1995,d.- Bill Condon (6 1/2)
Sudden Death,1995,d.- Peter Hyams (6 1/2)
Fluke,1995,d.- Carlo Carlei (6 1/2)
Haunted,1995,(BR-US) d.- Lewis Gilbert (6 1/2)
Virtuosity,1995,d.- Brett Leonard (6 1/2)
Let It Be Me,1995,d.- Eleanor Bergstein (6 1/2)
Johnny Mnemonic,1995,(CAN-US) d.- Robert Longo (6 1/2)
Angus,1995,(US-BR-GER-FR) d.- Patrick Read Johnson (6 1/2)
Two Bits,1995,d.- James Foley (6 1/2)
Things to Do in Denver When You’re Dead,1995,d.- Gary Fleder (6 1/2)
Last Summer in the Hamptons,1995,d.- Henry Jaglom (6 1/2)
Nine Months,1995,d.- Chris Columbus (6 1/2)
Mallrats,1995,d.- Kevin Smith (6 1/2)
Bad Company,1995,d.- Damian Harris (6 1/2)
Angel Baby,1995,(AUS) d.- Michael Rhymer (6 1/2)
Lord of Illusions,1995,d.- Clive Barker (6 1/2)
Gospa,1995,(CRO-CAN-US) d.- Jakov Sedlar (6 1/2)
Frank and Jesse,1995,d.- Robert Boris (6 1/2)
The Prophecy,1995,d.- Gregory Widen (6 1/2)
Let It Be Me,1995,d.- Eleanor Bergstein (6 1/2)
One Tough Bastard,1995,d.- Kurt Wimmer (6 1/2)
The Walking Dead,1995,d.- Preston A. Whitmore II (6 1/2)
Panther,1995,(BR-US) d.- Mario Van Peebles (6 1/2)
The Grass Harp,1995,d.- Charles Matthau (6 1/2)
Stonewall,1995,(BR) d.- Nigel Finch (6 1/2)
Two Much,1995,(SP-US) d.- Fernando Trueba (6 1/2)
Café Society,1995,d.- Raymond De Felitta (6)
Wild Side,1995,(BR-US) d.- Donald Cammell (6)
Feast of July,1995,(US-BR) d.- Christopher Menaul (6)
Hideaway,1995,d.- Brett Leonard (6)
White Man’s Burden,1995,(FR-US) d.- Desmond Nakano (6)
Screamers,1995,(CAN-US-JAP) d.- Christian Duguay (6)
Nothing Personal,1995,(BR-IRE) d.- Thaddeus O’Sullivan (6)
Drunks,1995,d.- Peter Cohn (6)
The Low Life,1995,d.- George Hickenlooper (6)
Bushwacked,1995,d.- Greg Beeman (6)
Pharaoh’s Army,1995,d.- Robby Henson (6)
Tom and Huck,1995,d.- Peter Hewitt (6)
Miami Rhapsody,1995,d.- David Frankel (6)
Kicking and Screaming,1995,d.- Noah Baumbach (6)
Bye Bye Love,1995,d.- Sam Weisman (6)
The Hunted,1995,d.- J.F. Lawton (6)
Homage,1995,d.- Ross Kagan Marks (6)
Fargo,1996,d.- Joel Coen (7)
Hamlet,1996,(BR-US) d.- Kenneth Branagh (7)
Shine,1996,(AUS) d.- Scott Hicks (7)
The English Patient,1996,(US-BR) d.- Anthony Minghella (7)
Breaking the Waves,1996,(DEN) d.- Lars von Trier (7)
Secrets and Lies,1996,(BR-FR) d.- Mike Leigh (7)
Lone Star,1996,d.- John Sayles (6 1/2)
Jerry Maguire,1996,d.- Cameron Crowe (6 1/2)
Courage Under Fire,1996,d.- Edward Zwick (6 1/2)
Trainspotting,1996,(SCOT) d.- Danny Boyle (6 1/2)
Welcome to the Dollhouse,1996,d.- Todd Solondz (6 1/2)
A Time to Kill,1996,d.- Joel Schumacher (6 1/2)
Michael Collins,1996,(BR-IRE-US) d.- Neil Jordan (6 1/2)
The Crucible,1996,d.- Nicholas Hytner (6 1/2)
The People vs. Larry Flynt,1996,(CAN-US) d.- Milos Forman (6 1/2)
Twelfth Night: Or What You Will,1996,(BR-IRE-US) d.- Trevor Nunn (6 1/2)
Primal Fear,1996,d.- Gregory Hoblit (6 1/2)
Sydney(Hard Eight),1996,d.- Paul Thomas Anderson (6 1/2)
Jude,1996,(BR) d.- Michael Winterbottom (6 1/2)
Basquiat,1996,d.- Julian Schnabel (6 1/2)
The Birdcage,1996,d.- Mike Nichols (6 1/2)
Looking for Richard,1996,d.- Al Pacino (6 1/2)
Fly Away Home,1996,d.- Carroll Ballard (6 1/2)
The Portrait of a Lady,1996,(BR) d.- Jane Campion (6 1/2)
The Rock,1996,d.- Michael Bay (6 1/2)
Emma,1996,(BR-US) d.- Douglas McGrath (6 1/2)
Marvin's Room,1996,d.- Jerry Zaks (6 1/2)
Big Night,1996,d.- Stanley Tucci (6 1/2)
Waiting For Guffman,1996,d.- Christopher Guest (6 1/2)
Twister,1996,d.- Jan De Bont (6 1/2)
The First Wives Club,1996,d.- Hugh Wilson (6 1/2)
Evita,1996,d.- Alan Parker (6 1/2)
Brassed Off,1996,(BR-US) d.- Mark Herman (6 1/2)
Scream,1996,d.- Wes Craven (6 1/2)
Unhook the Stars,1996,(FR-US) d.- Nick Cassavettes (6 1/2)
Some Mother’s Son,1996,(IRE-US) d.- Terry George (6 1/2)
Citizen Ruth,1996,d.- Alexander Payne (6 1/2)
Mother,1996,d.- Albert Brooks (6 1/2)
Bottle Rocket,1996,d.- Wes Anderson (6 1/2)
Devil in a Blue Dress,1996,d.- Carl Franklin (6 1/2)
Some Mother’s Son,1996,(IRE-US) d.- Terry George (6 1/2)
Flirting with Disaster,1996,d.- David O. Russell (6 1/2)
Everyone Says I Love You,1996,d.- Woody Allen (6 1/2)
Gray’s Anatomy,1996,(BR-US) d.- Steven Soderbergh (6 1/2)
Cosi,1996,(AUS) d.- Mark Joffe (6 1/2)
Beautiful Girls,1996,d.- Ted Demme (6 1/2)
The Van,1996,(BR-IRE) d.- Stephen Frears (6 1/2)
Independence Day,1996,d.- Roland Emmerich (6 1/2)
A Family Thing,1996,d.- Richard Pearce (6 1/2)
The Whole Wide World,1996,d.- Dan Ireland (6 1/2)
Matilda,1996,d.- Danny De Vito (6 1/2)
Manny And Lo,1996,d.- Lisa Krueger (6 1/2)
Phenomenon,1996,d.- Jon Turtletaub (6 1/2)
Sleepers,1996,d.- Barry Levinson (6 1/2)
Mission Impossible,1996,d.- Brian De Palma (6 1/2)
Get on the Bus,1996,d.- Spike Lee (6 1/2)
Daylight,1996,d.- Rob Cohen (6 1/2)
White Squall,1996,d.- Ridley Scott (6 1/2)
Michael,1996,d.- Nora Ephron (6 1/2)
The Frighteners,1996,(NZ-US) d.- Peter Jackson (6 1/2)
The Nutty Professor,1996,d.- Tom Shadyac (6 1/2)
The Mirror Has Two Faces,1996,d.- Barbra Streisand (6 1/2)
Mother Night,1996,d.- Keith Gordon (6 1/2)
Jane Eyre,1996,(FR-IT-BR-US) d.- Franco Zeffirelli (6 1/2)
One Fine Day,1996,d.- Michael Hoffman (6 1/2)
Grace of My Heart,1996,d.- Allison Anders (6 1/2)
The Pillow Book,1996,(FR-BR-NETH-LUX) d.- Peter Greenaway (6 1/2)
Mary Reilly,1996,d.- Stephen Frears (6 1/2)
William Shakespeare’s Romeo + Juliet,1996,d.- Baz Luhrmann (6 1/2)
The Funeral,1996,d.- Abel Ferrara (6 1/2)
The Quiet Room,1996,(AUS-IT-FR) d.- Rolf de Heer (6 1/2)
Executive Decision,1996,d.- Stuart Baird (6 1/2)
Muppet Treasure Island,1996,d.- Brian Henson (6 1/2)
Ransom,1996,d.- Ron Howard (6 1/2)
Dragonheart,1996,d.- Rob Cohen (6 1/2)
The Arrival,1996,d.- David Twohy (6 1/2)
The Associate,1996,d.- Donald Petrie (6 1/2)
The Long Kiss Goodnight,1996,d.- Renny Harlin (6 1/2)
Set It Off,1996,d.- F. Gary Gray (6 1/2)
The Making of the Mahatma,1996,(SA-IND) d.- Shyam Benegal (6 1/2)
The Truth About Cats and Dogs,1996,d.- Michael Lehmann (6 1/2)
When Saturday Comes,1996,(BR) d.- Maria Giese (6 1/2)
Lilian’s Story,1996,(AUS) d.- Jerzy Domaradzki (6 1/2)
That Thing You Do,1996,d.- Tom Hanks (6 1/2)
Blood and Wine,1996,(US-BR) d.- Bob Rafelson (6 1/2)
Stealing Beauty,1996,(IT-FR-BR) d.- Bernardo Bertolucci (6 1/2)
Caught,1996,d.- Robert M. Young (6 1/2)
Mulholland Falls,1996,d.- Lee Tamahori (6 1/2)
From Dusk Till Dawn,1996,d.- Robert Rodriguez (6 1/2)
Heaven’s Prisoners,1996,d.- Phil Joanou (6 1/2)
Ghosts of Mississippi,1996,d.- Rob Reiner (6 1/2)
Happy Gilmore,1996,d.- Dennis Dugan (6 1/2)
The Ghost and The Darkness,1996,d.- Stephen Hopkins (6 1/2)
The Juror,1996,d.- Brian Gibson (6 1/2)
The Last of the High Kings,1996,(DEN-IRE-BR) d.- David Keating (6 1/2)
Extreme Measures,1996,d.- Michael Apted (6 1/2)
Crash,1996,(CAN-BR) d.- David Cronenberg (6 1/2)
SubUrbia,1996,d.- Richard Linklater (6 1/2)
Eye for an Eye,1996,d.- John Schlesinger (6 1/2)
Harriet the Spy,1996,d.- Bronwen Hughes (6 1/2)
Kingpin,1996,"d.- Bobby Farrelly, Peter Farrelly (6 1/2)"
The Preacher’s Wife,1996,d.- Penny Marshall (6 1/2)
It’s My Party,1996,d.- Randal Kleiser (6 1/2)
Last Dance,1996,d.- Bruce Beresford (6 1/2)
Beautiful Thing,1996,(BR) d.- Hettie MacDonald (6 1/2)
Up Close and Personal,1996,d.- Jon Avnet (6 1/2)
Star Trek: First Contact,1996,d.- Jonathan Frakes (6 1/2)
Brilliant Lies,1996,(AUS) d.- Richard Franklin (6 1/2)
No Way Home,1996,(US-BR) d.- Buddy Giovinazzo (6 1/2)
Escape From L.A.,1996,d.- John Carpenter (6 1/2)
Walking and Talking,1996,(BR-US-GER) d.- Nicole Holofcener (6 1/2)
Box of Moon Light,1996,(US-JAP) d.- Tom DiCillo (6 1/2)
Schizopolis,1996,d.- Steven Soderbergh (6 1/2)
Carried Away,1996,d.- Bruno Barreto (6 1/2)
The Chamber,1996,d.- James Foley (6 1/2)
The Phantom,1996,(AUS-US) d.- Simon Wincer (6 1/2)
Last Man Standing,1996,d.- Walter Hill (6 1/2)
She’s the One,1996,d.- Edward Burns (6 1/2)
When Saturday Comes,1996,(BR) d.- Maria Giese (6 1/2)
Albino Alligator,1996,(US-FR) d.- Kevin Spacey (6 1/2)
The War at Home,1996,d.- Emilio Estevez (6 1/2)
Kama Sutra: A Tale of Love,1996,(IND) d.- Mira Nair (6 1/2)
The Cable Guy,1996,d.- Ben Stiller (6 1/2)
The Last Supper,1996,d.- Stacy Title (6 1/2)
Eraser,1996,d.- Chuck Russell (6 1/2)
Normal Life,1996,d.- John McNaughton (6 1/2)
The War Between Us,1996,(CAN) d.- Anne Wheeler (6 1/2)
Shiloh,1996,d.- Dale Rosenbloom (6 1/2)
Sweet Nothing,1996,d.- Gary Winick (6 1/2)
Children of the Revolution,1996,(AUS) d.- Peter Duncan (6 1/2)
I’m Not Rappaport,1996,d.- Herb Gardner (6 1/2)
My Fellow Americans,1996,d.- Peter Segal (6 1/2)
Trees Lounge,1996,d.- Steve Buscemi (6 1/2)
City Hall,1996,d.- Harold Becker (6 1/2)
Fear,1996,d.- James Foley (6 1/2)
American Buffalo,1996,(BR-US) d.- Michael Corrente (6 1/2)
The Leading Man,1996,(BR) d.- John Duigan (6 1/2)
Carla’s Song,1996,(BR-SP-GER) d.- Ken Loach (6 1/2)
Before and After,1996,d.- Barbet Schroeder (6 1/2)
101 Dalmations,1996,d.- Stephen Herek (6 1/2)
Mr. Reliable,1996,(AUS) d.- Nadia Tass (6 1/2)
Broken Arrow,1996,d.- John Woo (6 1/2)
The Secret Agent,1996,(BR) d.- Christopher Hampton (6 1/2)
Original Gangstas,1996,d.- Larry Cohen (6 1/2)
The Substitute,1996,d.- Robert Mandel (6 1/2)
Mars Attacks!,1996,d.- Tim Burton (6 1/2)
Kids in the Hall: Brain Candy,1996,(CAN-US) d.- Kelly Makin (6 1/2)
The Rich Man’s Wife,1996,d.- Amy Holden Jones (6 1/2)
The Substance of Fire,1996,d.- Daniel J. Sullivan (6 1/2)
Freeway,1996,d.- Matthew Bright (6 1/2)
The Journey of August King,1996,d.- John Duigan (6 1/2)
Sgt. Bilko,1996,d.- Jonathan Lynn (6 1/2)
Howeward Bound II: Lost in San Fransisco,1996,d.- David R. Ellis (6 1/2)
Surviving Picasso,1996,d.- James Ivory (6 1/2)
Down Periscope,1996,d.- David S. Ward (6 1/2)
Feeling Minnesota,1996,d.- Steven Baigelman (6 1/2)
Striptease,1996,d.- Andrew Bergman (6 1/2)
Faithful,1996,d.- Paul Mazursky (6 1/2)
Chain Reaction,1996,d.- Andrew Davis (6 1/2)
Angela Mooney,1996,d.- (IRE) d.- Tommy McArdle (6 1/2)
Hollow Point,1996,(US-CAN) d.- Sidney J. Furie (6 1/2)
Jack,1996,d.- Francis Ford Coppola (6 1/2)
The Spitfire Grill,1996,d.- Lee David Zlotoff (6 1/2)
Two If By Sea,1996,d.- Bill Bennett (6 1/2)
Hard Core Logo,1996,(CAN) d.- Bruce McDonald (6 1/2)
Mrs. Winterbourne,1996,d.- Richard Benjamin (6 1/2)
Boys,1996,d.- Stacy Cochran (6 1/2)
The Fan,1996,d.- Tony Scott (6 1/2)
Mrs. Winterbourne,1996,d.- Richard Benjamin (6 1/2)
Kansas City,1996,(FR-US) d.- Robert Altman (6 1/2)
Jingle All the Way,1996,d.- Brian Levant (6 1/2)
The Grave,1996,d.- Jonas Pate (6 1/2)
The Glimmer Man,1996,d.- John Gray (6 1/2)
River Street,1996,(AUS) d.- Tony Mahood (6 1/2)
Flipper,1996,d.- Alan Shapiro (6 1/2)
Head Above Water,1996,d.- Jim Wilson (6 1/2)
August,1996,(BR-US) d.- Anthony Hopkins (6 1/2)
The Leading Man,1996,(BR) d.- John Duigan (6 1/2)
The Evening Star,1996,d.- Robert Harling (6 1/2)
Coldblooded,1996,d.- Wallace Wolodarsky (6 1/2)
Small Time,1996,d.- Jeffrey Reiner (6 1/2)
Indian Summer (Alive & Kicking),1996,(BR) d.- Nancy Meckler (6 1/2)
Dunston Checks In,1996,d.- Ken Kwapis (6 1/2)
Alaska,1996,d.- Fraser Clarke Heston (6 1/2)
The Stupids,1996,d.- John Landis (6)
Swingers,1996,d.- Doug Liman (6)
Trojan Eddie,1996,(BR-IRE) d.- Gillies MacKinnon (6)
I Shot Andy Warhol,1996,(BR-US) d.- Mary Harron (6)
To Gillian on Her 37th Birthday,1996,d.- Michael Pressman (6)
Dead Heart,1996,(AUS) d.- Nick Parsons (6)
Bullet,1996,d.- Julien Temple (6)
Persons Unknown,1996,d.- George Hickenlooper (6)
The Whole Wide World,1996,d.- Dan Ireland (6)
Bed of Roses,1996,d.- Michael Goldenberg (6)
Space Truckers,1996,(BR-US-IRE) d.- Stuart Gordon (6)
Race the Sun,1996,d.- Charles T. Kanganis (6)
The Pallbearer,1996,d.- Matt Reeves (6)
Follow Me Home,1996,d.- Peter Bratt (5 1/2)
Good Luck,1996,d.- Richard LaBrie (5 1/2)
Titanic,1997,d.- James Cameron (7)
L.A. Confidential,1997,d.- Curtis Hanson (7)
As Good As It Gets,1997,d.- James L. Brooks (7)
The Sweet Hereafter,1997,(CAN) d.- Atom Egoyan (7)
Good Will Hunting,1997,d.- Gus Van Sant (7)
The Game,1997,d.- David Fincher (6 1/2)
Affliction,1997,d.- Paul Schrader (6 1/2)
Eve’s Bayou,1997,d.- Kasi Lemmons (6 1/2)
Boogie Nights,1997,d.- Paul Thomas Anderson (6 1/2)
The Wings of the Dove,1997,(BR-US) d.- Iain Softley (6 1/2)
A Simple Plan,1997,d.- Sam Raimi (6 1/2)
The Full Monty,1997,(BR) d.- Peter Cattaneo (6 1/2)
Donnie Brasco,1997,d.- Mike Newell (6 1/2)
Mrs. Brown,1997,(BR-IRE-US) d.- John Madden (6 1/2)
The Apostle,1997,d.- Robert Duval (6 1/2)
The Fifth Element,1997,(FR-US) d.- Luc Besson (6 1/2)
Contact,1997,d.- Robert Zemeckis (6 1/2)
The Hanging Garden,1997,(BR-CAN) d.- Thom Fitzgerald (6 1/2)
Men in Black,1997,d.- Barry Sonnenfeld (6 1/2)
The Boxer,1997,(US-IRE) d.- Jim Sheridan (6 1/2)
Jackie Brown,1997,d.- Quentin Tarantino (6 1/2)
Lost Highway,1997,d.- David Lynch (6 1/2)
The Devil’s Advocate,1997,d.- Taylor Hackford (6 1/2)
Amistad,1997,d.- Steven Spielberg (6 1/2)
Selena,1997,d.- Gregory Nava (6 1/2)
Ulee’s Gold,1997,d.- Victor Nunez (6 1/2)
Kundun,1997,d.- Martin Scorsese (6 1/2)
Hearts and Minds,1997,(SA) d.- Ralph Ziman (6 1/2)
Lolita,1997,(FR-US) d.- Adrian Lyne (6 1/2)
John Grisham's The Rainmaker,1997,d.- Francis Ford Coppola (6 1/2)
Gattaca,1997,d.- Andrew Niccol (6 1/2)
G. I. Jane,1997,d.- Ridley Scott (6 1/2)
Face/Off,1997,d.- John Woo (6 1/2)
My Son the Fanatic,1997,(BR-FR) d.- Udayan Prasad ( 6 1/2)
The Castle,1997,(AUS) d.- Rob Sitch (6 1/2)
In the Company of Men,1997,(CAN-US) d.- Neil LaBute (6 1/2)
Air Force One,1997,d.- Wolfgang Peterson (6 1/2)
Grosse Point Blank,1997,d.- George Armitage (6 1/2)
Mrs. Dalloway,1997,(BR-US-NETH) d.- Marleen Gorris (6 1/2)
Rosewood,1997,d.- John Singleton (6 1/2)
Cop Land,1997,d.- James Mangold (6 1/2)
Nil by Mouth,1997,(BR-FR) d.- Gary Oldman (6 1/2)
Oscar and Lucinda,1997,(US-AUS) d.- Gillian Armstrong (6 1/2)
Austin Powers: International Man of Mystery,1997,d.- Jay Roach (6 1/2)
Soul Food,1997,"d.- George Tillman, Jr. (6 1/2)"
Wag the Dog,1997,d.- Barry Levinson (6 1/2)
Love and Death on Long Island,1997,(BR-CAN) d.- Richard Kwietniowski (6 1/2)
One Night Stand,1997,d.- Mike Figgis (6 1/2)
Starship Troopers,1997,d.- Paul Verhoeven (6 1/2)
Swept From the Sea,1997,(CAN-BR-US) d.- Beeban Kidron (6 1/2)
Wilde,1997,(BR-GER-JAP) d.- Brian Gilbert (6 1/2)
Welcome to Sarajevo,1997,(BR-US) d.- Michael Winterbottom (6 1/2)
Face,1997,(BR) d.- Antonia Bird (6 1/2)
The Spanish Prisoner,1997,d.- David Mamet (6 1/2)
Con Air,1997,d.- Simon West (6 1/2)
U-Turn,1997,(US-FR) d.- Oliver Stone (6 1/2)
Regeneration,1997,(BR-CAN) d.- Gillies MacKinnon (6 1/2)
Seven Years In Tibet,1997,d.- Jean-Jacques Annaud (6 1/2)
Chasing Amy,1997,d.- Kevin Smith (6 1/2)
Breakdown,1997,d.- Jonathan Mostow (6 1/2)
In & Out,1997,d.- Frank Oz (6 1/2)
Fever Pitch,1997,(BR) d.- David Evans (6 1/2)
Gridlock’d,1997,d.- Vondie Curtis-Hall (6 1/2)
Paradise Road,1997,(AUS-US) d.- Bruce Beresford (6 1/2)
Dante’s Peak,1997,d.- Roger Donaldson (6 1/2)
Conspiracy Theory,1997,d.- Richard Donner (6 1/2)
The Peacemaker,1997,d.- Mimi Leder (6 1/2)
The Edge,1997,d.- Lee Tamahori (6 1/2)
Nothing to Lose,1997,d.- Steve Oedekerk (6 1/2)
The Jackal,1997,(US-BR-FR) d.- Michael Caton-Jones (6 1/2)
Private Parts,1997,d.- Betty Thomas (6 1/2)
Eye of God,1997,d.- Tim Blake Nelson (6 1/2)
Tomorrow Never Dies,1997,(BR-US) d.- Roger Spottiswoode (6 1/2)
Hoodlum,1997,d.- Bill Duke (6 1/2)
Suicide Kings,1997,d.- Peter O’Fallon (6 1/2)
Fools Rush In,1997,d.- Andy Tennant (6 1/2)
Blackrock,1997,(AUS) d.- Steven Vidler (6 1/2)
My Best Friend’s Wedding,1997,d.- P. J. Hogan (6 1/2)
Volcano,1997,d.- Mick Jackson (6 1/2)
The Winter Guest,1997,(BR-US) d.- Alan Rickman (6 1/2)
Afterglow,1997,d.- Alan Rudolph (6 1/2)
A Life Less Ordinary,1997,(BR-US) d.- Danny Boyle (6 1/2)
Kiss the Girls,1997,d.- Gary Fleder (6 1/2)
Metro,1997,d.- Thomas Carter (6 1/2)
Fairy Tale: A True Story,1997,(BR-US) d.- Charles Sturridge (6 1/2)
Mimic,1997,d.- Guillermo del Toro (6 1/2)
Hurricane Streets,1997,d.- Morgan J. Freeman (6 1/2)
The Brave,1997,d.- Johnny Depp (6 1/2)
Henry Fool,1997,d.- Hal Hartley (6 1/2)
Murder at 1600,1997,d.- Dwight H. Little (6 1/2)
The Saint,1997,d.- Phillip Noyce (6 1/2)
Deconstructing Harry,1997,d.- Woody Allen (6 1/2)
The Borrowers,1997,(BR-US) d.- Peter Hewitt (6 1/2)
Absolute Power,1997,d.- Clint Eastwood (6 1/2)
She’s So Lovely,1997,(FR-US) d.- Nick Cassavettes (6 1/2)
The MatchMaker,1997,(IRE-BR-US) d.- Mark Joffe (6 1/2)
Smilla’s Sense of Snow,1997,(DEN-GER-SWE) d.- Bille August (6 1/2)
A Thousand Acres,1997,d.- Jocelyn Moorhouse (6 1/2)
Deja-Vu,1997,(US-BR)  d.- Henry Jaglom (6 1/2)
The Butcher Boy,1997,(IRE-US) d.- Neil Jordan (6 1/2)
Robinson Crusoe,1997,"d.- Rod Hardy, George Miller (6 1/2)"
The Whole of the Moon,1997,(CAN-NZ) d.- Ian Mune (6 1/2)
Orphans,1997,(SCOT) d.- Peter Mullan (6 1/2)
Traveller,1997,d.- Jack N. Green (6 1/2)
Chinese Box,1997,(FR-BR-US) d.- Wayne Wang (6 1/2)
Scream 2,1997,d.- Wes Craven (6 1/2)
Red Corner,1997,d.- Jon Avnet (6 1/2)
Career Girls,1997,(BR) d.- Mike Leigh (6 1/2)
The Gambler,1997,(NETH-HUN-BR) d.- Karoly Makk (6 1/2)
Cube,1997,(CAN) d.- Vincenzo Natali (6 1/2)
A Brother’s Kiss,1997,d.- Seth Zvi Rosenfeld (6 1/2)
Inventing the Abbotts,1997,d.- Pat O’Connor (6 1/2)
Gang Related,1997,d.- Jim Kouf (6 1/2)
The Lost World: Jurassic Park,1997,d.- Steven Spielberg (6 1/2)
Shooting Fish,1997,(BR) d.- Stefan Schwartz (6 1/2)
Night Falls on Manhattan,1997,d.- Sidney Lumet (6 1/2)
Little Boy Blue,1997,d.- Antonio Tibaldi (6 1/2)
Mad City,1997,d.- Costa-Gavras (6 1/2)
Clockwatchers,1997,d.- Jill Sprecher (6 1/2)
City of Industry,1997,d.- John Irvin (6 1/2)
Fierce Creatures,1997,"(BR-US) d.- Fred Schepisi, Robert Young (6 1/2)"
Out to Sea,1997,d.- Martha Coolidge (6 1/2)
The Man Who Knew Too Little,1997,(US-GER) d.- Jon Amiel (6 1/2)
Mousehunt,1997,d.- Gore Verbinski (6 1/2)
How Stella Got Her Groove Back,1997,d.- Kevin Rodney Sullivan (6 1/2)
The Myth of Fingerprints,1997,d.- Bart Freundlich (6 1/2)
The Postman,1997,d.- Kevin Costner (6 1/2)
All Over Me,1997,d.- Alex Sichel (6 1/2)
Hugo Pool,1997,"d.- Robert Downey, Sr. (6 1/2)"
Vegas Vacation,1997,d.- Stephen Kessler (6 1/2)
Alien: Resurrection,1997,d.- Jean-Pierre Jeunet (6 1/2)
The Real Blonde,1997,d.- Tom DiCillo (6 1/2)
A Further Gesture,1997,(BR-SP-GER-IRE-JAP) d.- Robert Dornhelm (6 1/2)
I Went Down,1997,(IRE-BR) d.- Paddy Breathnach (6 1/2)
Twin Town,1997,(BR) d.- Kevin Allen (6 1/2)
Picture Perfect,1997,d.- Glenn Gordon Caron (6 1/2)
The Devil’s Own,1997,d.- Alan J. Pakula (6 1/2)
Metroland,1997,(SP-FR-BR) d.- Philip Saville (6 1/2)
Changing Habits,1997,d.- Lynn Roth (6 1/2)
The Maker,1997,d.- Tim Hunter (6 1/2)
Poison,1997,d.- Todd Haynes (6 1/2)
Midnight in the Garden of Good and Evil,1997,d.- Clint Eastwood (6 1/2)
Booty Call,1997,d.- Jeff Pollack (6 1/2)
Anaconda,1997,(US-BRA-PER) d.- Luis Losa (6 1/2)
Most Wanted,1997,d.- David Hogan (6 1/2)
Switchback,1997,d.- Jeb Stuart (6 1/2)
Deceiver,1997,"d.- Jonas Pate, Josh Pate (6 1/2)"
George of the Jungle,1997,d.- Sam Weisman (6 1/2)
Booty Call,1997,d.- Jeff Pollack (6 1/2)
187,1997,d.- Kevin Reynolds (6 1/2)
Event Horizon,1997,(BR-US) d.- Paul W. S. Anderson (6 1/2)
Pecker,1997,d.- John Waters (6 1/2)
Washington Square,1997,d.- Agnieszka Holland (6 1/2)
Anna Karenina,1997,d.- Bernard Rose (6 1/2)
Air Bud,1997,(US-CAN) d.- Charles Martin Smith (6 1/2)
Fire Down Below,1997,d.- Felix Enrique Alcala (6 1/2)
Thank God He Met Lizzie,1997,(AUS) d.- Cherie Nowlan (6 1/2)
"Truth or Consequences, N.M.",1997,d.- Keifer Sutherland (6 1/2)
Pecker,1997,d.- John Waters (6 1/2)
Beverly Hills Ninja,1997,d.- Dennis Dugan (6 1/2)
Excess Baggage,1997,d.- Marco Brambilla (6 1/2)
Bean,1997,(BR-US) d.- Mel Smith (6 1/2)
Romy and Michele’s High School Reunion,1997,d.- David Mirkin (6 1/2)
187,1997,d.- Kevin Reynolds (6 1/2)
Spawn,1997,d.- Mark A. Z. Dippe (6 1/2)
Another Day In Paradise,1997,d.- Larry Clark (6 1/2)
Fall,1997,d.- Eric Schaeffer (6 1/2)
Mr. Jealousy,1997,d.- Noah Baumbach (6 1/2)
Romy and Michele’s High School Reunion,1997,d.- David Mirkin (6 1/2)
Father’s Day,1997,d.-  Ivan Reitman (6 1/2)
Habitat,1997,(CAN-NETH) d.- Rene Daalder (6 1/2)
Rapa Nui,1997,d.- Kevin Reynolds (6 1/2)
The Wrong Guy,1997,(CAN-BR) d.- David Steinberg (6 1/2)
Addicted to Love,1997,d.- Griffin Dunne (6 1/2)
That Old Feeling,1997,d.- Carl Reiner (6 1/2)
Drive,1997,d.- Steve Wang (6 1/2)
Nowhere,1997,(US-FR) d.- Greg Araki (6 1/2)
Welcome to Woop Woop,1997,(AUS-BR) d.- Stephan Elliott (6)
Bongwater,1997,d.- Richard Sears (6)
The Designated Mourner,1997,(BR) d.- David Hare (6)
Sunday,1997,d.- Jonathan Nossiter (6)
Money Talks,1997,d.- Brett Ratner (6)
Flubber,1997,d.- Les Mayfield (6)
A Simple Wish,1997,d.- Michael Ritchie (6)
Nightwatch,1997,d.- Ole Bernedal (6)
The Disappearance of Garcia Lorca,1997,(SP-FR-US-PR) d.- Marcos Zurinaga (6)
Wild America,1997,d.- William Dear (6)
8 Heads in a Duffel Bag,1997,(US-BR) d.- Tom Schulman (6)
Dream with the Fishes,1997,d.- Finn Taylor (6)
Firelight,1997,(BR-FR-US) d.- William Nicholson (6)
Touch,1997,d.- Paul Schrader (6)
Wishmaster,1997,d.- Robert Kurtzman (6)
Starving Artists,1997,d.- Allan Piper (6)
Loved,1997,d.- Erin Dignam (6)
Critical Care,1997,(AUS-US) d.- Sidney Lumet (6)
Firelight,1997,(BR-FR-US) d.- William Nicholson (6)
"Niagara, Niagara",1997,(US-CAN) d.- Bob Gosse (6)
Little City,1997,d.- Roberto Benabib (6)
Double Team,1997,d.- Hark Tsui (6)
Bad Manners,1997,d.- Jonathan Kaufer (6)
Squeeze,1997,d.- Robert Patton-Spruill (5 1/2)
Saving Private Ryan,1998,d.- Steven Spielberg (7)
Shakespeare in Love,1998,d.- John Madden (7)
The Big Lebowski,1998,d.- Joel Coen (7)
The Truman Show,1998,d.- Peter Weir (7)
Dark City,1998,(AUS-US) d.- Alex Proyas (7)
Hilary and Jackie,1998,(BR) d.- Anand Tucker (7)
Elizabeth,1998,(BR) d.- Shekhar Kapur (6 1/2)
Pleasantville,1998,d.- Gary Ross (6 1/2)
American History X,1998,d.- Tony Kaye (6 1/2)
Gods and Monsters,1998,(BR-US) d.- Bill Condon (6 1/2)
Waking Ned (Devine),1998,(IRE) d.- Kirk Jones (6 1/2)
The Mask of  Zorro,1998,d.- Martin Campbell (6 1/2)
The Interview,1998,(AUS) d.- Craig Monahan (6 1/2)
My Name Is Joe,1998,(SP-FR-IT-SCOT-GER-BR) d.- Ken Loach (6 1/2)
Out of  Sight,1998,d.- Steven Soderbergh (6 1/2)
The Negotiator,1998,(GER-US) d.- F. Gary Gray (6 1/2)
Croupier,1998,(BR-FR-GER-IRE) d.- Mike Hodges (6 1/2)
"Lock, Stock and Two Smoking Barrels",1998,(BR) d.- Guy Ritchie (6 1/2)
Les Miserables,1998,(BR-FR-US) d.- Bille August (6 1/2)
Ever After,1998,d.- Andy Tennant (6 1/2)
The Mighty,1998,d.- Peter Chelsom (6 1/2)
The General,1998,(IRE-BR) d.- John Boorman (6 1/2)
Happiness,1998,d.- Todd Solondz (6 1/2)
Rushmore,1998,d.- Wes Anderson (6 1/2)
Such a Long Journey,1998,(BR-CAN) d.- Sturla Gunnarsson (6 1/2)
Enemy of the State,1998,d.- Tony Scott (6 1/2)
Following,1998,(BR) d.- Christopher Nolan (6 1/2)
There’s Something About Mary,1998,"d.- Bobby Farrelly, Peter Farrelly (6 1/2)"
Pi,1998,d.- Darren Aronofsky (6 1/2)
Primary Colors,1998,(FR-BR-GER-US-JAP) d.- Mike Nichols (6 1/2)
Babe: Pig in the City,1998,(AUS-US) d.- George Miller (6 1/2)
One True Thing,1998,d.- Carl Franklin (6 1/2)
Amy,1998,(AUS) d.- Nadia Tass (6 1/2)
The Thin Red Line,1998,(CAN-US) d.- Terrence Malick (6 1/2)
A Civil Action,1998,d.- Steven Zaillian (6 1/2)
Dangerous Beauty,1998,d.- Marshall Herskovitz (6 1/2)
Little Voice,1998,(BR) d.- Mark Herman (6 1/2)
Great Expectations,1998,d.- Alfonso Cuaron (6 1/2)
Savior,1998,d.- Predrag Antonijevic (6 1/2)
Rush Hour,1998,d.- Brett Ratner (6 1/2)
Sliding Doors,1998,(BR-US) d.- Peter Howitt (6 1/2)
The X-Files,1998,(CAN-US) d.- Rob Bowman (6 1/2)
The Imposters,1998,d.- Stanley Tucci (6 1/2)
Bulworth,1998,d.- Warren Beatty (6 1/2)
Buffalo `66,1998,d.- Vincent Gallo (6 1/2)
You've Got Mail,1998,d.- Nora Ephron (6 1/2)
Without Limits,1998,d.- Robert Towne (6 1/2)
Still Crazy,1998,(BR) d.- Brian Gibson (6 1/2)
Hope Floats,1998,d.- Forest Whitaker (6 1/2)
Armageddon,1998,d.- Michael Bay (6 1/2)
Dancing at Lughnasa,1998,(US-IRE-BR) d.- Pat O’Conner (6 1/2)
Why Do Fools Fall in Love,1998,d.- Gregory Nava (6 1/2)
Deep Impact,1998,d.- Mimi Leder (6 1/2)
Ronin,1998,(BR-US) d.- John Frankenheimer (6 1/2)
City of Angels,1998,(GER-US) d.- Brad Silberling (6 1/2)
Mighty Joe Young,1998,d.- Ron Underwood (6 1/2)
Stepmom,1998,d.- Chris Columbus (6 1/2)
He Got Game,1998,d.- Spike Lee (6 1/2)
The Nephew,1998,(IRE) d.- Eugene Brady (6 1/2)
What Dreams May Come,1998,d.- Vincent Ward (6 1/2)
Blade,1998,d.- Stephen Norrington (6 1/2)
The Man in the Iron Mask,1998,(BR-US) d.- Randall Wallace (6 1/2)
Down in the Delta,1998,d.- Maya Angelou (6 1/2)
Simon Birch,1998,d.- Mark Steven Johnson (6 1/2)
Love is the Devil: Study for a Portrait*,1998,(BR-FR-JAP) d.- John Maybury (6 1/2)
Next Stop Wonderland,1998,d.- Brad Anderson (6 1/2)
Last Night,1998,(CAN) d.- Don McKellar (6 1/2)
Doctor Dolittle,1998,d.- Betty Thomas (6 1/2)
The Nephew,1998,(IRE) d.- Eugene Brady (6 1/2)
The Wedding Singer,1998,d.- Frank Coraci (6 1/2)
Thursday,1998,d.- Skip Woods (6 1/2)
Cousin Bette,1998,(US-BR) d.- Des McAnuff (6 1/2)
Living Out Loud,1998,d.- Richard LaGravenese (6 1/2)
A Perfect Murder,1998,d.- Andrew Davis (6 1/2)
Three Businessmen,1998,(BR) d.- Alex Cox (6 1/2)
Fear and Loathing in Las Vegas,1998,d.- Terry Gilliam (6 1/2)
U.S. Marshals,1998,d.- Stuart Baird (6 1/2)
A Perfect Murder,1998,d.- Andrew Davis (6 1/2)
The Faculty,1998,d.- Robert Rodriguez (6 1/2)
Meet Joe Black,1998,d.- Martin Brest (6 1/2)
The Newton Boys,1998,d.- Richard Linklater (6 1/2)
Mercury Rising,1998,d.- Harold Becker (6 1/2)
Lethal Weapon 4,1998,d.- Richard Donner (6 1/2)
The Theory of Flight,1998,(BR) d.- Paul Greengrass (6 1/2)
Joseph’s Gift,1998,d.- Philippe Mora (6 1/2)
Your Friends & Neighbors,1998,d.- Neil LaBute (6 1/2)
Return to Paradise,1998,d.- Joseph Ruben (6 1/2)
Bedrooms and Hallways,1998,(BR) d.- Rose Troche (6 1/2)
The Parent Trap,1998,d.- Nancy Meyers (6 1/2)
Mixing Nia,1998,d.- Alison Swan (6 1/2)
The Siege,1998,d.- Edward Zwick (6 1/2)
"Dancer, Texas Pop. 81",1998,d.- Tim McCanlies (6 1/2)
Jerry and Tom,1998,d.- Saul Rubinek (6 1/2)
Chicago Cab,1998,"d.- Mary Cybulski, John Tintori (6 1/2)"
BASEketball,1998,d.- David Zucker (6 1/2)
Hurlyburly,1998,d.- Anthony Drazan (6 1/2)
Twilight,1998,d.- Robert Benton (6 1/2)
Snitch(Monument Ave.),1998,d.- Ted Demme (6 1/2)
Basil,1998,(BR) d.- Radha Bharadwaj (6 1/2)
Hideous Kinky,1998,(BR-FR) d.- Gillies MacKinnon (6 1/2)
The Last Days of Disco,1998,d.- Whit Stillman (6 1/2)
"A Cool, Dry Place",1998,d.- John N. Smith (6 1/2)
The Replacement Killers,1998,d.- Antoine Fuqua (6 1/2)
Slums of Beverly Hills,1998,d.- Tamara Jenkins (6 1/2)
Fallen,1998,d.- Gregory Hoblit (6 1/2)
The Horse Whisperer,1998,d.- Robert Redford (6 1/2)
A Night at the Roxbury,1998,d.- John Fortenberry (6 1/2)
Left Luggage,1998,(US-NETH-BEL-BR) d.- Jeroen Krabbe (6 1/2)
The Waterboy,1998,d.- Frank Coraci (6 1/2)
This Is My Father,1998,(IRE-CAN) d.- Paul Quinn (6 1/2)
Shadow of Doubt,1998,d.- Randal Kleiser (6 1/2)
Playing By Heart,1998,(BR-US) d.- Willard Carroll (6 1/2)
Slam,1998,d.- Marc Levin (6 1/2)
Sphere,1998,d.- Barry Levinson (6 1/2)
Madeline,1998,(FR-US) d.- Daisy von Scherler Mayer (6 1/2)
Six Days Seven Nights,1998,d.- Ivan Reitman (6 1/2)
Patch Adams,1998,d.- Tom Shadyac (6 1/2)
Psycho,1998,d.- Gus Van Sant (6 1/2)
Talk of Angels,1998,d.- Nick Hamm (6 1/2)
Dance Me to My Song,1998,(AUS) d.- Rolf de Heer (6 1/2)
Soldier,1998,(BR-US) d.- Paul W. S. Anderson (6 1/2)
Strike!,1998,(IT-CAN-US) d.- Sarah Kernochan (6 1/2)
Get Real,1998,(BR) d.- Simon Shore (6 1/2)
The Object of My Affection,1998,d.- Nicholas Hytner (6 1/2)
The Land Girls,1998,(BR-FR) d.- David Leland (6 1/2)
Palmetto,1998,(GER-US) d.- Volker Schlondorff (6 1/2)
Permanent Midnight,1998,d.- David Veloz (6 1/2)
Star Trek: Insurrection,1998,d.- Jonathan Frakes (6 1/2)
Snake Eyes,1998,d.- Brian De Palma (6 1/2)
Practical Magic,1998,d.- Griffin Dunne (6 1/2)
John Carpenter’s Vampires,1998,d.- John Carpenter (6 1/2)
The Hi-Lo Country,1998,(US-BR-GER) d.- Stephen Frears (6 1/2)
Halloween H20: 20 Years Later,1998,d.- Steve Miner (6 1/2)
Beloved,1998,d.- Jonathan Demme (6 1/2)
Rounders,1998,d.- John Dahl (6 1/2)
The Gingerbread Man,1998,d.- Robert Altman (6 1/2)
Black Dog,1998,d.- Kevin Hooks (6 1/2)
High Art,1998,(CAN-US) d.- Lisa Cholodenko (6 1/2)
Goodbye Lover,1998,(US-GER) d.- Roland Joffe (6 1/2)
Bride of Chucky,1998,(CAN-US) d.- Ronny Yu (6 1/2)
Wild Things,1998,d.- John McNaughton (6 1/2)
Stiff Upper Lips,1998,(BR-IND) d.- Gary Sinyor (6 1/2)
Incognito,1998,d.- John Badham (6 1/2)
Phoenix,1998,d.- Danny Cannon (6 1/2)
High Art,1998,(CAN-US) d.- Lisa Cholodenko (6 1/2)
The Big Hit,1998,d.- Kirk Wong (6 1/2)
Homegrown,1998,d.- Stephen Gyllenhaal (6 1/2)
Half Baked,1998,d.- Tamra Davis (6 1/2)
Godzilla,1998,US-JAP) d.- Roland Emmerich (6 1/2)
The Brylcreem Boys,1998,(BR) d.- Terence Ryan (6 1/2)
The Theory of Flight,1998,(BR) d.- Paul Greengrass (6 1/2)
Apt Pupil,1998,(US-CAN-FR) d.- Bryan Singer (6 1/2)
Legionnaire,1998,d.- Peter MacDonald (6 1/2)
The Man with Rain in His Shoe,1998,(SP-FR-BR-GER-US) d.- Maria Ripoll (6 1/2)
Wrongfully Accused,1998,(GER-US) d.- Pat Proft (6 1/2)
Southie,1998,d.- John Shea (6 1/2)
Digging to China,1998,d.- Tim Hutton (6 1/2)
Home Fries,1998,d.- Dean Parisot (6 1/2)
Thick as Thieves,1998,d.- Scott Sanders (6 1/2)
Air Bud: Golden Receiver,1998,(US-CAN) d.- Richard Martin (6 1/2)
No Looking Back,1998,d.- Edward Burns (6 1/2)
Goodbye Lover,1998,(GER-US) d.- Roland Joffe (6 1/2)
The Sound of One Hand Clapping,1998,(AUS) d.- Richard Flanagan (6 1/2)
Urban Legend,1998,(US-FR) d.- Jamie Blanks (6 1/2)
Celebrity,1998,d.- Woody Allen (6 1/2)
Velvet Goldmine,1998,d.- Todd Haynes (6 1/2)
Zero Effect,1998,d.- Jake Kasdan (6 1/2)
The Book of Life,1998,(FR-US) d.- Hal Hartley (6 1/2)
The Opposite of Sex,1998,d.- Don Roos (6 1/2)
Heartwood,1998,d.- Lanny Cotler (6 1/2)
I Want You,1998,(BR) d.- Michael Winterbottom (6 1/2)
Edge of Seventeen,1998,d.- David Moreton (6)
Relax… It’s Just Sex,1998,d.- P. J. Castellaneta (6)
Dark Harbor,1998,d.- Adam Coleman Howard (6)
Outside Ozona,1998,d.- J. S. Cardone (6)
Lulu on the Bridge,1998,d.- Paul Auster (6)
Clay Pigeons,1998,(GER-US) d.- David Dobkin (6)
Very Bad Things,1998,d.- Peter Berg (6)
Can’t Hardly Wait,1998,"d.- Harry Elfont, Deborah Kaplan (6)"
Rusty: A Dog’s Tale,1998,d.- Shuki Levy (6)
The Sound of One Hand Clapping,1998,(AUS) d.- Richard Flanagan (6)
54,1998,d.- Mark Christopher (6)
Jack Frost,1998,d.- Troy Miller (6)
Dirty Work,1998,d.- Bob Saget (6)
All the Little Animals,1998,(BR) d.- Jeremy Thomas (6)
Possums,1998,d.- Max Burnett (6)
A Little Bit of Soul,1998,(AUS) d.- Peter Duncan (5 1/2)
Six-String Samurai,1998,d.- Lance Mungia (5 1/2)
The Book of Life,1998,(FR-US) d.- Hal Hartley (5 1/2)
American Beauty,1999,d.- Sam Mendes (7)
The Matrix,1999,"d.- Andy Wachowski, Larry Wachowski (7)"
The Sixth Sense,1999,d.- M. Night Shyamalan (7)
Being John Malkovich,1999,d.- Spike Jonze (7)
October Sky,1999,d.- Joe Johnston (7)
Fight Club,1999,(GER-US) d.- David Fincher (6 1/2)
The Insider,1999,d.- Michael Mann (6 1/2)
Topsy-Turvy,1999,(BR) d.- Mike Leigh (6 1/2)
Magnolia,1999,d.- Paul Thomas Anderson (6 1/2)
The Boondock Saints,1999,(CAN-US) d.- Troy Duffy (6 1/2)
The Straight Story,1999,d.- David Lynch (6 1/2)
The Green Mile,1999,d.- Frank Darabont (6 1/2)
The Cider House Rules,1999,d.- Lasse Hallstrom (6 1/2)
Boys Don’t Cry,1999,d.- Kimberly Peirce (6 1/2)
Sunshine,1999,(GER-AUST-CAN-HUN) d.- Istvan Szabo (6 1/2)
"Girl, Interrupted",1999,d.- James Mangold (6 1/2)
The Hurricane,1999,d.- Norman Jewison (6 1/2)
Mansfield Park,1999,(BR) d.- Patricia Rozema (6 1/2)
Angela’s Ashes,1999,(IRE-US) d.- Alan Parker (6 1/2)
The War Zone,1999,(IT-BR) d.- Tim Roth (6 1/2)
Election,1999,d.- Alexander Payne (6 1/2)
Two Hands,1999,(AUS) d.- Gregor Jordan (6 1/2)
Three Kings,1999,d.- David O. Russell (6 1/2)
Analyze This,1999,d.- Harold Ramis (6 1/2)
The End of the Affair,1999,(BR-US) d.- Neil Jordan (6 1/2)
The Talented Mr. Ripley,1999,d.- Anthony Minghella (6 1/2)
The Limey,1999,d.- Steven Soderbergh (6 1/2)
Snow Falling on Cedars,1999,d.- Scott Hicks (6 1/2)
Titus,1999,d.- Julie Taymor (6 1/2)
Bowfinger,1999,d.- Frank Oz (6 1/2)
Man on the Moon,1999,(BR-GER-JAP-US) d.- Milos Forman (6 1/2)
The Thomas Crown Affair,1999,d.- John McTiernan (6 1/2)
The Winslow Boy,1999,d.- David Mamet (6 1/2)
Wonderland,1999,(BR) d.- Michael Winterbottom (6 1/2)
Go,1999,d.- Doug Liman (6 1/2)
The Mummy,1999,d.- Stephen Sommers (6 1/2)
Music of the Heart,1999,d.- Wes Craven (6 1/2)
The Virgin Suicides,1999,d.- Sofia Coppola (6 1/2)
Star Wars: Episode I - The Phantom Menace,1999,d.- George Lucas (6 1/2)
A Map of the World,1999,(US-GER) d.- Scott Elliott (6 1/2)
Jesus’ Son,1999,(CAN-US) d.- Alison Maclean (6 1/2)
Liberty Heights,1999,d.- Barry Levinson (6 1/2)
Office Space,1999,d.- Mike Judge (6 1/2)
Eyes Wide Shut,1999,(BR-US) d.- Stanley Kubrick (6 1/2)
East is East,1999,(BR) d.- Damien O’Donnell (6 1/2)
Cookie’s Fortune,1999,d.- Robert Altman (6 1/2)
Limbo,1999,d.- John Sayles (6 1/2)
Notting Hill,1999,(BR-US) d.- Roger Michell (6 1/2)
Judy Berlin,1999,Eric Mendelsohn (6 1/2)
Felicia’s Journey,1999,(CAN-BR) d.- Atom Egoyan (6 1/2)
Twin Falls Idaho,1999,d.- Michael Polish (6 1/2)
Sleepy Hollow,1999,d.- Tim Burton (6 1/2)
Tea With Mussolini,1999,(IT-BR) d.- Franco Zeffirelli (6 1/2)
Stir of Echoes,1999,d.- David Koepp (6 1/2)
The Ninth Gate,1999,(SP-FR-US) d.- Roman Polanski (6 1/2)
The Blair Witch Project,1999,"d.- Daniel Myrick, Eduardo Sanchez (6 1/2)"
Felicia’s Journey,1999,(CAN-BR) d.- Atom Egoyan (6 1/2)
Arlington Road,1999,d.- Mark Pellington (6 1/2)
The Bone Collector,1999,d.- Phillip Noyce (6 1/2)
Cruel Intentions,1999,d.- Roger Kumble (6 1/2)
American Pie,1999,d.- Paul Weitz (6 1/2)
New Waterford Girl,1999,(CAN) d.- Allan Moyle (6 1/2)
The Other Sister,1999,d.- Garry Marshall (6 1/2)
Cradle Will Rock,1999,d.- Tim Robbins (6 1/2)
Forces of Nature,1999,d.- Bronwen Hughes (6 1/2)
Sweet and Lowdown,1999,d.- Woody Allen (6 1/2)
Ghost Dog: The Way of the Samurai,1999,d.- Jim Jarmusch (6 1/2)
A Midsummer Night’s Dream,1999,(BR-IT-US) d.- Michael Hoffman (6 1/2)
Molokai: The Story of Father Damien,1999,(BEL-NETH-AUS) d.- Paul Cox (6 1/2)
Anywhere But Here,1999,d.- Wayne Wang (6 1/2)
The Annihilation of Fish,1999,d.- Charles Burnett (6 1/2)
Mumford,1999,d.- Lawrence Kasdan (6 1/2)
Bringing Out the Dead,1999,d.- Martin Scorsese (6 1/2)
Anna and the King,1999,d.- Andy Tennant (6 1/2)
The Messenger: The Story of Joan of Arc,1999,(FR) d.- Luc Besson (6 1/2)
Galaxy Quest,1999,d.- Dean Parisot (6 1/2)
Flawless,1999,d.- Joel Schumacher (6 1/2)
The World is Not Enough,1999,(BR-US) d.- Michael Apted (6 1/2)
Summer of  Sam,1999,d.- Spike Lee (6 1/2)
True Crime,1999,d.- Clint Eastwood (6 1/2)
Any Given Sunday,1999,d.- Oliver Stone (6 1/2)
What Becomes of the Broken Hearted ?,1999,(NZ) d.- Ian Mune (6 1/2)
The Lost Son,1999,(FR-BR-US) d.- Chris Menges (6 1/2)
Dick,1999,(FR-CAN-US) d.- Andrew Fleming (6 1/2)
I’ll Remember April,1999,d.- Bob Clark (6 1/2)
Never Been Kissed,1999,d.- Raja Gosnell (6 1/2)
Brokedown Palace,1999,d.- Jonathan Kaplan (6 1/2)
Life,1999,d.- Ted Demme (6 1/2)
At First Sight,1999,d.- Irwin Winkler (6 1/2)
Payback,1999,d.-  Brian Helgeland (6 1/2)
A Slipping-Down Life,1999,d.- Toni Kalem (6 1/2)
The Thirteenth Floor,1999,(GER-US) d.- Josef Rusnak (6 1/2)
Dogma,1999,d.- Kevin Smith (6 1/2)
Wednesday’s Child,1999,d.- Brad Marlowe (6 1/2)
Circle of Friends,1999,(IRE-US) d.- Pat O'Connor (6 1/2)
Double Jeopardy,1999,(GER-CAN-US) d.- Bruce Beresford (6 1/2)
For Love of the Game,1999,d.- Sam Raimi (6 1/2)
Onegin,1999,(BR-US) d.- Martha Fiennes (6 1/2)
Crazy in Alabama,1999,d.- Antonio Banderas (6 1/2)
A Walk on the Moon,1999,d.- Tony Goldwyn (6 1/2)
Bicentennial Man,1999,d.- Chris Columbus (6 1/2)
Entrapment,1999,(US-BR-GER) d.- Jon Amiel (6 1/2)
Jakob the Liar,1999,(FR-US-HUN) d.- Peter Kassovitz (6 1/2)
The 13th Warrior,1999,d.- John McTiernan (6 1/2)
Walking Across Egypt,1999,d.- Arthur Allan Seidelman (6 1/2)
The Deep End of the Ocean,1999,d.- Ulu Grosbard (6 1/2)
The Wood,1999,d.- Rick Famuyiwa (6 1/2)
Ravenous,1999,(CZECH-BR-US) d.- Antonia Bird (6 1/2)
Austin Powers: The Spy Who Shagged Me,1999,d.- Jay Roach (6 1/2)
Big Daddy,1999,d.- Dennis Dugan (6 1/2)
The 24 Hour Woman,1999,d.- Nancy Savoca (6 1/2)
Pushing Tin,1999,(GER-US) d.- Mike Newell (6 1/2)
"Wild, Wild West",1999,d.- Barry Sonnenfeld (6 1/2)
Runaway Bride,1999,d.- Garry Marshall (6 1/2)
Message in a Bottle,1999,d.- Luis Mandoki (6 1/2)
Ride with the Devil,1999,d.- Ang Lee (6 1/2)
The General’s Daughter,1999,d.- Simon West (6 1/2)
Stigmata,1999,d.- Rupert Wainwright (6 1/2)
Blast from the Past,1999,d.- Hugh Wilson (6 1/2)
Titanic Town,1999,(BR-IRE) d.- Roger Michell (6 1/2)
Gloria,1999,d.- Sidney Lumet (6 1/2)
A Murder of Crows,1999,d.- Rowdy Herrington (6 1/2)
My Life So Far,1999,(BR-US) d.- Hugh Hudson (6 1/2)
The Loss of Sexual Innocence,1999,(US-BR) d.- Mike Figgis (6 1/2)
Instinct,1999,d.- Jon Turtletaub (6 1/2)
Deep Blue Sea,1999,(US-AUS) d.- Renny Harlin (6 1/2)
After the Rain,1999,(SA-US) d.- Ross Kettle (6 1/2)
The Best Man,1999,d.- Malcolm D. Lee (6 1/2)
Blue Streak,1999,(US-GER) d.- Les Mayfield (6 1/2)
Edtv,1999,d.- Ron Howard (6 1/2)
Mickey Blue Eyes,1999,(BR-US) d.- Kelly Makin (6 1/2)
8MM,1999,(US-GER) d.- Joel Schumacher (6 1/2)
Inferno,1999,d.- John G. Avildsen (6 1/2)
10 Things I Hate  About You,1999,d.- Gil Junger (6 1/2)
She’s All That,1999,d.- Robert Iscove (6 1/2)
Lake Placid,1999,(CAN-US) d.- Steve Miner (6 1/2)
Mystery Men,1999,d.- Kinka Usher (6 1/2)
House on Haunted Hill,1999,d.- William Malone (6 1/2)
"Mystery, Alaska",1999,(CAN-US) d.- Jay Roach (6 1/2)
Varsity Blues,1999,d.- Brian Robbins (6)
Muppets from Space,1999,d.- Tim Hill (6)
Pacific Rim,2013,Has a sequel
The Last Witch Hunter,2015,Sequel announced
Godzilla vs. Kong,2021,HBO Max