[2025-07-31 21:58:49] Fitness heartbeat logged successfully
[2025-07-31 21:58:51] Geofence heartbeat logged successfully
[2025-07-31 21:58:55] Voice reminder heartbeat logged successfully
python3: can't open file '/home/rafa1215/consensus-project/memory/tools/auto_memory_sync.py': [Errno 2] No such file or directory
python3: can't open file '/home/rafa1215/consensus-project/memory/tools/send_reminder.py': [Errno 2] No such file or directory
=== Running Heartbeat Scripts ===
[github_heartbeat.log] OK — GitHub accessible
[vpn_heartbeat.log] ERROR — VPN not running
[sms_heartbeat.log] OK — SMS logs found for today
[perplexity_heartbeat.log] ERROR — HTTP 403
=== Heartbeat Scripts Finished ===
=== Running Heartbeat Scripts ===
[github_heartbeat.log] OK — GitHub accessible
[vpn_heartbeat.log] ERROR — VPN not running
[sms_heartbeat.log] OK — SMS logs found for today
[perplexity_heartbeat.log] ERROR — HTTP 403
=== Heartbeat Scripts Finished ===
=== Running Heartbeat Scripts ===
[github_heartbeat.log] OK — GitHub accessible
[vpn_heartbeat.log] ERROR — VPN not running
[sms_heartbeat.log] OK — SMS logs found for today
[perplexity_heartbeat.log] ERROR — HTTP 403
=== Heartbeat Scripts Finished ===
=== Running Heartbeat Scripts ===
[github_heartbeat.log] OK — GitHub accessible
[vpn_heartbeat.log] ERROR — VPN not running
[sms_heartbeat.log] OK — SMS logs found for today
[perplexity_heartbeat.log] ERROR — HTTP 403
=== Heartbeat Scripts Finished ===
=== Running Heartbeat Scripts ===
[github_heartbeat.log] OK — GitHub accessible
[vpn_heartbeat.log] ERROR — VPN not running
[sms_heartbeat.log] OK — SMS logs found for today
[perplexity_heartbeat.log] ERROR — HTTP 403
=== Heartbeat Scripts Finished ===
=== Running Heartbeat Scripts ===
[github_heartbeat.log] OK — GitHub accessible
[vpn_heartbeat.log] ERROR — VPN not running
[sms_heartbeat.log] OK — SMS logs found for today
[perplexity_heartbeat.log] ERROR — HTTP 403
=== Heartbeat Scripts Finished ===
=== Running Heartbeat Scripts ===
[github_heartbeat.log] OK — GitHub accessible
[vpn_heartbeat.log] ERROR — VPN not running
[sms_heartbeat.log] OK — SMS logs found for today
[perplexity_heartbeat.log] ERROR — HTTP 403
=== Heartbeat Scripts Finished ===
Everything up-to-date
=== Running Heartbeat Scripts ===
[github_heartbeat.log] OK — GitHub accessible
[vpn_heartbeat.log] ERROR — VPN not running
[sms_heartbeat.log] OK — SMS logs found for today
[perplexity_heartbeat.log] ERROR — HTTP 403
=== Heartbeat Scripts Finished ===
[2025-07-31 22:04:48] Fitness heartbeat logged successfully
Everything up-to-date
[v1.1-dev e23964cf] Update master control log
 141 files changed, 60999 insertions(+), 1081 deletions(-)
 create mode 100644 memory/logs/agents/github_heartbeat.log
 create mode 100644 memory/logs/agents/heartbeat_2025-07-31.md
 create mode 100644 memory/logs/agents/master_control.log
 create mode 100644 memory/logs/agents/perplexity_heartbeat.log
 create mode 100644 memory/logs/agents/sms_heartbeat.log
 create mode 100644 memory/logs/agents/vpn_heartbeat.log
 create mode 100644 memory/logs/calendar/calendar_2025-07-30_2137.txt
 create mode 100644 memory/logs/calendar/calendar_2025-07-30_2145.txt
 create mode 100644 memory/logs/calendar/calendar_2025-07-30_2147.txt
 create mode 100644 memory/logs/calendar/calendar_2025-07-30_2157.txt
 create mode 100644 memory/logs/calendar/calendar_2025-07-30_2207.txt
 create mode 100644 memory/logs/calendar/calendar_2025-07-30_2217.txt
 create mode 100644 memory/logs/calendar/calendar_2025-07-30_2228.txt
 create mode 100644 memory/logs/calendar/calendar_2025-07-30_2238.txt
 create mode 100644 memory/logs/calendar/calendar_2025-07-30_2248.txt
 create mode 100644 memory/logs/calendar/calendar_2025-07-30_2258.txt
 create mode 100644 memory/logs/calendar/calendar_2025-07-30_2308.txt
 create mode 100644 memory/logs/calendar/calendar_2025-07-30_2318.txt
 create mode 100644 memory/logs/calendar/calendar_2025-07-30_2328.txt
 create mode 100644 memory/logs/calendar/calendar_2025-07-30_2338.txt
 create mode 100644 memory/logs/calendar/calendar_2025-07-30_2349.txt
 create mode 100644 memory/logs/calendar/calendar_2025-07-30_2359.txt
 create mode 100644 memory/logs/calendar/calendar_2025-07-31_0009.txt
 create mode 100644 memory/logs/calendar/calendar_2025-07-31_0019.txt
 create mode 100644 memory/logs/calendar/calendar_2025-07-31_0029.txt
 create mode 100644 memory/logs/calendar/calendar_2025-07-31_0040.txt
 create mode 100644 memory/logs/calendar/calendar_2025-07-31_0050.txt
 create mode 100644 memory/logs/calendar/calendar_2025-07-31_0100.txt
 create mode 100644 memory/logs/calendar/calendar_2025-07-31_0110.txt
 create mode 100644 memory/logs/calendar/calendar_2025-07-31_0120.txt
 create mode 100644 memory/logs/calendar/calendar_2025-07-31_0130.txt
 create mode 100644 memory/logs/calendar/calendar_2025-07-31_0141.txt
 create mode 100644 memory/logs/calendar/calendar_2025-07-31_0151.txt
 create mode 100644 memory/logs/calendar/calendar_2025-07-31_0201.txt
 create mode 100644 memory/logs/calendar/calendar_2025-07-31_0211.txt
 create mode 100644 memory/logs/calendar/calendar_2025-07-31_0222.txt
 create mode 100644 memory/logs/calendar/calendar_2025-07-31_0232.txt
 create mode 100644 memory/logs/calendar/calendar_2025-07-31_0242.txt
 create mode 100644 memory/logs/calendar/calendar_2025-07-31_0252.txt
 create mode 100644 memory/logs/calendar/calendar_2025-07-31_0302.txt
 create mode 100644 memory/logs/calendar/calendar_2025-07-31_0313.txt
 create mode 100644 memory/logs/calendar/calendar_2025-07-31_0323.txt
 create mode 100644 memory/logs/calendar/calendar_2025-07-31_0333.txt
 create mode 100644 memory/logs/calendar/calendar_2025-07-31_0344.txt
 create mode 100644 memory/logs/calendar/calendar_2025-07-31_0354.txt
 create mode 100644 memory/logs/calendar/calendar_2025-07-31_0404.txt
 create mode 100644 memory/logs/calendar/calendar_2025-07-31_0411.txt
 create mode 100644 memory/logs/calendar/calendar_2025-07-31_0414.txt
 create mode 100644 memory/logs/calendar/calendar_2025-07-31_0424.txt
 create mode 100644 memory/logs/calendar/calendar_2025-07-31_0435.txt
 create mode 100644 memory/logs/calendar/calendar_2025-07-31_0445.txt
 create mode 100644 memory/logs/calendar/calendar_2025-07-31_0455.txt
 create mode 100644 memory/logs/calendar/calendar_2025-07-31_0506.txt
 create mode 100644 memory/logs/calendar/calendar_2025-07-31_0516.txt
 create mode 100644 memory/logs/calendar/calendar_2025-07-31_0526.txt
 create mode 100644 memory/logs/calendar/calendar_2025-07-31_0537.txt
 create mode 100644 memory/logs/calendar/calendar_2025-07-31_0547.txt
 create mode 100644 memory/logs/calendar/calendar_2025-07-31_0557.txt
 create mode 100644 memory/logs/calendar/calendar_2025-07-31_0608.txt
 create mode 100644 memory/logs/calendar/calendar_2025-07-31_0618.txt
 create mode 100644 memory/logs/calendar/calendar_2025-07-31_0629.txt
 create mode 100644 memory/logs/calendar/calendar_2025-07-31_0639.txt
 create mode 100644 memory/logs/calendar/calendar_2025-07-31_0650.txt
 create mode 100644 memory/logs/calendar/calendar_2025-07-31_0700.txt
 create mode 100644 memory/logs/calendar/calendar_2025-07-31_0710.txt
 create mode 100644 memory/logs/calendar/calendar_2025-07-31_0720.txt
 create mode 100644 memory/logs/calendar/calendar_2025-07-31_0731.txt
 create mode 100644 memory/logs/calendar/calendar_2025-07-31_0741.txt
 create mode 100644 memory/logs/calendar/calendar_2025-07-31_0751.txt
 create mode 100644 memory/logs/calendar/calendar_2025-07-31_0801.txt
 create mode 100644 memory/logs/calendar/calendar_2025-07-31_0812.txt
 create mode 100644 memory/logs/calendar/calendar_2025-07-31_0822.txt
 create mode 100644 memory/logs/calendar/calendar_2025-07-31_0832.txt
 create mode 100644 memory/logs/calendar/calendar_2025-07-31_0843.txt
 create mode 100644 memory/logs/calendar/calendar_2025-07-31_0853.txt
 create mode 100644 memory/logs/calendar/calendar_2025-07-31_0903.txt
 create mode 100644 memory/logs/calendar/calendar_2025-07-31_0913.txt
 create mode 100644 memory/logs/calendar/calendar_2025-07-31_0924.txt
 create mode 100644 memory/logs/calendar/calendar_2025-07-31_0934.txt
 create mode 100644 memory/logs/calendar/calendar_2025-07-31_0945.txt
 create mode 100644 memory/logs/calendar/calendar_2025-07-31_0955.txt
 create mode 100644 memory/logs/calendar/calendar_2025-07-31_1005.txt
 create mode 100644 memory/logs/calendar/calendar_2025-07-31_1016.txt
 create mode 100644 memory/logs/calendar/calendar_2025-07-31_1026.txt
 create mode 100644 memory/logs/calendar/calendar_2025-07-31_1036.txt
 create mode 100644 memory/logs/calendar/calendar_2025-07-31_1047.txt
 create mode 100644 memory/logs/calendar/calendar_2025-07-31_1057.txt
 create mode 100644 memory/logs/calendar/calendar_2025-07-31_1108.txt
 create mode 100644 memory/logs/calendar/calendar_2025-07-31_1118.txt
 create mode 100644 memory/logs/calendar/calendar_2025-07-31_1128.txt
 create mode 100644 memory/logs/calendar/calendar_2025-07-31_1138.txt
 create mode 100644 memory/logs/calendar/calendar_2025-07-31_1139.txt
 create mode 100644 memory/logs/calendar/calendar_2025-07-31_1149.txt
 create mode 100644 memory/logs/calendar/calendar_2025-07-31_1159.txt
 create mode 100644 memory/logs/calendar/calendar_2025-07-31_1210.txt
 create mode 100644 memory/logs/calendar/calendar_2025-07-31_1221.txt
 create mode 100644 memory/logs/calendar/calendar_2025-07-31_1231.txt
 create mode 100644 memory/logs/calendar/calendar_2025-07-31_1241.txt
 create mode 100644 memory/logs/calendar/calendar_2025-07-31_1252.txt
 create mode 100644 memory/logs/calendar/calendar_2025-07-31_1302.txt
 create mode 100644 memory/logs/calendar/calendar_2025-07-31_1312.txt
 create mode 100644 memory/logs/calendar/calendar_2025-07-31_1323.txt
 create mode 100644 memory/logs/calendar/calendar_2025-07-31_1333.txt
 create mode 100644 memory/logs/calendar/calendar_2025-07-31_1344.txt
 create mode 100644 memory/logs/calendar/calendar_2025-07-31_1355.txt
 create mode 100644 memory/logs/calendar/calendar_2025-07-31_1405.txt
 create mode 100644 memory/logs/calendar/calendar_2025-07-31_1415.txt
 create mode 100644 memory/logs/calendar/calendar_2025-07-31_1426.txt
 create mode 100644 memory/logs/calendar/calendar_2025-07-31_1437.txt
 create mode 100644 memory/logs/fitness/2025-07-31.md
 create mode 100644 memory/logs/nutrition/2025-07-31_nutrition_log.md
 create mode 100644 memory/logs/project-updates/geofencing_status_2025-07-31.md
 create mode 100644 memory/logs/sms/2025-07-31_sms_log.md
 create mode 100644 memory/logs/system/daily_heartbeat_master.log
 create mode 100644 memory/logs/system/fitness_heartbeat.log
 create mode 100644 memory/logs/system/geofence_heartbeat.log
 create mode 100644 memory/logs/system/heartbeat_schedule_status_2025-07-31.md
 create mode 100644 memory/logs/system/heartbeat_scheduler.log
 create mode 100644 memory/logs/system/memory_folder_heartbeat.log
 create mode 100644 memory/logs/system/skipped_task_recovery.log
 create mode 100644 memory/logs/system/voice_mode_bootstrap.log
 create mode 100644 memory/logs/system/voice_reminder_heartbeat.log
 create mode 100644 memory/logs/system/voice_reminder_watcher.log
 create mode 100644 memory/tools/deploy_missing_heartbeats_and_recovery.py
 create mode 100644 memory/tools/heartbeat_bundle.py
 create mode 100755 memory/tools/log_fitness_heartbeat.py
 create mode 100755 memory/tools/log_geofence_heartbeat.py
 create mode 100755 memory/tools/log_github_heartbeat.py
 create mode 100755 memory/tools/log_perplexity_heartbeat.py
 create mode 100755 memory/tools/log_sms_heartbeat.py
 create mode 100755 memory/tools/log_voice_reminder_heartbeat.py
 create mode 100755 memory/tools/log_vpn_heartbeat.py
 create mode 100644 memory/tools/master_control_loop.py
 create mode 100755 memory/tools/memory_folder_heartbeat.py
 create mode 100644 memory/tools/nohup.out
 create mode 100755 memory/tools/reminder_scheduler_fixed.py
 create mode 100755 memory/tools/skipped_task_recovery.py
 create mode 100755 memory/tools/voice_mode_bootstrap.py
 create mode 100644 nohup.out
warning: current Git remote contains credentials
To https://github.com/rafa8525/consensus-project.git
   62abe0f9..e23964cf  v1.1-dev -> v1.1-dev
python3: can't open file '/home/rafa1215/consensus-project/memory/tools/send_reminder.py': [Errno 2] No such file or directory
python3: can't open file '/home/rafa1215/consensus-project/memory/tools/auto_memory_sync.py': [Errno 2] No such file or directory
[2025-07-31 22:16:02] Voice reminder heartbeat logged successfully
[2025-07-31 22:16:02] Fitness heartbeat logged successfully
[2025-07-31 22:16:09] Geofence heartbeat logged successfully
=== Running Heartbeat Scripts ===
[github_heartbeat.log] OK — GitHub accessible
[vpn_heartbeat.log] ERROR — VPN not running
[sms_heartbeat.log] OK — SMS logs found for today
[perplexity_heartbeat.log] ERROR — HTTP 403
=== Heartbeat Scripts Finished ===
[v1.1-dev c0a742783] Auto-log sync for 2025-08-06 21:00:19
 4 files changed, 17 insertions(+), 3 deletions(-)
warning: current Git remote contains credentials
To https://github.com/rafa8525/consensus-project.git
   843057155..c0a742783  v1.1-dev -> v1.1-dev
[v1.1-dev 39083b1d5] Auto-log sync for 2025-08-06 21:00:55
 2 files changed, 3 insertions(+)
warning: current Git remote contains credentials
To https://github.com/rafa8525/consensus-project.git
   c0a742783..39083b1d5  v1.1-dev -> v1.1-dev
python3: can't open file '/home/rafa1215/consensus-project/tools/heartbeat_scheduler_loop.py': [Errno 2] No such file or directory
[v1.1-dev 0db31b2d] Auto-sync memory (2025-09-24T20:55:57Z)
 5 files changed, 71 insertions(+), 2 deletions(-)
 create mode 100644 memory/logs/heartbeat/archive/full_memory_absorption_20250924T205554Z.log.gz
 create mode 100644 memory/logs/system/log_health_report.md
To https://github.com/rafa8525/consensus-project.git
   aa3ffa86..0db31b2d  HEAD -> v1.1-dev
[absorb_and_sync] Wrote memory/logs/github_sync/sync.log
[absorb_and_sync] Done at 20250924T205554Z
[v1.1-dev da01dfe8] Auto-sync memory (2025-09-24T21:01:57Z)
 12 files changed, 177 insertions(+), 6 deletions(-)
 create mode 100644 memory/logs/heartbeat/archive/full_memory_absorption_20250924T210154Z.log.gz
To https://github.com/rafa8525/consensus-project.git
   0db31b2d..da01dfe8  HEAD -> v1.1-dev
[absorb_and_sync] Wrote memory/logs/github_sync/sync.log
[absorb_and_sync] Done at 20250924T210154Z
[v1.1-dev ef879923] Auto-sync memory (2025-09-24T21:07:57Z)
 11 files changed, 169 insertions(+), 7 deletions(-)
 create mode 100644 memory/logs/heartbeat/archive/full_memory_absorption_20250924T210754Z.log.gz
To https://github.com/rafa8525/consensus-project.git
   da01dfe8..ef879923  HEAD -> v1.1-dev
[absorb_and_sync] Wrote memory/logs/github_sync/sync.log
[absorb_and_sync] Done at 20250924T210754Z
[v1.1-dev 26b3798e] Auto-sync memory (2025-09-24T21:13:57Z)
 8 files changed, 165 insertions(+), 5 deletions(-)
 create mode 100644 memory/logs/heartbeat/archive/full_memory_absorption_20250924T211354Z.log.gz
To https://github.com/rafa8525/consensus-project.git
   ef879923..26b3798e  HEAD -> v1.1-dev
[absorb_and_sync] Wrote memory/logs/github_sync/sync.log
[absorb_and_sync] Done at 20250924T211354Z
[v1.1-dev 733af059] Auto-sync memory (2025-09-24T21:19:57Z)
 8 files changed, 165 insertions(+), 5 deletions(-)
 create mode 100644 memory/logs/heartbeat/archive/full_memory_absorption_20250924T211954Z.log.gz
To https://github.com/rafa8525/consensus-project.git
   26b3798e..733af059  HEAD -> v1.1-dev
[absorb_and_sync] Wrote memory/logs/github_sync/sync.log
[absorb_and_sync] Done at 20250924T211954Z
[v1.1-dev b2f1440b] Auto-sync memory (2025-09-24T21:25:57Z)
 8 files changed, 155 insertions(+), 5 deletions(-)
 create mode 100644 memory/logs/heartbeat/archive/full_memory_absorption_20250924T212554Z.log.gz
To https://github.com/rafa8525/consensus-project.git
   733af059..b2f1440b  HEAD -> v1.1-dev
[absorb_and_sync] Wrote memory/logs/github_sync/sync.log
[absorb_and_sync] Done at 20250924T212554Z
[v1.1-dev f00277fd] Auto-sync memory (2025-09-24T21:31:57Z)
 12 files changed, 187 insertions(+), 6 deletions(-)
 create mode 100644 memory/logs/heartbeat/archive/full_memory_absorption_20250924T213154Z.log.gz
To https://github.com/rafa8525/consensus-project.git
   b2f1440b..f00277fd  HEAD -> v1.1-dev
[absorb_and_sync] Wrote memory/logs/github_sync/sync.log
[absorb_and_sync] Done at 20250924T213154Z
[v1.1-dev a975cb6e] Auto-sync memory (2025-09-24T21:37:57Z)
 8 files changed, 153 insertions(+), 5 deletions(-)
 create mode 100644 memory/logs/heartbeat/archive/full_memory_absorption_20250924T213754Z.log.gz
To https://github.com/rafa8525/consensus-project.git
   f00277fd..a975cb6e  HEAD -> v1.1-dev
[absorb_and_sync] Wrote memory/logs/github_sync/sync.log
[absorb_and_sync] Done at 20250924T213754Z
[v1.1-dev 6c3260fc] Auto-sync memory (2025-09-24T21:43:57Z)
 8 files changed, 153 insertions(+), 5 deletions(-)
 create mode 100644 memory/logs/heartbeat/archive/full_memory_absorption_20250924T214354Z.log.gz
To https://github.com/rafa8525/consensus-project.git
   a975cb6e..6c3260fc  HEAD -> v1.1-dev
[absorb_and_sync] Wrote memory/logs/github_sync/sync.log
[absorb_and_sync] Done at 20250924T214354Z
[v1.1-dev f1cfa55e] Auto-sync memory (2025-09-24T21:49:57Z)
 8 files changed, 153 insertions(+), 5 deletions(-)
 create mode 100644 memory/logs/heartbeat/archive/full_memory_absorption_20250924T214954Z.log.gz
To https://github.com/rafa8525/consensus-project.git
   6c3260fc..f1cfa55e  HEAD -> v1.1-dev
[absorb_and_sync] Wrote memory/logs/github_sync/sync.log
[absorb_and_sync] Done at 20250924T214954Z
[v1.1-dev 9fe5d8b9] Auto-sync memory (2025-09-24T21:55:58Z)
 8 files changed, 153 insertions(+), 5 deletions(-)
 create mode 100644 memory/logs/heartbeat/archive/full_memory_absorption_20250924T215554Z.log.gz
To https://github.com/rafa8525/consensus-project.git
   f1cfa55e..9fe5d8b9  HEAD -> v1.1-dev
[absorb_and_sync] Wrote memory/logs/github_sync/sync.log
[absorb_and_sync] Done at 20250924T215554Z
[v1.1-dev 0e346e83] Auto-sync memory (2025-09-24T22:01:57Z)
 12 files changed, 187 insertions(+), 6 deletions(-)
 create mode 100644 memory/logs/heartbeat/archive/full_memory_absorption_20250924T220154Z.log.gz
To https://github.com/rafa8525/consensus-project.git
   9fe5d8b9..0e346e83  HEAD -> v1.1-dev
[absorb_and_sync] Wrote memory/logs/github_sync/sync.log
[absorb_and_sync] Done at 20250924T220154Z
[v1.1-dev d8c4c260] Auto-sync memory (2025-09-24T22:07:57Z)
 13 files changed, 174 insertions(+), 11 deletions(-)
 create mode 100644 memory/logs/heartbeat/archive/full_memory_absorption_20250924T220754Z.log.gz
To https://github.com/rafa8525/consensus-project.git
   0e346e83..d8c4c260  HEAD -> v1.1-dev
[absorb_and_sync] Wrote memory/logs/github_sync/sync.log
[absorb_and_sync] Done at 20250924T220754Z
[v1.1-dev 2ea80d9a] Auto-sync memory (2025-09-24T22:13:57Z)
 8 files changed, 165 insertions(+), 5 deletions(-)
 create mode 100644 memory/logs/heartbeat/archive/full_memory_absorption_20250924T221354Z.log.gz
To https://github.com/rafa8525/consensus-project.git
   d8c4c260..2ea80d9a  HEAD -> v1.1-dev
[absorb_and_sync] Wrote memory/logs/github_sync/sync.log
[absorb_and_sync] Done at 20250924T221354Z
[v1.1-dev 44a9c823] Auto-sync memory (2025-09-24T22:19:58Z)
 8 files changed, 161 insertions(+), 5 deletions(-)
 create mode 100644 memory/logs/heartbeat/archive/full_memory_absorption_20250924T221954Z.log.gz
To https://github.com/rafa8525/consensus-project.git
   2ea80d9a..44a9c823  HEAD -> v1.1-dev
[absorb_and_sync] Wrote memory/logs/github_sync/sync.log
[absorb_and_sync] Done at 20250924T221954Z
[v1.1-dev 252c075a] Auto-sync memory (2025-09-24T22:25:57Z)
 8 files changed, 153 insertions(+), 5 deletions(-)
 create mode 100644 memory/logs/heartbeat/archive/full_memory_absorption_20250924T222554Z.log.gz
To https://github.com/rafa8525/consensus-project.git
   44a9c823..252c075a  HEAD -> v1.1-dev
[absorb_and_sync] Wrote memory/logs/github_sync/sync.log
[absorb_and_sync] Done at 20250924T222554Z
[v1.1-dev f92e5cf9] Auto-sync memory (2025-09-24T22:31:58Z)
 12 files changed, 197 insertions(+), 6 deletions(-)
 create mode 100644 memory/logs/heartbeat/archive/full_memory_absorption_20250924T223154Z.log.gz
To https://github.com/rafa8525/consensus-project.git
   252c075a..f92e5cf9  HEAD -> v1.1-dev
[absorb_and_sync] Wrote memory/logs/github_sync/sync.log
[absorb_and_sync] Done at 20250924T223154Z
[v1.1-dev ddbddc49] Auto-sync memory (2025-09-24T22:37:57Z)
 8 files changed, 153 insertions(+), 5 deletions(-)
 create mode 100644 memory/logs/heartbeat/archive/full_memory_absorption_20250924T223754Z.log.gz
To https://github.com/rafa8525/consensus-project.git
   f92e5cf9..ddbddc49  HEAD -> v1.1-dev
[absorb_and_sync] Wrote memory/logs/github_sync/sync.log
[absorb_and_sync] Done at 20250924T223754Z
[v1.1-dev 871b5792] Auto-sync memory (2025-09-24T22:43:57Z)
 8 files changed, 153 insertions(+), 5 deletions(-)
 create mode 100644 memory/logs/heartbeat/archive/full_memory_absorption_20250924T224354Z.log.gz
To https://github.com/rafa8525/consensus-project.git
   ddbddc49..871b5792  HEAD -> v1.1-dev
[absorb_and_sync] Wrote memory/logs/github_sync/sync.log
[absorb_and_sync] Done at 20250924T224354Z
[v1.1-dev ee9e0331] Auto-sync memory (2025-09-24T22:49:57Z)
 8 files changed, 153 insertions(+), 5 deletions(-)
 create mode 100644 memory/logs/heartbeat/archive/full_memory_absorption_20250924T224954Z.log.gz
To https://github.com/rafa8525/consensus-project.git
   871b5792..ee9e0331  HEAD -> v1.1-dev
[absorb_and_sync] Wrote memory/logs/github_sync/sync.log
[absorb_and_sync] Done at 20250924T224954Z
[v1.1-dev acc762c9] Auto-sync memory (2025-09-24T22:55:57Z)
 8 files changed, 153 insertions(+), 5 deletions(-)
 create mode 100644 memory/logs/heartbeat/archive/full_memory_absorption_20250924T225554Z.log.gz
To https://github.com/rafa8525/consensus-project.git
   ee9e0331..acc762c9  HEAD -> v1.1-dev
[absorb_and_sync] Wrote memory/logs/github_sync/sync.log
[absorb_and_sync] Done at 20250924T225554Z
[v1.1-dev c2f8ff74] Auto-sync memory (2025-09-24T23:01:58Z)
 12 files changed, 193 insertions(+), 6 deletions(-)
 create mode 100644 memory/logs/heartbeat/archive/full_memory_absorption_20250924T230154Z.log.gz
To https://github.com/rafa8525/consensus-project.git
   acc762c9..c2f8ff74  HEAD -> v1.1-dev
[absorb_and_sync] Wrote memory/logs/github_sync/sync.log
[absorb_and_sync] Done at 20250924T230154Z
[v1.1-dev c8333533] Auto-sync memory (2025-09-24T23:07:58Z)
 13 files changed, 172 insertions(+), 11 deletions(-)
 create mode 100644 memory/logs/heartbeat/archive/full_memory_absorption_20250924T230754Z.log.gz
To https://github.com/rafa8525/consensus-project.git
   c2f8ff74..c8333533  HEAD -> v1.1-dev
[absorb_and_sync] Wrote memory/logs/github_sync/sync.log
[absorb_and_sync] Done at 20250924T230754Z
[v1.1-dev 41a22ff0] Auto-sync memory (2025-09-24T23:13:58Z)
 8 files changed, 167 insertions(+), 5 deletions(-)
 create mode 100644 memory/logs/heartbeat/archive/full_memory_absorption_20250924T231354Z.log.gz
To https://github.com/rafa8525/consensus-project.git
   c8333533..41a22ff0  HEAD -> v1.1-dev
[absorb_and_sync] Wrote memory/logs/github_sync/sync.log
[absorb_and_sync] Done at 20250924T231354Z
[v1.1-dev 04e6b471] Auto-sync memory (2025-09-24T23:19:57Z)
 8 files changed, 161 insertions(+), 5 deletions(-)
 create mode 100644 memory/logs/heartbeat/archive/full_memory_absorption_20250924T231954Z.log.gz
To https://github.com/rafa8525/consensus-project.git
   41a22ff0..04e6b471  HEAD -> v1.1-dev
[absorb_and_sync] Wrote memory/logs/github_sync/sync.log
[absorb_and_sync] Done at 20250924T231954Z
[v1.1-dev a81a738b] Auto-sync memory (2025-09-24T23:25:57Z)
 8 files changed, 155 insertions(+), 5 deletions(-)
 create mode 100644 memory/logs/heartbeat/archive/full_memory_absorption_20250924T232554Z.log.gz
To https://github.com/rafa8525/consensus-project.git
   04e6b471..a81a738b  HEAD -> v1.1-dev
[absorb_and_sync] Wrote memory/logs/github_sync/sync.log
[absorb_and_sync] Done at 20250924T232554Z
[v1.1-dev 1f5e7fd3] Auto-sync memory (2025-09-24T23:31:58Z)
 12 files changed, 207 insertions(+), 6 deletions(-)
 create mode 100644 memory/logs/heartbeat/archive/full_memory_absorption_20250924T233154Z.log.gz
To https://github.com/rafa8525/consensus-project.git
   a81a738b..1f5e7fd3  HEAD -> v1.1-dev
[absorb_and_sync] Wrote memory/logs/github_sync/sync.log
[absorb_and_sync] Done at 20250924T233154Z
[v1.1-dev d7bc5a7e] Auto-sync memory (2025-09-24T23:37:57Z)
 8 files changed, 153 insertions(+), 5 deletions(-)
 create mode 100644 memory/logs/heartbeat/archive/full_memory_absorption_20250924T233754Z.log.gz
To https://github.com/rafa8525/consensus-project.git
   1f5e7fd3..d7bc5a7e  HEAD -> v1.1-dev
[absorb_and_sync] Wrote memory/logs/github_sync/sync.log
[absorb_and_sync] Done at 20250924T233754Z
[v1.1-dev 6f4f1534] Auto-sync memory (2025-09-24T23:43:58Z)
 8 files changed, 153 insertions(+), 5 deletions(-)
 create mode 100644 memory/logs/heartbeat/archive/full_memory_absorption_20250924T234354Z.log.gz
To https://github.com/rafa8525/consensus-project.git
   d7bc5a7e..6f4f1534  HEAD -> v1.1-dev
[absorb_and_sync] Wrote memory/logs/github_sync/sync.log
[absorb_and_sync] Done at 20250924T234354Z
[v1.1-dev cf13516d] Auto-sync memory (2025-09-24T23:49:58Z)
 8 files changed, 153 insertions(+), 5 deletions(-)
 create mode 100644 memory/logs/heartbeat/archive/full_memory_absorption_20250924T234955Z.log.gz
To https://github.com/rafa8525/consensus-project.git
   6f4f1534..cf13516d  HEAD -> v1.1-dev
[absorb_and_sync] Wrote memory/logs/github_sync/sync.log
[absorb_and_sync] Done at 20250924T234955Z
[v1.1-dev 0ffd5c8f] Auto-sync memory (2025-09-24T23:55:58Z)
 8 files changed, 153 insertions(+), 5 deletions(-)
 create mode 100644 memory/logs/heartbeat/archive/full_memory_absorption_20250924T235555Z.log.gz
To https://github.com/rafa8525/consensus-project.git
   cf13516d..0ffd5c8f  HEAD -> v1.1-dev
[absorb_and_sync] Wrote memory/logs/github_sync/sync.log
[absorb_and_sync] Done at 20250924T235555Z
[v1.1-dev 4db8e6e2] Auto-sync memory (2025-09-25T00:01:58Z)
 12 files changed, 207 insertions(+), 6 deletions(-)
 create mode 100644 memory/logs/heartbeat/archive/full_memory_absorption_20250925T000155Z.log.gz
To https://github.com/rafa8525/consensus-project.git
   0ffd5c8f..4db8e6e2  HEAD -> v1.1-dev
[absorb_and_sync] Wrote memory/logs/github_sync/sync.log
[absorb_and_sync] Done at 20250925T000155Z
[v1.1-dev 285a25ff] Auto-sync memory (2025-09-25T00:07:58Z)
 15 files changed, 188 insertions(+), 12 deletions(-)
 create mode 100644 memory/logs/heartbeat/archive/full_memory_absorption_20250925T000755Z.log.gz
To https://github.com/rafa8525/consensus-project.git
   4db8e6e2..285a25ff  HEAD -> v1.1-dev
[absorb_and_sync] Wrote memory/logs/github_sync/sync.log
[absorb_and_sync] Done at 20250925T000755Z
[v1.1-dev 8fb3f089] Auto-sync memory (2025-09-25T00:13:58Z)
 8 files changed, 165 insertions(+), 5 deletions(-)
 create mode 100644 memory/logs/heartbeat/archive/full_memory_absorption_20250925T001355Z.log.gz
To https://github.com/rafa8525/consensus-project.git
   285a25ff..8fb3f089  HEAD -> v1.1-dev
[absorb_and_sync] Wrote memory/logs/github_sync/sync.log
[absorb_and_sync] Done at 20250925T001355Z
[v1.1-dev 214f3384] Auto-sync memory (2025-09-25T00:19:58Z)
 8 files changed, 165 insertions(+), 5 deletions(-)
 create mode 100644 memory/logs/heartbeat/archive/full_memory_absorption_20250925T001955Z.log.gz
To https://github.com/rafa8525/consensus-project.git
   8fb3f089..214f3384  HEAD -> v1.1-dev
[absorb_and_sync] Wrote memory/logs/github_sync/sync.log
[absorb_and_sync] Done at 20250925T001955Z
[v1.1-dev b5c4cfa7] Auto-sync memory (2025-09-25T00:25:57Z)
 8 files changed, 153 insertions(+), 5 deletions(-)
 create mode 100644 memory/logs/heartbeat/archive/full_memory_absorption_20250925T002555Z.log.gz
To https://github.com/rafa8525/consensus-project.git
   214f3384..b5c4cfa7  HEAD -> v1.1-dev
[absorb_and_sync] Wrote memory/logs/github_sync/sync.log
[absorb_and_sync] Done at 20250925T002555Z
[v1.1-dev 019f561b] Auto-sync memory (2025-09-25T00:31:59Z)
 12 files changed, 217 insertions(+), 6 deletions(-)
 create mode 100644 memory/logs/heartbeat/archive/full_memory_absorption_20250925T003155Z.log.gz
To https://github.com/rafa8525/consensus-project.git
   b5c4cfa7..019f561b  HEAD -> v1.1-dev
[absorb_and_sync] Wrote memory/logs/github_sync/sync.log
[absorb_and_sync] Done at 20250925T003155Z
[v1.1-dev ff85a2e4] Auto-sync memory (2025-09-25T00:37:59Z)
 11 files changed, 169 insertions(+), 6 deletions(-)
 create mode 100644 memory/logs/heartbeat/archive/full_memory_absorption_20250925T003755Z.log.gz
To https://github.com/rafa8525/consensus-project.git
   019f561b..ff85a2e4  HEAD -> v1.1-dev
[absorb_and_sync] Wrote memory/logs/github_sync/sync.log
[absorb_and_sync] Done at 20250925T003755Z
[v1.1-dev e509a6bc] Auto-sync memory (2025-09-25T00:43:58Z)
 8 files changed, 153 insertions(+), 5 deletions(-)
 create mode 100644 memory/logs/heartbeat/archive/full_memory_absorption_20250925T004355Z.log.gz
To https://github.com/rafa8525/consensus-project.git
   ff85a2e4..e509a6bc  HEAD -> v1.1-dev
[absorb_and_sync] Wrote memory/logs/github_sync/sync.log
[absorb_and_sync] Done at 20250925T004355Z
[v1.1-dev ec1237a0] Auto-sync memory (2025-09-25T00:50:00Z)
 8 files changed, 153 insertions(+), 5 deletions(-)
 create mode 100644 memory/logs/heartbeat/archive/full_memory_absorption_20250925T004955Z.log.gz
To https://github.com/rafa8525/consensus-project.git
   e509a6bc..ec1237a0  HEAD -> v1.1-dev
[absorb_and_sync] Wrote memory/logs/github_sync/sync.log
[absorb_and_sync] Done at 20250925T004955Z
[v1.1-dev 0ba0cbaf] Auto-sync memory (2025-09-25T00:55:58Z)
 8 files changed, 153 insertions(+), 5 deletions(-)
 create mode 100644 memory/logs/heartbeat/archive/full_memory_absorption_20250925T005555Z.log.gz
To https://github.com/rafa8525/consensus-project.git
   ec1237a0..0ba0cbaf  HEAD -> v1.1-dev
[absorb_and_sync] Wrote memory/logs/github_sync/sync.log
[absorb_and_sync] Done at 20250925T005555Z
[v1.1-dev f4b1cb5a] Auto-sync memory (2025-09-25T01:02:01Z)
 12 files changed, 217 insertions(+), 6 deletions(-)
 create mode 100644 memory/logs/heartbeat/archive/full_memory_absorption_20250925T010155Z.log.gz
To https://github.com/rafa8525/consensus-project.git
   0ba0cbaf..f4b1cb5a  HEAD -> v1.1-dev
[absorb_and_sync] Wrote memory/logs/github_sync/sync.log
[absorb_and_sync] Done at 20250925T010155Z
[v1.1-dev 50fcbaf1] Auto-sync memory (2025-09-25T01:07:58Z)
 13 files changed, 184 insertions(+), 7 deletions(-)
 create mode 100644 memory/logs/heartbeat/archive/full_memory_absorption_20250925T010755Z.log.gz
To https://github.com/rafa8525/consensus-project.git
   f4b1cb5a..50fcbaf1  HEAD -> v1.1-dev
[absorb_and_sync] Wrote memory/logs/github_sync/sync.log
[absorb_and_sync] Done at 20250925T010755Z
[v1.1-dev 2794ba81] Auto-sync memory (2025-09-25T01:13:58Z)
 8 files changed, 163 insertions(+), 5 deletions(-)
 create mode 100644 memory/logs/heartbeat/archive/full_memory_absorption_20250925T011355Z.log.gz
To https://github.com/rafa8525/consensus-project.git
   50fcbaf1..2794ba81  HEAD -> v1.1-dev
[absorb_and_sync] Wrote memory/logs/github_sync/sync.log
[absorb_and_sync] Done at 20250925T011355Z
[v1.1-dev dae95ee6] Auto-sync memory (2025-09-25T01:19:58Z)
 8 files changed, 163 insertions(+), 5 deletions(-)
 create mode 100644 memory/logs/heartbeat/archive/full_memory_absorption_20250925T011955Z.log.gz
To https://github.com/rafa8525/consensus-project.git
   2794ba81..dae95ee6  HEAD -> v1.1-dev
[absorb_and_sync] Wrote memory/logs/github_sync/sync.log
[absorb_and_sync] Done at 20250925T011955Z
[v1.1-dev ede5f66b] Auto-sync memory (2025-09-25T01:25:58Z)
 8 files changed, 151 insertions(+), 5 deletions(-)
 create mode 100644 memory/logs/heartbeat/archive/full_memory_absorption_20250925T012555Z.log.gz
To https://github.com/rafa8525/consensus-project.git
   dae95ee6..ede5f66b  HEAD -> v1.1-dev
[absorb_and_sync] Wrote memory/logs/github_sync/sync.log
[absorb_and_sync] Done at 20250925T012555Z
[v1.1-dev 6e321e0f] Auto-sync memory (2025-09-25T01:32:02Z)
 12 files changed, 227 insertions(+), 6 deletions(-)
 create mode 100644 memory/logs/heartbeat/archive/full_memory_absorption_20250925T013155Z.log.gz
To https://github.com/rafa8525/consensus-project.git
   ede5f66b..6e321e0f  HEAD -> v1.1-dev
[absorb_and_sync] Wrote memory/logs/github_sync/sync.log
[absorb_and_sync] Done at 20250925T013155Z
[v1.1-dev 3c1fc0ab] Auto-sync memory (2025-09-25T01:37:58Z)
 11 files changed, 167 insertions(+), 6 deletions(-)
 create mode 100644 memory/logs/heartbeat/archive/full_memory_absorption_20250925T013755Z.log.gz
To https://github.com/rafa8525/consensus-project.git
   6e321e0f..3c1fc0ab  HEAD -> v1.1-dev
[absorb_and_sync] Wrote memory/logs/github_sync/sync.log
[absorb_and_sync] Done at 20250925T013755Z
[v1.1-dev cfcdd866] Auto-sync memory (2025-09-25T01:43:58Z)
 8 files changed, 151 insertions(+), 5 deletions(-)
 create mode 100644 memory/logs/heartbeat/archive/full_memory_absorption_20250925T014355Z.log.gz
To https://github.com/rafa8525/consensus-project.git
   3c1fc0ab..cfcdd866  HEAD -> v1.1-dev
[absorb_and_sync] Wrote memory/logs/github_sync/sync.log
[absorb_and_sync] Done at 20250925T014355Z
[v1.1-dev 4c230b77] Auto-sync memory (2025-09-25T01:49:58Z)
 8 files changed, 151 insertions(+), 5 deletions(-)
 create mode 100644 memory/logs/heartbeat/archive/full_memory_absorption_20250925T014955Z.log.gz
To https://github.com/rafa8525/consensus-project.git
   cfcdd866..4c230b77  HEAD -> v1.1-dev
[absorb_and_sync] Wrote memory/logs/github_sync/sync.log
[absorb_and_sync] Done at 20250925T014955Z
[v1.1-dev 1a58a436] Auto-sync memory (2025-09-25T01:55:58Z)
 8 files changed, 151 insertions(+), 5 deletions(-)
 create mode 100644 memory/logs/heartbeat/archive/full_memory_absorption_20250925T015555Z.log.gz
To https://github.com/rafa8525/consensus-project.git
   4c230b77..1a58a436  HEAD -> v1.1-dev
[absorb_and_sync] Wrote memory/logs/github_sync/sync.log
[absorb_and_sync] Done at 20250925T015555Z
[v1.1-dev 647226cf] Auto-sync memory (2025-09-25T02:01:58Z)
 12 files changed, 227 insertions(+), 6 deletions(-)
 create mode 100644 memory/logs/heartbeat/archive/full_memory_absorption_20250925T020155Z.log.gz
To https://github.com/rafa8525/consensus-project.git
   1a58a436..647226cf  HEAD -> v1.1-dev
[absorb_and_sync] Wrote memory/logs/github_sync/sync.log
[absorb_and_sync] Done at 20250925T020155Z
[v1.1-dev eda98411] Auto-sync memory (2025-09-25T02:07:58Z)
 15 files changed, 188 insertions(+), 12 deletions(-)
 create mode 100644 memory/logs/heartbeat/archive/full_memory_absorption_20250925T020755Z.log.gz
To https://github.com/rafa8525/consensus-project.git
   647226cf..eda98411  HEAD -> v1.1-dev
[absorb_and_sync] Wrote memory/logs/github_sync/sync.log
[absorb_and_sync] Done at 20250925T020755Z
[v1.1-dev 3dd2d5df] Auto-sync memory (2025-09-25T02:13:58Z)
 8 files changed, 163 insertions(+), 5 deletions(-)
 create mode 100644 memory/logs/heartbeat/archive/full_memory_absorption_20250925T021355Z.log.gz
To https://github.com/rafa8525/consensus-project.git
   eda98411..3dd2d5df  HEAD -> v1.1-dev
[absorb_and_sync] Wrote memory/logs/github_sync/sync.log
[absorb_and_sync] Done at 20250925T021355Z
[v1.1-dev fba0c681] Auto-sync memory (2025-09-25T02:19:58Z)
 8 files changed, 163 insertions(+), 5 deletions(-)
 create mode 100644 memory/logs/heartbeat/archive/full_memory_absorption_20250925T021955Z.log.gz
To https://github.com/rafa8525/consensus-project.git
   3dd2d5df..fba0c681  HEAD -> v1.1-dev
[absorb_and_sync] Wrote memory/logs/github_sync/sync.log
[absorb_and_sync] Done at 20250925T021955Z
[v1.1-dev 154c26ac] Auto-sync memory (2025-09-25T02:25:58Z)
 8 files changed, 157 insertions(+), 5 deletions(-)
 create mode 100644 memory/logs/heartbeat/archive/full_memory_absorption_20250925T022555Z.log.gz
To https://github.com/rafa8525/consensus-project.git
   fba0c681..154c26ac  HEAD -> v1.1-dev
[absorb_and_sync] Wrote memory/logs/github_sync/sync.log
[absorb_and_sync] Done at 20250925T022555Z
[v1.1-dev a971b515] Auto-sync memory (2025-09-25T02:32:04Z)
 12 files changed, 237 insertions(+), 6 deletions(-)
 create mode 100644 memory/logs/heartbeat/archive/full_memory_absorption_20250925T023155Z.log.gz
To https://github.com/rafa8525/consensus-project.git
   154c26ac..a971b515  HEAD -> v1.1-dev
[absorb_and_sync] Wrote memory/logs/github_sync/sync.log
[absorb_and_sync] Done at 20250925T023155Z
[v1.1-dev 8b243c50] Auto-sync memory (2025-09-25T02:37:58Z)
 11 files changed, 167 insertions(+), 6 deletions(-)
 create mode 100644 memory/logs/heartbeat/archive/full_memory_absorption_20250925T023755Z.log.gz
To https://github.com/rafa8525/consensus-project.git
   a971b515..8b243c50  HEAD -> v1.1-dev
[absorb_and_sync] Wrote memory/logs/github_sync/sync.log
[absorb_and_sync] Done at 20250925T023755Z
[v1.1-dev 5f07439d] Auto-sync memory (2025-09-25T02:43:58Z)
 8 files changed, 151 insertions(+), 5 deletions(-)
 create mode 100644 memory/logs/heartbeat/archive/full_memory_absorption_20250925T024355Z.log.gz
To https://github.com/rafa8525/consensus-project.git
   8b243c50..5f07439d  HEAD -> v1.1-dev
[absorb_and_sync] Wrote memory/logs/github_sync/sync.log
[absorb_and_sync] Done at 20250925T024355Z
[v1.1-dev 38f68df7] Auto-sync memory (2025-09-25T02:49:58Z)
 8 files changed, 151 insertions(+), 5 deletions(-)
 create mode 100644 memory/logs/heartbeat/archive/full_memory_absorption_20250925T024955Z.log.gz
To https://github.com/rafa8525/consensus-project.git
   5f07439d..38f68df7  HEAD -> v1.1-dev
[absorb_and_sync] Wrote memory/logs/github_sync/sync.log
[absorb_and_sync] Done at 20250925T024955Z
[v1.1-dev bcdb93e5] Auto-sync memory (2025-09-25T02:55:58Z)
 8 files changed, 151 insertions(+), 5 deletions(-)
 create mode 100644 memory/logs/heartbeat/archive/full_memory_absorption_20250925T025555Z.log.gz
To https://github.com/rafa8525/consensus-project.git
   38f68df7..bcdb93e5  HEAD -> v1.1-dev
[absorb_and_sync] Wrote memory/logs/github_sync/sync.log
[absorb_and_sync] Done at 20250925T025555Z
[v1.1-dev 72e237dd] Auto-sync memory (2025-09-25T03:02:00Z)
 12 files changed, 240 insertions(+), 6 deletions(-)
 create mode 100644 memory/logs/heartbeat/archive/full_memory_absorption_20250925T030155Z.log.gz
To https://github.com/rafa8525/consensus-project.git
   bcdb93e5..72e237dd  HEAD -> v1.1-dev
[absorb_and_sync] Wrote memory/logs/github_sync/sync.log
[absorb_and_sync] Done at 20250925T030155Z
[v1.1-dev 2cad0634] Auto-sync memory (2025-09-25T03:07:58Z)
 13 files changed, 182 insertions(+), 7 deletions(-)
 create mode 100644 memory/logs/heartbeat/archive/full_memory_absorption_20250925T030755Z.log.gz
To https://github.com/rafa8525/consensus-project.git
   72e237dd..2cad0634  HEAD -> v1.1-dev
[absorb_and_sync] Wrote memory/logs/github_sync/sync.log
[absorb_and_sync] Done at 20250925T030755Z
[v1.1-dev 12fda9b8] Auto-sync memory (2025-09-25T03:13:59Z)
 8 files changed, 163 insertions(+), 5 deletions(-)
 create mode 100644 memory/logs/heartbeat/archive/full_memory_absorption_20250925T031355Z.log.gz
To https://github.com/rafa8525/consensus-project.git
   2cad0634..12fda9b8  HEAD -> v1.1-dev
[absorb_and_sync] Wrote memory/logs/github_sync/sync.log
[absorb_and_sync] Done at 20250925T031355Z
[v1.1-dev 9fc2ca1e] Auto-sync memory (2025-09-25T03:19:58Z)
 8 files changed, 157 insertions(+), 5 deletions(-)
 create mode 100644 memory/logs/heartbeat/archive/full_memory_absorption_20250925T031955Z.log.gz
To https://github.com/rafa8525/consensus-project.git
   12fda9b8..9fc2ca1e  HEAD -> v1.1-dev
[absorb_and_sync] Wrote memory/logs/github_sync/sync.log
[absorb_and_sync] Done at 20250925T031955Z
[v1.1-dev 4c5364b1] Auto-sync memory (2025-09-25T03:25:59Z)
 8 files changed, 155 insertions(+), 5 deletions(-)
 create mode 100644 memory/logs/heartbeat/archive/full_memory_absorption_20250925T032555Z.log.gz
To https://github.com/rafa8525/consensus-project.git
   9fc2ca1e..4c5364b1  HEAD -> v1.1-dev
[absorb_and_sync] Wrote memory/logs/github_sync/sync.log
[absorb_and_sync] Done at 20250925T032555Z
[v1.1-dev c330e59c] Auto-sync memory (2025-09-25T03:32:00Z)
 12 files changed, 249 insertions(+), 6 deletions(-)
 create mode 100644 memory/logs/heartbeat/archive/full_memory_absorption_20250925T033155Z.log.gz
To https://github.com/rafa8525/consensus-project.git
   4c5364b1..c330e59c  HEAD -> v1.1-dev
[absorb_and_sync] Wrote memory/logs/github_sync/sync.log
[absorb_and_sync] Done at 20250925T033155Z
[v1.1-dev 50212275] Auto-sync memory (2025-09-25T03:37:59Z)
 11 files changed, 167 insertions(+), 6 deletions(-)
 create mode 100644 memory/logs/heartbeat/archive/full_memory_absorption_20250925T033755Z.log.gz
To https://github.com/rafa8525/consensus-project.git
   c330e59c..50212275  HEAD -> v1.1-dev
[absorb_and_sync] Wrote memory/logs/github_sync/sync.log
[absorb_and_sync] Done at 20250925T033755Z
[v1.1-dev 0a0966b0] Auto-sync memory (2025-09-25T03:43:58Z)
 8 files changed, 151 insertions(+), 5 deletions(-)
 create mode 100644 memory/logs/heartbeat/archive/full_memory_absorption_20250925T034355Z.log.gz
To https://github.com/rafa8525/consensus-project.git
   50212275..0a0966b0  HEAD -> v1.1-dev
[absorb_and_sync] Wrote memory/logs/github_sync/sync.log
[absorb_and_sync] Done at 20250925T034355Z
[v1.1-dev 86318c35] Auto-sync memory (2025-09-25T03:49:58Z)
 8 files changed, 151 insertions(+), 5 deletions(-)
 create mode 100644 memory/logs/heartbeat/archive/full_memory_absorption_20250925T034955Z.log.gz
To https://github.com/rafa8525/consensus-project.git
   0a0966b0..86318c35  HEAD -> v1.1-dev
[absorb_and_sync] Wrote memory/logs/github_sync/sync.log
[absorb_and_sync] Done at 20250925T034955Z
[v1.1-dev 16e4c462] Auto-sync memory (2025-09-25T03:55:59Z)
 8 files changed, 151 insertions(+), 5 deletions(-)
 create mode 100644 memory/logs/heartbeat/archive/full_memory_absorption_20250925T035555Z.log.gz
To https://github.com/rafa8525/consensus-project.git
   86318c35..16e4c462  HEAD -> v1.1-dev
[absorb_and_sync] Wrote memory/logs/github_sync/sync.log
[absorb_and_sync] Done at 20250925T035555Z
[v1.1-dev f3b26599] Auto-sync memory (2025-09-25T04:02:00Z)
 12 files changed, 245 insertions(+), 6 deletions(-)
 create mode 100644 memory/logs/heartbeat/archive/full_memory_absorption_20250925T040155Z.log.gz
To https://github.com/rafa8525/consensus-project.git
   16e4c462..f3b26599  HEAD -> v1.1-dev
[absorb_and_sync] Wrote memory/logs/github_sync/sync.log
[absorb_and_sync] Done at 20250925T040155Z
[v1.1-dev e3ef622d] Auto-sync memory (2025-09-25T04:07:59Z)
 15 files changed, 188 insertions(+), 12 deletions(-)
 create mode 100644 memory/logs/heartbeat/archive/full_memory_absorption_20250925T040755Z.log.gz
To https://github.com/rafa8525/consensus-project.git
   f3b26599..e3ef622d  HEAD -> v1.1-dev
[absorb_and_sync] Wrote memory/logs/github_sync/sync.log
[absorb_and_sync] Done at 20250925T040755Z
[v1.1-dev 7ac5a4d0] Auto-sync memory (2025-09-25T04:14:00Z)
 8 files changed, 167 insertions(+), 5 deletions(-)
 create mode 100644 memory/logs/heartbeat/archive/full_memory_absorption_20250925T041355Z.log.gz
To https://github.com/rafa8525/consensus-project.git
   e3ef622d..7ac5a4d0  HEAD -> v1.1-dev
[absorb_and_sync] Wrote memory/logs/github_sync/sync.log
[absorb_and_sync] Done at 20250925T041355Z
[v1.1-dev 32d559b8] Auto-sync memory (2025-09-25T04:19:59Z)
 8 files changed, 159 insertions(+), 5 deletions(-)
 create mode 100644 memory/logs/heartbeat/archive/full_memory_absorption_20250925T041955Z.log.gz
To https://github.com/rafa8525/consensus-project.git
   7ac5a4d0..32d559b8  HEAD -> v1.1-dev
[absorb_and_sync] Wrote memory/logs/github_sync/sync.log
[absorb_and_sync] Done at 20250925T041955Z
[v1.1-dev d1ab8fea] Auto-sync memory (2025-09-25T04:26:00Z)
 8 files changed, 153 insertions(+), 5 deletions(-)
 create mode 100644 memory/logs/heartbeat/archive/full_memory_absorption_20250925T042556Z.log.gz
To https://github.com/rafa8525/consensus-project.git
   32d559b8..d1ab8fea  HEAD -> v1.1-dev
[absorb_and_sync] Wrote memory/logs/github_sync/sync.log
[absorb_and_sync] Done at 20250925T042556Z
[v1.1-dev 5f6ba8dd] Auto-sync memory (2025-09-25T04:31:59Z)
 12 files changed, 257 insertions(+), 6 deletions(-)
 create mode 100644 memory/logs/heartbeat/archive/full_memory_absorption_20250925T043156Z.log.gz
To https://github.com/rafa8525/consensus-project.git
   d1ab8fea..5f6ba8dd  HEAD -> v1.1-dev
[absorb_and_sync] Wrote memory/logs/github_sync/sync.log
[absorb_and_sync] Done at 20250925T043156Z
[v1.1-dev a565e0ef] Auto-sync memory (2025-09-25T04:37:59Z)
 11 files changed, 167 insertions(+), 6 deletions(-)
 create mode 100644 memory/logs/heartbeat/archive/full_memory_absorption_20250925T043756Z.log.gz
To https://github.com/rafa8525/consensus-project.git
   5f6ba8dd..a565e0ef  HEAD -> v1.1-dev
[absorb_and_sync] Wrote memory/logs/github_sync/sync.log
[absorb_and_sync] Done at 20250925T043756Z
[v1.1-dev c9b2907c] Auto-sync memory (2025-09-25T04:43:58Z)
 8 files changed, 151 insertions(+), 5 deletions(-)
 create mode 100644 memory/logs/heartbeat/archive/full_memory_absorption_20250925T044356Z.log.gz
To https://github.com/rafa8525/consensus-project.git
   a565e0ef..c9b2907c  HEAD -> v1.1-dev
[absorb_and_sync] Wrote memory/logs/github_sync/sync.log
[absorb_and_sync] Done at 20250925T044356Z
[v1.1-dev ea72ee7f] Auto-sync memory (2025-09-25T04:50:00Z)
 8 files changed, 151 insertions(+), 5 deletions(-)
 create mode 100644 memory/logs/heartbeat/archive/full_memory_absorption_20250925T044956Z.log.gz
To https://github.com/rafa8525/consensus-project.git
   c9b2907c..ea72ee7f  HEAD -> v1.1-dev
[absorb_and_sync] Wrote memory/logs/github_sync/sync.log
[absorb_and_sync] Done at 20250925T044956Z
[v1.1-dev d73545ff] Auto-sync memory (2025-09-25T04:55:59Z)
 8 files changed, 151 insertions(+), 5 deletions(-)
 create mode 100644 memory/logs/heartbeat/archive/full_memory_absorption_20250925T045556Z.log.gz
To https://github.com/rafa8525/consensus-project.git
   ea72ee7f..d73545ff  HEAD -> v1.1-dev
[absorb_and_sync] Wrote memory/logs/github_sync/sync.log
[absorb_and_sync] Done at 20250925T045556Z
[v1.1-dev 7cbb9240] Auto-sync memory (2025-09-25T05:02:00Z)
 12 files changed, 255 insertions(+), 6 deletions(-)
 create mode 100644 memory/logs/heartbeat/archive/full_memory_absorption_20250925T050156Z.log.gz
To https://github.com/rafa8525/consensus-project.git
   d73545ff..7cbb9240  HEAD -> v1.1-dev
[absorb_and_sync] Wrote memory/logs/github_sync/sync.log
[absorb_and_sync] Done at 20250925T050156Z
[v1.1-dev 0b606637] Auto-sync memory (2025-09-25T05:07:59Z)
 15 files changed, 184 insertions(+), 12 deletions(-)
 create mode 100644 memory/logs/heartbeat/archive/full_memory_absorption_20250925T050756Z.log.gz
To https://github.com/rafa8525/consensus-project.git
   7cbb9240..0b606637  HEAD -> v1.1-dev
[absorb_and_sync] Wrote memory/logs/github_sync/sync.log
[absorb_and_sync] Done at 20250925T050756Z
[v1.1-dev fb8568ef] Auto-sync memory (2025-09-25T05:13:59Z)
 8 files changed, 163 insertions(+), 5 deletions(-)
 create mode 100644 memory/logs/heartbeat/archive/full_memory_absorption_20250925T051356Z.log.gz
To https://github.com/rafa8525/consensus-project.git
   0b606637..fb8568ef  HEAD -> v1.1-dev
[absorb_and_sync] Wrote memory/logs/github_sync/sync.log
[absorb_and_sync] Done at 20250925T051356Z
[v1.1-dev edba6aab] Auto-sync memory (2025-09-25T05:20:00Z)
 8 files changed, 159 insertions(+), 5 deletions(-)
 create mode 100644 memory/logs/heartbeat/archive/full_memory_absorption_20250925T051956Z.log.gz
To https://github.com/rafa8525/consensus-project.git
   fb8568ef..edba6aab  HEAD -> v1.1-dev
[absorb_and_sync] Wrote memory/logs/github_sync/sync.log
[absorb_and_sync] Done at 20250925T051956Z
[v1.1-dev 5b36161b] Auto-sync memory (2025-09-25T05:25:59Z)
 8 files changed, 149 insertions(+), 5 deletions(-)
 create mode 100644 memory/logs/heartbeat/archive/full_memory_absorption_20250925T052556Z.log.gz
To https://github.com/rafa8525/consensus-project.git
   edba6aab..5b36161b  HEAD -> v1.1-dev
[absorb_and_sync] Wrote memory/logs/github_sync/sync.log
[absorb_and_sync] Done at 20250925T052556Z
[v1.1-dev 032f5574] Auto-sync memory (2025-09-25T05:32:00Z)
 12 files changed, 265 insertions(+), 6 deletions(-)
 create mode 100644 memory/logs/heartbeat/archive/full_memory_absorption_20250925T053156Z.log.gz
To https://github.com/rafa8525/consensus-project.git
   5b36161b..032f5574  HEAD -> v1.1-dev
[absorb_and_sync] Wrote memory/logs/github_sync/sync.log
[absorb_and_sync] Done at 20250925T053156Z
[v1.1-dev d735d494] Auto-sync memory (2025-09-25T05:38:00Z)
 11 files changed, 167 insertions(+), 6 deletions(-)
 create mode 100644 memory/logs/heartbeat/archive/full_memory_absorption_20250925T053756Z.log.gz
To https://github.com/rafa8525/consensus-project.git
   032f5574..d735d494  HEAD -> v1.1-dev
[absorb_and_sync] Wrote memory/logs/github_sync/sync.log
[absorb_and_sync] Done at 20250925T053756Z
[v1.1-dev 1e3afa02] Auto-sync memory (2025-09-25T05:43:59Z)
 8 files changed, 151 insertions(+), 5 deletions(-)
 create mode 100644 memory/logs/heartbeat/archive/full_memory_absorption_20250925T054356Z.log.gz
To https://github.com/rafa8525/consensus-project.git
   d735d494..1e3afa02  HEAD -> v1.1-dev
[absorb_and_sync] Wrote memory/logs/github_sync/sync.log
[absorb_and_sync] Done at 20250925T054356Z
[v1.1-dev 943a9dae] Auto-sync memory (2025-09-25T05:50:00Z)
 8 files changed, 151 insertions(+), 5 deletions(-)
 create mode 100644 memory/logs/heartbeat/archive/full_memory_absorption_20250925T054956Z.log.gz
To https://github.com/rafa8525/consensus-project.git
   1e3afa02..943a9dae  HEAD -> v1.1-dev
[absorb_and_sync] Wrote memory/logs/github_sync/sync.log
[absorb_and_sync] Done at 20250925T054956Z
[v1.1-dev f312f18c] Auto-sync memory (2025-09-25T05:55:59Z)
 8 files changed, 151 insertions(+), 5 deletions(-)
 create mode 100644 memory/logs/heartbeat/archive/full_memory_absorption_20250925T055556Z.log.gz
To https://github.com/rafa8525/consensus-project.git
   943a9dae..f312f18c  HEAD -> v1.1-dev
[absorb_and_sync] Wrote memory/logs/github_sync/sync.log
[absorb_and_sync] Done at 20250925T055556Z
[v1.1-dev 536da118] Auto-sync memory (2025-09-25T06:02:02Z)
 12 files changed, 265 insertions(+), 6 deletions(-)
 create mode 100644 memory/logs/heartbeat/archive/full_memory_absorption_20250925T060156Z.log.gz
To https://github.com/rafa8525/consensus-project.git
   f312f18c..536da118  HEAD -> v1.1-dev
[absorb_and_sync] Wrote memory/logs/github_sync/sync.log
[absorb_and_sync] Done at 20250925T060156Z
[v1.1-dev 61638942] Auto-sync memory (2025-09-25T06:08:01Z)
 13 files changed, 180 insertions(+), 7 deletions(-)
 create mode 100644 memory/logs/heartbeat/archive/full_memory_absorption_20250925T060756Z.log.gz
To https://github.com/rafa8525/consensus-project.git
   536da118..61638942  HEAD -> v1.1-dev
[absorb_and_sync] Wrote memory/logs/github_sync/sync.log
[absorb_and_sync] Done at 20250925T060756Z
[v1.1-dev a92f1556] Auto-sync memory (2025-09-25T06:13:59Z)
 9 files changed, 177 insertions(+), 5 deletions(-)
 create mode 100644 memory/logs/fitness/2025-09-25.md
 create mode 100644 memory/logs/heartbeat/archive/full_memory_absorption_20250925T061356Z.log.gz
To https://github.com/rafa8525/consensus-project.git
   61638942..a92f1556  HEAD -> v1.1-dev
[absorb_and_sync] Wrote memory/logs/github_sync/sync.log
[absorb_and_sync] Done at 20250925T061356Z
[v1.1-dev b87495ed] Auto-sync memory (2025-09-25T06:19:59Z)
 8 files changed, 163 insertions(+), 5 deletions(-)
 create mode 100644 memory/logs/heartbeat/archive/full_memory_absorption_20250925T061956Z.log.gz
To https://github.com/rafa8525/consensus-project.git
   a92f1556..b87495ed  HEAD -> v1.1-dev
[absorb_and_sync] Wrote memory/logs/github_sync/sync.log
[absorb_and_sync] Done at 20250925T061956Z
[v1.1-dev 9e1abcb7] Auto-sync memory (2025-09-25T06:26:00Z)
 8 files changed, 151 insertions(+), 5 deletions(-)
 create mode 100644 memory/logs/heartbeat/archive/full_memory_absorption_20250925T062556Z.log.gz
To https://github.com/rafa8525/consensus-project.git
   b87495ed..9e1abcb7  HEAD -> v1.1-dev
[absorb_and_sync] Wrote memory/logs/github_sync/sync.log
[absorb_and_sync] Done at 20250925T062556Z
[v1.1-dev cef997c6] Auto-sync memory (2025-09-25T06:32:00Z)
 12 files changed, 279 insertions(+), 6 deletions(-)
 create mode 100644 memory/logs/heartbeat/archive/full_memory_absorption_20250925T063156Z.log.gz
To https://github.com/rafa8525/consensus-project.git
   9e1abcb7..cef997c6  HEAD -> v1.1-dev
[absorb_and_sync] Wrote memory/logs/github_sync/sync.log
[absorb_and_sync] Done at 20250925T063156Z
[v1.1-dev 2cd76295] Auto-sync memory (2025-09-25T06:37:59Z)
 11 files changed, 171 insertions(+), 6 deletions(-)
 create mode 100644 memory/logs/heartbeat/archive/full_memory_absorption_20250925T063756Z.log.gz
To https://github.com/rafa8525/consensus-project.git
   cef997c6..2cd76295  HEAD -> v1.1-dev
[absorb_and_sync] Wrote memory/logs/github_sync/sync.log
[absorb_and_sync] Done at 20250925T063756Z
[v1.1-dev ff6677a4] Auto-sync memory (2025-09-25T06:43:59Z)
 8 files changed, 155 insertions(+), 5 deletions(-)
 create mode 100644 memory/logs/heartbeat/archive/full_memory_absorption_20250925T064356Z.log.gz
To https://github.com/rafa8525/consensus-project.git
   2cd76295..ff6677a4  HEAD -> v1.1-dev
[absorb_and_sync] Wrote memory/logs/github_sync/sync.log
[absorb_and_sync] Done at 20250925T064356Z
[v1.1-dev cfd3f92f] Auto-sync memory (2025-09-25T06:50:03Z)
 9 files changed, 183 insertions(+), 5 deletions(-)
 create mode 100644 memory/logs/heartbeat/archive/full_memory_absorption_20250925T064956Z.log.gz
 create mode 100644 memory/logs/system/heartbeat_schedule_status_2025-09-25.md
To https://github.com/rafa8525/consensus-project.git
   ff6677a4..cfd3f92f  HEAD -> v1.1-dev
[absorb_and_sync] Wrote memory/logs/github_sync/sync.log
[absorb_and_sync] Done at 20250925T064956Z
[v1.1-dev 7488e166] Auto-sync memory (2025-09-25T06:56:00Z)
 8 files changed, 155 insertions(+), 5 deletions(-)
 create mode 100644 memory/logs/heartbeat/archive/full_memory_absorption_20250925T065556Z.log.gz
To https://github.com/rafa8525/consensus-project.git
   cfd3f92f..7488e166  HEAD -> v1.1-dev
[absorb_and_sync] Wrote memory/logs/github_sync/sync.log
[absorb_and_sync] Done at 20250925T065556Z
[v1.1-dev b79aeb43] Auto-sync memory (2025-09-25T07:02:00Z)
 13 files changed, 280 insertions(+), 7 deletions(-)
 create mode 100644 memory/logs/heartbeat/archive/full_memory_absorption_20250925T070156Z.log.gz
To https://github.com/rafa8525/consensus-project.git
   7488e166..b79aeb43  HEAD -> v1.1-dev
[absorb_and_sync] Wrote memory/logs/github_sync/sync.log
[absorb_and_sync] Done at 20250925T070156Z
[v1.1-dev d89b5773] Auto-sync memory (2025-09-25T07:08:00Z)
 15 files changed, 200 insertions(+), 20 deletions(-)
 create mode 100644 memory/logs/heartbeat/archive/full_memory_absorption_20250925T070756Z.log.gz
 rewrite memory/logs/scheduler/state.json (62%)
To https://github.com/rafa8525/consensus-project.git
   b79aeb43..d89b5773  HEAD -> v1.1-dev
[absorb_and_sync] Wrote memory/logs/github_sync/sync.log
[absorb_and_sync] Done at 20250925T070756Z
[v1.1-dev 0126023b] Auto-sync memory (2025-09-25T07:14:00Z)
 8 files changed, 167 insertions(+), 5 deletions(-)
 create mode 100644 memory/logs/heartbeat/archive/full_memory_absorption_20250925T071356Z.log.gz
To https://github.com/rafa8525/consensus-project.git
   d89b5773..0126023b  HEAD -> v1.1-dev
[absorb_and_sync] Wrote memory/logs/github_sync/sync.log
[absorb_and_sync] Done at 20250925T071356Z
[v1.1-dev eb1d5d8c] Auto-sync memory (2025-09-25T07:20:00Z)
 8 files changed, 161 insertions(+), 5 deletions(-)
 create mode 100644 memory/logs/heartbeat/archive/full_memory_absorption_20250925T071956Z.log.gz
To https://github.com/rafa8525/consensus-project.git
   0126023b..eb1d5d8c  HEAD -> v1.1-dev
[absorb_and_sync] Wrote memory/logs/github_sync/sync.log
[absorb_and_sync] Done at 20250925T071956Z
[v1.1-dev 9187d04f] Auto-sync memory (2025-09-25T07:25:59Z)
 8 files changed, 155 insertions(+), 5 deletions(-)
 create mode 100644 memory/logs/heartbeat/archive/full_memory_absorption_20250925T072556Z.log.gz
To https://github.com/rafa8525/consensus-project.git
   eb1d5d8c..9187d04f  HEAD -> v1.1-dev
[absorb_and_sync] Wrote memory/logs/github_sync/sync.log
[absorb_and_sync] Done at 20250925T072556Z
[v1.1-dev d0230bcf] Auto-sync memory (2025-09-25T07:32:01Z)
 12 files changed, 293 insertions(+), 6 deletions(-)
 create mode 100644 memory/logs/heartbeat/archive/full_memory_absorption_20250925T073156Z.log.gz
To https://github.com/rafa8525/consensus-project.git
   9187d04f..d0230bcf  HEAD -> v1.1-dev
[absorb_and_sync] Wrote memory/logs/github_sync/sync.log
[absorb_and_sync] Done at 20250925T073156Z
[v1.1-dev d593330f] Auto-sync memory (2025-09-25T07:38:04Z)
 11 files changed, 175 insertions(+), 6 deletions(-)
 create mode 100644 memory/logs/heartbeat/archive/full_memory_absorption_20250925T073756Z.log.gz
To https://github.com/rafa8525/consensus-project.git
   d0230bcf..d593330f  HEAD -> v1.1-dev
[absorb_and_sync] Wrote memory/logs/github_sync/sync.log
[absorb_and_sync] Done at 20250925T073756Z
[v1.1-dev 714fc9ef] Auto-sync memory (2025-09-25T07:44:01Z)
 8 files changed, 149 insertions(+), 5 deletions(-)
 create mode 100644 memory/logs/heartbeat/archive/full_memory_absorption_20250925T074356Z.log.gz
To https://github.com/rafa8525/consensus-project.git
   d593330f..714fc9ef  HEAD -> v1.1-dev
[absorb_and_sync] Wrote memory/logs/github_sync/sync.log
[absorb_and_sync] Done at 20250925T074356Z
[v1.1-dev bbcf181e] Auto-sync memory (2025-09-25T07:50:01Z)
 8 files changed, 155 insertions(+), 5 deletions(-)
 create mode 100644 memory/logs/heartbeat/archive/full_memory_absorption_20250925T074956Z.log.gz
To https://github.com/rafa8525/consensus-project.git
   714fc9ef..bbcf181e  HEAD -> v1.1-dev
[absorb_and_sync] Wrote memory/logs/github_sync/sync.log
[absorb_and_sync] Done at 20250925T074956Z
[v1.1-dev 9d4be1d2] Auto-sync memory (2025-09-25T07:56:00Z)
 8 files changed, 155 insertions(+), 5 deletions(-)
 create mode 100644 memory/logs/heartbeat/archive/full_memory_absorption_20250925T075556Z.log.gz
To https://github.com/rafa8525/consensus-project.git
   bbcf181e..9d4be1d2  HEAD -> v1.1-dev
[absorb_and_sync] Wrote memory/logs/github_sync/sync.log
[absorb_and_sync] Done at 20250925T075556Z
[v1.1-dev 1f348679] Auto-sync memory (2025-09-25T08:02:00Z)
 12 files changed, 289 insertions(+), 6 deletions(-)
 create mode 100644 memory/logs/heartbeat/archive/full_memory_absorption_20250925T080156Z.log.gz
To https://github.com/rafa8525/consensus-project.git
   9d4be1d2..1f348679  HEAD -> v1.1-dev
[absorb_and_sync] Wrote memory/logs/github_sync/sync.log
[absorb_and_sync] Done at 20250925T080156Z
[v1.1-dev a7511e53] Auto-sync memory (2025-09-25T08:08:01Z)
 15 files changed, 190 insertions(+), 12 deletions(-)
 create mode 100644 memory/logs/heartbeat/archive/full_memory_absorption_20250925T080756Z.log.gz
To https://github.com/rafa8525/consensus-project.git
   1f348679..a7511e53  HEAD -> v1.1-dev
[absorb_and_sync] Wrote memory/logs/github_sync/sync.log
[absorb_and_sync] Done at 20250925T080756Z
[v1.1-dev 2a7f1e4f] Auto-sync memory (2025-09-25T08:14:14Z)
 8 files changed, 167 insertions(+), 5 deletions(-)
 create mode 100644 memory/logs/heartbeat/archive/full_memory_absorption_20250925T081357Z.log.gz
To https://github.com/rafa8525/consensus-project.git
   a7511e53..2a7f1e4f  HEAD -> v1.1-dev
[absorb_and_sync] Wrote memory/logs/github_sync/sync.log
[absorb_and_sync] Done at 20250925T081357Z
[v1.1-dev 4e729a55] Auto-sync memory (2025-09-25T08:20:01Z)
 8 files changed, 157 insertions(+), 5 deletions(-)
 create mode 100644 memory/logs/heartbeat/archive/full_memory_absorption_20250925T081956Z.log.gz
To https://github.com/rafa8525/consensus-project.git
   2a7f1e4f..4e729a55  HEAD -> v1.1-dev
[absorb_and_sync] Wrote memory/logs/github_sync/sync.log
[absorb_and_sync] Done at 20250925T081956Z
[v1.1-dev af40d3a4] Auto-sync memory (2025-09-25T08:26:01Z)
 8 files changed, 159 insertions(+), 5 deletions(-)
 create mode 100644 memory/logs/heartbeat/archive/full_memory_absorption_20250925T082556Z.log.gz
To https://github.com/rafa8525/consensus-project.git
   4e729a55..af40d3a4  HEAD -> v1.1-dev
[absorb_and_sync] Wrote memory/logs/github_sync/sync.log
[absorb_and_sync] Done at 20250925T082556Z
[v1.1-dev df2d905c] Auto-sync memory (2025-09-25T08:32:04Z)
 12 files changed, 295 insertions(+), 6 deletions(-)
 create mode 100644 memory/logs/heartbeat/archive/full_memory_absorption_20250925T083157Z.log.gz
To https://github.com/rafa8525/consensus-project.git
   af40d3a4..df2d905c  HEAD -> v1.1-dev
[absorb_and_sync] Wrote memory/logs/github_sync/sync.log
[absorb_and_sync] Done at 20250925T083157Z
[v1.1-dev b440f886] Auto-sync memory (2025-09-25T08:38:01Z)
 11 files changed, 165 insertions(+), 6 deletions(-)
 create mode 100644 memory/logs/heartbeat/archive/full_memory_absorption_20250925T083756Z.log.gz
To https://github.com/rafa8525/consensus-project.git
   df2d905c..b440f886  HEAD -> v1.1-dev
[absorb_and_sync] Wrote memory/logs/github_sync/sync.log
[absorb_and_sync] Done at 20250925T083756Z
[v1.1-dev 193f4a32] Auto-sync memory (2025-09-25T08:44:01Z)
 8 files changed, 157 insertions(+), 5 deletions(-)
 create mode 100644 memory/logs/heartbeat/archive/full_memory_absorption_20250925T084357Z.log.gz
To https://github.com/rafa8525/consensus-project.git
   b440f886..193f4a32  HEAD -> v1.1-dev
[absorb_and_sync] Wrote memory/logs/github_sync/sync.log
[absorb_and_sync] Done at 20250925T084357Z
[v1.1-dev 5e86063f] Auto-sync memory (2025-09-25T08:50:00Z)
 8 files changed, 149 insertions(+), 5 deletions(-)
 create mode 100644 memory/logs/heartbeat/archive/full_memory_absorption_20250925T084957Z.log.gz
To https://github.com/rafa8525/consensus-project.git
   193f4a32..5e86063f  HEAD -> v1.1-dev
[absorb_and_sync] Wrote memory/logs/github_sync/sync.log
[absorb_and_sync] Done at 20250925T084957Z
[v1.1-dev 1f621d7d] Auto-sync memory (2025-09-25T08:56:01Z)
 8 files changed, 151 insertions(+), 5 deletions(-)
 create mode 100644 memory/logs/heartbeat/archive/full_memory_absorption_20250925T085557Z.log.gz
To https://github.com/rafa8525/consensus-project.git
   5e86063f..1f621d7d  HEAD -> v1.1-dev
[absorb_and_sync] Wrote memory/logs/github_sync/sync.log
[absorb_and_sync] Done at 20250925T085557Z
[v1.1-dev 4e0feff9] Auto-sync memory (2025-09-25T09:02:01Z)
 12 files changed, 295 insertions(+), 6 deletions(-)
 create mode 100644 memory/logs/heartbeat/archive/full_memory_absorption_20250925T090157Z.log.gz
To https://github.com/rafa8525/consensus-project.git
   1f621d7d..4e0feff9  HEAD -> v1.1-dev
[absorb_and_sync] Wrote memory/logs/github_sync/sync.log
[absorb_and_sync] Done at 20250925T090157Z
[v1.1-dev 35014beb] Auto-sync memory (2025-09-25T09:08:02Z)
 13 files changed, 182 insertions(+), 7 deletions(-)
 create mode 100644 memory/logs/heartbeat/archive/full_memory_absorption_20250925T090757Z.log.gz
To https://github.com/rafa8525/consensus-project.git
   4e0feff9..35014beb  HEAD -> v1.1-dev
[absorb_and_sync] Wrote memory/logs/github_sync/sync.log
[absorb_and_sync] Done at 20250925T090757Z
[v1.1-dev 57c58632] Auto-sync memory (2025-09-25T09:14:08Z)
 8 files changed, 175 insertions(+), 5 deletions(-)
 create mode 100644 memory/logs/heartbeat/archive/full_memory_absorption_20250925T091357Z.log.gz
To https://github.com/rafa8525/consensus-project.git
   35014beb..57c58632  HEAD -> v1.1-dev
[absorb_and_sync] Wrote memory/logs/github_sync/sync.log
[absorb_and_sync] Done at 20250925T091357Z
[v1.1-dev 33e05874] Auto-sync memory (2025-09-25T09:20:04Z)
 8 files changed, 165 insertions(+), 5 deletions(-)
 create mode 100644 memory/logs/heartbeat/archive/full_memory_absorption_20250925T091957Z.log.gz
To https://github.com/rafa8525/consensus-project.git
   57c58632..33e05874  HEAD -> v1.1-dev
[absorb_and_sync] Wrote memory/logs/github_sync/sync.log
[absorb_and_sync] Done at 20250925T091957Z
[v1.1-dev 2ae23a3d] Auto-sync memory (2025-09-25T09:26:02Z)
 8 files changed, 147 insertions(+), 5 deletions(-)
 create mode 100644 memory/logs/heartbeat/archive/full_memory_absorption_20250925T092557Z.log.gz
To https://github.com/rafa8525/consensus-project.git
   33e05874..2ae23a3d  HEAD -> v1.1-dev
[absorb_and_sync] Wrote memory/logs/github_sync/sync.log
[absorb_and_sync] Done at 20250925T092557Z
[v1.1-dev 656b1e1c] Auto-sync memory (2025-09-25T09:32:02Z)
 12 files changed, 295 insertions(+), 6 deletions(-)
 create mode 100644 memory/logs/heartbeat/archive/full_memory_absorption_20250925T093157Z.log.gz
To https://github.com/rafa8525/consensus-project.git
   2ae23a3d..656b1e1c  HEAD -> v1.1-dev
[absorb_and_sync] Wrote memory/logs/github_sync/sync.log
[absorb_and_sync] Done at 20250925T093157Z
[v1.1-dev 93892fc7] Auto-sync memory (2025-09-25T09:38:01Z)
 11 files changed, 167 insertions(+), 6 deletions(-)
 create mode 100644 memory/logs/heartbeat/archive/full_memory_absorption_20250925T093757Z.log.gz
To https://github.com/rafa8525/consensus-project.git
   656b1e1c..93892fc7  HEAD -> v1.1-dev
[absorb_and_sync] Wrote memory/logs/github_sync/sync.log
[absorb_and_sync] Done at 20250925T093757Z
[v1.1-dev 63a576b9] Auto-sync memory (2025-09-25T09:44:04Z)
 8 files changed, 153 insertions(+), 5 deletions(-)
 create mode 100644 memory/logs/heartbeat/archive/full_memory_absorption_20250925T094357Z.log.gz
To https://github.com/rafa8525/consensus-project.git
   93892fc7..63a576b9  HEAD -> v1.1-dev
[absorb_and_sync] Wrote memory/logs/github_sync/sync.log
[absorb_and_sync] Done at 20250925T094357Z
[v1.1-dev fd34aff8] Auto-sync memory (2025-09-25T09:50:01Z)
 8 files changed, 149 insertions(+), 5 deletions(-)
 create mode 100644 memory/logs/heartbeat/archive/full_memory_absorption_20250925T094957Z.log.gz
To https://github.com/rafa8525/consensus-project.git
   63a576b9..fd34aff8  HEAD -> v1.1-dev
[absorb_and_sync] Wrote memory/logs/github_sync/sync.log
[absorb_and_sync] Done at 20250925T094957Z
[v1.1-dev 91060fa9] Auto-sync memory (2025-09-25T09:56:01Z)
 8 files changed, 151 insertions(+), 5 deletions(-)
 create mode 100644 memory/logs/heartbeat/archive/full_memory_absorption_20250925T095557Z.log.gz
To https://github.com/rafa8525/consensus-project.git
   fd34aff8..91060fa9  HEAD -> v1.1-dev
[absorb_and_sync] Wrote memory/logs/github_sync/sync.log
[absorb_and_sync] Done at 20250925T095557Z
[v1.1-dev 005b15ba] Auto-sync memory (2025-09-25T10:02:05Z)
 12 files changed, 297 insertions(+), 6 deletions(-)
 create mode 100644 memory/logs/heartbeat/archive/full_memory_absorption_20250925T100157Z.log.gz
To https://github.com/rafa8525/consensus-project.git
   91060fa9..005b15ba  HEAD -> v1.1-dev
[absorb_and_sync] Wrote memory/logs/github_sync/sync.log
[absorb_and_sync] Done at 20250925T100157Z
[v1.1-dev 43a6297d] Auto-sync memory (2025-09-25T10:08:03Z)
 15 files changed, 184 insertions(+), 12 deletions(-)
 create mode 100644 memory/logs/heartbeat/archive/full_memory_absorption_20250925T100757Z.log.gz
To https://github.com/rafa8525/consensus-project.git
   005b15ba..43a6297d  HEAD -> v1.1-dev
[absorb_and_sync] Wrote memory/logs/github_sync/sync.log
[absorb_and_sync] Done at 20250925T100757Z
[v1.1-dev 737145df] Auto-sync memory (2025-09-25T10:14:02Z)
 8 files changed, 163 insertions(+), 5 deletions(-)
 create mode 100644 memory/logs/heartbeat/archive/full_memory_absorption_20250925T101357Z.log.gz
To https://github.com/rafa8525/consensus-project.git
   43a6297d..737145df  HEAD -> v1.1-dev
[absorb_and_sync] Wrote memory/logs/github_sync/sync.log
[absorb_and_sync] Done at 20250925T101357Z
[v1.1-dev 66ba0cb9] Auto-sync memory (2025-09-25T10:20:01Z)
 8 files changed, 169 insertions(+), 5 deletions(-)
 create mode 100644 memory/logs/heartbeat/archive/full_memory_absorption_20250925T101957Z.log.gz
To https://github.com/rafa8525/consensus-project.git
   737145df..66ba0cb9  HEAD -> v1.1-dev
[absorb_and_sync] Wrote memory/logs/github_sync/sync.log
[absorb_and_sync] Done at 20250925T101957Z
[v1.1-dev c32efb99] Auto-sync memory (2025-09-25T10:26:02Z)
 8 files changed, 151 insertions(+), 5 deletions(-)
 create mode 100644 memory/logs/heartbeat/archive/full_memory_absorption_20250925T102557Z.log.gz
To https://github.com/rafa8525/consensus-project.git
   66ba0cb9..c32efb99  HEAD -> v1.1-dev
[absorb_and_sync] Wrote memory/logs/github_sync/sync.log
[absorb_and_sync] Done at 20250925T102557Z
[v1.1-dev b1fc00f5] Auto-sync memory (2025-09-25T10:32:10Z)
 12 files changed, 309 insertions(+), 6 deletions(-)
 create mode 100644 memory/logs/heartbeat/archive/full_memory_absorption_20250925T103157Z.log.gz
To https://github.com/rafa8525/consensus-project.git
   c32efb99..b1fc00f5  HEAD -> v1.1-dev
[absorb_and_sync] Wrote memory/logs/github_sync/sync.log
[absorb_and_sync] Done at 20250925T103157Z
[v1.1-dev 212d0f1a] Auto-sync memory (2025-09-25T10:38:01Z)
 11 files changed, 167 insertions(+), 6 deletions(-)
 create mode 100644 memory/logs/heartbeat/archive/full_memory_absorption_20250925T103757Z.log.gz
To https://github.com/rafa8525/consensus-project.git
   b1fc00f5..212d0f1a  HEAD -> v1.1-dev
[absorb_and_sync] Wrote memory/logs/github_sync/sync.log
[absorb_and_sync] Done at 20250925T103757Z
[v1.1-dev 420993a6] Auto-sync memory (2025-09-25T10:44:03Z)
 8 files changed, 157 insertions(+), 5 deletions(-)
 create mode 100644 memory/logs/heartbeat/archive/full_memory_absorption_20250925T104357Z.log.gz
To https://github.com/rafa8525/consensus-project.git
   212d0f1a..420993a6  HEAD -> v1.1-dev
[absorb_and_sync] Wrote memory/logs/github_sync/sync.log
[absorb_and_sync] Done at 20250925T104357Z
[v1.1-dev 532ed4ef] Auto-sync memory (2025-09-25T10:50:08Z)
 8 files changed, 161 insertions(+), 5 deletions(-)
 create mode 100644 memory/logs/heartbeat/archive/full_memory_absorption_20250925T104957Z.log.gz
To https://github.com/rafa8525/consensus-project.git
   420993a6..532ed4ef  HEAD -> v1.1-dev
[absorb_and_sync] Wrote memory/logs/github_sync/sync.log
[absorb_and_sync] Done at 20250925T104957Z
[v1.1-dev 34444a85] Auto-sync memory (2025-09-25T10:56:04Z)
 8 files changed, 159 insertions(+), 5 deletions(-)
 create mode 100644 memory/logs/heartbeat/archive/full_memory_absorption_20250925T105557Z.log.gz
To https://github.com/rafa8525/consensus-project.git
   532ed4ef..34444a85  HEAD -> v1.1-dev
[absorb_and_sync] Wrote memory/logs/github_sync/sync.log
[absorb_and_sync] Done at 20250925T105557Z
[v1.1-dev 1a15fe09] Auto-sync memory (2025-09-25T11:02:05Z)
 12 files changed, 291 insertions(+), 6 deletions(-)
 create mode 100644 memory/logs/heartbeat/archive/full_memory_absorption_20250925T110157Z.log.gz
To https://github.com/rafa8525/consensus-project.git
   34444a85..1a15fe09  HEAD -> v1.1-dev
[absorb_and_sync] Wrote memory/logs/github_sync/sync.log
[absorb_and_sync] Done at 20250925T110157Z
[v1.1-dev 080c1f2e] Auto-sync memory (2025-09-25T11:08:02Z)
 13 files changed, 188 insertions(+), 7 deletions(-)
 create mode 100644 memory/logs/heartbeat/archive/full_memory_absorption_20250925T110757Z.log.gz
To https://github.com/rafa8525/consensus-project.git
   1a15fe09..080c1f2e  HEAD -> v1.1-dev
[absorb_and_sync] Wrote memory/logs/github_sync/sync.log
[absorb_and_sync] Done at 20250925T110757Z
[v1.1-dev 814b9f38] Auto-sync memory (2025-09-25T11:14:01Z)
 8 files changed, 161 insertions(+), 5 deletions(-)
 create mode 100644 memory/logs/heartbeat/archive/full_memory_absorption_20250925T111357Z.log.gz
To https://github.com/rafa8525/consensus-project.git
   080c1f2e..814b9f38  HEAD -> v1.1-dev
[absorb_and_sync] Wrote memory/logs/github_sync/sync.log
[absorb_and_sync] Done at 20250925T111357Z
[v1.1-dev ddb72a0f] Auto-sync memory (2025-09-25T11:20:02Z)
 8 files changed, 165 insertions(+), 5 deletions(-)
 create mode 100644 memory/logs/heartbeat/archive/full_memory_absorption_20250925T111957Z.log.gz
To https://github.com/rafa8525/consensus-project.git
   814b9f38..ddb72a0f  HEAD -> v1.1-dev
[absorb_and_sync] Wrote memory/logs/github_sync/sync.log
[absorb_and_sync] Done at 20250925T111957Z
[v1.1-dev 974bcc37] Auto-sync memory (2025-09-25T11:26:01Z)
 8 files changed, 157 insertions(+), 5 deletions(-)
 create mode 100644 memory/logs/heartbeat/archive/full_memory_absorption_20250925T112557Z.log.gz
To https://github.com/rafa8525/consensus-project.git
   ddb72a0f..974bcc37  HEAD -> v1.1-dev
[absorb_and_sync] Wrote memory/logs/github_sync/sync.log
[absorb_and_sync] Done at 20250925T112557Z
[v1.1-dev cd1d7edc] Auto-sync memory (2025-09-25T11:32:02Z)
 12 files changed, 301 insertions(+), 6 deletions(-)
 create mode 100644 memory/logs/heartbeat/archive/full_memory_absorption_20250925T113157Z.log.gz
To https://github.com/rafa8525/consensus-project.git
   974bcc37..cd1d7edc  HEAD -> v1.1-dev
[absorb_and_sync] Wrote memory/logs/github_sync/sync.log
[absorb_and_sync] Done at 20250925T113157Z
[v1.1-dev a85a521a] Auto-sync memory (2025-09-25T11:38:02Z)
 11 files changed, 173 insertions(+), 6 deletions(-)
 create mode 100644 memory/logs/heartbeat/archive/full_memory_absorption_20250925T113757Z.log.gz
To https://github.com/rafa8525/consensus-project.git
   cd1d7edc..a85a521a  HEAD -> v1.1-dev
[absorb_and_sync] Wrote memory/logs/github_sync/sync.log
[absorb_and_sync] Done at 20250925T113757Z
[v1.1-dev 7864110d] Auto-sync memory (2025-09-25T11:44:03Z)
 8 files changed, 157 insertions(+), 5 deletions(-)
 create mode 100644 memory/logs/heartbeat/archive/full_memory_absorption_20250925T114357Z.log.gz
To https://github.com/rafa8525/consensus-project.git
   a85a521a..7864110d  HEAD -> v1.1-dev
[absorb_and_sync] Wrote memory/logs/github_sync/sync.log
[absorb_and_sync] Done at 20250925T114357Z
[v1.1-dev c3f0711d] Auto-sync memory (2025-09-25T11:50:07Z)
 8 files changed, 155 insertions(+), 5 deletions(-)
 create mode 100644 memory/logs/heartbeat/archive/full_memory_absorption_20250925T114957Z.log.gz
To https://github.com/rafa8525/consensus-project.git
   7864110d..c3f0711d  HEAD -> v1.1-dev
[absorb_and_sync] Wrote memory/logs/github_sync/sync.log
[absorb_and_sync] Done at 20250925T114957Z
[v1.1-dev 98f608ad] Auto-sync memory (2025-09-25T11:56:06Z)
 8 files changed, 155 insertions(+), 5 deletions(-)
 create mode 100644 memory/logs/heartbeat/archive/full_memory_absorption_20250925T115558Z.log.gz
To https://github.com/rafa8525/consensus-project.git
   c3f0711d..98f608ad  HEAD -> v1.1-dev
[absorb_and_sync] Wrote memory/logs/github_sync/sync.log
[absorb_and_sync] Done at 20250925T115558Z
[v1.1-dev 030fcda3] Auto-sync memory (2025-09-25T12:02:02Z)
 12 files changed, 289 insertions(+), 6 deletions(-)
 create mode 100644 memory/logs/heartbeat/archive/full_memory_absorption_20250925T120158Z.log.gz
To https://github.com/rafa8525/consensus-project.git
   98f608ad..030fcda3  HEAD -> v1.1-dev
[absorb_and_sync] Wrote memory/logs/github_sync/sync.log
[absorb_and_sync] Done at 20250925T120158Z
[v1.1-dev 1ef73981] Auto-sync memory (2025-09-25T12:08:03Z)
 15 files changed, 186 insertions(+), 12 deletions(-)
 create mode 100644 memory/logs/heartbeat/archive/full_memory_absorption_20250925T120758Z.log.gz
To https://github.com/rafa8525/consensus-project.git
   030fcda3..1ef73981  HEAD -> v1.1-dev
[absorb_and_sync] Wrote memory/logs/github_sync/sync.log
[absorb_and_sync] Done at 20250925T120758Z
[v1.1-dev 26591311] Auto-sync memory (2025-09-25T12:14:03Z)
 8 files changed, 165 insertions(+), 5 deletions(-)
 create mode 100644 memory/logs/heartbeat/archive/full_memory_absorption_20250925T121358Z.log.gz
To https://github.com/rafa8525/consensus-project.git
   1ef73981..26591311  HEAD -> v1.1-dev
[absorb_and_sync] Wrote memory/logs/github_sync/sync.log
[absorb_and_sync] Done at 20250925T121358Z
[v1.1-dev 57c05016] Auto-sync memory (2025-09-25T12:20:07Z)
 8 files changed, 167 insertions(+), 5 deletions(-)
 create mode 100644 memory/logs/heartbeat/archive/full_memory_absorption_20250925T121958Z.log.gz
To https://github.com/rafa8525/consensus-project.git
   26591311..57c05016  HEAD -> v1.1-dev
[absorb_and_sync] Wrote memory/logs/github_sync/sync.log
[absorb_and_sync] Done at 20250925T121958Z
[v1.1-dev 739c5a22] Auto-sync memory (2025-09-25T12:26:04Z)
 8 files changed, 149 insertions(+), 5 deletions(-)
 create mode 100644 memory/logs/heartbeat/archive/full_memory_absorption_20250925T122558Z.log.gz
To https://github.com/rafa8525/consensus-project.git
   57c05016..739c5a22  HEAD -> v1.1-dev
[absorb_and_sync] Wrote memory/logs/github_sync/sync.log
[absorb_and_sync] Done at 20250925T122558Z
[v1.1-dev c9907dba] Auto-sync memory (2025-09-25T12:32:06Z)
 12 files changed, 301 insertions(+), 6 deletions(-)
 create mode 100644 memory/logs/heartbeat/archive/full_memory_absorption_20250925T123158Z.log.gz
To https://github.com/rafa8525/consensus-project.git
   739c5a22..c9907dba  HEAD -> v1.1-dev
[absorb_and_sync] Wrote memory/logs/github_sync/sync.log
[absorb_and_sync] Done at 20250925T123158Z
[v1.1-dev 01008c72] Auto-sync memory (2025-09-25T12:38:07Z)
 8 files changed, 157 insertions(+), 5 deletions(-)
 create mode 100644 memory/logs/heartbeat/archive/full_memory_absorption_20250925T123758Z.log.gz
To https://github.com/rafa8525/consensus-project.git
   c9907dba..01008c72  HEAD -> v1.1-dev
[absorb_and_sync] Wrote memory/logs/github_sync/sync.log
[absorb_and_sync] Done at 20250925T123758Z
[v1.1-dev 8c1ff6a5] Auto-sync memory (2025-09-25T12:44:08Z)
 8 files changed, 159 insertions(+), 5 deletions(-)
 create mode 100644 memory/logs/heartbeat/archive/full_memory_absorption_20250925T124358Z.log.gz
To https://github.com/rafa8525/consensus-project.git
   01008c72..8c1ff6a5  HEAD -> v1.1-dev
[absorb_and_sync] Wrote memory/logs/github_sync/sync.log
[absorb_and_sync] Done at 20250925T124358Z
[v1.1-dev cd829d21] Auto-sync memory (2025-09-25T12:50:06Z)
 8 files changed, 155 insertions(+), 5 deletions(-)
 create mode 100644 memory/logs/heartbeat/archive/full_memory_absorption_20250925T124958Z.log.gz
To https://github.com/rafa8525/consensus-project.git
   8c1ff6a5..cd829d21  HEAD -> v1.1-dev
[absorb_and_sync] Wrote memory/logs/github_sync/sync.log
[absorb_and_sync] Done at 20250925T124958Z
[v1.1-dev 25e42dd6] Auto-sync memory (2025-09-25T12:56:04Z)
 8 files changed, 145 insertions(+), 5 deletions(-)
 create mode 100644 memory/logs/heartbeat/archive/full_memory_absorption_20250925T125558Z.log.gz
To https://github.com/rafa8525/consensus-project.git
   cd829d21..25e42dd6  HEAD -> v1.1-dev
[absorb_and_sync] Wrote memory/logs/github_sync/sync.log
[absorb_and_sync] Done at 20250925T125558Z
[v1.1-dev 2d419051] Auto-sync memory (2025-09-25T13:02:06Z)
 12 files changed, 303 insertions(+), 6 deletions(-)
 create mode 100644 memory/logs/heartbeat/archive/full_memory_absorption_20250925T130158Z.log.gz
To https://github.com/rafa8525/consensus-project.git
   25e42dd6..2d419051  HEAD -> v1.1-dev
[absorb_and_sync] Wrote memory/logs/github_sync/sync.log
[absorb_and_sync] Done at 20250925T130158Z
[v1.1-dev b7a48e17] Auto-sync memory (2025-09-25T13:08:02Z)
 11 files changed, 160 insertions(+), 6 deletions(-)
 create mode 100644 memory/logs/heartbeat/archive/full_memory_absorption_20250925T130758Z.log.gz
To https://github.com/rafa8525/consensus-project.git
   2d419051..b7a48e17  HEAD -> v1.1-dev
[absorb_and_sync] Wrote memory/logs/github_sync/sync.log
[absorb_and_sync] Done at 20250925T130758Z
[v1.1-dev e3fa69ba] Auto-sync memory (2025-09-25T13:14:07Z)
 8 files changed, 173 insertions(+), 5 deletions(-)
 create mode 100644 memory/logs/heartbeat/archive/full_memory_absorption_20250925T131358Z.log.gz
To https://github.com/rafa8525/consensus-project.git
   b7a48e17..e3fa69ba  HEAD -> v1.1-dev
[absorb_and_sync] Wrote memory/logs/github_sync/sync.log
[absorb_and_sync] Done at 20250925T131358Z
[v1.1-dev 4f7faaec] Auto-sync memory (2025-09-25T13:20:03Z)
 8 files changed, 157 insertions(+), 5 deletions(-)
 create mode 100644 memory/logs/heartbeat/archive/full_memory_absorption_20250925T131958Z.log.gz
To https://github.com/rafa8525/consensus-project.git
   e3fa69ba..4f7faaec  HEAD -> v1.1-dev
[absorb_and_sync] Wrote memory/logs/github_sync/sync.log
[absorb_and_sync] Done at 20250925T131958Z
[v1.1-dev 1aa45ad0] Auto-sync memory (2025-09-25T13:26:02Z)
 8 files changed, 159 insertions(+), 5 deletions(-)
 create mode 100644 memory/logs/heartbeat/archive/full_memory_absorption_20250925T132558Z.log.gz
To https://github.com/rafa8525/consensus-project.git
   4f7faaec..1aa45ad0  HEAD -> v1.1-dev
[absorb_and_sync] Wrote memory/logs/github_sync/sync.log
[absorb_and_sync] Done at 20250925T132558Z
[v1.1-dev ce42d32a] Auto-sync memory (2025-09-25T13:32:05Z)
 12 files changed, 297 insertions(+), 6 deletions(-)
 create mode 100644 memory/logs/heartbeat/archive/full_memory_absorption_20250925T133158Z.log.gz
To https://github.com/rafa8525/consensus-project.git
   1aa45ad0..ce42d32a  HEAD -> v1.1-dev
[absorb_and_sync] Wrote memory/logs/github_sync/sync.log
[absorb_and_sync] Done at 20250925T133158Z
[v1.1-dev d4d40667] Auto-sync memory (2025-09-25T13:38:02Z)
 8 files changed, 155 insertions(+), 5 deletions(-)
 create mode 100644 memory/logs/heartbeat/archive/full_memory_absorption_20250925T133758Z.log.gz
To https://github.com/rafa8525/consensus-project.git
   ce42d32a..d4d40667  HEAD -> v1.1-dev
[absorb_and_sync] Wrote memory/logs/github_sync/sync.log
[absorb_and_sync] Done at 20250925T133758Z
[v1.1-dev c586f8cb] Auto-sync memory (2025-09-25T13:44:05Z)
 8 files changed, 153 insertions(+), 5 deletions(-)
 create mode 100644 memory/logs/heartbeat/archive/full_memory_absorption_20250925T134358Z.log.gz
To https://github.com/rafa8525/consensus-project.git
   d4d40667..c586f8cb  HEAD -> v1.1-dev
[absorb_and_sync] Wrote memory/logs/github_sync/sync.log
[absorb_and_sync] Done at 20250925T134358Z
[v1.1-dev b9a94d4f] Auto-sync memory (2025-09-25T13:50:04Z)
 8 files changed, 149 insertions(+), 5 deletions(-)
 create mode 100644 memory/logs/heartbeat/archive/full_memory_absorption_20250925T134958Z.log.gz
To https://github.com/rafa8525/consensus-project.git
   c586f8cb..b9a94d4f  HEAD -> v1.1-dev
[absorb_and_sync] Wrote memory/logs/github_sync/sync.log
[absorb_and_sync] Done at 20250925T134958Z
[v1.1-dev e6bb6dca] Auto-sync memory (2025-09-25T13:56:03Z)
 8 files changed, 151 insertions(+), 5 deletions(-)
 create mode 100644 memory/logs/heartbeat/archive/full_memory_absorption_20250925T135558Z.log.gz
To https://github.com/rafa8525/consensus-project.git
   b9a94d4f..e6bb6dca  HEAD -> v1.1-dev
[absorb_and_sync] Wrote memory/logs/github_sync/sync.log
[absorb_and_sync] Done at 20250925T135558Z
[v1.1-dev 6e2699bf] Auto-sync memory (2025-09-25T14:02:05Z)
 12 files changed, 297 insertions(+), 6 deletions(-)
 create mode 100644 memory/logs/heartbeat/archive/full_memory_absorption_20250925T140158Z.log.gz
To https://github.com/rafa8525/consensus-project.git
   e6bb6dca..6e2699bf  HEAD -> v1.1-dev
[absorb_and_sync] Wrote memory/logs/github_sync/sync.log
[absorb_and_sync] Done at 20250925T140158Z
[v1.1-dev b87de464] Auto-sync memory (2025-09-25T14:08:03Z)
 13 files changed, 170 insertions(+), 11 deletions(-)
 create mode 100644 memory/logs/heartbeat/archive/full_memory_absorption_20250925T140758Z.log.gz
To https://github.com/rafa8525/consensus-project.git
   6e2699bf..b87de464  HEAD -> v1.1-dev
[absorb_and_sync] Wrote memory/logs/github_sync/sync.log
[absorb_and_sync] Done at 20250925T140758Z
[v1.1-dev 6f143a6b] Auto-sync memory (2025-09-25T14:14:03Z)
 8 files changed, 163 insertions(+), 5 deletions(-)
 create mode 100644 memory/logs/heartbeat/archive/full_memory_absorption_20250925T141358Z.log.gz
To https://github.com/rafa8525/consensus-project.git
   b87de464..6f143a6b  HEAD -> v1.1-dev
[absorb_and_sync] Wrote memory/logs/github_sync/sync.log
[absorb_and_sync] Done at 20250925T141358Z
[v1.1-dev b897571a] Auto-sync memory (2025-09-25T14:20:09Z)
 8 files changed, 171 insertions(+), 5 deletions(-)
 create mode 100644 memory/logs/heartbeat/archive/full_memory_absorption_20250925T141958Z.log.gz
To https://github.com/rafa8525/consensus-project.git
   6f143a6b..b897571a  HEAD -> v1.1-dev
[absorb_and_sync] Wrote memory/logs/github_sync/sync.log
[absorb_and_sync] Done at 20250925T141958Z
[v1.1-dev 5fceb5ec] Auto-sync memory (2025-09-25T14:26:04Z)
 8 files changed, 145 insertions(+), 5 deletions(-)
 create mode 100644 memory/logs/heartbeat/archive/full_memory_absorption_20250925T142558Z.log.gz
To https://github.com/rafa8525/consensus-project.git
   b897571a..5fceb5ec  HEAD -> v1.1-dev
[absorb_and_sync] Wrote memory/logs/github_sync/sync.log
[absorb_and_sync] Done at 20250925T142558Z
[v1.1-dev 15f5d869] Auto-sync memory (2025-09-25T14:32:05Z)
 12 files changed, 301 insertions(+), 6 deletions(-)
 create mode 100644 memory/logs/heartbeat/archive/full_memory_absorption_20250925T143158Z.log.gz
To https://github.com/rafa8525/consensus-project.git
   5fceb5ec..15f5d869  HEAD -> v1.1-dev
[absorb_and_sync] Wrote memory/logs/github_sync/sync.log
[absorb_and_sync] Done at 20250925T143158Z
[v1.1-dev f387a898] Auto-sync memory (2025-09-25T14:38:06Z)
 8 files changed, 151 insertions(+), 5 deletions(-)
 create mode 100644 memory/logs/heartbeat/archive/full_memory_absorption_20250925T143759Z.log.gz
To https://github.com/rafa8525/consensus-project.git
   15f5d869..f387a898  HEAD -> v1.1-dev
[absorb_and_sync] Wrote memory/logs/github_sync/sync.log
[absorb_and_sync] Done at 20250925T143759Z
[v1.1-dev 41b34482] Auto-sync memory (2025-09-25T14:44:09Z)
 8 files changed, 149 insertions(+), 5 deletions(-)
 create mode 100644 memory/logs/heartbeat/archive/full_memory_absorption_20250925T144359Z.log.gz
To https://github.com/rafa8525/consensus-project.git
   f387a898..41b34482  HEAD -> v1.1-dev
[absorb_and_sync] Wrote memory/logs/github_sync/sync.log
[absorb_and_sync] Done at 20250925T144359Z
[v1.1-dev 2c4d2d07] Auto-sync memory (2025-09-25T14:50:13Z)
 8 files changed, 165 insertions(+), 5 deletions(-)
 create mode 100644 memory/logs/heartbeat/archive/full_memory_absorption_20250925T144959Z.log.gz
To https://github.com/rafa8525/consensus-project.git
   41b34482..2c4d2d07  HEAD -> v1.1-dev
[absorb_and_sync] Wrote memory/logs/github_sync/sync.log
[absorb_and_sync] Done at 20250925T144959Z
[v1.1-dev 1a2f3d75] Auto-sync memory (2025-09-25T14:56:12Z)
 8 files changed, 161 insertions(+), 5 deletions(-)
 create mode 100644 memory/logs/heartbeat/archive/full_memory_absorption_20250925T145559Z.log.gz
To https://github.com/rafa8525/consensus-project.git
   2c4d2d07..1a2f3d75  HEAD -> v1.1-dev
[absorb_and_sync] Wrote memory/logs/github_sync/sync.log
[absorb_and_sync] Done at 20250925T145559Z
[v1.1-dev 044ed896] Auto-sync memory (2025-09-25T15:02:07Z)
 12 files changed, 289 insertions(+), 6 deletions(-)
 create mode 100644 memory/logs/heartbeat/archive/full_memory_absorption_20250925T150159Z.log.gz
To https://github.com/rafa8525/consensus-project.git
   1a2f3d75..044ed896  HEAD -> v1.1-dev
[absorb_and_sync] Wrote memory/logs/github_sync/sync.log
[absorb_and_sync] Done at 20250925T150159Z
[v1.1-dev 546d5083] Auto-sync memory (2025-09-25T15:08:09Z)
 11 files changed, 174 insertions(+), 6 deletions(-)
 create mode 100644 memory/logs/heartbeat/archive/full_memory_absorption_20250925T150759Z.log.gz
To https://github.com/rafa8525/consensus-project.git
   044ed896..546d5083  HEAD -> v1.1-dev
[absorb_and_sync] Wrote memory/logs/github_sync/sync.log
[absorb_and_sync] Done at 20250925T150759Z
[v1.1-dev 0648f81d] Auto-sync memory (2025-09-25T15:14:08Z)
 8 files changed, 157 insertions(+), 5 deletions(-)
 create mode 100644 memory/logs/heartbeat/archive/full_memory_absorption_20250925T151359Z.log.gz
To https://github.com/rafa8525/consensus-project.git
   546d5083..0648f81d  HEAD -> v1.1-dev
[absorb_and_sync] Wrote memory/logs/github_sync/sync.log
[absorb_and_sync] Done at 20250925T151359Z
[v1.1-dev 423dbbe8] Auto-sync memory (2025-09-25T15:20:09Z)
 8 files changed, 167 insertions(+), 5 deletions(-)
 create mode 100644 memory/logs/heartbeat/archive/full_memory_absorption_20250925T151959Z.log.gz
To https://github.com/rafa8525/consensus-project.git
   0648f81d..423dbbe8  HEAD -> v1.1-dev
[absorb_and_sync] Wrote memory/logs/github_sync/sync.log
[absorb_and_sync] Done at 20250925T151959Z
[v1.1-dev d29e6c44] Auto-sync memory (2025-09-25T15:26:15Z)
 8 files changed, 159 insertions(+), 5 deletions(-)
 create mode 100644 memory/logs/heartbeat/archive/full_memory_absorption_20250925T152559Z.log.gz
To https://github.com/rafa8525/consensus-project.git
   423dbbe8..d29e6c44  HEAD -> v1.1-dev
[absorb_and_sync] Wrote memory/logs/github_sync/sync.log
[absorb_and_sync] Done at 20250925T152559Z
[v1.1-dev 9119df5c] Auto-sync memory (2025-09-25T15:32:05Z)
 12 files changed, 289 insertions(+), 6 deletions(-)
 create mode 100644 memory/logs/heartbeat/archive/full_memory_absorption_20250925T153159Z.log.gz
To https://github.com/rafa8525/consensus-project.git
   d29e6c44..9119df5c  HEAD -> v1.1-dev
[absorb_and_sync] Wrote memory/logs/github_sync/sync.log
[absorb_and_sync] Done at 20250925T153159Z
[v1.1-dev a339fc3c] Auto-sync memory (2025-09-25T15:38:08Z)
 8 files changed, 155 insertions(+), 5 deletions(-)
 create mode 100644 memory/logs/heartbeat/archive/full_memory_absorption_20250925T153759Z.log.gz
To https://github.com/rafa8525/consensus-project.git
   9119df5c..a339fc3c  HEAD -> v1.1-dev
[absorb_and_sync] Wrote memory/logs/github_sync/sync.log
[absorb_and_sync] Done at 20250925T153759Z
[v1.1-dev 335dc3d2] Auto-sync memory (2025-09-25T15:44:09Z)
 8 files changed, 147 insertions(+), 5 deletions(-)
 create mode 100644 memory/logs/heartbeat/archive/full_memory_absorption_20250925T154359Z.log.gz
To https://github.com/rafa8525/consensus-project.git
   a339fc3c..335dc3d2  HEAD -> v1.1-dev
[absorb_and_sync] Wrote memory/logs/github_sync/sync.log
[absorb_and_sync] Done at 20250925T154359Z
[v1.1-dev 58b9346f] Auto-sync memory (2025-09-25T15:50:16Z)
 8 files changed, 165 insertions(+), 5 deletions(-)
 create mode 100644 memory/logs/heartbeat/archive/full_memory_absorption_20250925T154959Z.log.gz
To https://github.com/rafa8525/consensus-project.git
   335dc3d2..58b9346f  HEAD -> v1.1-dev
[absorb_and_sync] Wrote memory/logs/github_sync/sync.log
[absorb_and_sync] Done at 20250925T154959Z
[v1.1-dev 1b23e23e] Auto-sync memory (2025-09-25T15:56:17Z)
 8 files changed, 165 insertions(+), 5 deletions(-)
 create mode 100644 memory/logs/heartbeat/archive/full_memory_absorption_20250925T155559Z.log.gz
To https://github.com/rafa8525/consensus-project.git
   58b9346f..1b23e23e  HEAD -> v1.1-dev
[absorb_and_sync] Wrote memory/logs/github_sync/sync.log
[absorb_and_sync] Done at 20250925T155559Z
[v1.1-dev 09b2207c] Auto-sync memory (2025-09-25T16:02:08Z)
 12 files changed, 291 insertions(+), 6 deletions(-)
 create mode 100644 memory/logs/heartbeat/archive/full_memory_absorption_20250925T160159Z.log.gz
To https://github.com/rafa8525/consensus-project.git
   1b23e23e..09b2207c  HEAD -> v1.1-dev
[absorb_and_sync] Wrote memory/logs/github_sync/sync.log
[absorb_and_sync] Done at 20250925T160159Z
[v1.1-dev d85c44d6] Auto-sync memory (2025-09-25T16:08:09Z)
 13 files changed, 171 insertions(+), 11 deletions(-)
 create mode 100644 memory/logs/heartbeat/archive/full_memory_absorption_20250925T160759Z.log.gz
To https://github.com/rafa8525/consensus-project.git
   09b2207c..d85c44d6  HEAD -> v1.1-dev
[absorb_and_sync] Wrote memory/logs/github_sync/sync.log
[absorb_and_sync] Done at 20250925T160759Z
[v1.1-dev 219ed20d] Auto-sync memory (2025-09-25T16:14:11Z)
 8 files changed, 164 insertions(+), 5 deletions(-)
 create mode 100644 memory/logs/heartbeat/archive/full_memory_absorption_20250925T161400Z.log.gz
To https://github.com/rafa8525/consensus-project.git
   d85c44d6..219ed20d  HEAD -> v1.1-dev
[absorb_and_sync] Wrote memory/logs/github_sync/sync.log
[absorb_and_sync] Done at 20250925T161400Z
[v1.1-dev 3d036f36] Auto-sync memory (2025-09-25T16:20:07Z)
 8 files changed, 160 insertions(+), 5 deletions(-)
 create mode 100644 memory/logs/heartbeat/archive/full_memory_absorption_20250925T162000Z.log.gz
To https://github.com/rafa8525/consensus-project.git
   219ed20d..3d036f36  HEAD -> v1.1-dev
[absorb_and_sync] Wrote memory/logs/github_sync/sync.log
[absorb_and_sync] Done at 20250925T162000Z
[v1.1-dev aac07396] Auto-sync memory (2025-09-25T16:26:08Z)
 8 files changed, 152 insertions(+), 5 deletions(-)
 create mode 100644 memory/logs/heartbeat/archive/full_memory_absorption_20250925T162600Z.log.gz
To https://github.com/rafa8525/consensus-project.git
   3d036f36..aac07396  HEAD -> v1.1-dev
[absorb_and_sync] Wrote memory/logs/github_sync/sync.log
[absorb_and_sync] Done at 20250925T162600Z
[v1.1-dev 13344468] Auto-sync memory (2025-09-25T16:32:10Z)
 12 files changed, 296 insertions(+), 6 deletions(-)
 create mode 100644 memory/logs/heartbeat/archive/full_memory_absorption_20250925T163200Z.log.gz
To https://github.com/rafa8525/consensus-project.git
   aac07396..13344468  HEAD -> v1.1-dev
[absorb_and_sync] Wrote memory/logs/github_sync/sync.log
[absorb_and_sync] Done at 20250925T163200Z
[v1.1-dev 6e499df2] Auto-sync memory (2025-09-25T16:38:11Z)
 8 files changed, 160 insertions(+), 5 deletions(-)
 create mode 100644 memory/logs/heartbeat/archive/full_memory_absorption_20250925T163800Z.log.gz
To https://github.com/rafa8525/consensus-project.git
   13344468..6e499df2  HEAD -> v1.1-dev
[absorb_and_sync] Wrote memory/logs/github_sync/sync.log
[absorb_and_sync] Done at 20250925T163800Z
[v1.1-dev 30e25082] Auto-sync memory (2025-09-25T16:44:09Z)
 8 files changed, 148 insertions(+), 5 deletions(-)
 create mode 100644 memory/logs/heartbeat/archive/full_memory_absorption_20250925T164400Z.log.gz
To https://github.com/rafa8525/consensus-project.git
   6e499df2..30e25082  HEAD -> v1.1-dev
[absorb_and_sync] Wrote memory/logs/github_sync/sync.log
[absorb_and_sync] Done at 20250925T164400Z
[v1.1-dev c805aae2] Auto-sync memory (2025-09-25T16:50:07Z)
 8 files changed, 152 insertions(+), 5 deletions(-)
 create mode 100644 memory/logs/heartbeat/archive/full_memory_absorption_20250925T165000Z.log.gz
To https://github.com/rafa8525/consensus-project.git
   30e25082..c805aae2  HEAD -> v1.1-dev
[absorb_and_sync] Wrote memory/logs/github_sync/sync.log
[absorb_and_sync] Done at 20250925T165000Z
[v1.1-dev 2f7e2c18] Auto-sync memory (2025-09-25T16:56:12Z)
 8 files changed, 152 insertions(+), 5 deletions(-)
 create mode 100644 memory/logs/heartbeat/archive/full_memory_absorption_20250925T165600Z.log.gz
To https://github.com/rafa8525/consensus-project.git
   c805aae2..2f7e2c18  HEAD -> v1.1-dev
[absorb_and_sync] Wrote memory/logs/github_sync/sync.log
[absorb_and_sync] Done at 20250925T165600Z
[v1.1-dev 632da423] Auto-sync memory (2025-09-25T17:02:09Z)
 12 files changed, 296 insertions(+), 6 deletions(-)
 create mode 100644 memory/logs/heartbeat/archive/full_memory_absorption_20250925T170200Z.log.gz
To https://github.com/rafa8525/consensus-project.git
   2f7e2c18..632da423  HEAD -> v1.1-dev
[absorb_and_sync] Wrote memory/logs/github_sync/sync.log
[absorb_and_sync] Done at 20250925T170200Z
[v1.1-dev ce902b7d] Auto-sync memory (2025-09-25T17:08:10Z)
 11 files changed, 167 insertions(+), 6 deletions(-)
 create mode 100644 memory/logs/heartbeat/archive/full_memory_absorption_20250925T170800Z.log.gz
To https://github.com/rafa8525/consensus-project.git
   632da423..ce902b7d  HEAD -> v1.1-dev
[absorb_and_sync] Wrote memory/logs/github_sync/sync.log
[absorb_and_sync] Done at 20250925T170800Z
[v1.1-dev 091661ac] Auto-sync memory (2025-09-25T17:14:11Z)
 8 files changed, 164 insertions(+), 5 deletions(-)
 create mode 100644 memory/logs/heartbeat/archive/full_memory_absorption_20250925T171400Z.log.gz
To https://github.com/rafa8525/consensus-project.git
   ce902b7d..091661ac  HEAD -> v1.1-dev
[absorb_and_sync] Wrote memory/logs/github_sync/sync.log
[absorb_and_sync] Done at 20250925T171400Z
[v1.1-dev 8e8c2bbd] Auto-sync memory (2025-09-25T17:20:09Z)
 8 files changed, 160 insertions(+), 5 deletions(-)
 create mode 100644 memory/logs/heartbeat/archive/full_memory_absorption_20250925T172000Z.log.gz
To https://github.com/rafa8525/consensus-project.git
   091661ac..8e8c2bbd  HEAD -> v1.1-dev
[absorb_and_sync] Wrote memory/logs/github_sync/sync.log
[absorb_and_sync] Done at 20250925T172000Z
[v1.1-dev 689912d6] Auto-sync memory (2025-09-25T17:26:08Z)
 8 files changed, 152 insertions(+), 5 deletions(-)
 create mode 100644 memory/logs/heartbeat/archive/full_memory_absorption_20250925T172600Z.log.gz
To https://github.com/rafa8525/consensus-project.git
   8e8c2bbd..689912d6  HEAD -> v1.1-dev
[absorb_and_sync] Wrote memory/logs/github_sync/sync.log
[absorb_and_sync] Done at 20250925T172600Z
[v1.1-dev 51ac7395] Auto-sync memory (2025-09-25T17:32:08Z)
 12 files changed, 296 insertions(+), 6 deletions(-)
 create mode 100644 memory/logs/heartbeat/archive/full_memory_absorption_20250925T173200Z.log.gz
To https://github.com/rafa8525/consensus-project.git
   689912d6..51ac7395  HEAD -> v1.1-dev
[absorb_and_sync] Wrote memory/logs/github_sync/sync.log
[absorb_and_sync] Done at 20250925T173200Z
[v1.1-dev c838847d] Auto-sync memory (2025-09-25T17:38:12Z)
 8 files changed, 164 insertions(+), 5 deletions(-)
 create mode 100644 memory/logs/heartbeat/archive/full_memory_absorption_20250925T173800Z.log.gz
To https://github.com/rafa8525/consensus-project.git
   51ac7395..c838847d  HEAD -> v1.1-dev
[absorb_and_sync] Wrote memory/logs/github_sync/sync.log
[absorb_and_sync] Done at 20250925T173800Z
[v1.1-dev bfb651bc] Auto-sync memory (2025-09-25T17:44:10Z)
 8 files changed, 148 insertions(+), 5 deletions(-)
 create mode 100644 memory/logs/heartbeat/archive/full_memory_absorption_20250925T174401Z.log.gz
To https://github.com/rafa8525/consensus-project.git
   c838847d..bfb651bc  HEAD -> v1.1-dev
[absorb_and_sync] Wrote memory/logs/github_sync/sync.log
[absorb_and_sync] Done at 20250925T174401Z
[v1.1-dev ff680c0a] Auto-sync memory (2025-09-25T17:50:10Z)
 8 files changed, 152 insertions(+), 5 deletions(-)
 create mode 100644 memory/logs/heartbeat/archive/full_memory_absorption_20250925T175000Z.log.gz
To https://github.com/rafa8525/consensus-project.git
   bfb651bc..ff680c0a  HEAD -> v1.1-dev
[absorb_and_sync] Wrote memory/logs/github_sync/sync.log
[absorb_and_sync] Done at 20250925T175000Z
[v1.1-dev e4536932] Auto-sync memory (2025-09-25T17:56:09Z)
 8 files changed, 152 insertions(+), 5 deletions(-)
 create mode 100644 memory/logs/heartbeat/archive/full_memory_absorption_20250925T175601Z.log.gz
To https://github.com/rafa8525/consensus-project.git
   ff680c0a..e4536932  HEAD -> v1.1-dev
[absorb_and_sync] Wrote memory/logs/github_sync/sync.log
[absorb_and_sync] Done at 20250925T175601Z
[v1.1-dev d6ff88cc] Auto-sync memory (2025-09-25T18:02:11Z)
 12 files changed, 296 insertions(+), 6 deletions(-)
 create mode 100644 memory/logs/heartbeat/archive/full_memory_absorption_20250925T180201Z.log.gz
To https://github.com/rafa8525/consensus-project.git
   e4536932..d6ff88cc  HEAD -> v1.1-dev
[absorb_and_sync] Wrote memory/logs/github_sync/sync.log
[absorb_and_sync] Done at 20250925T180201Z
[v1.1-dev ec9fc126] Auto-sync memory (2025-09-25T18:08:12Z)
 13 files changed, 172 insertions(+), 12 deletions(-)
 create mode 100644 memory/logs/heartbeat/archive/full_memory_absorption_20250925T180801Z.log.gz
To https://github.com/rafa8525/consensus-project.git
   d6ff88cc..ec9fc126  HEAD -> v1.1-dev
[absorb_and_sync] Wrote memory/logs/github_sync/sync.log
[absorb_and_sync] Done at 20250925T180801Z
[v1.1-dev 15ffcc05] Auto-sync memory (2025-09-25T18:14:09Z)
 8 files changed, 164 insertions(+), 5 deletions(-)
 create mode 100644 memory/logs/heartbeat/archive/full_memory_absorption_20250925T181401Z.log.gz
To https://github.com/rafa8525/consensus-project.git
   ec9fc126..15ffcc05  HEAD -> v1.1-dev
[absorb_and_sync] Wrote memory/logs/github_sync/sync.log
[absorb_and_sync] Done at 20250925T181401Z
[v1.1-dev 3e6ec2ab] Auto-sync memory (2025-09-25T18:20:11Z)
 8 files changed, 160 insertions(+), 5 deletions(-)
 create mode 100644 memory/logs/heartbeat/archive/full_memory_absorption_20250925T182001Z.log.gz
To https://github.com/rafa8525/consensus-project.git
   15ffcc05..3e6ec2ab  HEAD -> v1.1-dev
[absorb_and_sync] Wrote memory/logs/github_sync/sync.log
[absorb_and_sync] Done at 20250925T182001Z
[v1.1-dev b40d5cd0] Auto-sync memory (2025-09-25T18:26:09Z)
 8 files changed, 156 insertions(+), 5 deletions(-)
 create mode 100644 memory/logs/heartbeat/archive/full_memory_absorption_20250925T182601Z.log.gz
To https://github.com/rafa8525/consensus-project.git
   3e6ec2ab..b40d5cd0  HEAD -> v1.1-dev
[absorb_and_sync] Wrote memory/logs/github_sync/sync.log
[absorb_and_sync] Done at 20250925T182601Z
[v1.1-dev 0ccb04c0] Auto-sync memory (2025-09-25T18:32:10Z)
 12 files changed, 296 insertions(+), 6 deletions(-)
 create mode 100644 memory/logs/heartbeat/archive/full_memory_absorption_20250925T183201Z.log.gz
To https://github.com/rafa8525/consensus-project.git
   b40d5cd0..0ccb04c0  HEAD -> v1.1-dev
[absorb_and_sync] Wrote memory/logs/github_sync/sync.log
[absorb_and_sync] Done at 20250925T183201Z
[v1.1-dev b039f57a] Auto-sync memory (2025-09-25T18:38:11Z)
 8 files changed, 152 insertions(+), 5 deletions(-)
 create mode 100644 memory/logs/heartbeat/archive/full_memory_absorption_20250925T183801Z.log.gz
To https://github.com/rafa8525/consensus-project.git
   0ccb04c0..b039f57a  HEAD -> v1.1-dev
[absorb_and_sync] Wrote memory/logs/github_sync/sync.log
[absorb_and_sync] Done at 20250925T183801Z
[v1.1-dev 63af1147] Auto-sync memory (2025-09-25T18:44:11Z)
 8 files changed, 152 insertions(+), 5 deletions(-)
 create mode 100644 memory/logs/heartbeat/archive/full_memory_absorption_20250925T184401Z.log.gz
To https://github.com/rafa8525/consensus-project.git
   b039f57a..63af1147  HEAD -> v1.1-dev
[absorb_and_sync] Wrote memory/logs/github_sync/sync.log
[absorb_and_sync] Done at 20250925T184401Z
[v1.1-dev 04e625a5] Auto-sync memory (2025-09-25T18:50:10Z)
 8 files changed, 152 insertions(+), 5 deletions(-)
 create mode 100644 memory/logs/heartbeat/archive/full_memory_absorption_20250925T185001Z.log.gz
To https://github.com/rafa8525/consensus-project.git
   63af1147..04e625a5  HEAD -> v1.1-dev
[absorb_and_sync] Wrote memory/logs/github_sync/sync.log
[absorb_and_sync] Done at 20250925T185001Z
[v1.1-dev 07fcd833] Auto-sync memory (2025-09-25T18:56:12Z)
 8 files changed, 152 insertions(+), 5 deletions(-)
 create mode 100644 memory/logs/heartbeat/archive/full_memory_absorption_20250925T185602Z.log.gz
To https://github.com/rafa8525/consensus-project.git
   04e625a5..07fcd833  HEAD -> v1.1-dev
[absorb_and_sync] Wrote memory/logs/github_sync/sync.log
[absorb_and_sync] Done at 20250925T185602Z
[v1.1-dev 59f31672] Auto-sync memory (2025-09-25T19:02:14Z)
 12 files changed, 297 insertions(+), 6 deletions(-)
 create mode 100644 memory/logs/heartbeat/archive/full_memory_absorption_20250925T190202Z.log.gz
To https://github.com/rafa8525/consensus-project.git
   07fcd833..59f31672  HEAD -> v1.1-dev
[absorb_and_sync] Wrote memory/logs/github_sync/sync.log
[absorb_and_sync] Done at 20250925T190202Z
[v1.1-dev 136b1099] Auto-sync memory (2025-09-25T19:08:10Z)
 11 files changed, 167 insertions(+), 6 deletions(-)
 create mode 100644 memory/logs/heartbeat/archive/full_memory_absorption_20250925T190802Z.log.gz
To https://github.com/rafa8525/consensus-project.git
   59f31672..136b1099  HEAD -> v1.1-dev
[absorb_and_sync] Wrote memory/logs/github_sync/sync.log
[absorb_and_sync] Done at 20250925T190802Z
[absorb_and_sync] Another instance is running; exiting.
[absorb_and_sync] Another instance is running; exiting.
[absorb_and_sync] Another instance is running; exiting.
[absorb_and_sync] Another instance is running; exiting.
[absorb_and_sync] Another instance is running; exiting.
[absorb_and_sync] Another instance is running; exiting.
[absorb_and_sync] Another instance is running; exiting.
[absorb_and_sync] Another instance is running; exiting.
[absorb_and_sync] Another instance is running; exiting.
[absorb_and_sync] Another instance is running; exiting.
[absorb_and_sync] Another instance is running; exiting.
[absorb_and_sync] Another instance is running; exiting.
[absorb_and_sync] Another instance is running; exiting.
[absorb_and_sync] Another instance is running; exiting.
[absorb_and_sync] Another instance is running; exiting.
[absorb_and_sync] Another instance is running; exiting.
[absorb_and_sync] Another instance is running; exiting.
[absorb_and_sync] Another instance is running; exiting.
[absorb_and_sync] Another instance is running; exiting.
[absorb_and_sync] Another instance is running; exiting.
[absorb_and_sync] Another instance is running; exiting.
[absorb_and_sync] Another instance is running; exiting.
[absorb_and_sync] Another instance is running; exiting.
[absorb_and_sync] Another instance is running; exiting.
[absorb_and_sync] Another instance is running; exiting.
[absorb_and_sync] Another instance is running; exiting.
[v1.1-dev 30e2a498] Auto-sync memory (2025-09-25T19:16:28Z)
 9 files changed, 224 insertions(+), 5 deletions(-)
 create mode 100644 memory/logs/heartbeat/archive/full_memory_absorption_20250925T191403Z.log.gz
[absorb_and_sync] Another instance is running; exiting.
[absorb_and_sync] Another instance is running; exiting.
[absorb_and_sync] Another instance is running; exiting.
[absorb_and_sync] Another instance is running; exiting.
[absorb_and_sync] Another instance is running; exiting.
To https://github.com/rafa8525/consensus-project.git
   136b1099..30e2a498  HEAD -> v1.1-dev
[absorb_and_sync] Another instance is running; exiting.
[absorb_and_sync] Another instance is running; exiting.
[absorb_and_sync] Another instance is running; exiting.
[absorb_and_sync] Another instance is running; exiting.
[absorb_and_sync] Another instance is running; exiting.
[absorb_and_sync] Another instance is running; exiting.
[absorb_and_sync] Another instance is running; exiting.
[absorb_and_sync] Another instance is running; exiting.
[absorb_and_sync] Another instance is running; exiting.
[absorb_and_sync] Another instance is running; exiting.
[absorb_and_sync] Another instance is running; exiting.
[absorb_and_sync] Another instance is running; exiting.
[absorb_and_sync] Another instance is running; exiting.
[absorb_and_sync] Another instance is running; exiting.
[absorb_and_sync] Another instance is running; exiting.
[absorb_and_sync] Another instance is running; exiting.
[absorb_and_sync] Another instance is running; exiting.
[absorb_and_sync] Another instance is running; exiting.
[absorb_and_sync] Another instance is running; exiting.
[absorb_and_sync] Another instance is running; exiting.
[absorb_and_sync] Another instance is running; exiting.
[absorb_and_sync] Another instance is running; exiting.
[absorb_and_sync] Another instance is running; exiting.
[absorb_and_sync] Another instance is running; exiting.
[absorb_and_sync] Another instance is running; exiting.
[absorb_and_sync] Another instance is running; exiting.
[absorb_and_sync] Another instance is running; exiting.
[absorb_and_sync] Another instance is running; exiting.
[absorb_and_sync] Another instance is running; exiting.
[absorb_and_sync] Another instance is running; exiting.
[absorb_and_sync] Another instance is running; exiting.
[absorb_and_sync] Another instance is running; exiting.
[absorb_and_sync] Another instance is running; exiting.
[absorb_and_sync] Another instance is running; exiting.
[absorb_and_sync] Another instance is running; exiting.
[absorb_and_sync] Another instance is running; exiting.
[absorb_and_sync] Another instance is running; exiting.
[absorb_and_sync] Another instance is running; exiting.
[absorb_and_sync] Another instance is running; exiting.
[absorb_and_sync] Another instance is running; exiting.
[absorb_and_sync] Another instance is running; exiting.
[absorb_and_sync] Another instance is running; exiting.
[absorb_and_sync] Another instance is running; exiting.
[absorb_and_sync] Another instance is running; exiting.
[absorb_and_sync] Another instance is running; exiting.
[absorb_and_sync] Wrote memory/logs/github_sync/sync.log
[absorb_and_sync] Done at 20250925T191403Z
[absorb_and_sync] Another instance is running; exiting.
[absorb_and_sync] Another instance is running; exiting.
[absorb_and_sync] Another instance is running; exiting.
[absorb_and_sync] Another instance is running; exiting.
[absorb_and_sync] Another instance is running; exiting.
[absorb_and_sync] Another instance is running; exiting.
[absorb_and_sync] Another instance is running; exiting.
[absorb_and_sync] Another instance is running; exiting.
[absorb_and_sync] Another instance is running; exiting.
[absorb_and_sync] Another instance is running; exiting.
[absorb_and_sync] Another instance is running; exiting.
[absorb_and_sync] Another instance is running; exiting.
[absorb_and_sync] Another instance is running; exiting.
[absorb_and_sync] Another instance is running; exiting.
[absorb_and_sync] Another instance is running; exiting.
[absorb_and_sync] Another instance is running; exiting.
[absorb_and_sync] Another instance is running; exiting.
[absorb_and_sync] Another instance is running; exiting.
[absorb_and_sync] Another instance is running; exiting.
[absorb_and_sync] Another instance is running; exiting.
[absorb_and_sync] Another instance is running; exiting.
[absorb_and_sync] Another instance is running; exiting.
[absorb_and_sync] Another instance is running; exiting.
[absorb_and_sync] Another instance is running; exiting.
[absorb_and_sync] Another instance is running; exiting.
[absorb_and_sync] Another instance is running; exiting.
[absorb_and_sync] Another instance is running; exiting.
[absorb_and_sync] Another instance is running; exiting.
[absorb_and_sync] Another instance is running; exiting.
[absorb_and_sync] Another instance is running; exiting.
[absorb_and_sync] Another instance is running; exiting.
[absorb_and_sync] Another instance is running; exiting.
[absorb_and_sync] Another instance is running; exiting.
[absorb_and_sync] Another instance is running; exiting.
[absorb_and_sync] Another instance is running; exiting.
[absorb_and_sync] Another instance is running; exiting.
[absorb_and_sync] Another instance is running; exiting.
[absorb_and_sync] Another instance is running; exiting.
[absorb_and_sync] Another instance is running; exiting.
[absorb_and_sync] Another instance is running; exiting.
[absorb_and_sync] Another instance is running; exiting.
[absorb_and_sync] Another instance is running; exiting.
tools/absorb_and_sync.sh: fork: retry: Resource temporarily unavailable
[absorb_and_sync] Another instance is running; exiting.
tools/run_absorb_with_log.sh: fork: retry: Resource temporarily unavailable
tools/run_absorb_with_log.sh: fork: retry: Resource temporarily unavailable
tools/run_absorb_with_log.sh: fork: retry: Resource temporarily unavailable
tools/run_absorb_with_log.sh: fork: retry: Resource temporarily unavailable
tools/run_absorb_with_log.sh: fork: Resource temporarily unavailable
Traceback (most recent call last):
  File "/home/rafa1215/consensus-project/tools/mcl_guard.py", line 27, in <module>
    subprocess.Popen(["bash","tools/absorb_and_sync.sh","--force"])
    ~~~~~~~~~~~~~~~~^^^^^^^^^^^^^^^^^^^^^^^^^^^^^^^^^^^^^^^^^^^^^^^
  File "/usr/local/lib/python3.13/subprocess.py", line 1036, in __init__
    self._execute_child(args, executable, preexec_fn, close_fds,
    ~~~~~~~~~~~~~~~~~~~^^^^^^^^^^^^^^^^^^^^^^^^^^^^^^^^^^^^^^^^^
                        pass_fds, cwd, env,
                        ^^^^^^^^^^^^^^^^^^^
    ...<5 lines>...
                        gid, gids, uid, umask,
                        ^^^^^^^^^^^^^^^^^^^^^^
                        start_new_session, process_group)
                        ^^^^^^^^^^^^^^^^^^^^^^^^^^^^^^^^^
  File "/usr/local/lib/python3.13/subprocess.py", line 1896, in _execute_child
    self.pid = _fork_exec(
               ~~~~~~~~~~^
            args, executable_list,
            ^^^^^^^^^^^^^^^^^^^^^^
    ...<6 lines>...
            process_group, gid, gids, uid, umask,
            ^^^^^^^^^^^^^^^^^^^^^^^^^^^^^^^^^^^^^
            preexec_fn, _USE_VFORK)
            ^^^^^^^^^^^^^^^^^^^^^^^
BlockingIOError: [Errno 11] Resource temporarily unavailable
fatal: unable to create threaded lstat: Resource temporarily unavailable
.git/hooks/pre-push: 3: Cannot fork
error: failed to push some refs to 'https://github.com/rafa8525/consensus-project.git'
python3: can't open file '/home/rafa1215/consensus-project/tools/heartbeat_scheduler_loop.py': [Errno 2] No such file or directory
[2025-10-08 22:18:37.559055] ✅ Shared intelligence layer synced.
[2025-10-08 22:18:37.638020] ✅ Evolution Cycle Complete → {'reasoning_latency': -0.3, 'memory_recall_gain': 0.28, 'agent_efficiency': 0.13}
