2025-10-06 18:47:49 ==============================================
2025-10-06 18:47:49 🧭 MCL Guard started (watchdog active)
2025-10-06 18:47:49 ==============================================
2025-10-06 18:47:49 ✅ Heartbeat OK — PID 4047, 0s old
2025-10-06 18:48:49 ❌ Restart required: dead process (PID 3981 not found)
2025-10-06 18:48:49 ⚠️  Restarting Master Control Loop...
2025-10-06 18:48:49 ✅ Restart command issued
2025-10-06 18:49:49 ✅ Heartbeat OK — PID 4082, 30s old
2025-10-06 18:50:49 ✅ Heartbeat OK — PID 1, 6s old
2025-10-06 18:51:49 ✅ Heartbeat OK — PID 1, 6s old
2025-10-06 18:52:49 ✅ Heartbeat OK — PID 1, 6s old
2025-10-06 18:53:49 ✅ Heartbeat OK — PID 1, 6s old
2025-10-06 18:54:49 ✅ Heartbeat OK — PID 1, 6s old
2025-10-06 18:55:49 ✅ Heartbeat OK — PID 1, 6s old
2025-10-06 18:56:49 ✅ Heartbeat OK — PID 1, 6s old
2025-10-06 18:57:49 ✅ Heartbeat OK — PID 1, 6s old
2025-10-06 18:58:49 ✅ Heartbeat OK — PID 1, 6s old
2025-10-06 18:59:49 ✅ Heartbeat OK — PID 1, 6s old
2025-10-06 19:00:49 ✅ Heartbeat OK — PID 1, 6s old
2025-10-06 19:01:49 ✅ Heartbeat OK — PID 1, 6s old
2025-10-06 19:02:49 ✅ Heartbeat OK — PID 1, 6s old
2025-10-06 19:03:49 ✅ Heartbeat OK — PID 1, 6s old
2025-10-06 19:04:49 ✅ Heartbeat OK — PID 1, 6s old
2025-10-06 19:05:49 ✅ Heartbeat OK — PID 1, 6s old
2025-10-06 19:06:49 ✅ Heartbeat OK — PID 1, 6s old
2025-10-06 19:07:49 ✅ Heartbeat OK — PID 1, 6s old
2025-10-06 19:08:49 ✅ Heartbeat OK — PID 1, 6s old
2025-10-06 19:09:49 ✅ Heartbeat OK — PID 1, 6s old
2025-10-06 19:10:49 ✅ Heartbeat OK — PID 1, 6s old
2025-10-06 19:11:49 ✅ Heartbeat OK — PID 1, 6s old
2025-10-06 19:12:49 ✅ Heartbeat OK — PID 1, 6s old
2025-10-06 19:13:49 ✅ Heartbeat OK — PID 1, 6s old
2025-10-06 19:14:49 ✅ Heartbeat OK — PID 1, 6s old
2025-10-06 19:15:49 ✅ Heartbeat OK — PID 1, 6s old
2025-10-06 19:16:49 ✅ Heartbeat OK — PID 1, 6s old
2025-10-06 19:17:49 ✅ Heartbeat OK — PID 1, 6s old
2025-10-06 19:18:49 ✅ Heartbeat OK — PID 1, 6s old
2025-10-06 19:19:49 ✅ Heartbeat OK — PID 1, 6s old
2025-10-06 19:20:49 ✅ Heartbeat OK — PID 1, 6s old
2025-10-06 19:21:49 ✅ Heartbeat OK — PID 1, 6s old
2025-10-06 19:22:49 ✅ Heartbeat OK — PID 1, 5s old
2025-10-06 19:23:49 ✅ Heartbeat OK — PID 1, 5s old
2025-10-06 19:24:49 ✅ Heartbeat OK — PID 1, 5s old
2025-10-06 19:25:49 ✅ Heartbeat OK — PID 1, 5s old
2025-10-06 19:26:49 ✅ Heartbeat OK — PID 4082, 28s old
2025-10-06 19:27:49 ✅ Heartbeat OK — PID 4082, 28s old
2025-10-06 19:28:49 ✅ Heartbeat OK — PID 1, 18s old
2025-10-06 19:29:49 ✅ Heartbeat OK — PID 1, 18s old
2025-10-06 19:30:49 ✅ Heartbeat OK — PID 1, 18s old
2025-10-06 19:31:49 ✅ Heartbeat OK — PID 1, 18s old
2025-10-06 19:32:49 ✅ Heartbeat OK — PID 1, 18s old
2025-10-06 19:33:49 ✅ Heartbeat OK — PID 1, 18s old
2025-10-06 19:34:49 ✅ Heartbeat OK — PID 1, 18s old
2025-10-06 19:35:49 ✅ Heartbeat OK — PID 1, 18s old
2025-10-06 19:36:49 ✅ Heartbeat OK — PID 1, 18s old
2025-10-06 19:37:50 ✅ Heartbeat OK — PID 1, 19s old
2025-10-06 19:38:50 ✅ Heartbeat OK — PID 1, 19s old
2025-10-06 19:39:50 ✅ Heartbeat OK — PID 1, 19s old
2025-10-06 19:40:50 ✅ Heartbeat OK — PID 1, 19s old
2025-10-06 19:41:50 ✅ Heartbeat OK — PID 1, 19s old
2025-10-06 19:42:50 ✅ Heartbeat OK — PID 1, 19s old
2025-10-06 19:43:50 ✅ Heartbeat OK — PID 1, 18s old
2025-10-06 19:44:50 ✅ Heartbeat OK — PID 1, 18s old
2025-10-06 19:45:50 ✅ Heartbeat OK — PID 1, 18s old
2025-10-06 19:46:50 ✅ Heartbeat OK — PID 1, 18s old
2025-10-06 19:47:08 ==============================================
2025-10-06 19:47:08 🧭 MCL Guard started (watchdog active)
2025-10-06 19:47:08 ==============================================
2025-10-06 19:47:08 ✅ Heartbeat OK — PID 1, 6s old
2025-10-06 19:47:50 ✅ Heartbeat OK — PID 1, 18s old
2025-10-06 19:48:08 ✅ Heartbeat OK — PID 1, 6s old
2025-10-06 19:48:50 ✅ Heartbeat OK — PID 1, 18s old
2025-10-06 19:49:08 ✅ Heartbeat OK — PID 1, 6s old
2025-10-06 19:49:50 ✅ Heartbeat OK — PID 1, 18s old
2025-10-06 19:50:08 ✅ Heartbeat OK — PID 1, 6s old
2025-10-06 19:50:50 ✅ Heartbeat OK — PID 1, 18s old
2025-10-06 19:51:08 ✅ Heartbeat OK — PID 1, 6s old
2025-10-06 19:51:50 ✅ Heartbeat OK — PID 1, 18s old
2025-10-06 19:52:08 ✅ Heartbeat OK — PID 1, 6s old
2025-10-06 19:52:50 ✅ Heartbeat OK — PID 1, 18s old
2025-10-06 19:53:09 ✅ Heartbeat OK — PID 1, 7s old
2025-10-06 19:53:50 ✅ Heartbeat OK — PID 1, 18s old
2025-10-06 19:54:09 ✅ Heartbeat OK — PID 1, 7s old
2025-10-06 19:54:50 ✅ Heartbeat OK — PID 1, 18s old
2025-10-06 19:55:09 ✅ Heartbeat OK — PID 1, 7s old
2025-10-06 19:55:50 ✅ Heartbeat OK — PID 1, 18s old
2025-10-06 19:56:09 ✅ Heartbeat OK — PID 1, 7s old
2025-10-06 19:56:50 ✅ Heartbeat OK — PID 1, 18s old
2025-10-06 19:57:09 ✅ Heartbeat OK — PID 1, 7s old
2025-10-06 19:57:50 ✅ Heartbeat OK — PID 1, 18s old
2025-10-06 19:58:09 ✅ Heartbeat OK — PID 1, 7s old
2025-10-06 19:58:50 ✅ Heartbeat OK — PID 1, 18s old
2025-10-06 19:59:09 ✅ Heartbeat OK — PID 1, 7s old
2025-10-06 19:59:50 ✅ Heartbeat OK — PID 1, 18s old
2025-10-06 20:00:09 ✅ Heartbeat OK — PID 1, 7s old
2025-10-06 20:00:50 ✅ Heartbeat OK — PID 1, 18s old
2025-10-06 20:01:09 ✅ Heartbeat OK — PID 1, 7s old
2025-10-06 20:01:50 ✅ Heartbeat OK — PID 1, 18s old
2025-10-06 20:02:09 ✅ Heartbeat OK — PID 1, 7s old
2025-10-06 20:02:50 ✅ Heartbeat OK — PID 1, 18s old
2025-10-06 20:03:09 ✅ Heartbeat OK — PID 1, 7s old
2025-10-06 20:03:50 ✅ Heartbeat OK — PID 1, 18s old
2025-10-06 20:04:09 ✅ Heartbeat OK — PID 1, 7s old
2025-10-06 20:04:50 ✅ Heartbeat OK — PID 1, 18s old
2025-10-06 20:05:09 ✅ Heartbeat OK — PID 1, 7s old
2025-10-06 20:05:50 ✅ Heartbeat OK — PID 1, 18s old
2025-10-06 20:06:10 ✅ Heartbeat OK — PID 1, 8s old
2025-10-06 20:06:50 ✅ Heartbeat OK — PID 1, 18s old
2025-10-06 20:07:10 ✅ Heartbeat OK — PID 1, 8s old
2025-10-06 20:07:50 ✅ Heartbeat OK — PID 1, 18s old
2025-10-06 20:08:10 ✅ Heartbeat OK — PID 1, 8s old
2025-10-06 20:08:50 ✅ Heartbeat OK — PID 1, 18s old
2025-10-06 20:09:10 ✅ Heartbeat OK — PID 1, 8s old
2025-10-06 20:09:50 ✅ Heartbeat OK — PID 1, 18s old
2025-10-06 20:10:10 ✅ Heartbeat OK — PID 1, 8s old
2025-10-06 20:10:50 ✅ Heartbeat OK — PID 1, 18s old
2025-10-06 20:11:10 ✅ Heartbeat OK — PID 1, 8s old
2025-10-06 20:11:50 ✅ Heartbeat OK — PID 1, 18s old
2025-10-06 20:12:10 ✅ Heartbeat OK — PID 1, 8s old
2025-10-06 20:12:50 ✅ Heartbeat OK — PID 1, 18s old
2025-10-06 20:13:10 ✅ Heartbeat OK — PID 1, 8s old
2025-10-06 20:13:50 ✅ Heartbeat OK — PID 1, 18s old
2025-10-06 20:14:10 ✅ Heartbeat OK — PID 1, 8s old
2025-10-06 20:14:50 ✅ Heartbeat OK — PID 4082, 28s old
2025-10-06 20:15:10 ❌ Restart required: dead process (PID 4082 not found)
2025-10-06 20:15:10 ⚠️  Restarting Master Control Loop...
2025-10-06 20:15:10 ✅ Restart command issued
2025-10-06 20:15:50 ❌ Restart required: dead process (PID 46 not found)
2025-10-06 20:15:50 ⚠️  Restarting Master Control Loop...
2025-10-06 20:15:50 ✅ Restart command issued
2025-10-06 20:16:10 ❌ Restart required: dead process (PID 4082 not found)
2025-10-06 20:16:10 ⚠️  Restarting Master Control Loop...
2025-10-06 20:16:10 ✅ Restart command issued
2025-10-06 20:16:50 ❌ Restart required: dead process (PID 46 not found)
2025-10-06 20:16:50 ⚠️  Restarting Master Control Loop...
2025-10-06 20:16:50 ✅ Restart command issued
2025-10-06 20:17:10 ❌ Restart required: dead process (PID 4082 not found)
2025-10-06 20:17:10 ⚠️  Restarting Master Control Loop...
2025-10-06 20:17:10 ✅ Restart command issued
2025-10-06 20:17:50 ❌ Restart required: dead process (PID 46 not found)
2025-10-06 20:17:50 ⚠️  Restarting Master Control Loop...
2025-10-06 20:17:50 ✅ Restart command issued
2025-10-06 20:18:10 ❌ Restart required: dead process (PID 4082 not found)
2025-10-06 20:18:10 ⚠️  Restarting Master Control Loop...
2025-10-06 20:18:10 ✅ Restart command issued
2025-10-06 20:18:50 ❌ Restart required: dead process (PID 46 not found)
2025-10-06 20:18:50 ⚠️  Restarting Master Control Loop...
2025-10-06 20:18:50 ✅ Restart command issued
2025-10-06 20:19:11 ❌ Restart required: dead process (PID 4082 not found)
2025-10-06 20:19:11 ⚠️  Restarting Master Control Loop...
2025-10-06 20:19:11 ✅ Restart command issued
2025-10-06 20:19:50 ✅ Heartbeat OK — PID 1, 4s old
2025-10-06 20:20:11 ❌ Restart required: dead process (PID 4082 not found)
2025-10-06 20:20:11 ⚠️  Restarting Master Control Loop...
2025-10-06 20:20:11 ✅ Restart command issued
2025-10-06 20:20:50 ❌ Restart required: dead process (PID 51 not found)
2025-10-06 20:20:50 ⚠️  Restarting Master Control Loop...
2025-10-06 20:20:50 ✅ Restart command issued
2025-10-06 20:21:11 ✅ Heartbeat OK — PID 48, 0s old
2025-10-06 20:21:50 ❌ Restart required: dead process (PID 51 not found)
2025-10-06 20:21:50 ⚠️  Restarting Master Control Loop...
2025-10-06 20:21:50 ✅ Restart command issued
2025-10-06 20:22:11 ✅ Heartbeat OK — PID 48, 0s old
2025-10-06 20:22:50 ❌ Restart required: dead process (PID 51 not found)
2025-10-06 20:22:50 ⚠️  Restarting Master Control Loop...
2025-10-06 20:22:50 ✅ Restart command issued
2025-10-06 20:23:11 ✅ Heartbeat OK — PID 48, 0s old
2025-10-06 20:23:50 ❌ Restart required: dead process (PID 47 not found)
2025-10-06 20:23:50 ⚠️  Restarting Master Control Loop...
2025-10-06 20:23:50 ✅ Restart command issued
2025-10-06 20:24:11 ✅ Heartbeat OK — PID 48, 0s old
2025-10-06 20:24:50 ❌ Restart required: dead process (PID 47 not found)
2025-10-06 20:24:50 ⚠️  Restarting Master Control Loop...
2025-10-06 20:24:50 ✅ Restart command issued
2025-10-06 20:25:11 ✅ Heartbeat OK — PID 49, 0s old
2025-10-06 20:25:50 ❌ Restart required: dead process (PID 47 not found)
2025-10-06 20:25:50 ⚠️  Restarting Master Control Loop...
2025-10-06 20:25:50 ✅ Restart command issued
2025-10-06 20:26:11 ✅ Heartbeat OK — PID 49, 0s old
2025-10-06 20:26:50 ❌ Restart required: dead process (PID 50 not found)
2025-10-06 20:26:50 ⚠️  Restarting Master Control Loop...
2025-10-06 20:26:50 ✅ Restart command issued
2025-10-06 20:27:11 ✅ Heartbeat OK — PID 49, 0s old
2025-10-06 20:27:50 ❌ Restart required: dead process (PID 47 not found)
2025-10-06 20:27:50 ⚠️  Restarting Master Control Loop...
2025-10-06 20:27:50 ✅ Restart command issued
2025-10-06 20:28:11 ✅ Heartbeat OK — PID 49, 0s old
2025-10-06 20:28:50 ❌ Restart required: dead process (PID 47 not found)
2025-10-06 20:28:50 ⚠️  Restarting Master Control Loop...
2025-10-06 20:28:50 ✅ Restart command issued
2025-10-06 20:29:11 ✅ Heartbeat OK — PID 46, 0s old
2025-10-06 20:29:50 ❌ Restart required: dead process (PID 47 not found)
2025-10-06 20:29:50 ⚠️  Restarting Master Control Loop...
2025-10-06 20:29:50 ✅ Restart command issued
2025-10-06 20:30:11 ✅ Heartbeat OK — PID 46, 0s old
2025-10-06 20:30:50 ❌ Restart required: dead process (PID 47 not found)
2025-10-06 20:30:50 ⚠️  Restarting Master Control Loop...
2025-10-06 20:30:50 ✅ Restart command issued
2025-10-06 20:31:11 ✅ Heartbeat OK — PID 51, 0s old
2025-10-06 20:31:50 ❌ Restart required: dead process (PID 47 not found)
2025-10-06 20:31:50 ⚠️  Restarting Master Control Loop...
2025-10-06 20:31:50 ✅ Restart command issued
2025-10-06 20:32:11 ✅ Heartbeat OK — PID 51, 0s old
2025-10-06 20:32:50 ❌ Restart required: dead process (PID 50 not found)
2025-10-06 20:32:50 ⚠️  Restarting Master Control Loop...
2025-10-06 20:32:50 ✅ Restart command issued
2025-10-06 20:33:12 ✅ Heartbeat OK — PID 47, 0s old
2025-10-06 20:33:50 ❌ Restart required: dead process (PID 47 not found)
2025-10-06 20:33:50 ⚠️  Restarting Master Control Loop...
2025-10-06 20:33:50 ✅ Restart command issued
2025-10-06 20:34:12 ✅ Heartbeat OK — PID 47, 0s old
2025-10-06 20:34:50 ❌ Restart required: dead process (PID 47 not found)
2025-10-06 20:34:51 ⚠️  Restarting Master Control Loop...
2025-10-06 20:34:51 ✅ Restart command issued
2025-10-06 20:35:12 ✅ Heartbeat OK — PID 50, 0s old
2025-10-06 20:35:51 ❌ Restart required: dead process (PID 47 not found)
2025-10-06 20:35:51 ⚠️  Restarting Master Control Loop...
2025-10-06 20:35:51 ✅ Restart command issued
2025-10-06 20:36:12 ✅ Heartbeat OK — PID 47, 0s old
2025-10-06 20:36:51 ❌ Restart required: dead process (PID 47 not found)
2025-10-06 20:36:51 ⚠️  Restarting Master Control Loop...
2025-10-06 20:36:51 ✅ Restart command issued
2025-10-06 20:37:12 ✅ Heartbeat OK — PID 47, 0s old
2025-10-06 20:37:51 ❌ Restart required: dead process (PID 47 not found)
2025-10-06 20:37:51 ⚠️  Restarting Master Control Loop...
2025-10-06 20:37:51 ✅ Restart command issued
2025-10-06 20:38:12 ✅ Heartbeat OK — PID 47, 0s old
2025-10-06 20:38:51 ❌ Restart required: dead process (PID 47 not found)
2025-10-06 20:38:51 ⚠️  Restarting Master Control Loop...
2025-10-06 20:38:51 ✅ Restart command issued
2025-10-06 20:39:12 ✅ Heartbeat OK — PID 47, 0s old
2025-10-06 20:39:51 ❌ Restart required: dead process (PID 47 not found)
2025-10-06 20:39:51 ⚠️  Restarting Master Control Loop...
2025-10-06 20:39:51 ✅ Restart command issued
2025-10-06 20:40:12 ✅ Heartbeat OK — PID 47, 0s old
2025-10-06 20:40:51 ❌ Restart required: dead process (PID 47 not found)
2025-10-06 20:40:51 ⚠️  Restarting Master Control Loop...
2025-10-06 20:40:51 ✅ Restart command issued
2025-10-06 20:41:12 ✅ Heartbeat OK — PID 47, 0s old
2025-10-06 20:41:51 ❌ Restart required: dead process (PID 47 not found)
2025-10-06 20:41:51 ⚠️  Restarting Master Control Loop...
2025-10-06 20:41:51 ✅ Restart command issued
2025-10-06 20:42:12 ✅ Heartbeat OK — PID 47, 0s old
2025-10-06 20:42:51 ❌ Restart required: dead process (PID 47 not found)
2025-10-06 20:42:51 ⚠️  Restarting Master Control Loop...
2025-10-06 20:42:51 ✅ Restart command issued
2025-10-06 20:43:12 ✅ Heartbeat OK — PID 47, 0s old
2025-10-06 20:43:51 ❌ Restart required: dead process (PID 47 not found)
2025-10-06 20:43:51 ⚠️  Restarting Master Control Loop...
2025-10-06 20:43:51 ✅ Restart command issued
2025-10-06 20:44:12 ✅ Heartbeat OK — PID 47, 0s old
2025-10-06 20:44:51 ❌ Restart required: dead process (PID 47 not found)
2025-10-06 20:44:51 ⚠️  Restarting Master Control Loop...
2025-10-06 20:44:51 ✅ Restart command issued
2025-10-06 20:45:12 ✅ Heartbeat OK — PID 47, 0s old
2025-10-06 20:45:51 ❌ Restart required: dead process (PID 47 not found)
2025-10-06 20:45:51 ⚠️  Restarting Master Control Loop...
2025-10-06 20:45:51 ✅ Restart command issued
2025-10-06 20:46:12 ✅ Heartbeat OK — PID 47, 0s old
2025-10-06 20:46:51 ❌ Restart required: dead process (PID 47 not found)
2025-10-06 20:46:51 ⚠️  Restarting Master Control Loop...
2025-10-06 20:46:51 ✅ Restart command issued
2025-10-06 20:47:13 ✅ Heartbeat OK — PID 47, 1s old
2025-10-06 20:47:13 ==============================================
2025-10-06 20:47:13 🧭 MCL Guard started (watchdog active)
2025-10-06 20:47:13 ==============================================
2025-10-06 20:47:13 ❌ Restart required: dead process (PID 47 not found)
2025-10-06 20:47:13 ⚠️  Restarting Master Control Loop...
2025-10-06 20:47:13 ✅ Restart command issued
2025-10-06 20:47:51 ❌ Restart required: dead process (PID 46 not found)
2025-10-06 20:47:51 ⚠️  Restarting Master Control Loop...
2025-10-06 20:47:51 ✅ Restart command issued
2025-10-06 20:48:13 ✅ Heartbeat OK — PID 47, 1s old
2025-10-06 20:48:13 ❌ Restart required: dead process (PID 47 not found)
2025-10-06 20:48:13 ⚠️  Restarting Master Control Loop...
2025-10-06 20:48:13 ✅ Restart command issued
2025-10-06 20:48:51 ❌ Restart required: dead process (PID 47 not found)
2025-10-06 20:48:51 ⚠️  Restarting Master Control Loop...
2025-10-06 20:48:51 ✅ Restart command issued
2025-10-06 20:49:13 ✅ Heartbeat OK — PID 47, 1s old
2025-10-06 20:49:13 ✅ Heartbeat OK — PID 47, 1s old
2025-10-06 20:49:51 ❌ Restart required: dead process (PID 47 not found)
2025-10-06 20:49:51 ⚠️  Restarting Master Control Loop...
2025-10-06 20:49:51 ✅ Restart command issued
2025-10-06 20:50:13 ✅ Heartbeat OK — PID 47, 1s old
2025-10-06 20:50:13 ✅ Heartbeat OK — PID 46, 0s old
2025-10-06 20:50:51 ❌ Restart required: dead process (PID 47 not found)
2025-10-06 20:50:51 ⚠️  Restarting Master Control Loop...
2025-10-06 20:50:51 ✅ Restart command issued
2025-10-06 20:51:13 ✅ Heartbeat OK — PID 47, 1s old
2025-10-06 20:51:13 ✅ Heartbeat OK — PID 46, 0s old
2025-10-06 20:51:51 ❌ Restart required: dead process (PID 47 not found)
2025-10-06 20:51:51 ⚠️  Restarting Master Control Loop...
2025-10-06 20:51:51 ✅ Restart command issued
2025-10-06 20:52:13 ✅ Heartbeat OK — PID 47, 1s old
2025-10-06 20:52:13 ✅ Heartbeat OK — PID 46, 0s old
2025-10-06 20:52:51 ❌ Restart required: dead process (PID 47 not found)
2025-10-06 20:52:51 ⚠️  Restarting Master Control Loop...
2025-10-06 20:52:51 ✅ Restart command issued
2025-10-06 20:53:13 ✅ Heartbeat OK — PID 47, 1s old
2025-10-06 20:53:14 ✅ Heartbeat OK — PID 47, 0s old
2025-10-06 20:53:51 ❌ Restart required: dead process (PID 47 not found)
2025-10-06 20:53:51 ⚠️  Restarting Master Control Loop...
2025-10-06 20:53:51 ✅ Restart command issued
2025-10-06 20:54:13 ✅ Heartbeat OK — PID 47, 1s old
2025-10-06 20:54:14 ✅ Heartbeat OK — PID 47, 0s old
2025-10-06 20:54:51 ❌ Restart required: dead process (PID 47 not found)
2025-10-06 20:54:51 ⚠️  Restarting Master Control Loop...
2025-10-06 20:54:51 ✅ Restart command issued
2025-10-06 20:55:13 ✅ Heartbeat OK — PID 47, 1s old
2025-10-06 20:55:14 ✅ Heartbeat OK — PID 47, 0s old
2025-10-06 20:55:51 ❌ Restart required: dead process (PID 47 not found)
2025-10-06 20:55:51 ⚠️  Restarting Master Control Loop...
2025-10-06 20:55:51 ✅ Restart command issued
2025-10-06 20:56:13 ✅ Heartbeat OK — PID 47, 1s old
2025-10-06 20:56:14 ✅ Heartbeat OK — PID 47, 0s old
2025-10-06 20:56:51 ❌ Restart required: dead process (PID 47 not found)
2025-10-06 20:56:51 ⚠️  Restarting Master Control Loop...
2025-10-06 20:56:51 ✅ Restart command issued
2025-10-06 20:57:13 ✅ Heartbeat OK — PID 47, 1s old
2025-10-06 20:57:14 ✅ Heartbeat OK — PID 47, 0s old
2025-10-06 20:57:51 ❌ Restart required: dead process (PID 47 not found)
2025-10-06 20:57:51 ⚠️  Restarting Master Control Loop...
2025-10-06 20:57:51 ✅ Restart command issued
2025-10-06 20:58:13 ✅ Heartbeat OK — PID 47, 1s old
2025-10-06 20:58:14 ✅ Heartbeat OK — PID 47, 0s old
2025-10-06 20:58:52 ❌ Restart required: dead process (PID 47 not found)
2025-10-06 20:58:52 ⚠️  Restarting Master Control Loop...
2025-10-06 20:58:52 ✅ Restart command issued
2025-10-06 20:59:13 ✅ Heartbeat OK — PID 47, 1s old
2025-10-06 20:59:14 ✅ Heartbeat OK — PID 47, 0s old
2025-10-06 20:59:52 ❌ Restart required: dead process (PID 47 not found)
2025-10-06 20:59:52 ⚠️  Restarting Master Control Loop...
2025-10-06 20:59:52 ✅ Restart command issued
2025-10-06 21:00:13 ✅ Heartbeat OK — PID 47, 1s old
2025-10-06 21:00:14 ✅ Heartbeat OK — PID 47, 0s old
2025-10-06 21:00:52 ❌ Restart required: dead process (PID 47 not found)
2025-10-06 21:00:52 ⚠️  Restarting Master Control Loop...
2025-10-06 21:00:52 ✅ Restart command issued
2025-10-06 21:01:13 ✅ Heartbeat OK — PID 47, 1s old
2025-10-06 21:01:14 ✅ Heartbeat OK — PID 47, 0s old
2025-10-06 21:01:52 ❌ Restart required: dead process (PID 47 not found)
2025-10-06 21:01:52 ⚠️  Restarting Master Control Loop...
2025-10-06 21:01:52 ✅ Restart command issued
2025-10-06 21:02:14 ✅ Heartbeat OK — PID 47, 1s old
2025-10-06 21:02:14 ✅ Heartbeat OK — PID 47, 0s old
2025-10-06 21:02:52 ❌ Restart required: dead process (PID 47 not found)
2025-10-06 21:02:52 ⚠️  Restarting Master Control Loop...
2025-10-06 21:02:52 ✅ Restart command issued
2025-10-06 21:03:14 ✅ Heartbeat OK — PID 47, 1s old
2025-10-06 21:03:14 ✅ Heartbeat OK — PID 47, 0s old
2025-10-06 21:03:52 ❌ Restart required: dead process (PID 47 not found)
2025-10-06 21:03:52 ⚠️  Restarting Master Control Loop...
2025-10-06 21:03:52 ✅ Restart command issued
2025-10-06 21:04:14 ✅ Heartbeat OK — PID 47, 1s old
2025-10-06 21:04:14 ✅ Heartbeat OK — PID 47, 0s old
2025-10-06 21:04:52 ❌ Restart required: dead process (PID 47 not found)
2025-10-06 21:04:52 ⚠️  Restarting Master Control Loop...
2025-10-06 21:04:52 ✅ Restart command issued
2025-10-06 21:05:14 ✅ Heartbeat OK — PID 46, 0s old
2025-10-06 21:05:14 ✅ Heartbeat OK — PID 47, 0s old
2025-10-06 21:05:52 ❌ Restart required: dead process (PID 47 not found)
2025-10-06 21:05:52 ⚠️  Restarting Master Control Loop...
2025-10-06 21:05:52 ✅ Restart command issued
2025-10-06 21:06:14 ✅ Heartbeat OK — PID 46, 0s old
2025-10-06 21:06:14 ✅ Heartbeat OK — PID 47, 0s old
2025-10-06 21:06:52 ❌ Restart required: dead process (PID 47 not found)
2025-10-06 21:06:52 ⚠️  Restarting Master Control Loop...
2025-10-06 21:06:52 ✅ Restart command issued
2025-10-06 21:07:14 ✅ Heartbeat OK — PID 46, 0s old
2025-10-06 21:07:15 ✅ Heartbeat OK — PID 47, 1s old
2025-10-06 21:07:52 ❌ Restart required: dead process (PID 47 not found)
2025-10-06 21:07:52 ⚠️  Restarting Master Control Loop...
2025-10-06 21:07:52 ✅ Restart command issued
2025-10-06 21:08:14 ✅ Heartbeat OK — PID 46, 0s old
2025-10-06 21:08:15 ✅ Heartbeat OK — PID 47, 1s old
2025-10-06 21:08:52 ❌ Restart required: dead process (PID 47 not found)
2025-10-06 21:08:52 ⚠️  Restarting Master Control Loop...
2025-10-06 21:08:52 ✅ Restart command issued
2025-10-06 21:09:14 ✅ Heartbeat OK — PID 46, 0s old
2025-10-06 21:09:15 ✅ Heartbeat OK — PID 47, 1s old
2025-10-06 21:09:52 ❌ Restart required: dead process (PID 47 not found)
2025-10-06 21:09:52 ⚠️  Restarting Master Control Loop...
2025-10-06 21:09:52 ✅ Restart command issued
2025-10-06 21:10:14 ✅ Heartbeat OK — PID 46, 0s old
2025-10-06 21:10:15 ✅ Heartbeat OK — PID 47, 1s old
2025-10-06 21:10:52 ❌ Restart required: dead process (PID 47 not found)
2025-10-06 21:10:52 ⚠️  Restarting Master Control Loop...
2025-10-06 21:10:52 ✅ Restart command issued
2025-10-06 21:11:14 ✅ Heartbeat OK — PID 47, 0s old
2025-10-06 21:11:15 ✅ Heartbeat OK — PID 47, 1s old
2025-10-06 21:11:52 ❌ Restart required: dead process (PID 47 not found)
2025-10-06 21:11:52 ⚠️  Restarting Master Control Loop...
2025-10-06 21:11:52 ✅ Restart command issued
2025-10-06 21:12:14 ✅ Heartbeat OK — PID 47, 0s old
2025-10-06 21:12:15 ✅ Heartbeat OK — PID 47, 1s old
2025-10-06 21:12:52 ❌ Restart required: dead process (PID 47 not found)
2025-10-06 21:12:52 ⚠️  Restarting Master Control Loop...
2025-10-06 21:12:52 ✅ Restart command issued
2025-10-06 21:13:14 ✅ Heartbeat OK — PID 47, 0s old
2025-10-06 21:13:15 ✅ Heartbeat OK — PID 47, 1s old
2025-10-06 21:13:52 ❌ Restart required: dead process (PID 47 not found)
2025-10-06 21:13:52 ⚠️  Restarting Master Control Loop...
2025-10-06 21:13:52 ✅ Restart command issued
2025-10-06 21:14:14 ✅ Heartbeat OK — PID 47, 0s old
2025-10-06 21:14:15 ✅ Heartbeat OK — PID 47, 1s old
2025-10-06 21:14:52 ❌ Restart required: dead process (PID 47 not found)
2025-10-06 21:14:52 ⚠️  Restarting Master Control Loop...
2025-10-06 21:14:52 ✅ Restart command issued
2025-10-06 21:15:14 ✅ Heartbeat OK — PID 47, 0s old
2025-10-06 21:15:15 ✅ Heartbeat OK — PID 47, 1s old
2025-10-06 21:15:52 ❌ Restart required: dead process (PID 47 not found)
2025-10-06 21:15:52 ⚠️  Restarting Master Control Loop...
2025-10-06 21:15:52 ✅ Restart command issued
2025-10-06 21:16:15 ✅ Heartbeat OK — PID 47, 1s old
2025-10-06 21:16:15 ✅ Heartbeat OK — PID 47, 1s old
2025-10-06 21:16:52 ❌ Restart required: dead process (PID 47 not found)
2025-10-06 21:16:52 ⚠️  Restarting Master Control Loop...
2025-10-06 21:16:52 ✅ Restart command issued
2025-10-06 21:17:15 ✅ Heartbeat OK — PID 47, 1s old
2025-10-06 21:17:15 ✅ Heartbeat OK — PID 47, 1s old
2025-10-06 21:17:52 ❌ Restart required: dead process (PID 47 not found)
2025-10-06 21:17:52 ⚠️  Restarting Master Control Loop...
2025-10-06 21:17:52 ✅ Restart command issued
2025-10-06 21:18:15 ✅ Heartbeat OK — PID 47, 1s old
2025-10-06 21:18:15 ✅ Heartbeat OK — PID 47, 1s old
2025-10-06 21:18:52 ❌ Restart required: dead process (PID 47 not found)
2025-10-06 21:18:52 ⚠️  Restarting Master Control Loop...
2025-10-06 21:18:52 ✅ Restart command issued
2025-10-06 21:19:15 ✅ Heartbeat OK — PID 47, 1s old
2025-10-06 21:19:15 ✅ Heartbeat OK — PID 47, 1s old
2025-10-06 21:19:52 ❌ Restart required: dead process (PID 47 not found)
2025-10-06 21:19:52 ⚠️  Restarting Master Control Loop...
2025-10-06 21:19:52 ✅ Restart command issued
2025-10-06 21:20:15 ✅ Heartbeat OK — PID 47, 1s old
2025-10-06 21:20:15 ✅ Heartbeat OK — PID 47, 1s old
2025-10-06 21:20:52 ❌ Restart required: dead process (PID 47 not found)
2025-10-06 21:20:52 ⚠️  Restarting Master Control Loop...
2025-10-06 21:20:52 ✅ Restart command issued
2025-10-06 21:21:15 ✅ Heartbeat OK — PID 47, 1s old
2025-10-06 21:21:15 ✅ Heartbeat OK — PID 47, 1s old
2025-10-06 21:21:52 ❌ Restart required: dead process (PID 47 not found)
2025-10-06 21:21:52 ⚠️  Restarting Master Control Loop...
2025-10-06 21:21:52 ✅ Restart command issued
2025-10-06 21:22:15 ✅ Heartbeat OK — PID 47, 1s old
2025-10-06 21:22:15 ✅ Heartbeat OK — PID 47, 1s old
2025-10-06 21:22:52 ❌ Restart required: dead process (PID 47 not found)
2025-10-06 21:22:52 ⚠️  Restarting Master Control Loop...
2025-10-06 21:22:52 ✅ Restart command issued
2025-10-06 21:23:15 ✅ Heartbeat OK — PID 47, 1s old
2025-10-06 21:23:16 ✅ Heartbeat OK — PID 47, 2s old
2025-10-06 21:23:52 ❌ Restart required: dead process (PID 47 not found)
2025-10-06 21:23:52 ⚠️  Restarting Master Control Loop...
2025-10-06 21:23:52 ✅ Restart command issued
2025-10-06 21:24:15 ✅ Heartbeat OK — PID 47, 1s old
2025-10-06 21:24:16 ✅ Heartbeat OK — PID 47, 2s old
2025-10-06 21:24:52 ❌ Restart required: dead process (PID 47 not found)
2025-10-06 21:24:52 ⚠️  Restarting Master Control Loop...
2025-10-06 21:24:52 ✅ Restart command issued
2025-10-06 21:25:15 ✅ Heartbeat OK — PID 47, 0s old
2025-10-06 21:25:16 ✅ Heartbeat OK — PID 47, 1s old
2025-10-06 21:25:52 ❌ Restart required: dead process (PID 47 not found)
2025-10-06 21:25:52 ⚠️  Restarting Master Control Loop...
2025-10-06 21:25:52 ✅ Restart command issued
2025-10-06 21:26:15 ✅ Heartbeat OK — PID 47, 0s old
2025-10-06 21:26:16 ✅ Heartbeat OK — PID 47, 1s old
2025-10-06 21:26:52 ❌ Restart required: dead process (PID 47 not found)
2025-10-06 21:26:52 ⚠️  Restarting Master Control Loop...
2025-10-06 21:26:52 ✅ Restart command issued
2025-10-06 21:27:15 ✅ Heartbeat OK — PID 47, 0s old
2025-10-06 21:27:16 ✅ Heartbeat OK — PID 47, 1s old
2025-10-06 21:27:52 ❌ Restart required: dead process (PID 47 not found)
2025-10-06 21:27:52 ⚠️  Restarting Master Control Loop...
2025-10-06 21:27:52 ✅ Restart command issued
2025-10-06 21:28:15 ✅ Heartbeat OK — PID 47, 0s old
2025-10-06 21:28:16 ✅ Heartbeat OK — PID 47, 1s old
2025-10-06 21:28:52 ❌ Restart required: dead process (PID 47 not found)
2025-10-06 21:28:52 ⚠️  Restarting Master Control Loop...
2025-10-06 21:28:52 ✅ Restart command issued
2025-10-06 21:29:15 ✅ Heartbeat OK — PID 47, 0s old
2025-10-06 21:29:16 ✅ Heartbeat OK — PID 47, 1s old
2025-10-06 21:29:52 ❌ Restart required: dead process (PID 47 not found)
2025-10-06 21:29:52 ⚠️  Restarting Master Control Loop...
2025-10-06 21:29:52 ✅ Restart command issued
2025-10-06 21:30:15 ✅ Heartbeat OK — PID 47, 0s old
2025-10-06 21:30:16 ✅ Heartbeat OK — PID 47, 1s old
2025-10-06 21:30:52 ❌ Restart required: dead process (PID 47 not found)
2025-10-06 21:30:52 ⚠️  Restarting Master Control Loop...
2025-10-06 21:30:52 ✅ Restart command issued
2025-10-06 21:31:16 ✅ Heartbeat OK — PID 47, 1s old
2025-10-06 21:31:16 ✅ Heartbeat OK — PID 47, 1s old
2025-10-06 21:31:52 ❌ Restart required: dead process (PID 47 not found)
2025-10-06 21:31:52 ⚠️  Restarting Master Control Loop...
2025-10-06 21:31:52 ✅ Restart command issued
2025-10-06 21:32:16 ✅ Heartbeat OK — PID 46, 1s old
2025-10-06 21:32:16 ✅ Heartbeat OK — PID 47, 0s old
2025-10-06 21:32:52 ❌ Restart required: dead process (PID 47 not found)
2025-10-06 21:32:52 ⚠️  Restarting Master Control Loop...
2025-10-06 21:32:52 ✅ Restart command issued
2025-10-06 21:33:16 ✅ Heartbeat OK — PID 46, 1s old
2025-10-06 21:33:16 ✅ Heartbeat OK — PID 47, 0s old
2025-10-06 21:33:52 ❌ Restart required: dead process (PID 47 not found)
2025-10-06 21:33:52 ⚠️  Restarting Master Control Loop...
2025-10-06 21:33:52 ✅ Restart command issued
2025-10-06 21:34:16 ✅ Heartbeat OK — PID 47, 0s old
2025-10-06 21:34:16 ✅ Heartbeat OK — PID 47, 0s old
2025-10-06 21:34:52 ❌ Restart required: dead process (PID 47 not found)
2025-10-06 21:34:52 ⚠️  Restarting Master Control Loop...
2025-10-06 21:34:52 ✅ Restart command issued
2025-10-06 21:35:16 ✅ Heartbeat OK — PID 47, 0s old
2025-10-06 21:35:16 ✅ Heartbeat OK — PID 47, 0s old
2025-10-06 21:35:52 ❌ Restart required: dead process (PID 47 not found)
2025-10-06 21:35:52 ⚠️  Restarting Master Control Loop...
2025-10-06 21:35:52 ✅ Restart command issued
2025-10-06 21:36:16 ✅ Heartbeat OK — PID 47, 0s old
2025-10-06 21:36:16 ✅ Heartbeat OK — PID 47, 0s old
2025-10-06 21:36:52 ❌ Restart required: dead process (PID 47 not found)
2025-10-06 21:36:52 ⚠️  Restarting Master Control Loop...
2025-10-06 21:36:52 ✅ Restart command issued
2025-10-06 21:37:16 ✅ Heartbeat OK — PID 47, 0s old
2025-10-06 21:37:16 ✅ Heartbeat OK — PID 47, 0s old
2025-10-06 21:37:52 ❌ Restart required: dead process (PID 47 not found)
2025-10-06 21:37:52 ⚠️  Restarting Master Control Loop...
2025-10-06 21:37:52 ✅ Restart command issued
2025-10-06 21:38:16 ✅ Heartbeat OK — PID 47, 0s old
2025-10-06 21:38:16 ✅ Heartbeat OK — PID 47, 0s old
2025-10-06 21:38:52 ❌ Restart required: dead process (PID 47 not found)
2025-10-06 21:38:53 ⚠️  Restarting Master Control Loop...
2025-10-06 21:38:53 ✅ Restart command issued
2025-10-06 21:39:16 ✅ Heartbeat OK — PID 47, 0s old
2025-10-06 21:39:16 ✅ Heartbeat OK — PID 47, 0s old
2025-10-06 21:39:53 ❌ Restart required: dead process (PID 47 not found)
2025-10-06 21:39:53 ⚠️  Restarting Master Control Loop...
2025-10-06 21:39:53 ✅ Restart command issued
2025-10-06 21:40:16 ✅ Heartbeat OK — PID 47, 0s old
2025-10-06 21:40:16 ✅ Heartbeat OK — PID 47, 0s old
2025-10-06 21:40:53 ❌ Restart required: dead process (PID 47 not found)
2025-10-06 21:40:53 ⚠️  Restarting Master Control Loop...
2025-10-06 21:40:53 ✅ Restart command issued
2025-10-06 21:41:16 ✅ Heartbeat OK — PID 47, 0s old
2025-10-06 21:41:17 ✅ Heartbeat OK — PID 47, 1s old
2025-10-06 21:41:53 ❌ Restart required: dead process (PID 47 not found)
2025-10-06 21:41:53 ⚠️  Restarting Master Control Loop...
2025-10-06 21:41:53 ✅ Restart command issued
2025-10-06 21:42:16 ✅ Heartbeat OK — PID 47, 0s old
2025-10-06 21:42:17 ✅ Heartbeat OK — PID 47, 1s old
2025-10-06 21:42:53 ❌ Restart required: dead process (PID 47 not found)
2025-10-06 21:42:53 ⚠️  Restarting Master Control Loop...
2025-10-06 21:42:53 ✅ Restart command issued
2025-10-06 21:43:16 ✅ Heartbeat OK — PID 47, 0s old
2025-10-06 21:43:17 ✅ Heartbeat OK — PID 47, 1s old
2025-10-06 21:43:53 ❌ Restart required: dead process (PID 47 not found)
2025-10-06 21:43:53 ⚠️  Restarting Master Control Loop...
2025-10-06 21:43:53 ✅ Restart command issued
2025-10-06 21:44:16 ✅ Heartbeat OK — PID 47, 0s old
2025-10-06 21:44:17 ✅ Heartbeat OK — PID 47, 1s old
2025-10-06 21:44:53 ❌ Restart required: dead process (PID 47 not found)
2025-10-06 21:44:53 ⚠️  Restarting Master Control Loop...
2025-10-06 21:44:53 ✅ Restart command issued
2025-10-06 21:45:16 ✅ Heartbeat OK — PID 47, 0s old
2025-10-06 21:45:17 ✅ Heartbeat OK — PID 47, 1s old
2025-10-06 21:45:53 ❌ Restart required: dead process (PID 47 not found)
2025-10-06 21:45:53 ⚠️  Restarting Master Control Loop...
2025-10-06 21:45:53 ✅ Restart command issued
2025-10-06 21:46:16 ✅ Heartbeat OK — PID 47, 0s old
2025-10-06 21:46:17 ✅ Heartbeat OK — PID 47, 1s old
2025-10-06 21:46:53 ❌ Restart required: dead process (PID 47 not found)
2025-10-06 21:46:53 ⚠️  Restarting Master Control Loop...
2025-10-06 21:46:53 ✅ Restart command issued
2025-10-06 21:47:08 ==============================================
2025-10-06 21:47:08 🧭 MCL Guard started (watchdog active)
2025-10-06 21:47:08 ==============================================
2025-10-06 21:47:08 ❌ Restart required: dead process (PID 4158 not found)
2025-10-06 21:47:08 ⚠️  Restarting Master Control Loop...
2025-10-06 21:47:08 ✅ Restart command issued
2025-10-06 21:47:16 ✅ Heartbeat OK — PID 47, 0s old
2025-10-06 21:47:17 ✅ Heartbeat OK — PID 47, 1s old
2025-10-06 21:47:53 ❌ Restart required: dead process (PID 47 not found)
2025-10-06 21:47:53 ⚠️  Restarting Master Control Loop...
2025-10-06 21:47:53 ✅ Restart command issued
2025-10-06 21:48:08 ❌ Restart required: dead process (PID 4158 not found)
2025-10-06 21:48:08 ⚠️  Restarting Master Control Loop...
2025-10-06 21:48:08 ✅ Restart command issued
2025-10-06 21:48:17 ✅ Heartbeat OK — PID 47, 1s old
2025-10-06 21:48:17 ✅ Heartbeat OK — PID 47, 1s old
2025-10-06 21:48:53 ❌ Restart required: dead process (PID 47 not found)
2025-10-06 21:48:53 ⚠️  Restarting Master Control Loop...
2025-10-06 21:48:53 ✅ Restart command issued
2025-10-06 21:49:08 ✅ Heartbeat OK — PID 46, 0s old
2025-10-06 21:49:17 ✅ Heartbeat OK — PID 47, 1s old
2025-10-06 21:49:17 ✅ Heartbeat OK — PID 47, 1s old
2025-10-06 21:49:53 ❌ Restart required: dead process (PID 47 not found)
2025-10-06 21:49:53 ⚠️  Restarting Master Control Loop...
2025-10-06 21:49:53 ✅ Restart command issued
2025-10-06 21:50:08 ✅ Heartbeat OK — PID 46, 0s old
2025-10-06 21:50:17 ✅ Heartbeat OK — PID 47, 1s old
2025-10-06 21:50:17 ✅ Heartbeat OK — PID 47, 1s old
2025-10-06 21:50:53 ❌ Restart required: dead process (PID 47 not found)
2025-10-06 21:50:53 ⚠️  Restarting Master Control Loop...
2025-10-06 21:50:53 ✅ Restart command issued
2025-10-06 21:51:08 ✅ Heartbeat OK — PID 47, 0s old
2025-10-06 21:51:17 ✅ Heartbeat OK — PID 47, 1s old
2025-10-06 21:51:17 ✅ Heartbeat OK — PID 47, 1s old
2025-10-06 21:51:53 ❌ Restart required: dead process (PID 47 not found)
2025-10-06 21:51:53 ⚠️  Restarting Master Control Loop...
2025-10-06 21:51:53 ✅ Restart command issued
2025-10-06 21:52:09 ✅ Heartbeat OK — PID 47, 1s old
2025-10-06 21:52:17 ✅ Heartbeat OK — PID 47, 1s old
2025-10-06 21:52:17 ✅ Heartbeat OK — PID 47, 1s old
2025-10-06 21:52:53 ❌ Restart required: dead process (PID 47 not found)
2025-10-06 21:52:53 ⚠️  Restarting Master Control Loop...
2025-10-06 21:52:53 ✅ Restart command issued
2025-10-06 21:53:09 ✅ Heartbeat OK — PID 47, 1s old
2025-10-06 21:53:17 ✅ Heartbeat OK — PID 47, 1s old
2025-10-06 21:53:17 ✅ Heartbeat OK — PID 47, 1s old
2025-10-06 21:53:53 ❌ Restart required: dead process (PID 47 not found)
2025-10-06 21:53:53 ⚠️  Restarting Master Control Loop...
2025-10-06 21:53:53 ✅ Restart command issued
2025-10-06 21:54:09 ✅ Heartbeat OK — PID 47, 1s old
2025-10-06 21:54:17 ✅ Heartbeat OK — PID 47, 1s old
2025-10-06 21:54:17 ✅ Heartbeat OK — PID 47, 1s old
2025-10-06 21:54:53 ❌ Restart required: dead process (PID 47 not found)
2025-10-06 21:54:53 ⚠️  Restarting Master Control Loop...
2025-10-06 21:54:53 ✅ Restart command issued
2025-10-06 21:55:09 ✅ Heartbeat OK — PID 47, 0s old
2025-10-06 21:55:17 ✅ Heartbeat OK — PID 47, 1s old
2025-10-06 21:55:17 ✅ Heartbeat OK — PID 47, 1s old
2025-10-06 21:55:53 ❌ Restart required: dead process (PID 47 not found)
2025-10-06 21:55:53 ⚠️  Restarting Master Control Loop...
2025-10-06 21:55:53 ✅ Restart command issued
2025-10-06 21:56:09 ✅ Heartbeat OK — PID 47, 0s old
2025-10-06 21:56:17 ✅ Heartbeat OK — PID 47, 1s old
2025-10-06 21:56:17 ✅ Heartbeat OK — PID 47, 1s old
2025-10-06 21:56:53 ❌ Restart required: dead process (PID 47 not found)
2025-10-06 21:56:53 ⚠️  Restarting Master Control Loop...
2025-10-06 21:56:53 ✅ Restart command issued
2025-10-06 21:57:09 ✅ Heartbeat OK — PID 47, 0s old
2025-10-06 21:57:17 ✅ Heartbeat OK — PID 47, 1s old
2025-10-06 21:57:18 ✅ Heartbeat OK — PID 47, 2s old
2025-10-06 21:57:53 ❌ Restart required: dead process (PID 47 not found)
2025-10-06 21:57:53 ⚠️  Restarting Master Control Loop...
2025-10-06 21:57:53 ✅ Restart command issued
2025-10-06 21:58:09 ✅ Heartbeat OK — PID 47, 0s old
2025-10-06 21:58:17 ✅ Heartbeat OK — PID 47, 1s old
2025-10-06 21:58:18 ✅ Heartbeat OK — PID 47, 2s old
2025-10-06 21:58:53 ❌ Restart required: dead process (PID 47 not found)
2025-10-06 21:58:53 ⚠️  Restarting Master Control Loop...
2025-10-06 21:58:53 ✅ Restart command issued
2025-10-06 21:59:09 ✅ Heartbeat OK — PID 47, 0s old
2025-10-06 21:59:17 ✅ Heartbeat OK — PID 47, 1s old
2025-10-06 21:59:18 ✅ Heartbeat OK — PID 47, 2s old
2025-10-06 21:59:53 ❌ Restart required: dead process (PID 47 not found)
2025-10-06 21:59:53 ⚠️  Restarting Master Control Loop...
2025-10-06 21:59:53 ✅ Restart command issued
2025-10-06 22:00:09 ✅ Heartbeat OK — PID 47, 0s old
2025-10-06 22:00:17 ✅ Heartbeat OK — PID 47, 1s old
2025-10-06 22:00:18 ✅ Heartbeat OK — PID 47, 2s old
2025-10-06 22:00:53 ❌ Restart required: dead process (PID 47 not found)
2025-10-06 22:00:53 ⚠️  Restarting Master Control Loop...
2025-10-06 22:00:53 ✅ Restart command issued
2025-10-06 22:01:09 ✅ Heartbeat OK — PID 47, 0s old
2025-10-06 22:01:17 ✅ Heartbeat OK — PID 47, 1s old
2025-10-06 22:01:18 ✅ Heartbeat OK — PID 47, 2s old
2025-10-06 22:01:53 ❌ Restart required: dead process (PID 47 not found)
2025-10-06 22:01:53 ⚠️  Restarting Master Control Loop...
2025-10-06 22:01:53 ✅ Restart command issued
2025-10-06 22:02:09 ✅ Heartbeat OK — PID 47, 0s old
2025-10-06 22:02:17 ✅ Heartbeat OK — PID 47, 0s old
2025-10-06 22:02:18 ✅ Heartbeat OK — PID 47, 1s old
2025-10-06 22:02:53 ❌ Restart required: dead process (PID 47 not found)
2025-10-06 22:02:53 ⚠️  Restarting Master Control Loop...
2025-10-06 22:02:53 ✅ Restart command issued
2025-10-06 22:03:09 ✅ Heartbeat OK — PID 47, 0s old
2025-10-06 22:03:17 ✅ Heartbeat OK — PID 47, 0s old
2025-10-06 22:03:18 ✅ Heartbeat OK — PID 47, 1s old
2025-10-06 22:03:53 ❌ Restart required: dead process (PID 47 not found)
2025-10-06 22:03:53 ⚠️  Restarting Master Control Loop...
2025-10-06 22:03:53 ✅ Restart command issued
2025-10-06 22:04:09 ✅ Heartbeat OK — PID 47, 0s old
2025-10-06 22:04:18 ✅ Heartbeat OK — PID 47, 1s old
2025-10-06 22:04:18 ✅ Heartbeat OK — PID 47, 1s old
2025-10-06 22:04:53 ❌ Restart required: dead process (PID 47 not found)
2025-10-06 22:04:53 ⚠️  Restarting Master Control Loop...
2025-10-06 22:04:53 ✅ Restart command issued
2025-10-06 22:05:09 ✅ Heartbeat OK — PID 46, 0s old
2025-10-06 22:05:18 ✅ Heartbeat OK — PID 47, 1s old
2025-10-06 22:05:18 ✅ Heartbeat OK — PID 47, 1s old
2025-10-06 22:05:53 ❌ Restart required: dead process (PID 47 not found)
2025-10-06 22:05:53 ⚠️  Restarting Master Control Loop...
2025-10-06 22:05:53 ✅ Restart command issued
2025-10-06 22:06:10 ✅ Heartbeat OK — PID 46, 1s old
2025-10-06 22:06:18 ✅ Heartbeat OK — PID 47, 1s old
2025-10-06 22:06:18 ✅ Heartbeat OK — PID 47, 1s old
2025-10-06 22:06:53 ❌ Restart required: dead process (PID 47 not found)
2025-10-06 22:06:53 ⚠️  Restarting Master Control Loop...
2025-10-06 22:06:53 ✅ Restart command issued
2025-10-06 22:07:10 ✅ Heartbeat OK — PID 46, 1s old
2025-10-06 22:07:18 ✅ Heartbeat OK — PID 47, 1s old
2025-10-06 22:07:18 ✅ Heartbeat OK — PID 47, 1s old
2025-10-06 22:07:53 ❌ Restart required: dead process (PID 47 not found)
2025-10-06 22:07:53 ⚠️  Restarting Master Control Loop...
2025-10-06 22:07:53 ✅ Restart command issued
2025-10-06 22:08:10 ✅ Heartbeat OK — PID 46, 1s old
2025-10-06 22:08:18 ✅ Heartbeat OK — PID 47, 1s old
2025-10-06 22:08:18 ✅ Heartbeat OK — PID 47, 1s old
2025-10-06 22:08:53 ❌ Restart required: dead process (PID 47 not found)
2025-10-06 22:08:53 ⚠️  Restarting Master Control Loop...
2025-10-06 22:08:53 ✅ Restart command issued
2025-10-06 22:09:10 ✅ Heartbeat OK — PID 46, 1s old
2025-10-06 22:09:18 ✅ Heartbeat OK — PID 47, 1s old
2025-10-06 22:09:18 ✅ Heartbeat OK — PID 47, 1s old
2025-10-06 22:09:53 ❌ Restart required: dead process (PID 47 not found)
2025-10-06 22:09:53 ⚠️  Restarting Master Control Loop...
2025-10-06 22:09:53 ✅ Restart command issued
2025-10-06 22:10:10 ✅ Heartbeat OK — PID 47, 1s old
2025-10-06 22:10:18 ✅ Heartbeat OK — PID 47, 1s old
2025-10-06 22:10:18 ✅ Heartbeat OK — PID 47, 1s old
2025-10-06 22:10:53 ❌ Restart required: dead process (PID 47 not found)
2025-10-06 22:10:53 ⚠️  Restarting Master Control Loop...
2025-10-06 22:10:53 ✅ Restart command issued
2025-10-06 22:11:10 ✅ Heartbeat OK — PID 47, 1s old
2025-10-06 22:11:18 ✅ Heartbeat OK — PID 47, 1s old
2025-10-06 22:11:18 ✅ Heartbeat OK — PID 47, 1s old
2025-10-06 22:11:53 ❌ Restart required: dead process (PID 47 not found)
2025-10-06 22:11:53 ⚠️  Restarting Master Control Loop...
2025-10-06 22:11:53 ✅ Restart command issued
2025-10-06 22:12:10 ✅ Heartbeat OK — PID 47, 1s old
2025-10-06 22:12:18 ✅ Heartbeat OK — PID 47, 1s old
2025-10-06 22:12:19 ✅ Heartbeat OK — PID 47, 2s old
2025-10-06 22:12:53 ❌ Restart required: dead process (PID 47 not found)
2025-10-06 22:12:53 ⚠️  Restarting Master Control Loop...
2025-10-06 22:12:53 ✅ Restart command issued
2025-10-06 22:13:10 ✅ Heartbeat OK — PID 47, 1s old
2025-10-06 22:13:18 ✅ Heartbeat OK — PID 47, 1s old
2025-10-06 22:13:19 ✅ Heartbeat OK — PID 47, 2s old
2025-10-06 22:13:53 ❌ Restart required: dead process (PID 47 not found)
2025-10-06 22:13:53 ⚠️  Restarting Master Control Loop...
2025-10-06 22:13:53 ✅ Restart command issued
2025-10-06 22:14:10 ✅ Heartbeat OK — PID 47, 1s old
2025-10-06 22:14:18 ✅ Heartbeat OK — PID 47, 1s old
2025-10-06 22:14:19 ✅ Heartbeat OK — PID 47, 2s old
2025-10-06 22:14:53 ❌ Restart required: dead process (PID 47 not found)
2025-10-06 22:14:53 ⚠️  Restarting Master Control Loop...
2025-10-06 22:14:53 ✅ Restart command issued
2025-10-06 22:15:10 ✅ Heartbeat OK — PID 47, 1s old
2025-10-06 22:15:18 ✅ Heartbeat OK — PID 47, 1s old
2025-10-06 22:15:19 ✅ Heartbeat OK — PID 47, 2s old
2025-10-06 22:15:53 ❌ Restart required: dead process (PID 47 not found)
2025-10-06 22:15:53 ⚠️  Restarting Master Control Loop...
2025-10-06 22:15:53 ✅ Restart command issued
2025-10-06 22:16:10 ✅ Heartbeat OK — PID 47, 1s old
2025-10-06 22:16:18 ✅ Heartbeat OK — PID 47, 1s old
2025-10-06 22:16:19 ✅ Heartbeat OK — PID 47, 2s old
2025-10-06 22:16:53 ❌ Restart required: dead process (PID 47 not found)
2025-10-06 22:16:53 ⚠️  Restarting Master Control Loop...
2025-10-06 22:16:53 ✅ Restart command issued
2025-10-06 22:17:10 ✅ Heartbeat OK — PID 47, 1s old
2025-10-06 22:17:18 ✅ Heartbeat OK — PID 47, 1s old
2025-10-06 22:17:19 ✅ Heartbeat OK — PID 47, 2s old
2025-10-06 22:17:53 ❌ Restart required: dead process (PID 47 not found)
2025-10-06 22:17:53 ⚠️  Restarting Master Control Loop...
2025-10-06 22:17:53 ✅ Restart command issued
2025-10-06 22:18:10 ✅ Heartbeat OK — PID 47, 1s old
2025-10-06 22:18:18 ✅ Heartbeat OK — PID 47, 1s old
2025-10-06 22:18:19 ✅ Heartbeat OK — PID 47, 2s old
2025-10-06 22:18:53 ❌ Restart required: dead process (PID 47 not found)
2025-10-06 22:18:53 ⚠️  Restarting Master Control Loop...
2025-10-06 22:18:53 ✅ Restart command issued
2025-10-06 22:19:10 ✅ Heartbeat OK — PID 47, 1s old
2025-10-06 22:19:18 ✅ Heartbeat OK — PID 47, 1s old
2025-10-06 22:19:19 ✅ Heartbeat OK — PID 47, 2s old
2025-10-06 22:19:53 ❌ Restart required: dead process (PID 47 not found)
2025-10-06 22:19:53 ⚠️  Restarting Master Control Loop...
2025-10-06 22:19:53 ✅ Restart command issued
2025-10-06 22:20:10 ✅ Heartbeat OK — PID 47, 1s old
2025-10-06 22:20:19 ✅ Heartbeat OK — PID 47, 2s old
2025-10-06 22:20:19 ✅ Heartbeat OK — PID 47, 2s old
2025-10-06 22:20:53 ❌ Restart required: dead process (PID 47 not found)
2025-10-06 22:20:53 ⚠️  Restarting Master Control Loop...
2025-10-06 22:20:53 ✅ Restart command issued
2025-10-06 22:21:10 ✅ Heartbeat OK — PID 47, 1s old
2025-10-06 22:21:19 ✅ Heartbeat OK — PID 47, 2s old
2025-10-06 22:21:19 ✅ Heartbeat OK — PID 47, 2s old
2025-10-06 22:21:53 ❌ Restart required: dead process (PID 47 not found)
2025-10-06 22:21:53 ⚠️  Restarting Master Control Loop...
2025-10-06 22:21:53 ✅ Restart command issued
2025-10-06 22:22:11 ✅ Heartbeat OK — PID 47, 1s old
2025-10-06 22:22:19 ✅ Heartbeat OK — PID 47, 2s old
2025-10-06 22:22:19 ✅ Heartbeat OK — PID 47, 2s old
2025-10-06 22:22:53 ❌ Restart required: dead process (PID 47 not found)
2025-10-06 22:22:54 ⚠️  Restarting Master Control Loop...
2025-10-06 22:22:54 ✅ Restart command issued
2025-10-06 22:23:11 ✅ Heartbeat OK — PID 47, 1s old
2025-10-06 22:23:19 ✅ Heartbeat OK — PID 47, 2s old
2025-10-06 22:23:19 ✅ Heartbeat OK — PID 47, 2s old
2025-10-06 22:23:54 ❌ Restart required: dead process (PID 47 not found)
2025-10-06 22:23:54 ⚠️  Restarting Master Control Loop...
2025-10-06 22:23:54 ✅ Restart command issued
2025-10-06 22:24:11 ✅ Heartbeat OK — PID 47, 1s old
2025-10-06 22:24:19 ✅ Heartbeat OK — PID 47, 2s old
2025-10-06 22:24:19 ✅ Heartbeat OK — PID 47, 2s old
2025-10-06 22:24:54 ❌ Restart required: dead process (PID 47 not found)
2025-10-06 22:24:54 ⚠️  Restarting Master Control Loop...
2025-10-06 22:24:54 ✅ Restart command issued
2025-10-06 22:25:11 ✅ Heartbeat OK — PID 47, 1s old
2025-10-06 22:25:19 ✅ Heartbeat OK — PID 47, 2s old
2025-10-06 22:25:19 ✅ Heartbeat OK — PID 47, 2s old
2025-10-06 22:25:54 ❌ Restart required: dead process (PID 47 not found)
2025-10-06 22:25:54 ⚠️  Restarting Master Control Loop...
2025-10-06 22:25:54 ✅ Restart command issued
2025-10-06 22:26:11 ✅ Heartbeat OK — PID 47, 1s old
2025-10-06 22:26:19 ✅ Heartbeat OK — PID 47, 2s old
2025-10-06 22:26:19 ✅ Heartbeat OK — PID 47, 2s old
2025-10-06 22:26:54 ❌ Restart required: dead process (PID 47 not found)
2025-10-06 22:26:54 ⚠️  Restarting Master Control Loop...
2025-10-06 22:26:54 ✅ Restart command issued
2025-10-06 22:27:11 ✅ Heartbeat OK — PID 47, 1s old
2025-10-06 22:27:19 ✅ Heartbeat OK — PID 47, 2s old
2025-10-06 22:27:19 ✅ Heartbeat OK — PID 47, 2s old
2025-10-06 22:27:54 ❌ Restart required: dead process (PID 47 not found)
2025-10-06 22:27:54 ⚠️  Restarting Master Control Loop...
2025-10-06 22:27:54 ✅ Restart command issued
2025-10-06 22:28:11 ✅ Heartbeat OK — PID 47, 1s old
2025-10-06 22:28:19 ✅ Heartbeat OK — PID 47, 2s old
2025-10-06 22:28:19 ✅ Heartbeat OK — PID 47, 2s old
2025-10-06 22:28:54 ❌ Restart required: dead process (PID 47 not found)
2025-10-06 22:28:54 ⚠️  Restarting Master Control Loop...
2025-10-06 22:28:54 ✅ Restart command issued
2025-10-06 22:29:11 ✅ Heartbeat OK — PID 47, 1s old
2025-10-06 22:29:19 ✅ Heartbeat OK — PID 47, 2s old
2025-10-06 22:29:19 ✅ Heartbeat OK — PID 47, 2s old
2025-10-06 22:29:54 ❌ Restart required: dead process (PID 47 not found)
2025-10-06 22:29:54 ⚠️  Restarting Master Control Loop...
2025-10-06 22:29:54 ✅ Restart command issued
2025-10-06 22:30:11 ✅ Heartbeat OK — PID 47, 1s old
2025-10-06 22:30:19 ✅ Heartbeat OK — PID 47, 2s old
2025-10-06 22:30:20 ✅ Heartbeat OK — PID 47, 3s old
2025-10-06 22:30:54 ❌ Restart required: dead process (PID 47 not found)
2025-10-06 22:30:54 ⚠️  Restarting Master Control Loop...
2025-10-06 22:30:54 ✅ Restart command issued
2025-10-06 22:31:11 ✅ Heartbeat OK — PID 46, 1s old
2025-10-06 22:31:19 ✅ Heartbeat OK — PID 47, 2s old
2025-10-06 22:31:20 ✅ Heartbeat OK — PID 47, 3s old
2025-10-06 22:31:54 ❌ Restart required: dead process (PID 47 not found)
2025-10-06 22:31:54 ⚠️  Restarting Master Control Loop...
2025-10-06 22:31:54 ✅ Restart command issued
2025-10-06 22:32:11 ✅ Heartbeat OK — PID 46, 1s old
2025-10-06 22:32:19 ✅ Heartbeat OK — PID 47, 2s old
2025-10-06 22:32:20 ✅ Heartbeat OK — PID 47, 3s old
2025-10-06 22:32:54 ❌ Restart required: dead process (PID 47 not found)
2025-10-06 22:32:54 ⚠️  Restarting Master Control Loop...
2025-10-06 22:32:54 ✅ Restart command issued
2025-10-06 22:33:11 ✅ Heartbeat OK — PID 46, 1s old
2025-10-06 22:33:19 ✅ Heartbeat OK — PID 47, 2s old
2025-10-06 22:33:20 ✅ Heartbeat OK — PID 47, 3s old
2025-10-06 22:33:54 ❌ Restart required: dead process (PID 47 not found)
2025-10-06 22:33:54 ⚠️  Restarting Master Control Loop...
2025-10-06 22:33:54 ✅ Restart command issued
2025-10-06 22:34:11 ✅ Heartbeat OK — PID 46, 1s old
2025-10-06 22:34:19 ✅ Heartbeat OK — PID 47, 2s old
2025-10-06 22:34:20 ✅ Heartbeat OK — PID 47, 3s old
2025-10-06 22:34:54 ❌ Restart required: dead process (PID 47 not found)
2025-10-06 22:34:54 ⚠️  Restarting Master Control Loop...
2025-10-06 22:34:54 ✅ Restart command issued
2025-10-06 22:35:11 ✅ Heartbeat OK — PID 46, 1s old
2025-10-06 22:35:19 ✅ Heartbeat OK — PID 47, 2s old
2025-10-06 22:35:20 ✅ Heartbeat OK — PID 47, 3s old
2025-10-06 22:35:54 ❌ Restart required: dead process (PID 47 not found)
2025-10-06 22:35:54 ⚠️  Restarting Master Control Loop...
2025-10-06 22:35:54 ✅ Restart command issued
2025-10-06 22:36:11 ✅ Heartbeat OK — PID 46, 1s old
2025-10-06 22:36:19 ✅ Heartbeat OK — PID 47, 2s old
2025-10-06 22:36:20 ✅ Heartbeat OK — PID 47, 3s old
2025-10-06 22:36:54 ❌ Restart required: dead process (PID 47 not found)
2025-10-06 22:36:54 ⚠️  Restarting Master Control Loop...
2025-10-06 22:36:54 ✅ Restart command issued
2025-10-06 22:37:11 ✅ Heartbeat OK — PID 46, 1s old
2025-10-06 22:37:20 ✅ Heartbeat OK — PID 47, 3s old
2025-10-06 22:37:20 ✅ Heartbeat OK — PID 47, 3s old
2025-10-06 22:37:54 ❌ Restart required: dead process (PID 47 not found)
2025-10-06 22:37:54 ⚠️  Restarting Master Control Loop...
2025-10-06 22:37:54 ✅ Restart command issued
2025-10-06 22:38:12 ✅ Heartbeat OK — PID 46, 2s old
2025-10-06 22:38:20 ✅ Heartbeat OK — PID 47, 3s old
2025-10-06 22:38:20 ✅ Heartbeat OK — PID 47, 3s old
2025-10-06 22:38:54 ❌ Restart required: dead process (PID 47 not found)
2025-10-06 22:38:54 ⚠️  Restarting Master Control Loop...
2025-10-06 22:38:54 ✅ Restart command issued
2025-10-06 22:39:12 ✅ Heartbeat OK — PID 46, 2s old
2025-10-06 22:39:20 ✅ Heartbeat OK — PID 47, 3s old
2025-10-06 22:39:20 ✅ Heartbeat OK — PID 47, 3s old
2025-10-06 22:39:54 ❌ Restart required: dead process (PID 47 not found)
2025-10-06 22:39:54 ⚠️  Restarting Master Control Loop...
2025-10-06 22:39:54 ✅ Restart command issued
2025-10-06 22:40:12 ✅ Heartbeat OK — PID 46, 2s old
2025-10-06 22:40:20 ✅ Heartbeat OK — PID 47, 3s old
2025-10-06 22:40:20 ✅ Heartbeat OK — PID 47, 3s old
2025-10-06 22:40:54 ❌ Restart required: dead process (PID 47 not found)
2025-10-06 22:40:54 ⚠️  Restarting Master Control Loop...
2025-10-06 22:40:54 ✅ Restart command issued
2025-10-06 22:41:12 ✅ Heartbeat OK — PID 46, 2s old
2025-10-06 22:41:20 ✅ Heartbeat OK — PID 47, 3s old
2025-10-06 22:41:20 ✅ Heartbeat OK — PID 47, 3s old
2025-10-06 22:41:54 ❌ Restart required: dead process (PID 47 not found)
2025-10-06 22:41:54 ⚠️  Restarting Master Control Loop...
2025-10-06 22:41:54 ✅ Restart command issued
2025-10-06 22:42:12 ✅ Heartbeat OK — PID 46, 2s old
2025-10-06 22:42:20 ✅ Heartbeat OK — PID 47, 3s old
2025-10-06 22:42:20 ✅ Heartbeat OK — PID 47, 3s old
2025-10-06 22:42:54 ❌ Restart required: dead process (PID 47 not found)
2025-10-06 22:42:54 ⚠️  Restarting Master Control Loop...
2025-10-06 22:42:54 ✅ Restart command issued
2025-10-06 22:43:12 ✅ Heartbeat OK — PID 46, 2s old
2025-10-06 22:43:20 ✅ Heartbeat OK — PID 47, 3s old
2025-10-06 22:43:20 ✅ Heartbeat OK — PID 47, 3s old
2025-10-06 22:43:54 ❌ Restart required: dead process (PID 47 not found)
2025-10-06 22:43:54 ⚠️  Restarting Master Control Loop...
2025-10-06 22:43:54 ✅ Restart command issued
2025-10-06 22:44:12 ✅ Heartbeat OK — PID 47, 2s old
2025-10-06 22:44:20 ✅ Heartbeat OK — PID 47, 2s old
2025-10-06 22:44:20 ✅ Heartbeat OK — PID 47, 2s old
2025-10-06 22:44:54 ❌ Restart required: dead process (PID 47 not found)
2025-10-06 22:44:54 ⚠️  Restarting Master Control Loop...
2025-10-06 22:44:54 ✅ Restart command issued
2025-10-06 22:45:12 ✅ Heartbeat OK — PID 46, 2s old
2025-10-06 22:45:20 ✅ Heartbeat OK — PID 47, 2s old
2025-10-06 22:45:21 ✅ Heartbeat OK — PID 47, 3s old
2025-10-06 22:45:54 ❌ Restart required: dead process (PID 47 not found)
2025-10-06 22:45:54 ⚠️  Restarting Master Control Loop...
2025-10-06 22:45:54 ✅ Restart command issued
2025-10-06 22:46:12 ✅ Heartbeat OK — PID 46, 2s old
2025-10-06 22:46:20 ✅ Heartbeat OK — PID 47, 2s old
2025-10-06 22:46:21 ✅ Heartbeat OK — PID 47, 3s old
2025-10-06 22:46:54 ❌ Restart required: dead process (PID 47 not found)
2025-10-06 22:46:54 ⚠️  Restarting Master Control Loop...
2025-10-06 22:46:54 ✅ Restart command issued
2025-10-06 22:47:11 ==============================================
2025-10-06 22:47:11 🧭 MCL Guard started (watchdog active)
2025-10-06 22:47:11 ==============================================
2025-10-06 22:47:11 ❌ Restart required: dead process (PID 46 not found)
2025-10-06 22:47:11 ⚠️  Restarting Master Control Loop...
2025-10-06 22:47:11 ✅ Restart command issued
2025-10-06 22:47:12 ✅ Heartbeat OK — PID 46, 1s old
2025-10-06 22:47:20 ✅ Heartbeat OK — PID 47, 2s old
2025-10-06 22:47:21 ✅ Heartbeat OK — PID 47, 3s old
2025-10-06 22:47:54 ❌ Restart required: dead process (PID 47 not found)
2025-10-06 22:47:54 ⚠️  Restarting Master Control Loop...
2025-10-06 22:47:54 ✅ Restart command issued
2025-10-06 22:48:11 ✅ Heartbeat OK — PID 46, 1s old
2025-10-06 22:48:12 ✅ Heartbeat OK — PID 46, 1s old
2025-10-06 22:48:20 ✅ Heartbeat OK — PID 47, 2s old
2025-10-06 22:48:21 ✅ Heartbeat OK — PID 47, 3s old
2025-10-06 22:48:54 ❌ Restart required: dead process (PID 47 not found)
2025-10-06 22:48:54 ⚠️  Restarting Master Control Loop...
2025-10-06 22:48:54 ✅ Restart command issued
2025-10-06 22:49:11 ✅ Heartbeat OK — PID 46, 0s old
2025-10-06 22:49:12 ✅ Heartbeat OK — PID 46, 1s old
2025-10-06 22:49:20 ✅ Heartbeat OK — PID 47, 2s old
2025-10-06 22:49:21 ✅ Heartbeat OK — PID 47, 3s old
2025-10-06 22:49:54 ❌ Restart required: dead process (PID 47 not found)
2025-10-06 22:49:54 ⚠️  Restarting Master Control Loop...
2025-10-06 22:49:54 ✅ Restart command issued
2025-10-06 22:50:11 ✅ Heartbeat OK — PID 46, 0s old
2025-10-06 22:50:12 ✅ Heartbeat OK — PID 46, 1s old
2025-10-06 22:50:20 ✅ Heartbeat OK — PID 47, 2s old
2025-10-06 22:50:21 ✅ Heartbeat OK — PID 47, 3s old
2025-10-06 22:50:54 ❌ Restart required: dead process (PID 47 not found)
2025-10-06 22:50:54 ⚠️  Restarting Master Control Loop...
2025-10-06 22:50:54 ✅ Restart command issued
2025-10-06 22:51:11 ✅ Heartbeat OK — PID 46, 0s old
2025-10-06 22:51:12 ✅ Heartbeat OK — PID 46, 1s old
2025-10-06 22:51:20 ✅ Heartbeat OK — PID 47, 2s old
2025-10-06 22:51:21 ✅ Heartbeat OK — PID 47, 3s old
2025-10-06 22:51:54 ❌ Restart required: dead process (PID 47 not found)
2025-10-06 22:51:54 ⚠️  Restarting Master Control Loop...
2025-10-06 22:51:54 ✅ Restart command issued
2025-10-06 22:52:11 ✅ Heartbeat OK — PID 46, 0s old
2025-10-06 22:52:12 ✅ Heartbeat OK — PID 46, 1s old
2025-10-06 22:52:20 ✅ Heartbeat OK — PID 47, 2s old
2025-10-06 22:52:21 ✅ Heartbeat OK — PID 47, 3s old
2025-10-06 22:52:54 ❌ Restart required: dead process (PID 47 not found)
2025-10-06 22:52:54 ⚠️  Restarting Master Control Loop...
2025-10-06 22:52:54 ✅ Restart command issued
2025-10-06 22:53:12 ✅ Heartbeat OK — PID 46, 1s old
2025-10-06 22:53:13 ✅ Heartbeat OK — PID 46, 2s old
2025-10-06 22:53:21 ✅ Heartbeat OK — PID 47, 3s old
2025-10-06 22:53:21 ✅ Heartbeat OK — PID 47, 3s old
2025-10-06 22:53:54 ❌ Restart required: dead process (PID 47 not found)
2025-10-06 22:53:54 ⚠️  Restarting Master Control Loop...
2025-10-06 22:53:54 ✅ Restart command issued
2025-10-06 22:54:12 ✅ Heartbeat OK — PID 46, 1s old
2025-10-06 22:54:13 ✅ Heartbeat OK — PID 46, 2s old
2025-10-06 22:54:21 ✅ Heartbeat OK — PID 47, 3s old
2025-10-06 22:54:21 ✅ Heartbeat OK — PID 47, 3s old
2025-10-06 22:54:54 ❌ Restart required: dead process (PID 47 not found)
2025-10-06 22:54:54 ⚠️  Restarting Master Control Loop...
2025-10-06 22:54:54 ✅ Restart command issued
2025-10-06 22:55:12 ✅ Heartbeat OK — PID 46, 1s old
2025-10-06 22:55:13 ✅ Heartbeat OK — PID 46, 2s old
2025-10-06 22:55:21 ✅ Heartbeat OK — PID 47, 3s old
2025-10-06 22:55:21 ✅ Heartbeat OK — PID 47, 3s old
2025-10-06 22:55:54 ❌ Restart required: dead process (PID 47 not found)
2025-10-06 22:55:54 ⚠️  Restarting Master Control Loop...
2025-10-06 22:55:54 ✅ Restart command issued
2025-10-06 22:56:12 ✅ Heartbeat OK — PID 46, 1s old
2025-10-06 22:56:13 ✅ Heartbeat OK — PID 46, 2s old
2025-10-06 22:56:21 ✅ Heartbeat OK — PID 47, 3s old
2025-10-06 22:56:21 ✅ Heartbeat OK — PID 47, 3s old
2025-10-06 22:56:54 ❌ Restart required: dead process (PID 47 not found)
2025-10-06 22:56:54 ⚠️  Restarting Master Control Loop...
2025-10-06 22:56:54 ✅ Restart command issued
2025-10-06 22:57:12 ✅ Heartbeat OK — PID 46, 1s old
2025-10-06 22:57:13 ✅ Heartbeat OK — PID 46, 2s old
2025-10-06 22:57:21 ✅ Heartbeat OK — PID 47, 3s old
2025-10-06 22:57:21 ✅ Heartbeat OK — PID 47, 3s old
2025-10-06 22:57:54 ❌ Restart required: dead process (PID 47 not found)
2025-10-06 22:57:54 ⚠️  Restarting Master Control Loop...
2025-10-06 22:57:54 ✅ Restart command issued
2025-10-06 22:58:12 ✅ Heartbeat OK — PID 46, 1s old
2025-10-06 22:58:13 ✅ Heartbeat OK — PID 46, 2s old
2025-10-06 22:58:21 ✅ Heartbeat OK — PID 47, 3s old
2025-10-06 22:58:21 ✅ Heartbeat OK — PID 47, 3s old
2025-10-06 22:58:54 ❌ Restart required: dead process (PID 47 not found)
2025-10-06 22:58:54 ⚠️  Restarting Master Control Loop...
2025-10-06 22:58:54 ✅ Restart command issued
2025-10-06 22:59:12 ✅ Heartbeat OK — PID 46, 0s old
2025-10-06 22:59:13 ✅ Heartbeat OK — PID 46, 1s old
2025-10-06 22:59:21 ✅ Heartbeat OK — PID 47, 3s old
2025-10-06 22:59:21 ✅ Heartbeat OK — PID 47, 3s old
2025-10-06 22:59:55 ❌ Restart required: dead process (PID 47 not found)
2025-10-06 22:59:55 ⚠️  Restarting Master Control Loop...
2025-10-06 22:59:55 ✅ Restart command issued
2025-10-06 23:00:12 ✅ Heartbeat OK — PID 46, 0s old
2025-10-06 23:00:13 ✅ Heartbeat OK — PID 46, 1s old
2025-10-06 23:00:21 ✅ Heartbeat OK — PID 47, 3s old
2025-10-06 23:00:22 ✅ Heartbeat OK — PID 47, 4s old
2025-10-06 23:00:55 ❌ Restart required: dead process (PID 47 not found)
2025-10-06 23:00:55 ⚠️  Restarting Master Control Loop...
2025-10-06 23:00:55 ✅ Restart command issued
2025-10-06 23:01:12 ✅ Heartbeat OK — PID 46, 0s old
2025-10-06 23:01:13 ✅ Heartbeat OK — PID 46, 1s old
2025-10-06 23:01:21 ✅ Heartbeat OK — PID 47, 3s old
2025-10-06 23:01:22 ✅ Heartbeat OK — PID 47, 4s old
2025-10-06 23:01:55 ❌ Restart required: dead process (PID 47 not found)
2025-10-06 23:01:55 ⚠️  Restarting Master Control Loop...
2025-10-06 23:01:55 ✅ Restart command issued
2025-10-06 23:02:12 ✅ Heartbeat OK — PID 46, 0s old
2025-10-06 23:02:13 ✅ Heartbeat OK — PID 46, 1s old
2025-10-06 23:02:21 ✅ Heartbeat OK — PID 47, 3s old
2025-10-06 23:02:22 ✅ Heartbeat OK — PID 47, 4s old
2025-10-06 23:02:55 ❌ Restart required: dead process (PID 47 not found)
2025-10-06 23:02:55 ⚠️  Restarting Master Control Loop...
2025-10-06 23:02:55 ✅ Restart command issued
2025-10-06 23:03:12 ✅ Heartbeat OK — PID 46, 0s old
2025-10-06 23:03:13 ✅ Heartbeat OK — PID 46, 1s old
2025-10-06 23:03:21 ✅ Heartbeat OK — PID 47, 3s old
2025-10-06 23:03:22 ✅ Heartbeat OK — PID 47, 4s old
2025-10-06 23:03:55 ❌ Restart required: dead process (PID 47 not found)
2025-10-06 23:03:55 ⚠️  Restarting Master Control Loop...
2025-10-06 23:03:55 ✅ Restart command issued
2025-10-06 23:04:12 ✅ Heartbeat OK — PID 46, 0s old
2025-10-06 23:04:13 ✅ Heartbeat OK — PID 46, 1s old
2025-10-06 23:04:21 ✅ Heartbeat OK — PID 47, 3s old
2025-10-06 23:04:22 ✅ Heartbeat OK — PID 47, 4s old
2025-10-06 23:04:55 ❌ Restart required: dead process (PID 47 not found)
2025-10-06 23:04:55 ⚠️  Restarting Master Control Loop...
2025-10-06 23:04:55 ✅ Restart command issued
2025-10-06 23:05:12 ✅ Heartbeat OK — PID 46, 0s old
2025-10-06 23:05:13 ✅ Heartbeat OK — PID 46, 1s old
2025-10-06 23:05:21 ✅ Heartbeat OK — PID 47, 3s old
2025-10-06 23:05:22 ✅ Heartbeat OK — PID 47, 4s old
2025-10-06 23:05:55 ❌ Restart required: dead process (PID 47 not found)
2025-10-06 23:05:55 ⚠️  Restarting Master Control Loop...
2025-10-06 23:05:55 ✅ Restart command issued
2025-10-06 23:06:12 ✅ Heartbeat OK — PID 46, 0s old
2025-10-06 23:06:13 ✅ Heartbeat OK — PID 46, 1s old
2025-10-06 23:06:21 ✅ Heartbeat OK — PID 47, 3s old
2025-10-06 23:06:22 ✅ Heartbeat OK — PID 47, 4s old
2025-10-06 23:06:55 ❌ Restart required: dead process (PID 47 not found)
2025-10-06 23:06:55 ⚠️  Restarting Master Control Loop...
2025-10-06 23:06:55 ✅ Restart command issued
2025-10-06 23:07:13 ✅ Heartbeat OK — PID 46, 1s old
2025-10-06 23:07:14 ✅ Heartbeat OK — PID 46, 2s old
2025-10-06 23:07:21 ✅ Heartbeat OK — PID 47, 3s old
2025-10-06 23:07:22 ✅ Heartbeat OK — PID 47, 4s old
2025-10-06 23:07:55 ❌ Restart required: dead process (PID 47 not found)
2025-10-06 23:07:55 ⚠️  Restarting Master Control Loop...
2025-10-06 23:07:55 ✅ Restart command issued
2025-10-06 23:08:13 ✅ Heartbeat OK — PID 46, 1s old
2025-10-06 23:08:14 ✅ Heartbeat OK — PID 46, 2s old
2025-10-06 23:08:22 ✅ Heartbeat OK — PID 47, 4s old
2025-10-06 23:08:22 ✅ Heartbeat OK — PID 47, 4s old
2025-10-06 23:08:55 ❌ Restart required: dead process (PID 47 not found)
2025-10-06 23:08:55 ⚠️  Restarting Master Control Loop...
2025-10-06 23:08:55 ✅ Restart command issued
2025-10-06 23:09:13 ✅ Heartbeat OK — PID 46, 1s old
2025-10-06 23:09:14 ✅ Heartbeat OK — PID 46, 2s old
2025-10-06 23:09:22 ✅ Heartbeat OK — PID 47, 4s old
2025-10-06 23:09:22 ✅ Heartbeat OK — PID 47, 4s old
2025-10-06 23:09:55 ❌ Restart required: dead process (PID 47 not found)
2025-10-06 23:09:55 ⚠️  Restarting Master Control Loop...
2025-10-06 23:09:55 ✅ Restart command issued
2025-10-06 23:10:13 ✅ Heartbeat OK — PID 46, 1s old
2025-10-06 23:10:14 ✅ Heartbeat OK — PID 46, 2s old
2025-10-06 23:10:22 ✅ Heartbeat OK — PID 47, 4s old
2025-10-06 23:10:22 ✅ Heartbeat OK — PID 47, 4s old
2025-10-06 23:10:55 ❌ Restart required: dead process (PID 47 not found)
2025-10-06 23:10:55 ⚠️  Restarting Master Control Loop...
2025-10-06 23:10:55 ✅ Restart command issued
2025-10-06 23:11:13 ✅ Heartbeat OK — PID 46, 1s old
2025-10-06 23:11:14 ✅ Heartbeat OK — PID 46, 2s old
2025-10-06 23:11:22 ✅ Heartbeat OK — PID 47, 4s old
2025-10-06 23:11:22 ✅ Heartbeat OK — PID 47, 4s old
2025-10-06 23:11:55 ❌ Restart required: dead process (PID 47 not found)
2025-10-06 23:11:55 ⚠️  Restarting Master Control Loop...
2025-10-06 23:11:55 ✅ Restart command issued
2025-10-06 23:12:13 ✅ Heartbeat OK — PID 46, 1s old
2025-10-06 23:12:14 ✅ Heartbeat OK — PID 46, 2s old
2025-10-06 23:12:22 ✅ Heartbeat OK — PID 47, 4s old
2025-10-06 23:12:22 ✅ Heartbeat OK — PID 47, 4s old
2025-10-06 23:12:55 ❌ Restart required: dead process (PID 47 not found)
2025-10-06 23:12:55 ⚠️  Restarting Master Control Loop...
2025-10-06 23:12:55 ✅ Restart command issued
2025-10-06 23:13:13 ✅ Heartbeat OK — PID 46, 1s old
2025-10-06 23:13:14 ✅ Heartbeat OK — PID 46, 2s old
2025-10-06 23:13:22 ✅ Heartbeat OK — PID 47, 4s old
2025-10-06 23:13:22 ✅ Heartbeat OK — PID 47, 4s old
2025-10-06 23:13:55 ❌ Restart required: dead process (PID 47 not found)
2025-10-06 23:13:55 ⚠️  Restarting Master Control Loop...
2025-10-06 23:13:55 ✅ Restart command issued
2025-10-06 23:14:13 ✅ Heartbeat OK — PID 46, 1s old
2025-10-06 23:14:14 ✅ Heartbeat OK — PID 46, 2s old
2025-10-06 23:14:22 ✅ Heartbeat OK — PID 47, 4s old
2025-10-06 23:14:23 ✅ Heartbeat OK — PID 47, 5s old
2025-10-06 23:14:55 ❌ Restart required: dead process (PID 47 not found)
2025-10-06 23:14:55 ⚠️  Restarting Master Control Loop...
2025-10-06 23:14:55 ✅ Restart command issued
2025-10-06 23:15:13 ✅ Heartbeat OK — PID 46, 1s old
2025-10-06 23:15:14 ✅ Heartbeat OK — PID 46, 2s old
2025-10-06 23:15:22 ✅ Heartbeat OK — PID 47, 4s old
2025-10-06 23:15:23 ✅ Heartbeat OK — PID 47, 5s old
2025-10-06 23:15:55 ❌ Restart required: dead process (PID 47 not found)
2025-10-06 23:15:55 ⚠️  Restarting Master Control Loop...
2025-10-06 23:15:55 ✅ Restart command issued
2025-10-06 23:16:13 ✅ Heartbeat OK — PID 46, 1s old
2025-10-06 23:16:14 ✅ Heartbeat OK — PID 46, 2s old
2025-10-06 23:16:22 ✅ Heartbeat OK — PID 47, 4s old
2025-10-06 23:16:23 ✅ Heartbeat OK — PID 47, 5s old
2025-10-06 23:16:55 ❌ Restart required: dead process (PID 47 not found)
2025-10-06 23:16:55 ⚠️  Restarting Master Control Loop...
2025-10-06 23:16:55 ✅ Restart command issued
2025-10-06 23:17:13 ✅ Heartbeat OK — PID 46, 1s old
2025-10-06 23:17:14 ✅ Heartbeat OK — PID 46, 2s old
2025-10-06 23:17:22 ✅ Heartbeat OK — PID 47, 3s old
2025-10-06 23:17:23 ✅ Heartbeat OK — PID 47, 4s old
2025-10-06 23:17:55 ❌ Restart required: dead process (PID 47 not found)
2025-10-06 23:17:55 ⚠️  Restarting Master Control Loop...
2025-10-06 23:17:55 ✅ Restart command issued
2025-10-06 23:18:13 ✅ Heartbeat OK — PID 46, 1s old
2025-10-06 23:18:14 ✅ Heartbeat OK — PID 46, 2s old
2025-10-06 23:18:22 ✅ Heartbeat OK — PID 47, 3s old
2025-10-06 23:18:23 ✅ Heartbeat OK — PID 47, 4s old
2025-10-06 23:18:55 ❌ Restart required: dead process (PID 47 not found)
2025-10-06 23:18:55 ⚠️  Restarting Master Control Loop...
2025-10-06 23:18:55 ✅ Restart command issued
2025-10-06 23:19:13 ✅ Heartbeat OK — PID 46, 1s old
2025-10-06 23:19:14 ✅ Heartbeat OK — PID 46, 2s old
2025-10-06 23:19:22 ✅ Heartbeat OK — PID 47, 3s old
2025-10-06 23:19:23 ✅ Heartbeat OK — PID 47, 4s old
2025-10-06 23:19:55 ❌ Restart required: dead process (PID 47 not found)
2025-10-06 23:19:55 ⚠️  Restarting Master Control Loop...
2025-10-06 23:19:55 ✅ Restart command issued
2025-10-06 23:20:13 ✅ Heartbeat OK — PID 46, 1s old
2025-10-06 23:20:14 ✅ Heartbeat OK — PID 46, 2s old
2025-10-06 23:20:22 ✅ Heartbeat OK — PID 47, 3s old
2025-10-06 23:20:23 ✅ Heartbeat OK — PID 47, 4s old
2025-10-06 23:20:55 ❌ Restart required: dead process (PID 47 not found)
2025-10-06 23:20:55 ⚠️  Restarting Master Control Loop...
2025-10-06 23:20:55 ✅ Restart command issued
2025-10-06 23:21:13 ✅ Heartbeat OK — PID 46, 1s old
2025-10-06 23:21:14 ✅ Heartbeat OK — PID 46, 2s old
2025-10-06 23:21:22 ✅ Heartbeat OK — PID 47, 3s old
2025-10-06 23:21:23 ✅ Heartbeat OK — PID 47, 4s old
2025-10-06 23:21:55 ❌ Restart required: dead process (PID 47 not found)
2025-10-06 23:21:55 ⚠️  Restarting Master Control Loop...
2025-10-06 23:21:55 ✅ Restart command issued
2025-10-06 23:22:13 ✅ Heartbeat OK — PID 46, 1s old
2025-10-06 23:22:15 ✅ Heartbeat OK — PID 46, 3s old
2025-10-06 23:22:22 ✅ Heartbeat OK — PID 47, 3s old
2025-10-06 23:22:23 ✅ Heartbeat OK — PID 47, 4s old
2025-10-06 23:22:55 ❌ Restart required: dead process (PID 47 not found)
2025-10-06 23:22:55 ⚠️  Restarting Master Control Loop...
2025-10-06 23:22:55 ✅ Restart command issued
2025-10-06 23:23:14 ✅ Heartbeat OK — PID 46, 2s old
2025-10-06 23:23:15 ✅ Heartbeat OK — PID 46, 3s old
2025-10-06 23:23:22 ✅ Heartbeat OK — PID 47, 3s old
2025-10-06 23:23:23 ✅ Heartbeat OK — PID 47, 4s old
2025-10-06 23:23:55 ❌ Restart required: dead process (PID 47 not found)
2025-10-06 23:23:55 ⚠️  Restarting Master Control Loop...
2025-10-06 23:23:55 ✅ Restart command issued
2025-10-06 23:24:14 ✅ Heartbeat OK — PID 46, 2s old
2025-10-06 23:24:15 ✅ Heartbeat OK — PID 46, 3s old
2025-10-06 23:24:23 ✅ Heartbeat OK — PID 47, 4s old
2025-10-06 23:24:23 ✅ Heartbeat OK — PID 47, 4s old
2025-10-06 23:24:55 ❌ Restart required: dead process (PID 47 not found)
2025-10-06 23:24:55 ⚠️  Restarting Master Control Loop...
2025-10-06 23:24:55 ✅ Restart command issued
2025-10-06 23:25:14 ✅ Heartbeat OK — PID 46, 2s old
2025-10-06 23:25:15 ✅ Heartbeat OK — PID 46, 3s old
2025-10-06 23:25:23 ✅ Heartbeat OK — PID 47, 4s old
2025-10-06 23:25:23 ✅ Heartbeat OK — PID 47, 4s old
2025-10-06 23:25:55 ❌ Restart required: dead process (PID 47 not found)
2025-10-06 23:25:55 ⚠️  Restarting Master Control Loop...
2025-10-06 23:25:55 ✅ Restart command issued
2025-10-06 23:26:14 ✅ Heartbeat OK — PID 46, 2s old
2025-10-06 23:26:15 ✅ Heartbeat OK — PID 46, 3s old
2025-10-06 23:26:23 ✅ Heartbeat OK — PID 47, 4s old
2025-10-06 23:26:23 ✅ Heartbeat OK — PID 47, 4s old
2025-10-06 23:26:55 ❌ Restart required: dead process (PID 47 not found)
2025-10-06 23:26:55 ⚠️  Restarting Master Control Loop...
2025-10-06 23:26:55 ✅ Restart command issued
2025-10-06 23:27:14 ✅ Heartbeat OK — PID 46, 2s old
2025-10-06 23:27:15 ✅ Heartbeat OK — PID 46, 3s old
2025-10-06 23:27:23 ✅ Heartbeat OK — PID 47, 4s old
2025-10-06 23:27:23 ✅ Heartbeat OK — PID 47, 4s old
2025-10-06 23:27:55 ❌ Restart required: dead process (PID 47 not found)
2025-10-06 23:27:55 ⚠️  Restarting Master Control Loop...
2025-10-06 23:27:55 ✅ Restart command issued
2025-10-06 23:28:14 ✅ Heartbeat OK — PID 46, 2s old
2025-10-06 23:28:15 ✅ Heartbeat OK — PID 46, 3s old
2025-10-06 23:28:23 ✅ Heartbeat OK — PID 47, 4s old
2025-10-06 23:28:23 ✅ Heartbeat OK — PID 47, 4s old
2025-10-06 23:28:55 ✅ Heartbeat OK — PID 1, 5s old
2025-10-06 23:29:14 ✅ Heartbeat OK — PID 46, 2s old
2025-10-06 23:29:15 ✅ Heartbeat OK — PID 46, 3s old
2025-10-06 23:29:23 ✅ Heartbeat OK — PID 1, 3s old
2025-10-06 23:29:23 ✅ Heartbeat OK — PID 1, 3s old
2025-10-06 23:29:55 ✅ Heartbeat OK — PID 1, 5s old
2025-10-06 23:30:14 ✅ Heartbeat OK — PID 46, 2s old
2025-10-06 23:30:15 ✅ Heartbeat OK — PID 46, 3s old
2025-10-06 23:30:23 ✅ Heartbeat OK — PID 1, 3s old
2025-10-06 23:30:24 ✅ Heartbeat OK — PID 1, 4s old
2025-10-06 23:30:55 ✅ Heartbeat OK — PID 1, 5s old
2025-10-06 23:31:14 ✅ Heartbeat OK — PID 46, 1s old
2025-10-06 23:31:15 ✅ Heartbeat OK — PID 46, 2s old
2025-10-06 23:31:23 ✅ Heartbeat OK — PID 1, 3s old
2025-10-06 23:31:24 ✅ Heartbeat OK — PID 1, 4s old
2025-10-06 23:31:55 ✅ Heartbeat OK — PID 1, 5s old
2025-10-06 23:32:14 ✅ Heartbeat OK — PID 46, 1s old
2025-10-06 23:32:15 ✅ Heartbeat OK — PID 46, 2s old
2025-10-06 23:32:23 ✅ Heartbeat OK — PID 1, 3s old
2025-10-06 23:32:24 ✅ Heartbeat OK — PID 1, 4s old
2025-10-06 23:32:55 ✅ Heartbeat OK — PID 1, 5s old
2025-10-06 23:33:14 ✅ Heartbeat OK — PID 46, 1s old
2025-10-06 23:33:15 ✅ Heartbeat OK — PID 46, 2s old
2025-10-06 23:33:23 ✅ Heartbeat OK — PID 1, 3s old
2025-10-06 23:33:24 ✅ Heartbeat OK — PID 1, 4s old
2025-10-06 23:33:55 ✅ Heartbeat OK — PID 1, 5s old
2025-10-06 23:34:14 ✅ Heartbeat OK — PID 46, 1s old
2025-10-06 23:34:15 ✅ Heartbeat OK — PID 46, 2s old
2025-10-06 23:34:23 ✅ Heartbeat OK — PID 1, 3s old
2025-10-06 23:34:24 ✅ Heartbeat OK — PID 1, 4s old
2025-10-06 23:34:55 ✅ Heartbeat OK — PID 1, 5s old
2025-10-06 23:35:14 ✅ Heartbeat OK — PID 46, 1s old
2025-10-06 23:35:15 ✅ Heartbeat OK — PID 46, 2s old
2025-10-06 23:35:23 ✅ Heartbeat OK — PID 1, 3s old
2025-10-06 23:35:24 ✅ Heartbeat OK — PID 1, 4s old
2025-10-06 23:35:55 ✅ Heartbeat OK — PID 1, 5s old
2025-10-06 23:36:14 ✅ Heartbeat OK — PID 46, 1s old
2025-10-06 23:36:15 ✅ Heartbeat OK — PID 46, 2s old
2025-10-06 23:36:23 ✅ Heartbeat OK — PID 1, 2s old
2025-10-06 23:36:24 ✅ Heartbeat OK — PID 1, 3s old
2025-10-06 23:36:55 ✅ Heartbeat OK — PID 1, 4s old
2025-10-06 23:37:14 ✅ Heartbeat OK — PID 46, 1s old
2025-10-06 23:37:16 ✅ Heartbeat OK — PID 46, 3s old
2025-10-06 23:37:23 ✅ Heartbeat OK — PID 1, 2s old
2025-10-06 23:37:24 ✅ Heartbeat OK — PID 1, 3s old
2025-10-06 23:37:55 ✅ Heartbeat OK — PID 1, 4s old
2025-10-06 23:38:15 ✅ Heartbeat OK — PID 46, 2s old
2025-10-06 23:38:16 ✅ Heartbeat OK — PID 46, 3s old
2025-10-06 23:38:23 ✅ Heartbeat OK — PID 1, 2s old
2025-10-06 23:38:24 ✅ Heartbeat OK — PID 1, 3s old
2025-10-06 23:38:55 ✅ Heartbeat OK — PID 1, 4s old
2025-10-06 23:39:15 ✅ Heartbeat OK — PID 46, 2s old
2025-10-06 23:39:16 ✅ Heartbeat OK — PID 46, 3s old
2025-10-06 23:39:24 ✅ Heartbeat OK — PID 1, 3s old
2025-10-06 23:39:24 ✅ Heartbeat OK — PID 1, 3s old
2025-10-06 23:39:55 ✅ Heartbeat OK — PID 1, 4s old
2025-10-06 23:40:15 ✅ Heartbeat OK — PID 46, 2s old
2025-10-06 23:40:16 ✅ Heartbeat OK — PID 46, 3s old
2025-10-06 23:40:24 ✅ Heartbeat OK — PID 1, 3s old
2025-10-06 23:40:24 ✅ Heartbeat OK — PID 1, 3s old
2025-10-06 23:40:55 ✅ Heartbeat OK — PID 1, 4s old
2025-10-06 23:41:15 ✅ Heartbeat OK — PID 46, 2s old
2025-10-06 23:41:16 ✅ Heartbeat OK — PID 46, 3s old
2025-10-06 23:41:24 ✅ Heartbeat OK — PID 1, 3s old
2025-10-06 23:41:24 ✅ Heartbeat OK — PID 1, 3s old
2025-10-06 23:41:55 ✅ Heartbeat OK — PID 1, 4s old
2025-10-06 23:42:15 ✅ Heartbeat OK — PID 46, 2s old
2025-10-06 23:42:16 ✅ Heartbeat OK — PID 46, 3s old
2025-10-06 23:42:24 ✅ Heartbeat OK — PID 1, 3s old
2025-10-06 23:42:24 ✅ Heartbeat OK — PID 1, 3s old
2025-10-06 23:42:55 ✅ Heartbeat OK — PID 1, 4s old
2025-10-06 23:43:15 ✅ Heartbeat OK — PID 46, 2s old
2025-10-06 23:43:16 ✅ Heartbeat OK — PID 46, 3s old
2025-10-06 23:43:24 ✅ Heartbeat OK — PID 1, 3s old
2025-10-06 23:43:24 ✅ Heartbeat OK — PID 1, 3s old
2025-10-06 23:43:55 ✅ Heartbeat OK — PID 1, 4s old
2025-10-06 23:44:15 ✅ Heartbeat OK — PID 46, 2s old
2025-10-06 23:44:16 ✅ Heartbeat OK — PID 46, 3s old
2025-10-06 23:44:24 ✅ Heartbeat OK — PID 1, 3s old
2025-10-06 23:44:24 ✅ Heartbeat OK — PID 1, 3s old
2025-10-06 23:44:55 ✅ Heartbeat OK — PID 1, 4s old
2025-10-06 23:45:15 ✅ Heartbeat OK — PID 46, 2s old
2025-10-06 23:45:16 ✅ Heartbeat OK — PID 46, 3s old
2025-10-06 23:45:24 ✅ Heartbeat OK — PID 1, 3s old
2025-10-06 23:45:25 ✅ Heartbeat OK — PID 1, 4s old
2025-10-06 23:45:55 ✅ Heartbeat OK — PID 1, 4s old
2025-10-06 23:46:15 ✅ Heartbeat OK — PID 46, 2s old
2025-10-06 23:46:16 ✅ Heartbeat OK — PID 46, 3s old
2025-10-06 23:46:24 ✅ Heartbeat OK — PID 1, 3s old
2025-10-06 23:46:25 ✅ Heartbeat OK — PID 1, 4s old
2025-10-06 23:46:55 ✅ Heartbeat OK — PID 1, 4s old
2025-10-06 23:47:15 ✅ Heartbeat OK — PID 46, 2s old
2025-10-06 23:47:16 ✅ Heartbeat OK — PID 46, 3s old
2025-10-06 23:47:24 ✅ Heartbeat OK — PID 1, 3s old
2025-10-06 23:47:25 ✅ Heartbeat OK — PID 1, 4s old
2025-10-06 23:47:55 ✅ Heartbeat OK — PID 1, 4s old
2025-10-06 23:48:15 ✅ Heartbeat OK — PID 46, 2s old
2025-10-06 23:48:16 ✅ Heartbeat OK — PID 46, 3s old
2025-10-06 23:48:24 ✅ Heartbeat OK — PID 1, 3s old
2025-10-06 23:48:25 ✅ Heartbeat OK — PID 1, 4s old
2025-10-06 23:48:55 ✅ Heartbeat OK — PID 1, 4s old
2025-10-06 23:49:15 ✅ Heartbeat OK — PID 46, 2s old
2025-10-06 23:49:16 ✅ Heartbeat OK — PID 46, 3s old
2025-10-06 23:49:24 ✅ Heartbeat OK — PID 1, 3s old
2025-10-06 23:49:25 ✅ Heartbeat OK — PID 1, 4s old
2025-10-06 23:49:55 ✅ Heartbeat OK — PID 1, 4s old
2025-10-06 23:50:15 ✅ Heartbeat OK — PID 46, 2s old
2025-10-06 23:50:16 ✅ Heartbeat OK — PID 46, 3s old
2025-10-06 23:50:24 ✅ Heartbeat OK — PID 1, 3s old
2025-10-06 23:50:25 ✅ Heartbeat OK — PID 1, 4s old
2025-10-06 23:50:55 ✅ Heartbeat OK — PID 1, 4s old
2025-10-06 23:51:15 ✅ Heartbeat OK — PID 46, 2s old
2025-10-06 23:51:16 ✅ Heartbeat OK — PID 46, 3s old
2025-10-06 23:51:24 ✅ Heartbeat OK — PID 1, 3s old
2025-10-06 23:51:25 ✅ Heartbeat OK — PID 1, 4s old
2025-10-06 23:51:55 ✅ Heartbeat OK — PID 1, 4s old
2025-10-06 23:52:15 ✅ Heartbeat OK — PID 46, 2s old
2025-10-06 23:52:16 ✅ Heartbeat OK — PID 46, 3s old
2025-10-06 23:52:24 ✅ Heartbeat OK — PID 1, 3s old
2025-10-06 23:52:25 ✅ Heartbeat OK — PID 1, 4s old
2025-10-06 23:52:55 ✅ Heartbeat OK — PID 1, 4s old
2025-10-06 23:53:16 ✅ Heartbeat OK — PID 46, 3s old
2025-10-06 23:53:17 ✅ Heartbeat OK — PID 46, 4s old
2025-10-06 23:53:24 ✅ Heartbeat OK — PID 1, 3s old
2025-10-06 23:53:25 ✅ Heartbeat OK — PID 1, 4s old
2025-10-06 23:53:55 ✅ Heartbeat OK — PID 1, 4s old
2025-10-06 23:54:16 ✅ Heartbeat OK — PID 46, 3s old
2025-10-06 23:54:17 ✅ Heartbeat OK — PID 46, 4s old
2025-10-06 23:54:24 ✅ Heartbeat OK — PID 1, 3s old
2025-10-06 23:54:25 ✅ Heartbeat OK — PID 1, 4s old
2025-10-06 23:54:55 ✅ Heartbeat OK — PID 1, 4s old
2025-10-06 23:55:16 ✅ Heartbeat OK — PID 46, 3s old
2025-10-06 23:55:17 ✅ Heartbeat OK — PID 46, 4s old
2025-10-06 23:55:25 ✅ Heartbeat OK — PID 1, 4s old
2025-10-06 23:55:25 ✅ Heartbeat OK — PID 1, 4s old
2025-10-06 23:55:55 ✅ Heartbeat OK — PID 1, 4s old
2025-10-06 23:56:16 ✅ Heartbeat OK — PID 46, 3s old
2025-10-06 23:56:17 ✅ Heartbeat OK — PID 46, 4s old
2025-10-06 23:56:25 ✅ Heartbeat OK — PID 1, 4s old
2025-10-06 23:56:25 ✅ Heartbeat OK — PID 1, 4s old
2025-10-06 23:56:55 ✅ Heartbeat OK — PID 1, 4s old
2025-10-06 23:57:16 ✅ Heartbeat OK — PID 46, 3s old
2025-10-06 23:57:17 ✅ Heartbeat OK — PID 46, 4s old
2025-10-06 23:57:25 ✅ Heartbeat OK — PID 1, 4s old
2025-10-06 23:57:25 ✅ Heartbeat OK — PID 1, 4s old
2025-10-06 23:57:55 ✅ Heartbeat OK — PID 1, 4s old
2025-10-06 23:58:16 ✅ Heartbeat OK — PID 46, 3s old
2025-10-06 23:58:17 ✅ Heartbeat OK — PID 46, 4s old
2025-10-06 23:58:25 ✅ Heartbeat OK — PID 1, 4s old
2025-10-06 23:58:25 ✅ Heartbeat OK — PID 1, 4s old
2025-10-06 23:58:56 ✅ Heartbeat OK — PID 1, 5s old
2025-10-06 23:59:16 ✅ Heartbeat OK — PID 46, 3s old
2025-10-06 23:59:17 ✅ Heartbeat OK — PID 46, 4s old
2025-10-06 23:59:25 ✅ Heartbeat OK — PID 1, 4s old
2025-10-06 23:59:25 ✅ Heartbeat OK — PID 1, 4s old
2025-10-06 23:59:56 ✅ Heartbeat OK — PID 1, 5s old
2025-10-07 00:00:16 ✅ Heartbeat OK — PID 46, 3s old
2025-10-07 00:00:17 ✅ Heartbeat OK — PID 46, 4s old
2025-10-07 00:00:25 ✅ Heartbeat OK — PID 1, 4s old
2025-10-07 00:00:25 ✅ Heartbeat OK — PID 1, 4s old
2025-10-07 00:00:56 ✅ Heartbeat OK — PID 1, 5s old
2025-10-07 00:01:16 ✅ Heartbeat OK — PID 46, 2s old
2025-10-07 00:01:17 ✅ Heartbeat OK — PID 46, 3s old
2025-10-07 00:01:25 ✅ Heartbeat OK — PID 1, 4s old
2025-10-07 00:01:26 ✅ Heartbeat OK — PID 1, 5s old
2025-10-07 00:01:56 ✅ Heartbeat OK — PID 1, 5s old
2025-10-07 00:02:16 ✅ Heartbeat OK — PID 46, 2s old
2025-10-07 00:02:17 ✅ Heartbeat OK — PID 46, 3s old
2025-10-07 00:02:25 ✅ Heartbeat OK — PID 1, 4s old
2025-10-07 00:02:26 ✅ Heartbeat OK — PID 1, 5s old
2025-10-07 00:02:56 ✅ Heartbeat OK — PID 1, 5s old
2025-10-07 00:03:16 ✅ Heartbeat OK — PID 46, 2s old
2025-10-07 00:03:17 ✅ Heartbeat OK — PID 46, 3s old
2025-10-07 00:03:25 ✅ Heartbeat OK — PID 1, 4s old
2025-10-07 00:03:26 ✅ Heartbeat OK — PID 1, 5s old
2025-10-07 00:03:56 ✅ Heartbeat OK — PID 1, 5s old
2025-10-07 00:04:17 ✅ Heartbeat OK — PID 46, 3s old
2025-10-07 00:04:17 ✅ Heartbeat OK — PID 46, 3s old
2025-10-07 00:04:25 ✅ Heartbeat OK — PID 1, 4s old
2025-10-07 00:04:26 ✅ Heartbeat OK — PID 1, 5s old
2025-10-07 00:04:56 ✅ Heartbeat OK — PID 1, 5s old
2025-10-07 00:05:17 ✅ Heartbeat OK — PID 46, 3s old
2025-10-07 00:05:17 ✅ Heartbeat OK — PID 46, 3s old
2025-10-07 00:05:25 ✅ Heartbeat OK — PID 1, 4s old
2025-10-07 00:05:26 ✅ Heartbeat OK — PID 1, 5s old
2025-10-07 00:05:56 ✅ Heartbeat OK — PID 1, 5s old
2025-10-07 00:06:17 ✅ Heartbeat OK — PID 46, 3s old
2025-10-07 00:06:17 ✅ Heartbeat OK — PID 46, 3s old
2025-10-07 00:06:26 ✅ Heartbeat OK — PID 1, 5s old
2025-10-07 00:06:26 ✅ Heartbeat OK — PID 1, 5s old
2025-10-07 00:06:56 ✅ Heartbeat OK — PID 1, 5s old
2025-10-07 00:07:17 ✅ Heartbeat OK — PID 46, 3s old
2025-10-07 00:07:18 ✅ Heartbeat OK — PID 46, 4s old
2025-10-07 00:07:26 ✅ Heartbeat OK — PID 1, 5s old
2025-10-07 00:07:26 ✅ Heartbeat OK — PID 1, 5s old
2025-10-07 00:07:56 ✅ Heartbeat OK — PID 1, 5s old
2025-10-07 00:08:17 ✅ Heartbeat OK — PID 46, 3s old
2025-10-07 00:08:18 ✅ Heartbeat OK — PID 46, 4s old
2025-10-07 00:08:26 ✅ Heartbeat OK — PID 1, 5s old
2025-10-07 00:08:26 ✅ Heartbeat OK — PID 1, 5s old
2025-10-07 00:08:56 ✅ Heartbeat OK — PID 1, 5s old
2025-10-07 00:09:17 ✅ Heartbeat OK — PID 46, 3s old
2025-10-07 00:09:18 ✅ Heartbeat OK — PID 46, 4s old
2025-10-07 00:09:26 ✅ Heartbeat OK — PID 1, 5s old
2025-10-07 00:09:26 ✅ Heartbeat OK — PID 1, 5s old
2025-10-07 00:09:56 ✅ Heartbeat OK — PID 1, 5s old
2025-10-07 00:10:17 ✅ Heartbeat OK — PID 46, 3s old
2025-10-07 00:10:18 ✅ Heartbeat OK — PID 46, 4s old
2025-10-07 00:10:26 ✅ Heartbeat OK — PID 1, 5s old
2025-10-07 00:10:26 ✅ Heartbeat OK — PID 1, 5s old
2025-10-07 00:10:56 ✅ Heartbeat OK — PID 1, 5s old
2025-10-07 00:11:17 ✅ Heartbeat OK — PID 46, 3s old
2025-10-07 00:11:18 ✅ Heartbeat OK — PID 46, 4s old
2025-10-07 00:11:26 ✅ Heartbeat OK — PID 1, 5s old
2025-10-07 00:11:26 ✅ Heartbeat OK — PID 1, 5s old
2025-10-07 00:11:56 ✅ Heartbeat OK — PID 1, 5s old
2025-10-07 00:12:17 ✅ Heartbeat OK — PID 46, 3s old
2025-10-07 00:12:18 ✅ Heartbeat OK — PID 46, 4s old
2025-10-07 00:12:26 ✅ Heartbeat OK — PID 1, 5s old
2025-10-07 00:12:26 ✅ Heartbeat OK — PID 1, 5s old
2025-10-07 00:12:56 ✅ Heartbeat OK — PID 1, 5s old
2025-10-07 00:13:17 ✅ Heartbeat OK — PID 46, 3s old
2025-10-07 00:13:18 ✅ Heartbeat OK — PID 46, 4s old
2025-10-07 00:13:26 ✅ Heartbeat OK — PID 1, 5s old
2025-10-07 00:13:26 ✅ Heartbeat OK — PID 1, 5s old
2025-10-07 00:13:56 ✅ Heartbeat OK — PID 1, 4s old
2025-10-07 00:14:17 ✅ Heartbeat OK — PID 46, 3s old
2025-10-07 00:14:18 ✅ Heartbeat OK — PID 46, 4s old
2025-10-07 00:14:26 ✅ Heartbeat OK — PID 1, 4s old
2025-10-07 00:14:27 ✅ Heartbeat OK — PID 1, 5s old
2025-10-07 00:14:56 ✅ Heartbeat OK — PID 1, 4s old
2025-10-07 00:15:17 ✅ Heartbeat OK — PID 46, 3s old
2025-10-07 00:15:18 ✅ Heartbeat OK — PID 46, 4s old
2025-10-07 00:15:26 ✅ Heartbeat OK — PID 1, 4s old
2025-10-07 00:15:27 ✅ Heartbeat OK — PID 1, 5s old
2025-10-07 00:15:56 ✅ Heartbeat OK — PID 1, 4s old
2025-10-07 00:16:17 ✅ Heartbeat OK — PID 46, 3s old
2025-10-07 00:16:18 ✅ Heartbeat OK — PID 46, 4s old
2025-10-07 00:16:26 ✅ Heartbeat OK — PID 1, 4s old
2025-10-07 00:16:27 ✅ Heartbeat OK — PID 1, 5s old
2025-10-07 00:16:56 ✅ Heartbeat OK — PID 1, 4s old
2025-10-07 00:17:17 ✅ Heartbeat OK — PID 46, 3s old
2025-10-07 00:17:18 ✅ Heartbeat OK — PID 46, 4s old
2025-10-07 00:17:26 ✅ Heartbeat OK — PID 1, 4s old
2025-10-07 00:17:27 ✅ Heartbeat OK — PID 1, 5s old
2025-10-07 00:17:56 ✅ Heartbeat OK — PID 1, 4s old
2025-10-07 00:18:17 ✅ Heartbeat OK — PID 46, 3s old
2025-10-07 00:18:18 ✅ Heartbeat OK — PID 46, 4s old
2025-10-07 00:18:26 ✅ Heartbeat OK — PID 1, 4s old
2025-10-07 00:18:27 ✅ Heartbeat OK — PID 1, 5s old
2025-10-07 00:18:56 ✅ Heartbeat OK — PID 1, 4s old
2025-10-07 00:19:17 ✅ Heartbeat OK — PID 46, 3s old
2025-10-07 00:19:18 ✅ Heartbeat OK — PID 46, 4s old
2025-10-07 00:19:26 ✅ Heartbeat OK — PID 1, 4s old
2025-10-07 00:19:27 ✅ Heartbeat OK — PID 1, 5s old
2025-10-07 00:19:56 ✅ Heartbeat OK — PID 1, 4s old
2025-10-07 00:20:17 ✅ Heartbeat OK — PID 46, 3s old
2025-10-07 00:20:18 ✅ Heartbeat OK — PID 46, 4s old
2025-10-07 00:20:26 ✅ Heartbeat OK — PID 1, 4s old
2025-10-07 00:20:27 ✅ Heartbeat OK — PID 1, 5s old
2025-10-07 00:20:56 ✅ Heartbeat OK — PID 1, 4s old
2025-10-07 00:21:18 ✅ Heartbeat OK — PID 46, 4s old
2025-10-07 00:21:18 ✅ Heartbeat OK — PID 46, 4s old
2025-10-07 00:21:26 ✅ Heartbeat OK — PID 1, 4s old
2025-10-07 00:21:27 ✅ Heartbeat OK — PID 1, 5s old
2025-10-07 00:21:56 ✅ Heartbeat OK — PID 1, 4s old
2025-10-07 00:22:18 ✅ Heartbeat OK — PID 46, 4s old
2025-10-07 00:22:18 ✅ Heartbeat OK — PID 46, 4s old
2025-10-07 00:22:27 ✅ Heartbeat OK — PID 1, 5s old
2025-10-07 00:22:27 ❌ Restart required: dead process (PID 4445 not found)
2025-10-07 00:22:27 ⚠️  Restarting Master Control Loop...
2025-10-07 00:22:27 ✅ Restart command issued
2025-10-07 00:22:56 ✅ Heartbeat OK — PID 1, 4s old
2025-10-07 00:23:18 ✅ Heartbeat OK — PID 46, 4s old
2025-10-07 00:23:19 ✅ Heartbeat OK — PID 46, 5s old
2025-10-07 00:23:27 ✅ Heartbeat OK — PID 1, 5s old
2025-10-07 00:23:27 ❌ Restart required: dead process (PID 4433 not found)
2025-10-07 00:23:27 ⚠️  Restarting Master Control Loop...
2025-10-07 00:23:27 ✅ Restart command issued
2025-10-07 00:23:56 ✅ Heartbeat OK — PID 1, 4s old
2025-10-07 00:24:18 ✅ Heartbeat OK — PID 46, 4s old
2025-10-07 00:24:19 ✅ Heartbeat OK — PID 46, 5s old
2025-10-07 00:24:27 ✅ Heartbeat OK — PID 1, 5s old
2025-10-07 00:24:27 ✅ Heartbeat OK — PID 48, 0s old
2025-10-07 00:24:56 ✅ Heartbeat OK — PID 1, 4s old
2025-10-07 00:25:18 ❌ Restart required: dead process (PID 47 not found)
2025-10-07 00:25:18 ⚠️  Restarting Master Control Loop...
2025-10-07 00:25:18 ✅ Restart command issued
2025-10-07 00:25:19 ✅ Heartbeat OK — PID 47, 1s old
2025-10-07 00:25:27 ✅ Heartbeat OK — PID 1, 5s old
2025-10-07 00:25:27 ✅ Heartbeat OK — PID 49, 0s old
2025-10-07 00:25:56 ✅ Heartbeat OK — PID 1, 4s old
2025-10-07 00:26:18 ✅ Heartbeat OK — PID 47, 3s old
2025-10-07 00:26:19 ✅ Heartbeat OK — PID 47, 1s old
2025-10-07 00:26:27 ✅ Heartbeat OK — PID 1, 5s old
2025-10-07 00:26:27 ❌ Restart required: dead process (PID 4446 not found)
2025-10-07 00:26:27 ⚠️  Restarting Master Control Loop...
2025-10-07 00:26:27 ✅ Restart command issued
2025-10-07 00:26:56 ✅ Heartbeat OK — PID 1, 4s old
2025-10-07 00:27:18 ✅ Heartbeat OK — PID 47, 3s old
2025-10-07 00:27:19 ❌ Restart required: dead process (PID 4129 not found)
2025-10-07 00:27:19 ⚠️  Restarting Master Control Loop...
2025-10-07 00:27:19 ✅ Restart command issued
2025-10-07 00:27:27 ✅ Heartbeat OK — PID 1, 5s old
2025-10-07 00:27:27 ❌ Restart required: dead process (PID 4443 not found)
2025-10-07 00:27:27 ⚠️  Restarting Master Control Loop...
2025-10-07 00:27:27 ✅ Restart command issued
2025-10-07 00:27:56 ✅ Heartbeat OK — PID 1, 4s old
2025-10-07 00:28:18 ✅ Heartbeat OK — PID 47, 0s old
2025-10-07 00:28:19 ❌ Restart required: dead process (PID 4129 not found)
2025-10-07 00:28:19 ⚠️  Restarting Master Control Loop...
2025-10-07 00:28:19 ✅ Restart command issued
2025-10-07 00:28:27 ✅ Heartbeat OK — PID 1, 5s old
2025-10-07 00:28:27 ✅ Heartbeat OK — PID 50, 0s old
2025-10-07 00:28:56 ✅ Heartbeat OK — PID 1, 4s old
2025-10-07 00:29:18 ✅ Heartbeat OK — PID 47, 0s old
2025-10-07 00:29:19 ❌ Restart required: dead process (PID 4129 not found)
2025-10-07 00:29:19 ⚠️  Restarting Master Control Loop...
2025-10-07 00:29:19 ✅ Restart command issued
2025-10-07 00:29:27 ✅ Heartbeat OK — PID 1, 5s old
2025-10-07 00:29:28 ❌ Restart required: dead process (PID 4430 not found)
2025-10-07 00:29:28 ⚠️  Restarting Master Control Loop...
2025-10-07 00:29:28 ✅ Restart command issued
2025-10-07 00:29:56 ✅ Heartbeat OK — PID 1, 4s old
2025-10-07 00:30:18 ✅ Heartbeat OK — PID 47, 0s old
2025-10-07 00:30:19 ❌ Restart required: dead process (PID 4129 not found)
2025-10-07 00:30:19 ⚠️  Restarting Master Control Loop...
2025-10-07 00:30:19 ✅ Restart command issued
2025-10-07 00:30:27 ✅ Heartbeat OK — PID 1, 5s old
2025-10-07 00:30:28 ❌ Restart required: dead process (PID 4427 not found)
2025-10-07 00:30:28 ⚠️  Restarting Master Control Loop...
2025-10-07 00:30:28 ✅ Restart command issued
2025-10-07 00:30:56 ✅ Heartbeat OK — PID 1, 4s old
2025-10-07 00:31:18 ✅ Heartbeat OK — PID 47, 0s old
2025-10-07 00:31:19 ✅ Heartbeat OK — PID 48, 0s old
2025-10-07 00:31:27 ✅ Heartbeat OK — PID 1, 5s old
2025-10-07 00:31:28 ❌ Restart required: dead process (PID 4428 not found)
2025-10-07 00:31:28 ⚠️  Restarting Master Control Loop...
2025-10-07 00:31:28 ✅ Restart command issued
2025-10-07 00:31:56 ✅ Heartbeat OK — PID 1, 4s old
2025-10-07 00:32:18 ✅ Heartbeat OK — PID 47, 0s old
2025-10-07 00:32:19 ✅ Heartbeat OK — PID 51, 0s old
2025-10-07 00:32:27 ✅ Heartbeat OK — PID 1, 5s old
2025-10-07 00:32:28 ❌ Restart required: dead process (PID 4432 not found)
2025-10-07 00:32:28 ⚠️  Restarting Master Control Loop...
2025-10-07 00:32:28 ✅ Restart command issued
2025-10-07 00:32:56 ✅ Heartbeat OK — PID 1, 4s old
2025-10-07 00:33:18 ✅ Heartbeat OK — PID 47, 0s old
2025-10-07 00:33:20 ✅ Heartbeat OK — PID 51, 1s old
2025-10-07 00:33:27 ✅ Heartbeat OK — PID 1, 5s old
2025-10-07 00:33:28 ✅ Heartbeat OK — PID 54, 0s old
2025-10-07 00:33:56 ✅ Heartbeat OK — PID 1, 4s old
2025-10-07 00:34:18 ✅ Heartbeat OK — PID 47, 0s old
2025-10-07 00:34:20 ✅ Heartbeat OK — PID 51, 1s old
2025-10-07 00:34:27 ✅ Heartbeat OK — PID 1, 5s old
2025-10-07 00:34:28 ✅ Heartbeat OK — PID 54, 0s old
2025-10-07 00:34:56 ✅ Heartbeat OK — PID 1, 4s old
2025-10-07 00:35:18 ✅ Heartbeat OK — PID 47, 0s old
2025-10-07 00:35:20 ✅ Heartbeat OK — PID 51, 1s old
2025-10-07 00:35:27 ✅ Heartbeat OK — PID 1, 5s old
2025-10-07 00:35:28 ✅ Heartbeat OK — PID 55, 0s old
2025-10-07 00:35:56 ✅ Heartbeat OK — PID 1, 4s old
2025-10-07 00:36:18 ✅ Heartbeat OK — PID 47, 0s old
2025-10-07 00:36:20 ✅ Heartbeat OK — PID 51, 1s old
2025-10-07 00:36:27 ✅ Heartbeat OK — PID 1, 5s old
2025-10-07 00:36:28 ✅ Heartbeat OK — PID 55, 0s old
2025-10-07 00:36:56 ✅ Heartbeat OK — PID 1, 4s old
2025-10-07 00:37:19 ✅ Heartbeat OK — PID 47, 1s old
2025-10-07 00:37:20 ✅ Heartbeat OK — PID 51, 0s old
2025-10-07 00:37:27 ❌ Restart required: dead process (PID 4445 not found)
2025-10-07 00:37:27 ⚠️  Restarting Master Control Loop...
2025-10-07 00:37:28 ✅ Restart command issued
2025-10-07 00:37:28 ✅ Heartbeat OK — PID 55, 0s old
2025-10-07 00:37:56 ✅ Heartbeat OK — PID 1, 4s old
2025-10-07 00:38:19 ✅ Heartbeat OK — PID 47, 1s old
2025-10-07 00:38:20 ✅ Heartbeat OK — PID 51, 0s old
2025-10-07 00:38:28 ✅ Heartbeat OK — PID 49, 0s old
2025-10-07 00:38:28 ❌ Restart required: dead process (PID 4419 not found)
2025-10-07 00:38:28 ⚠️  Restarting Master Control Loop...
2025-10-07 00:38:28 ✅ Restart command issued
2025-10-07 00:38:56 ✅ Heartbeat OK — PID 1, 4s old
2025-10-07 00:39:19 ✅ Heartbeat OK — PID 47, 1s old
2025-10-07 00:39:20 ❌ Restart required: dead process (PID 4279 not found)
2025-10-07 00:39:20 ⚠️  Restarting Master Control Loop...
2025-10-07 00:39:20 ✅ Restart command issued
2025-10-07 00:39:28 ✅ Heartbeat OK — PID 52, 0s old
2025-10-07 00:39:28 ❌ Restart required: dead process (PID 4419 not found)
2025-10-07 00:39:28 ⚠️  Restarting Master Control Loop...
2025-10-07 00:39:28 ✅ Restart command issued
2025-10-07 00:39:56 ✅ Heartbeat OK — PID 1, 4s old
2025-10-07 00:40:19 ✅ Heartbeat OK — PID 47, 1s old
2025-10-07 00:40:20 ❌ Restart required: dead process (PID 4279 not found)
2025-10-07 00:40:20 ⚠️  Restarting Master Control Loop...
2025-10-07 00:40:20 ✅ Restart command issued
2025-10-07 00:40:28 ❌ Restart required: dead process (PID 4446 not found)
2025-10-07 00:40:28 ⚠️  Restarting Master Control Loop...
2025-10-07 00:40:28 ✅ Restart command issued
2025-10-07 00:40:28 ❌ Restart required: dead process (PID 4419 not found)
2025-10-07 00:40:28 ⚠️  Restarting Master Control Loop...
2025-10-07 00:40:28 ✅ Restart command issued
2025-10-07 00:40:56 ✅ Heartbeat OK — PID 1, 4s old
2025-10-07 00:41:19 ✅ Heartbeat OK — PID 47, 1s old
2025-10-07 00:41:20 ❌ Restart required: dead process (PID 4279 not found)
2025-10-07 00:41:20 ⚠️  Restarting Master Control Loop...
2025-10-07 00:41:20 ✅ Restart command issued
2025-10-07 00:41:28 ✅ Heartbeat OK — PID 50, 0s old
2025-10-07 00:41:28 ❌ Restart required: dead process (PID 4419 not found)
2025-10-07 00:41:28 ⚠️  Restarting Master Control Loop...
2025-10-07 00:41:28 ✅ Restart command issued
2025-10-07 00:41:56 ✅ Heartbeat OK — PID 1, 4s old
2025-10-07 00:42:19 ✅ Heartbeat OK — PID 47, 1s old
2025-10-07 00:42:20 ✅ Heartbeat OK — PID 52, 0s old
2025-10-07 00:42:28 ❌ Restart required: dead process (PID 4431 not found)
2025-10-07 00:42:28 ⚠️  Restarting Master Control Loop...
2025-10-07 00:42:28 ✅ Restart command issued
2025-10-07 00:42:28 ✅ Heartbeat OK — PID 56, 0s old
2025-10-07 00:42:56 ✅ Heartbeat OK — PID 1, 4s old
2025-10-07 00:43:19 ✅ Heartbeat OK — PID 47, 1s old
2025-10-07 00:43:20 ✅ Heartbeat OK — PID 52, 0s old
2025-10-07 00:43:28 ✅ Heartbeat OK — PID 53, 0s old
2025-10-07 00:43:29 ✅ Heartbeat OK — PID 56, 1s old
2025-10-07 00:43:56 ✅ Heartbeat OK — PID 1, 4s old
2025-10-07 00:44:19 ✅ Heartbeat OK — PID 47, 1s old
2025-10-07 00:44:20 ✅ Heartbeat OK — PID 54, 0s old
2025-10-07 00:44:28 ✅ Heartbeat OK — PID 54, 0s old
2025-10-07 00:44:29 ✅ Heartbeat OK — PID 59, 0s old
2025-10-07 00:44:56 ✅ Heartbeat OK — PID 1, 4s old
2025-10-07 00:45:19 ✅ Heartbeat OK — PID 47, 1s old
2025-10-07 00:45:20 ✅ Heartbeat OK — PID 54, 0s old
2025-10-07 00:45:28 ❌ Restart required: dead process (PID 4430 not found)
2025-10-07 00:45:28 ⚠️  Restarting Master Control Loop...
2025-10-07 00:45:28 ✅ Restart command issued
2025-10-07 00:45:29 ✅ Heartbeat OK — PID 59, 0s old
2025-10-07 00:45:56 ✅ Heartbeat OK — PID 1, 4s old
2025-10-07 00:46:19 ✅ Heartbeat OK — PID 47, 1s old
2025-10-07 00:46:20 ✅ Heartbeat OK — PID 54, 0s old
2025-10-07 00:46:28 ❌ Restart required: dead process (PID 4428 not found)
2025-10-07 00:46:28 ⚠️  Restarting Master Control Loop...
2025-10-07 00:46:28 ✅ Restart command issued
2025-10-07 00:46:29 ❌ Restart required: dead process (PID 4400 not found)
2025-10-07 00:46:29 ⚠️  Restarting Master Control Loop...
2025-10-07 00:46:29 ✅ Restart command issued
2025-10-07 00:46:56 ✅ Heartbeat OK — PID 1, 4s old
2025-10-07 00:47:19 ✅ Heartbeat OK — PID 47, 1s old
2025-10-07 00:47:20 ✅ Heartbeat OK — PID 53, 0s old
2025-10-07 00:47:28 ❌ Restart required: dead process (PID 4428 not found)
2025-10-07 00:47:28 ⚠️  Restarting Master Control Loop...
2025-10-07 00:47:28 ✅ Restart command issued
2025-10-07 00:47:29 ❌ Restart required: dead process (PID 4400 not found)
2025-10-07 00:47:29 ⚠️  Restarting Master Control Loop...
2025-10-07 00:47:29 ✅ Restart command issued
2025-10-07 00:47:56 ✅ Heartbeat OK — PID 1, 4s old
2025-10-07 00:48:19 ✅ Heartbeat OK — PID 47, 1s old
2025-10-07 00:48:20 ✅ Heartbeat OK — PID 53, 0s old
2025-10-07 00:48:28 ✅ Heartbeat OK — PID 54, 0s old
2025-10-07 00:48:29 ❌ Restart required: dead process (PID 4411 not found)
2025-10-07 00:48:29 ⚠️  Restarting Master Control Loop...
2025-10-07 00:48:29 ✅ Restart command issued
2025-10-07 00:48:56 ✅ Heartbeat OK — PID 1, 4s old
2025-10-07 00:49:19 ✅ Heartbeat OK — PID 47, 1s old
2025-10-07 00:49:20 ✅ Heartbeat OK — PID 53, 0s old
2025-10-07 00:49:28 ❌ Restart required: dead process (PID 4423 not found)
2025-10-07 00:49:28 ⚠️  Restarting Master Control Loop...
2025-10-07 00:49:28 ✅ Restart command issued
2025-10-07 00:49:29 ✅ Heartbeat OK — PID 61, 0s old
2025-10-07 00:49:56 ✅ Heartbeat OK — PID 1, 4s old
2025-10-07 00:50:19 ✅ Heartbeat OK — PID 47, 1s old
2025-10-07 00:50:21 ✅ Heartbeat OK — PID 53, 1s old
2025-10-07 00:50:28 ❌ Restart required: dead process (PID 4432 not found)
2025-10-07 00:50:28 ⚠️  Restarting Master Control Loop...
2025-10-07 00:50:28 ✅ Restart command issued
2025-10-07 00:50:29 ✅ Heartbeat OK — PID 62, 0s old
2025-10-07 00:50:56 ✅ Heartbeat OK — PID 1, 4s old
2025-10-07 00:51:19 ✅ Heartbeat OK — PID 47, 1s old
2025-10-07 00:51:21 ✅ Heartbeat OK — PID 50, 0s old
2025-10-07 00:51:28 ✅ Heartbeat OK — PID 58, 0s old
2025-10-07 00:51:29 ❌ Restart required: dead process (PID 4416 not found)
2025-10-07 00:51:29 ⚠️  Restarting Master Control Loop...
2025-10-07 00:51:29 ✅ Restart command issued
2025-10-07 00:51:56 ✅ Heartbeat OK — PID 1, 4s old
2025-10-07 00:52:19 ✅ Heartbeat OK — PID 47, 1s old
2025-10-07 00:52:21 ✅ Heartbeat OK — PID 46, 0s old
2025-10-07 00:52:29 ✅ Heartbeat OK — PID 55, 1s old
2025-10-07 00:52:29 ❌ Restart required: dead process (PID 4418 not found)
2025-10-07 00:52:29 ⚠️  Restarting Master Control Loop...
2025-10-07 00:52:29 ✅ Restart command issued
2025-10-07 00:52:56 ✅ Heartbeat OK — PID 1, 3s old
2025-10-07 00:53:20 ✅ Heartbeat OK — PID 47, 2s old
2025-10-07 00:53:21 ✅ Heartbeat OK — PID 46, 0s old
2025-10-07 00:53:29 ✅ Heartbeat OK — PID 59, 0s old
2025-10-07 00:53:29 ✅ Heartbeat OK — PID 63, 0s old
2025-10-07 00:53:56 ✅ Heartbeat OK — PID 1, 3s old
2025-10-07 00:54:20 ✅ Heartbeat OK — PID 47, 2s old
2025-10-07 00:54:21 ✅ Heartbeat OK — PID 46, 0s old
2025-10-07 00:54:29 ✅ Heartbeat OK — PID 59, 0s old
2025-10-07 00:54:29 ❌ Restart required: dead process (PID 4425 not found)
2025-10-07 00:54:29 ⚠️  Restarting Master Control Loop...
2025-10-07 00:54:29 ✅ Restart command issued
2025-10-07 00:54:56 ✅ Heartbeat OK — PID 1, 3s old
2025-10-07 00:55:20 ❌ Restart required: dead process (PID 4129 not found)
2025-10-07 00:55:20 ⚠️  Restarting Master Control Loop...
2025-10-07 00:55:20 ✅ Restart command issued
2025-10-07 00:55:21 ✅ Heartbeat OK — PID 46, 0s old
2025-10-07 00:55:29 ❌ Restart required: dead process (PID 4421 not found)
2025-10-07 00:55:29 ⚠️  Restarting Master Control Loop...
2025-10-07 00:55:29 ✅ Restart command issued
2025-10-07 00:55:29 ✅ Heartbeat OK — PID 64, 0s old
2025-10-07 00:55:56 ✅ Heartbeat OK — PID 1, 3s old
2025-10-07 00:56:20 ❌ Restart required: dead process (PID 4129 not found)
2025-10-07 00:56:20 ⚠️  Restarting Master Control Loop...
2025-10-07 00:56:20 ✅ Restart command issued
2025-10-07 00:56:21 ✅ Heartbeat OK — PID 46, 0s old
2025-10-07 00:56:29 ✅ Heartbeat OK — PID 57, 0s old
2025-10-07 00:56:29 ✅ Heartbeat OK — PID 64, 0s old
2025-10-07 00:56:56 ✅ Heartbeat OK — PID 1, 3s old
2025-10-07 00:57:20 ❌ Restart required: dead process (PID 4129 not found)
2025-10-07 00:57:20 ⚠️  Restarting Master Control Loop...
2025-10-07 00:57:20 ✅ Restart command issued
2025-10-07 00:57:21 ✅ Heartbeat OK — PID 46, 0s old
2025-10-07 00:57:29 ✅ Heartbeat OK — PID 60, 0s old
2025-10-07 00:57:29 ❌ Restart required: dead process (PID 4415 not found)
2025-10-07 00:57:29 ⚠️  Restarting Master Control Loop...
2025-10-07 00:57:29 ✅ Restart command issued
2025-10-07 00:57:56 ✅ Heartbeat OK — PID 1, 3s old
2025-10-07 00:58:20 ✅ Heartbeat OK — PID 49, 0s old
2025-10-07 00:58:21 ❌ Restart required: dead process (PID 4275 not found)
2025-10-07 00:58:21 ⚠️  Restarting Master Control Loop...
2025-10-07 00:58:21 ✅ Restart command issued
2025-10-07 00:58:29 ✅ Heartbeat OK — PID 59, 0s old
2025-10-07 00:58:30 ❌ Restart required: dead process (PID 4405 not found)
2025-10-07 00:58:30 ⚠️  Restarting Master Control Loop...
2025-10-07 00:58:30 ✅ Restart command issued
2025-10-07 00:58:56 ✅ Heartbeat OK — PID 1, 3s old
2025-10-07 00:59:20 ✅ Heartbeat OK — PID 49, 0s old
2025-10-07 00:59:21 ❌ Restart required: dead process (PID 4283 not found)
2025-10-07 00:59:21 ⚠️  Restarting Master Control Loop...
2025-10-07 00:59:21 ✅ Restart command issued
2025-10-07 00:59:29 ✅ Heartbeat OK — PID 59, 0s old
2025-10-07 00:59:30 ❌ Restart required: dead process (PID 4414 not found)
2025-10-07 00:59:30 ⚠️  Restarting Master Control Loop...
2025-10-07 00:59:30 ✅ Restart command issued
2025-10-07 00:59:56 ✅ Heartbeat OK — PID 1, 3s old
2025-10-07 01:00:20 ✅ Heartbeat OK — PID 49, 0s old
2025-10-07 01:00:21 [WARN] Could not read heartbeat: Expecting value: line 1 column 1 (char 0)
2025-10-07 01:00:21 ❌ Restart required: missing heartbeat file
2025-10-07 01:00:21 ⚠️  Restarting Master Control Loop...
2025-10-07 01:00:21 ✅ Restart command issued
2025-10-07 01:00:29 ❌ Restart required: dead process (PID 4411 not found)
2025-10-07 01:00:29 ⚠️  Restarting Master Control Loop...
2025-10-07 01:00:29 ✅ Restart command issued
2025-10-07 01:00:30 [WARN] Could not read heartbeat: Expecting value: line 1 column 1 (char 0)
2025-10-07 01:00:30 ❌ Restart required: missing heartbeat file
2025-10-07 01:00:30 ⚠️  Restarting Master Control Loop...
2025-10-07 01:00:30 ✅ Restart command issued
2025-10-07 01:00:56 ❌ Restart required: dead process (PID 57 not found)
2025-10-07 01:00:56 ⚠️  Restarting Master Control Loop...
2025-10-07 01:00:56 ✅ Restart command issued
2025-10-07 01:01:20 ✅ Heartbeat OK — PID 49, 0s old
2025-10-07 01:01:21 ❌ Restart required: dead process (PID 4258 not found)
2025-10-07 01:01:21 ⚠️  Restarting Master Control Loop...
2025-10-07 01:01:22 ✅ Restart command issued
2025-10-07 01:01:30 ❌ Restart required: dead process (PID 4403 not found)
2025-10-07 01:01:30 ⚠️  Restarting Master Control Loop...
2025-10-07 01:01:30 ✅ Restart command issued
2025-10-07 01:01:31 ❌ Restart required: dead process (PID 4383 not found)
2025-10-07 01:01:31 ⚠️  Restarting Master Control Loop...
2025-10-07 01:01:31 ✅ Restart command issued
2025-10-07 01:01:56 ❌ Restart required: dead process (PID 57 not found)
2025-10-07 01:01:56 ⚠️  Restarting Master Control Loop...
2025-10-07 01:01:56 ✅ Restart command issued
2025-10-07 01:02:20 ✅ Heartbeat OK — PID 50, 0s old
2025-10-07 01:02:22 ✅ Heartbeat OK — PID 51, 0s old
2025-10-07 01:02:30 ❌ Restart required: dead process (PID 4405 not found)
2025-10-07 01:02:30 ⚠️  Restarting Master Control Loop...
2025-10-07 01:02:30 ✅ Restart command issued
2025-10-07 01:02:31 ❌ Restart required: dead process (PID 4394 not found)
2025-10-07 01:02:31 ⚠️  Restarting Master Control Loop...
2025-10-07 01:02:31 ✅ Restart command issued
2025-10-07 01:02:56 ❌ Restart required: dead process (PID 57 not found)
2025-10-07 01:02:56 ⚠️  Restarting Master Control Loop...
2025-10-07 01:02:56 ✅ Restart command issued
2025-10-07 01:03:20 ✅ Heartbeat OK — PID 49, 0s old
2025-10-07 01:03:22 ✅ Heartbeat OK — PID 51, 0s old
2025-10-07 01:03:30 ✅ Heartbeat OK — PID 58, 0s old
2025-10-07 01:03:31 ❌ Restart required: dead process (PID 4379 not found)
2025-10-07 01:03:31 ⚠️  Restarting Master Control Loop...
2025-10-07 01:03:31 ✅ Restart command issued
2025-10-07 01:03:56 ❌ Restart required: dead process (PID 57 not found)
2025-10-07 01:03:56 ⚠️  Restarting Master Control Loop...
2025-10-07 01:03:56 ✅ Restart command issued
2025-10-07 01:04:20 ✅ Heartbeat OK — PID 49, 0s old
2025-10-07 01:04:22 ❌ Restart required: dead process (PID 4156 not found)
2025-10-07 01:04:22 ⚠️  Restarting Master Control Loop...
2025-10-07 01:04:22 ✅ Restart command issued
2025-10-07 01:04:30 ❌ Restart required: dead process (PID 4417 not found)
2025-10-07 01:04:30 ⚠️  Restarting Master Control Loop...
2025-10-07 01:04:30 ✅ Restart command issued
2025-10-07 01:04:31 ❌ Restart required: dead process (PID 4379 not found)
2025-10-07 01:04:31 ⚠️  Restarting Master Control Loop...
2025-10-07 01:04:31 ✅ Restart command issued
2025-10-07 01:04:56 ❌ Restart required: dead process (PID 57 not found)
2025-10-07 01:04:56 ⚠️  Restarting Master Control Loop...
2025-10-07 01:04:56 ✅ Restart command issued
2025-10-07 01:05:20 ✅ Heartbeat OK — PID 49, 0s old
2025-10-07 01:05:22 ❌ Restart required: dead process (PID 4248 not found)
2025-10-07 01:05:22 ⚠️  Restarting Master Control Loop...
2025-10-07 01:05:22 ✅ Restart command issued
2025-10-07 01:05:30 ✅ Heartbeat OK — PID 56, 0s old
2025-10-07 01:05:31 ❌ Restart required: dead process (PID 4387 not found)
2025-10-07 01:05:31 ⚠️  Restarting Master Control Loop...
2025-10-07 01:05:31 ✅ Restart command issued
2025-10-07 01:05:56 ❌ Restart required: dead process (PID 57 not found)
2025-10-07 01:05:56 ⚠️  Restarting Master Control Loop...
2025-10-07 01:05:56 ✅ Restart command issued
2025-10-07 01:06:21 ✅ Heartbeat OK — PID 49, 1s old
2025-10-07 01:06:22 ❌ Restart required: dead process (PID 4248 not found)
2025-10-07 01:06:22 ⚠️  Restarting Master Control Loop...
2025-10-07 01:06:22 ✅ Restart command issued
2025-10-07 01:06:30 ❌ Restart required: dead process (PID 4426 not found)
2025-10-07 01:06:30 ⚠️  Restarting Master Control Loop...
2025-10-07 01:06:30 ✅ Restart command issued
2025-10-07 01:06:31 ❌ Restart required: dead process (PID 4382 not found)
2025-10-07 01:06:31 ⚠️  Restarting Master Control Loop...
2025-10-07 01:06:31 ✅ Restart command issued
2025-10-07 01:06:56 ❌ Restart required: dead process (PID 57 not found)
2025-10-07 01:06:56 ⚠️  Restarting Master Control Loop...
2025-10-07 01:06:56 ✅ Restart command issued
2025-10-07 01:07:21 ✅ Heartbeat OK — PID 50, 0s old
2025-10-07 01:07:22 ✅ Heartbeat OK — PID 47, 0s old
2025-10-07 01:07:30 ❌ Restart required: dead process (PID 4389 not found)
2025-10-07 01:07:30 ⚠️  Restarting Master Control Loop...
2025-10-07 01:07:30 ✅ Restart command issued
2025-10-07 01:07:31 ✅ Heartbeat OK — PID 73, 0s old
2025-10-07 01:07:56 ❌ Restart required: dead process (PID 57 not found)
2025-10-07 01:07:56 ⚠️  Restarting Master Control Loop...
2025-10-07 01:07:56 ✅ Restart command issued
2025-10-07 01:08:21 ✅ Heartbeat OK — PID 48, 0s old
2025-10-07 01:08:22 ✅ Heartbeat OK — PID 47, 0s old
2025-10-07 01:08:30 ✅ Heartbeat OK — PID 59, 0s old
2025-10-07 01:08:31 ✅ Heartbeat OK — PID 75, 0s old
2025-10-07 01:08:56 ❌ Restart required: dead process (PID 57 not found)
2025-10-07 01:08:56 ⚠️  Restarting Master Control Loop...
2025-10-07 01:08:56 ✅ Restart command issued
2025-10-07 01:09:21 ❌ Restart required: dead process (PID 51 not found)
2025-10-07 01:09:21 ⚠️  Restarting Master Control Loop...
2025-10-07 01:09:21 ✅ Restart command issued
2025-10-07 01:09:22 ✅ Heartbeat OK — PID 61, 0s old
2025-10-07 01:09:30 ✅ Heartbeat OK — PID 59, 0s old
2025-10-07 01:09:31 ✅ Heartbeat OK — PID 75, 0s old
2025-10-07 01:09:56 ❌ Restart required: dead process (PID 57 not found)
2025-10-07 01:09:56 ⚠️  Restarting Master Control Loop...
2025-10-07 01:09:56 ✅ Restart command issued
2025-10-07 01:10:21 ✅ Heartbeat OK — PID 51, 0s old
2025-10-07 01:10:22 [WARN] Could not read heartbeat: [Errno 116] Stale file handle
2025-10-07 01:10:22 ❌ Restart required: missing heartbeat file
2025-10-07 01:10:22 ⚠️  Restarting Master Control Loop...
2025-10-07 01:10:22 ✅ Restart command issued
2025-10-07 01:10:30 ✅ Heartbeat OK — PID 60, 0s old
2025-10-07 01:10:31 ❌ Restart required: dead process (PID 4346 not found)
2025-10-07 01:10:31 ⚠️  Restarting Master Control Loop...
2025-10-07 01:10:31 ✅ Restart command issued
2025-10-07 01:10:56 ❌ Restart required: dead process (PID 57 not found)
2025-10-07 01:10:56 ⚠️  Restarting Master Control Loop...
2025-10-07 01:10:56 ✅ Restart command issued
2025-10-07 01:11:21 ✅ Heartbeat OK — PID 51, 0s old
2025-10-07 01:11:22 ❌ Restart required: dead process (PID 4082 not found)
2025-10-07 01:11:22 ⚠️  Restarting Master Control Loop...
2025-10-07 01:11:22 ✅ Restart command issued
2025-10-07 01:11:30 ✅ Heartbeat OK — PID 55, 0s old
2025-10-07 01:11:31 ❌ Restart required: dead process (PID 4346 not found)
2025-10-07 01:11:31 ⚠️  Restarting Master Control Loop...
2025-10-07 01:11:31 ✅ Restart command issued
2025-10-07 01:11:56 ❌ Restart required: dead process (PID 57 not found)
2025-10-07 01:11:56 ⚠️  Restarting Master Control Loop...
2025-10-07 01:11:56 ✅ Restart command issued
2025-10-07 01:12:21 ✅ Heartbeat OK — PID 51, 0s old
2025-10-07 01:12:22 ❌ Restart required: dead process (PID 4082 not found)
2025-10-07 01:12:23 ⚠️  Restarting Master Control Loop...
2025-10-07 01:12:23 ✅ Restart command issued
2025-10-07 01:12:30 [WARN] Could not read heartbeat: Extra data: line 1 column 68 (char 67)
2025-10-07 01:12:30 ❌ Restart required: missing heartbeat file
2025-10-07 01:12:30 ⚠️  Restarting Master Control Loop...
2025-10-07 01:12:30 ✅ Restart command issued
2025-10-07 01:12:31 ✅ Heartbeat OK — PID 76, 0s old
2025-10-07 01:12:56 ❌ Restart required: dead process (PID 57 not found)
2025-10-07 01:12:56 ⚠️  Restarting Master Control Loop...
2025-10-07 01:12:56 ✅ Restart command issued
2025-10-07 01:13:21 ✅ Heartbeat OK — PID 51, 0s old
2025-10-07 01:13:23 ❌ Restart required: dead process (PID 4316 not found)
2025-10-07 01:13:23 ⚠️  Restarting Master Control Loop...
2025-10-07 01:13:23 ✅ Restart command issued
2025-10-07 01:13:31 ✅ Heartbeat OK — PID 61, 0s old
2025-10-07 01:13:32 ❌ Restart required: dead process (PID 4385 not found)
2025-10-07 01:13:32 ⚠️  Restarting Master Control Loop...
2025-10-07 01:13:32 ✅ Restart command issued
2025-10-07 01:13:56 ❌ Restart required: dead process (PID 57 not found)
2025-10-07 01:13:56 ⚠️  Restarting Master Control Loop...
2025-10-07 01:13:56 ✅ Restart command issued
2025-10-07 01:14:21 ❌ Restart required: dead process (PID 52 not found)
2025-10-07 01:14:21 ⚠️  Restarting Master Control Loop...
2025-10-07 01:14:21 ✅ Restart command issued
2025-10-07 01:14:23 ✅ Heartbeat OK — PID 64, 0s old
2025-10-07 01:14:31 ✅ Heartbeat OK — PID 67, 0s old
2025-10-07 01:14:32 ❌ Restart required: dead process (PID 4347 not found)
2025-10-07 01:14:32 ⚠️  Restarting Master Control Loop...
2025-10-07 01:14:32 ✅ Restart command issued
2025-10-07 01:14:56 ❌ Restart required: dead process (PID 57 not found)
2025-10-07 01:14:56 ⚠️  Restarting Master Control Loop...
2025-10-07 01:14:56 ✅ Restart command issued
2025-10-07 01:15:21 ❌ Restart required: dead process (PID 53 not found)
2025-10-07 01:15:21 ⚠️  Restarting Master Control Loop...
2025-10-07 01:15:21 ✅ Restart command issued
2025-10-07 01:15:23 ✅ Heartbeat OK — PID 64, 0s old
2025-10-07 01:15:31 ❌ Restart required: dead process (PID 68 not found)
2025-10-07 01:15:31 ⚠️  Restarting Master Control Loop...
2025-10-07 01:15:31 ✅ Restart command issued
2025-10-07 01:15:32 ❌ Restart required: dead process (PID 4345 not found)
2025-10-07 01:15:32 ⚠️  Restarting Master Control Loop...
2025-10-07 01:15:32 ✅ Restart command issued
2025-10-07 01:15:56 ❌ Restart required: dead process (PID 57 not found)
2025-10-07 01:15:56 ⚠️  Restarting Master Control Loop...
2025-10-07 01:15:56 ✅ Restart command issued
2025-10-07 01:16:21 ✅ Heartbeat OK — PID 52, 0s old
2025-10-07 01:16:23 [WARN] Could not read heartbeat: Expecting value: line 1 column 1 (char 0)
2025-10-07 01:16:23 ❌ Restart required: missing heartbeat file
2025-10-07 01:16:23 ⚠️  Restarting Master Control Loop...
2025-10-07 01:16:23 ✅ Restart command issued
2025-10-07 01:16:31 ❌ Restart required: dead process (PID 4406 not found)
2025-10-07 01:16:31 ⚠️  Restarting Master Control Loop...
2025-10-07 01:16:31 ✅ Restart command issued
2025-10-07 01:16:32 ❌ Restart required: dead process (PID 4348 not found)
2025-10-07 01:16:32 ⚠️  Restarting Master Control Loop...
2025-10-07 01:16:32 ✅ Restart command issued
2025-10-07 01:16:56 ❌ Restart required: dead process (PID 57 not found)
2025-10-07 01:16:56 ⚠️  Restarting Master Control Loop...
2025-10-07 01:16:56 ✅ Restart command issued
2025-10-07 01:17:21 ✅ Heartbeat OK — PID 52, 0s old
2025-10-07 01:17:23 ❌ Restart required: dead process (PID 4338 not found)
2025-10-07 01:17:23 ⚠️  Restarting Master Control Loop...
2025-10-07 01:17:23 ✅ Restart command issued
2025-10-07 01:17:31 ✅ Heartbeat OK — PID 66, 0s old
2025-10-07 01:17:32 ✅ Heartbeat OK — PID 71, 0s old
2025-10-07 01:17:56 ❌ Restart required: dead process (PID 57 not found)
2025-10-07 01:17:56 ⚠️  Restarting Master Control Loop...
2025-10-07 01:17:56 ✅ Restart command issued
2025-10-07 01:18:21 ✅ Heartbeat OK — PID 52, 0s old
2025-10-07 01:18:23 ❌ Restart required: dead process (PID 4148 not found)
2025-10-07 01:18:23 ⚠️  Restarting Master Control Loop...
2025-10-07 01:18:23 ✅ Restart command issued
2025-10-07 01:18:31 ✅ Heartbeat OK — PID 69, 0s old
2025-10-07 01:18:32 ✅ Heartbeat OK — PID 81, 0s old
2025-10-07 01:18:56 ❌ Restart required: dead process (PID 57 not found)
2025-10-07 01:18:56 ⚠️  Restarting Master Control Loop...
2025-10-07 01:18:56 ✅ Restart command issued
2025-10-07 01:19:21 ✅ Heartbeat OK — PID 52, 0s old
2025-10-07 01:19:23 ✅ Heartbeat OK — PID 66, 0s old
2025-10-07 01:19:31 ✅ Heartbeat OK — PID 69, 0s old
2025-10-07 01:19:32 ✅ Heartbeat OK — PID 81, 0s old
2025-10-07 01:19:56 ❌ Restart required: dead process (PID 57 not found)
2025-10-07 01:19:56 ⚠️  Restarting Master Control Loop...
2025-10-07 01:19:56 ✅ Restart command issued
2025-10-07 01:20:22 ✅ Heartbeat OK — PID 52, 1s old
2025-10-07 01:20:23 ❌ Restart required: dead process (PID 4155 not found)
2025-10-07 01:20:23 ⚠️  Restarting Master Control Loop...
2025-10-07 01:20:23 ✅ Restart command issued
2025-10-07 01:20:31 ✅ Heartbeat OK — PID 69, 0s old
2025-10-07 01:20:32 ✅ Heartbeat OK — PID 81, 0s old
2025-10-07 01:20:57 ❌ Restart required: dead process (PID 57 not found)
2025-10-07 01:20:57 ⚠️  Restarting Master Control Loop...
2025-10-07 01:20:57 ✅ Restart command issued
2025-10-07 01:21:22 ✅ Heartbeat OK — PID 52, 1s old
2025-10-07 01:21:23 ✅ Heartbeat OK — PID 68, 0s old
2025-10-07 01:21:31 ✅ Heartbeat OK — PID 69, 0s old
2025-10-07 01:21:32 ✅ Heartbeat OK — PID 81, 0s old
2025-10-07 01:21:57 ❌ Restart required: dead process (PID 57 not found)
2025-10-07 01:21:57 ⚠️  Restarting Master Control Loop...
2025-10-07 01:21:57 ✅ Restart command issued
2025-10-07 01:22:22 ❌ Restart required: dead process (PID 4301 not found)
2025-10-07 01:22:22 ⚠️  Restarting Master Control Loop...
2025-10-07 01:22:22 ✅ Restart command issued
2025-10-07 01:22:23 [WARN] Could not read heartbeat: Extra data: line 1 column 68 (char 67)
2025-10-07 01:22:23 ❌ Restart required: missing heartbeat file
2025-10-07 01:22:23 ⚠️  Restarting Master Control Loop...
2025-10-07 01:22:23 ✅ Restart command issued
2025-10-07 01:22:31 ✅ Heartbeat OK — PID 63, 0s old
2025-10-07 01:22:32 ✅ Heartbeat OK — PID 81, 0s old
2025-10-07 01:22:57 ❌ Restart required: dead process (PID 57 not found)
2025-10-07 01:22:57 ⚠️  Restarting Master Control Loop...
2025-10-07 01:22:57 ✅ Restart command issued
2025-10-07 01:23:22 [WARN] Could not read heartbeat: Extra data: line 1 column 68 (char 67)
2025-10-07 01:23:22 ❌ Restart required: missing heartbeat file
2025-10-07 01:23:22 ⚠️  Restarting Master Control Loop...
2025-10-07 01:23:22 ✅ Restart command issued
2025-10-07 01:23:23 ❌ Restart required: dead process (PID 4294 not found)
2025-10-07 01:23:23 ⚠️  Restarting Master Control Loop...
2025-10-07 01:23:23 ✅ Restart command issued
2025-10-07 01:23:31 ✅ Heartbeat OK — PID 63, 0s old
2025-10-07 01:23:32 ✅ Heartbeat OK — PID 81, 0s old
2025-10-07 01:23:57 ❌ Restart required: dead process (PID 57 not found)
2025-10-07 01:23:57 ⚠️  Restarting Master Control Loop...
2025-10-07 01:23:57 ✅ Restart command issued
2025-10-07 01:24:22 ✅ Heartbeat OK — PID 54, 0s old
2025-10-07 01:24:23 ❌ Restart required: dead process (PID 4294 not found)
2025-10-07 01:24:23 ⚠️  Restarting Master Control Loop...
2025-10-07 01:24:23 ✅ Restart command issued
2025-10-07 01:24:31 ❌ Restart required: dead process (PID 4356 not found)
2025-10-07 01:24:31 ⚠️  Restarting Master Control Loop...
2025-10-07 01:24:31 ✅ Restart command issued
2025-10-07 01:24:32 ✅ Heartbeat OK — PID 80, 0s old
2025-10-07 01:24:57 ❌ Restart required: dead process (PID 57 not found)
2025-10-07 01:24:57 ⚠️  Restarting Master Control Loop...
2025-10-07 01:24:57 ✅ Restart command issued
2025-10-07 01:25:22 ✅ Heartbeat OK — PID 54, 0s old
2025-10-07 01:25:23 ✅ Heartbeat OK — PID 62, 0s old
2025-10-07 01:25:31 ❌ Restart required: dead process (PID 4409 not found)
2025-10-07 01:25:31 ⚠️  Restarting Master Control Loop...
2025-10-07 01:25:31 ✅ Restart command issued
2025-10-07 01:25:32 ❌ Restart required: dead process (PID 4378 not found)
2025-10-07 01:25:32 ⚠️  Restarting Master Control Loop...
2025-10-07 01:25:32 ✅ Restart command issued
2025-10-07 01:25:57 ❌ Restart required: dead process (PID 57 not found)
2025-10-07 01:25:57 ⚠️  Restarting Master Control Loop...
2025-10-07 01:25:57 ✅ Restart command issued
2025-10-07 01:26:22 ✅ Heartbeat OK — PID 55, 0s old
2025-10-07 01:26:23 ✅ Heartbeat OK — PID 62, 0s old
2025-10-07 01:26:31 ✅ Heartbeat OK — PID 70, 0s old
2025-10-07 01:26:32 ❌ Restart required: dead process (PID 4351 not found)
2025-10-07 01:26:32 ⚠️  Restarting Master Control Loop...
2025-10-07 01:26:32 ✅ Restart command issued
2025-10-07 01:26:57 ❌ Restart required: dead process (PID 57 not found)
2025-10-07 01:26:57 ⚠️  Restarting Master Control Loop...
2025-10-07 01:26:57 ✅ Restart command issued
2025-10-07 01:27:22 ✅ Heartbeat OK — PID 55, 0s old
2025-10-07 01:27:24 ✅ Heartbeat OK — PID 72, 1s old
2025-10-07 01:27:31 ✅ Heartbeat OK — PID 70, 0s old
2025-10-07 01:27:33 ❌ Restart required: dead process (PID 4333 not found)
2025-10-07 01:27:33 ⚠️  Restarting Master Control Loop...
2025-10-07 01:27:33 ✅ Restart command issued
2025-10-07 01:27:57 ❌ Restart required: dead process (PID 57 not found)
2025-10-07 01:27:57 ⚠️  Restarting Master Control Loop...
2025-10-07 01:27:57 ✅ Restart command issued
2025-10-07 01:28:22 ❌ Restart required: dead process (PID 4126 not found)
2025-10-07 01:28:22 ⚠️  Restarting Master Control Loop...
2025-10-07 01:28:22 ✅ Restart command issued
2025-10-07 01:28:24 ✅ Heartbeat OK — PID 72, 0s old
2025-10-07 01:28:32 ❌ Restart required: dead process (PID 4398 not found)
2025-10-07 01:28:32 ⚠️  Restarting Master Control Loop...
2025-10-07 01:28:32 ✅ Restart command issued
2025-10-07 01:28:33 ❌ Restart required: dead process (PID 4333 not found)
2025-10-07 01:28:33 ⚠️  Restarting Master Control Loop...
2025-10-07 01:28:33 ✅ Restart command issued
2025-10-07 01:28:57 ❌ Restart required: dead process (PID 57 not found)
2025-10-07 01:28:57 ⚠️  Restarting Master Control Loop...
2025-10-07 01:28:57 ✅ Restart command issued
2025-10-07 01:29:22 ✅ Heartbeat OK — PID 46, 0s old
2025-10-07 01:29:24 ❌ Restart required: dead process (PID 4127 not found)
2025-10-07 01:29:24 ⚠️  Restarting Master Control Loop...
2025-10-07 01:29:24 ✅ Restart command issued
2025-10-07 01:29:32 ✅ Heartbeat OK — PID 72, 0s old
2025-10-07 01:29:33 ✅ Heartbeat OK — PID 83, 0s old
2025-10-07 01:29:57 ❌ Restart required: dead process (PID 57 not found)
2025-10-07 01:29:57 ⚠️  Restarting Master Control Loop...
2025-10-07 01:29:57 ✅ Restart command issued
2025-10-07 01:30:22 ✅ Heartbeat OK — PID 46, 0s old
2025-10-07 01:30:24 ✅ Heartbeat OK — PID 71, 0s old
2025-10-07 01:30:32 ❌ Restart required: dead process (PID 4390 not found)
2025-10-07 01:30:32 ⚠️  Restarting Master Control Loop...
2025-10-07 01:30:32 ✅ Restart command issued
2025-10-07 01:30:33 ✅ Heartbeat OK — PID 84, 0s old
2025-10-07 01:30:57 ❌ Restart required: dead process (PID 57 not found)
2025-10-07 01:30:57 ⚠️  Restarting Master Control Loop...
2025-10-07 01:30:57 ✅ Restart command issued
2025-10-07 01:31:22 ✅ Heartbeat OK — PID 46, 0s old
2025-10-07 01:31:24 ✅ Heartbeat OK — PID 71, 0s old
2025-10-07 01:31:32 ✅ Heartbeat OK — PID 72, 0s old
2025-10-07 01:31:33 ❌ Restart required: dead process (PID 4350 not found)
2025-10-07 01:31:33 ⚠️  Restarting Master Control Loop...
2025-10-07 01:31:33 ✅ Restart command issued
2025-10-07 01:31:57 ❌ Restart required: dead process (PID 57 not found)
2025-10-07 01:31:57 ⚠️  Restarting Master Control Loop...
2025-10-07 01:31:57 ✅ Restart command issued
2025-10-07 01:32:22 ✅ Heartbeat OK — PID 53, 0s old
2025-10-07 01:32:24 ❌ Restart required: dead process (PID 4259 not found)
2025-10-07 01:32:24 ⚠️  Restarting Master Control Loop...
2025-10-07 01:32:24 ✅ Restart command issued
2025-10-07 01:32:32 ✅ Heartbeat OK — PID 72, 0s old
2025-10-07 01:32:33 ❌ Restart required: dead process (PID 4350 not found)
2025-10-07 01:32:33 ⚠️  Restarting Master Control Loop...
2025-10-07 01:32:33 ✅ Restart command issued
2025-10-07 01:32:57 ❌ Restart required: dead process (PID 57 not found)
2025-10-07 01:32:57 ⚠️  Restarting Master Control Loop...
2025-10-07 01:32:57 ✅ Restart command issued
2025-10-07 01:33:22 ✅ Heartbeat OK — PID 53, 0s old
2025-10-07 01:33:24 ✅ Heartbeat OK — PID 73, 0s old
2025-10-07 01:33:32 ❌ Restart required: dead process (PID 4390 not found)
2025-10-07 01:33:32 ⚠️  Restarting Master Control Loop...
2025-10-07 01:33:32 ✅ Restart command issued
2025-10-07 01:33:33 ❌ Restart required: dead process (PID 4350 not found)
2025-10-07 01:33:33 ⚠️  Restarting Master Control Loop...
2025-10-07 01:33:33 ✅ Restart command issued
2025-10-07 01:33:57 ❌ Restart required: dead process (PID 57 not found)
2025-10-07 01:33:57 ⚠️  Restarting Master Control Loop...
2025-10-07 01:33:57 ✅ Restart command issued
2025-10-07 01:34:22 ✅ Heartbeat OK — PID 56, 0s old
2025-10-07 01:34:24 ✅ Heartbeat OK — PID 73, 0s old
2025-10-07 01:34:32 ❌ Restart required: dead process (PID 4380 not found)
2025-10-07 01:34:32 ⚠️  Restarting Master Control Loop...
2025-10-07 01:34:32 ✅ Restart command issued
2025-10-07 01:34:33 ✅ Heartbeat OK — PID 86, 0s old
2025-10-07 01:34:57 ❌ Restart required: dead process (PID 57 not found)
2025-10-07 01:34:57 ⚠️  Restarting Master Control Loop...
2025-10-07 01:34:57 ✅ Restart command issued
2025-10-07 01:35:22 ✅ Heartbeat OK — PID 56, 0s old
2025-10-07 01:35:24 ❌ Restart required: dead process (PID 4259 not found)
2025-10-07 01:35:24 ⚠️  Restarting Master Control Loop...
2025-10-07 01:35:24 ✅ Restart command issued
2025-10-07 01:35:32 [WARN] Could not read heartbeat: Extra data: line 1 column 68 (char 67)
2025-10-07 01:35:32 ❌ Restart required: missing heartbeat file
2025-10-07 01:35:32 ⚠️  Restarting Master Control Loop...
2025-10-07 01:35:32 ✅ Restart command issued
2025-10-07 01:35:33 ✅ Heartbeat OK — PID 87, 0s old
2025-10-07 01:35:57 ❌ Restart required: dead process (PID 57 not found)
2025-10-07 01:35:57 ⚠️  Restarting Master Control Loop...
2025-10-07 01:35:57 ✅ Restart command issued
2025-10-07 01:36:23 ✅ Heartbeat OK — PID 50, 0s old
2025-10-07 01:36:24 ✅ Heartbeat OK — PID 74, 0s old
2025-10-07 01:36:32 ❌ Restart required: dead process (PID 4408 not found)
2025-10-07 01:36:32 ⚠️  Restarting Master Control Loop...
2025-10-07 01:36:32 ✅ Restart command issued
2025-10-07 01:36:33 ✅ Heartbeat OK — PID 88, 0s old
2025-10-07 01:36:57 ❌ Restart required: dead process (PID 57 not found)
2025-10-07 01:36:57 ⚠️  Restarting Master Control Loop...
2025-10-07 01:36:57 ✅ Restart command issued
2025-10-07 01:37:23 ✅ Heartbeat OK — PID 55, 0s old
2025-10-07 01:37:24 ✅ Heartbeat OK — PID 74, 0s old
2025-10-07 01:37:32 ✅ Heartbeat OK — PID 76, 0s old
2025-10-07 01:37:33 ❌ Restart required: dead process (PID 4354 not found)
2025-10-07 01:37:33 ⚠️  Restarting Master Control Loop...
2025-10-07 01:37:33 ✅ Restart command issued
2025-10-07 01:37:57 ❌ Restart required: dead process (PID 57 not found)
2025-10-07 01:37:57 ⚠️  Restarting Master Control Loop...
2025-10-07 01:37:57 ✅ Restart command issued
2025-10-07 01:38:23 ✅ Heartbeat OK — PID 47, 0s old
2025-10-07 01:38:24 ✅ Heartbeat OK — PID 75, 0s old
2025-10-07 01:38:32 ✅ Heartbeat OK — PID 76, 0s old
2025-10-07 01:38:33 ❌ Restart required: dead process (PID 4354 not found)
2025-10-07 01:38:33 ⚠️  Restarting Master Control Loop...
2025-10-07 01:38:33 ✅ Restart command issued
2025-10-07 01:38:57 ❌ Restart required: dead process (PID 57 not found)
2025-10-07 01:38:57 ⚠️  Restarting Master Control Loop...
2025-10-07 01:38:57 ✅ Restart command issued
2025-10-07 01:39:23 ✅ Heartbeat OK — PID 51, 0s old
2025-10-07 01:39:24 [WARN] Could not read heartbeat: Extra data: line 1 column 68 (char 67)
2025-10-07 01:39:24 ❌ Restart required: missing heartbeat file
2025-10-07 01:39:24 ⚠️  Restarting Master Control Loop...
2025-10-07 01:39:24 ✅ Restart command issued
2025-10-07 01:39:32 ✅ Heartbeat OK — PID 76, 0s old
2025-10-07 01:39:33 ❌ Restart required: dead process (PID 4354 not found)
2025-10-07 01:39:33 ⚠️  Restarting Master Control Loop...
2025-10-07 01:39:33 ✅ Restart command issued
2025-10-07 01:39:57 ❌ Restart required: dead process (PID 57 not found)
2025-10-07 01:39:57 ⚠️  Restarting Master Control Loop...
2025-10-07 01:39:57 ✅ Restart command issued
2025-10-07 01:40:23 ✅ Heartbeat OK — PID 51, 0s old
2025-10-07 01:40:24 ❌ Restart required: dead process (PID 4281 not found)
2025-10-07 01:40:24 ⚠️  Restarting Master Control Loop...
2025-10-07 01:40:24 ✅ Restart command issued
2025-10-07 01:40:32 ✅ Heartbeat OK — PID 77, 0s old
2025-10-07 01:40:34 ✅ Heartbeat OK — PID 90, 0s old
2025-10-07 01:40:57 ❌ Restart required: dead process (PID 57 not found)
2025-10-07 01:40:57 ⚠️  Restarting Master Control Loop...
2025-10-07 01:40:57 ✅ Restart command issued
2025-10-07 01:41:23 ✅ Heartbeat OK — PID 51, 0s old
2025-10-07 01:41:25 ❌ Restart required: dead process (PID 4297 not found)
2025-10-07 01:41:25 ⚠️  Restarting Master Control Loop...
2025-10-07 01:41:25 ✅ Restart command issued
2025-10-07 01:41:32 ❌ Restart required: dead process (PID 4382 not found)
2025-10-07 01:41:32 ⚠️  Restarting Master Control Loop...
2025-10-07 01:41:32 ✅ Restart command issued
2025-10-07 01:41:34 ✅ Heartbeat OK — PID 90, 0s old
2025-10-07 01:41:57 ❌ Restart required: dead process (PID 57 not found)
2025-10-07 01:41:57 ⚠️  Restarting Master Control Loop...
2025-10-07 01:41:57 ✅ Restart command issued
2025-10-07 01:42:23 ✅ Heartbeat OK — PID 51, 0s old
2025-10-07 01:42:25 ❌ Restart required: dead process (PID 4292 not found)
2025-10-07 01:42:25 ⚠️  Restarting Master Control Loop...
2025-10-07 01:42:25 ✅ Restart command issued
2025-10-07 01:42:33 ❌ Restart required: dead process (PID 4382 not found)
2025-10-07 01:42:33 ⚠️  Restarting Master Control Loop...
2025-10-07 01:42:33 ✅ Restart command issued
2025-10-07 01:42:34 [WARN] Could not read heartbeat: Extra data: line 1 column 68 (char 67)
2025-10-07 01:42:34 ❌ Restart required: missing heartbeat file
2025-10-07 01:42:34 ⚠️  Restarting Master Control Loop...
2025-10-07 01:42:34 ✅ Restart command issued
2025-10-07 01:42:57 ❌ Restart required: dead process (PID 57 not found)
2025-10-07 01:42:57 ⚠️  Restarting Master Control Loop...
2025-10-07 01:42:57 ✅ Restart command issued
2025-10-07 01:43:23 ✅ Heartbeat OK — PID 51, 0s old
2025-10-07 01:43:25 ❌ Restart required: dead process (PID 4292 not found)
2025-10-07 01:43:25 ⚠️  Restarting Master Control Loop...
2025-10-07 01:43:25 ✅ Restart command issued
2025-10-07 01:43:33 ❌ Restart required: dead process (PID 4343 not found)
2025-10-07 01:43:33 ⚠️  Restarting Master Control Loop...
2025-10-07 01:43:33 ✅ Restart command issued
2025-10-07 01:43:34 ❌ Restart required: dead process (PID 4334 not found)
2025-10-07 01:43:34 ⚠️  Restarting Master Control Loop...
2025-10-07 01:43:34 ✅ Restart command issued
2025-10-07 01:43:57 ❌ Restart required: dead process (PID 57 not found)
2025-10-07 01:43:57 ⚠️  Restarting Master Control Loop...
2025-10-07 01:43:57 ✅ Restart command issued
2025-10-07 01:44:23 ❌ Restart required: dead process (PID 59 not found)
2025-10-07 01:44:23 ⚠️  Restarting Master Control Loop...
2025-10-07 01:44:23 ✅ Restart command issued
2025-10-07 01:44:25 ✅ Heartbeat OK — PID 77, 0s old
2025-10-07 01:44:33 ✅ Heartbeat OK — PID 79, 0s old
2025-10-07 01:44:34 ❌ Restart required: dead process (PID 4334 not found)
2025-10-07 01:44:34 ⚠️  Restarting Master Control Loop...
2025-10-07 01:44:34 ✅ Restart command issued
2025-10-07 01:44:57 ✅ Heartbeat OK — PID 4287, 1s old
2025-10-07 01:45:23 ❌ Restart required: dead process (PID 4295 not found)
2025-10-07 01:45:23 ⚠️  Restarting Master Control Loop...
2025-10-07 01:45:23 ✅ Restart command issued
2025-10-07 01:45:25 ✅ Heartbeat OK — PID 79, 0s old
2025-10-07 01:45:33 ❌ Restart required: dead process (PID 4355 not found)
2025-10-07 01:45:33 ⚠️  Restarting Master Control Loop...
2025-10-07 01:45:33 ✅ Restart command issued
2025-10-07 01:45:34 ✅ Heartbeat OK — PID 92, 0s old
2025-10-07 01:45:57 ✅ Heartbeat OK — PID 4287, 0s old
2025-10-07 01:46:23 ❌ Restart required: dead process (PID 61 not found)
2025-10-07 01:46:23 ⚠️  Restarting Master Control Loop...
2025-10-07 01:46:23 ✅ Restart command issued
2025-10-07 01:46:25 ✅ Heartbeat OK — PID 80, 0s old
2025-10-07 01:46:33 ❌ Restart required: dead process (PID 4346 not found)
2025-10-07 01:46:33 ⚠️  Restarting Master Control Loop...
2025-10-07 01:46:33 ✅ Restart command issued
2025-10-07 01:46:34 ✅ Heartbeat OK — PID 93, 0s old
2025-10-07 01:46:57 ✅ Heartbeat OK — PID 4287, 0s old
2025-10-07 01:47:23 ❌ Restart required: dead process (PID 4266 not found)
2025-10-07 01:47:23 ⚠️  Restarting Master Control Loop...
2025-10-07 01:47:23 ✅ Restart command issued
2025-10-07 01:47:25 ❌ Restart required: dead process (PID 4335 not found)
2025-10-07 01:47:25 ⚠️  Restarting Master Control Loop...
2025-10-07 01:47:25 ✅ Restart command issued
2025-10-07 01:47:33 ❌ Restart required: dead process (PID 4347 not found)
2025-10-07 01:47:33 ⚠️  Restarting Master Control Loop...
2025-10-07 01:47:33 ✅ Restart command issued
2025-10-07 01:47:34 ❌ Restart required: dead process (PID 4309 not found)
2025-10-07 01:47:34 ⚠️  Restarting Master Control Loop...
2025-10-07 01:47:34 ✅ Restart command issued
2025-10-07 01:47:57 ✅ Heartbeat OK — PID 4287, 0s old
2025-10-07 01:48:23 ✅ Heartbeat OK — PID 59, 0s old
2025-10-07 01:48:25 ❌ Restart required: dead process (PID 4282 not found)
2025-10-07 01:48:25 ⚠️  Restarting Master Control Loop...
2025-10-07 01:48:25 ✅ Restart command issued
2025-10-07 01:48:33 ✅ Heartbeat OK — PID 82, 0s old
2025-10-07 01:48:34 ❌ Restart required: dead process (PID 4309 not found)
2025-10-07 01:48:34 ⚠️  Restarting Master Control Loop...
2025-10-07 01:48:34 ✅ Restart command issued
2025-10-07 01:48:57 ✅ Heartbeat OK — PID 4287, 0s old
2025-10-07 01:49:23 [WARN] Could not read heartbeat: Extra data: line 1 column 68 (char 67)
2025-10-07 01:49:23 ❌ Restart required: missing heartbeat file
2025-10-07 01:49:23 ⚠️  Restarting Master Control Loop...
2025-10-07 01:49:23 ✅ Restart command issued
2025-10-07 01:49:25 ✅ Heartbeat OK — PID 81, 0s old
2025-10-07 01:49:33 ❌ Restart required: dead process (PID 4353 not found)
2025-10-07 01:49:33 ⚠️  Restarting Master Control Loop...
2025-10-07 01:49:33 ✅ Restart command issued
2025-10-07 01:49:34 ❌ Restart required: dead process (PID 4309 not found)
2025-10-07 01:49:34 ⚠️  Restarting Master Control Loop...
2025-10-07 01:49:34 ✅ Restart command issued
2025-10-07 01:49:57 ✅ Heartbeat OK — PID 4287, 0s old
2025-10-07 01:50:24 ❌ Restart required: dead process (PID 4311 not found)
2025-10-07 01:50:24 ⚠️  Restarting Master Control Loop...
2025-10-07 01:50:24 ✅ Restart command issued
2025-10-07 01:50:25 ❌ Restart required: dead process (PID 4277 not found)
2025-10-07 01:50:25 ⚠️  Restarting Master Control Loop...
2025-10-07 01:50:25 ✅ Restart command issued
2025-10-07 01:50:33 ❌ Restart required: dead process (PID 4353 not found)
2025-10-07 01:50:33 ⚠️  Restarting Master Control Loop...
2025-10-07 01:50:33 ✅ Restart command issued
2025-10-07 01:50:34 ❌ Restart required: dead process (PID 4349 not found)
2025-10-07 01:50:34 ⚠️  Restarting Master Control Loop...
2025-10-07 01:50:34 ✅ Restart command issued
2025-10-07 01:50:57 ✅ Heartbeat OK — PID 4287, 0s old
2025-10-07 01:51:24 ✅ Heartbeat OK — PID 61, 0s old
2025-10-07 01:51:25 ✅ Heartbeat OK — PID 82, 0s old
2025-10-07 01:51:33 ❌ Restart required: dead process (PID 4340 not found)
2025-10-07 01:51:33 ⚠️  Restarting Master Control Loop...
2025-10-07 01:51:33 ✅ Restart command issued
2025-10-07 01:51:34 [WARN] Could not read heartbeat: Extra data: line 1 column 68 (char 67)
2025-10-07 01:51:34 ❌ Restart required: missing heartbeat file
2025-10-07 01:51:34 ⚠️  Restarting Master Control Loop...
2025-10-07 01:51:34 ✅ Restart command issued
2025-10-07 01:51:57 ✅ Heartbeat OK — PID 4287, 0s old
2025-10-07 01:52:24 ❌ Restart required: dead process (PID 4280 not found)
2025-10-07 01:52:24 ⚠️  Restarting Master Control Loop...
2025-10-07 01:52:24 ✅ Restart command issued
2025-10-07 01:52:25 ❌ Restart required: dead process (PID 4279 not found)
2025-10-07 01:52:25 ⚠️  Restarting Master Control Loop...
2025-10-07 01:52:25 ✅ Restart command issued
2025-10-07 01:52:33 ❌ Restart required: dead process (PID 4353 not found)
2025-10-07 01:52:33 ⚠️  Restarting Master Control Loop...
2025-10-07 01:52:33 ✅ Restart command issued
2025-10-07 01:52:34 ❌ Restart required: dead process (PID 4332 not found)
2025-10-07 01:52:34 ⚠️  Restarting Master Control Loop...
2025-10-07 01:52:34 ✅ Restart command issued
2025-10-07 01:52:57 ✅ Heartbeat OK — PID 4149, 0s old
2025-10-07 01:53:24 ❌ Restart required: dead process (PID 4280 not found)
2025-10-07 01:53:24 ⚠️  Restarting Master Control Loop...
2025-10-07 01:53:24 ✅ Restart command issued
2025-10-07 01:53:25 ❌ Restart required: dead process (PID 4269 not found)
2025-10-07 01:53:25 ⚠️  Restarting Master Control Loop...
2025-10-07 01:53:25 ✅ Restart command issued
2025-10-07 01:53:33 [WARN] Could not read heartbeat: Expecting value: line 1 column 1 (char 0)
2025-10-07 01:53:33 ❌ Restart required: missing heartbeat file
2025-10-07 01:53:33 ⚠️  Restarting Master Control Loop...
2025-10-07 01:53:33 ✅ Restart command issued
2025-10-07 01:53:34 [WARN] Could not read heartbeat: Extra data: line 1 column 68 (char 67)
2025-10-07 01:53:34 ❌ Restart required: missing heartbeat file
2025-10-07 01:53:34 ⚠️  Restarting Master Control Loop...
2025-10-07 01:53:34 ✅ Restart command issued
2025-10-07 01:53:57 ✅ Heartbeat OK — PID 4149, 0s old
2025-10-07 01:54:24 ✅ Heartbeat OK — PID 63, 0s old
2025-10-07 01:54:25 ✅ Heartbeat OK — PID 84, 0s old
2025-10-07 01:54:33 ❌ Restart required: dead process (PID 4353 not found)
2025-10-07 01:54:33 ⚠️  Restarting Master Control Loop...
2025-10-07 01:54:33 ✅ Restart command issued
2025-10-07 01:54:34 ❌ Restart required: dead process (PID 4357 not found)
2025-10-07 01:54:34 ⚠️  Restarting Master Control Loop...
2025-10-07 01:54:34 ✅ Restart command issued
2025-10-07 01:54:57 ✅ Heartbeat OK — PID 4149, 0s old
2025-10-07 01:55:24 ❌ Restart required: dead process (PID 4247 not found)
2025-10-07 01:55:24 ⚠️  Restarting Master Control Loop...
2025-10-07 01:55:24 ✅ Restart command issued
2025-10-07 01:55:26 ✅ Heartbeat OK — PID 85, 0s old
2025-10-07 01:55:33 ❌ Restart required: dead process (PID 4387 not found)
2025-10-07 01:55:33 ⚠️  Restarting Master Control Loop...
2025-10-07 01:55:33 ✅ Restart command issued
2025-10-07 01:55:35 ❌ Restart required: dead process (PID 4312 not found)
2025-10-07 01:55:35 ⚠️  Restarting Master Control Loop...
2025-10-07 01:55:35 ✅ Restart command issued
2025-10-07 01:55:57 ✅ Heartbeat OK — PID 4287, 0s old
2025-10-07 01:56:24 ❌ Restart required: dead process (PID 4209 not found)
2025-10-07 01:56:24 ⚠️  Restarting Master Control Loop...
2025-10-07 01:56:24 ✅ Restart command issued
2025-10-07 01:56:26 ✅ Heartbeat OK — PID 83, 0s old
2025-10-07 01:56:34 ✅ Heartbeat OK — PID 85, 0s old
2025-10-07 01:56:35 ✅ Heartbeat OK — PID 102, 0s old
2025-10-07 01:56:57 ✅ Heartbeat OK — PID 4287, 0s old
2025-10-07 01:57:24 ❌ Restart required: dead process (PID 4209 not found)
2025-10-07 01:57:24 ⚠️  Restarting Master Control Loop...
2025-10-07 01:57:24 ✅ Restart command issued
2025-10-07 01:57:26 ❌ Restart required: dead process (PID 4313 not found)
2025-10-07 01:57:26 ⚠️  Restarting Master Control Loop...
2025-10-07 01:57:26 ✅ Restart command issued
2025-10-07 01:57:34 [WARN] Could not read heartbeat: Expecting value: line 1 column 1 (char 0)
2025-10-07 01:57:34 ❌ Restart required: missing heartbeat file
2025-10-07 01:57:34 ⚠️  Restarting Master Control Loop...
2025-10-07 01:57:34 ✅ Restart command issued
2025-10-07 01:57:35 ✅ Heartbeat OK — PID 103, 0s old
2025-10-07 01:57:57 ✅ Heartbeat OK — PID 4287, 0s old
2025-10-07 01:58:24 ✅ Heartbeat OK — PID 66, 0s old
2025-10-07 01:58:26 ❌ Restart required: dead process (PID 4180 not found)
2025-10-07 01:58:26 ⚠️  Restarting Master Control Loop...
2025-10-07 01:58:26 ✅ Restart command issued
2025-10-07 01:58:34 ✅ Heartbeat OK — PID 86, 0s old
2025-10-07 01:58:35 ❌ Restart required: dead process (PID 4341 not found)
2025-10-07 01:58:35 ⚠️  Restarting Master Control Loop...
2025-10-07 01:58:35 ✅ Restart command issued
2025-10-07 01:58:57 ✅ Heartbeat OK — PID 4287, 0s old
2025-10-07 01:59:24 ✅ Heartbeat OK — PID 64, 0s old
2025-10-07 01:59:26 ✅ Heartbeat OK — PID 86, 0s old
2025-10-07 01:59:34 [WARN] Could not read heartbeat: Extra data: line 1 column 68 (char 67)
2025-10-07 01:59:34 ❌ Restart required: missing heartbeat file
2025-10-07 01:59:34 ⚠️  Restarting Master Control Loop...
2025-10-07 01:59:34 ✅ Restart command issued
2025-10-07 01:59:35 ❌ Restart required: dead process (PID 4341 not found)
2025-10-07 01:59:35 ⚠️  Restarting Master Control Loop...
2025-10-07 01:59:35 ✅ Restart command issued
2025-10-07 01:59:57 ✅ Heartbeat OK — PID 4287, 0s old
2025-10-07 02:00:24 ✅ Heartbeat OK — PID 65, 0s old
2025-10-07 02:00:26 ✅ Heartbeat OK — PID 84, 0s old
2025-10-07 02:00:35 ❌ Restart required: dead process (PID 4293 not found)
2025-10-07 02:00:36 ❌ Restart required: dead process (PID 4293 not found)
2025-10-07 02:00:39 ⚠️  Restarting Master Control Loop...
2025-10-07 02:00:39 ⚠️  Restarting Master Control Loop...
2025-10-07 02:00:39 ✅ Restart command issued
2025-10-07 02:00:39 ✅ Restart command issued
2025-10-07 02:00:57 ✅ Heartbeat OK — PID 4151, 0s old
2025-10-07 02:01:25 ❌ Restart required: dead process (PID 4317 not found)
2025-10-07 02:01:25 ⚠️  Restarting Master Control Loop...
2025-10-07 02:01:25 ✅ Restart command issued
2025-10-07 02:01:27 ❌ Restart required: dead process (PID 4250 not found)
2025-10-07 02:01:28 ⚠️  Restarting Master Control Loop...
2025-10-07 02:01:28 ✅ Restart command issued
2025-10-07 02:01:39 ✅ Heartbeat OK — PID 87, 0s old
2025-10-07 02:01:39 ✅ Heartbeat OK — PID 87, 0s old
2025-10-07 02:01:57 ❌ Restart required: dead process (PID 62 not found)
2025-10-07 02:01:57 ⚠️  Restarting Master Control Loop...
2025-10-07 02:01:57 ✅ Restart command issued
2025-10-07 02:02:25 ❌ Restart required: dead process (PID 4178 not found)
2025-10-07 02:02:25 ⚠️  Restarting Master Control Loop...
2025-10-07 02:02:25 ✅ Restart command issued
2025-10-07 02:02:29 ❌ Restart required: dead process (PID 4460 not found)
2025-10-07 02:02:29 ⚠️  Restarting Master Control Loop...
2025-10-07 02:02:29 ✅ Restart command issued
2025-10-07 02:02:40 ✅ Heartbeat OK — PID 87, 1s old
2025-10-07 02:02:40 ✅ Heartbeat OK — PID 87, 1s old
2025-10-07 02:02:57 ✅ Heartbeat OK — PID 4149, 0s old
2025-10-07 02:03:25 ✅ Heartbeat OK — PID 53, 0s old
2025-10-07 02:03:29 ❌ Restart required: dead process (PID 4456 not found)
2025-10-07 02:03:29 ⚠️  Restarting Master Control Loop...
2025-10-07 02:03:29 ✅ Restart command issued
2025-10-07 02:03:40 ✅ Heartbeat OK — PID 87, 0s old
2025-10-07 02:03:40 ✅ Heartbeat OK — PID 87, 0s old
2025-10-07 02:03:57 ✅ Heartbeat OK — PID 4149, 0s old
2025-10-07 02:04:25 ✅ Heartbeat OK — PID 53, 0s old
2025-10-07 02:04:29 ❌ Restart required: dead process (PID 4451 not found)
2025-10-07 02:04:29 ⚠️  Restarting Master Control Loop...
2025-10-07 02:04:29 ✅ Restart command issued
2025-10-07 02:04:40 ❌ Restart required: dead process (PID 4273 not found)
2025-10-07 02:04:40 ❌ Restart required: dead process (PID 4273 not found)
2025-10-07 02:04:40 ⚠️  Restarting Master Control Loop...
2025-10-07 02:04:40 ⚠️  Restarting Master Control Loop...
2025-10-07 02:04:40 ✅ Restart command issued
2025-10-07 02:04:40 ✅ Restart command issued
2025-10-07 02:04:57 ✅ Heartbeat OK — PID 4151, 0s old
2025-10-07 02:05:26 ❌ Restart required: dead process (PID 4335 not found)
2025-10-07 02:05:26 ⚠️  Restarting Master Control Loop...
2025-10-07 02:05:26 ✅ Restart command issued
2025-10-07 02:05:29 ❌ Restart required: dead process (PID 4447 not found)
2025-10-07 02:05:29 ⚠️  Restarting Master Control Loop...
2025-10-07 02:05:29 ✅ Restart command issued
2025-10-07 02:05:40 ❌ Restart required: dead process (PID 4291 not found)
2025-10-07 02:05:40 ❌ Restart required: dead process (PID 4291 not found)
2025-10-07 02:05:40 ⚠️  Restarting Master Control Loop...
2025-10-07 02:05:40 ⚠️  Restarting Master Control Loop...
2025-10-07 02:05:40 ✅ Restart command issued
2025-10-07 02:05:40 ✅ Restart command issued
2025-10-07 02:05:57 ✅ Heartbeat OK — PID 4151, 0s old
2025-10-07 02:06:26 ✅ Heartbeat OK — PID 63, 0s old
2025-10-07 02:06:29 ✅ Heartbeat OK — PID 81, 0s old
2025-10-07 02:06:40 ✅ Heartbeat OK — PID 107, 0s old
2025-10-07 02:06:40 ❌ Restart required: dead process (PID 107 not found)
2025-10-07 02:06:40 ⚠️  Restarting Master Control Loop...
2025-10-07 02:06:40 ✅ Restart command issued
2025-10-07 02:06:57 ✅ Heartbeat OK — PID 4151, 0s old
2025-10-07 02:07:26 ❌ Restart required: dead process (PID 4298 not found)
2025-10-07 02:07:26 ⚠️  Restarting Master Control Loop...
2025-10-07 02:07:26 ✅ Restart command issued
2025-10-07 02:07:29 ❌ Restart required: dead process (PID 4473 not found)
2025-10-07 02:07:29 ⚠️  Restarting Master Control Loop...
2025-10-07 02:07:29 ✅ Restart command issued
2025-10-07 02:07:40 ❌ Restart required: dead process (PID 4325 not found)
2025-10-07 02:07:40 ⚠️  Restarting Master Control Loop...
2025-10-07 02:07:40 ✅ Restart command issued
2025-10-07 02:07:40 ❌ Restart required: dead process (PID 4325 not found)
2025-10-07 02:07:40 ⚠️  Restarting Master Control Loop...
2025-10-07 02:07:40 ✅ Restart command issued
2025-10-07 02:07:57 ✅ Heartbeat OK — PID 4151, 0s old
2025-10-07 02:08:26 ❌ Restart required: dead process (PID 4279 not found)
2025-10-07 02:08:26 ⚠️  Restarting Master Control Loop...
2025-10-07 02:08:26 ✅ Restart command issued
2025-10-07 02:08:29 ✅ Heartbeat OK — PID 58, 0s old
2025-10-07 02:08:40 ❌ Restart required: dead process (PID 4325 not found)
2025-10-07 02:08:40 ⚠️  Restarting Master Control Loop...
2025-10-07 02:08:40 ✅ Restart command issued
2025-10-07 02:08:40 ❌ Restart required: dead process (PID 108 not found)
2025-10-07 02:08:40 ⚠️  Restarting Master Control Loop...
2025-10-07 02:08:40 ✅ Restart command issued
2025-10-07 02:08:57 ✅ Heartbeat OK — PID 4151, 0s old
2025-10-07 02:09:26 ✅ Heartbeat OK — PID 65, 0s old
2025-10-07 02:09:29 ❌ Restart required: dead process (PID 4473 not found)
2025-10-07 02:09:29 ⚠️  Restarting Master Control Loop...
2025-10-07 02:09:29 ✅ Restart command issued
2025-10-07 02:09:40 ✅ Heartbeat OK — PID 95, 0s old
2025-10-07 02:09:40 ❌ Restart required: dead process (PID 109 not found)
2025-10-07 02:09:40 ⚠️  Restarting Master Control Loop...
2025-10-07 02:09:40 ✅ Restart command issued
2025-10-07 02:09:57 ✅ Heartbeat OK — PID 4151, 0s old
2025-10-07 02:10:26 ✅ Heartbeat OK — PID 71, 0s old
2025-10-07 02:10:30 ❌ Restart required: dead process (PID 4457 not found)
2025-10-07 02:10:30 ⚠️  Restarting Master Control Loop...
2025-10-07 02:10:30 ✅ Restart command issued
2025-10-07 02:10:40 ✅ Heartbeat OK — PID 109, 0s old
2025-10-07 02:10:40 ✅ Heartbeat OK — PID 80, 0s old
2025-10-07 02:10:58 ✅ Heartbeat OK — PID 4254, 1s old
2025-10-07 02:11:26 ❌ Restart required: dead process (PID 4269 not found)
2025-10-07 02:11:26 ⚠️  Restarting Master Control Loop...
2025-10-07 02:11:26 ✅ Restart command issued
2025-10-07 02:11:30 ✅ Heartbeat OK — PID 93, 0s old
2025-10-07 02:11:40 ✅ Heartbeat OK — PID 97, 0s old
2025-10-07 02:11:40 ✅ Heartbeat OK — PID 98, 0s old
2025-10-07 02:11:58 ✅ Heartbeat OK — PID 4151, 0s old
2025-10-07 02:12:26 ❌ Restart required: dead process (PID 4229 not found)
2025-10-07 02:12:26 ⚠️  Restarting Master Control Loop...
2025-10-07 02:12:26 ✅ Restart command issued
2025-10-07 02:12:30 ✅ Heartbeat OK — PID 94, 0s old
2025-10-07 02:12:40 [WARN] Could not read heartbeat: Expecting value: line 1 column 1 (char 0)
2025-10-07 02:12:40 ❌ Restart required: missing heartbeat file
2025-10-07 02:12:40 ⚠️  Restarting Master Control Loop...
2025-10-07 02:12:40 ✅ Restart command issued
2025-10-07 02:12:40 ✅ Heartbeat OK — PID 99, 0s old
2025-10-07 02:12:58 ✅ Heartbeat OK — PID 4151, 0s old
2025-10-07 02:13:26 ❌ Restart required: dead process (PID 4153 not found)
2025-10-07 02:13:26 ⚠️  Restarting Master Control Loop...
2025-10-07 02:13:26 ✅ Restart command issued
2025-10-07 02:13:30 ❌ Restart required: dead process (PID 4447 not found)
2025-10-07 02:13:30 ⚠️  Restarting Master Control Loop...
2025-10-07 02:13:30 ✅ Restart command issued
2025-10-07 02:13:40 ✅ Heartbeat OK — PID 99, 0s old
2025-10-07 02:13:40 ❌ Restart required: dead process (PID 111 not found)
2025-10-07 02:13:40 ⚠️  Restarting Master Control Loop...
2025-10-07 02:13:40 ✅ Restart command issued
2025-10-07 02:13:58 ✅ Heartbeat OK — PID 4254, 0s old
2025-10-07 02:14:26 ✅ Heartbeat OK — PID 74, 0s old
2025-10-07 02:14:30 ❌ Restart required: dead process (PID 4447 not found)
2025-10-07 02:14:30 ⚠️  Restarting Master Control Loop...
2025-10-07 02:14:30 ✅ Restart command issued
2025-10-07 02:14:40 ✅ Heartbeat OK — PID 111, 0s old
2025-10-07 02:14:40 ❌ Restart required: dead process (PID 111 not found)
2025-10-07 02:14:40 ⚠️  Restarting Master Control Loop...
2025-10-07 02:14:40 ✅ Restart command issued
2025-10-07 02:14:58 ❌ Restart required: dead process (PID 65 not found)
2025-10-07 02:14:58 ⚠️  Restarting Master Control Loop...
2025-10-07 02:14:58 ✅ Restart command issued
2025-10-07 02:15:26 ✅ Heartbeat OK — PID 73, 0s old
2025-10-07 02:15:30 ✅ Heartbeat OK — PID 96, 0s old
2025-10-07 02:15:40 ✅ Heartbeat OK — PID 111, 0s old
2025-10-07 02:15:41 ✅ Heartbeat OK — PID 100, 0s old
2025-10-07 02:15:58 ❌ Restart required: dead process (PID 62 not found)
2025-10-07 02:15:58 ⚠️  Restarting Master Control Loop...
2025-10-07 02:15:58 ✅ Restart command issued
2025-10-07 02:16:26 ✅ Heartbeat OK — PID 60, 0s old
2025-10-07 02:16:30 ❌ Restart required: dead process (PID 4450 not found)
2025-10-07 02:16:30 ⚠️  Restarting Master Control Loop...
2025-10-07 02:16:30 ✅ Restart command issued
2025-10-07 02:16:41 ✅ Heartbeat OK — PID 111, 1s old
2025-10-07 02:16:41 ❌ Restart required: dead process (PID 4334 not found)
2025-10-07 02:16:41 ⚠️  Restarting Master Control Loop...
2025-10-07 02:16:41 ✅ Restart command issued
2025-10-07 02:16:58 ❌ Restart required: dead process (PID 65 not found)
2025-10-07 02:16:58 ⚠️  Restarting Master Control Loop...
2025-10-07 02:16:58 ✅ Restart command issued
2025-10-07 02:17:26 ❌ Restart required: dead process (PID 4180 not found)
2025-10-07 02:17:26 ⚠️  Restarting Master Control Loop...
2025-10-07 02:17:26 ✅ Restart command issued
2025-10-07 02:17:30 ✅ Heartbeat OK — PID 95, 0s old
2025-10-07 02:17:41 ✅ Heartbeat OK — PID 111, 1s old
2025-10-07 02:17:41 ❌ Restart required: dead process (PID 4344 not found)
2025-10-07 02:17:41 ⚠️  Restarting Master Control Loop...
2025-10-07 02:17:41 ✅ Restart command issued
2025-10-07 02:17:58 ❌ Restart required: dead process (PID 65 not found)
2025-10-07 02:17:58 ⚠️  Restarting Master Control Loop...
2025-10-07 02:17:58 ✅ Restart command issued
2025-10-07 02:18:27 ❌ Restart required: dead process (PID 4154 not found)
2025-10-07 02:18:27 ⚠️  Restarting Master Control Loop...
2025-10-07 02:18:27 ✅ Restart command issued
2025-10-07 02:18:30 ✅ Heartbeat OK — PID 98, 0s old
2025-10-07 02:18:41 ❌ Restart required: dead process (PID 4334 not found)
2025-10-07 02:18:41 ⚠️  Restarting Master Control Loop...
2025-10-07 02:18:41 ✅ Restart command issued
2025-10-07 02:18:41 ❌ Restart required: dead process (PID 112 not found)
2025-10-07 02:18:41 ⚠️  Restarting Master Control Loop...
2025-10-07 02:18:41 ✅ Restart command issued
2025-10-07 02:18:58 ❌ Restart required: dead process (PID 65 not found)
2025-10-07 02:18:58 ⚠️  Restarting Master Control Loop...
2025-10-07 02:18:58 ✅ Restart command issued
2025-10-07 02:19:27 ✅ Heartbeat OK — PID 67, 0s old
2025-10-07 02:19:30 ✅ Heartbeat OK — PID 98, 0s old
2025-10-07 02:19:41 ✅ Heartbeat OK — PID 101, 0s old
2025-10-07 02:19:41 ✅ Heartbeat OK — PID 103, 0s old
2025-10-07 02:19:58 ❌ Restart required: dead process (PID 65 not found)
2025-10-07 02:19:58 ⚠️  Restarting Master Control Loop...
2025-10-07 02:19:58 ✅ Restart command issued
2025-10-07 02:20:27 ❌ Restart required: dead process (PID 4278 not found)
2025-10-07 02:20:27 ⚠️  Restarting Master Control Loop...
2025-10-07 02:20:27 ✅ Restart command issued
2025-10-07 02:20:30 ✅ Heartbeat OK — PID 98, 0s old
2025-10-07 02:20:41 ✅ Heartbeat OK — PID 100, 0s old
2025-10-07 02:20:41 [WARN] Could not read heartbeat: Extra data: line 1 column 69 (char 68)
2025-10-07 02:20:41 ❌ Restart required: missing heartbeat file
2025-10-07 02:20:41 ⚠️  Restarting Master Control Loop...
2025-10-07 02:20:41 ✅ Restart command issued
2025-10-07 02:20:58 ❌ Restart required: dead process (PID 62 not found)
2025-10-07 02:20:58 ⚠️  Restarting Master Control Loop...
2025-10-07 02:20:58 ✅ Restart command issued
2025-10-07 02:21:27 ❌ Restart required: dead process (PID 4158 not found)
2025-10-07 02:21:27 ⚠️  Restarting Master Control Loop...
2025-10-07 02:21:27 ✅ Restart command issued
2025-10-07 02:21:30 ✅ Heartbeat OK — PID 98, 0s old
2025-10-07 02:21:41 ✅ Heartbeat OK — PID 101, 0s old
2025-10-07 02:21:41 ✅ Heartbeat OK — PID 104, 0s old
2025-10-07 02:21:58 ❌ Restart required: dead process (PID 62 not found)
2025-10-07 02:21:58 ⚠️  Restarting Master Control Loop...
2025-10-07 02:21:58 ✅ Restart command issued
2025-10-07 02:22:27 ✅ Heartbeat OK — PID 77, 0s old
2025-10-07 02:22:30 ❌ Restart required: dead process (PID 4457 not found)
2025-10-07 02:22:30 ⚠️  Restarting Master Control Loop...
2025-10-07 02:22:30 ✅ Restart command issued
2025-10-07 02:22:41 ✅ Heartbeat OK — PID 83, 0s old
2025-10-07 02:22:41 ❌ Restart required: dead process (PID 4327 not found)
2025-10-07 02:22:41 ⚠️  Restarting Master Control Loop...
2025-10-07 02:22:41 ✅ Restart command issued
2025-10-07 02:22:58 ❌ Restart required: dead process (PID 62 not found)
2025-10-07 02:22:58 ⚠️  Restarting Master Control Loop...
2025-10-07 02:22:58 ✅ Restart command issued
2025-10-07 02:23:27 ✅ Heartbeat OK — PID 78, 0s old
2025-10-07 02:23:30 ❌ Restart required: dead process (PID 4457 not found)
2025-10-07 02:23:30 ⚠️  Restarting Master Control Loop...
2025-10-07 02:23:30 ✅ Restart command issued
2025-10-07 02:23:41 ✅ Heartbeat OK — PID 112, 0s old
2025-10-07 02:23:41 ❌ Restart required: dead process (PID 4327 not found)
2025-10-07 02:23:41 ⚠️  Restarting Master Control Loop...
2025-10-07 02:23:41 ✅ Restart command issued
2025-10-07 02:23:58 ❌ Restart required: dead process (PID 63 not found)
2025-10-07 02:23:58 ⚠️  Restarting Master Control Loop...
2025-10-07 02:23:58 ✅ Restart command issued
2025-10-07 02:24:27 ❌ Restart required: dead process (PID 4129 not found)
2025-10-07 02:24:27 ⚠️  Restarting Master Control Loop...
2025-10-07 02:24:27 ✅ Restart command issued
2025-10-07 02:24:30 ❌ Restart required: dead process (PID 4248 not found)
2025-10-07 02:24:30 ⚠️  Restarting Master Control Loop...
2025-10-07 02:24:30 ✅ Restart command issued
2025-10-07 02:24:41 ❌ Restart required: dead process (PID 4344 not found)
2025-10-07 02:24:41 ⚠️  Restarting Master Control Loop...
2025-10-07 02:24:41 ✅ Restart command issued
2025-10-07 02:24:41 [WARN] Could not read heartbeat: Extra data: line 1 column 69 (char 68)
2025-10-07 02:24:41 ❌ Restart required: missing heartbeat file
2025-10-07 02:24:41 ⚠️  Restarting Master Control Loop...
2025-10-07 02:24:41 ✅ Restart command issued
2025-10-07 02:24:58 ❌ Restart required: dead process (PID 63 not found)
2025-10-07 02:24:58 ⚠️  Restarting Master Control Loop...
2025-10-07 02:24:58 ✅ Restart command issued
2025-10-07 02:25:27 ✅ Heartbeat OK — PID 78, 0s old
2025-10-07 02:25:31 ❌ Restart required: dead process (PID 4248 not found)
2025-10-07 02:25:31 ⚠️  Restarting Master Control Loop...
2025-10-07 02:25:31 ✅ Restart command issued
2025-10-07 02:25:41 ✅ Heartbeat OK — PID 104, 0s old
2025-10-07 02:25:41 ❌ Restart required: dead process (PID 4310 not found)
2025-10-07 02:25:41 ⚠️  Restarting Master Control Loop...
2025-10-07 02:25:41 ✅ Restart command issued
2025-10-07 02:25:58 ✅ Heartbeat OK — PID 4149, 0s old
2025-10-07 02:26:27 ❌ Restart required: dead process (PID 4158 not found)
2025-10-07 02:26:27 ⚠️  Restarting Master Control Loop...
2025-10-07 02:26:27 ✅ Restart command issued
2025-10-07 02:26:31 ❌ Restart required: dead process (PID 4248 not found)
2025-10-07 02:26:31 ⚠️  Restarting Master Control Loop...
2025-10-07 02:26:31 ✅ Restart command issued
2025-10-07 02:26:41 ❌ Restart required: dead process (PID 4344 not found)
2025-10-07 02:26:41 ⚠️  Restarting Master Control Loop...
2025-10-07 02:26:41 ✅ Restart command issued
2025-10-07 02:26:41 ❌ Restart required: dead process (PID 4327 not found)
2025-10-07 02:26:41 ⚠️  Restarting Master Control Loop...
2025-10-07 02:26:41 ✅ Restart command issued
2025-10-07 02:26:58 [WARN] Could not read heartbeat: Expecting value: line 1 column 1 (char 0)
2025-10-07 02:26:58 ❌ Restart required: missing heartbeat file
2025-10-07 02:26:58 ⚠️  Restarting Master Control Loop...
2025-10-07 02:26:58 ✅ Restart command issued
2025-10-07 02:27:27 ✅ Heartbeat OK — PID 69, 0s old
2025-10-07 02:27:31 ✅ Heartbeat OK — PID 100, 0s old
2025-10-07 02:27:41 ✅ Heartbeat OK — PID 105, 0s old
2025-10-07 02:27:41 ✅ Heartbeat OK — PID 108, 0s old
2025-10-07 02:27:58 ❌ Restart required: dead process (PID 65 not found)
2025-10-07 02:27:58 ⚠️  Restarting Master Control Loop...
2025-10-07 02:27:58 ✅ Restart command issued
2025-10-07 02:28:27 ❌ Restart required: dead process (PID 4288 not found)
2025-10-07 02:28:27 ⚠️  Restarting Master Control Loop...
2025-10-07 02:28:27 ✅ Restart command issued
2025-10-07 02:28:31 ❌ Restart required: dead process (PID 4473 not found)
2025-10-07 02:28:31 ⚠️  Restarting Master Control Loop...
2025-10-07 02:28:31 ✅ Restart command issued
2025-10-07 02:28:41 ✅ Heartbeat OK — PID 105, 0s old
2025-10-07 02:28:41 ✅ Heartbeat OK — PID 109, 0s old
2025-10-07 02:28:58 ✅ Heartbeat OK — PID 4254, 0s old
2025-10-07 02:29:27 ✅ Heartbeat OK — PID 81, 0s old
2025-10-07 02:29:31 ✅ Heartbeat OK — PID 102, 0s old
2025-10-07 02:29:41 ✅ Heartbeat OK — PID 114, 0s old
2025-10-07 02:29:42 ❌ Restart required: dead process (PID 4305 not found)
2025-10-07 02:29:42 ⚠️  Restarting Master Control Loop...
2025-10-07 02:29:42 ✅ Restart command issued
2025-10-07 02:29:58 ❌ Restart required: dead process (PID 65 not found)
2025-10-07 02:29:58 ⚠️  Restarting Master Control Loop...
2025-10-07 02:29:58 ✅ Restart command issued
2025-10-07 02:30:28 ❌ Restart required: dead process (PID 4129 not found)
2025-10-07 02:30:28 ⚠️  Restarting Master Control Loop...
2025-10-07 02:30:28 ✅ Restart command issued
2025-10-07 02:30:31 ❌ Restart required: dead process (PID 4457 not found)
2025-10-07 02:30:31 ⚠️  Restarting Master Control Loop...
2025-10-07 02:30:31 ✅ Restart command issued
2025-10-07 02:30:41 ✅ Heartbeat OK — PID 114, 0s old
2025-10-07 02:30:42 ✅ Heartbeat OK — PID 85, 0s old
2025-10-07 02:30:58 ❌ Restart required: dead process (PID 62 not found)
2025-10-07 02:30:58 ⚠️  Restarting Master Control Loop...
2025-10-07 02:30:58 ✅ Restart command issued
2025-10-07 02:31:28 ❌ Restart required: dead process (PID 4285 not found)
2025-10-07 02:31:28 ⚠️  Restarting Master Control Loop...
2025-10-07 02:31:28 ✅ Restart command issued
2025-10-07 02:31:31 ✅ Heartbeat OK — PID 102, 0s old
2025-10-07 02:31:41 ✅ Heartbeat OK — PID 106, 0s old
2025-10-07 02:31:42 ❌ Restart required: dead process (PID 4270 not found)
2025-10-07 02:31:42 ⚠️  Restarting Master Control Loop...
2025-10-07 02:31:42 ✅ Restart command issued
2025-10-07 02:31:58 ❌ Restart required: dead process (PID 63 not found)
2025-10-07 02:31:58 ⚠️  Restarting Master Control Loop...
2025-10-07 02:31:58 ✅ Restart command issued
2025-10-07 02:32:28 ✅ Heartbeat OK — PID 62, 0s old
2025-10-07 02:32:31 ❌ Restart required: dead process (PID 4082 not found)
2025-10-07 02:32:31 ⚠️  Restarting Master Control Loop...
2025-10-07 02:32:31 ✅ Restart command issued
2025-10-07 02:32:42 ✅ Heartbeat OK — PID 108, 0s old
2025-10-07 02:32:42 ❌ Restart required: dead process (PID 4320 not found)
2025-10-07 02:32:42 ⚠️  Restarting Master Control Loop...
2025-10-07 02:32:42 ✅ Restart command issued
2025-10-07 02:32:58 ✅ Heartbeat OK — PID 4254, 0s old
2025-10-07 02:33:28 ❌ Restart required: dead process (PID 4128 not found)
2025-10-07 02:33:28 ⚠️  Restarting Master Control Loop...
2025-10-07 02:33:31 ❌ Restart required: dead process (PID 4082 not found)
2025-10-07 02:33:31 ⚠️  Restarting Master Control Loop...
2025-10-07 02:33:31 ✅ Restart command issued
2025-10-07 02:33:42 ✅ Heartbeat OK — PID 108, 0s old
2025-10-07 02:33:42 ❌ Restart required: dead process (PID 4318 not found)
2025-10-07 02:33:42 ⚠️  Restarting Master Control Loop...
2025-10-07 02:33:42 ✅ Restart command issued
2025-10-07 02:33:58 ❌ Restart required: dead process (PID 62 not found)
2025-10-07 02:33:58 ⚠️  Restarting Master Control Loop...
2025-10-07 02:34:31 ❌ Restart required: dead process (PID 4082 not found)
2025-10-07 02:34:31 ⚠️  Restarting Master Control Loop...
2025-10-07 02:34:31 ✅ Restart command issued
2025-10-07 02:34:42 [WARN] Could not read heartbeat: Extra data: line 1 column 69 (char 68)
2025-10-07 02:34:42 ❌ Restart required: missing heartbeat file
2025-10-07 02:34:42 ⚠️  Restarting Master Control Loop...
2025-10-07 02:34:42 ✅ Restart command issued
2025-10-07 02:34:42 ✅ Heartbeat OK — PID 112, 0s old
2025-10-07 02:35:31 ✅ Heartbeat OK — PID 106, 0s old
2025-10-07 02:35:42 ✅ Heartbeat OK — PID 85, 0s old
2025-10-07 02:35:42 ❌ Restart required: dead process (PID 4387 not found)
2025-10-07 02:35:42 ⚠️  Restarting Master Control Loop...
2025-10-07 02:35:42 ✅ Restart command issued
2025-10-07 02:36:31 ✅ Heartbeat OK — PID 106, 0s old
2025-10-07 02:36:42 ❌ Restart required: dead process (PID 4341 not found)
2025-10-07 02:36:42 ⚠️  Restarting Master Control Loop...
2025-10-07 02:36:42 ✅ Restart command issued
2025-10-07 02:36:42 [WARN] Could not read heartbeat: Expecting value: line 1 column 1 (char 0)
2025-10-07 02:36:42 ❌ Restart required: missing heartbeat file
2025-10-07 02:36:42 ⚠️  Restarting Master Control Loop...
2025-10-07 02:36:42 ✅ Restart command issued
2025-10-07 02:37:32 ✅ Heartbeat OK — PID 106, 1s old
2025-10-07 02:37:42 ❌ Restart required: dead process (PID 4341 not found)
2025-10-07 02:37:42 ⚠️  Restarting Master Control Loop...
2025-10-07 02:37:42 ✅ Restart command issued
2025-10-07 02:37:42 ❌ Restart required: dead process (PID 4342 not found)
2025-10-07 02:37:42 ⚠️  Restarting Master Control Loop...
2025-10-07 02:37:42 ✅ Restart command issued
2025-10-07 02:38:32 ❌ Restart required: dead process (PID 4082 not found)
2025-10-07 02:38:32 ⚠️  Restarting Master Control Loop...
2025-10-07 02:38:32 ✅ Restart command issued
2025-10-07 02:38:42 ❌ Restart required: dead process (PID 4320 not found)
2025-10-07 02:38:42 ⚠️  Restarting Master Control Loop...
2025-10-07 02:38:42 ✅ Restart command issued
2025-10-07 02:38:42 ❌ Restart required: dead process (PID 4342 not found)
2025-10-07 02:38:42 ⚠️  Restarting Master Control Loop...
2025-10-07 02:38:42 ✅ Restart command issued
2025-10-07 02:39:32 ❌ Restart required: dead process (PID 4248 not found)
2025-10-07 02:39:32 ⚠️  Restarting Master Control Loop...
2025-10-07 02:39:32 ✅ Restart command issued
2025-10-07 02:39:42 ❌ Restart required: dead process (PID 4318 not found)
2025-10-07 02:39:42 ⚠️  Restarting Master Control Loop...
2025-10-07 02:39:42 ✅ Restart command issued
2025-10-07 02:39:42 ✅ Heartbeat OK — PID 115, 0s old
2025-10-07 02:40:32 ❌ Restart required: dead process (PID 4248 not found)
2025-10-07 02:40:32 ⚠️  Restarting Master Control Loop...
2025-10-07 02:40:32 ✅ Restart command issued
2025-10-07 02:40:42 ✅ Heartbeat OK — PID 111, 0s old
2025-10-07 02:40:42 ✅ Heartbeat OK — PID 117, 0s old
2025-10-07 02:41:32 ❌ Restart required: dead process (PID 4248 not found)
2025-10-07 02:41:32 ⚠️  Restarting Master Control Loop...
2025-10-07 02:41:32 ✅ Restart command issued
2025-10-07 02:41:42 ✅ Heartbeat OK — PID 116, 0s old
2025-10-07 02:41:42 ✅ Heartbeat OK — PID 118, 0s old
2025-10-07 02:42:32 ❌ Restart required: dead process (PID 4445 not found)
2025-10-07 02:42:32 ⚠️  Restarting Master Control Loop...
2025-10-07 02:42:32 ✅ Restart command issued
2025-10-07 02:42:42 ✅ Heartbeat OK — PID 116, 0s old
2025-10-07 02:42:43 ✅ Heartbeat OK — PID 118, 1s old
2025-10-07 02:43:32 ❌ Restart required: dead process (PID 4445 not found)
2025-10-07 02:43:32 ⚠️  Restarting Master Control Loop...
2025-10-07 02:43:32 ✅ Restart command issued
2025-10-07 02:43:42 ❌ Restart required: dead process (PID 4387 not found)
2025-10-07 02:43:42 ⚠️  Restarting Master Control Loop...
2025-10-07 02:43:42 ✅ Restart command issued
2025-10-07 02:43:43 ✅ Heartbeat OK — PID 118, 1s old
2025-10-07 02:44:32 ❌ Restart required: dead process (PID 4147 not found)
2025-10-07 02:44:32 ⚠️  Restarting Master Control Loop...
2025-10-07 02:44:32 ✅ Restart command issued
2025-10-07 02:44:42 ✅ Heartbeat OK — PID 116, 0s old
2025-10-07 02:44:43 ❌ Restart required: dead process (PID 4321 not found)
2025-10-07 02:44:43 ⚠️  Restarting Master Control Loop...
2025-10-07 02:44:43 ✅ Restart command issued
2025-10-07 02:45:32 ❌ Restart required: dead process (PID 4464 not found)
2025-10-07 02:45:32 ⚠️  Restarting Master Control Loop...
2025-10-07 02:45:32 ✅ Restart command issued
2025-10-07 02:45:42 ✅ Heartbeat OK — PID 111, 0s old
2025-10-07 02:45:43 ❌ Restart required: dead process (PID 4284 not found)
2025-10-07 02:45:43 ⚠️  Restarting Master Control Loop...
2025-10-07 02:45:43 ✅ Restart command issued
2025-10-07 02:46:32 ❌ Restart required: dead process (PID 4464 not found)
2025-10-07 02:46:32 ⚠️  Restarting Master Control Loop...
2025-10-07 02:46:32 ✅ Restart command issued
2025-10-07 02:46:43 ✅ Heartbeat OK — PID 113, 0s old
2025-10-07 02:46:43 ✅ Heartbeat OK — PID 81, 0s old
2025-10-07 02:47:32 ✅ Heartbeat OK — PID 107, 0s old
2025-10-07 02:47:43 [WARN] Could not read heartbeat: [Errno 2] No such file or directory: '/home/rafa1215/consensus-project/memory/logs/system/master_control_heartbeat.json'
2025-10-07 02:47:43 ❌ Restart required: missing heartbeat file
2025-10-07 02:47:43 ⚠️  Restarting Master Control Loop...
2025-10-07 02:47:43 ✅ Restart command issued
2025-10-07 02:47:43 ❌ Restart required: dead process (PID 4284 not found)
2025-10-07 02:47:43 ⚠️  Restarting Master Control Loop...
2025-10-07 02:47:43 ✅ Restart command issued
2025-10-07 02:48:32 ❌ Restart required: dead process (PID 4448 not found)
2025-10-07 02:48:32 ⚠️  Restarting Master Control Loop...
2025-10-07 02:48:32 ✅ Restart command issued
2025-10-07 02:48:43 [WARN] Could not read heartbeat: Expecting value: line 1 column 1 (char 0)
2025-10-07 02:48:43 ❌ Restart required: missing heartbeat file
2025-10-07 02:48:43 ⚠️  Restarting Master Control Loop...
2025-10-07 02:48:43 ✅ Restart command issued
2025-10-07 02:48:43 ✅ Heartbeat OK — PID 120, 0s old
2025-10-07 02:49:32 ✅ Heartbeat OK — PID 115, 0s old
2025-10-07 02:49:43 [WARN] Could not read heartbeat: Expecting value: line 1 column 1 (char 0)
2025-10-07 02:49:43 ❌ Restart required: missing heartbeat file
2025-10-07 02:49:43 ⚠️  Restarting Master Control Loop...
2025-10-07 02:49:43 ✅ Restart command issued
2025-10-07 02:49:43 [WARN] Could not read heartbeat: Expecting value: line 1 column 1 (char 0)
2025-10-07 02:49:43 ❌ Restart required: missing heartbeat file
2025-10-07 02:49:43 ⚠️  Restarting Master Control Loop...
2025-10-07 02:49:43 ✅ Restart command issued
2025-10-07 02:50:33 ✅ Heartbeat OK — PID 117, 1s old
2025-10-07 02:50:43 [WARN] Could not read heartbeat: Expecting value: line 1 column 1 (char 0)
2025-10-07 02:50:43 ❌ Restart required: missing heartbeat file
2025-10-07 02:50:43 ⚠️  Restarting Master Control Loop...
2025-10-07 02:50:43 ✅ Restart command issued
2025-10-07 02:50:43 ✅ Heartbeat OK — PID 102, 0s old
2025-10-07 02:51:33 ✅ Heartbeat OK — PID 108, 0s old
2025-10-07 02:51:43 ✅ Heartbeat OK — PID 120, 0s old
2025-10-07 02:51:43 ✅ Heartbeat OK — PID 122, 0s old
2025-10-07 02:52:33 ✅ Heartbeat OK — PID 111, 0s old
2025-10-07 02:52:43 ✅ Heartbeat OK — PID 118, 0s old
2025-10-07 02:52:43 ✅ Heartbeat OK — PID 122, 0s old
2025-10-07 02:53:33 ❌ Restart required: dead process (PID 4452 not found)
2025-10-07 02:53:33 ⚠️  Restarting Master Control Loop...
2025-10-07 02:53:33 ✅ Restart command issued
2025-10-07 02:53:43 ✅ Heartbeat OK — PID 118, 0s old
2025-10-07 02:53:43 ❌ Restart required: dead process (PID 4289 not found)
2025-10-07 02:53:43 ⚠️  Restarting Master Control Loop...
2025-10-07 02:53:43 ✅ Restart command issued
2025-10-07 02:54:33 ❌ Restart required: dead process (PID 4147 not found)
2025-10-07 02:54:33 ⚠️  Restarting Master Control Loop...
2025-10-07 02:54:33 ✅ Restart command issued
2025-10-07 02:54:43 ❌ Restart required: dead process (PID 4337 not found)
2025-10-07 02:54:43 ⚠️  Restarting Master Control Loop...
2025-10-07 02:54:43 ✅ Restart command issued
2025-10-07 02:54:43 ❌ Restart required: dead process (PID 4293 not found)
2025-10-07 02:54:43 ⚠️  Restarting Master Control Loop...
2025-10-07 02:54:43 ✅ Restart command issued
2025-10-07 02:55:33 ❌ Restart required: dead process (PID 4147 not found)
2025-10-07 02:55:33 ⚠️  Restarting Master Control Loop...
2025-10-07 02:55:33 ✅ Restart command issued
2025-10-07 02:55:43 ❌ Restart required: dead process (PID 4307 not found)
2025-10-07 02:55:43 ⚠️  Restarting Master Control Loop...
2025-10-07 02:55:43 ✅ Restart command issued
2025-10-07 02:55:43 ❌ Restart required: dead process (PID 4331 not found)
2025-10-07 02:55:43 ⚠️  Restarting Master Control Loop...
2025-10-07 02:55:43 ✅ Restart command issued
2025-10-07 02:56:33 ✅ Heartbeat OK — PID 120, 0s old
2025-10-07 02:56:43 ❌ Restart required: dead process (PID 4321 not found)
2025-10-07 02:56:43 ⚠️  Restarting Master Control Loop...
2025-10-07 02:56:44 ✅ Heartbeat OK — PID 123, 1s old
2025-10-07 02:57:33 ✅ Heartbeat OK — PID 121, 0s old
2025-10-07 02:57:44 [WARN] Could not read heartbeat: Extra data: line 1 column 68 (char 67)
2025-10-07 02:57:44 ❌ Restart required: missing heartbeat file
2025-10-07 02:57:44 ⚠️  Restarting Master Control Loop...
2025-10-07 02:57:44 ✅ Restart command issued
2025-10-07 02:58:33 ❌ Restart required: dead process (PID 4316 not found)
2025-10-07 02:58:33 ⚠️  Restarting Master Control Loop...
2025-10-07 02:58:33 ✅ Restart command issued
2025-10-07 02:58:44 [WARN] Could not read heartbeat: Extra data: line 1 column 69 (char 68)
2025-10-07 02:58:44 ❌ Restart required: missing heartbeat file
2025-10-07 02:58:44 ⚠️  Restarting Master Control Loop...
2025-10-07 02:58:44 ✅ Restart command issued
2025-10-07 02:59:33 [WARN] Could not read heartbeat: Extra data: line 1 column 69 (char 68)
2025-10-07 02:59:33 ❌ Restart required: missing heartbeat file
2025-10-07 02:59:33 ⚠️  Restarting Master Control Loop...
2025-10-07 02:59:33 ✅ Restart command issued
2025-10-07 02:59:44 ❌ Restart required: dead process (PID 4260 not found)
2025-10-07 02:59:44 ⚠️  Restarting Master Control Loop...
2025-10-07 02:59:44 ✅ Restart command issued
2025-10-07 03:00:33 ✅ Heartbeat OK — PID 115, 0s old
2025-10-07 03:00:44 ❌ Restart required: dead process (PID 4319 not found)
2025-10-07 03:00:44 ⚠️  Restarting Master Control Loop...
2025-10-07 03:00:44 ✅ Restart command issued
2025-10-07 03:01:34 ✅ Heartbeat OK — PID 121, 0s old
2025-10-07 03:01:45 ✅ Heartbeat OK — PID 120, 1s old
2025-10-07 03:02:34 ✅ Heartbeat OK — PID 121, 0s old
2025-10-07 03:02:45 ✅ Heartbeat OK — PID 120, 1s old
2025-10-07 03:03:34 ✅ Heartbeat OK — PID 106, 0s old
2025-10-07 03:03:45 ✅ Heartbeat OK — PID 120, 1s old
2025-10-07 03:04:34 ✅ Heartbeat OK — PID 106, 0s old
2025-10-07 03:04:45 ✅ Heartbeat OK — PID 123, 1s old
2025-10-07 03:05:34 ✅ Heartbeat OK — PID 109, 0s old
2025-10-07 03:05:45 ✅ Heartbeat OK — PID 121, 1s old
2025-10-07 03:06:34 ✅ Heartbeat OK — PID 121, 0s old
2025-10-07 03:06:45 ✅ Heartbeat OK — PID 121, 1s old
2025-10-07 03:07:34 ✅ Heartbeat OK — PID 121, 0s old
2025-10-07 03:07:45 ✅ Heartbeat OK — PID 121, 1s old
2025-10-07 03:08:34 ✅ Heartbeat OK — PID 110, 0s old
2025-10-07 03:08:45 ✅ Heartbeat OK — PID 120, 1s old
2025-10-07 03:09:35 ✅ Heartbeat OK — PID 109, 1s old
2025-10-07 03:09:45 ✅ Heartbeat OK — PID 120, 1s old
2025-10-07 03:10:35 ✅ Heartbeat OK — PID 109, 1s old
2025-10-07 03:10:45 ✅ Heartbeat OK — PID 119, 0s old
2025-10-07 03:11:35 ✅ Heartbeat OK — PID 109, 1s old
2025-10-07 03:11:45 ✅ Heartbeat OK — PID 119, 0s old
2025-10-07 03:12:35 ✅ Heartbeat OK — PID 109, 0s old
2025-10-07 03:12:45 ✅ Heartbeat OK — PID 119, 0s old
2025-10-07 03:13:35 ✅ Heartbeat OK — PID 120, 0s old
2025-10-07 03:13:45 ✅ Heartbeat OK — PID 119, 0s old
2025-10-07 03:14:35 ✅ Heartbeat OK — PID 120, 0s old
2025-10-07 03:14:45 ✅ Heartbeat OK — PID 126, 0s old
2025-10-07 03:15:35 ✅ Heartbeat OK — PID 120, 0s old
2025-10-07 03:15:45 ✅ Heartbeat OK — PID 126, 0s old
2025-10-07 03:16:35 ✅ Heartbeat OK — PID 120, 0s old
2025-10-07 03:16:46 ✅ Heartbeat OK — PID 128, 0s old
2025-10-07 03:17:35 ✅ Heartbeat OK — PID 120, 0s old
2025-10-07 03:17:46 ✅ Heartbeat OK — PID 128, 0s old
2025-10-07 03:18:35 ✅ Heartbeat OK — PID 120, 0s old
2025-10-07 03:18:46 ✅ Heartbeat OK — PID 125, 0s old
2025-10-07 03:19:35 ✅ Heartbeat OK — PID 120, 0s old
2025-10-07 03:19:46 ✅ Heartbeat OK — PID 125, 0s old
2025-10-07 03:20:35 ✅ Heartbeat OK — PID 54, 0s old
2025-10-07 03:20:46 ✅ Heartbeat OK — PID 125, 0s old
2025-10-07 03:21:35 ✅ Heartbeat OK — PID 54, 0s old
2025-10-07 03:21:46 ✅ Heartbeat OK — PID 125, 0s old
2025-10-07 03:22:35 ✅ Heartbeat OK — PID 54, 0s old
2025-10-07 03:22:46 ✅ Heartbeat OK — PID 125, 0s old
2025-10-07 03:23:35 ✅ Heartbeat OK — PID 54, 0s old
2025-10-07 03:23:46 ✅ Heartbeat OK — PID 125, 0s old
2025-10-07 03:24:35 ✅ Heartbeat OK — PID 54, 0s old
2025-10-07 03:24:46 ✅ Heartbeat OK — PID 125, 0s old
2025-10-07 03:25:36 ✅ Heartbeat OK — PID 54, 1s old
2025-10-07 03:25:46 ✅ Heartbeat OK — PID 73, 0s old
2025-10-07 03:26:36 ✅ Heartbeat OK — PID 54, 1s old
2025-10-07 03:26:46 ✅ Heartbeat OK — PID 92, 0s old
2025-10-07 03:27:36 ✅ Heartbeat OK — PID 114, 0s old
2025-10-07 03:27:46 ✅ Heartbeat OK — PID 89, 0s old
2025-10-07 03:28:36 ✅ Heartbeat OK — PID 114, 0s old
2025-10-07 03:28:46 ✅ Heartbeat OK — PID 89, 0s old
2025-10-07 03:29:36 ✅ Heartbeat OK — PID 114, 0s old
2025-10-07 03:29:46 ✅ Heartbeat OK — PID 61, 0s old
2025-10-07 03:30:36 ✅ Heartbeat OK — PID 114, 0s old
2025-10-07 03:30:46 ✅ Heartbeat OK — PID 61, 0s old
2025-10-07 03:31:36 ✅ Heartbeat OK — PID 105, 0s old
2025-10-07 03:31:46 ✅ Heartbeat OK — PID 127, 0s old
2025-10-07 03:32:36 ✅ Heartbeat OK — PID 105, 0s old
2025-10-07 03:32:46 ✅ Heartbeat OK — PID 127, 0s old
2025-10-07 03:33:36 ✅ Heartbeat OK — PID 105, 0s old
2025-10-07 03:33:47 ✅ Heartbeat OK — PID 127, 1s old
2025-10-07 03:34:36 ✅ Heartbeat OK — PID 105, 0s old
2025-10-07 03:34:47 ✅ Heartbeat OK — PID 127, 1s old
2025-10-07 03:35:36 ✅ Heartbeat OK — PID 105, 0s old
2025-10-07 03:35:47 ✅ Heartbeat OK — PID 90, 0s old
2025-10-07 03:36:36 ✅ Heartbeat OK — PID 105, 0s old
2025-10-07 03:36:47 ✅ Heartbeat OK — PID 90, 0s old
2025-10-07 03:37:36 ✅ Heartbeat OK — PID 105, 0s old
2025-10-07 03:37:47 ✅ Heartbeat OK — PID 77, 0s old
2025-10-07 03:38:36 ✅ Heartbeat OK — PID 105, 0s old
2025-10-07 03:38:47 ✅ Heartbeat OK — PID 77, 0s old
2025-10-07 03:39:36 ✅ Heartbeat OK — PID 105, 0s old
2025-10-07 03:39:47 ✅ Heartbeat OK — PID 77, 0s old
2025-10-07 03:40:37 ✅ Heartbeat OK — PID 58, 0s old
2025-10-07 03:40:47 ✅ Heartbeat OK — PID 77, 0s old
2025-10-07 03:41:37 ✅ Heartbeat OK — PID 58, 0s old
2025-10-07 03:41:47 ✅ Heartbeat OK — PID 77, 0s old
2025-10-07 03:42:37 ✅ Heartbeat OK — PID 58, 0s old
2025-10-07 03:42:47 ✅ Heartbeat OK — PID 77, 0s old
2025-10-07 03:43:37 ✅ Heartbeat OK — PID 58, 0s old
2025-10-07 03:43:47 ✅ Heartbeat OK — PID 77, 0s old
2025-10-07 03:44:37 ✅ Heartbeat OK — PID 58, 0s old
2025-10-07 03:44:47 ✅ Heartbeat OK — PID 77, 0s old
2025-10-07 03:45:37 ✅ Heartbeat OK — PID 123, 0s old
2025-10-07 03:45:47 ✅ Heartbeat OK — PID 77, 0s old
2025-10-07 03:46:37 ❌ Restart required: dead process (PID 4459 not found)
2025-10-07 03:46:37 ⚠️  Restarting Master Control Loop...
2025-10-07 03:46:37 ✅ Restart command issued
2025-10-07 03:46:47 ✅ Heartbeat OK — PID 77, 0s old
2025-10-07 03:47:37 ❌ Restart required: dead process (PID 4316 not found)
2025-10-07 03:47:37 ⚠️  Restarting Master Control Loop...
2025-10-07 03:47:37 ✅ Restart command issued
2025-10-07 03:47:47 ✅ Heartbeat OK — PID 77, 0s old
2025-10-07 03:48:37 ❌ Restart required: dead process (PID 4457 not found)
2025-10-07 03:48:37 ⚠️  Restarting Master Control Loop...
2025-10-07 03:48:37 ✅ Restart command issued
2025-10-07 03:48:47 ✅ Heartbeat OK — PID 77, 0s old
2025-10-07 03:49:37 ✅ Heartbeat OK — PID 124, 0s old
2025-10-07 03:49:48 ✅ Heartbeat OK — PID 77, 1s old
2025-10-07 03:50:37 ✅ Heartbeat OK — PID 124, 0s old
2025-10-07 03:50:48 ✅ Heartbeat OK — PID 77, 1s old
2025-10-07 03:51:37 ❌ Restart required: dead process (PID 4274 not found)
2025-10-07 03:51:37 ⚠️  Restarting Master Control Loop...
2025-10-07 03:51:37 ✅ Restart command issued
2025-10-07 03:51:48 ✅ Heartbeat OK — PID 77, 1s old
2025-10-07 03:52:37 ❌ Restart required: dead process (PID 4148 not found)
2025-10-07 03:52:37 ⚠️  Restarting Master Control Loop...
2025-10-07 03:52:37 ✅ Restart command issued
2025-10-07 03:52:48 ✅ Heartbeat OK — PID 77, 1s old
2025-10-07 03:53:37 ❌ Restart required: dead process (PID 4148 not found)
2025-10-07 03:53:37 ⚠️  Restarting Master Control Loop...
2025-10-07 03:53:37 ✅ Restart command issued
2025-10-07 03:53:48 ✅ Heartbeat OK — PID 77, 1s old
2025-10-07 03:54:38 ✅ Heartbeat OK — PID 128, 0s old
2025-10-07 03:54:48 ✅ Heartbeat OK — PID 77, 1s old
2025-10-07 03:55:38 ✅ Heartbeat OK — PID 128, 0s old
2025-10-07 03:55:48 ✅ Heartbeat OK — PID 90, 0s old
2025-10-07 03:56:38 ✅ Heartbeat OK — PID 118, 0s old
2025-10-07 03:56:48 ✅ Heartbeat OK — PID 90, 0s old
2025-10-07 03:57:38 ✅ Heartbeat OK — PID 129, 0s old
2025-10-07 03:57:48 ✅ Heartbeat OK — PID 90, 0s old
2025-10-07 03:58:38 ✅ Heartbeat OK — PID 129, 0s old
2025-10-07 03:58:48 ✅ Heartbeat OK — PID 77, 0s old
2025-10-07 03:59:38 ✅ Heartbeat OK — PID 122, 0s old
2025-10-07 03:59:48 ✅ Heartbeat OK — PID 77, 0s old
2025-10-07 04:00:38 ❌ Restart required: dead process (PID 4418 not found)
2025-10-07 04:00:38 ⚠️  Restarting Master Control Loop...
2025-10-07 04:00:38 ✅ Restart command issued
2025-10-07 04:00:48 ✅ Heartbeat OK — PID 62, 0s old
2025-10-07 04:01:39 [WARN] Could not read heartbeat: Extra data: line 1 column 68 (char 67)
2025-10-07 04:01:39 ❌ Restart required: missing heartbeat file
2025-10-07 04:01:39 ⚠️  Restarting Master Control Loop...
2025-10-07 04:01:39 ✅ Restart command issued
2025-10-07 04:01:48 ✅ Heartbeat OK — PID 62, 0s old
2025-10-07 04:02:39 ✅ Heartbeat OK — PID 53, 0s old
2025-10-07 04:02:49 ✅ Heartbeat OK — PID 62, 1s old
2025-10-07 04:03:39 ✅ Heartbeat OK — PID 53, 0s old
2025-10-07 04:03:49 ✅ Heartbeat OK — PID 62, 0s old
2025-10-07 04:04:39 ✅ Heartbeat OK — PID 53, 0s old
2025-10-07 04:04:49 ✅ Heartbeat OK — PID 62, 0s old
2025-10-07 04:05:39 ✅ Heartbeat OK — PID 53, 0s old
2025-10-07 04:05:49 ✅ Heartbeat OK — PID 62, 0s old
2025-10-07 04:06:39 ✅ Heartbeat OK — PID 53, 0s old
2025-10-07 04:06:49 ✅ Heartbeat OK — PID 62, 0s old
2025-10-07 04:07:39 ❌ Restart required: dead process (PID 4428 not found)
2025-10-07 04:07:39 ⚠️  Restarting Master Control Loop...
2025-10-07 04:07:39 ✅ Restart command issued
2025-10-07 04:07:49 ✅ Heartbeat OK — PID 62, 0s old
2025-10-07 04:08:40 ❌ Restart required: dead process (PID 4428 not found)
2025-10-07 04:08:40 ⚠️  Restarting Master Control Loop...
2025-10-07 04:08:40 ✅ Restart command issued
2025-10-07 04:08:49 ✅ Heartbeat OK — PID 62, 0s old
2025-10-07 04:09:40 ❌ Restart required: dead process (PID 4404 not found)
2025-10-07 04:09:40 ⚠️  Restarting Master Control Loop...
2025-10-07 04:09:40 ✅ Restart command issued
2025-10-07 04:09:49 ✅ Heartbeat OK — PID 62, 0s old
2025-10-07 04:10:40 ✅ Heartbeat OK — PID 132, 0s old
2025-10-07 04:10:49 ✅ Heartbeat OK — PID 62, 0s old
2025-10-07 04:11:40 ✅ Heartbeat OK — PID 65, 0s old
2025-10-07 04:11:49 ✅ Heartbeat OK — PID 62, 0s old
2025-10-07 04:12:40 ✅ Heartbeat OK — PID 134, 0s old
2025-10-07 04:12:49 ✅ Heartbeat OK — PID 62, 0s old
2025-10-07 04:13:40 ✅ Heartbeat OK — PID 134, 0s old
2025-10-07 04:13:49 ✅ Heartbeat OK — PID 62, 0s old
2025-10-07 04:14:40 ✅ Heartbeat OK — PID 134, 0s old
2025-10-07 04:14:49 ✅ Heartbeat OK — PID 62, 0s old
2025-10-07 04:15:40 ✅ Heartbeat OK — PID 134, 0s old
2025-10-07 04:15:49 ✅ Heartbeat OK — PID 62, 0s old
2025-10-07 04:16:40 ✅ Heartbeat OK — PID 134, 0s old
2025-10-07 04:16:49 ✅ Heartbeat OK — PID 62, 0s old
2025-10-07 04:17:40 ✅ Heartbeat OK — PID 52, 0s old
2025-10-07 04:17:49 ✅ Heartbeat OK — PID 62, 0s old
2025-10-07 04:18:40 ✅ Heartbeat OK — PID 52, 0s old
2025-10-07 04:18:50 ✅ Heartbeat OK — PID 62, 1s old
2025-10-07 04:19:40 ✅ Heartbeat OK — PID 52, 0s old
2025-10-07 04:19:50 ✅ Heartbeat OK — PID 62, 1s old
2025-10-07 04:20:40 ✅ Heartbeat OK — PID 52, 0s old
2025-10-07 04:20:50 ✅ Heartbeat OK — PID 62, 1s old
2025-10-07 04:21:40 ✅ Heartbeat OK — PID 52, 0s old
2025-10-07 04:21:50 ✅ Heartbeat OK — PID 62, 1s old
2025-10-07 04:22:40 ✅ Heartbeat OK — PID 52, 0s old
2025-10-07 04:22:50 ✅ Heartbeat OK — PID 62, 1s old
2025-10-07 04:23:40 ✅ Heartbeat OK — PID 52, 0s old
2025-10-07 04:23:50 ✅ Heartbeat OK — PID 62, 1s old
2025-10-07 04:24:40 ❌ Restart required: dead process (PID 4473 not found)
2025-10-07 04:24:40 ⚠️  Restarting Master Control Loop...
2025-10-07 04:24:40 ✅ Restart command issued
2025-10-07 04:24:50 ✅ Heartbeat OK — PID 62, 1s old
2025-10-07 04:25:41 ❌ Restart required: dead process (PID 4431 not found)
2025-10-07 04:25:41 ⚠️  Restarting Master Control Loop...
2025-10-07 04:25:41 ✅ Restart command issued
2025-10-07 04:25:50 ✅ Heartbeat OK — PID 62, 1s old
2025-10-07 04:26:41 ❌ Restart required: dead process (PID 4431 not found)
2025-10-07 04:26:41 ⚠️  Restarting Master Control Loop...
2025-10-07 04:26:41 ✅ Restart command issued
2025-10-07 04:26:50 ✅ Heartbeat OK — PID 62, 1s old
2025-10-07 04:27:41 ✅ Heartbeat OK — PID 136, 0s old
2025-10-07 04:27:50 ✅ Heartbeat OK — PID 62, 1s old
2025-10-07 04:28:41 ❌ Restart required: dead process (PID 4401 not found)
2025-10-07 04:28:41 ⚠️  Restarting Master Control Loop...
2025-10-07 04:28:41 ✅ Restart command issued
2025-10-07 04:28:50 ✅ Heartbeat OK — PID 62, 1s old
2025-10-07 04:29:41 ❌ Restart required: dead process (PID 4401 not found)
2025-10-07 04:29:41 ⚠️  Restarting Master Control Loop...
2025-10-07 04:29:41 ✅ Restart command issued
2025-10-07 04:29:50 ✅ Heartbeat OK — PID 62, 1s old
2025-10-07 04:30:41 ✅ Heartbeat OK — PID 138, 0s old
2025-10-07 04:30:50 ✅ Heartbeat OK — PID 62, 1s old
2025-10-07 04:31:41 ✅ Heartbeat OK — PID 138, 0s old
2025-10-07 04:31:50 ✅ Heartbeat OK — PID 62, 1s old
2025-10-07 04:32:41 ✅ Heartbeat OK — PID 64, 0s old
2025-10-07 04:32:50 ✅ Heartbeat OK — PID 62, 1s old
2025-10-07 04:33:41 ✅ Heartbeat OK — PID 115, 0s old
2025-10-07 04:33:50 ✅ Heartbeat OK — PID 62, 1s old
2025-10-07 04:34:41 ❌ Restart required: dead process (PID 4403 not found)
2025-10-07 04:34:41 ⚠️  Restarting Master Control Loop...
2025-10-07 04:34:41 ✅ Restart command issued
2025-10-07 04:34:50 ✅ Heartbeat OK — PID 62, 1s old
2025-10-07 04:35:41 ✅ Heartbeat OK — PID 139, 0s old
2025-10-07 04:35:50 ✅ Heartbeat OK — PID 62, 1s old
2025-10-07 04:36:41 ✅ Heartbeat OK — PID 139, 0s old
2025-10-07 04:36:50 ✅ Heartbeat OK — PID 62, 1s old
2025-10-07 04:37:41 ✅ Heartbeat OK — PID 140, 0s old
2025-10-07 04:37:51 ✅ Heartbeat OK — PID 62, 2s old
2025-10-07 04:38:41 ✅ Heartbeat OK — PID 140, 0s old
2025-10-07 04:38:51 ✅ Heartbeat OK — PID 62, 2s old
2025-10-07 04:39:42 ✅ Heartbeat OK — PID 140, 1s old
2025-10-07 04:39:51 ✅ Heartbeat OK — PID 93, 0s old
2025-10-07 04:40:42 ✅ Heartbeat OK — PID 70, 0s old
2025-10-07 04:40:51 ✅ Heartbeat OK — PID 93, 0s old
2025-10-07 04:41:42 ✅ Heartbeat OK — PID 64, 0s old
2025-10-07 04:41:51 ✅ Heartbeat OK — PID 93, 0s old
2025-10-07 04:42:42 ✅ Heartbeat OK — PID 139, 0s old
2025-10-07 04:42:51 ✅ Heartbeat OK — PID 93, 0s old
2025-10-07 04:43:42 ✅ Heartbeat OK — PID 140, 0s old
2025-10-07 04:43:51 ✅ Heartbeat OK — PID 93, 0s old
2025-10-07 04:44:42 [WARN] Could not read heartbeat: Extra data: line 1 column 68 (char 67)
2025-10-07 04:44:42 ❌ Restart required: missing heartbeat file
2025-10-07 04:44:42 ⚠️  Restarting Master Control Loop...
2025-10-07 04:44:42 ✅ Restart command issued
2025-10-07 04:44:51 ✅ Heartbeat OK — PID 93, 0s old
2025-10-07 04:45:42 ✅ Heartbeat OK — PID 74, 0s old
2025-10-07 04:45:51 ✅ Heartbeat OK — PID 93, 0s old
2025-10-07 04:46:42 ✅ Heartbeat OK — PID 74, 0s old
2025-10-07 04:46:51 ✅ Heartbeat OK — PID 93, 0s old
2025-10-07 04:47:42 ✅ Heartbeat OK — PID 141, 0s old
2025-10-07 04:47:51 ✅ Heartbeat OK — PID 129, 0s old
2025-10-07 04:48:42 ❌ Restart required: dead process (PID 4443 not found)
2025-10-07 04:48:42 ⚠️  Restarting Master Control Loop...
2025-10-07 04:48:42 ✅ Restart command issued
2025-10-07 04:48:51 ✅ Heartbeat OK — PID 129, 0s old
2025-10-07 04:49:42 ✅ Heartbeat OK — PID 88, 0s old
2025-10-07 04:49:51 ✅ Heartbeat OK — PID 129, 0s old
2025-10-07 04:50:42 ✅ Heartbeat OK — PID 80, 0s old
2025-10-07 04:50:51 ✅ Heartbeat OK — PID 129, 0s old
2025-10-07 04:51:42 ✅ Heartbeat OK — PID 68, 0s old
2025-10-07 04:51:51 ✅ Heartbeat OK — PID 129, 0s old
2025-10-07 04:52:42 ✅ Heartbeat OK — PID 68, 0s old
2025-10-07 04:52:52 ✅ Heartbeat OK — PID 129, 1s old
2025-10-07 04:53:43 ❌ Restart required: dead process (PID 4356 not found)
2025-10-07 04:53:43 ⚠️  Restarting Master Control Loop...
2025-10-07 04:53:43 ✅ Restart command issued
2025-10-07 04:53:52 ✅ Heartbeat OK — PID 129, 1s old
2025-10-07 04:54:43 ❌ Restart required: dead process (PID 4356 not found)
2025-10-07 04:54:43 ⚠️  Restarting Master Control Loop...
2025-10-07 04:54:43 ✅ Restart command issued
2025-10-07 04:54:52 ✅ Heartbeat OK — PID 129, 1s old
2025-10-07 04:55:43 [WARN] Could not read heartbeat: Extra data: line 1 column 69 (char 68)
2025-10-07 04:55:43 ❌ Restart required: missing heartbeat file
2025-10-07 04:55:43 ⚠️  Restarting Master Control Loop...
2025-10-07 04:55:43 ✅ Restart command issued
2025-10-07 04:55:52 ✅ Heartbeat OK — PID 129, 1s old
2025-10-07 04:56:43 [WARN] Could not read heartbeat: Extra data: line 1 column 69 (char 68)
2025-10-07 04:56:43 ❌ Restart required: missing heartbeat file
2025-10-07 04:56:43 ⚠️  Restarting Master Control Loop...
2025-10-07 04:56:43 ✅ Restart command issued
2025-10-07 04:56:52 ✅ Heartbeat OK — PID 129, 1s old
2025-10-07 04:57:43 ❌ Restart required: dead process (PID 4405 not found)
2025-10-07 04:57:43 ⚠️  Restarting Master Control Loop...
2025-10-07 04:57:43 ✅ Restart command issued
2025-10-07 04:57:52 ✅ Heartbeat OK — PID 129, 1s old
2025-10-07 04:58:43 ❌ Restart required: dead process (PID 4405 not found)
2025-10-07 04:58:43 ⚠️  Restarting Master Control Loop...
2025-10-07 04:58:43 ✅ Restart command issued
2025-10-07 04:58:52 ✅ Heartbeat OK — PID 129, 1s old
2025-10-07 04:59:43 ❌ Restart required: dead process (PID 4426 not found)
2025-10-07 04:59:43 ⚠️  Restarting Master Control Loop...
2025-10-07 04:59:43 ✅ Restart command issued
2025-10-07 04:59:52 ✅ Heartbeat OK — PID 129, 1s old
2025-10-07 05:00:43 ✅ Heartbeat OK — PID 146, 0s old
2025-10-07 05:00:52 ✅ Heartbeat OK — PID 129, 0s old
2025-10-07 05:01:43 ❌ Restart required: dead process (PID 4389 not found)
2025-10-07 05:01:44 ⚠️  Restarting Master Control Loop...
2025-10-07 05:01:44 ✅ Restart command issued
2025-10-07 05:01:52 ✅ Heartbeat OK — PID 129, 0s old
2025-10-07 05:02:44 ❌ Restart required: dead process (PID 4377 not found)
2025-10-07 05:02:44 ⚠️  Restarting Master Control Loop...
2025-10-07 05:02:44 ✅ Restart command issued
2025-10-07 05:02:52 ✅ Heartbeat OK — PID 129, 0s old
2025-10-07 05:03:44 ❌ Restart required: dead process (PID 4255 not found)
2025-10-07 05:03:44 ⚠️  Restarting Master Control Loop...
2025-10-07 05:03:44 ✅ Restart command issued
2025-10-07 05:03:52 ✅ Heartbeat OK — PID 129, 0s old
2025-10-07 05:04:44 ❌ Restart required: dead process (PID 4433 not found)
2025-10-07 05:04:44 ⚠️  Restarting Master Control Loop...
2025-10-07 05:04:44 ✅ Restart command issued
2025-10-07 05:04:52 ✅ Heartbeat OK — PID 129, 0s old
2025-10-07 05:05:44 ✅ Heartbeat OK — PID 79, 0s old
2025-10-07 05:05:52 ✅ Heartbeat OK — PID 129, 0s old
2025-10-07 05:06:44 ✅ Heartbeat OK — PID 145, 0s old
2025-10-07 05:06:53 ✅ Heartbeat OK — PID 129, 1s old
2025-10-07 05:07:44 ✅ Heartbeat OK — PID 145, 0s old
2025-10-07 05:07:53 ✅ Heartbeat OK — PID 129, 1s old
2025-10-07 05:08:44 ✅ Heartbeat OK — PID 153, 0s old
2025-10-07 05:08:53 ✅ Heartbeat OK — PID 129, 1s old
2025-10-07 05:09:44 ✅ Heartbeat OK — PID 143, 0s old
2025-10-07 05:09:53 ✅ Heartbeat OK — PID 129, 1s old
2025-10-07 05:10:44 ✅ Heartbeat OK — PID 143, 0s old
2025-10-07 05:10:53 ✅ Heartbeat OK — PID 129, 1s old
2025-10-07 05:11:44 ❌ Restart required: dead process (PID 4384 not found)
2025-10-07 05:11:44 ⚠️  Restarting Master Control Loop...
2025-10-07 05:11:44 ✅ Restart command issued
2025-10-07 05:11:53 ✅ Heartbeat OK — PID 129, 1s old
2025-10-07 05:12:44 ✅ Heartbeat OK — PID 151, 0s old
2025-10-07 05:12:53 ✅ Heartbeat OK — PID 129, 1s old
2025-10-07 05:13:44 ✅ Heartbeat OK — PID 141, 0s old
2025-10-07 05:13:53 ✅ Heartbeat OK — PID 129, 1s old
2025-10-07 05:14:45 ✅ Heartbeat OK — PID 154, 1s old
2025-10-07 05:14:53 ✅ Heartbeat OK — PID 129, 1s old
2025-10-07 05:15:45 ✅ Heartbeat OK — PID 154, 0s old
2025-10-07 05:15:53 ❌ Restart required: dead process (PID 4409 not found)
2025-10-07 05:15:53 ⚠️  Restarting Master Control Loop...
2025-10-07 05:15:53 ✅ Restart command issued
2025-10-07 05:16:45 ✅ Heartbeat OK — PID 78, 0s old
2025-10-07 05:16:53 ❌ Restart required: dead process (PID 4260 not found)
2025-10-07 05:16:53 ⚠️  Restarting Master Control Loop...
2025-10-07 05:16:53 ✅ Restart command issued
2025-10-07 05:17:45 ✅ Heartbeat OK — PID 78, 0s old
2025-10-07 05:17:53 ❌ Restart required: dead process (PID 4260 not found)
2025-10-07 05:17:53 ⚠️  Restarting Master Control Loop...
2025-10-07 05:17:53 ✅ Restart command issued
2025-10-07 05:18:45 ✅ Heartbeat OK — PID 151, 0s old
2025-10-07 05:18:53 ✅ Heartbeat OK — PID 130, 0s old
2025-10-07 05:19:45 ✅ Heartbeat OK — PID 144, 0s old
2025-10-07 05:19:53 ✅ Heartbeat OK — PID 131, 0s old
2025-10-07 05:20:45 ✅ Heartbeat OK — PID 144, 0s old
2025-10-07 05:20:53 ✅ Heartbeat OK — PID 131, 0s old
2025-10-07 05:21:45 ✅ Heartbeat OK — PID 144, 0s old
2025-10-07 05:21:54 ✅ Heartbeat OK — PID 132, 0s old
2025-10-07 05:22:45 ✅ Heartbeat OK — PID 144, 0s old
2025-10-07 05:22:54 ✅ Heartbeat OK — PID 132, 0s old
2025-10-07 05:23:45 ✅ Heartbeat OK — PID 59, 0s old
2025-10-07 05:23:54 ✅ Heartbeat OK — PID 132, 0s old
2025-10-07 05:24:45 ✅ Heartbeat OK — PID 130, 0s old
2025-10-07 05:24:54 ✅ Heartbeat OK — PID 132, 0s old
2025-10-07 05:25:45 ✅ Heartbeat OK — PID 130, 0s old
2025-10-07 05:25:54 ✅ Heartbeat OK — PID 132, 0s old
2025-10-07 05:26:45 ✅ Heartbeat OK — PID 142, 0s old
2025-10-07 05:26:54 ✅ Heartbeat OK — PID 132, 0s old
2025-10-07 05:27:45 ✅ Heartbeat OK — PID 64, 0s old
2025-10-07 05:27:54 ❌ Restart required: dead process (PID 4383 not found)
2025-10-07 05:27:54 ⚠️  Restarting Master Control Loop...
2025-10-07 05:27:54 ✅ Restart command issued
2025-10-07 05:28:45 ✅ Heartbeat OK — PID 88, 0s old
2025-10-07 05:28:54 ❌ Restart required: dead process (PID 4429 not found)
2025-10-07 05:28:54 ⚠️  Restarting Master Control Loop...
2025-10-07 05:28:54 ✅ Restart command issued
2025-10-07 05:29:45 ✅ Heartbeat OK — PID 55, 0s old
2025-10-07 05:29:54 ❌ Restart required: dead process (PID 4414 not found)
2025-10-07 05:29:54 ⚠️  Restarting Master Control Loop...
2025-10-07 05:29:54 ✅ Restart command issued
2025-10-07 05:30:46 ✅ Heartbeat OK — PID 140, 1s old
2025-10-07 05:30:54 ❌ Restart required: dead process (PID 4414 not found)
2025-10-07 05:30:54 ⚠️  Restarting Master Control Loop...
2025-10-07 05:30:54 ✅ Restart command issued
2025-10-07 05:31:46 ✅ Heartbeat OK — PID 140, 0s old
2025-10-07 05:31:54 ❌ Restart required: dead process (PID 4414 not found)
2025-10-07 05:31:54 ⚠️  Restarting Master Control Loop...
2025-10-07 05:31:54 ✅ Restart command issued
2025-10-07 05:32:46 ✅ Heartbeat OK — PID 72, 0s old
2025-10-07 05:32:54 ❌ Restart required: dead process (PID 4391 not found)
2025-10-07 05:32:54 ⚠️  Restarting Master Control Loop...
2025-10-07 05:32:54 ✅ Restart command issued
2025-10-07 05:33:46 ✅ Heartbeat OK — PID 149, 0s old
2025-10-07 05:33:54 ✅ Heartbeat OK — PID 137, 0s old
2025-10-07 05:34:46 ✅ Heartbeat OK — PID 149, 0s old
2025-10-07 05:34:54 ❌ Restart required: dead process (PID 4420 not found)
2025-10-07 05:34:54 ⚠️  Restarting Master Control Loop...
2025-10-07 05:34:55 ✅ Restart command issued
2025-10-07 05:35:46 ✅ Heartbeat OK — PID 149, 0s old
2025-10-07 05:35:55 ❌ Restart required: dead process (PID 4420 not found)
2025-10-07 05:35:55 ⚠️  Restarting Master Control Loop...
2025-10-07 05:35:55 ✅ Restart command issued
2025-10-07 05:36:46 ✅ Heartbeat OK — PID 68, 0s old
2025-10-07 05:36:55 ✅ Heartbeat OK — PID 136, 0s old
2025-10-07 05:37:46 ✅ Heartbeat OK — PID 91, 0s old
2025-10-07 05:37:55 ✅ Heartbeat OK — PID 136, 0s old
2025-10-07 05:38:46 ✅ Heartbeat OK — PID 91, 0s old
2025-10-07 05:38:55 ✅ Heartbeat OK — PID 133, 0s old
2025-10-07 05:39:46 [WARN] Could not read heartbeat: Expecting value: line 1 column 1 (char 0)
2025-10-07 05:39:46 ❌ Restart required: missing heartbeat file
2025-10-07 05:39:46 ⚠️  Restarting Master Control Loop...
2025-10-07 05:39:46 ✅ Restart command issued
2025-10-07 05:39:55 ❌ Restart required: dead process (PID 4411 not found)
2025-10-07 05:39:55 ⚠️  Restarting Master Control Loop...
2025-10-07 05:39:55 ✅ Restart command issued
2025-10-07 05:40:46 ✅ Heartbeat OK — PID 86, 0s old
2025-10-07 05:40:55 [WARN] Could not read heartbeat: Expecting value: line 1 column 1 (char 0)
2025-10-07 05:40:55 ❌ Restart required: missing heartbeat file
2025-10-07 05:40:55 ⚠️  Restarting Master Control Loop...
2025-10-07 05:40:55 ✅ Restart command issued
2025-10-07 05:41:46 ✅ Heartbeat OK — PID 67, 0s old
2025-10-07 05:41:55 ✅ Heartbeat OK — PID 141, 0s old
2025-10-07 05:42:46 ✅ Heartbeat OK — PID 155, 0s old
2025-10-07 05:42:55 ✅ Heartbeat OK — PID 139, 0s old
2025-10-07 05:43:46 ✅ Heartbeat OK — PID 131, 0s old
2025-10-07 05:43:55 ✅ Heartbeat OK — PID 141, 0s old
2025-10-07 05:44:46 ✅ Heartbeat OK — PID 155, 0s old
2025-10-07 05:44:55 ✅ Heartbeat OK — PID 141, 0s old
2025-10-07 05:45:47 ✅ Heartbeat OK — PID 155, 1s old
2025-10-07 05:45:55 ❌ Restart required: dead process (PID 4406 not found)
2025-10-07 05:45:55 ⚠️  Restarting Master Control Loop...
2025-10-07 05:45:55 ✅ Restart command issued
2025-10-07 05:46:47 ✅ Heartbeat OK — PID 155, 0s old
2025-10-07 05:46:55 ❌ Restart required: dead process (PID 4417 not found)
2025-10-07 05:46:55 ⚠️  Restarting Master Control Loop...
2025-10-07 05:46:55 ✅ Restart command issued
2025-10-07 05:47:47 ✅ Heartbeat OK — PID 155, 0s old
2025-10-07 05:47:55 ❌ Restart required: dead process (PID 4400 not found)
2025-10-07 05:47:55 ⚠️  Restarting Master Control Loop...
2025-10-07 05:47:55 ✅ Restart command issued
2025-10-07 05:48:47 ✅ Heartbeat OK — PID 155, 0s old
2025-10-07 05:48:55 ✅ Heartbeat OK — PID 143, 0s old
2025-10-07 05:49:47 ✅ Heartbeat OK — PID 60, 0s old
2025-10-07 05:49:56 ❌ Restart required: dead process (PID 4352 not found)
2025-10-07 05:49:56 ⚠️  Restarting Master Control Loop...
2025-10-07 05:49:56 ✅ Restart command issued
2025-10-07 05:50:47 ✅ Heartbeat OK — PID 60, 0s old
2025-10-07 05:50:56 ❌ Restart required: dead process (PID 4308 not found)
2025-10-07 05:50:56 ⚠️  Restarting Master Control Loop...
2025-10-07 05:50:56 ✅ Restart command issued
2025-10-07 05:51:47 ✅ Heartbeat OK — PID 60, 0s old
2025-10-07 05:51:56 ❌ Restart required: dead process (PID 4318 not found)
2025-10-07 05:51:56 ⚠️  Restarting Master Control Loop...
2025-10-07 05:51:56 ✅ Restart command issued
2025-10-07 05:52:47 ✅ Heartbeat OK — PID 60, 0s old
2025-10-07 05:52:56 [WARN] Could not read heartbeat: Expecting value: line 1 column 1 (char 0)
2025-10-07 05:52:56 ❌ Restart required: missing heartbeat file
2025-10-07 05:52:56 ⚠️  Restarting Master Control Loop...
2025-10-07 05:52:56 ✅ Restart command issued
2025-10-07 05:53:47 ✅ Heartbeat OK — PID 60, 0s old
2025-10-07 05:53:56 ❌ Restart required: dead process (PID 4323 not found)
2025-10-07 05:53:56 ⚠️  Restarting Master Control Loop...
2025-10-07 05:53:56 ✅ Restart command issued
2025-10-07 05:54:47 ✅ Heartbeat OK — PID 60, 0s old
2025-10-07 05:54:56 ❌ Restart required: dead process (PID 4323 not found)
2025-10-07 05:54:56 ⚠️  Restarting Master Control Loop...
2025-10-07 05:54:56 ✅ Restart command issued
2025-10-07 05:55:47 ✅ Heartbeat OK — PID 60, 0s old
2025-10-07 05:55:56 ✅ Heartbeat OK — PID 149, 0s old
2025-10-07 05:56:47 ✅ Heartbeat OK — PID 60, 0s old
2025-10-07 05:56:56 ❌ Restart required: dead process (PID 4303 not found)
2025-10-07 05:56:56 ⚠️  Restarting Master Control Loop...
2025-10-07 05:56:56 ✅ Restart command issued
2025-10-07 05:57:47 ✅ Heartbeat OK — PID 60, 0s old
2025-10-07 05:57:56 ❌ Restart required: dead process (PID 4329 not found)
2025-10-07 05:57:56 ⚠️  Restarting Master Control Loop...
2025-10-07 05:57:56 ✅ Restart command issued
2025-10-07 05:58:47 ✅ Heartbeat OK — PID 60, 0s old
2025-10-07 05:58:56 ❌ Restart required: dead process (PID 4329 not found)
2025-10-07 05:58:56 ⚠️  Restarting Master Control Loop...
2025-10-07 05:58:56 ✅ Restart command issued
2025-10-07 05:59:47 ✅ Heartbeat OK — PID 60, 0s old
2025-10-07 05:59:56 ❌ Restart required: dead process (PID 4329 not found)
2025-10-07 05:59:56 ⚠️  Restarting Master Control Loop...
2025-10-07 05:59:56 ✅ Restart command issued
2025-10-07 06:00:48 ✅ Heartbeat OK — PID 60, 1s old
2025-10-07 06:00:56 ✅ Heartbeat OK — PID 143, 0s old
2025-10-07 06:01:48 ✅ Heartbeat OK — PID 142, 0s old
2025-10-07 06:01:56 ❌ Restart required: dead process (PID 4306 not found)
2025-10-07 06:01:57 ⚠️  Restarting Master Control Loop...
2025-10-07 06:01:57 ✅ Restart command issued
2025-10-07 06:02:48 ✅ Heartbeat OK — PID 72, 0s old
2025-10-07 06:02:57 ❌ Restart required: dead process (PID 4379 not found)
2025-10-07 06:02:57 ⚠️  Restarting Master Control Loop...
2025-10-07 06:02:57 ✅ Restart command issued
2025-10-07 06:03:48 ✅ Heartbeat OK — PID 148, 0s old
2025-10-07 06:03:57 ✅ Heartbeat OK — PID 138, 0s old
2025-10-07 06:04:48 ✅ Heartbeat OK — PID 148, 0s old
2025-10-07 06:04:57 ❌ Restart required: dead process (PID 4353 not found)
2025-10-07 06:04:57 ⚠️  Restarting Master Control Loop...
2025-10-07 06:04:57 ✅ Restart command issued
2025-10-07 06:05:48 ✅ Heartbeat OK — PID 148, 0s old
2025-10-07 06:05:57 ❌ Restart required: dead process (PID 4342 not found)
2025-10-07 06:05:57 ⚠️  Restarting Master Control Loop...
2025-10-07 06:05:57 ✅ Restart command issued
2025-10-07 06:06:48 ✅ Heartbeat OK — PID 148, 0s old
2025-10-07 06:06:57 ❌ Restart required: dead process (PID 4394 not found)
2025-10-07 06:06:57 ⚠️  Restarting Master Control Loop...
2025-10-07 06:06:57 ✅ Restart command issued
2025-10-07 06:07:48 ✅ Heartbeat OK — PID 154, 0s old
2025-10-07 06:07:57 ✅ Heartbeat OK — PID 143, 0s old
2025-10-07 06:08:49 ✅ Heartbeat OK — PID 154, 1s old
2025-10-07 06:08:57 [WARN] Could not read heartbeat: Extra data: line 1 column 69 (char 68)
2025-10-07 06:08:57 ❌ Restart required: missing heartbeat file
2025-10-07 06:08:57 ⚠️  Restarting Master Control Loop...
2025-10-07 06:08:57 ✅ Restart command issued
2025-10-07 06:09:49 ✅ Heartbeat OK — PID 76, 0s old
2025-10-07 06:09:57 ✅ Heartbeat OK — PID 160, 0s old
2025-10-07 06:10:49 ✅ Heartbeat OK — PID 64, 0s old
2025-10-07 06:10:57 ✅ Heartbeat OK — PID 146, 0s old
2025-10-07 06:11:49 ✅ Heartbeat OK — PID 64, 0s old
2025-10-07 06:11:57 ✅ Heartbeat OK — PID 145, 0s old
2025-10-07 06:12:49 ✅ Heartbeat OK — PID 86, 0s old
2025-10-07 06:12:57 ✅ Heartbeat OK — PID 161, 0s old
2025-10-07 06:13:49 ✅ Heartbeat OK — PID 86, 0s old
2025-10-07 06:13:57 ❌ Restart required: dead process (PID 4271 not found)
2025-10-07 06:13:57 ⚠️  Restarting Master Control Loop...
2025-10-07 06:13:58 ✅ Restart command issued
2025-10-07 06:14:49 ✅ Heartbeat OK — PID 63, 0s old
2025-10-07 06:14:58 ✅ Heartbeat OK — PID 151, 0s old
2025-10-07 06:15:49 ✅ Heartbeat OK — PID 63, 0s old
2025-10-07 06:15:58 ❌ Restart required: dead process (PID 4332 not found)
2025-10-07 06:15:58 ⚠️  Restarting Master Control Loop...
2025-10-07 06:15:58 ✅ Restart command issued
2025-10-07 06:16:49 ✅ Heartbeat OK — PID 59, 0s old
2025-10-07 06:16:58 ❌ Restart required: dead process (PID 4341 not found)
2025-10-07 06:16:58 ⚠️  Restarting Master Control Loop...
2025-10-07 06:16:58 ✅ Restart command issued
2025-10-07 06:17:49 ✅ Heartbeat OK — PID 59, 0s old
2025-10-07 06:17:58 ✅ Heartbeat OK — PID 161, 0s old
2025-10-07 06:18:49 ✅ Heartbeat OK — PID 59, 0s old
2025-10-07 06:18:58 ✅ Heartbeat OK — PID 141, 0s old
2025-10-07 06:19:49 ✅ Heartbeat OK — PID 59, 0s old
2025-10-07 06:19:58 ✅ Heartbeat OK — PID 160, 0s old
2025-10-07 06:20:49 ✅ Heartbeat OK — PID 59, 0s old
2025-10-07 06:20:58 ✅ Heartbeat OK — PID 147, 0s old
2025-10-07 06:21:49 ✅ Heartbeat OK — PID 59, 0s old
2025-10-07 06:21:58 ✅ Heartbeat OK — PID 142, 0s old
2025-10-07 06:22:49 ✅ Heartbeat OK — PID 59, 0s old
2025-10-07 06:22:58 ❌ Restart required: dead process (PID 4273 not found)
2025-10-07 06:22:58 ⚠️  Restarting Master Control Loop...
2025-10-07 06:22:58 ✅ Restart command issued
2025-10-07 06:23:50 ✅ Heartbeat OK — PID 59, 1s old
2025-10-07 06:23:58 ❌ Restart required: dead process (PID 4347 not found)
2025-10-07 06:23:58 ⚠️  Restarting Master Control Loop...
2025-10-07 06:23:58 ✅ Restart command issued
2025-10-07 06:24:50 ✅ Heartbeat OK — PID 59, 1s old
2025-10-07 06:24:58 ❌ Restart required: dead process (PID 4310 not found)
2025-10-07 06:24:58 ⚠️  Restarting Master Control Loop...
2025-10-07 06:24:58 ✅ Restart command issued
2025-10-07 06:25:50 ✅ Heartbeat OK — PID 59, 1s old
2025-10-07 06:25:58 [WARN] Could not read heartbeat: Extra data: line 1 column 69 (char 68)
2025-10-07 06:25:58 ❌ Restart required: missing heartbeat file
2025-10-07 06:25:58 ⚠️  Restarting Master Control Loop...
2025-10-07 06:25:58 ✅ Restart command issued
2025-10-07 06:26:50 ✅ Heartbeat OK — PID 59, 1s old
2025-10-07 06:26:58 ✅ Heartbeat OK — PID 166, 0s old
2025-10-07 06:27:50 ✅ Heartbeat OK — PID 59, 1s old
2025-10-07 06:27:59 ❌ Restart required: dead process (PID 4315 not found)
2025-10-07 06:27:59 ⚠️  Restarting Master Control Loop...
2025-10-07 06:27:59 ✅ Restart command issued
2025-10-07 06:28:50 ✅ Heartbeat OK — PID 91, 0s old
2025-10-07 06:28:59 [WARN] Could not read heartbeat: Extra data: line 1 column 69 (char 68)
2025-10-07 06:28:59 ❌ Restart required: missing heartbeat file
2025-10-07 06:28:59 ⚠️  Restarting Master Control Loop...
2025-10-07 06:28:59 ✅ Restart command issued
2025-10-07 06:29:50 ✅ Heartbeat OK — PID 60, 0s old
2025-10-07 06:29:59 ✅ Heartbeat OK — PID 154, 0s old
2025-10-07 06:30:50 ✅ Heartbeat OK — PID 142, 0s old
2025-10-07 06:30:59 [WARN] Could not read heartbeat: Extra data: line 1 column 69 (char 68)
2025-10-07 06:30:59 ❌ Restart required: missing heartbeat file
2025-10-07 06:30:59 ⚠️  Restarting Master Control Loop...
2025-10-07 06:31:50 ✅ Heartbeat OK — PID 153, 0s old
2025-10-07 06:32:50 ✅ Heartbeat OK — PID 150, 0s old
2025-10-07 06:33:50 ✅ Heartbeat OK — PID 150, 0s old
2025-10-07 06:34:50 ✅ Heartbeat OK — PID 150, 0s old
2025-10-07 06:35:50 ✅ Heartbeat OK — PID 140, 0s old
2025-10-07 06:36:50 ✅ Heartbeat OK — PID 140, 0s old
2025-10-07 06:37:50 ✅ Heartbeat OK — PID 146, 0s old
2025-10-07 06:38:51 ✅ Heartbeat OK — PID 146, 1s old
2025-10-07 06:39:51 ✅ Heartbeat OK — PID 146, 0s old
2025-10-07 06:40:51 ✅ Heartbeat OK — PID 146, 0s old
2025-10-07 06:41:51 ✅ Heartbeat OK — PID 146, 0s old
2025-10-07 06:42:51 ✅ Heartbeat OK — PID 146, 0s old
2025-10-07 06:43:51 ✅ Heartbeat OK — PID 146, 0s old
2025-10-07 06:44:51 ✅ Heartbeat OK — PID 147, 0s old
2025-10-07 06:45:51 ✅ Heartbeat OK — PID 147, 0s old
2025-10-07 06:46:51 ✅ Heartbeat OK — PID 147, 0s old
2025-10-07 06:47:51 ✅ Heartbeat OK — PID 155, 0s old
2025-10-07 06:48:51 ✅ Heartbeat OK — PID 155, 0s old
2025-10-07 06:49:51 ✅ Heartbeat OK — PID 155, 0s old
2025-10-07 06:50:51 ✅ Heartbeat OK — PID 155, 0s old
2025-10-07 06:51:51 ✅ Heartbeat OK — PID 155, 0s old
2025-10-07 06:52:51 ✅ Heartbeat OK — PID 155, 0s old
2025-10-07 06:53:51 ✅ Heartbeat OK — PID 155, 0s old
2025-10-07 06:54:51 ✅ Heartbeat OK — PID 131, 0s old
2025-10-07 06:55:52 ✅ Heartbeat OK — PID 131, 0s old
2025-10-07 06:56:52 ✅ Heartbeat OK — PID 131, 0s old
2025-10-07 06:57:52 ✅ Heartbeat OK — PID 131, 0s old
2025-10-07 06:58:52 ✅ Heartbeat OK — PID 131, 0s old
2025-10-07 06:59:52 ✅ Heartbeat OK — PID 131, 0s old
2025-10-07 07:00:52 ✅ Heartbeat OK — PID 138, 5s old
2025-10-07 07:02:01 ✅ Heartbeat OK — PID 129, 0s old
2025-10-07 07:03:03 ✅ Heartbeat OK — PID 138, 1s old
2025-10-07 07:04:03 ✅ Heartbeat OK — PID 138, 1s old
2025-10-07 07:05:03 ✅ Heartbeat OK — PID 138, 1s old
2025-10-07 07:06:03 ✅ Heartbeat OK — PID 138, 1s old
2025-10-07 07:07:03 ✅ Heartbeat OK — PID 138, 1s old
2025-10-07 07:08:03 ✅ Heartbeat OK — PID 138, 1s old
2025-10-07 07:09:03 ✅ Heartbeat OK — PID 138, 1s old
2025-10-07 07:10:03 ✅ Heartbeat OK — PID 138, 1s old
2025-10-07 07:11:03 ✅ Heartbeat OK — PID 138, 0s old
2025-10-07 07:12:03 ✅ Heartbeat OK — PID 138, 0s old
2025-10-07 07:13:03 ✅ Heartbeat OK — PID 138, 0s old
2025-10-07 07:14:04 ✅ Heartbeat OK — PID 1, 0s old
2025-10-07 07:15:04 ✅ Heartbeat OK — PID 1, 0s old
2025-10-07 07:16:04 ✅ Heartbeat OK — PID 1, 0s old
2025-10-07 07:17:04 ✅ Heartbeat OK — PID 1, 0s old
2025-10-07 07:18:04 ✅ Heartbeat OK — PID 1, 0s old
2025-10-07 07:19:04 ✅ Heartbeat OK — PID 1, 0s old
2025-10-07 07:20:04 ✅ Heartbeat OK — PID 124, 0s old
2025-10-07 07:21:04 ✅ Heartbeat OK — PID 124, 0s old
2025-10-07 07:22:04 ✅ Heartbeat OK — PID 124, 0s old
2025-10-07 07:23:04 ✅ Heartbeat OK — PID 124, 0s old
2025-10-07 07:24:04 ✅ Heartbeat OK — PID 124, 0s old
2025-10-07 07:25:04 ✅ Heartbeat OK — PID 124, 0s old
2025-10-07 07:26:04 ✅ Heartbeat OK — PID 129, 0s old
2025-10-07 07:27:04 ✅ Heartbeat OK — PID 129, 0s old
2025-10-07 07:28:05 ✅ Heartbeat OK — PID 129, 1s old
2025-10-07 07:29:05 ✅ Heartbeat OK — PID 129, 1s old
2025-10-07 07:30:05 ✅ Heartbeat OK — PID 129, 1s old
2025-10-07 07:31:05 ✅ Heartbeat OK — PID 129, 0s old
2025-10-07 07:32:05 ✅ Heartbeat OK — PID 146, 0s old
2025-10-07 07:33:05 ✅ Heartbeat OK — PID 146, 0s old
2025-10-07 07:34:05 ✅ Heartbeat OK — PID 146, 0s old
2025-10-07 07:35:05 ✅ Heartbeat OK — PID 146, 0s old
2025-10-07 07:36:05 ✅ Heartbeat OK — PID 146, 0s old
2025-10-07 07:37:05 ✅ Heartbeat OK — PID 146, 0s old
2025-10-07 07:38:05 ✅ Heartbeat OK — PID 146, 0s old
2025-10-07 07:39:05 ✅ Heartbeat OK — PID 146, 0s old
2025-10-07 07:40:05 ✅ Heartbeat OK — PID 146, 0s old
2025-10-07 07:41:05 ✅ Heartbeat OK — PID 146, 0s old
2025-10-07 07:42:05 ✅ Heartbeat OK — PID 146, 0s old
2025-10-07 07:43:06 ✅ Heartbeat OK — PID 146, 1s old
2025-10-07 07:44:06 ✅ Heartbeat OK — PID 146, 1s old
2025-10-07 07:45:06 ✅ Heartbeat OK — PID 146, 1s old
2025-10-07 07:46:06 ✅ Heartbeat OK — PID 146, 1s old
2025-10-07 07:47:06 ✅ Heartbeat OK — PID 146, 1s old
2025-10-07 07:48:06 ✅ Heartbeat OK — PID 146, 1s old
2025-10-07 07:49:06 ✅ Heartbeat OK — PID 146, 1s old
2025-10-07 07:50:06 ✅ Heartbeat OK — PID 146, 1s old
2025-10-07 07:51:06 ✅ Heartbeat OK — PID 146, 1s old
2025-10-07 07:52:06 ✅ Heartbeat OK — PID 146, 1s old
2025-10-07 07:53:06 ✅ Heartbeat OK — PID 146, 1s old
2025-10-07 07:54:06 ✅ Heartbeat OK — PID 146, 1s old
2025-10-07 07:55:06 ✅ Heartbeat OK — PID 146, 1s old
2025-10-07 07:56:06 ✅ Heartbeat OK — PID 146, 1s old
2025-10-07 07:57:06 ❌ Restart required: dead process (PID 4286 not found)
2025-10-07 07:57:06 ⚠️  Restarting Master Control Loop...
2025-10-07 07:57:07 ✅ Restart command issued
2025-10-07 07:58:07 ❌ Restart required: dead process (PID 4286 not found)
2025-10-07 07:58:07 ⚠️  Restarting Master Control Loop...
2025-10-07 07:58:07 ✅ Restart command issued
2025-10-07 07:59:07 ❌ Restart required: dead process (PID 4286 not found)
2025-10-07 07:59:07 ⚠️  Restarting Master Control Loop...
2025-10-07 07:59:07 ✅ Restart command issued
2025-10-07 08:00:07 ❌ Restart required: dead process (PID 4291 not found)
2025-10-07 08:00:07 ⚠️  Restarting Master Control Loop...
2025-10-07 08:00:07 ✅ Restart command issued
2025-10-07 08:01:07 ❌ Restart required: dead process (PID 4342 not found)
2025-10-07 08:01:07 ⚠️  Restarting Master Control Loop...
2025-10-07 08:01:07 ✅ Restart command issued
2025-10-07 08:02:09 ✅ Heartbeat OK — PID 124, 3s old
2025-10-07 08:03:10 ✅ Heartbeat OK — PID 102, 1s old
2025-10-07 08:04:11 ✅ Heartbeat OK — PID 135, 3s old
2025-10-07 08:05:12 ❌ Restart required: dead process (PID 4327 not found)
2025-10-07 08:05:12 ⚠️  Restarting Master Control Loop...
2025-10-07 08:05:12 ✅ Restart command issued
2025-10-07 08:06:24 ✅ Heartbeat OK — PID 154, 10s old
2025-10-07 08:07:24 [WARN] Could not read heartbeat: Expecting value: line 1 column 1 (char 0)
2025-10-07 08:07:24 ❌ Restart required: missing heartbeat file
2025-10-07 08:07:24 ⚠️  Restarting Master Control Loop...
2025-10-07 08:07:24 ✅ Restart command issued
2025-10-07 08:08:24 ✅ Heartbeat OK — PID 142, 0s old
2025-10-07 08:09:24 ✅ Heartbeat OK — PID 162, 0s old
2025-10-07 08:10:24 ❌ Restart required: dead process (PID 4467 not found)
2025-10-07 08:10:24 ⚠️  Restarting Master Control Loop...
2025-10-07 08:10:24 ✅ Restart command issued
2025-10-07 08:11:27 [WARN] Could not read heartbeat: [Errno 116] Stale file handle
2025-10-07 08:11:27 ❌ Restart required: missing heartbeat file
2025-10-07 08:11:27 ⚠️  Restarting Master Control Loop...
2025-10-07 08:11:27 ✅ Restart command issued
2025-10-07 08:12:29 ❌ Restart required: dead process (PID 4453 not found)
2025-10-07 08:12:40 ⚠️  Restarting Master Control Loop...
2025-10-07 08:13:08 ✅ Restart command issued
2025-10-07 08:14:20 ❌ Restart required: dead process (PID 4146 not found)
2025-10-07 08:14:20 ⚠️  Restarting Master Control Loop...
2025-10-07 08:14:20 ✅ Restart command issued
2025-10-07 08:15:21 ✅ Heartbeat OK — PID 107, 1s old
2025-10-07 08:16:21 ❌ Restart required: dead process (PID 4507 not found)
2025-10-07 08:16:21 ⚠️  Restarting Master Control Loop...
2025-10-07 08:16:21 ✅ Restart command issued
2025-10-07 08:17:21 ✅ Heartbeat OK — PID 166, 0s old
2025-10-07 08:18:21 ❌ Restart required: dead process (PID 4433 not found)
2025-10-07 08:18:21 ⚠️  Restarting Master Control Loop...
2025-10-07 08:18:21 ✅ Restart command issued
2025-10-07 08:19:21 ❌ Restart required: dead process (PID 4256 not found)
2025-10-07 08:19:21 ⚠️  Restarting Master Control Loop...
2025-10-07 08:19:21 ✅ Restart command issued
2025-10-07 08:20:21 ❌ Restart required: dead process (PID 4499 not found)
2025-10-07 08:20:21 ⚠️  Restarting Master Control Loop...
2025-10-07 08:20:21 ✅ Restart command issued
2025-10-07 08:21:21 ✅ Heartbeat OK — PID 168, 0s old
2025-10-07 08:22:21 ✅ Heartbeat OK — PID 170, 0s old
2025-10-07 08:23:21 ❌ Restart required: dead process (PID 4500 not found)
2025-10-07 08:23:21 ⚠️  Restarting Master Control Loop...
2025-10-07 08:23:21 ✅ Restart command issued
2025-10-07 08:24:21 ❌ Restart required: dead process (PID 4500 not found)
2025-10-07 08:24:21 ⚠️  Restarting Master Control Loop...
2025-10-07 08:24:21 ✅ Restart command issued
2025-10-07 08:25:21 ✅ Heartbeat OK — PID 171, 0s old
2025-10-07 08:26:21 ✅ Heartbeat OK — PID 171, 0s old
2025-10-07 08:27:21 ✅ Heartbeat OK — PID 172, 0s old
2025-10-07 08:28:21 ✅ Heartbeat OK — PID 172, 0s old
2025-10-07 08:29:21 ✅ Heartbeat OK — PID 172, 0s old
2025-10-07 08:30:22 ✅ Heartbeat OK — PID 171, 1s old
2025-10-07 08:31:22 ✅ Heartbeat OK — PID 96, 0s old
2025-10-07 08:32:22 ✅ Heartbeat OK — PID 96, 0s old
2025-10-07 08:33:22 ✅ Heartbeat OK — PID 96, 0s old
2025-10-07 08:34:22 ✅ Heartbeat OK — PID 96, 0s old
2025-10-07 08:35:22 ✅ Heartbeat OK — PID 166, 0s old
2025-10-07 08:36:22 ✅ Heartbeat OK — PID 166, 0s old
2025-10-07 08:37:22 ✅ Heartbeat OK — PID 166, 0s old
2025-10-07 08:38:22 ✅ Heartbeat OK — PID 96, 0s old
2025-10-07 08:39:22 ✅ Heartbeat OK — PID 96, 0s old
2025-10-07 08:40:22 ✅ Heartbeat OK — PID 96, 0s old
2025-10-07 08:41:22 ✅ Heartbeat OK — PID 96, 0s old
2025-10-07 08:42:22 ✅ Heartbeat OK — PID 96, 0s old
2025-10-07 08:43:22 ✅ Heartbeat OK — PID 96, 0s old
2025-10-07 08:44:22 ✅ Heartbeat OK — PID 96, 0s old
2025-10-07 08:45:22 ✅ Heartbeat OK — PID 96, 0s old
2025-10-07 08:46:23 ✅ Heartbeat OK — PID 50, 1s old
2025-10-07 08:47:23 ✅ Heartbeat OK — PID 50, 1s old
2025-10-07 08:48:23 ✅ Heartbeat OK — PID 50, 0s old
2025-10-07 08:49:23 ✅ Heartbeat OK — PID 50, 0s old
2025-10-07 08:50:23 ✅ Heartbeat OK — PID 50, 0s old
2025-10-07 08:51:23 ✅ Heartbeat OK — PID 50, 0s old
2025-10-07 08:52:23 ✅ Heartbeat OK — PID 50, 0s old
2025-10-07 08:53:23 ✅ Heartbeat OK — PID 50, 0s old
2025-10-07 08:54:23 ✅ Heartbeat OK — PID 112, 0s old
2025-10-07 08:55:23 ✅ Heartbeat OK — PID 112, 0s old
2025-10-07 08:56:23 ✅ Heartbeat OK — PID 112, 0s old
2025-10-07 08:57:24 [WARN] Could not read heartbeat: [Errno 116] Stale file handle
2025-10-07 08:57:24 ❌ Restart required: missing heartbeat file
2025-10-07 08:57:24 ⚠️  Restarting Master Control Loop...
2025-10-07 08:57:24 ✅ Restart command issued
2025-10-07 08:58:25 [WARN] Could not read heartbeat: [Errno 116] Stale file handle
2025-10-07 08:58:25 ❌ Restart required: missing heartbeat file
2025-10-07 08:58:25 ⚠️  Restarting Master Control Loop...
2025-10-07 08:58:25 ✅ Restart command issued
2025-10-07 08:59:27 [WARN] Could not read heartbeat: Expecting value: line 1 column 1 (char 0)
2025-10-07 08:59:27 ❌ Restart required: missing heartbeat file
2025-10-07 08:59:27 ⚠️  Restarting Master Control Loop...
2025-10-07 08:59:27 ✅ Restart command issued
2025-10-07 09:00:27 [WARN] Could not read heartbeat: Extra data: line 1 column 68 (char 67)
2025-10-07 09:00:29 ❌ Restart required: missing heartbeat file
2025-10-07 09:00:30 ⚠️  Restarting Master Control Loop...
2025-10-07 09:00:31 ✅ Restart command issued
2025-10-07 09:01:31 ✅ Heartbeat OK — PID 91, 0s old
2025-10-07 09:02:31 ✅ Heartbeat OK — PID 61, 0s old
2025-10-07 09:03:32 ✅ Heartbeat OK — PID 93, 1s old
2025-10-07 09:04:33 ✅ Heartbeat OK — PID 91, 1s old
2025-10-07 09:05:33 ❌ Restart required: dead process (PID 4380 not found)
2025-10-07 09:05:33 ⚠️  Restarting Master Control Loop...
2025-10-07 09:05:33 ✅ Restart command issued
2025-10-07 09:06:33 ❌ Restart required: dead process (PID 4380 not found)
2025-10-07 09:06:33 ⚠️  Restarting Master Control Loop...
2025-10-07 09:06:33 ✅ Restart command issued
2025-10-07 09:07:34 ❌ Restart required: dead process (PID 4425 not found)
2025-10-07 09:07:34 ⚠️  Restarting Master Control Loop...
2025-10-07 09:07:34 ✅ Restart command issued
2025-10-07 09:08:34 ❌ Restart required: dead process (PID 4425 not found)
2025-10-07 09:08:34 ⚠️  Restarting Master Control Loop...
2025-10-07 09:08:34 ✅ Restart command issued
2025-10-07 09:09:34 ❌ Restart required: dead process (PID 4430 not found)
2025-10-07 09:09:34 ⚠️  Restarting Master Control Loop...
2025-10-07 09:09:34 ✅ Restart command issued
2025-10-07 09:10:34 ❌ Restart required: dead process (PID 4430 not found)
2025-10-07 09:10:34 ⚠️  Restarting Master Control Loop...
2025-10-07 09:10:34 ✅ Restart command issued
2025-10-07 09:11:34 ❌ Restart required: dead process (PID 4430 not found)
2025-10-07 09:11:34 ⚠️  Restarting Master Control Loop...
2025-10-07 09:11:34 ✅ Restart command issued
2025-10-07 09:12:34 ❌ Restart required: dead process (PID 4383 not found)
2025-10-07 09:12:34 ⚠️  Restarting Master Control Loop...
2025-10-07 09:12:34 ✅ Restart command issued
2025-10-07 09:13:35 ❌ Restart required: dead process (PID 4383 not found)
2025-10-07 09:13:37 ⚠️  Restarting Master Control Loop...
2025-10-07 09:13:37 ✅ Restart command issued
2025-10-07 09:14:38 ✅ Heartbeat OK — PID 1, 1s old
2025-10-07 09:15:38 ❌ Restart required: dead process (PID 4314 not found)
2025-10-07 09:15:38 ⚠️  Restarting Master Control Loop...
2025-10-07 09:15:38 ✅ Restart command issued
2025-10-07 09:16:39 ❌ Restart required: dead process (PID 4415 not found)
2025-10-07 09:16:39 ⚠️  Restarting Master Control Loop...
2025-10-07 09:16:39 ✅ Restart command issued
2025-10-07 09:17:39 ❌ Restart required: dead process (PID 4357 not found)
2025-10-07 09:17:39 ⚠️  Restarting Master Control Loop...
2025-10-07 09:17:39 ✅ Restart command issued
2025-10-07 09:18:40 ✅ Heartbeat OK — PID 176, 2s old
2025-10-07 09:19:53 ✅ Heartbeat OK — PID 185, 21s old
2025-10-07 09:20:54 [WARN] Could not read heartbeat: Expecting value: line 1 column 1 (char 0)
2025-10-07 09:20:54 ❌ Restart required: missing heartbeat file
2025-10-07 09:20:55 ⚠️  Restarting Master Control Loop...
2025-10-07 09:20:56 ✅ Restart command issued
2025-10-07 09:21:57 ❌ Restart required: dead process (PID 4486 not found)
2025-10-07 09:21:57 ⚠️  Restarting Master Control Loop...
2025-10-07 09:21:57 ✅ Restart command issued
2025-10-07 09:22:57 ❌ Restart required: dead process (PID 4486 not found)
2025-10-07 09:22:57 ⚠️  Restarting Master Control Loop...
2025-10-07 09:22:57 ✅ Restart command issued
2025-10-07 09:23:57 ❌ Restart required: dead process (PID 4296 not found)
2025-10-07 09:23:57 ⚠️  Restarting Master Control Loop...
2025-10-07 09:23:57 ✅ Restart command issued
2025-10-07 09:24:57 ✅ Heartbeat OK — PID 191, 0s old
2025-10-07 09:25:57 ❌ Restart required: dead process (PID 4497 not found)
2025-10-07 09:25:57 ⚠️  Restarting Master Control Loop...
2025-10-07 09:25:57 ✅ Restart command issued
2025-10-07 09:26:57 ❌ Restart required: dead process (PID 4477 not found)
2025-10-07 09:26:57 ⚠️  Restarting Master Control Loop...
2025-10-07 09:26:57 ✅ Restart command issued
2025-10-07 09:27:57 ✅ Heartbeat OK — PID 193, 0s old
2025-10-07 09:28:57 ✅ Heartbeat OK — PID 193, 0s old
2025-10-07 09:29:57 ✅ Heartbeat OK — PID 194, 0s old
2025-10-07 09:30:57 ✅ Heartbeat OK — PID 194, 0s old
2025-10-07 09:31:57 ❌ Restart required: dead process (PID 4405 not found)
2025-10-07 09:31:57 ⚠️  Restarting Master Control Loop...
2025-10-07 09:31:57 ✅ Restart command issued
2025-10-07 09:32:57 ❌ Restart required: dead process (PID 4479 not found)
2025-10-07 09:32:57 ⚠️  Restarting Master Control Loop...
2025-10-07 09:32:57 ✅ Restart command issued
2025-10-07 09:33:57 ❌ Restart required: dead process (PID 4479 not found)
2025-10-07 09:33:57 ⚠️  Restarting Master Control Loop...
2025-10-07 09:33:57 ✅ Restart command issued
2025-10-07 09:34:57 ✅ Heartbeat OK — PID 82, 0s old
2025-10-07 09:35:58 ❌ Restart required: dead process (PID 4267 not found)
2025-10-07 09:35:58 ⚠️  Restarting Master Control Loop...
2025-10-07 09:35:58 ✅ Restart command issued
2025-10-07 09:36:58 ✅ Heartbeat OK — PID 197, 0s old
2025-10-07 09:37:58 ❌ Restart required: dead process (PID 4504 not found)
2025-10-07 09:37:58 ⚠️  Restarting Master Control Loop...
2025-10-07 09:37:58 ✅ Restart command issued
2025-10-07 09:38:58 ✅ Heartbeat OK — PID 198, 0s old
2025-10-07 09:39:58 ✅ Heartbeat OK — PID 198, 0s old
2025-10-07 09:40:58 ❌ Restart required: dead process (PID 4467 not found)
2025-10-07 09:40:58 ⚠️  Restarting Master Control Loop...
2025-10-07 09:40:58 ✅ Restart command issued
2025-10-07 09:41:58 ❌ Restart required: dead process (PID 4298 not found)
2025-10-07 09:41:58 ⚠️  Restarting Master Control Loop...
2025-10-07 09:41:58 ✅ Restart command issued
2025-10-07 09:42:58 ❌ Restart required: dead process (PID 4487 not found)
2025-10-07 09:42:58 ⚠️  Restarting Master Control Loop...
2025-10-07 09:42:58 ✅ Restart command issued
2025-10-07 09:43:58 ❌ Restart required: dead process (PID 4487 not found)
2025-10-07 09:43:58 ⚠️  Restarting Master Control Loop...
2025-10-07 09:43:58 ✅ Restart command issued
2025-10-07 09:44:58 ✅ Heartbeat OK — PID 202, 0s old
2025-10-07 09:45:58 ❌ Restart required: dead process (PID 4487 not found)
2025-10-07 09:45:58 ⚠️  Restarting Master Control Loop...
2025-10-07 09:45:58 ✅ Restart command issued
2025-10-07 09:46:58 ✅ Heartbeat OK — PID 203, 0s old
2025-10-07 09:47:58 ✅ Heartbeat OK — PID 203, 0s old
2025-10-07 09:48:58 ✅ Heartbeat OK — PID 204, 0s old
2025-10-07 09:49:58 ❌ Restart required: dead process (PID 4473 not found)
2025-10-07 09:49:58 ⚠️  Restarting Master Control Loop...
2025-10-07 09:49:58 ✅ Restart command issued
2025-10-07 09:50:59 ❌ Restart required: dead process (PID 4445 not found)
2025-10-07 09:50:59 ⚠️  Restarting Master Control Loop...
2025-10-07 09:50:59 ✅ Restart command issued
2025-10-07 09:51:59 ❌ Restart required: dead process (PID 4467 not found)
2025-10-07 09:51:59 ⚠️  Restarting Master Control Loop...
2025-10-07 09:51:59 ✅ Restart command issued
2025-10-07 09:52:59 ❌ Restart required: dead process (PID 4505 not found)
2025-10-07 09:52:59 ⚠️  Restarting Master Control Loop...
2025-10-07 09:52:59 ✅ Restart command issued
2025-10-07 09:53:59 ❌ Restart required: dead process (PID 4449 not found)
2025-10-07 09:53:59 ⚠️  Restarting Master Control Loop...
2025-10-07 09:53:59 ✅ Restart command issued
2025-10-07 09:54:59 ❌ Restart required: dead process (PID 4449 not found)
2025-10-07 09:54:59 ⚠️  Restarting Master Control Loop...
2025-10-07 09:54:59 ✅ Restart command issued
2025-10-07 09:55:59 [WARN] Could not read heartbeat: Extra data: line 1 column 69 (char 68)
2025-10-07 09:55:59 ❌ Restart required: missing heartbeat file
2025-10-07 09:55:59 ⚠️  Restarting Master Control Loop...
2025-10-07 09:55:59 ✅ Restart command issued
2025-10-07 09:56:59 ✅ Heartbeat OK — PID 210, 0s old
2025-10-07 09:57:59 ✅ Heartbeat OK — PID 210, 0s old
2025-10-07 09:58:59 ❌ Restart required: dead process (PID 4469 not found)
2025-10-07 09:58:59 ⚠️  Restarting Master Control Loop...
2025-10-07 09:58:59 ✅ Restart command issued
2025-10-07 09:59:59 ❌ Restart required: dead process (PID 4392 not found)
2025-10-07 09:59:59 ⚠️  Restarting Master Control Loop...
2025-10-07 09:59:59 ✅ Restart command issued
2025-10-07 10:00:59 ❌ Restart required: dead process (PID 4450 not found)
2025-10-07 10:00:59 ⚠️  Restarting Master Control Loop...
2025-10-07 10:01:00 ✅ Restart command issued
2025-10-07 10:02:00 ❌ Restart required: dead process (PID 4422 not found)
2025-10-07 10:02:00 ⚠️  Restarting Master Control Loop...
2025-10-07 10:02:00 ✅ Restart command issued
2025-10-07 10:03:00 ✅ Heartbeat OK — PID 213, 0s old
2025-10-07 10:04:00 ✅ Heartbeat OK — PID 212, 0s old
2025-10-07 10:05:00 ❌ Restart required: dead process (PID 4443 not found)
2025-10-07 10:05:00 ⚠️  Restarting Master Control Loop...
2025-10-07 10:05:00 ✅ Restart command issued
2025-10-07 10:06:00 ❌ Restart required: dead process (PID 4459 not found)
2025-10-07 10:06:00 ⚠️  Restarting Master Control Loop...
2025-10-07 10:06:00 ✅ Restart command issued
2025-10-07 10:07:00 ✅ Heartbeat OK — PID 216, 0s old
2025-10-07 10:08:00 ✅ Heartbeat OK — PID 216, 0s old
2025-10-07 10:09:00 ✅ Heartbeat OK — PID 88, 0s old
2025-10-07 10:10:00 ✅ Heartbeat OK — PID 88, 0s old
2025-10-07 10:11:00 ❌ Restart required: dead process (PID 4377 not found)
2025-10-07 10:11:00 ⚠️  Restarting Master Control Loop...
2025-10-07 10:11:00 ✅ Restart command issued
2025-10-07 10:12:00 ❌ Restart required: dead process (PID 4407 not found)
2025-10-07 10:12:00 ⚠️  Restarting Master Control Loop...
2025-10-07 10:12:00 ✅ Restart command issued
2025-10-07 10:13:01 ❌ Restart required: dead process (PID 4455 not found)
2025-10-07 10:13:01 ⚠️  Restarting Master Control Loop...
2025-10-07 10:13:01 ✅ Restart command issued
2025-10-07 10:14:01 ❌ Restart required: dead process (PID 4455 not found)
2025-10-07 10:14:01 ⚠️  Restarting Master Control Loop...
2025-10-07 10:14:01 ✅ Restart command issued
2025-10-07 10:15:01 ✅ Heartbeat OK — PID 220, 0s old
2025-10-07 10:16:01 ✅ Heartbeat OK — PID 221, 0s old
2025-10-07 10:17:01 ✅ Heartbeat OK — PID 221, 0s old
2025-10-07 10:18:01 ✅ Heartbeat OK — PID 221, 0s old
2025-10-07 10:19:01 ❌ Restart required: dead process (PID 4474 not found)
2025-10-07 10:19:01 ⚠️  Restarting Master Control Loop...
2025-10-07 10:19:01 ✅ Restart command issued
2025-10-07 10:20:01 ❌ Restart required: dead process (PID 4410 not found)
2025-10-07 10:20:01 ⚠️  Restarting Master Control Loop...
2025-10-07 10:20:01 ✅ Restart command issued
2025-10-07 10:21:01 ❌ Restart required: dead process (PID 4082 not found)
2025-10-07 10:21:01 ⚠️  Restarting Master Control Loop...
2025-10-07 10:21:01 ✅ Restart command issued
2025-10-07 10:22:01 [WARN] Could not read heartbeat: [Errno 2] No such file or directory: '/home/rafa1215/consensus-project/memory/logs/system/master_control_heartbeat.json'
2025-10-07 10:22:01 ❌ Restart required: missing heartbeat file
2025-10-07 10:22:01 ⚠️  Restarting Master Control Loop...
2025-10-07 10:22:01 ✅ Restart command issued
2025-10-07 10:23:01 ✅ Heartbeat OK — PID 224, 0s old
2025-10-07 10:24:01 ❌ Restart required: dead process (PID 4495 not found)
2025-10-07 10:24:01 ⚠️  Restarting Master Control Loop...
2025-10-07 10:24:01 ✅ Restart command issued
2025-10-07 10:25:01 ❌ Restart required: dead process (PID 4407 not found)
2025-10-07 10:25:01 ⚠️  Restarting Master Control Loop...
2025-10-07 10:25:01 ✅ Restart command issued
2025-10-07 10:26:01 ❌ Restart required: dead process (PID 4407 not found)
2025-10-07 10:26:01 ⚠️  Restarting Master Control Loop...
2025-10-07 10:26:02 ✅ Restart command issued
2025-10-07 10:27:02 ❌ Restart required: dead process (PID 4401 not found)
2025-10-07 10:27:02 ⚠️  Restarting Master Control Loop...
2025-10-07 10:27:02 ✅ Restart command issued
2025-10-07 10:28:02 ❌ Restart required: dead process (PID 4455 not found)
2025-10-07 10:28:02 ⚠️  Restarting Master Control Loop...
2025-10-07 10:28:02 ✅ Restart command issued
2025-10-07 10:29:02 ✅ Heartbeat OK — PID 229, 0s old
2025-10-07 10:30:02 ❌ Restart required: dead process (PID 4443 not found)
2025-10-07 10:30:02 ⚠️  Restarting Master Control Loop...
2025-10-07 10:30:02 ✅ Restart command issued
2025-10-07 10:31:02 ❌ Restart required: dead process (PID 4422 not found)
2025-10-07 10:31:02 ⚠️  Restarting Master Control Loop...
2025-10-07 10:31:02 ✅ Restart command issued
2025-10-07 10:32:02 ❌ Restart required: dead process (PID 4403 not found)
2025-10-07 10:32:02 ⚠️  Restarting Master Control Loop...
2025-10-07 10:32:02 ✅ Restart command issued
2025-10-07 10:33:02 ❌ Restart required: dead process (PID 4377 not found)
2025-10-07 10:33:02 ⚠️  Restarting Master Control Loop...
2025-10-07 10:33:02 ✅ Restart command issued
2025-10-07 10:34:02 ✅ Heartbeat OK — PID 230, 0s old
2025-10-07 10:35:02 ❌ Restart required: dead process (PID 4424 not found)
2025-10-07 10:35:02 ⚠️  Restarting Master Control Loop...
2025-10-07 10:35:02 ✅ Restart command issued
2025-10-07 10:36:02 ❌ Restart required: dead process (PID 4082 not found)
2025-10-07 10:36:02 ⚠️  Restarting Master Control Loop...
2025-10-07 10:36:02 ✅ Restart command issued
2025-10-07 10:37:02 ✅ Heartbeat OK — PID 160, 0s old
2025-10-07 10:38:02 ✅ Heartbeat OK — PID 160, 0s old
2025-10-07 10:39:03 ❌ Restart required: dead process (PID 4428 not found)
2025-10-07 10:39:03 ⚠️  Restarting Master Control Loop...
2025-10-07 10:39:03 ✅ Restart command issued
2025-10-07 10:40:03 [WARN] Could not read heartbeat: Extra data: line 1 column 69 (char 68)
2025-10-07 10:40:03 ❌ Restart required: missing heartbeat file
2025-10-07 10:40:03 ⚠️  Restarting Master Control Loop...
2025-10-07 10:40:03 ✅ Restart command issued
2025-10-07 10:41:03 ✅ Heartbeat OK — PID 236, 0s old
2025-10-07 10:42:03 ❌ Restart required: dead process (PID 4255 not found)
2025-10-07 10:42:03 ⚠️  Restarting Master Control Loop...
2025-10-07 10:42:03 ✅ Restart command issued
2025-10-07 10:43:03 ✅ Heartbeat OK — PID 237, 0s old
2025-10-07 10:44:03 ✅ Heartbeat OK — PID 237, 0s old
2025-10-07 10:45:03 ✅ Heartbeat OK — PID 237, 0s old
2025-10-07 10:46:03 ✅ Heartbeat OK — PID 239, 0s old
2025-10-07 10:47:03 ✅ Heartbeat OK — PID 86, 0s old
2025-10-07 10:48:03 ✅ Heartbeat OK — PID 237, 0s old
2025-10-07 10:49:03 ✅ Heartbeat OK — PID 237, 0s old
2025-10-07 10:50:03 ❌ Restart required: dead process (PID 4480 not found)
2025-10-07 10:50:03 ⚠️  Restarting Master Control Loop...
2025-10-07 10:50:03 ✅ Restart command issued
2025-10-07 10:51:03 ❌ Restart required: dead process (PID 4480 not found)
2025-10-07 10:51:03 ⚠️  Restarting Master Control Loop...
2025-10-07 10:51:03 ✅ Restart command issued
2025-10-07 10:52:04 ✅ Heartbeat OK — PID 240, 0s old
2025-10-07 10:53:04 ✅ Heartbeat OK — PID 240, 0s old
2025-10-07 10:54:04 ✅ Heartbeat OK — PID 240, 0s old
2025-10-07 10:55:04 ✅ Heartbeat OK — PID 240, 0s old
2025-10-07 10:56:04 ✅ Heartbeat OK — PID 240, 0s old
2025-10-07 10:57:04 ✅ Heartbeat OK — PID 94, 0s old
2025-10-07 10:58:04 ✅ Heartbeat OK — PID 94, 0s old
2025-10-07 10:59:04 ❌ Restart required: dead process (PID 4377 not found)
2025-10-07 10:59:04 ⚠️  Restarting Master Control Loop...
2025-10-07 10:59:04 ✅ Restart command issued
2025-10-07 11:00:04 ❌ Restart required: dead process (PID 4377 not found)
2025-10-07 11:00:04 ⚠️  Restarting Master Control Loop...
2025-10-07 11:00:04 ✅ Restart command issued
2025-10-07 11:01:04 ✅ Heartbeat OK — PID 123, 0s old
2025-10-07 11:02:04 ❌ Restart required: dead process (PID 4397 not found)
2025-10-07 11:02:04 ⚠️  Restarting Master Control Loop...
2025-10-07 11:02:04 ✅ Restart command issued
2025-10-07 11:03:04 ❌ Restart required: dead process (PID 4423 not found)
2025-10-07 11:03:04 ⚠️  Restarting Master Control Loop...
2025-10-07 11:03:04 ✅ Restart command issued
2025-10-07 11:04:04 ✅ Heartbeat OK — PID 239, 0s old
2025-10-07 11:05:05 ✅ Heartbeat OK — PID 144, 0s old
2025-10-07 11:06:05 ✅ Heartbeat OK — PID 245, 0s old
2025-10-07 11:07:05 ❌ Restart required: dead process (PID 4423 not found)
2025-10-07 11:07:05 ⚠️  Restarting Master Control Loop...
2025-10-07 11:07:05 ✅ Restart command issued
2025-10-07 11:08:05 ❌ Restart required: dead process (PID 4152 not found)
2025-10-07 11:08:05 ⚠️  Restarting Master Control Loop...
2025-10-07 11:08:05 ✅ Restart command issued
2025-10-07 11:09:05 ❌ Restart required: dead process (PID 4152 not found)
2025-10-07 11:09:05 ⚠️  Restarting Master Control Loop...
2025-10-07 11:09:05 ✅ Restart command issued
2025-10-07 11:10:05 ✅ Heartbeat OK — PID 244, 0s old
2025-10-07 11:11:05 ✅ Heartbeat OK — PID 244, 0s old
2025-10-07 11:12:05 ✅ Heartbeat OK — PID 244, 0s old
2025-10-07 11:13:05 ✅ Heartbeat OK — PID 52, 0s old
2025-10-07 11:14:05 ✅ Heartbeat OK — PID 52, 0s old
2025-10-07 11:15:05 ✅ Heartbeat OK — PID 52, 0s old
2025-10-07 11:16:05 ❌ Restart required: dead process (PID 4455 not found)
2025-10-07 11:16:05 ⚠️  Restarting Master Control Loop...
2025-10-07 11:16:05 ✅ Restart command issued
2025-10-07 11:17:05 ❌ Restart required: dead process (PID 4455 not found)
2025-10-07 11:17:05 ⚠️  Restarting Master Control Loop...
2025-10-07 11:17:05 ✅ Restart command issued
2025-10-07 11:18:05 ❌ Restart required: dead process (PID 4455 not found)
2025-10-07 11:18:05 ⚠️  Restarting Master Control Loop...
2025-10-07 11:18:05 ✅ Restart command issued
2025-10-07 11:19:05 ✅ Heartbeat OK — PID 94, 0s old
2025-10-07 11:20:06 ✅ Heartbeat OK — PID 86, 0s old
2025-10-07 11:21:06 ✅ Heartbeat OK — PID 251, 0s old
2025-10-07 11:22:06 ✅ Heartbeat OK — PID 236, 0s old
2025-10-07 11:23:06 ❌ Restart required: dead process (PID 4412 not found)
2025-10-07 11:23:06 ⚠️  Restarting Master Control Loop...
2025-10-07 11:23:06 ✅ Restart command issued
2025-10-07 11:24:06 ❌ Restart required: dead process (PID 4472 not found)
2025-10-07 11:24:06 ⚠️  Restarting Master Control Loop...
2025-10-07 11:24:06 ✅ Restart command issued
2025-10-07 11:25:06 ❌ Restart required: dead process (PID 4272 not found)
2025-10-07 11:25:06 ⚠️  Restarting Master Control Loop...
2025-10-07 11:25:06 ✅ Restart command issued
2025-10-07 11:26:06 ✅ Heartbeat OK — PID 181, 0s old
2025-10-07 11:27:06 ❌ Restart required: dead process (PID 4395 not found)
2025-10-07 11:27:06 ⚠️  Restarting Master Control Loop...
2025-10-07 11:27:06 ✅ Restart command issued
2025-10-07 11:28:06 ❌ Restart required: dead process (PID 4428 not found)
2025-10-07 11:28:06 ⚠️  Restarting Master Control Loop...
2025-10-07 11:28:06 ✅ Restart command issued
2025-10-07 11:29:06 ❌ Restart required: dead process (PID 4407 not found)
2025-10-07 11:29:06 ⚠️  Restarting Master Control Loop...
2025-10-07 11:29:06 ✅ Restart command issued
2025-10-07 11:30:06 ✅ Heartbeat OK — PID 256, 0s old
2025-10-07 11:31:06 [WARN] Could not read heartbeat: Extra data: line 1 column 69 (char 68)
2025-10-07 11:31:06 ❌ Restart required: missing heartbeat file
2025-10-07 11:31:06 ⚠️  Restarting Master Control Loop...
2025-10-07 11:31:06 ✅ Restart command issued
2025-10-07 11:32:06 ❌ Restart required: dead process (PID 4377 not found)
2025-10-07 11:32:06 ⚠️  Restarting Master Control Loop...
2025-10-07 11:32:06 ✅ Restart command issued
2025-10-07 11:33:07 ❌ Restart required: dead process (PID 4448 not found)
2025-10-07 11:33:07 ⚠️  Restarting Master Control Loop...
2025-10-07 11:33:07 ✅ Restart command issued
2025-10-07 11:34:07 ❌ Restart required: dead process (PID 4448 not found)
2025-10-07 11:34:07 ⚠️  Restarting Master Control Loop...
2025-10-07 11:34:07 ✅ Restart command issued
2025-10-07 11:35:07 ❌ Restart required: dead process (PID 4448 not found)
2025-10-07 11:35:07 ⚠️  Restarting Master Control Loop...
2025-10-07 11:35:07 ✅ Restart command issued
2025-10-07 11:36:07 ✅ Heartbeat OK — PID 261, 0s old
2025-10-07 11:37:07 ❌ Restart required: dead process (PID 4178 not found)
2025-10-07 11:37:07 ⚠️  Restarting Master Control Loop...
2025-10-07 11:37:07 ✅ Restart command issued
2025-10-07 11:38:07 ❌ Restart required: dead process (PID 4249 not found)
2025-10-07 11:38:07 ⚠️  Restarting Master Control Loop...
2025-10-07 11:38:07 ✅ Restart command issued
2025-10-07 11:39:07 ✅ Heartbeat OK — PID 263, 0s old
2025-10-07 11:40:07 ✅ Heartbeat OK — PID 263, 0s old
2025-10-07 11:41:07 ✅ Heartbeat OK — PID 263, 0s old
2025-10-07 11:42:07 [WARN] Could not read heartbeat: Expecting value: line 1 column 1 (char 0)
2025-10-07 11:42:07 ❌ Restart required: missing heartbeat file
2025-10-07 11:42:07 ⚠️  Restarting Master Control Loop...
2025-10-07 11:42:07 ✅ Restart command issued
2025-10-07 11:43:07 ❌ Restart required: dead process (PID 4147 not found)
2025-10-07 11:43:07 ⚠️  Restarting Master Control Loop...
2025-10-07 11:43:07 ✅ Restart command issued
2025-10-07 11:44:07 ❌ Restart required: dead process (PID 4443 not found)
2025-10-07 11:44:07 ⚠️  Restarting Master Control Loop...
2025-10-07 11:44:07 ✅ Restart command issued
2025-10-07 11:45:07 [WARN] Could not read heartbeat: Extra data: line 1 column 69 (char 68)
2025-10-07 11:45:07 ❌ Restart required: missing heartbeat file
2025-10-07 11:45:07 ⚠️  Restarting Master Control Loop...
2025-10-07 11:45:07 ✅ Restart command issued
2025-10-07 11:46:08 ❌ Restart required: dead process (PID 4459 not found)
2025-10-07 11:46:08 ⚠️  Restarting Master Control Loop...
2025-10-07 11:46:08 ✅ Restart command issued
2025-10-07 11:47:08 ❌ Restart required: dead process (PID 4459 not found)
2025-10-07 11:47:08 ⚠️  Restarting Master Control Loop...
2025-10-07 11:47:08 ✅ Restart command issued
2025-10-07 11:48:08 ❌ Restart required: dead process (PID 4502 not found)
2025-10-07 11:48:08 ⚠️  Restarting Master Control Loop...
2025-10-07 11:48:08 ✅ Restart command issued
2025-10-07 11:49:08 ✅ Heartbeat OK — PID 270, 0s old
2025-10-07 11:50:08 ❌ Restart required: dead process (PID 4389 not found)
2025-10-07 11:50:08 ⚠️  Restarting Master Control Loop...
2025-10-07 11:50:08 ✅ Restart command issued
2025-10-07 11:51:08 ✅ Heartbeat OK — PID 271, 0s old
2025-10-07 11:52:08 ✅ Heartbeat OK — PID 177, 0s old
2025-10-07 11:53:08 ✅ Heartbeat OK — PID 268, 0s old
2025-10-07 11:54:08 ✅ Heartbeat OK — PID 268, 0s old
2025-10-07 11:55:08 ✅ Heartbeat OK — PID 268, 0s old
2025-10-07 11:56:08 ✅ Heartbeat OK — PID 128, 0s old
2025-10-07 11:57:08 ✅ Heartbeat OK — PID 128, 0s old
2025-10-07 11:58:08 ✅ Heartbeat OK — PID 96, 0s old
2025-10-07 11:59:08 ✅ Heartbeat OK — PID 96, 0s old
2025-10-07 12:00:09 ✅ Heartbeat OK — PID 176, 0s old
2025-10-07 12:01:09 ✅ Heartbeat OK — PID 96, 0s old
2025-10-07 12:02:09 ✅ Heartbeat OK — PID 262, 1s old
2025-10-07 12:03:10 ✅ Heartbeat OK — PID 272, 1s old
2025-10-07 12:04:10 ✅ Heartbeat OK — PID 272, 1s old
2025-10-07 12:05:10 ✅ Heartbeat OK — PID 272, 1s old
2025-10-07 12:06:10 ✅ Heartbeat OK — PID 272, 0s old
2025-10-07 12:07:10 ✅ Heartbeat OK — PID 264, 0s old
2025-10-07 12:08:10 ✅ Heartbeat OK — PID 264, 0s old
2025-10-07 12:09:10 ✅ Heartbeat OK — PID 262, 0s old
2025-10-07 12:10:10 ✅ Heartbeat OK — PID 271, 0s old
2025-10-07 12:11:10 ✅ Heartbeat OK — PID 271, 0s old
2025-10-07 12:12:10 ✅ Heartbeat OK — PID 265, 0s old
2025-10-07 12:13:10 ✅ Heartbeat OK — PID 265, 0s old
2025-10-07 12:14:10 ✅ Heartbeat OK — PID 269, 0s old
2025-10-07 12:15:10 ✅ Heartbeat OK — PID 269, 0s old
2025-10-07 12:16:10 ✅ Heartbeat OK — PID 269, 0s old
2025-10-07 12:17:11 ✅ Heartbeat OK — PID 269, 1s old
2025-10-07 12:18:11 ✅ Heartbeat OK — PID 266, 0s old
2025-10-07 12:19:11 ✅ Heartbeat OK — PID 266, 0s old
2025-10-07 12:20:11 ✅ Heartbeat OK — PID 50, 0s old
2025-10-07 12:21:11 [WARN] Could not read heartbeat: Extra data: line 1 column 68 (char 67)
2025-10-07 12:21:11 ❌ Restart required: missing heartbeat file
2025-10-07 12:21:11 ⚠️  Restarting Master Control Loop...
2025-10-07 12:21:11 ✅ Restart command issued
2025-10-07 12:22:11 ❌ Restart required: dead process (PID 4461 not found)
2025-10-07 12:22:11 ⚠️  Restarting Master Control Loop...
2025-10-07 12:22:11 ✅ Restart command issued
2025-10-07 12:23:11 [WARN] Could not read heartbeat: Expecting value: line 1 column 1 (char 0)
2025-10-07 12:23:11 ❌ Restart required: missing heartbeat file
2025-10-07 12:23:11 ⚠️  Restarting Master Control Loop...
2025-10-07 12:23:11 ✅ Restart command issued
2025-10-07 12:24:11 ❌ Restart required: dead process (PID 4443 not found)
2025-10-07 12:24:11 ⚠️  Restarting Master Control Loop...
2025-10-07 12:24:11 ✅ Restart command issued
2025-10-07 12:25:11 ❌ Restart required: dead process (PID 4392 not found)
2025-10-07 12:25:11 ⚠️  Restarting Master Control Loop...
2025-10-07 12:25:11 ✅ Restart command issued
2025-10-07 12:26:11 ✅ Heartbeat OK — PID 275, 0s old
2025-10-07 12:27:11 ✅ Heartbeat OK — PID 111, 0s old
2025-10-07 12:28:11 ✅ Heartbeat OK — PID 276, 0s old
2025-10-07 12:29:11 ✅ Heartbeat OK — PID 276, 0s old
2025-10-07 12:30:11 ✅ Heartbeat OK — PID 166, 0s old
2025-10-07 12:31:12 ✅ Heartbeat OK — PID 166, 1s old
2025-10-07 12:32:12 ❌ Restart required: dead process (PID 4288 not found)
2025-10-07 12:32:12 ⚠️  Restarting Master Control Loop...
2025-10-07 12:32:12 ✅ Restart command issued
2025-10-07 12:33:12 ❌ Restart required: dead process (PID 4389 not found)
2025-10-07 12:33:12 ⚠️  Restarting Master Control Loop...
2025-10-07 12:33:12 ✅ Restart command issued
2025-10-07 12:34:12 [WARN] Could not read heartbeat: Extra data: line 1 column 68 (char 67)
2025-10-07 12:34:12 ❌ Restart required: missing heartbeat file
2025-10-07 12:34:12 ⚠️  Restarting Master Control Loop...
2025-10-07 12:34:12 ✅ Restart command issued
2025-10-07 12:35:12 ✅ Heartbeat OK — PID 128, 0s old
2025-10-07 12:36:12 [WARN] Could not read heartbeat: Extra data: line 1 column 68 (char 67)
2025-10-07 12:36:12 ❌ Restart required: missing heartbeat file
2025-10-07 12:36:12 ⚠️  Restarting Master Control Loop...
2025-10-07 12:36:12 ✅ Restart command issued
2025-10-07 12:37:12 ✅ Heartbeat OK — PID 279, 0s old
2025-10-07 12:38:12 ✅ Heartbeat OK — PID 281, 0s old
2025-10-07 12:39:12 ✅ Heartbeat OK — PID 281, 0s old
2025-10-07 12:40:12 ✅ Heartbeat OK — PID 281, 0s old
2025-10-07 12:41:12 ✅ Heartbeat OK — PID 281, 0s old
2025-10-07 12:42:12 ✅ Heartbeat OK — PID 281, 0s old
2025-10-07 12:43:12 ✅ Heartbeat OK — PID 281, 0s old
2025-10-07 12:44:12 ✅ Heartbeat OK — PID 281, 0s old
2025-10-07 12:45:12 ✅ Heartbeat OK — PID 49, 0s old
2025-10-07 12:46:13 ✅ Heartbeat OK — PID 49, 1s old
2025-10-07 12:47:13 ✅ Heartbeat OK — PID 49, 0s old
2025-10-07 12:48:13 ✅ Heartbeat OK — PID 143, 0s old
2025-10-07 12:49:13 ✅ Heartbeat OK — PID 143, 0s old
2025-10-07 12:50:13 ✅ Heartbeat OK — PID 143, 0s old
2025-10-07 12:51:13 ✅ Heartbeat OK — PID 143, 0s old
2025-10-07 12:52:13 ✅ Heartbeat OK — PID 143, 0s old
2025-10-07 12:53:13 ✅ Heartbeat OK — PID 143, 0s old
2025-10-07 12:54:13 ✅ Heartbeat OK — PID 139, 0s old
2025-10-07 12:55:13 ✅ Heartbeat OK — PID 139, 0s old
2025-10-07 12:56:13 ✅ Heartbeat OK — PID 51, 0s old
2025-10-07 12:57:13 ✅ Heartbeat OK — PID 51, 0s old
2025-10-07 12:58:13 ✅ Heartbeat OK — PID 51, 0s old
2025-10-07 12:59:13 ✅ Heartbeat OK — PID 51, 0s old
2025-10-07 13:00:13 ✅ Heartbeat OK — PID 51, 0s old
2025-10-07 13:01:14 ✅ Heartbeat OK — PID 51, 1s old
2025-10-07 13:02:14 ✅ Heartbeat OK — PID 51, 1s old
2025-10-07 13:03:14 ✅ Heartbeat OK — PID 51, 1s old
2025-10-07 13:04:14 ✅ Heartbeat OK — PID 51, 0s old
2025-10-07 13:05:14 ✅ Heartbeat OK — PID 51, 0s old
2025-10-07 13:06:14 ✅ Heartbeat OK — PID 51, 0s old
2025-10-07 13:07:14 ✅ Heartbeat OK — PID 51, 0s old
2025-10-07 13:08:14 ✅ Heartbeat OK — PID 51, 0s old
2025-10-07 13:09:14 ✅ Heartbeat OK — PID 51, 0s old
2025-10-07 13:10:14 ✅ Heartbeat OK — PID 51, 0s old
2025-10-07 13:11:14 ✅ Heartbeat OK — PID 51, 0s old
2025-10-07 13:12:14 ✅ Heartbeat OK — PID 51, 0s old
2025-10-07 13:13:14 ✅ Heartbeat OK — PID 51, 0s old
2025-10-07 13:14:14 ✅ Heartbeat OK — PID 51, 0s old
2025-10-07 13:15:14 ✅ Heartbeat OK — PID 149, 0s old
2025-10-07 13:16:14 ✅ Heartbeat OK — PID 149, 0s old
2025-10-07 13:17:15 ✅ Heartbeat OK — PID 149, 1s old
2025-10-07 13:18:15 ✅ Heartbeat OK — PID 149, 1s old
2025-10-07 13:19:15 ✅ Heartbeat OK — PID 149, 1s old
2025-10-07 13:20:15 ✅ Heartbeat OK — PID 149, 1s old
2025-10-07 13:21:15 ✅ Heartbeat OK — PID 149, 1s old
2025-10-07 13:22:15 ✅ Heartbeat OK — PID 1, 0s old
2025-10-07 13:23:15 ✅ Heartbeat OK — PID 117, 0s old
2025-10-07 13:24:15 ✅ Heartbeat OK — PID 117, 0s old
2025-10-07 13:25:15 ✅ Heartbeat OK — PID 117, 0s old
2025-10-07 13:26:15 ✅ Heartbeat OK — PID 117, 0s old
2025-10-07 13:27:15 ✅ Heartbeat OK — PID 117, 0s old
2025-10-07 13:28:15 ✅ Heartbeat OK — PID 117, 0s old
2025-10-07 13:29:15 ✅ Heartbeat OK — PID 117, 0s old
2025-10-07 13:30:15 ❌ Restart required: dead process (PID 4145 not found)
2025-10-07 13:30:15 ⚠️  Restarting Master Control Loop...
2025-10-07 13:30:15 ✅ Restart command issued
2025-10-07 13:31:15 ❌ Restart required: dead process (PID 4145 not found)
2025-10-07 13:31:15 ⚠️  Restarting Master Control Loop...
2025-10-07 13:31:15 ✅ Restart command issued
2025-10-07 13:32:16 ❌ Restart required: dead process (PID 4497 not found)
2025-10-07 13:32:16 ⚠️  Restarting Master Control Loop...
2025-10-07 13:32:16 ✅ Restart command issued
2025-10-07 13:33:16 ❌ Restart required: dead process (PID 4503 not found)
2025-10-07 13:33:16 ⚠️  Restarting Master Control Loop...
2025-10-07 13:33:16 ✅ Restart command issued
2025-10-07 13:34:16 ✅ Heartbeat OK — PID 283, 0s old
2025-10-07 13:35:16 ✅ Heartbeat OK — PID 284, 0s old
2025-10-07 13:36:16 ❌ Restart required: dead process (PID 4499 not found)
2025-10-07 13:36:16 ⚠️  Restarting Master Control Loop...
2025-10-07 13:36:16 ✅ Restart command issued
2025-10-07 13:37:16 ❌ Restart required: dead process (PID 4499 not found)
2025-10-07 13:37:16 ⚠️  Restarting Master Control Loop...
2025-10-07 13:37:16 ✅ Restart command issued
2025-10-07 13:38:16 ✅ Heartbeat OK — PID 286, 0s old
2025-10-07 13:39:16 ✅ Heartbeat OK — PID 286, 0s old
2025-10-07 13:40:16 ✅ Heartbeat OK — PID 287, 0s old
2025-10-07 13:41:16 ✅ Heartbeat OK — PID 287, 0s old
2025-10-07 13:42:16 ✅ Heartbeat OK — PID 287, 0s old
2025-10-07 13:43:16 ✅ Heartbeat OK — PID 287, 0s old
2025-10-07 13:44:16 ✅ Heartbeat OK — PID 121, 0s old
2025-10-07 13:45:16 ✅ Heartbeat OK — PID 121, 0s old
2025-10-07 13:46:16 ✅ Heartbeat OK — PID 121, 0s old
2025-10-07 13:47:17 ❌ Restart required: dead process (PID 4309 not found)
2025-10-07 13:47:17 ⚠️  Restarting Master Control Loop...
2025-10-07 13:47:17 ✅ Restart command issued
2025-10-07 13:48:17 ✅ Heartbeat OK — PID 142, 0s old
2025-10-07 13:49:17 ✅ Heartbeat OK — PID 122, 0s old
2025-10-07 13:50:17 ✅ Heartbeat OK — PID 288, 0s old
2025-10-07 13:51:17 ✅ Heartbeat OK — PID 55, 0s old
2025-10-07 13:52:17 ✅ Heartbeat OK — PID 46, 0s old
2025-10-07 13:53:17 ✅ Heartbeat OK — PID 46, 0s old
2025-10-07 13:54:17 ✅ Heartbeat OK — PID 46, 0s old
2025-10-07 13:55:17 ✅ Heartbeat OK — PID 46, 0s old
2025-10-07 13:56:17 ✅ Heartbeat OK — PID 282, 0s old
2025-10-07 13:57:17 ✅ Heartbeat OK — PID 282, 0s old
2025-10-07 13:58:17 ❌ Restart required: dead process (PID 4479 not found)
2025-10-07 13:58:17 ⚠️  Restarting Master Control Loop...
2025-10-07 13:58:17 ✅ Restart command issued
2025-10-07 13:59:17 ❌ Restart required: dead process (PID 4502 not found)
2025-10-07 13:59:17 ⚠️  Restarting Master Control Loop...
2025-10-07 13:59:17 ✅ Restart command issued
2025-10-07 14:00:17 ❌ Restart required: dead process (PID 4502 not found)
2025-10-07 14:00:17 ⚠️  Restarting Master Control Loop...
2025-10-07 14:00:17 ✅ Restart command issued
2025-10-07 14:01:18 ❌ Restart required: dead process (PID 4145 not found)
2025-10-07 14:01:18 ⚠️  Restarting Master Control Loop...
2025-10-07 14:01:18 ✅ Restart command issued
2025-10-07 14:02:18 ❌ Restart required: dead process (PID 4507 not found)
2025-10-07 14:02:18 ⚠️  Restarting Master Control Loop...
2025-10-07 14:02:18 ✅ Restart command issued
2025-10-07 14:03:18 ✅ Heartbeat OK — PID 289, 0s old
2025-10-07 14:04:18 ✅ Heartbeat OK — PID 289, 0s old
2025-10-07 14:05:18 ✅ Heartbeat OK — PID 90, 0s old
2025-10-07 14:06:18 ✅ Heartbeat OK — PID 90, 0s old
2025-10-07 14:07:18 ✅ Heartbeat OK — PID 97, 0s old
2025-10-07 14:08:18 ✅ Heartbeat OK — PID 97, 0s old
2025-10-07 14:09:18 ✅ Heartbeat OK — PID 102, 0s old
2025-10-07 14:10:18 ✅ Heartbeat OK — PID 102, 0s old
2025-10-07 14:11:18 ✅ Heartbeat OK — PID 132, 0s old
2025-10-07 14:12:18 ✅ Heartbeat OK — PID 291, 0s old
2025-10-07 14:13:18 ✅ Heartbeat OK — PID 291, 0s old
2025-10-07 14:14:19 ❌ Restart required: dead process (PID 4267 not found)
2025-10-07 14:14:19 ⚠️  Restarting Master Control Loop...
2025-10-07 14:14:19 ✅ Restart command issued
2025-10-07 14:15:19 ❌ Restart required: dead process (PID 4323 not found)
2025-10-07 14:15:19 ⚠️  Restarting Master Control Loop...
2025-10-07 14:15:19 ✅ Restart command issued
2025-10-07 14:16:19 ❌ Restart required: dead process (PID 4499 not found)
2025-10-07 14:16:19 ⚠️  Restarting Master Control Loop...
2025-10-07 14:16:19 ✅ Restart command issued
2025-10-07 14:17:19 ❌ Restart required: dead process (PID 4306 not found)
2025-10-07 14:17:19 ⚠️  Restarting Master Control Loop...
2025-10-07 14:17:19 ✅ Restart command issued
2025-10-07 14:18:19 ❌ Restart required: dead process (PID 4306 not found)
2025-10-07 14:18:19 ⚠️  Restarting Master Control Loop...
2025-10-07 14:18:19 ✅ Restart command issued
2025-10-07 14:19:19 ❌ Restart required: dead process (PID 4483 not found)
2025-10-07 14:19:19 ⚠️  Restarting Master Control Loop...
2025-10-07 14:19:19 ✅ Restart command issued
2025-10-07 14:20:19 ✅ Heartbeat OK — PID 294, 0s old
2025-10-07 14:21:19 ✅ Heartbeat OK — PID 299, 0s old
2025-10-07 14:22:19 ✅ Heartbeat OK — PID 297, 0s old
2025-10-07 14:23:19 ✅ Heartbeat OK — PID 67, 0s old
2025-10-07 14:24:19 ✅ Heartbeat OK — PID 118, 0s old
2025-10-07 14:25:19 ❌ Restart required: dead process (PID 4292 not found)
2025-10-07 14:25:19 ⚠️  Restarting Master Control Loop...
2025-10-07 14:25:19 ✅ Restart command issued
2025-10-07 14:26:19 ❌ Restart required: dead process (PID 4393 not found)
2025-10-07 14:26:19 ⚠️  Restarting Master Control Loop...
2025-10-07 14:26:19 ✅ Restart command issued
2025-10-07 14:27:19 ❌ Restart required: dead process (PID 4309 not found)
2025-10-07 14:27:19 ⚠️  Restarting Master Control Loop...
2025-10-07 14:27:19 ✅ Restart command issued
2025-10-07 14:28:20 ❌ Restart required: dead process (PID 4147 not found)
2025-10-07 14:28:20 ⚠️  Restarting Master Control Loop...
2025-10-07 14:28:20 ✅ Restart command issued
2025-10-07 14:29:20 ✅ Heartbeat OK — PID 301, 0s old
2025-10-07 14:30:20 ✅ Heartbeat OK — PID 100, 0s old
2025-10-07 14:31:20 ✅ Heartbeat OK — PID 99, 0s old
2025-10-07 14:32:20 ✅ Heartbeat OK — PID 65, 0s old
2025-10-07 14:33:20 ✅ Heartbeat OK — PID 125, 0s old
2025-10-07 14:34:20 ✅ Heartbeat OK — PID 125, 0s old
2025-10-07 14:35:20 ❌ Restart required: dead process (PID 4250 not found)
2025-10-07 14:35:20 ⚠️  Restarting Master Control Loop...
2025-10-07 14:35:20 ✅ Restart command issued
2025-10-07 14:36:20 ❌ Restart required: dead process (PID 4503 not found)
2025-10-07 14:36:20 ⚠️  Restarting Master Control Loop...
2025-10-07 14:36:20 ✅ Restart command issued
2025-10-07 14:37:20 ✅ Heartbeat OK — PID 104, 0s old
2025-10-07 14:38:20 ✅ Heartbeat OK — PID 305, 0s old
2025-10-07 14:39:20 ✅ Heartbeat OK — PID 305, 0s old
2025-10-07 14:40:20 ✅ Heartbeat OK — PID 305, 0s old
2025-10-07 14:41:21 ✅ Heartbeat OK — PID 305, 1s old
2025-10-07 14:42:21 ❌ Restart required: dead process (PID 4416 not found)
2025-10-07 14:42:21 ⚠️  Restarting Master Control Loop...
2025-10-07 14:42:21 ✅ Restart command issued
2025-10-07 14:43:21 ❌ Restart required: dead process (PID 4461 not found)
2025-10-07 14:43:21 ⚠️  Restarting Master Control Loop...
2025-10-07 14:43:21 ✅ Restart command issued
2025-10-07 14:44:21 ❌ Restart required: dead process (PID 4461 not found)
2025-10-07 14:44:21 ⚠️  Restarting Master Control Loop...
2025-10-07 14:44:21 ✅ Restart command issued
2025-10-07 14:45:21 ✅ Heartbeat OK — PID 306, 0s old
2025-10-07 14:46:21 [WARN] Could not read heartbeat: Extra data: line 1 column 69 (char 68)
2025-10-07 14:46:21 ❌ Restart required: missing heartbeat file
2025-10-07 14:46:21 ⚠️  Restarting Master Control Loop...
2025-10-07 14:46:21 ✅ Restart command issued
2025-10-07 14:47:21 ✅ Heartbeat OK — PID 83, 0s old
2025-10-07 14:48:21 ✅ Heartbeat OK — PID 83, 0s old
2025-10-07 14:49:21 ✅ Heartbeat OK — PID 309, 0s old
2025-10-07 14:50:21 ✅ Heartbeat OK — PID 77, 0s old
2025-10-07 14:51:21 ✅ Heartbeat OK — PID 53, 0s old
2025-10-07 14:52:21 ❌ Restart required: dead process (PID 4505 not found)
2025-10-07 14:52:21 ⚠️  Restarting Master Control Loop...
2025-10-07 14:52:21 ✅ Restart command issued
2025-10-07 14:53:21 ❌ Restart required: dead process (PID 4252 not found)
2025-10-07 14:53:21 ⚠️  Restarting Master Control Loop...
2025-10-07 14:53:21 ✅ Restart command issued
2025-10-07 14:54:21 ❌ Restart required: dead process (PID 4392 not found)
2025-10-07 14:54:21 ⚠️  Restarting Master Control Loop...
2025-10-07 14:54:21 ✅ Restart command issued
2025-10-07 14:55:22 ✅ Heartbeat OK — PID 73, 0s old
2025-10-07 14:56:22 ✅ Heartbeat OK — PID 120, 0s old
2025-10-07 14:57:22 ✅ Heartbeat OK — PID 312, 0s old
2025-10-07 14:58:22 ✅ Heartbeat OK — PID 80, 0s old
2025-10-07 14:59:22 ✅ Heartbeat OK — PID 80, 0s old
2025-10-07 15:00:22 ✅ Heartbeat OK — PID 312, 0s old
2025-10-07 15:01:22 ✅ Heartbeat OK — PID 310, 0s old
2025-10-07 15:02:22 ✅ Heartbeat OK — PID 310, 0s old
2025-10-07 15:03:22 ✅ Heartbeat OK — PID 310, 0s old
2025-10-07 15:04:22 ✅ Heartbeat OK — PID 310, 0s old
2025-10-07 15:05:22 ✅ Heartbeat OK — PID 311, 0s old
2025-10-07 15:06:22 ❌ Restart required: dead process (PID 4337 not found)
2025-10-07 15:06:22 ⚠️  Restarting Master Control Loop...
2025-10-07 15:06:22 ✅ Restart command issued
2025-10-07 15:07:22 ❌ Restart required: dead process (PID 4337 not found)
2025-10-07 15:07:22 ⚠️  Restarting Master Control Loop...
2025-10-07 15:07:22 ✅ Restart command issued
2025-10-07 15:08:23 ✅ Heartbeat OK — PID 313, 1s old
2025-10-07 15:09:23 ✅ Heartbeat OK — PID 63, 0s old
2025-10-07 15:10:23 ✅ Heartbeat OK — PID 312, 0s old
2025-10-07 15:11:23 ✅ Heartbeat OK — PID 115, 0s old
2025-10-07 15:12:23 [WARN] Could not read heartbeat: Extra data: line 1 column 68 (char 67)
2025-10-07 15:12:23 ❌ Restart required: missing heartbeat file
2025-10-07 15:12:23 ⚠️  Restarting Master Control Loop...
2025-10-07 15:12:23 ✅ Restart command issued
2025-10-07 15:13:23 ✅ Heartbeat OK — PID 70, 0s old
2025-10-07 15:14:23 ✅ Heartbeat OK — PID 115, 0s old
2025-10-07 15:15:23 ✅ Heartbeat OK — PID 315, 0s old
2025-10-07 15:16:23 ✅ Heartbeat OK — PID 54, 0s old
2025-10-07 15:17:23 ❌ Restart required: dead process (PID 4148 not found)
2025-10-07 15:17:23 ⚠️  Restarting Master Control Loop...
2025-10-07 15:17:23 ✅ Restart command issued
2025-10-07 15:18:29 ❌ Restart required: dead process (PID 4298 not found)
2025-10-07 15:18:29 ⚠️  Restarting Master Control Loop...
2025-10-07 15:18:29 ✅ Restart command issued
2025-10-07 15:19:29 ❌ Restart required: dead process (PID 4298 not found)
2025-10-07 15:19:29 ⚠️  Restarting Master Control Loop...
2025-10-07 15:19:29 ✅ Restart command issued
2025-10-07 15:20:29 ❌ Restart required: dead process (PID 4298 not found)
2025-10-07 15:20:29 ⚠️  Restarting Master Control Loop...
2025-10-07 15:20:29 ✅ Restart command issued
2025-10-07 15:21:29 ✅ Heartbeat OK — PID 318, 0s old
2025-10-07 15:22:29 ✅ Heartbeat OK — PID 68, 0s old
2025-10-07 15:23:29 ✅ Heartbeat OK — PID 68, 0s old
2025-10-07 15:24:29 ✅ Heartbeat OK — PID 68, 0s old
2025-10-07 15:25:29 ✅ Heartbeat OK — PID 68, 0s old
2025-10-07 15:26:29 ✅ Heartbeat OK — PID 68, 0s old
2025-10-07 15:27:29 ✅ Heartbeat OK — PID 68, 0s old
2025-10-07 15:28:29 ✅ Heartbeat OK — PID 68, 0s old
2025-10-07 15:29:29 ✅ Heartbeat OK — PID 68, 0s old
2025-10-07 15:30:29 [WARN] Could not read heartbeat: Extra data: line 1 column 68 (char 67)
2025-10-07 15:30:29 ❌ Restart required: missing heartbeat file
2025-10-07 15:30:29 ⚠️  Restarting Master Control Loop...
2025-10-07 15:30:30 ✅ Restart command issued
2025-10-07 15:31:30 ✅ Heartbeat OK — PID 318, 1s old
2025-10-07 15:32:30 [WARN] Could not read heartbeat: Extra data: line 1 column 68 (char 67)
2025-10-07 15:32:30 ❌ Restart required: missing heartbeat file
2025-10-07 15:32:30 ⚠️  Restarting Master Control Loop...
2025-10-07 15:32:30 ✅ Restart command issued
2025-10-07 15:33:30 ✅ Heartbeat OK — PID 318, 1s old
2025-10-07 15:34:30 ✅ Heartbeat OK — PID 318, 1s old
2025-10-07 15:35:30 ✅ Heartbeat OK — PID 321, 0s old
2025-10-07 15:36:30 ✅ Heartbeat OK — PID 321, 0s old
2025-10-07 15:37:30 ✅ Heartbeat OK — PID 321, 0s old
2025-10-07 15:38:30 ✅ Heartbeat OK — PID 321, 0s old
2025-10-07 15:39:30 ✅ Heartbeat OK — PID 321, 0s old
2025-10-07 15:40:30 ✅ Heartbeat OK — PID 321, 0s old
2025-10-07 15:41:30 ✅ Heartbeat OK — PID 321, 0s old
2025-10-07 15:42:30 ✅ Heartbeat OK — PID 321, 0s old
2025-10-07 15:43:30 ✅ Heartbeat OK — PID 321, 0s old
2025-10-07 15:44:30 ✅ Heartbeat OK — PID 321, 0s old
2025-10-07 15:45:30 ✅ Heartbeat OK — PID 321, 0s old
2025-10-07 15:46:30 ✅ Heartbeat OK — PID 321, 0s old
2025-10-07 15:47:31 ✅ Heartbeat OK — PID 321, 1s old
2025-10-07 15:48:31 ✅ Heartbeat OK — PID 321, 1s old
2025-10-07 15:49:31 ✅ Heartbeat OK — PID 321, 1s old
2025-10-07 15:50:31 ✅ Heartbeat OK — PID 321, 1s old
2025-10-07 15:51:31 ✅ Heartbeat OK — PID 320, 0s old
2025-10-07 15:52:31 ✅ Heartbeat OK — PID 320, 0s old
2025-10-07 15:53:31 ✅ Heartbeat OK — PID 320, 0s old
2025-10-07 15:54:31 ✅ Heartbeat OK — PID 320, 0s old
2025-10-07 15:55:31 ✅ Heartbeat OK — PID 320, 0s old
2025-10-07 15:56:31 ✅ Heartbeat OK — PID 320, 0s old
2025-10-07 15:57:31 ✅ Heartbeat OK — PID 320, 0s old
2025-10-07 15:58:31 ✅ Heartbeat OK — PID 320, 0s old
2025-10-07 15:59:31 ✅ Heartbeat OK — PID 320, 0s old
2025-10-07 16:00:31 ✅ Heartbeat OK — PID 320, 0s old
2025-10-07 16:01:32 ✅ Heartbeat OK — PID 321, 1s old
2025-10-07 16:02:32 ✅ Heartbeat OK — PID 321, 0s old
2025-10-07 16:03:32 ✅ Heartbeat OK — PID 321, 0s old
2025-10-07 16:04:32 ✅ Heartbeat OK — PID 321, 0s old
2025-10-07 16:05:32 ✅ Heartbeat OK — PID 321, 0s old
2025-10-07 16:06:32 ✅ Heartbeat OK — PID 68, 0s old
2025-10-07 16:07:32 ✅ Heartbeat OK — PID 68, 0s old
2025-10-07 16:08:32 ✅ Heartbeat OK — PID 68, 0s old
2025-10-07 16:09:32 ✅ Heartbeat OK — PID 68, 0s old
2025-10-07 16:10:32 ✅ Heartbeat OK — PID 68, 0s old
2025-10-07 16:11:32 ✅ Heartbeat OK — PID 68, 0s old
2025-10-07 16:12:32 ✅ Heartbeat OK — PID 68, 0s old
2025-10-07 16:13:32 ✅ Heartbeat OK — PID 68, 0s old
2025-10-07 16:14:32 ✅ Heartbeat OK — PID 68, 0s old
2025-10-07 16:15:33 ✅ Heartbeat OK — PID 68, 1s old
2025-10-07 16:16:33 ✅ Heartbeat OK — PID 68, 1s old
2025-10-07 16:17:33 ✅ Heartbeat OK — PID 68, 1s old
2025-10-07 16:18:33 ✅ Heartbeat OK — PID 68, 1s old
2025-10-07 16:19:33 ✅ Heartbeat OK — PID 68, 1s old
2025-10-07 16:20:33 ✅ Heartbeat OK — PID 68, 1s old
2025-10-07 16:21:33 ✅ Heartbeat OK — PID 68, 1s old
2025-10-07 16:22:33 ✅ Heartbeat OK — PID 68, 1s old
2025-10-07 16:23:33 ✅ Heartbeat OK — PID 68, 1s old
2025-10-07 16:24:33 ✅ Heartbeat OK — PID 68, 1s old
2025-10-07 16:25:33 ✅ Heartbeat OK — PID 68, 1s old
2025-10-07 16:26:33 ✅ Heartbeat OK — PID 68, 1s old
2025-10-07 16:27:33 ✅ Heartbeat OK — PID 68, 1s old
2025-10-07 16:28:33 ✅ Heartbeat OK — PID 68, 1s old
2025-10-07 16:29:33 ✅ Heartbeat OK — PID 68, 1s old
2025-10-07 16:30:34 ✅ Heartbeat OK — PID 68, 1s old
2025-10-07 16:31:34 ✅ Heartbeat OK — PID 68, 1s old
2025-10-07 16:32:34 ✅ Heartbeat OK — PID 68, 1s old
2025-10-07 16:33:34 ✅ Heartbeat OK — PID 68, 1s old
2025-10-07 16:34:34 ✅ Heartbeat OK — PID 68, 1s old
2025-10-07 16:35:34 ✅ Heartbeat OK — PID 68, 1s old
2025-10-07 16:36:34 ✅ Heartbeat OK — PID 68, 1s old
2025-10-07 16:37:34 ✅ Heartbeat OK — PID 68, 1s old
2025-10-07 16:38:34 ✅ Heartbeat OK — PID 68, 1s old
2025-10-07 16:39:34 ✅ Heartbeat OK — PID 68, 1s old
2025-10-07 16:40:34 ✅ Heartbeat OK — PID 68, 1s old
2025-10-07 16:41:34 ✅ Heartbeat OK — PID 68, 1s old
2025-10-07 16:42:34 ✅ Heartbeat OK — PID 68, 1s old
2025-10-07 16:43:34 ✅ Heartbeat OK — PID 68, 1s old
2025-10-07 16:44:34 ✅ Heartbeat OK — PID 68, 1s old
2025-10-07 16:45:34 ✅ Heartbeat OK — PID 68, 1s old
2025-10-07 16:46:35 ✅ Heartbeat OK — PID 68, 2s old
2025-10-07 16:47:35 ✅ Heartbeat OK — PID 68, 2s old
2025-10-07 16:48:35 ✅ Heartbeat OK — PID 68, 2s old
2025-10-07 16:49:35 ✅ Heartbeat OK — PID 68, 2s old
2025-10-07 16:50:35 ✅ Heartbeat OK — PID 68, 2s old
2025-10-07 16:51:35 ✅ Heartbeat OK — PID 68, 2s old
2025-10-07 16:52:35 ✅ Heartbeat OK — PID 68, 2s old
2025-10-07 16:53:35 ✅ Heartbeat OK — PID 68, 2s old
2025-10-07 16:54:35 ✅ Heartbeat OK — PID 68, 2s old
2025-10-07 16:55:35 ✅ Heartbeat OK — PID 68, 2s old
2025-10-07 16:56:35 ✅ Heartbeat OK — PID 68, 2s old
2025-10-07 16:57:35 ✅ Heartbeat OK — PID 68, 2s old
2025-10-07 16:58:35 ✅ Heartbeat OK — PID 68, 2s old
2025-10-07 16:59:35 ✅ Heartbeat OK — PID 68, 2s old
2025-10-07 17:00:35 ✅ Heartbeat OK — PID 68, 2s old
2025-10-07 17:01:36 ✅ Heartbeat OK — PID 68, 2s old
2025-10-07 17:02:36 ✅ Heartbeat OK — PID 68, 2s old
2025-10-07 17:03:36 ✅ Heartbeat OK — PID 68, 2s old
2025-10-07 17:04:36 ✅ Heartbeat OK — PID 68, 2s old
2025-10-07 17:05:36 ✅ Heartbeat OK — PID 68, 2s old
2025-10-07 17:06:36 ✅ Heartbeat OK — PID 68, 2s old
2025-10-07 17:07:36 ✅ Heartbeat OK — PID 68, 2s old
2025-10-07 17:08:36 ✅ Heartbeat OK — PID 68, 2s old
2025-10-07 17:09:36 ✅ Heartbeat OK — PID 68, 2s old
2025-10-07 17:10:36 ✅ Heartbeat OK — PID 68, 2s old
2025-10-07 17:11:36 ✅ Heartbeat OK — PID 68, 2s old
2025-10-07 17:12:36 ✅ Heartbeat OK — PID 68, 2s old
2025-10-07 17:13:36 ✅ Heartbeat OK — PID 68, 2s old
2025-10-07 17:14:37 ✅ Heartbeat OK — PID 68, 3s old
2025-10-07 17:15:37 ✅ Heartbeat OK — PID 68, 3s old
2025-10-07 17:16:37 ✅ Heartbeat OK — PID 68, 3s old
2025-10-07 17:17:37 ✅ Heartbeat OK — PID 68, 3s old
2025-10-07 17:18:37 ✅ Heartbeat OK — PID 68, 3s old
2025-10-07 17:19:37 ✅ Heartbeat OK — PID 68, 3s old
2025-10-07 17:20:37 ✅ Heartbeat OK — PID 68, 3s old
2025-10-07 17:21:37 ✅ Heartbeat OK — PID 68, 3s old
2025-10-07 17:22:37 ✅ Heartbeat OK — PID 68, 3s old
2025-10-07 17:23:37 ✅ Heartbeat OK — PID 68, 2s old
2025-10-07 17:24:37 ✅ Heartbeat OK — PID 68, 2s old
2025-10-07 17:25:37 ✅ Heartbeat OK — PID 68, 2s old
2025-10-07 17:26:37 ✅ Heartbeat OK — PID 68, 2s old
2025-10-07 17:27:37 ✅ Heartbeat OK — PID 68, 2s old
2025-10-07 17:28:37 ✅ Heartbeat OK — PID 68, 2s old
2025-10-07 17:29:38 ✅ Heartbeat OK — PID 64, 6s old
2025-10-07 17:30:38 ✅ Heartbeat OK — PID 64, 6s old
2025-10-07 17:31:38 ✅ Heartbeat OK — PID 64, 6s old
2025-10-07 17:32:38 ✅ Heartbeat OK — PID 64, 6s old
2025-10-07 17:33:38 ✅ Heartbeat OK — PID 64, 6s old
2025-10-07 17:34:38 ✅ Heartbeat OK — PID 64, 6s old
2025-10-07 17:35:38 ✅ Heartbeat OK — PID 64, 6s old
2025-10-07 17:36:38 ✅ Heartbeat OK — PID 64, 6s old
2025-10-07 17:37:38 ✅ Heartbeat OK — PID 64, 6s old
2025-10-07 17:38:38 ✅ Heartbeat OK — PID 64, 6s old
2025-10-07 17:39:38 ✅ Heartbeat OK — PID 64, 6s old
2025-10-07 17:40:38 ✅ Heartbeat OK — PID 64, 6s old
2025-10-07 17:41:38 ✅ Heartbeat OK — PID 64, 6s old
2025-10-07 17:42:38 ✅ Heartbeat OK — PID 54, 6s old
2025-10-07 17:43:38 ✅ Heartbeat OK — PID 54, 6s old
2025-10-07 17:44:39 ✅ Heartbeat OK — PID 54, 6s old
2025-10-07 17:45:39 ✅ Heartbeat OK — PID 54, 6s old
2025-10-07 17:46:39 ✅ Heartbeat OK — PID 54, 6s old
2025-10-07 17:47:39 ✅ Heartbeat OK — PID 54, 6s old
2025-10-07 17:48:39 ✅ Heartbeat OK — PID 54, 6s old
2025-10-07 17:49:39 ✅ Heartbeat OK — PID 54, 6s old
2025-10-07 17:50:39 ✅ Heartbeat OK — PID 54, 6s old
2025-10-07 17:51:39 ✅ Heartbeat OK — PID 54, 6s old
2025-10-07 17:52:39 ✅ Heartbeat OK — PID 54, 6s old
2025-10-07 17:53:39 ✅ Heartbeat OK — PID 54, 6s old
2025-10-07 17:54:39 ✅ Heartbeat OK — PID 54, 6s old
2025-10-07 17:55:39 ✅ Heartbeat OK — PID 54, 6s old
2025-10-07 17:56:39 ✅ Heartbeat OK — PID 54, 6s old
2025-10-07 17:57:39 ✅ Heartbeat OK — PID 54, 6s old
2025-10-07 17:58:39 ✅ Heartbeat OK — PID 54, 6s old
2025-10-07 17:59:40 ✅ Heartbeat OK — PID 54, 7s old
2025-10-07 18:00:40 ✅ Heartbeat OK — PID 54, 7s old
2025-10-07 18:01:40 ✅ Heartbeat OK — PID 54, 7s old
2025-10-07 18:02:40 ✅ Heartbeat OK — PID 54, 7s old
2025-10-07 18:03:40 ✅ Heartbeat OK — PID 54, 7s old
2025-10-07 18:04:40 ✅ Heartbeat OK — PID 54, 6s old
2025-10-07 18:05:40 ✅ Heartbeat OK — PID 54, 6s old
2025-10-07 18:06:40 ✅ Heartbeat OK — PID 54, 6s old
2025-10-07 18:07:40 ✅ Heartbeat OK — PID 54, 6s old
2025-10-07 18:08:40 ✅ Heartbeat OK — PID 54, 6s old
2025-10-07 18:09:40 ✅ Heartbeat OK — PID 54, 6s old
2025-10-07 18:10:41 ✅ Heartbeat OK — PID 54, 7s old
2025-10-07 18:11:41 ✅ Heartbeat OK — PID 54, 7s old
2025-10-07 18:12:41 ✅ Heartbeat OK — PID 47, 8s old
2025-10-07 18:13:41 ✅ Heartbeat OK — PID 47, 8s old
2025-10-07 18:14:41 ✅ Heartbeat OK — PID 47, 8s old
2025-10-07 18:15:41 ✅ Heartbeat OK — PID 47, 8s old
2025-10-07 18:16:41 ✅ Heartbeat OK — PID 47, 8s old
2025-10-07 18:17:41 ✅ Heartbeat OK — PID 47, 8s old
2025-10-07 18:18:41 ✅ Heartbeat OK — PID 47, 8s old
2025-10-07 18:19:41 ✅ Heartbeat OK — PID 47, 7s old
2025-10-07 18:20:41 ✅ Heartbeat OK — PID 47, 7s old
2025-10-07 18:21:41 ✅ Heartbeat OK — PID 47, 7s old
2025-10-07 18:22:41 ✅ Heartbeat OK — PID 47, 7s old
2025-10-07 18:23:41 ✅ Heartbeat OK — PID 47, 7s old
2025-10-07 18:24:41 ✅ Heartbeat OK — PID 47, 7s old
2025-10-07 18:25:42 ✅ Heartbeat OK — PID 47, 8s old
2025-10-07 18:26:42 ✅ Heartbeat OK — PID 1, 6s old
2025-10-07 18:27:42 ✅ Heartbeat OK — PID 1, 6s old
2025-10-07 18:28:42 ✅ Heartbeat OK — PID 1, 6s old
2025-10-07 18:29:42 ✅ Heartbeat OK — PID 1, 6s old
2025-10-07 18:30:42 ✅ Heartbeat OK — PID 1, 6s old
2025-10-07 18:31:42 ✅ Heartbeat OK — PID 1, 6s old
2025-10-07 18:32:42 ✅ Heartbeat OK — PID 1, 6s old
2025-10-07 18:33:42 ✅ Heartbeat OK — PID 1, 6s old
2025-10-07 18:34:42 ✅ Heartbeat OK — PID 1, 6s old
2025-10-07 18:35:42 ✅ Heartbeat OK — PID 1, 6s old
2025-10-07 18:36:42 ✅ Heartbeat OK — PID 1, 6s old
2025-10-07 18:37:42 ✅ Heartbeat OK — PID 1, 6s old
